/* generated by `unisa emit-kernel` -- do not edit.
 * The model: weights, stage dimensions and vocabularies.  The
 * kernel that reads them is in unisa_core.c. [K-5] */

#define S_PP 0
#define S_LEX 1
#define S_PARSE 2
#define S_TYPE 3
#define S_SCOPE 4
#define S_IRSEL 5
#define S_ENC 6
#define S_RELOC 7
#define S_REGMAP 8
#define S_TYINFO 9
#define S_PFCONV 10
#define S_ISEL 11
#define S_ABI 12
#define S_COMBO 13

char *MODEL =
  "\x20\x00\x00\x00\x00\x00\x00\x00\x00\x00\x00\x00\x00\x00\x00\x00\xc0\x01\x00\x00"
  "\x00\x00\x00\x00\x00\x00\x00\x00\x00\x00\x00\x00\x1d\x00\x00\x00\x00\x00\x00\x00"
  "\x01\x00\x00\x00\x00\x00\x00\x00\x02\x00\x00\x00\x00\x00\x00\x00\x01\x00\x00\x00"
  "\x00\x00\x00\x00\x1d\x00\x00\x00\x00\x00\x00\x00\x02\x00\x00\x00\x00\x00\x00\x00"
  "\x02\x00\x00\x00\x00\x00\x00\x00\x02\x00\x00\x00\x00\x00\x00\x00\x06\x00\x00\x00"
  "\x00\x00\x00\x02\x00\x01\x00\x01\x00\x00\x03\x00\x01\x00\x02\x00\x00\x01\x00\x01"
  "\x00\x03\x00\x00\x00\x00\x01\x00\x04\x00\x00\x00\x00\x01\x00\x05\x00\x00\x01\x00"
  "\x01\x00\x80\x09\x00\x00\x00\x00\x00\x00\xf7\x0f\x00\x00\x00\x00\x00\x00\x08\x08"
  "\x00\x00\x00\x00\x00\x00\x00\x00\x00\x00\x00\x00\x00\x00\x01\x02\x00\x00\x00\x00"
  "\x00\x00\x00\x00\x00\x00\x00\x00\x00\x00\x02\x00\x00\x00\x00\x00\x00\x00\x00\x00"
  "\x00\x00\x00\x00\x00\x00\x04\x00\x00\x00\x00\x00\x00\x00\x00\x00\x00\x00\x00\x00"
  "\x00\x00\x10\x00\x00\x00\x00\x00\x00\x00\x00\x00\x00\x00\x00\x00\x00\x00\x20\x00"
  "\x00\x00\x00\x00\x00\x00\x00\x00\x00\x00\x00\x00\x00\x00\x00\x04\x00\x00\x00\x00"
  "\x00\x00\x00\x00\x00\x00\x00\x00\x00\x00\xc0\x01\x00\x00\x00\x00\x00\x00\x3f\x0f"
  "\x00\x00\x00\x00\x00\x00\x40\x00\x00\x00\x00\x00\x00\x00\x40\x00\x00\x00\x00\x00"
  "\x00\x00\x40\x00\x00\x00\x00\x00\x00\x00\x80\x00\x00\x00\x00\x00\x00\x00\x0b\x00"
  "\x00\x00\x00\x00\x00\x08\x00\x02\x00\x01\x00\x00\x03\x00\x01\x00\x02\x00\x00\x00"
  "\x00\x01\x00\x03\x00\x00\x01\x00\x01\x00\x04\x00\x00\x02\x00\x01\x00\x05\x00\x00"
  "\x04\x00\x01\x00\x06\x00\x00\x05\x00\x01\x00\x07\x00\x00\x09\x00\x01\x00\x08\x00"
  "\x00\x08\x00\x01\x00\x09\x00\x00\x07\x00\x01\x00\x0a\x00\x00\x06\x00\x01\x00\x04"
  "\x00\x00\x00\x00\x00\x00\x00\x00\x00\x00\x00\x00\x00\x00\x00\x00\x00\x00\x00\x00"
  "\x00\x00\x00\x00\x00\x00\x00\x00\x00\x00\x00\x02\x00\x00\x00\x00\x00\x00\x00\x00"
  "\x00\x00\x00\x00\x00\x00\x00\x00\x00\x00\x00\x00\x00\x00\x00\x00\x00\x00\x00\x00"
  "\x00\x00\x00\x08\x00\x00\x00\x00\x00\x00\x00\x00\x00\x00\x00\x00\x00\x00\x00\x00"
  "\x00\x00\x00\x00\x00\x00\x00\x00\x00\x00\x00\x00\x00\x00\x00\x01\x00\x00\x00\x00"
  "\x00\x00\x00\x00\x00\x00\x00\x00\x00\x00\x00\x00\x00\x00\x00\x00\x00\x00\x00\x00"
  "\x00\x00\x00\x00\x00\x00\x00\x10\x00\x00\x00\x00\x00\x00\x00\x00\x00\x00\x00\x00"
  "\x00\x00\x00\x00\x00\x00\x00\x00\x00\x00\x00\x00\x00\x00\x00\x00\x00\x00\x00\x00"
  "\x00\x00\x00\x00\x00\x00\x00\x00\x00\x00\x00\x00\x00\x00\x00\x00\x00\x00\x00\x00"
  "\x00\x02\x00\x00\x00\x00\x00\x00\x00\x00\x00\x00\x00\x00\x00\x00\x00\x00\x00\x00"
  "\x00\x00\x00\x00\x00\x00\x00\x00\x00\x10\x00\x00\x00\x00\x00\x00\x00\x00\x00\x00"
  "\x00\x00\x00\x00\x00\x00\x00\x00\x00\x00\x00\x00\x00\x00\x00\x00\x00\x00\x00\x00"
  "\x00\x00\x00\x00\x00\x00\x10\x00\x00\x00\x00\x00\x00\x00\x00\x00\x00\x00\x00\x00"
  "\x00\x00\x00\x00\x00\x00\x00\x00\x00\x00\x00\x00\x40\x00\x00\x00\x00\x00\x00\x00"
  "\x00\x00\x00\x00\x00\x00\x00\x00\x00\x00\x00\x00\x00\x00\x00\x00\x00\x00\x00\x00"
  "\x00\x00\x00\x00\x00\x40\x00\x00\x00\x00\x00\x00\x00\x00\x00\x00\x00\x00\x00\x00"
  "\x00\x00\x00\x00\x00\x00\x00\x00\x00\x00\x00\x00\x00\x00\x00\x00\x08\x00\x00\x00"
  "\x00\x00\x00\x00\x00\x00\x00\x00\x00\x00\x00\x00\x00\x00\x00\x00\x00\x00\x00\x00"
  "\x00\x00\x00\x00\x00\x00\x00\x00\x80\x00\x00\x00\x00\x00\x00\x00\x00\x00\x00\x00"
  "\x00\x00\x00\x00\x00\x00\x00\x00\x00\x00\x00\x00\x00\x00\x00\x00\x00\x00\x00\x00"
  "\x00\x08\x00\x00\x00\x00\x00\x00\x00\x00\x00\x00\x00\x00\x00\x00\x00\x00\x00\x00"
  "\x00\x00\x00\x00\x00\x00\x00\x00\x00\x00\x00\x02\x00\x00\x00\x00\x00\x00\x00\x00"
  "\x00\x00\x00\x00\x00\x00\x00\x00\x00\x00\x00\x00\x00\x00\x00\x00\x00\x00\x00\x00"
  "\x00\x00\x00\x00\x00\x02\x00\x00\x00\x00\x08\x00\x00\x00\x00\x00\x00\x00\x00\x00"
  "\x00\x00\x00\x00\x00\x00\x00\x00\x00\x00\x00\x00\x00\x00\x00\x00\x00\x04\x00\x00"
  "\x00\x00\x00\x00\x00\x00\x00\x00\x00\x00\x00\x00\x00\x00\x00\x00\x00\x00\x00\x00"
  "\x00\x00\x00\x00\x00\x00\x00\x00\x10\x00\x00\x00\x00\x00\x00\x00\x00\x00\x00\x00"
  "\x00\x00\x00\x00\x00\x00\x00\x00\x00\x00\x00\x00\x00\x00\x00\x00\x00\x00\x00\x00"
  "\x00\x00\x00\x20\x00\x00\x00\x00\x00\x00\x00\x00\x00\x00\x00\x00\x00\x00\x00\x00"
  "\x00\x00\x00\x00\x00\x00\x00\x00\x00\x00\x00\x00\x02\x00\x00\x00\x00\x00\x00\x00"
  "\x00\x00\x00\x00\x00\x00\x00\x00\x00\x00\x00\x00\x00\x00\x00\x00\x00\x00\x00\x00"
  "\x00\x00\x00\x01\x00\x00\x00\x00\x00\x00\x00\x00\x00\x00\x00\x00\x00\x00\x00\x00"
  "\x00\x00\x00\x00\x00\x00\x00\x00\x00\x00\x00\x00\x00\x00\x00\x00\x00\x00\x00\x10"
  "\x00\x00\x00\x00\x00\x00\x00\x00\x00\x00\x00\x00\x00\x00\x00\x00\x00\x00\x00\x00"
  "\x00\x00\x00\x00\x00\x00\x00\x00\x00\x00\x00\x00\x00\x01\x00\x00\x00\x00\x00\x00"
  "\x00\x00\x00\x00\x00\x00\x00\x00\x00\x00\x00\x00\x00\x00\x00\x00\x00\x00\x00\x5c"
  "\x00\xa0\xfe\xc7\xff\x80\xe7\x0f\x00\x00\x00\x00\x00\x00\x00\x00\x00\x00\x00\x00"
  "\x00\x00\x00\x00\x00\x00\x00\x00\x00\x00\x00\x00\x00\x01\x00\x00\x00\x00\x00\x00"
  "\x00\x00\x00\x00\x00\x00\x00\x00\x00\x00\x00\x00\x00\x00\x00\x00\x00\x00\x00\x00"
  "\x00\x00\x00\x00\x00\x00\x00\x08\x00\x00\x00\x00\x00\x00\x00\x00\x00\x00\x00\x00"
  "\x00\x00\x00\x00\x00\x00\x00\x00\x00\x00\x00\x00\x00\x00\x00\x00\x01\x00\x00\x00"
  "\x00\x00\x00\x00\x00\x00\x00\x00\x00\x00\x00\x00\x00\x00\x00\x00\x00\x00\x00\x00"
  "\x00\x00\x00\x00\x00\x00\x00\x00\x00\x00\x00\x00\x00\x40\x00\x00\x00\x00\x00\x00"
  "\x00\x00\x00\x00\x00\x00\x00\x00\x00\x00\x00\x00\x00\x00\x00\x00\x00\x00\x00\x20"
  "\x00\x00\x00\x00\x00\x00\x00\x00\x00\x00\x00\x00\x00\x00\x00\x00\x00\x00\x00\x00"
  "\x00\x00\x00\x00\x00\x00\x00\x00\x00\x00\x00\x00\x20\x00\x00\x00\x00\x00\x00\x00"
  "\x00\x00\x00\x00\x00\x00\x00\x00\x00\x00\x00\x00\x00\x00\x00\x00\x00\x00\x00\x00"
  "\x00\x00\x00\x00\x04\x00\x00\x00\x00\x00\x00\x00\x00\x00\x00\x00\x00\x00\x00\x00"
  "\x00\x00\x00\x00\x00\x00\x00\x00\x00\x00\x00\x00\x00\x00\x00\x80\x00\x00\x00\x00"
  "\x00\x00\x00\x00\x00\x00\x00\x00\x00\x00\x00\x00\x00\x00\x00\x00\x00\x00\x00\x00"
  "\x00\x00\x00\x00\x00\x00\x00\x00\x00\x00\x00\x00\x00\x30\x00\x00\x00\x00\x00\x00"
  "\x00\x00\x00\x00\x00\x00\x00\x00\x00\x00\x00\x00\x00\x00\x00\x00\x00\x00\x00\x00"
  "\x00\x00\x00\x00\x00\x0c\x00\x00\x00\x00\x00\x00\x00\x00\x00\x00\x00\x00\x00\x00"
  "\x00\x00\x00\x00\x00\x00\x00\x00\x00\x00\x00\x00\x00\x00\x01\x00\x00\x00\x00\x00"
  "\x00\x00\x00\x00\x00\x00\x00\xb4\x00\x00\x00\x00\x00\x00\x13\x00\x01\x00\x00\x00"
  "\x00\x14\x00\x01\x00\x00\x00\x00\x15\x00\x01\x00\x00\x00\x00\x16\x00\x01\x00\x00"
  "\x00\x00\x17\x00\x01\x00\x00\x00\x00\x18\x00\x01\x00\x00\x00\x00\x21\x00\x01\x00"
  "\x00\x00\x00\x22\x00\x01\x00\x00\x00\x00\x23\x00\x01\x00\x01\x00\x00\x06\x00\x01"
  "\x00\x01\x00\x00\x07\x00\x01\x00\x01\x00\x00\x08\x00\x01\x00\x01\x00\x00\x09\x00"
  "\x01\x00\x01\x00\x00\x0a\x00\x01\x00\x01\x00\x00\x0b\x00\x01\x00\x01\x00\x00\x0c"
  "\x00\x01\x00\x01\x00\x00\x0d\x00\x01\x00\x01\x00\x00\x0e\x00\x01\x00\x01\x00\x00"
  "\x0f\x00\x01\x00\x01\x00\x00\x10\x00\x01\x00\x01\x00\x00\x11\x00\x01\x00\x01\x00"
  "\x00\x12\x00\x01\x00\x01\x00\x00\x20\x00\x01\x00\x02\x00\x00\x19\x00\x01\x00\x02"
  "\x00\x00\x1a\x00\x01\x00\x02\x00\x00\x1b\x00\x01\x00\x02\x00\x00\x1c\x00\x01\x00"
  "\x02\x00\x00\x1d\x00\x01\x00\x03\x00\x00\x00\x00\x01\x00\x03\x00\x00\x02\x00\x01"
  "\x00\x03\x00\x00\x03\x00\x01\x00\x03\x00\x00\x04\x00\x01\x00\x03\x00\x00\x05\x00"
  "\x01\x00\x04\x00\x00\x1e\x00\x01\x00\x04\x00\x00\x1f\x00\x01\x00\x05\x00\x00\x02"
  "\x00\x01\x00\x05\x00\x00\x12\x00\x01\x00\x05\x00\x00\x16\x00\x01\x00\x05\x00\x00"
  "\x1d\x00\x01\x00\x05\x00\x00\x1f\x00\x01\x00\x06\x00\x00\x02\x00\x01\x00\x06\x00"
  "\x00\x11\x00\x01\x00\x06\x00\x00\x18\x00\x01\x00\x06\x00\x00\x1d\x00\x01\x00\x06"
  "\x00\x00\x1e\x00\x01\x00\x07\x00\x00\x02\x00\x01\x00\x07\x00\x00\x12\x00\x01\x00"
  "\x07\x00\x00\x1d\x00\x01\x00\x07\x00\x00\x1f\x00\x01\x00\x07\x00\x00\x21\x00\x01"
  "\x00\x08\x00\x00\x02\x00\x01\x00\x08\x00\x00\x0f\x00\x01\x00\x08\x00\x00\x18\x00"
  "\x01\x00\x08\x00\x00\x1d\x00\x01\x00\x08\x00\x00\x1f\x00\x01\x00\x09\x00\x00\x02"
  "\x00\x01\x00\x09\x00\x00\x12\x00\x01\x00\x09\x00\x00\x18\x00\x01\x00\x09\x00\x00"
  "\x1a\x00\x01\x00\x09\x00\x00\x1e\x00\x01\x00\x0a\x00\x00\x02\x00\x01\x00\x0a\x00"
  "\x00\x0c\x00\x01\x00\x0a\x00\x00\x18\x00\x01\x00\x0a\x00\x00\x1d\x00\x01\x00\x0a"
  "\x00\x00\x1f\x00\x01\x00\x0b\x00\x00\x02\x00\x01\x00\x0b\x00\x00\x10\x00\x01\x00"
  "\x0b\x00\x00\x18\x00\x01\x00\x0b\x00\x00\x1d\x00\x01\x00\x0b\x00\x00\x1f\x00\x01"
  "\x00\x0c\x00\x00\x05\x00\x01\x00\x0c\x00\x00\x06\x00\x01\x00\x0c\x00\x00\x18\x00"
  "\x01\x00\x0c\x00\x00\x1d\x00\x01\x00\x0c\x00\x00\x1f\x00\x01\x00\x0d\x00\x00\x02"
  "\x00\x01\x00\x0d\x00\x00\x06\x00\x01\x00\x0d\x00\x00\x18\x00\x01\x00\x0d\x00\x00"
  "\x1d\x00\x01\x00\x0d\x00\x00\x1f\x00\x01\x00\x0e\x00\x00\x04\x00\x01\x00\x0e\x00"
  "\x00\x06\x00\x01\x00\x0e\x00\x00\x18\x00\x01\x00\x0e\x00\x00\x1d\x00\x01\x00\x0e"
  "\x00\x00\x1f\x00\x01\x00\x0f\x00\x00\x03\x00\x01\x00\x0f\x00\x00\x06\x00\x01\x00"
  "\x0f\x00\x00\x18\x00\x01\x00\x0f\x00\x00\x1d\x00\x01\x00\x0f\x00\x00\x1f\x00\x01"
  "\x00\x10\x00\x00\x02\x00\x01\x00\x10\x00\x00\x0d\x00\x01\x00\x10\x00\x00\x18\x00"
  "\x01\x00\x10\x00\x00\x1d\x00\x01\x00\x10\x00\x00\x1f\x00\x01\x00\x11\x00\x00\x02"
  "\x00\x01\x00\x11\x00\x00\x12\x00\x01\x00\x11\x00\x00\x15\x00\x01\x00\x11\x00\x00"
  "\x1d\x00\x01\x00\x11\x00\x00\x1f\x00\x01\x00\x12\x00\x00\x02\x00\x01\x00\x12\x00"
  "\x00\x0a\x00\x01\x00\x12\x00\x00\x18\x00\x01\x00\x12\x00\x00\x1d\x00\x01\x00\x12"
  "\x00\x00\x1f\x00\x01\x00\x13\x00\x00\x00\x00\x01\x00\x13\x00\x00\x12\x00\x01\x00"
  "\x13\x00\x00\x18\x00\x01\x00\x13\x00\x00\x1d\x00\x01\x00\x13\x00\x00\x1f\x00\x01"
  "\x00\x14\x00\x00\x02\x00\x01\x00\x14\x00\x00\x12\x00\x01\x00\x14\x00\x00\x13\x00"
  "\x01\x00\x14\x00\x00\x1d\x00\x01\x00\x14\x00\x00\x1f\x00\x01\x00\x15\x00\x00\x02"
  "\x00\x01\x00\x15\x00\x00\x12\x00\x01\x00\x15\x00\x00\x14\x00\x01\x00\x15\x00\x00"
  "\x1d\x00\x01\x00\x15\x00\x00\x1f\x00\x01\x00\x16\x00\x00\x02\x00\x01\x00\x16\x00"
  "\x00\x12\x00\x01\x00\x16\x00\x00\x18\x00\x01\x00\x16\x00\x00\x1d\x00\x01\x00\x16"
  "\x00\x00\x1f\x00\x01\x00\x17\x00\x00\x02\x00\x01\x00\x17\x00\x00\x12\x00\x01\x00"
  "\x17\x00\x00\x17\x00\x01\x00\x17\x00\x00\x1d\x00\x01\x00\x17\x00\x00\x1f\x00\x01"
  "\x00\x18\x00\x00\x02\x00\x01\x00\x18\x00\x00\x12\x00\x01\x00\x18\x00\x00\x1d\x00"
  "\x01\x00\x18\x00\x00\x1f\x00\x01\x00\x18\x00\x00\x23\x00\x01\x00\x19\x00\x00\x02"
  "\x00\x01\x00\x19\x00\x00\x09\x00\x01\x00\x19\x00\x00\x18\x00\x01\x00\x19\x00\x00"
  "\x1d\x00\x01\x00\x19\x00\x00\x1f\x00\x01\x00\x1a\x00\x00\x02\x00\x01\x00\x1a\x00"
  "\x00\x18\x00\x01\x00\x1a\x00\x00\x1d\x00\x01\x00\x1a\x00\x00\x1f\x00\x01\x00\x1a"
  "\x00\x00\x20\x00\x01\x00\x1b\x00\x00\x02\x00\x01\x00\x1b\x00\x00\x07\x00\x01\x00"
  "\x1b\x00\x00\x18\x00\x01\x00\x1b\x00\x00\x1d\x00\x01\x00\x1b\x00\x00\x1f\x00\x01"
  "\x00\x1c\x00\x00\x02\x00\x01\x00\x1c\x00\x00\x0e\x00\x01\x00\x1c\x00\x00\x18\x00"
  "\x01\x00\x1c\x00\x00\x1d\x00\x01\x00\x1c\x00\x00\x1f\x00\x01\x00\x1d\x00\x00\x02"
  "\x00\x01\x00\x1d\x00\x00\x0b\x00\x01\x00\x1d\x00\x00\x18\x00\x01\x00\x1d\x00\x00"
  "\x1d\x00\x01\x00\x1d\x00\x00\x1f\x00\x01\x00\x1e\x00\x00\x02\x00\x01\x00\x1e\x00"
  "\x00\x08\x00\x01\x00\x1e\x00\x00\x18\x00\x01\x00\x1e\x00\x00\x1d\x00\x01\x00\x1e"
  "\x00\x00\x1f\x00\x01\x00\x1f\x00\x00\x02\x00\x01\x00\x1f\x00\x00\x12\x00\x01\x00"
  "\x1f\x00\x00\x18\x00\x01\x00\x1f\x00\x00\x1c\x00\x01\x00\x1f\x00\x00\x1f\x00\x01"
  "\x00\x20\x00\x00\x02\x00\x01\x00\x20\x00\x00\x12\x00\x01\x00\x20\x00\x00\x1b\x00"
  "\x01\x00\x20\x00\x00\x1f\x00\x01\x00\x20\x00\x00\x22\x00\x01\x00\x21\x00\x00\x02"
  "\x00\x01\x00\x21\x00\x00\x12\x00\x01\x00\x21\x00\x00\x18\x00\x01\x00\x21\x00\x00"
  "\x19\x00\x01\x00\x21\x00\x00\x1f\x00\x01\x00\xff\x61\x00\x00\x00\x00\x00\x00\x00"
  "\x4e\x00\x00\x00\x00\x00\x00\x00\x00\x00\x00\x00\x00\x00\x00\xff\x7d\x00\x00\x00"
  "\x00\x00\x00\x1e\xc1\x07\x00\x00\x00\x00\x00\x01\x1e\x00\x00\x00\x00\x00\x00\xff"
  "\x1f\x00\x00\x00\x00\x00\x00\x60\x10\x00\x00\x00\x00\x00\x00\xff\x1f\x00\x00\x00"
  "\x00\x00\x00\x01\x18\x00\x00\x00\x00\x00\x00\x7f\xc3\x07\x00\x00\x00\x00\x00\x00"
  "\x00\x00\x00\x00\x00\x00\x00\x00\x06\x00\x00\x00\x00\x00\x00\x7c\x8d\x07\x00\x00"
  "\x00\x00\x00\x00\x00\x00\x00\x00\x00\x00\x00\x6e\x00\x00\x00\x00\x00\x00\x00\x1f"
  "\x81\x07\x00\x00\x00\x00\x00\x6e\x00\x00\x00\x00\x00\x00\x00\xff\x6f\x00\x00\x00"
  "\x00\x00\x00\x60\x16\x00\x00\x00\x00\x00\x00\xfe\x61\x00\x00\x00\x00\x00\x00\x6e"
  "\x6c\x00\x00\x00\x00\x00\x00\x10\xc9\x07\x00\x00\x00\x00\x00\x6e\x60\x00\x00\x00"
  "\x00\x00\x00\x00\x01\x00\x00\x00\x00\x00\x00\x9f\x81\x07\x00\x00\x00\x00\x00\xfe"
  "\x01\x00\x00\x00\x00\x00\x00\xee\x00\x00\x00\x00\x00\x00\x00\x1f\x81\x01\x00\x00"
  "\x00\x00\x00\xee\x00\x00\x00\x00\x00\x00\x00\xfe\x00\x00\x00\x00\x00\x00\x00\x1f"
  "\x80\x01\x00\x00\x00\x00\x00\xfe\x00\x00\x00\x00\x00\x00\x00\xfe\x6f\x00\x00\x00"
  "\x00\x00\x00\x63\x08\x00\x00\x00\x00\x00\x00\x01\x18\x00\x00\x00\x00\x00\x00\xfe"
  "\x21\x00\x00\x00\x00\x00\x00\x0f\x00\x00\x00\x00\x00\x00\x00\xfe\x20\x00\x00\x00"
  "\x00\x00\x00\xfe\x61\x00\x00\x00\x00\x00\x00\x0f\x00\x00\x00\x00\x00\x00\x00\xfe"
  "\x60\x00\x00\x00\x00\x00\x00\xff\x19\x00\x00\x00\x00\x00\x00\x1f\xa1\x01\x00\x00"
  "\x00\x00\x00\x00\x01\x00\x00\x00\x00\x00\x00\x10\x66\x00\x00\x00\x00\x00\x00\x00"
  "\x53\x06\x00\x00\x00\x00\x00\x6f\x1e\x00\x00\x00\x00\x00\x00\x00\x06\x00\x00\x00"
  "\x00\x00\x00\x03\x00\x00\x00\x00\x00\x00\x00\xfe\x01\x00\x00\x00\x00\x00\x00\x00"
  "\x74\x00\x00\x00\x00\x00\x00\x71\xc5\x07\x00\x00\x00\x00\x00\xff\x1e\x00\x00\x00"
  "\x00\x00\x00\x90\x17\x00\x00\x00\x00\x00\x00\x13\x85\x07\x00\x00\x00\x00\x00\x00"
  "\x60\x00\x00\x00\x00\x00\x00\x80\x00\x00\x00\x00\x00\x00\x00\x80\x00\x06\x00\x00"
  "\x00\x00\x00\x00\x00\x00\x00\x00\x00\x00\x00\xff\x7d\x00\x00\x00\x00\x00\x00\x01"
  "\x20\x00\x00\x00\x00\x00\x00\x00\x02\x00\x00\x00\x00\x00\x00\xef\x7f\x00\x00\x00"
  "\x00\x00\x00\x00\x61\x00\x00\x00\x00\x00\x00\x10\x00\x00\x00\x00\x00\x00\x00\xef"
  "\x19\x00\x00\x00\x00\x00\x00\x00\x20\x06\x00\x00\x00\x00\x00\x18\x01\x00\x00\x00"
  "\x00\x00\x00\x10\x00\x00\x00\x00\x00\x00\x00\x80\x00\x06\x00\x00\x00\x00\x00\x00"
  "\x00\x00\x00\x00\x00\x00\x00\x00\x20\x00\x00\x00\x00\x00\x00\x8f\x00\x00\x00\x00"
  "\x00\x00\x00\x00\x00\x00\x00\x00\x00\x00\x00\x00\x40\x00\x00\x00\x00\x00\x00\x8f"
  "\x00\x00\x00\x00\x00\x00\x00\x00\x00\x00\x00\x00\x00\x00\x00\x00\x1a\x00\x00\x00"
  "\x00\x00\x00\x00\x5c\x00\x00\x00\x00\x00\x00\x6f\x78\x00\x00\x00\x00\x00\x00\x08"
  "\x00\x00\x00\x00\x00\x00\x00\x80\x00\x06\x00\x00\x00\x00\x00\x00\x00\x00\x00\x00"
  "\x00\x00\x00\x01\x00\x00\x00\x00\x00\x00\x00\x80\x00\x00\x00\x00\x00\x00\x00\x00"
  "\x00\x00\x00\x00\x00\x00\x00\x00\x00\x00\x00\x00\x00\x00\x00\x00\x20\x00\x00\x00"
  "\x00\x00\x00\x01\x00\x00\x00\x00\x00\x00\x00\x00\x00\x00\x00\x00\x00\x00\x00\x00"
  "\x20\x00\x00\x00\x00\x00\x00\x02\x00\x00\x00\x00\x00\x00\x00\x00\x00\x00\x00\x00"
  "\x00\x00\x00\x00\x20\x00\x00\x00\x00\x00\x00\x04\x00\x00\x00\x00\x00\x00\x00\x00"
  "\x00\x00\x00\x00\x00\x00\x00\x00\x20\x00\x00\x00\x00\x00\x00\x20\x00\x00\x00\x00"
  "\x00\x00\x00\x00\x00\x00\x00\x00\x00\x00\x00\x00\x20\x00\x00\x00\x00\x00\x00\x40"
  "\x00\x00\x00\x00\x00\x00\x00\x00\x00\x00\x00\x00\x00\x00\x00\x00\x20\x00\x00\x00"
  "\x00\x00\x00\x00\x08\x00\x00\x00\x00\x00\x00\x00\x00\x00\x00\x00\x00\x00\x00\x00"
  "\x20\x00\x00\x00\x00\x00\x00\x00\x10\x00\x00\x00\x00\x00\x00\x99\x64\x00\x00\x00"
  "\x00\x00\x00\x80\x20\x00\x00\x00\x00\x00\x00\x67\x1e\x00\x00\x00\x00\x00\x00\x00"
  "\x00\x00\x00\x00\x00\x00\x00\x00\x20\x00\x00\x00\x00\x00\x00\x00\x20\x00\x00\x00"
  "\x00\x00\x00\x00\x00\x00\x00\x00\x00\x00\x00\x00\x20\x00\x00\x00\x00\x00\x00\x00"
  "\x40\x00\x00\x00\x00\x00\x00\x00\x00\x00\x00\x00\x00\x00\x00\x00\x20\x00\x00\x00"
  "\x00\x00\x00\x80\x00\x00\x00\x00\x00\x00\x00\x02\x00\x00\x00\x00\x00\x00\x00\x80"
  "\x00\x00\x00\x00\x00\x00\x00\x00\x00\x00\x00\x00\x00\x00\x00\x04\x00\x00\x00\x00"
  "\x00\x00\x00\x80\x00\x00\x00\x00\x00\x00\x00\x00\x00\x00\x00\x00\x00\x00\x00\x20"
  "\x00\x00\x00\x00\x00\x00\x00\x80\x00\x00\x00\x00\x00\x00\x00\x00\x00\x00\x00\x00"
  "\x00\x00\x00\x40\x00\x00\x00\x00\x00\x00\x00\x80\x00\x00\x00\x00\x00\x00\x00\x00"
  "\x00\x00\x00\x00\x00\x00\x00\x00\x02\x00\x00\x00\x00\x00\x00\x80\x00\x00\x00\x00"
  "\x00\x00\x00\x00\x00\x00\x00\x00\x00\x00\x00\x00\x08\x00\x00\x00\x00\x00\x00\x80"
  "\x00\x00\x00\x00\x00\x00\x00\x00\x00\x00\x00\x00\x00\x00\x00\x00\x10\x00\x00\x00"
  "\x00\x00\x00\x80\x00\x00\x00\x00\x00\x00\x00\x00\x00\x00\x00\x00\x00\x00\x00\x00"
  "\x68\x00\x00\x00\x00\x00\x00\x10\x89\x07\x00\x00\x00\x00\x00\x90\x07\x00\x00\x00"
  "\x00\x00\x00\x76\x66\x00\x00\x00\x00\x00\x00\x00\x20\x06\x00\x00\x00\x00\x00\x88"
  "\x00\x00\x00\x00\x00\x00\x00\x66\x06\x00\x00\x00\x00\x00\x00\x80\x20\x00\x00\x00"
  "\x00\x00\x00\x98\x64\x00\x00\x00\x00\x00\x00\xfe\x01\x00\x00\x00\x00\x00\x00\x01"
  "\x01\x00\x00\x00\x00\x00\x00\x10\x04\x00\x00\x00\x00\x00\x00\x10\x1a\x00\x00\x00"
  "\x00\x00\x00\x00\x4d\x00\x00\x00\x00\x00\x00\x90\x06\x00\x00\x00\x00\x00\x00\x00"
  "\x61\x00\x00\x00\x00\x00\x00\x80\x20\x00\x00\x00\x00\x00\x00\x01\x7b\x00\x00\x00"
  "\x00\x00\x00\x00\x12\x00\x00\x00\x00\x00\x00\x01\x04\x00\x00\x00\x00\x00\x00\x00"
  "\x07\x00\x00\x00\x00\x00\x00\x00\x19\x00\x00\x00\x00\x00\x00\x00\x20\x00\x00\x00"
  "\x00\x00\x00\x00\x04\x00\x00\x00\x00\x00\x00\x00\x12\x00\x00\x00\x00\x00\x00\x02"
  "\x48\x00\x00\x00\x00\x00\x00\x00\x03\x00\x00\x00\x00\x00\x00\x00\x06\x00\x00\x00"
  "\x00\x00\x00\x02\x40\x00\x00\x00\x00\x00\x00\x00\x05\x00\x00\x00\x00\x00\x00\x00"
  "\x06\x00\x00\x00\x00\x00\x00\x00\x20\x00\x00\x00\x00\x00\x00\x00\x01\x00\x00\x00"
  "\x00\x00\x00\x10\x00\x00\x00\x00\x00\x00\x00\x00\x20\x00\x00\x00\x00\x00\x00\x10"
  "\x00\x00\x00\x00\x00\x00\x00\x00\x04\x00\x00\x00\x00\x00\x00\x80\x00\x00\x00\x00"
  "\x00\x00\x00\x00\x01\x00\x00\x00\x00\x00\x00\x00\x02\x00\x00\x00\x00\x00\x00\x00"
  "\x20\x00\x00\x00\x00\x00\x00\x00\x02\x00\x00\x00\x00\x00\x00\x00\x01\x00\x00\x00"
  "\x00\x00\x00\x80\x00\x00\x00\x00\x00\x00\x00\x00\x04\x00\x00\x00\x00\x00\x00\x3e"
  "\x00\x00\x00\x00\x00\x00\x0f\x00\x20\x00\x01\x00\x00\x0f\x00\x10\x00\x02\x00\x00"
  "\x04\x00\x40\x00\x03\x00\x00\x0f\x00\x20\x00\x04\x00\x00\x0f\x00\x20\x00\x05\x00"
  "\x00\x03\x00\x00\x01\x06\x00\x00\x04\x00\x10\x00\x07\x00\x00\x0f\x00\x10\x00\x08"
  "\x00\x00\x08\x00\x40\x00\x09\x00\x00\x07\x00\x80\x00\x0a\x00\x00\x04\x00\x40\x00"
  "\x0b\x00\x00\x0f\x00\x04\x00\x0c\x00\x00\x0d\x00\x20\x00\x0d\x00\x00\x0e\x00\x10"
  "\x00\x0e\x00\x00\x08\x00\x04\x00\x0f\x00\x00\x04\x00\x08\x00\x10\x00\x00\x09\x00"
  "\x10\x00\x11\x00\x00\x0f\x00\x08\x00\x12\x00\x00\x0f\x00\x08\x00\x13\x00\x00\x07"
  "\x00\x04\x00\x14\x00\x00\x09\x00\x02\x00\x15\x00\x00\x04\x00\x04\x00\x16\x00\x00"
  "\x03\x00\x02\x00\x17\x00\x00\x04\x00\x04\x00\x18\x00\x00\x0d\x00\x02\x00\x19\x00"
  "\x00\x0e\x00\x02\x00\x1a\x00\x00\x04\x00\x01\x00\x1b\x00\x00\x03\x00\x02\x00\x1c"
  "\x00\x00\x00\x00\x02\x00\x1d\x00\x00\x00\x00\x02\x00\x1e\x00\x00\x01\x00\x02\x00"
  "\x1f\x00\x00\x02\x00\x02\x00\x20\x00\x00\x05\x00\x02\x00\x21\x00\x00\x06\x00\x02"
  "\x00\x22\x00\x00\x0b\x00\x02\x00\x23\x00\x00\x0c\x00\x02\x00\x24\x00\x00\x0a\x00"
  "\x01\x00\x25\x00\x00\x0d\x00\x02\x00\x26\x00\x00\x0e\x00\x02\x00\x27\x00\x00\x07"
  "\x00\x04\x00\x28\x00\x00\x01\x00\x02\x00\x29\x00\x00\x02\x00\x02\x00\x2a\x00\x00"
  "\x05\x00\x02\x00\x2b\x00\x00\x06\x00\x02\x00\x2c\x00\x00\x09\x00\x02\x00\x2d\x00"
  "\x00\x0b\x00\x01\x00\x2e\x00\x00\x0c\x00\x01\x00\x2f\x00\x00\x0f\x00\x02\x00\x30"
  "\x00\x00\x03\x00\x02\x00\x31\x00\x00\x0a\x00\x01\x00\x32\x00\x00\x09\x00\x02\x00"
  "\x33\x00\x00\x04\x00\x01\x00\x34\x00\x00\x08\x00\x01\x00\x35\x00\x00\x0f\x00\x01"
  "\x00\x36\x00\x00\x0a\x00\x01\x00\x37\x00\x00\x04\x00\x02\x00\x38\x00\x00\x0f\x00"
  "\x01\x00\x39\x00\x00\x08\x00\x01\x00\x3a\x00\x00\x04\x00\x01\x00\x3b\x00\x00\x0a"
  "\x00\x01\x00\x3c\x00\x00\x09\x00\x01\x00\x3d\x00\x00\x08\x00\x01\x00\x3e\x00\x00"
  "\x00\x00\x00\x00\x00\x18\x00\x00\x00\x00\x00\x00\x00\x15\x00\x00\x00\x00\x00\x00"
  "\x00\x05\x00\x00\x00\x00\x00\x00\x00\x2b\x00\x00\x00\x00\x00\x00\x00\x0d\x00\x00"
  "\x00\x00\x00\x00\x00\x18\x00\x00\x00\x00\x00\x00\x00\x02\x00\x00\x00\x00\x00\x00"
  "\x00\x01\x00\x00\x00\x00\x00\x00\x00\x10\x00\x00\x00\x00\x00\x00\x00\x01\x00\x00"
  "\x00\x00\x00\x00\x00\x02\x00\x00\x00\x00\x00\x00\x00\x02\x00\x00\x00\x00\x00\x00"
  "\x00\x02\x00\x00\x00\x00\x00\x00\x00\x04\x00\x00\x00\x00\x00\x00\x00\x02\x00\x00"
  "\x00\x00\x00\x00\x00\x20\x00\x00\x00\x00\x00\x00\x00\x02\x00\x00\x00\x00\x00\x00"
  "\x00\x09\x00\x00\x00\x00\x00\x00\x03\x00\x01\x00\x01\x00\x00\x04\x00\x02\x00\x02"
  "\x00\x00\x03\x00\x01\x00\x03\x00\x00\x03\x00\x01\x00\x04\x00\x00\x05\x00\x01\x00"
  "\x05\x00\x00\x00\x00\x01\x00\x06\x00\x00\x01\x00\x01\x00\x07\x00\x00\x02\x00\x01"
  "\x00\x08\x00\x00\x06\x00\x01\x00\x1f\x00\x00\x00\x00\x00\x00\x00\x00\x00\x00\x00"
  "\x00\x00\x00\x00\x00\x00\x00\x00\xc0\xff\xff\xff\x03\x00\x00\x00\x00\x00\x00\x00"
  "\x3e\x00\x00\x00\x00\x00\x00\x00\x00\x00\x00\x00\x00\x00\x00\x00\xff\xff\x0f\x00"
  "\x00\x00\x00\x00\x00\x00\x00\x00\x00\x00\x00\x00\x3d\x00\x00\x00\x00\x00\x00\x00"
  "\x00\x00\x00\x00\x00\x00\x00\x00\x00\x00\xf0\x03\x00\x00\x00\x00\x00\x00\x00\x00"
  "\x00\x00\x00\x00\x37\x00\x00\x00\x00\x00\x00\x00\x00\x00\x00\x00\x00\x00\x00\x00"
  "\x00\x00\x00\xe0\x03\x00\x00\x00\x00\x00\x00\x00\x00\x00\x00\x00\x2f\x00\x00\x00"
  "\x00\x00\x00\x00\x00\x00\x00\x00\x00\x00\x00\x00\x00\x00\x00\x00\x3c\x00\x00\x00"
  "\x00\x00\x00\x00\x00\x00\x00\x00\x3b\x00\x00\x00\x00\x00\x00\x00\x00\x00\x00\x00"
  "\x00\x00\x00\x00\x00\x00\x00\x1c\x00\x00\x00\x00\x00\x00\x00\x00\x00\x00\x00\x00"
  "\x01\x00\x00\x00\x00\x00\x00\x00\x00\x00\x00\x00\x00\x00\x00\x00\x01\x00\x00\x00"
  "\x00\x00\x00\x00\x00\x00\x00\x00\x00\x00\x00\x00\x01\x00\x00\x00\x00\x00\x00\x00"
  "\x00\x00\x00\x00\x00\x00\x00\x00\x02\x02\x00\x00\x00\x00\x00\x00\x00\x00\x00\x00"
  "\x00\x00\x00\x00\x01\x00\x00\x00\x00\x00\x00\x00\x00\x00\x00\x00\x00\x00\x00\x00"
  "\x04\x00\x00\x00\x00\x00\x00\x00\x00\x00\x00\x00\x00\x00\x00\x00\x01\x00\x00\x00"
  "\x00\x00\x00\x00\x00\x00\x00\x00\x00\x00\x00\x00\x08\x00\x00\x00\x00\x00\x00\x00"
  "\x00\x00\x00\x00\x00\x00\x00\x00\x01\x00\x00\x00\x00\x00\x00\x00\x00\x00\x00\x00"
  "\x00\x00\x00\x00\x10\x00\x00\x00\x00\x00\x00\x00\x00\x00\x00\x00\x00\x00\x00\x00"
  "\x01\x00\x00\x00\x00\x00\x00\x00\x00\x00\x00\x00\x00\x00\x00\x00\x20\x00\x00\x00"
  "\x00\x00\x00\x00\x00\x00\x00\x00\x00\x00\x00\x00\x01\x00\x00\x00\x00\x00\x00\x00"
  "\x00\x00\x00\x00\x00\x00\x00\x00\x40\x00\x00\x00\x00\x00\x00\x00\x00\x00\x00\x00"
  "\x00\x00\x00\x00\x01\x00\x00\x00\x00\x00\x00\x00\x00\x00\x00\x00\x00\x00\x00\x00"
  "\x80\x00\x00\x00\x00\x00\x00\x00\x00\x00\x00\x00\x00\x00\x00\x00\x01\x00\x00\x00"
  "\x00\x00\x00\x00\x00\x00\x00\x00\x00\x00\x00\x00\x00\x01\x00\x00\x00\x00\x00\x00"
  "\x00\x00\x00\x00\x00\x00\x00\x00\x01\x00\x00\x00\x00\x00\x00\x00\x00\x00\x00\x00"
  "\x00\x00\x00\x00\x00\x04\x00\x00\x00\x00\x00\x00\x00\x00\x00\x00\x00\x00\x00\x00"
  "\x01\x00\x00\x00\x00\x00\x00\x00\x00\x00\x00\x00\x00\x00\x00\x00\x00\x08\x00\x00"
  "\x00\x00\x00\x00\x00\x00\x00\x00\x00\x00\x00\x00\x01\x00\x00\x00\x00\x00\x00\x00"
  "\x00\x00\x00\x00\x00\x00\x00\x00\x00\x10\x00\x00\x00\x00\x00\x00\x00\x00\x00\x00"
  "\x00\x00\x00\x00\x01\x00\x00\x00\x00\x00\x00\x00\x00\x00\x00\x00\x00\x00\x00\x00"
  "\x00\x20\x00\x00\x00\x00\x00\x00\x00\x00\x00\x00\x00\x00\x00\x00\x01\x00\x00\x00"
  "\x00\x00\x00\x00\x00\x00\x00\x00\x00\x00\x00\x00\x00\x40\x00\x00\x00\x00\x00\x00"
  "\x00\x00\x00\x00\x00\x00\x00\x00\x01\x00\x00\x00\x00\x00\x00\x00\x00\x00\x00\x00"
  "\x00\x00\x00\x00\x00\x80\x00\x00\x00\x00\x00\x00\x00\x00\x00\x00\x00\x00\x00\x00"
  "\x01\x00\x00\x00\x00\x00\x00\x00\x00\x00\x00\x00\x00\x00\x00\x00\x00\x00\x01\x00"
  "\x00\x00\x00\x00\x00\x00\x00\x00\x00\x00\x00\x00\x01\x00\x00\x00\x00\x00\x00\x00"
  "\x00\x00\x00\x00\x00\x00\x00\x00\x00\x00\x02\x00\x00\x00\x00\x00\x00\x00\x00\x00"
  "\x00\x00\x00\x00\x01\x00\x00\x00\x00\x00\x00\x00\x00\x00\x00\x00\x00\x00\x00\x00"
  "\x00\x00\x04\x00\x00\x00\x00\x00\x00\x00\x00\x00\x00\x00\x00\x00\x01\x00\x00\x00"
  "\x00\x00\x00\x00\x00\x00\x00\x00\x00\x00\x00\x00\x00\x00\x08\x00\x00\x00\x00\x00"
  "\x00\x00\x00\x00\x00\x00\x00\x00\x02\x00\x00\x00\x00\x00\x00\x00\x00\x00\x00\x00"
  "\x00\x00\x00\x00\x00\x00\x10\x00\x00\x00\x00\x00\x00\x00\x00\x00\x00\x00\x00\x00"
  "\x02\x00\x00\x00\x00\x00\x00\x00\x00\x00\x00\x00\x00\x00\x00\x00\x00\x00\x20\x00"
  "\x00\x00\x00\x00\x00\x00\x00\x00\x00\x00\x00\x00\x02\x00\x00\x00\x00\x00\x00\x00"
  "\x00\x00\x00\x00\x00\x00\x00\x00\x00\x00\x40\x00\x00\x00\x00\x00\x00\x00\x00\x00"
  "\x00\x00\x00\x00\x02\x00\x00\x00\x00\x00\x00\x00\x00\x00\x00\x00\x00\x00\x00\x00"
  "\x00\x00\x80\x00\x00\x00\x00\x00\x00\x00\x00\x00\x00\x00\x00\x00\x02\x00\x00\x00"
  "\x00\x00\x00\x00\x00\x00\x00\x00\x00\x00\x00\x00\x00\x00\x00\x01\x00\x00\x00\x00"
  "\x00\x00\x00\x00\x00\x00\x00\x00\x02\x00\x00\x00\x00\x00\x00\x00\x00\x00\x00\x00"
  "\x00\x00\x00\x00\x00\x00\x00\x02\x00\x00\x00\x00\x00\x00\x00\x00\x00\x00\x00\x00"
  "\x04\x00\x00\x00\x00\x00\x00\x00\x00\x00\x00\x00\x00\x00\x00\x00\x00\x00\x00\x04"
  "\x00\x00\x00\x00\x00\x00\x00\x00\x00\x00\x00\x00\x04\x00\x00\x00\x00\x00\x00\x00"
  "\x00\x00\x00\x00\x00\x00\x00\x00\x00\x00\x00\x08\x00\x00\x00\x00\x00\x00\x00\x00"
  "\x00\x00\x00\x00\x04\x00\x00\x00\x00\x00\x00\x00\x00\x00\x00\x00\x00\x00\x00\x00"
  "\x00\x00\x00\x10\x00\x00\x00\x00\x00\x00\x00\x00\x00\x00\x00\x00\x08\x00\x00\x00"
  "\x00\x00\x00\x00\x00\x00\x00\x00\x00\x00\x00\x00\x00\x00\x00\x20\x00\x00\x00\x00"
  "\x00\x00\x00\x00\x00\x00\x00\x00\x08\x00\x00\x00\x00\x00\x00\x00\x00\x00\x00\x00"
  "\x00\x00\x00\x00\x00\x00\x00\x40\x00\x00\x00\x00\x00\x00\x00\x00\x00\x00\x00\x00"
  "\x08\x00\x00\x00\x00\x00\x00\x00\x00\x00\x00\x00\x00\x00\x00\x00\x00\x00\x00\x80"
  "\x00\x00\x00\x00\x00\x00\x00\x00\x00\x00\x00\x00\x08\x00\x00\x00\x00\x00\x00\x00"
  "\x00\x00\x00\x00\x00\x00\x00\x00\x00\x00\x00\x00\x01\x00\x00\x00\x00\x00\x00\x00"
  "\x00\x00\x00\x00\x08\x00\x00\x00\x00\x00\x00\x00\x00\x00\x00\x00\x00\x00\x00\x00"
  "\x00\x00\x00\x00\x02\x00\x00\x00\x00\x00\x00\x00\x00\x00\x00\x00\x10\x00\x00\x00"
  "\x00\x00\x00\x00\x00\x00\x00\x00\x00\x00\x00\x00\x00\x00\x00\x00\x04\x00\x00\x00"
  "\x00\x00\x00\x00\x00\x00\x00\x00\x10\x00\x00\x00\x00\x00\x00\x00\x00\x00\x00\x00"
  "\x00\x00\x00\x00\x00\x00\x00\x00\x08\x00\x00\x00\x00\x00\x00\x00\x00\x00\x00\x00"
  "\x10\x00\x00\x00\x00\x00\x00\x00\x00\x00\x00\x00\x00\x00\x00\x00\x00\x00\x00\x00"
  "\x10\x00\x00\x00\x00\x00\x00\x00\x00\x00\x00\x00\x10\x00\x00\x00\x00\x00\x00\x00"
  "\x00\x00\x00\x00\x00\x00\x00\x00\x00\x00\x00\x00\x20\x00\x00\x00\x00\x00\x00\x00"
  "\x00\x00\x00\x00\x20\x00\x00\x00\x00\x00\x00\x00\x00\x00\x00\x00\x00\x00\x00\x00"
  "\x00\x00\x00\x00\x40\x00\x00\x00\x00\x00\x00\x00\x00\x00\x00\x00\x20\x00\x00\x00"
  "\x00\x00\x00\x00\x00\x00\x00\x00\x00\x00\x00\x00\x00\x00\x00\x00\x80\x00\x00\x00"
  "\x00\x00\x00\x00\x00\x00\x00\x00\x20\x00\x00\x00\x00\x00\x00\x00\x00\x00\x00\x00"
  "\x00\x00\x00\x00\x00\x00\x00\x00\x00\x01\x00\x00\x00\x00\x00\x00\x00\x00\x00\x00"
  "\x20\x00\x00\x00\x00\x00\x00\x00\x00\x00\x00\x00\x00\x00\x00\x00\x00\x00\x00\x00"
  "\x00\x02\x00\x00\x00\x00\x00\x00\x00\x00\x00\x00\x20\x00\x00\x00\x00\x00\x00\x00"
  "\x00\x00\x00\x00\x00\x00\x00\x00\x00\x00\x00\x00\x00\x04\x00\x00\x00\x00\x00\x00"
  "\x00\x00\x00\x00\x20\x00\x00\x00\x00\x00\x00\x00\x00\x00\x00\x00\x00\x00\x00\x00"
  "\x00\x00\x00\x00\x00\x08\x00\x00\x00\x00\x00\x00\x00\x00\x00\x00\x20\x00\x00\x00"
  "\x00\x00\x00\x00\x00\x00\x00\x00\x00\x00\x00\x00\x00\x00\x00\x00\x00\x10\x00\x00"
  "\x00\x00\x00\x00\x00\x00\x00\x00\x20\x00\x00\x00\x00\x00\x00\x00\x00\x00\x00\x00"
  "\x00\x00\x00\x00\x00\x00\x00\x00\x00\x20\x00\x00\x00\x00\x00\x00\x00\x00\x00\x00"
  "\x20\x00\x00\x00\x00\x00\x00\x00\x00\x00\x00\x00\x00\x00\x00\x00\x00\x00\x00\x00"
  "\x00\x40\x00\x00\x00\x00\x00\x00\x00\x00\x00\x00\x20\x00\x00\x00\x00\x00\x00\x00"
  "\x00\x00\x00\x00\x00\x00\x00\x00\x00\x00\x00\x00\x00\x80\x00\x00\x00\x00\x00\x00"
  "\x00\x00\x00\x00\x20\x00\x00\x00\x00\x00\x00\x00\x00\x00\x00\x00\x00\x00\x00\x00"
  "\x00\x00\x00\x00\x00\x00\x01\x00\x00\x00\x00\x00\x00\x00\x00\x00\x20\x00\x00\x00"
  "\x00\x00\x00\x00\x00\x00\x00\x00\x00\x00\x00\x00\x00\x00\x00\x00\x00\x00\x02\x00"
  "\x00\x00\x00\x00\x00\x00\x00\x00\x20\x00\x00\x00\x00\x00\x00\x00\x00\x00\x00\x00"
  "\x00\x00\x00\x00\x00\x00\x00\x00\x00\x00\x04\x00\x00\x00\x00\x00\x00\x00\x00\x00"
  "\x20\x00\x00\x00\x00\x00\x00\x00\x00\x00\x00\x00\x00\x00\x00\x00\x00\x00\x00\x00"
  "\x00\x00\x08\x00\x00\x00\x00\x00\x00\x00\x00\x00\x20\x00\x00\x00\x00\x00\x00\x00"
  "\x00\x00\x00\x00\x00\x00\x00\x00\x00\x00\x00\x00\x00\x00\x10\x00\x00\x00\x00\x00"
  "\x00\x00\x00\x00\x20\x00\x00\x00\x00\x00\x00\x00\x00\x00\x00\x00\x00\x00\x00\x00"
  "\x00\x00\x00\x00\x00\x00\x20\x00\x00\x00\x00\x00\x00\x00\x00\x00\x20\x00\x00\x00"
  "\x00\x00\x00\x00\x00\x00\x00\x00\x00\x00\x00\x00\x00\x00\x00\x00\x00\x00\x40\x00"
  "\x00\x00\x00\x00\x00\x00\x00\x00\x20\x00\x00\x00\x00\x00\x00\x00\x00\x00\x00\x00"
  "\x00\x00\x00\x00\x00\x00\x00\x00\x00\x00\x80\x00\x00\x00\x00\x00\x00\x00\x00\x00"
  "\x20\x00\x00\x00\x00\x00\x00\x00\x00\x00\x00\x00\x00\x00\x00\x00\x00\x00\x00\x00"
  "\x00\x00\x00\x01\x00\x00\x00\x00\x00\x00\x00\x00\x20\x00\x00\x00\x00\x00\x00\x00"
  "\x00\x00\x00\x00\x00\x00\x00\x00\x00\x00\x00\x00\x00\x00\x00\x02\x00\x00\x00\x00"
  "\x00\x00\x00\x00\x20\x00\x00\x00\x00\x00\x00\x00\x00\x00\x00\x00\x00\x00\x00\x00"
  "\x00\x00\x00\x00\x00\x00\x00\x04\x00\x00\x00\x00\x00\x00\x00\x00\x20\x00\x00\x00"
  "\x00\x00\x00\x00\x00\x00\x00\x00\x00\x00\x00\x00\x00\x00\x00\x00\x00\x00\x00\x08"
  "\x00\x00\x00\x00\x00\x00\x00\x00\x20\x00\x00\x00\x00\x00\x00\x00\x00\x00\x00\x00"
  "\x00\x00\x00\x00\x00\x00\x00\x00\x00\x00\x00\x10\x00\x00\x00\x00\x00\x00\x00\x00"
  "\x20\x00\x00\x00\x00\x00\x00\x00\x00\x00\x00\x00\x00\x00\x00\x00\x00\x00\x00\x00"
  "\x00\x00\x00\x20\x00\x00\x00\x00\x00\x00\x00\x00\x20\x00\x00\x00\x00\x00\x00\x00"
  "\x00\x00\x00\x00\x00\x00\x00\x00\x00\x00\x00\x00\x00\x00\x00\x40\x00\x00\x00\x00"
  "\x00\x00\x00\x00\x20\x00\x00\x00\x00\x00\x00\x00\x00\x00\x00\x00\x00\x00\x00\x00"
  "\x00\x00\x00\x00\x00\x00\x00\x80\x00\x00\x00\x00\x00\x00\x00\x00\x20\x00\x00\x00"
  "\x00\x00\x00\x00\x00\x00\x00\x00\x00\x00\x00\x00\x00\x00\x00\x00\x00\x00\x00\x00"
  "\x01\x00\x00\x00\x00\x00\x00\x00\x20\x00\x00\x00\x00\x00\x00\x00\x00\x00\x00\x00"
  "\x00\x00\x00\x00\x00\x00\x00\x00\x00\x00\x00\x00\x02\x00\x00\x00\x00\x00\x00\x00"
  "\x47\x00\x00\x00\x00\x00\x00\x41\x00\x01\x00\x01\x00\x00\x41\x00\x01\x00\x02\x00"
  "\x00\x41\x00\x01\x00\x03\x00\x00\x41\x00\x01\x00\x04\x00\x00\x41\x00\x01\x00\x05"
  "\x00\x00\x41\x00\x01\x00\x06\x00\x00\x00\x00\x01\x00\x07\x00\x00\x39\x00\x01\x00"
  "\x08\x00\x00\x2c\x00\x01\x00\x09\x00\x00\x35\x00\x01\x00\x0a\x00\x00\x33\x00\x01"
  "\x00\x0b\x00\x00\x36\x00\x01\x00\x0c\x00\x00\x34\x00\x01\x00\x0d\x00\x00\x0e\x00"
  "\x01\x00\x0e\x00\x00\x2d\x00\x01\x00\x0f\x00\x00\x01\x00\x01\x00\x10\x00\x00\x2e"
  "\x00\x01\x00\x11\x00\x00\x3f\x00\x01\x00\x12\x00\x00\x31\x00\x01\x00\x13\x00\x00"
  "\x32\x00\x01\x00\x14\x00\x00\x3c\x00\x01\x00\x15\x00\x00\x3a\x00\x01\x00\x16\x00"
  "\x00\x3d\x00\x01\x00\x17\x00\x00\x3b\x00\x01\x00\x18\x00\x00\x2b\x00\x01\x00\x19"
  "\x00\x00\x2a\x00\x01\x00\x1a\x00\x00\x38\x00\x01\x00\x1b\x00\x00\x29\x00\x01\x00"
  "\x1c\x00\x00\x28\x00\x01\x00\x1d\x00\x00\x37\x00\x01\x00\x1e\x00\x00\x40\x00\x01"
  "\x00\x1f\x00\x00\x26\x00\x01\x00\x20\x00\x00\x27\x00\x01\x00\x21\x00\x00\x30\x00"
  "\x01\x00\x22\x00\x00\x03\x00\x01\x00\x23\x00\x00\x04\x00\x01\x00\x24\x00\x00\x02"
  "\x00\x01\x00\x25\x00\x00\x20\x00\x01\x00\x26\x00\x00\x05\x00\x01\x00\x27\x00\x00"
  "\x25\x00\x01\x00\x28\x00\x00\x2f\x00\x01\x00\x29\x00\x00\x3e\x00\x01\x00\x2a\x00"
  "\x00\x0f\x00\x01\x00\x2b\x00\x00\x11\x00\x01\x00\x2c\x00\x00\x24\x00\x01\x00\x2d"
  "\x00\x00\x1f\x00\x01\x00\x2e\x00\x00\x13\x00\x01\x00\x2f\x00\x00\x1c\x00\x01\x00"
  "\x30\x00\x00\x18\x00\x01\x00\x31\x00\x00\x15\x00\x01\x00\x32\x00\x00\x10\x00\x01"
  "\x00\x33\x00\x00\x23\x00\x01\x00\x34\x00\x00\x1e\x00\x01\x00\x35\x00\x00\x12\x00"
  "\x01\x00\x36\x00\x00\x1a\x00\x01\x00\x37\x00\x00\x16\x00\x01\x00\x38\x00\x00\x14"
  "\x00\x01\x00\x39\x00\x00\x09\x00\x01\x00\x3a\x00\x00\x0c\x00\x01\x00\x3b\x00\x00"
  "\x0a\x00\x01\x00\x3c\x00\x00\x0d\x00\x01\x00\x3d\x00\x00\x06\x00\x01\x00\x3e\x00"
  "\x00\x08\x00\x01\x00\x3f\x00\x00\x0b\x00\x01\x00\x40\x00\x00\x07\x00\x01\x00\x41"
  "\x00\x00\x22\x00\x01\x00\x42\x00\x00\x21\x00\x01\x00\x43\x00\x00\x1d\x00\x01\x00"
  "\x44\x00\x00\x19\x00\x01\x00\x45\x00\x00\x1b\x00\x01\x00\x46\x00\x00\x17\x00\x01"
  "\x00\xff\xff\x07\x00\x00\x00\x00\x00\x00\x00\x00\x00\x00\x00\x00\x00\x04\x00\x00"
  "\x00\x00\x00\x00\x00\x00\x00\x00\x00\x00\x00\x00\x00\x00\x00\x00\x00\x00\x00\x00"
  "\x00\x00\x00\x00\x00\x00\x00\x00\x00\x00\x00\xf8\xff\xff\xff\xff\xff\x3f\x00\x00"
  "\x00\x00\x00\x00\x00\x00\x00\x00\x00\x00\x00\x00\x00\x00\x00\x00\x00\x00\x00\x00"
  "\x00\x01\x00\x00\x00\x00\x00\x00\x00\x00\x00\x00\x00\x00\x00\x00\x00\x00\x00\xf8"
  "\xff\xff\xff\xff\xff\x3f\x00\x00\x00\x00\x00\x00\x00\x00\x00\x00\x00\x00\x00\x00"
  "\x00\x00\x00\x00\x00\x00\x00\x00\x00\x02\x00\x00\x00\x00\x00\x00\x00\x00\x00\x00"
  "\x00\x00\x00\x00\x00\xff\xff\x07\x00\x00\x00\x00\x00\x00\x00\x00\x00\x00\x00\x00"
  "\x00\x03\x00\x00\x00\x00\x00\x00\x00\x00\x00\x00\x00\x00\x00\x00\x00\x01\x00\x00"
  "\x00\x00\x00\x00\x00\x00\x00\x00\x00\x00\x00\x00\x00\xff\xff\x07\x00\x00\x00\x00"
  "\x00\x00\x00\x00\x00\x00\x00\x00\x00\x03\x00\x00\x00\x00\x00\x00\x00\x00\x00\x00"
  "\x00\x00\x00\x00\x00\x02\x00\x00\x00\x00\x00\x00\x00\x00\x00\x00\x00\x00\x00\x00"
  "\x00\x05\x00\x00\x00\x00\x00\x00\x02\x00\x01\x00\x01\x00\x00\x03\x00\x01\x00\x02"
  "\x00\x00\x04\x00\x01\x00\x03\x00\x00\x00\x00\x01\x00\x04\x00\x00\x01\x00\x01\x00"
  "\x00\x00\x00\x00\x00\x00\x00\x00\x01\x00\x00\x00\x00\x00\x00\x00\x05\x00\x00\x00"
  "\x00\x00\x00\x00\x02\x00\x00\x00\x00\x00\x00\x00\x02\x00\x00\x00\x00\x00\x00\x00"
  "\x02\x00\x00\x00\x00\x00\x00\x00\x03\x00\x00\x00\x00\x00\x00\x00\x00\x01\x00\x01"
  "\x00\x00\x01\x00\x01\x00\x02\x00\x00\x02\x00\x01\x00\x80\x00\x00\x00\x00\x00\x00"
  "\x00\x00\x00\x00\x00\x00\x00\x00\x00\x20\x00\x00\x00\x00\x00\x00\x00\x00\x00\x00"
  "\x00\x00\x00\x00\x00\x40\x00\x00\x00\x00\x00\x00\x00\x00\x00\x00\x00\x00\x00\x00"
  "\x00\x01\x00\x00\x00\x00\x00\x00\x00\x00\x00\x00\x00\x00\x00\x00\x00\x10\x00\x00"
  "\x00\x00\x00\x00\x00\x00\x00\x00\x00\x00\x00\x00\x00\x02\x00\x00\x00\x00\x00\x00"
  "\x00\x00\x00\x00\x00\x00\x00\x00\x00\x08\x00\x00\x00\x00\x00\x00\x00\x00\x00\x00"
  "\x00\x00\x00\x00\x00\x04\x00\x00\x00\x00\x00\x00\x00\x00\x00\x00\x00\x00\x00\x00"
  "\x00\x00\x00\x00\x00\x00\x00\x00\x00\x01\x00\x00\x00\x00\x00\x00\x00\x00\x00\x00"
  "\x00\x00\x00\x00\x00\x02\x00\x00\x00\x00\x00\x00\x00\x20\x00\x00\x00\x00\x00\x00"
  "\x00\x00\x01\x00\x00\x00\x00\x0f\x00\x01\x00\x01\x00\x00\x01\x00\x01\x00\x01\x00"
  "\x00\x0d\x00\x01\x00\x02\x00\x00\x02\x00\x01\x00\x02\x00\x00\x0e\x00\x01\x00\x03"
  "\x00\x00\x03\x00\x01\x00\x03\x00\x00\x08\x00\x01\x00\x04\x00\x00\x04\x00\x01\x00"
  "\x04\x00\x00\x0c\x00\x01\x00\x05\x00\x00\x05\x00\x01\x00\x05\x00\x00\x09\x00\x01"
  "\x00\x06\x00\x00\x06\x00\x01\x00\x06\x00\x00\x0b\x00\x01\x00\x07\x00\x00\x07\x00"
  "\x01\x00\x07\x00\x00\x0a\x00\x01\x00\x08\x00\x00\x00\x00\x01\x00\x08\x00\x00\x01"
  "\x00\x01\x00\x08\x00\x00\x02\x00\x01\x00\x08\x00\x00\x03\x00\x01\x00\x08\x00\x00"
  "\x04\x00\x01\x00\x08\x00\x00\x05\x00\x01\x00\x08\x00\x00\x06\x00\x01\x00\x08\x00"
  "\x00\x07\x00\x01\x00\x09\x00\x00\x08\x00\x01\x00\x09\x00\x00\x09\x00\x01\x00\x09"
  "\x00\x00\x0a\x00\x01\x00\x09\x00\x00\x0b\x00\x01\x00\x09\x00\x00\x0c\x00\x01\x00"
  "\x09\x00\x00\x0d\x00\x01\x00\x09\x00\x00\x0e\x00\x01\x00\x09\x00\x00\x0f\x00\x01"
  "\x00\x23\x00\x00\x00\x00\x00\x00\x00\x88\x20\x00\x00\x00\x00\x00\x00\xee\x00\x00"
  "\x00\x00\x00\x00\x00\x11\xff\x00\x00\x00\x00\x00\x00\x1f\xfe\x00\x00\x00\x00\x00"
  "\x00\xe0\x01\x00\x00\x00\x00\x00\x00\x08\x00\x00\x00\x00\x00\x00\x00\x00\x02\x00"
  "\x01\x00\x00\x02\x00\x02\x00\x02\x00\x00\x01\x00\x01\x00\x03\x00\x00\x03\x00\x01"
  "\x00\x04\x00\x01\x00\x00\x01\x00\x05\x00\x01\x01\x00\x01\x00\x02\x00\x02\x01\x00"
  "\x01\x00\x03\x00\x02\x00\x00\x01\x00\x03\x00\x00\x00\x00\x00\x00\x00\x04\x00\x00"
  "\x00\x00\x00\x00\x00\x48\x00\x00\x00\x00\x00\x00\x00\x10\x00\x00\x00\x00\x00\x00"
  "\x00\x20\x00\x00\x00\x00\x00\x00\x00\x80\x00\x00\x00\x00\x00\x00\x00\x00\x01\x00"
  "\x00\x00\x00\x00\x00\x07\x00\x00\x00\x00\x00\x00\x00\x00\x01\x00\x01\x00\x00\x01"
  "\x00\x01\x00\x02\x00\x00\x02\x00\x01\x00\x03\x00\x00\x03\x00\x01\x00\x04\x00\x00"
  "\x04\x00\x01\x00\x05\x00\x00\x05\x00\x01\x00\x06\x00\x00\x06\x00\x01\x00\x00\x00"
  "\xf8\xff\xff\xff\xff\xff\x3f\x00\x00\x00\x00\x00\x00\x00\x01\x00\x00\x00\x00\x00"
  "\x00\x00\x00\x00\x00\x00\x00\x00\x00\x00\x00\x00\xf8\xff\xff\xff\xff\xff\x3f\x00"
  "\x00\x00\x00\x00\x00\x00\x02\x00\x00\x00\x00\x00\x00\x00\x00\x00\x00\x00\x00\x00"
  "\x00\x00\x00\x00\x00\x00\x00\x00\x00\x00\x00\x00\x00\x00\x00\x00\x00\x00\x01\x00"
  "\x00\x00\x00\x00\x00\x00\x00\x00\x00\x00\x00\x00\x00\x00\x00\x00\x00\x00\x00\x00"
  "\x00\x00\x00\x00\x00\x00\x00\x00\x00\x00\x02\x00\x00\x00\x00\x00\x00\x00\x00\x00"
  "\x00\x00\x00\x00\x00\x00\x00\x00\x01\x00\x00\x00\x00\x00\x00\x00\x00\x00\x00\x00"
  "\x00\x00\x00\x00\x00\x00\x00\x00\x00\x00\x00\x00\x00\x00\x00\x00\x00\x00\x00\x00"
  "\x08\x00\x00\x00\x00\x00\x00\x00\x00\x00\x00\x00\x00\x00\x00\x00\x00\x00\x00\x00"
  "\x00\x00\x00\x00\x00\x00\x00\x00\x00\x00\x00\x00\x00\x00\x00\x40\x00\x00\x00\x00"
  "\x00\x00\x00\x00\x00\x00\x00\x00\x00\x00\x00\x00\x00\x00\x00\x00\x00\x00\x00\x00"
  "\x00\x00\x00\x00\x00\x00\x00\x00\x20\x00\x00\x00\x00\x00\x00\x00\x00\x00\x00\x00"
  "\x00\x00\x00\x00\x00\x00\x00\x00\x00\x00\x00\x00\x00\x00\x00\x00\x00\x00\x40\x00"
  "\x00\x00\x00\x00\x00\x00\x00\x00\x00\x00\x00\x00\x00\x00\x00\x00\x00\x00\x00\x00"
  "\x00\x00\x00\x00\x00\x00\x00\x00\x00\x00\x00\x02\x00\x00\x00\x00\x00\x00\x00\x00"
  "\x00\x00\x00\x00\x00\x00\x00\x00\x00\x00\x00\x00\x00\x00\x00\x00\x00\x00\x00\x00"
  "\x00\x08\x00\x00\x00\x00\x00\x00\x00\x00\x00\x00\x00\x00\x00\x00\x00\x00\x00\x00"
  "\x00\x00\x00\x00\x00\x00\x00\x00\x00\x00\x00\x40\x00\x00\x00\x00\x00\x00\x00\x00"
  "\x00\x00\x00\x00\x00\x00\x00\x00\x00\x00\x00\x00\x00\x00\x00\x00\x00\x00\x00\x00"
  "\x00\x00\x00\x00\x00\x20\x00\x00\x00\x00\x00\x00\x00\x00\x00\x00\x00\x00\x00\x00"
  "\x00\x00\x00\x00\x00\x00\x00\x00\x00\x00\x00\x00\x00\x00\x00\x00\x00\x00\x00\x04"
  "\x00\x00\x00\x00\x00\x00\x00\x00\x00\x00\x00\x00\x00\x00\x00\x00\x00\x00\x00\x00"
  "\x00\x00\x00\x00\x00\x00\x00\x00\x00\x00\x01\x00\x00\x00\x00\x00\x00\x00\x00\x00"
  "\x00\x00\x00\x00\x00\x00\x00\x00\x00\x00\x00\x00\x00\x00\x00\x00\x00\x00\x00\x00"
  "\x00\x10\x00\x00\x00\x00\x00\x00\x00\x00\x00\x00\x00\x00\x00\x00\x00\x00\x00\x00"
  "\x00\x00\x00\x00\x00\x00\x00\x00\x00\x00\x00\x02\x00\x00\x00\x00\x00\x00\x00\x00"
  "\x00\x00\x00\x00\x00\x00\x00\x00\x00\x00\x00\x00\x00\x00\x00\x00\x00\x00\x00\x00"
  "\x00\x00\x00\x00\x02\x00\x00\x00\x00\x00\x00\x00\x00\x00\x00\x00\x00\x00\x00\x00"
  "\x00\x00\x00\x00\x00\x00\x00\x00\x00\x00\x00\x00\x00\x00\x10\x00\x00\x00\x00\x00"
  "\x00\x00\x00\x00\x00\x00\x00\x00\x00\x00\x00\x00\x00\x00\x00\x00\x00\x00\x00\x00"
  "\x00\x00\x00\x00\x00\x00\x00\x20\x00\x00\x00\x00\x00\x00\x00\x00\x00\x00\x00\x00"
  "\x00\x00\x00\x00\x00\x00\x00\x00\x00\x00\x00\x00\x00\x00\x00\x00\x00\x00\x00\x00"
  "\x00\x00\x00\x08\x00\x00\x00\x00\x00\x00\x00\x00\x00\x00\x00\x00\x00\x00\x00\x00"
  "\x00\x00\x00\x00\x00\x00\x00\x00\x00\x00\x00\x00\x00\x00\x00\x10\x00\x00\x00\x00"
  "\x00\x00\x00\x00\x00\x00\x00\x00\x00\x00\x00\x00\x00\x00\x00\x00\x00\x00\x00\x00"
  "\x00\x00\x00\x00\x80\x00\x00\x00\x00\x00\x00\x00\x00\x00\x00\x00\x00\x00\x00\x00"
  "\x00\x00\x00\x00\x00\x00\x00\x00\x00\x00\x00\x00\x00\x00\x00\x00\x00\x01\x00\x00"
  "\x00\x00\x00\x00\x00\x00\x00\x00\x00\x00\x00\x00\x00\x00\x00\x00\x00\x00\x00\x00"
  "\x00\x00\x00\x00\x00\x00\x00\x00\x00\x00\x00\x00\x00\x00\x08\x00\x00\x00\x00\x00"
  "\x00\x00\x00\x00\x00\x00\x00\x00\x00\x00\x00\x00\x00\x00\x00\x00\x00\x00\x00\x00"
  "\x00\x00\x00\x00\x00\x10\x00\x00\x00\x00\x00\x00\x00\x00\x00\x00\x00\x00\x00\x00"
  "\x00\x00\x00\x00\x00\x00\x00\x00\x00\x00\x00\x00\x00\x00\x00\x00\x00\x20\x00\x00"
  "\x00\x00\x00\x00\x00\x00\x00\x00\x00\x00\x00\x00\x00\x00\x00\x00\x00\x00\x00\x00"
  "\x00\x00\x00\x00\x00\x00\x00\x00\x00\x40\x00\x00\x00\x00\x00\x00\x00\x00\x00\x00"
  "\x00\x00\x00\x00\x00\x00\x00\x00\x00\x00\x00\x00\x00\x00\x00\x00\x00\x00\x00\x00"
  "\x00\x80\x00\x00\x00\x00\x00\x00\x00\x00\x00\x00\x00\x00\x00\x00\x00\x00\x00\x00"
  "\x00\x00\x00\x00\x00\x00\x00\x00\x00\x00\x00\x00\x00\x00\x04\x00\x00\x00\x00\x00"
  "\x00\x00\x00\x00\x00\x00\x00\x00\x00\x00\x00\x00\x00\x00\x00\x00\x00\x00\x00\x00"
  "\x00\x00\x00\x00\x00\x00\x01\x00\x00\x00\x00\x00\x00\x00\x00\x00\x00\x00\x00\x00"
  "\x00\x00\x00\x00\x00\x00\x00\x00\x00\x00\x00\x00\x00\x00\x00\x00\x00\x00\x02\x00"
  "\x00\x00\x00\x00\x00\x00\x00\x00\x00\x00\x00\x00\x00\x00\x00\x00\x00\x00\x00\x00"
  "\x00\x00\x00\x00\x00\x00\x00\x00\x02\x00\x00\x00\x00\x00\x00\x00\x00\x00\x00\x00"
  "\x00\x00\x00\x00\x00\x00\x00\x00\x00\x00\x00\x00\x00\x00\x00\x00\x00\x00\x00\x00"
  "\x00\x01\x00\x00\x00\x00\x00\x00\x00\x00\x00\x00\x00\x00\x00\x00\x00\x00\x00\x00"
  "\x00\x00\x00\x00\x00\x00\x00\x00\x00\x00\x02\x00\x00\x00\x00\x00\x00\x00\x00\x00"
  "\x00\x00\x00\x00\x00\x00\x00\x00\x00\x00\x00\x00\x00\x00\x00\x00\x00\x00\x00\x00"
  "\x20\x00\x00\x00\x00\x00\x00\x00\x00\x00\x00\x00\x00\x00\x00\x00\x00\x00\x00\x00"
  "\x00\x00\x00\x00\x00\x00\x00\x00\x00\x00\x00\x00\x04\x00\x00\x00\x00\x00\x00\x00"
  "\x00\x00\x00\x00\x00\x00\x00\x00\x00\x00\x00\x00\x00\x00\x00\x00\x00\x00\x00\x00"
  "\x00\x00\x01\x00\x00\x00\x00\x00\x00\x00\x00\x00\x00\x00\x00\x00\x00\x00\x00\x00"
  "\x00\x00\x00\x00\x00\x00\x00\x00\x00\x00\x00\x00\x00\x00\x00\x00\x00\x00\x00\x00"
  "\x1c\x00\x00\x00\x00\x00\x00\x00\x00\x00\x00\x00\x00\x00\x00\x00\x00\x00\x00\x00"
  "\x00\x00\x00\x00\x00\x00\x00\x00\x00\x00\x00\x00\x00\x0e\x00\x00\x00\x00\x00\x00"
  "\x00\x00\x00\x00\x00\x00\x00\x00\x00\x00\x00\x00\x00\x00\x00\x00\x00\x00\x00\x00"
  "\x00\x00\x00\x00\x01\x00\x00\x00\x00\x00\x00\x00\x00\x00\x00\x00\x00\x00\x00\x00"
  "\x00\x00\x00\x00\x00\x00\x00\x00\x00\x00\x00\x00\x00\x00\x00\x00\x80\x00\x00\x00"
  "\x00\x00\x00\x00\x00\x00\x00\x00\x00\x00\x00\x00\x00\x00\x00\x00\x00\x00\x00\x00"
  "\x00\x00\x00\x00\x00\x00\x00\x00\x00\x00\x10\x00\x00\x00\x00\x00\x00\x00\x00\x00"
  "\x00\x00\x00\x00\x00\x00\x00\x00\x00\x00\x00\x00\x00\x00\x00\x00\x00\x00\x00\x00"
  "\x00\x00\x20\x00\x00\x00\x00\x00\x00\x00\x00\x00\x00\x00\x00\x00\x00\x00\x00\x00"
  "\x00\x00\x00\x00\x00\x00\x00\x00\x00\x00\x00\x80\x00\x00\x00\x00\x00\x00\x00\x00"
  "\x00\x00\x00\x00\x00\x00\x00\x00\x00\x00\x00\x00\x00\x00\x00\x00\x00\x00\x00\x00"
  "\x00\x00\x00\x00\x40\x00\x00\x00\x00\x00\x00\x00\x00\x00\x00\x00\x00\x00\x00\x00"
  "\x00\x00\x00\x00\x00\x00\x00\x00\x00\x00\x00\x08\x00\x00\x00\x00\x00\x00\x00\x00"
  "\x00\x00\x00\x00\x00\x00\x00\x00\x00\x00\x00\x00\x00\x00\x00\x00\x00\x00\x00\x00"
  "\x00\x00\x00\x01\x00\x00\x00\x00\x00\x00\x00\x00\x00\x00\x00\x00\x00\x00\x00\x00"
  "\x00\x00\x00\x00\x00\x00\x00\x00\x00\x00\x00\x00\x00\x00\x00\x00\x40\x00\x00\x00"
  "\x00\x00\x00\x00\x00\x00\x00\x00\x00\x00\x00\x00\x00\x00\x00\x00\x00\x00\x00\x00"
  "\x00\x00\x00\x00\x00\x00\x00\x00\x00\x02\x00\x00\x00\x00\x00\x00\x00\x00\x00\x00"
  "\x00\x00\x00\x00\x00\x00\x00\x00\x00\x00\x00\x00\x00\x00\x00\x00\x00\x00\x00\x80"
  "\x00\x00\x00\x00\x00\x00\x00\x00\x00\x00\x00\x00\x00\x00\x00\x00\x00\x00\x00\x00"
  "\x00\x00\x00\x00\x00\x00\x00\x00\x00\x00\x00\x00\x00\x00\x00\x01\x00\x00\x00\x00"
  "\x00\x00\x00\x00\x00\x00\x00\x00\x00\x00\x00\x00\x00\x00\x00\x00\x00\x00\x00\x00"
  "\x00\x00\x00\x00\x00\x00\x00\x20\x00\x00\x00\x00\x00\x00\x00\x00\x00\x00\x00\x00"
  "\x00\x00\x00\x00\x00\x00\x00\x00\x00\x00\x00\x00\x00\x00\x20\x00\x00\x00\x00\x00"
  "\x00\x00\x00\x00\x00\x00\x00\x00\x00\x00\x00\x00\x00\x00\x00\x00\x00\x00\x00\x00"
  "\x00\x00\x00\x00\x00\x00\x00\x00\x00\x04\x00\x00\x00\x00\x00\x00\x00\x00\x00\x00"
  "\x00\x00\x00\x00\x00\x00\x00\x00\x00\x00\x00\x00\x00\x00\x00\x00\x00\x00\x80\x00"
  "\x00\x00\x00\x00\x00\x00\x00\x00\x00\x00\x00\x00\x00\x00\x00\x00\x00\x00\x00\x00"
  "\x00\x00\x00\x00\x00\x00\x00\x00\x00\x00\x00\x00\x00\x00\x08\x00\x00\x00\x00\x00"
  "\x00\x00\x00\x00\x00\x00\x00\x00\x00\x00\x00\x00\x00\x00\x00\x00\x00\x00\x00\x00"
  "\x00\x00\x00\x00\x00\x00\x10\x00\x00\x00\x00\x00\x00\x00\x00\x00\x00\x00\x00\x00"
  "\x00\x00\x00\x00\x00\x00\x00\x00\x00\x00\x00\x00\x00\x00\x40\x00\x00\x00\x00\x00"
  "\x00\x00\x00\x00\x00\x00\x00\x00\x00\x00\x00\x00\x00\x00\x00\x00\x00\x00\x00\x00"
  "\x00\x00\x00\x00\x00\x00\x00\x04\x00\x00\x00\x00\x00\x00\x00\x00\x00\x00\x00\x00"
  "\x00\x00\x00\x00\x00\x00\x00\x00\x00\x00\x00\x00\x00\x00\x00\x00\x00\x00\x00\x00"
  "\x00\x80\x00\x00\x00\x00\x00\x00\x00\x00\x00\x00\x00\x00\x00\x00\x00\x00\x00\x00"
  "\x00\x00\x00\x00\x00\x00\x00\x00\x00\x00\x08\x00\x00\x00\x00\x00\x00\x00\x00\x00"
  "\x00\x00\x00\x00\x00\x00\x00\x00\x00\x00\x00\x00\x00\x00\x00\x00\x00\x00\x00\x00"
  "\x00\x00\x00\x00\x00\x00\x80\x00\x00\x00\x00\x00\x00\x00\x00\x00\x00\x00\x00\x00"
  "\x00\x00\x00\x00\x00\x00\x00\x00\x00\x00\x00\x00\x00\x00\x00\x00\x00\x00\x20\x00"
  "\x00\x00\x00\x00\x00\x00\x00\x00\x00\x00\x00\x00\x00\x00\x00\x00\x00\x00\x00\x00"
  "\x00\x00\x00\x00\x00\x00\x02\x00\x00\x00\x00\x00\x00\x00\x00\x00\x00\x00\x00\x00"
  "\x00\x00\x00\x00\x00\x00\x00\x00\x00\x00\x00\x00\x00\x00\x00\x00\x00\x00\x00\x00"
  "\x00\x40\x00\x00\x00\x00\x00\x00\x00\x00\x00\x00\x00\x00\x00\x00\x00\x00\x00\x00"
  "\x00\x00\x00\x00\x00\x00\x00\x00\x00\x00\x00\x10\x00\x00\x00\x00\x00\x00\x00\x00"
  "\x00\x00\x00\x00\x00\x00\x00\x00\x00\x00\x00\x00\x00\x00\x00\x00\x00\x00\x00\x00"
  "\x00\x00\x00\x00\x10\x00\x00\x00\x00\x00\x00\x00\x00\x00\x00\x00\x00\x00\x00\x00"
  "\x00\x00\x00\x00\x00\x00\x00\x00\x00\x00\x00\x00\x00\x00\x00\x00\x00\x00\x04\x00"
  "\x00\x00\x00\x00\x00\x00\x00\x00\x00\x00\x00\x00\x00\x00\x00\x00\x00\x00\x00\x00"
  "\x00\x00\x00\x00\x00\x00\x04\x00\x00\x00\x00\x00\x00\x00\x00\x00\x00\x00\x00\x00"
  "\x00\x00\x00\x00\x00\x00\x00\x00\x00\x00\x00\x00\x00\x00\x00\x00\x00\x00\xe2\x00"
  "\x00\x00\x00\x00\x00\x03\x00\x02\x00\x01\x00\x00\x04\x00\x02\x00\x02\x00\x00\x00"
  "\x00\x01\x00\x03\x00\x00\x01\x00\x01\x00\x02\x00\x01\x00\x00\x01\x00\x02\x00\x01"
  "\x01\x00\x01\x00\x02\x00\x01\x02\x00\x01\x00\x02\x00\x01\x03\x00\x01\x00\x02\x00"
  "\x01\x04\x00\x01\x00\x02\x00\x01\x07\x00\x01\x00\x02\x00\x01\x0a\x00\x01\x00\x02"
  "\x00\x01\x0d\x00\x01\x00\x02\x00\x01\x0e\x00\x01\x00\x02\x00\x01\x0f\x00\x01\x00"
  "\x02\x00\x01\x10\x00\x01\x00\x02\x00\x01\x11\x00\x01\x00\x02\x00\x01\x13\x00\x01"
  "\x00\x02\x00\x01\x14\x00\x01\x00\x02\x00\x01\x15\x00\x01\x00\x02\x00\x01\x16\x00"
  "\x01\x00\x02\x00\x01\x17\x00\x01\x00\x02\x00\x01\x18\x00\x01\x00\x02\x00\x01\x19"
  "\x00\x01\x00\x02\x00\x01\x1c\x00\x01\x00\x02\x00\x01\x1d\x00\x01\x00\x02\x00\x01"
  "\x27\x00\x01\x00\x02\x00\x01\x28\x00\x01\x00\x02\x00\x01\x29\x00\x01\x00\x02\x00"
  "\x01\x2a\x00\x01\x00\x02\x00\x01\x2b\x00\x01\x00\x02\x00\x01\x2d\x00\x01\x00\x02"
  "\x00\x01\x30\x00\x01\x00\x02\x00\x01\x31\x00\x01\x00\x02\x00\x01\x32\x00\x01\x00"
  "\x02\x00\x01\x33\x00\x01\x00\x02\x00\x01\x36\x00\x01\x00\x02\x00\x01\x37\x00\x01"
  "\x00\x02\x00\x01\x38\x00\x01\x00\x02\x00\x01\x39\x00\x01\x00\x02\x00\x01\x3b\x00"
  "\x01\x00\x02\x00\x01\x3c\x00\x01\x00\x02\x00\x01\x3d\x00\x01\x00\x02\x00\x01\x3f"
  "\x00\x01\x00\x02\x00\x01\x40\x00\x01\x00\x02\x00\x01\x41\x00\x01\x00\x02\x00\x01"
  "\x42\x00\x01\x00\x02\x00\x01\x43\x00\x01\x00\x02\x00\x01\x44\x00\x01\x00\x02\x00"
  "\x01\x46\x00\x01\x00\x02\x00\x01\x47\x00\x01\x00\x02\x00\x01\x48\x00\x01\x00\x02"
  "\x00\x01\x49\x00\x01\x00\x02\x00\x01\x4a\x00\x01\x00\x02\x00\x01\x4b\x00\x01\x00"
  "\x02\x00\x01\x4c\x00\x01\x00\x02\x00\x01\x4d\x00\x01\x00\x02\x00\x01\x4e\x00\x01"
  "\x00\x02\x00\x01\x51\x00\x01\x00\x02\x00\x01\x52\x00\x01\x00\x02\x00\x01\x53\x00"
  "\x01\x00\x02\x00\x01\x55\x00\x01\x00\x02\x00\x01\x56\x00\x01\x00\x02\x00\x01\x57"
  "\x00\x01\x00\x02\x00\x01\x59\x00\x01\x00\x02\x00\x01\x5a\x00\x01\x00\x03\x00\x01"
  "\x00\x00\x01\x00\x03\x00\x01\x01\x00\x01\x00\x03\x00\x01\x04\x00\x01\x00\x03\x00"
  "\x01\x05\x00\x01\x00\x03\x00\x01\x06\x00\x01\x00\x03\x00\x01\x07\x00\x01\x00\x03"
  "\x00\x01\x08\x00\x01\x00\x03\x00\x01\x09\x00\x01\x00\x03\x00\x01\x0b\x00\x01\x00"
  "\x03\x00\x01\x0c\x00\x01\x00\x03\x00\x01\x0d\x00\x01\x00\x03\x00\x01\x0e\x00\x01"
  "\x00\x03\x00\x01\x0f\x00\x01\x00\x03\x00\x01\x11\x00\x01\x00\x03\x00\x01\x12\x00"
  "\x01\x00\x03\x00\x01\x1a\x00\x01\x00\x03\x00\x01\x1b\x00\x01\x00\x03\x00\x01\x1c"
  "\x00\x01\x00\x03\x00\x01\x1d\x00\x01\x00\x03\x00\x01\x1e\x00\x01\x00\x03\x00\x01"
  "\x1f\x00\x01\x00\x03\x00\x01\x20\x00\x01\x00\x03\x00\x01\x21\x00\x01\x00\x03\x00"
  "\x01\x22\x00\x01\x00\x03\x00\x01\x23\x00\x01\x00\x03\x00\x01\x24\x00\x01\x00\x03"
  "\x00\x01\x25\x00\x01\x00\x03\x00\x01\x26\x00\x01\x00\x03\x00\x01\x27\x00\x01\x00"
  "\x03\x00\x01\x28\x00\x01\x00\x03\x00\x01\x2c\x00\x01\x00\x03\x00\x01\x2d\x00\x01"
  "\x00\x03\x00\x01\x2e\x00\x01\x00\x03\x00\x01\x2f\x00\x01\x00\x03\x00\x01\x31\x00"
  "\x01\x00\x03\x00\x01\x33\x00\x01\x00\x03\x00\x01\x34\x00\x01\x00\x03\x00\x01\x35"
  "\x00\x01\x00\x03\x00\x01\x38\x00\x01\x00\x03\x00\x01\x39\x00\x01\x00\x03\x00\x01"
  "\x3b\x00\x01\x00\x03\x00\x01\x3c\x00\x01\x00\x03\x00\x01\x3e\x00\x01\x00\x03\x00"
  "\x01\x42\x00\x01\x00\x03\x00\x01\x43\x00\x01\x00\x03\x00\x01\x45\x00\x01\x00\x03"
  "\x00\x01\x4c\x00\x01\x00\x03\x00\x01\x4f\x00\x01\x00\x03\x00\x01\x50\x00\x01\x00"
  "\x03\x00\x01\x51\x00\x01\x00\x03\x00\x01\x54\x00\x01\x00\x03\x00\x01\x58\x00\x01"
  "\x00\x03\x00\x01\x59\x00\x01\x00\x04\x00\x01\x00\x00\x01\x00\x05\x00\x01\x01\x00"
  "\x01\x00\x06\x00\x01\x02\x00\x01\x00\x06\x00\x01\x1e\x00\x01\x00\x07\x00\x01\x03"
  "\x00\x01\x00\x07\x00\x01\x1e\x00\x01\x00\x08\x00\x01\x04\x00\x01\x00\x09\x00\x01"
  "\x05\x00\x01\x00\x09\x00\x01\x44\x00\x01\x00\x0a\x00\x01\x06\x00\x01\x00\x0a\x00"
  "\x01\x2a\x00\x01\x00\x0b\x00\x01\x07\x00\x01\x00\x0c\x00\x01\x08\x00\x01\x00\x0c"
  "\x00\x01\x0a\x00\x01\x00\x0d\x00\x01\x09\x00\x01\x00\x0d\x00\x01\x0a\x00\x01\x00"
  "\x0e\x00\x01\x0b\x00\x01\x00\x0e\x00\x01\x10\x00\x01\x00\x0f\x00\x01\x0c\x00\x01"
  "\x00\x0f\x00\x01\x2b\x00\x01\x00\x10\x00\x01\x0d\x00\x01\x00\x11\x00\x01\x0e\x00"
  "\x01\x00\x12\x00\x01\x0f\x00\x01\x00\x13\x00\x01\x11\x00\x01\x00\x14\x00\x01\x12"
  "\x00\x01\x00\x14\x00\x01\x46\x00\x01\x00\x15\x00\x01\x12\x00\x01\x00\x15\x00\x01"
  "\x47\x00\x01\x00\x16\x00\x01\x12\x00\x01\x00\x16\x00\x01\x48\x00\x01\x00\x17\x00"
  "\x01\x12\x00\x01\x00\x17\x00\x01\x49\x00\x01\x00\x18\x00\x01\x13\x00\x01\x00\x18"
  "\x00\x01\x20\x00\x01\x00\x19\x00\x01\x14\x00\x01\x00\x19\x00\x01\x45\x00\x01\x00"
  "\x1a\x00\x01\x14\x00\x01\x00\x1a\x00\x01\x58\x00\x01\x00\x1b\x00\x01\x15\x00\x01"
  "\x00\x1b\x00\x01\x45\x00\x01\x00\x1c\x00\x01\x15\x00\x01\x00\x1c\x00\x01\x58\x00"
  "\x01\x00\x1d\x00\x01\x16\x00\x01\x00\x1d\x00\x01\x20\x00\x01\x00\x1e\x00\x01\x17"
  "\x00\x01\x00\x1e\x00\x01\x21\x00\x01\x00\x1f\x00\x01\x17\x00\x01\x00\x1f\x00\x01"
  "\x22\x00\x01\x00\x20\x00\x01\x18\x00\x01\x00\x20\x00\x01\x23\x00\x01\x00\x21\x00"
  "\x01\x19\x00\x01\x00\x21\x00\x01\x23\x00\x01\x00\x22\x00\x01\x1a\x00\x01\x00\x22"
  "\x00\x01\x30\x00\x01\x00\x23\x00\x01\x1b\x00\x01\x00\x23\x00\x01\x5a\x00\x01\x00"
  "\x24\x00\x01\x1c\x00\x01\x00\x25\x00\x01\x1d\x00\x01\x00\x26\x00\x01\x1f\x00\x01"
  "\x00\x26\x00\x01\x56\x00\x01\x00\x27\x00\x01\x1f\x00\x01\x00\x27\x00\x01\x57\x00"
  "\x01\x00\x28\x00\x01\x24\x00\x01\x00\x28\x00\x01\x36\x00\x01\x00\x29\x00\x01\x24"
  "\x00\x01\x00\x29\x00\x01\x37\x00\x01\x00\x2a\x00\x01\x25\x00\x01\x00\x2a\x00\x01"
  "\x4d\x00\x01\x00\x2b\x00\x01\x25\x00\x01\x00\x2b\x00\x01\x4e\x00\x01\x00\x2c\x00"
  "\x01\x26\x00\x01\x00\x2c\x00\x01\x52\x00\x01\x00\x2d\x00\x01\x26\x00\x01\x00\x2d"
  "\x00\x01\x53\x00\x01\x00\x2e\x00\x01\x27\x00\x01\x00\x2f\x00\x01\x28\x00\x01\x00"
  "\x30\x00\x01\x29\x00\x01\x00\x30\x00\x01\x35\x00\x01\x00\x31\x00\x01\x2c\x00\x01"
  "\x00\x31\x00\x01\x32\x00\x01\x00\x32\x00\x01\x2d\x00\x01\x00\x33\x00\x01\x2e\x00"
  "\x01\x00\x33\x00\x01\x4a\x00\x01\x00\x34\x00\x01\x2f\x00\x01\x00\x34\x00\x01\x4b"
  "\x00\x01\x00\x35\x00\x01\x31\x00\x01\x00\x36\x00\x01\x32\x00\x01\x00\x36\x00\x01"
  "\x50\x00\x01\x00\x37\x00\x01\x33\x00\x01\x00\x38\x00\x01\x34\x00\x01\x00\x38\x00"
  "\x01\x40\x00\x01\x00\x39\x00\x01\x34\x00\x01\x00\x39\x00\x01\x41\x00\x01\x00\x3a"
  "\x00\x01\x38\x00\x01\x00\x3b\x00\x01\x39\x00\x01\x00\x3c\x00\x01\x3b\x00\x01\x00"
  "\x3d\x00\x01\x3c\x00\x01\x00\x3e\x00\x01\x3d\x00\x01\x00\x3e\x00\x01\x3e\x00\x01"
  "\x00\x3f\x00\x01\x3f\x00\x01\x00\x3f\x00\x01\x4f\x00\x01\x00\x40\x00\x01\x42\x00"
  "\x01\x00\x41\x00\x01\x43\x00\x01\x00\x42\x00\x01\x4c\x00\x01\x00\x43\x00\x01\x51"
  "\x00\x01\x00\x44\x00\x01\x54\x00\x01\x00\x44\x00\x01\x55\x00\x01\x00\x45\x00\x01"
  "\x59\x00\x01\x00\x00\x00\x00\x00\x00\x00\x00\x00\x00\x00\x00\x00\x00\x00\x00\x00"
  "\x04\x00\x00\x00\x00\x00\x00\x00\x00\x00\x00\x00\x00\x00\x00\x00\x00\x00\x00\x00"
  "\x00\x00\x00\x00\x00\x00\x00\x00\x00\x00\x00\x00\x02\x00\x00\x00\x00\x00\x00\x00"
  "\x00\x00\x00\x00\x00\x00\x00\x00\x00\x00\x00\x00\x00\x00\x00\x00\x00\x00\x00\x00"
  "\x00\x00\x00\x00\x00\x00\x00\x00\x00\x00\x00\x00\x00\x00\x00\x00\x00\x00\x00\x00"
  "\x01\x00\x00\x00\x00\x00\x00\x00\x00\x00\x00\x00\x00\x00\x00\x00\x00\x00\x00\x00"
  "\x00\x00\x00\x00\x00\x00\x00\x00\x00\x00\x00\x00\x00\x00\x00\x00\x00\x00\x00\x00"
  "\x00\x00\x00\x00\x00\x00\x00\x00\x04\x00\x00\x00\x00\x00\x00\x00\x00\x00\x00\x00"
  "\x00\x00\x00\x00\x00\x00\x00\x00\x00\x00\x00\x00\x00\x00\x00\x00\x00\x00\x00\x00"
  "\x00\x00\x00\x00\x00\x00\x00\x00\x00\x00\x00\x00\x00\x00\x00\x00\x08\x00\x00\x00"
  "\x00\x00\x00\x00\x00\x00\x00\x00\x00\x00\x00\x00\x00\x00\x00\x00\x00\x00\x00\x00"
  "\x00\x00\x00\x00\x00\x00\x00\x00\x00\x00\x00\x00\x00\x00\x00\x00\x00\x00\x00\x00"
  "\x00\x00\x00\x00\x10\x00\x00\x00\x00\x00\x00\x00\x00\x00\x00\x00\x00\x00\x00\x00"
  "\x00\x00\x00\x00\x00\x00\x00\x00\x00\x00\x00\x00\x00\x00\x00\x00\x00\x00\x00\x00"
  "\x00\x00\x00\x00\x00\x00\x00\x00\x00\x00\x00\x00\x00\x01\x00\x00\x00\x00\x00\x00"
  "\x00\x00\x00\x00\x00\x00\x00\x00\x00\x00\x00\x00\x00\x00\x00\x00\x00\x00\x00\x00"
  "\x00\x00\x00\x00\x00\x00\x00\x00\x00\x00\x00\x00\x00\x00\x00\x00\x00\x00\x00\x00"
  "\x00\x00\x01\x00\x00\x00\x00\x00\x00\x00\x00\x00\x00\x00\x00\x00\x00\x00\x00\x00"
  "\x00\x00\x00\x00\x00\x00\x00\x00\x00\x00\x00\x00\x00\x00\x00\x00\x00\x00\x00\x00"
  "\x00\x00\x00\x00\x00\x00\x00\x00\x00\x00\x04\x00\x00\x00\x00\x00\x00\x00\x00\x00"
  "\x00\x00\x00\x00\x00\x00\x00\x00\x00\x00\x00\x00\x00\x00\x00\x00\x00\x00\x00\x00"
  "\x00\x00\x00\x00\x00\x00\x00\x00\x00\x00\x00\x00\x00\x00\x00\x00\x40\x00\x00\x00"
  "\x00\x00\x00\x00\x00\x00\x00\x00\x00\x00\x00\x00\x00\x00\x00\x00\x00\x00\x00\x00"
  "\x00\x00\x00\x00\x00\x00\x00\x00\x00\x00\x00\x00\x00\x00\x00\x00\x00\x00\x00\x00"
  "\x00\x00\x00\x00\x80\x00\x00\x00\x00\x00\x00\x00\x00\x00\x00\x00\x00\x00\x00\x00"
  "\x00\x00\x00\x00\x00\x00\x00\x00\x00\x00\x00\x00\x00\x00\x00\x00\x00\x00\x00\x00"
  "\x00\x00\x00\x00\x00\x00\x00\x00\x00\x00\x00\x00\x00\x10\x00\x00\x00\x00\x00\x00"
  "\x00\x00\x00\x00\x00\x00\x00\x00\x00\x00\x00\x00\x00\x00\x00\x00\x00\x00\x00\x00"
  "\x00\x00\x00\x00\x00\x00\x00\x00\x00\x00\x00\x00\x00\x00\x00\x00\x00\x00\x00\x00"
  "\x00\x20\x00\x00\x00\x00\x00\x00\x00\x00\x00\x00\x00\x00\x00\x00\x00\x00\x00\x00"
  "\x00\x00\x00\x00\x00\x00\x00\x00\x00\x00\x00\x00\x00\x00\x00\x00\x00\x00\x00\x00"
  "\x00\x00\x00\x00\x00\x00\x00\x00\x00\x40\x00\x00\x00\x00\x00\x00\x00\x00\x00\x00"
  "\x00\x00\x00\x00\x00\x00\x00\x00\x00\x00\x00\x00\x00\x00\x00\x00\x00\x00\x00\x00"
  "\x00\x00\x00\x00\x00\x00\x00\x00\x00\x00\x00\x00\x00\x00\x00\x00\x00\x80\x00\x00"
  "\x00\x00\x00\x00\x00\x00\x00\x00\x00\x00\x00\x00\x00\x00\x00\x00\x00\x00\x00\x00"
  "\x00\x00\x00\x00\x00\x00\x00\x00\x00\x00\x00\x00\x00\x00\x00\x00\x00\x00\x00\x00"
  "\x00\x00\x00\x00\x00\x02\x00\x00\x00\x00\x00\x00\x00\x00\x00\x00\x00\x00\x00\x00"
  "\x00\x00\x00\x00\x00\x00\x00\x00\x00\x00\x00\x00\x00\x00\x00\x00\x00\x00\x00\x00"
  "\x00\x00\x00\x00\x00\x00\x00\x00\x00\x00\x00\x00\x20\x00\x00\x00\x00\x00\x00\x00"
  "\x00\x00\x00\x00\x00\x00\x00\x00\x00\x00\x00\x00\x00\x00\x00\x00\x00\x00\x00\x00"
  "\x00\x00\x00\x00\x00\x00\x00\x00\x00\x00\x00\x00\x00\x00\x00\x00\x00\x00\x00\x00"
  "\x00\x04\x00\x00\x00\x00\x00\x00\x00\x00\x00\x00\x00\x00\x00\x00\x00\x00\x00\x00"
  "\x00\x00\x00\x00\x00\x00\x00\x00\x00\x00\x00\x00\x00\x00\x00\x00\x00\x00\x00\x00"
  "\x00\x00\x00\x00\x00\x00\x00\x00\x00\x00\x02\x00\x00\x00\x00\x00\x00\x00\x00\x00"
  "\x00\x00\x00\x00\x00\x00\x00\x00\x00\x00\x00\x00\x00\x00\x00\x00\x00\x00\x00\x00"
  "\x00\x00\x00\x00\x00\x00\x00\x00\x00\x00\x00\x00\x00\x00\x00\x00\x00\x08\x00\x00"
  "\x00\x00\x00\x00\x00\x00\x00\x00\x00\x00\x00\x00\x00\x00\x00\x00\x00\x00\x00\x00"
  "\x00\x00\x00\x00\x00\x00\x00\x00\x00\x00\x00\x00\x00\x00\x00\x00\x00\x00\x00\x00"
  "\x00\x00\x00\x00\x00\x00\xf8\xff\xff\xff\xff\xff\x3f\x00\x00\x00\x00\x00\x00\x00"
  "\x00\x00\x00\x00\x00\x00\x00\x00\x00\x00\x00\x00\x00\x00\x00\x00\x00\x00\x00\x00"
  "\x00\x00\x00\x00\x00\x00\x00\x00\x00\x00\x00\x00\x00\x00\x00\x00\x00\x00\x00\x00"
  "\x00\x00\x00\x00\x00\x00\x00\x00\x01\x00\x00\x00\x00\x00\x00\x00\x00\x00\x00\x00"
  "\x00\x00\x00\x00\x01\x00\x00\x00\x00\x00\x00\x00\x00\x00\x00\x00\x00\x00\x00\x00"
  "\x00\x00\x00\x00\x00\x00\x00\x00\x00\x00\x00\x00\x00\x00\x00\x00\x02\x00\x00\x00"
  "\x00\x00\x00\x00\x00\x00\x00\x00\x00\x00\x00\x00\x00\x00\x00\x00\x00\x00\x00\x00"
  "\x00\x00\x00\x00\x00\x00\x00\x00\x00\x00\x00\x00\x00\x00\x00\x00\x00\x00\x00\x00"
  "\x00\x00\x00\x00\x01\x00\x00\x00\x00\x00\x00\x00\x00\x00\x00\x00\x00\x00\x00\x00"
  "\x02\x00\x00\x00\x00\x00\x00\x00\x00\x00\x00\x00\x00\x00\x00\x00\x08\x00\x00\x00"
  "\x00\x00\x00\x00\x00\x00\x00\x00\x00\x00\x00\x00\x01\x00\x00\x00\x00\x00\x00\x00"
  "\x00\x00\x00\x00\x00\x00\x00\x00\x01\x00\x00\x00\x00\x00\x00\x00\x00\x00\x00\x00"
  "\x00\x00\x00\x00\x00\x08\x00\x00\x00\x00\x00\x00\x00\x00\x00\x00\x00\x00\x00\x00"
  "\x01\x00\x00\x00\x00\x00\x00\x00\x00\x00\x00\x00\x00\x00\x00\x00\x02\x00\x00\x00"
  "\x00\x00\x00\x00\x00\x00\x00\x00\x00\x00\x00\x00\x00\x00\x01\x00\x00\x00\x00\x00"
  "\x00\x00\x00\x00\x00\x00\x00\x00\x01\x00\x00\x00\x00\x00\x00\x00\x00\x00\x00\x00"
  "\x00\x00\x00\x00\x01\x00\x00\x00\x00\x00\x00\x00\x00\x00\x00\x00\x00\x00\x00\x00"
  "\x00\x00\x02\x00\x00\x00\x00\x00\x00\x00\x00\x00\x00\x00\x00\x00\x01\x00\x00\x00"
  "\x00\x00\x00\x00\x00\x00\x00\x00\x00\x00\x00\x00\x02\x00\x00\x00\x00\x00\x00\x00"
  "\x00\x00\x00\x00\x00\x00\x00\x00\xff\xff\x07\x00\x00\x00\x00\x00\x00\x00\x00\x00"
  "\x00\x00\x00\x00\x00\x00\x00\x00\x00\x00\x00\x00\x00\x00\x00\x00\x00\x00\x00\x00"
  "\x02\x00\x00\x00\x00\x00\x00\x00\x00\x00\x00\x00\x00\x00\x00\x00\xff\xff\x07\x00"
  "\x00\x00\x00\x00\x00\x00\x00\x00\x00\x00\x00\x00\x03\x00\x00\x00\x00\x00\x00\x00"
  "\x00\x00\x00\x00\x00\x00\x00\x00\x01\x00\x00\x00\x00\x00\x00\x00\x00\x00\x00\x00"
  "\x00\x00\x00\x00\xff\xff\x07\x00\x00\x00\x00\x00\x00\x00\x00\x00\x00\x00\x00\x00"
  "\x00\x00\x00\x00\x00\x00\x00\x00\x00\x00\x00\x00\x00\x00\x00\x00\x01\x00\x00\x00"
  "\x00\x00\x00\x00\x00\x00\x00\x00\x00\x00\x00\x00\xff\xff\x07\x00\x04\x00\x00\x00"
  "\x00\x00\x00\x00\x00\x00\x00\x00\x04\x00\x00\x00\x00\x00\x00\x00\x00\x00\x00\x00"
  "\x00\x00\x00\x00\x00\x00\x00\x00\x00\x00\x00\x00\x00\x00\x00\x00\x00\x00\x00\x00"
  "\xff\xff\x07\x00\x04\x00\x00\x00\x00\x00\x00\x00\x00\x00\x00\x00\x03\x00\x00\x00"
  "\x00\x00\x00\x00\x00\x00\x00\x00\x00\x00\x00\x00\x01\x00\x00\x00\x00\x00\x00\x00"
  "\x00\x00\x00\x00\x00\x00\x00\x00\xff\xff\x07\x00\x04\x00\x00\x00\x00\x00\x00\x00"
  "\x00\x00\x00\x00\x01\x00\x00\x00\x00\x00\x00\x00\x00\x00\x00\x00\x00\x00\x00\x00"
  "\x02\x00\x00\x00\x00\x00\x00\x00\x00\x00\x00\x00\x00\x00\x00\x00\xff\xff\x07\x00"
  "\x04\x00\x00\x00\x00\x00\x00\x00\x00\x00\x00\x00\x02\x00\x00\x00\x00\x00\x00\x00"
  "\x00\x00\x00\x00\x00\x00\x00\x00\x02\x00\x00\x00\x00\x00\x00\x00\x00\x00\x00\x00"
  "\x00\x00\x00\x00\xff\xff\x07\x00\x00\x00\x00\x00\x00\x00\x00\x00\x00\x00\x00\x00"
  "\x01\x00\x00\x00\x00\x00\x00\x00\x00\x00\x00\x00\x00\x00\x00\x00\x02\x00\x00\x00"
  "\x00\x00\x00\x00\x00\x00\x00\x00\x00\x00\x00\x00\xff\xff\x07\x00\x00\x00\x00\x00"
  "\x00\x00\x00\x00\x00\x00\x00\x00\x03\x00\x00\x00\x00\x00\x00\x00\x00\x00\x00\x00"
  "\x00\x00\x00\x00\x02\x00\x00\x00\x00\x00\x00\x00\x00\x00\x00\x00\x00\x00\x00\x00"
  "\xa0\x00\x00\x00\x00\x00\x00\x37\x00\x04\x00\x01\x00\x00\x00\x00\x01\x00\x01\x00"
  "\x00\x02\x00\x01\x00\x01\x00\x00\x32\x00\x01\x00\x02\x00\x00\x01\x00\x01\x00\x02"
  "\x00\x00\x31\x00\x01\x00\x02\x00\x00\x35\x00\x01\x00\x03\x00\x00\x03\x00\x01\x00"
  "\x03\x00\x00\x14\x00\x01\x00\x03\x00\x00\x33\x00\x01\x00\x04\x00\x00\x04\x00\x01"
  "\x00\x04\x00\x00\x1b\x00\x01\x00\x04\x00\x00\x2e\x00\x01\x00\x05\x00\x00\x05\x00"
  "\x01\x00\x05\x00\x00\x26\x00\x01\x00\x05\x00\x00\x2f\x00\x01\x00\x06\x00\x00\x06"
  "\x00\x01\x00\x06\x00\x00\x19\x00\x01\x00\x06\x00\x00\x28\x00\x01\x00\x07\x00\x00"
  "\x07\x00\x01\x00\x07\x00\x00\x1e\x00\x01\x00\x07\x00\x00\x2b\x00\x01\x00\x08\x00"
  "\x00\x08\x00\x01\x00\x08\x00\x00\x22\x00\x01\x00\x08\x00\x00\x30\x00\x01\x00\x09"
  "\x00\x00\x09\x00\x01\x00\x09\x00\x00\x17\x00\x01\x00\x09\x00\x00\x20\x00\x01\x00"
  "\x0a\x00\x00\x0a\x00\x01\x00\x0a\x00\x00\x15\x00\x01\x00\x0a\x00\x00\x24\x00\x01"
  "\x00\x0b\x00\x00\x0b\x00\x01\x00\x0b\x00\x00\x1a\x00\x01\x00\x0b\x00\x00\x29\x00"
  "\x01\x00\x0c\x00\x00\x0c\x00\x01\x00\x0c\x00\x00\x1f\x00\x01\x00\x0c\x00\x00\x2a"
  "\x00\x01\x00\x0d\x00\x00\x0d\x00\x01\x00\x0d\x00\x00\x1c\x00\x01\x00\x0d\x00\x00"
  "\x2c\x00\x01\x00\x0e\x00\x00\x0e\x00\x01\x00\x0e\x00\x00\x1d\x00\x01\x00\x0e\x00"
  "\x00\x2d\x00\x01\x00\x0f\x00\x00\x0f\x00\x01\x00\x0f\x00\x00\x18\x00\x01\x00\x0f"
  "\x00\x00\x25\x00\x01\x00\x10\x00\x00\x10\x00\x01\x00\x10\x00\x00\x23\x00\x01\x00"
  "\x10\x00\x00\x34\x00\x01\x00\x11\x00\x00\x11\x00\x01\x00\x11\x00\x00\x16\x00\x01"
  "\x00\x11\x00\x00\x27\x00\x01\x00\x12\x00\x00\x12\x00\x01\x00\x12\x00\x00\x21\x00"
  "\x01\x00\x12\x00\x00\x2e\x00\x01\x00\x13\x00\x00\x13\x00\x01\x00\x13\x00\x00\x1e"
  "\x00\x01\x00\x13\x00\x00\x36\x00\x01\x00\x14\x00\x00\x37\x00\x01\x00\x15\x00\x00"
  "\x00\x00\x01\x00\x15\x00\x00\x14\x00\x01\x00\x15\x00\x00\x15\x00\x01\x00\x15\x00"
  "\x00\x17\x00\x01\x00\x15\x00\x00\x1b\x00\x01\x00\x15\x00\x00\x1e\x00\x01\x00\x15"
  "\x00\x00\x25\x00\x01\x00\x15\x00\x00\x26\x00\x01\x00\x15\x00\x00\x27\x00\x01\x00"
  "\x15\x00\x00\x28\x00\x01\x00\x15\x00\x00\x29\x00\x01\x00\x15\x00\x00\x2a\x00\x01"
  "\x00\x15\x00\x00\x2b\x00\x01\x00\x15\x00\x00\x2c\x00\x01\x00\x15\x00\x00\x2d\x00"
  "\x01\x00\x15\x00\x00\x2e\x00\x01\x00\x15\x00\x00\x30\x00\x01\x00\x15\x00\x00\x31"
  "\x00\x01\x00\x15\x00\x00\x34\x00\x01\x00\x15\x00\x00\x37\x00\x01\x00\x16\x00\x00"
  "\x01\x00\x01\x00\x16\x00\x00\x02\x00\x01\x00\x16\x00\x00\x03\x00\x01\x00\x16\x00"
  "\x00\x04\x00\x01\x00\x16\x00\x00\x05\x00\x01\x00\x16\x00\x00\x06\x00\x01\x00\x16"
  "\x00\x00\x07\x00\x01\x00\x16\x00\x00\x08\x00\x01\x00\x16\x00\x00\x09\x00\x01\x00"
  "\x16\x00\x00\x0a\x00\x01\x00\x16\x00\x00\x0b\x00\x01\x00\x16\x00\x00\x0c\x00\x01"
  "\x00\x16\x00\x00\x0d\x00\x01\x00\x16\x00\x00\x0e\x00\x01\x00\x16\x00\x00\x0f\x00"
  "\x01\x00\x16\x00\x00\x10\x00\x01\x00\x16\x00\x00\x11\x00\x01\x00\x16\x00\x00\x12"
  "\x00\x01\x00\x16\x00\x00\x13\x00\x01\x00\x16\x00\x00\x37\x00\x01\x00\x17\x00\x00"
  "\x16\x00\x01\x00\x17\x00\x00\x18\x00\x01\x00\x17\x00\x00\x19\x00\x01\x00\x17\x00"
  "\x00\x1a\x00\x01\x00\x17\x00\x00\x1c\x00\x01\x00\x17\x00\x00\x1d\x00\x01\x00\x17"
  "\x00\x00\x1e\x00\x01\x00\x17\x00\x00\x1f\x00\x01\x00\x17\x00\x00\x20\x00\x01\x00"
  "\x17\x00\x00\x21\x00\x01\x00\x17\x00\x00\x22\x00\x01\x00\x17\x00\x00\x23\x00\x01"
  "\x00\x17\x00\x00\x24\x00\x01\x00\x17\x00\x00\x2e\x00\x01\x00\x17\x00\x00\x2f\x00"
  "\x01\x00\x17\x00\x00\x32\x00\x01\x00\x17\x00\x00\x33\x00\x01\x00\x17\x00\x00\x35"
  "\x00\x01\x00\x17\x00\x00\x36\x00\x01\x00\x17\x00\x00\x37\x00\x01\x00\x18\x00\x00"
  "\x1b\x00\x08\x00\x19\x00\x00\x36\x00\x08\x00\x1a\x00\x00\x2b\x00\x08\x00\x1b\x00"
  "\x00\x21\x00\x08\x00\x14\x00\x01\x11\x00\x01\x00\x1c\x00\x01\x08\x00\x01\x00\x1d"
  "\x00\x01\x00\x00\x02\x00\x1e\x00\x01\x04\x00\x01\x00\x14\x00\x02\x11\x00\x01\x00"
  "\x1c\x00\x02\x09\x00\x01\x00\x1d\x00\x02\x01\x00\x02\x00\x1e\x00\x02\x02\x00\x01"
  "\x00\x14\x00\x03\x11\x00\x01\x00\x1c\x00\x03\x0a\x00\x01\x00\x1d\x00\x03\x02\x00"
  "\x02\x00\x1e\x00\x03\x05\x00\x01\x00\x14\x00\x04\x11\x00\x01\x00\x1c\x00\x04\x0b"
  "\x00\x01\x00\x1d\x00\x04\x03\x00\x02\x00\x1e\x00\x04\x06\x00\x01\x00\x00\x00\x05"
  "\x11\x00\x02\x00\x14\x00\x05\x11\x00\x01\x00\x1c\x00\x05\x0c\x00\x01\x00\x1e\x00"
  "\x05\x05\x00\x01\x00\x00\x00\x06\x11\x00\x02\x00\x14\x00\x06\x11\x00\x01\x00\x1c"
  "\x00\x06\x0d\x00\x01\x00\x1e\x00\x06\x06\x00\x01\x00\x14\x00\x07\x11\x00\x01\x00"
  "\x1c\x00\x07\x08\x00\x01\x00\x1e\x00\x07\x07\x00\x01\x00\x14\x00\x08\x04\x00\x01"
  "\x00\x1f\x00\x08\x03\x00\x02\x00\x20\x00\x08\x00\x00\x02\x00\x21\x00\x08\x01\x00"
  "\x02\x00\x22\x00\x08\x02\x00\x02\x00\x00\x00\x09\x00\x00\x02\x00\x14\x00\x09\x00"
  "\x00\x01\x00\x1e\x00\x09\x01\x00\x01\x00\x23\x00\x09\x03\x00\x02\x00\x24\x00\x09"
  "\x02\x00\x01\x00\x00\x00\xf8\xff\xff\xff\xff\xff\x3f\x00\x00\x00\x00\x00\x00\x00"
  "\x00\x00\x00\x00\x00\x00\x00\x00\x00\x00\x00\x00\x00\x00\x00\x00\x01\x00\x00\x00"
  "\x00\x00\x00\x00\x00\x00\x00\x00\x00\x00\x00\x00\x00\x00\xf8\xff\xff\xff\xff\xff"
  "\x3f\x00\x00\x00\x00\x00\x00\x00\x00\x00\x00\x00\x00\x00\x00\x00\x00\x00\x00\x00"
  "\x00\x00\x00\x00\x00\x00\x00\x00\x00\x00\x00\x00\x00\x00\x00\x00\x00\x00\x00\x00"
  "\xff\xff\x07\x00\x04\x00\x00\x00\x00\x00\x00\x00\x00\x00\x00\x00\x04\x00\x00\x00"
  "\x00\x00\x00\x00\x00\x00\x00\x00\x00\x00\x00\x00\x00\x00\x00\x00\x00\x00\x00\x00"
  "\x00\x00\x00\x00\x00\x00\x00\x00\xff\xff\x07\x00\x00\x00\x00\x00\x00\x00\x00\x00"
  "\x00\x00\x00\x00\x00\x00\x00\x00\x00\x00\x00\x00\x00\x00\x00\x00\x00\x00\x00\x00"
  "\x02\x00\x00\x00\x00\x00\x00\x00\x00\x00\x00\x00\x00\x00\x00\x00\xff\xff\x07\x00"
  "\x00\x00\x00\x00\x00\x00\x00\x00\x00\x00\x00\x00\x03\x00\x00\x00\x00\x00\x00\x00"
  "\x00\x00\x00\x00\x00\x00\x00\x00\x01\x00\x00\x00\x00\x00\x00\x00\x00\x00\x00\x00"
  "\x00\x00\x00\x00\x00\x00\x01\x00\x00\x00\x00\x00\x00\x00\x00\x00\x00\x00\x00\x00"
  "\x00\x00\x00\x00\x00\x00\x00\x00\x00\x00\x00\x00\x00\x00\x00\x00\x00\x00\x00\x00"
  "\x00\x00\x00\x00\x00\x00\x00\x00\x00\x00\x00\x00\x00\x00\x08\x00\x00\x00\x00\x00"
  "\x00\x00\x00\x00\x00\x00\x00\x00\x00\x00\x00\x00\x00\x00\x00\x00\x00\x00\x00\x00"
  "\x00\x00\x00\x00\x00\x00\x00\x00\x00\x00\x00\x00\x00\x00\x00\x00\x00\x00\x00\x00"
  "\x00\x00\x00\x00\x00\x40\x00\x00\x00\x00\x00\x00\x00\x00\x00\x00\x00\x00\x00\x00"
  "\x00\x00\x00\x00\x00\x00\x00\x00\x00\x00\x00\x00\x00\x00\x00\x00\x00\x00\x00\x00"
  "\x00\x00\x00\x00\x00\x00\x00\x00\x00\x00\x00\x00\x00\x00\x20\x00\x00\x00\x00\x00"
  "\x00\x00\x00\x00\x00\x00\x00\x00\x00\x00\x00\x00\x00\x00\x00\x00\x00\x00\x00\x00"
  "\x00\x00\x00\x00\x00\x00\x00\x00\x00\x00\x00\x00\x00\x00\x00\x00\x00\x00\x00\x00"
  "\x40\x00\x00\x00\x00\x00\x00\x00\x00\x00\x00\x00\x00\x00\x00\x00\x00\x00\x00\x00"
  "\x00\x00\x00\x00\x00\x00\x00\x00\x00\x00\x00\x00\x00\x00\x00\x00\x00\x00\x00\x00"
  "\x00\x00\x00\x00\x00\x00\x00\x00\x00\x02\x00\x00\x00\x00\x00\x00\x00\x00\x00\x00"
  "\x00\x00\x00\x00\x00\x00\x00\x00\x00\x00\x00\x00\x00\x00\x00\x00\x00\x00\x00\x00"
  "\x00\x00\x00\x00\x00\x00\x00\x00\x00\x00\x00\x00\x00\x00\x00\x08\x00\x00\x00\x00"
  "\x00\x00\x00\x00\x00\x00\x00\x00\x00\x00\x00\x00\x00\x00\x00\x00\x00\x00\x00\x00"
  "\x00\x00\x00\x00\x00\x00\x00\x00\x00\x00\x00\x00\x00\x00\x00\x00\x00\x00\x00\x00"
  "\x00\x40\x00\x00\x00\x00\x00\x00\x00\x00\x00\x00\x00\x00\x00\x00\x00\x00\x00\x00"
  "\x00\x00\x00\x00\x00\x00\x00\x00\x00\x00\x00\x00\x00\x00\x00\x00\x00\x00\x00\x00"
  "\x00\x00\x00\x00\x00\x00\x00\x00\x00\x00\x00\x20\x00\x00\x00\x00\x00\x00\x00\x00"
  "\x00\x00\x00\x00\x00\x00\x00\x00\x00\x00\x00\x00\x00\x00\x00\x00\x00\x00\x00\x00"
  "\x00\x00\x00\x00\x00\x00\x00\x00\x00\x00\x00\x00\x00\x00\x00\x00\x00\x00\x00\x00"
  "\x00\x04\x00\x00\x00\x00\x00\x00\x00\x00\x00\x00\x00\x00\x00\x00\x00\x00\x00\x00"
  "\x00\x00\x00\x00\x00\x00\x00\x00\x00\x00\x00\x00\x00\x00\x00\x00\x00\x00\x00\x00"
  "\x00\x00\x00\x00\x00\x00\x00\x00\x01\x00\x00\x00\x00\x00\x00\x00\x00\x00\x00\x00"
  "\x00\x00\x00\x00\x00\x00\x00\x00\x00\x00\x00\x00\x00\x00\x00\x00\x00\x00\x00\x00"
  "\x00\x00\x00\x00\x00\x00\x00\x00\x00\x00\x00\x00\x00\x00\x00\x10\x00\x00\x00\x00"
  "\x00\x00\x00\x00\x00\x00\x00\x00\x00\x00\x00\x00\x00\x00\x00\x00\x00\x00\x00\x00"
  "\x00\x00\x00\x00\x00\x00\x00\x00\x00\x00\x00\x00\x00\x00\x00\x00\x00\x00\x00\x00"
  "\x00\x02\x00\x00\x00\x00\x00\x00\x00\x00\x00\x00\x00\x00\x00\x00\x00\x00\x00\x00"
  "\x00\x00\x00\x00\x00\x00\x00\x00\x00\x00\x00\x00\x00\x00\x00\x00\x00\x00\x00\x00"
  "\x00\x00\x00\x00\x00\x00\x00\x00\x00\x00\x02\x00\x00\x00\x00\x00\x00\x00\x00\x00"
  "\x00\x00\x00\x00\x00\x00\x00\x00\x00\x00\x00\x00\x00\x00\x00\x00\x00\x00\x00\x00"
  "\x00\x00\x00\x00\x00\x00\x00\x00\x00\x00\x00\x00\x00\x00\x00\x00\x10\x00\x00\x00"
  "\x00\x00\x00\x00\x00\x00\x00\x00\x00\x00\x00\x00\x00\x00\x00\x00\x00\x00\x00\x00"
  "\x00\x00\x00\x00\x00\x00\x00\x00\x00\x00\x00\x00\x00\x00\x00\x00\x00\x00\x00\x00"
  "\x00\x00\x00\x00\x00\x20\x00\x00\x00\x00\x00\x00\x00\x00\x00\x00\x00\x00\x00\x00"
  "\x00\x00\x00\x00\x00\x00\x00\x00\x00\x00\x00\x00\x00\x00\x00\x00\x00\x00\x00\x00"
  "\x00\x00\x00\x00\x00\x00\x00\x00\x00\x00\x00\x00\x00\x00\x00\x00\x00\x08\x00\x00"
  "\x00\x00\x00\x00\x00\x00\x00\x00\x00\x00\x00\x00\x00\x00\x00\x00\x00\x00\x00\x00"
  "\x00\x00\x00\x00\x00\x00\x00\x00\x00\x00\x00\x00\x00\x00\x00\x00\x00\x00\x00\x00"
  "\x00\x00\x00\x00\x00\x10\x00\x00\x00\x00\x00\x00\x00\x00\x00\x00\x00\x00\x00\x00"
  "\x00\x00\x00\x00\x00\x00\x00\x00\x00\x00\x00\x00\x00\x00\x00\x00\x00\x00\x00\x00"
  "\x00\x00\x00\x00\x00\x00\x00\x00\x00\x00\x80\x00\x00\x00\x00\x00\x00\x00\x00\x00"
  "\x00\x00\x00\x00\x00\x00\x00\x00\x00\x00\x00\x00\x00\x00\x00\x00\x00\x00\x00\x00"
  "\x00\x00\x00\x00\x00\x00\x00\x00\x00\x00\x00\x00\x00\x00\x00\x00\x00\x00\x00\x01"
  "\x00\x00\x00\x00\x00\x00\x00\x00\x00\x00\x00\x00\x00\x00\x00\x00\x00\x00\x00\x00"
  "\x00\x00\x00\x00\x00\x00\x00\x00\x00\x00\x00\x00\x00\x00\x00\x00\x00\x00\x00\x00"
  "\x00\x00\x00\x00\x00\x00\x00\x00\x00\x00\x00\x00\x08\x00\x00\x00\x00\x00\x00\x00"
  "\x00\x00\x00\x00\x00\x00\x00\x00\x00\x00\x00\x00\x00\x00\x00\x00\x00\x00\x00\x00"
  "\x00\x00\x00\x00\x00\x00\x00\x00\x00\x00\x00\x00\x00\x00\x00\x00\x00\x00\x00\x10"
  "\x00\x00\x00\x00\x00\x00\x00\x00\x00\x00\x00\x00\x00\x00\x00\x00\x00\x00\x00\x00"
  "\x00\x00\x00\x00\x00\x00\x00\x00\x00\x00\x00\x00\x00\x00\x00\x00\x00\x00\x00\x00"
  "\x00\x00\x00\x00\x00\x00\x00\x20\x00\x00\x00\x00\x00\x00\x00\x00\x00\x00\x00\x00"
  "\x00\x00\x00\x00\x00\x00\x00\x00\x00\x00\x00\x00\x00\x00\x00\x00\x00\x00\x00\x00"
  "\x00\x00\x00\x00\x00\x00\x00\x00\x00\x00\x00\x00\x00\x00\x00\x40\x00\x00\x00\x00"
  "\x00\x00\x00\x00\x00\x00\x00\x00\x00\x00\x00\x00\x00\x00\x00\x00\x00\x00\x00\x00"
  "\x00\x00\x00\x00\x00\x00\x00\x00\x00\x00\x00\x00\x00\x00\x00\x00\x00\x00\x00\x00"
  "\x00\x00\x00\x80\x00\x00\x00\x00\x00\x00\x00\x00\x00\x00\x00\x00\x00\x00\x00\x00"
  "\x00\x00\x00\x00\x00\x00\x00\x00\x00\x00\x00\x00\x00\x00\x00\x00\x00\x00\x00\x00"
  "\x00\x00\x00\x00\x00\x00\x00\x00\x00\x00\x00\x00\x04\x00\x00\x00\x00\x00\x00\x00"
  "\x00\x00\x00\x00\x00\x00\x00\x00\x00\x00\x00\x00\x00\x00\x00\x00\x00\x00\x00\x00"
  "\x00\x00\x00\x00\x00\x00\x00\x00\x00\x00\x00\x00\x00\x00\x00\x00\x00\x00\x00\x00"
  "\x01\x00\x00\x00\x00\x00\x00\x00\x00\x00\x00\x00\x00\x00\x00\x00\x00\x00\x00\x00"
  "\x00\x00\x00\x00\x00\x00\x00\x00\x00\x00\x00\x00\x00\x00\x00\x00\x00\x00\x00\x00"
  "\x00\x00\x00\x00\x00\x00\x00\x00\x02\x00\x00\x00\x00\x00\x00\x00\x00\x00\x00\x00"
  "\x00\x00\x00\x00\x00\x00\x00\x00\x00\x00\x00\x00\x00\x00\x00\x00\x00\x00\x00\x00"
  "\x00\x00\x00\x00\x00\x00\x00\x00\x00\x00\x00\x00\x00\x00\x02\x00\x00\x00\x00\x00"
  "\x00\x00\x00\x00\x00\x00\x00\x00\x00\x00\x00\x00\x00\x00\x00\x00\x00\x00\x00\x00"
  "\x00\x00\x00\x00\x00\x00\x00\x00\x00\x00\x00\x00\x00\x00\x00\x00\x00\x00\x00\x00"
  "\x00\x00\x00\x01\x00\x00\x00\x00\x00\x00\x00\x00\x00\x00\x00\x00\x00\x00\x00\x00"
  "\x00\x00\x00\x00\x00\x00\x00\x00\x00\x00\x00\x00\x00\x00\x00\x00\x00\x00\x00\x00"
  "\x00\x00\x00\x00\x00\x00\x00\x00\x02\x00\x00\x00\x00\x00\x00\x00\x00\x00\x00\x00"
  "\x00\x00\x00\x00\x00\x00\x00\x00\x00\x00\x00\x00\x00\x00\x00\x00\x00\x00\x00\x00"
  "\x00\x00\x00\x00\x00\x00\x00\x00\x00\x00\x00\x00\x00\x00\x20\x00\x00\x00\x00\x00"
  "\x00\x00\x00\x00\x00\x00\x00\x00\x00\x00\x00\x00\x00\x00\x00\x00\x00\x00\x00\x00"
  "\x00\x00\x00\x00\x00\x00\x00\x00\x00\x00\x00\x00\x00\x00\x00\x00\x00\x00\x00\x00"
  "\x00\x00\x04\x00\x00\x00\x00\x00\x00\x00\x00\x00\x00\x00\x00\x00\x00\x00\x00\x00"
  "\x00\x00\x00\x00\x00\x00\x00\x00\x00\x00\x00\x00\x00\x00\x00\x00\x00\x00\x00\x00"
  "\x00\x00\x00\x00\x00\x00\x00\x00\x01\x00\x00\x00\x00\x00\x00\x00\x00\x00\x00\x00"
  "\x00\x00\x00\x00\x00\x00\x00\x00\x00\x00\x00\x00\x00\x00\x00\x00\x00\x00\x00\x00"
  "\x00\x00\x00\x00\x00\x00\x00\x00\x00\x00\x00\x00\x00\x00\x00\x00\x00\x00\x00\x00"
  "\x00\x00\x1c\x00\x00\x00\x00\x00\x00\x00\x00\x00\x00\x00\x00\x00\x00\x00\x00\x00"
  "\x00\x00\x00\x00\x00\x00\x00\x00\x00\x00\x00\x00\x00\x00\x00\x00\x00\x00\x00\x00"
  "\x00\x00\x00\x00\x00\x00\x00\x00\x00\x00\x00\x0e\x00\x00\x00\x00\x00\x00\x00\x00"
  "\x00\x00\x00\x00\x00\x00\x00\x00\x00\x00\x00\x00\x00\x00\x00\x00\x00\x00\x00\x00"
  "\x00\x00\x00\x00\x00\x00\x00\x00\x00\x00\x00\x00\x00\x00\x00\x00\x00\x00\x01\x00"
  "\x00\x00\x00\x00\x00\x00\x00\x00\x00\x00\x00\x00\x00\x00\x00\x00\x00\x00\x00\x00"
  "\x00\x00\x00\x00\x00\x00\x00\x00\x00\x00\x00\x00\x00\x00\x00\x00\x00\x00\x00\x00"
  "\x00\x00\x00\x00\x00\x00\x80\x00\x00\x00\x00\x00\x00\x00\x00\x00\x00\x00\x00\x00"
  "\x00\x00\x00\x00\x00\x00\x00\x00\x00\x00\x00\x00\x00\x00\x00\x00\x00\x00\x00\x00"
  "\x00\x00\x00\x00\x00\x00\x00\x00\x00\x00\x00\x00\x00\x00\x00\x00\x10\x00\x00\x00"
  "\x00\x00\x00\x00\x00\x00\x00\x00\x00\x00\x00\x00\x00\x00\x00\x00\x00\x00\x00\x00"
  "\x00\x00\x00\x00\x00\x00\x00\x00\x00\x00\x00\x00\x00\x00\x00\x00\x00\x00\x00\x00"
  "\x00\x00\x00\x00\x20\x00\x00\x00\x00\x00\x00\x00\x00\x00\x00\x00\x00\x00\x00\x00"
  "\x00\x00\x00\x00\x00\x00\x00\x00\x00\x00\x00\x00\x00\x00\x00\x00\x00\x00\x00\x00"
  "\x00\x00\x00\x00\x00\x00\x00\x00\x00\x80\x00\x00\x00\x00\x00\x00\x00\x00\x00\x00"
  "\x00\x00\x00\x00\x00\x00\x00\x00\x00\x00\x00\x00\x00\x00\x00\x00\x00\x00\x00\x00"
  "\x00\x00\x00\x00\x00\x00\x00\x00\x00\x00\x00\x00\x00\x00\x00\x00\x00\x00\x40\x00"
  "\x00\x00\x00\x00\x00\x00\x00\x00\x00\x00\x00\x00\x00\x00\x00\x00\x00\x00\x00\x00"
  "\x00\x00\x00\x00\x00\x00\x00\x00\x00\x00\x00\x00\x00\x00\x00\x00\x00\x00\x00\x00"
  "\x00\x08\x00\x00\x00\x00\x00\x00\x00\x00\x00\x00\x00\x00\x00\x00\x00\x00\x00\x00"
  "\x00\x00\x00\x00\x00\x00\x00\x00\x00\x00\x00\x00\x00\x00\x00\x00\x00\x00\x00\x00"
  "\x00\x00\x00\x00\x00\x00\x00\x00\x00\x01\x00\x00\x00\x00\x00\x00\x00\x00\x00\x00"
  "\x00\x00\x00\x00\x00\x00\x00\x00\x00\x00\x00\x00\x00\x00\x00\x00\x00\x00\x00\x00"
  "\x00\x00\x00\x00\x00\x00\x00\x00\x00\x00\x00\x00\x00\x00\x00\x00\x00\x00\x40\x00"
  "\x00\x00\x00\x00\x00\x00\x00\x00\x00\x00\x00\x00\x00\x00\x00\x00\x00\x00\x00\x00"
  "\x00\x00\x00\x00\x00\x00\x00\x00\x00\x00\x00\x00\x00\x00\x00\x00\x00\x00\x00\x00"
  "\x00\x00\x00\x00\x00\x00\x00\x02\x00\x00\x00\x00\x00\x00\x00\x00\x00\x00\x00\x00"
  "\x00\x00\x00\x00\x00\x00\x00\x00\x00\x00\x00\x00\x00\x00\x00\x00\x00\x00\x00\x00"
  "\x00\x00\x00\x00\x00\x00\x00\x00\x00\x00\x00\x00\x00\x80\x00\x00\x00\x00\x00\x00"
  "\x00\x00\x00\x00\x00\x00\x00\x00\x00\x00\x00\x00\x00\x00\x00\x00\x00\x00\x00\x00"
  "\x00\x00\x00\x00\x00\x00\x00\x00\x00\x00\x00\x00\x00\x00\x00\x00\x00\x00\x00\x00"
  "\x00\x00\x00\x00\x00\x01\x00\x00\x00\x00\x00\x00\x00\x00\x00\x00\x00\x00\x00\x00"
  "\x00\x00\x00\x00\x00\x00\x00\x00\x00\x00\x00\x00\x00\x00\x00\x00\x00\x00\x00\x00"
  "\x00\x00\x00\x00\x00\x00\x00\x00\x00\x00\x00\x00\x00\x20\x00\x00\x00\x00\x00\x00"
  "\x00\x00\x00\x00\x00\x00\x00\x00\x00\x00\x00\x00\x00\x00\x00\x00\x00\x00\x00\x00"
  "\x00\x00\x00\x00\x00\x00\x00\x00\x00\x00\x00\x00\x00\x00\x00\x00\x20\x00\x00\x00"
  "\x00\x00\x00\x00\x00\x00\x00\x00\x00\x00\x00\x00\x00\x00\x00\x00\x00\x00\x00\x00"
  "\x00\x00\x00\x00\x00\x00\x00\x00\x00\x00\x00\x00\x00\x00\x00\x00\x00\x00\x00\x00"
  "\x00\x00\x00\x00\x00\x00\x00\x04\x00\x00\x00\x00\x00\x00\x00\x00\x00\x00\x00\x00"
  "\x00\x00\x00\x00\x00\x00\x00\x00\x00\x00\x00\x00\x00\x00\x00\x00\x00\x00\x00\x00"
  "\x00\x00\x00\x00\x00\x00\x00\x00\x00\x00\x00\x00\x80\x00\x00\x00\x00\x00\x00\x00"
  "\x00\x00\x00\x00\x00\x00\x00\x00\x00\x00\x00\x00\x00\x00\x00\x00\x00\x00\x00\x00"
  "\x00\x00\x00\x00\x00\x00\x00\x00\x00\x00\x00\x00\x00\x00\x00\x00\x00\x00\x00\x00"
  "\x00\x00\x00\x00\x08\x00\x00\x00\x00\x00\x00\x00\x00\x00\x00\x00\x00\x00\x00\x00"
  "\x00\x00\x00\x00\x00\x00\x00\x00\x00\x00\x00\x00\x00\x00\x00\x00\x00\x00\x00\x00"
  "\x00\x00\x00\x00\x00\x00\x00\x00\x00\x00\x00\x00\x10\x00\x00\x00\x00\x00\x00\x00"
  "\x00\x00\x00\x00\x00\x00\x00\x00\x00\x00\x00\x00\x00\x00\x00\x00\x00\x00\x00\x00"
  "\x00\x00\x00\x00\x00\x00\x00\x00\x00\x00\x00\x00\x00\x00\x00\x00\x40\x00\x00\x00"
  "\x00\x00\x00\x00\x00\x00\x00\x00\x00\x00\x00\x00\x00\x00\x00\x00\x00\x00\x00\x00"
  "\x00\x00\x00\x00\x00\x00\x00\x00\x00\x00\x00\x00\x00\x00\x00\x00\x00\x00\x00\x00"
  "\x00\x00\x00\x00\x00\x04\x00\x00\x00\x00\x00\x00\x00\x00\x00\x00\x00\x00\x00\x00"
  "\x00\x00\x00\x00\x00\x00\x00\x00\x00\x00\x00\x00\x00\x00\x00\x00\x00\x00\x00\x00"
  "\x00\x00\x00\x00\x00\x00\x00\x00\x00\x00\x00\x00\x00\x00\x00\x80\x00\x00\x00\x00"
  "\x00\x00\x00\x00\x00\x00\x00\x00\x00\x00\x00\x00\x00\x00\x00\x00\x00\x00\x00\x00"
  "\x00\x00\x00\x00\x00\x00\x00\x00\x00\x00\x00\x00\x00\x00\x00\x00\x00\x00\x00\x00"
  "\x08\x00\x00\x00\x00\x00\x00\x00\x00\x00\x00\x00\x00\x00\x00\x00\x00\x00\x00\x00"
  "\x00\x00\x00\x00\x00\x00\x00\x00\x00\x00\x00\x00\x00\x00\x00\x00\x00\x00\x00\x00"
  "\x00\x00\x00\x00\x00\x00\x00\x00\x00\x00\x00\x00\x80\x00\x00\x00\x00\x00\x00\x00"
  "\x00\x00\x00\x00\x00\x00\x00\x00\x00\x00\x00\x00\x00\x00\x00\x00\x00\x00\x00\x00"
  "\x00\x00\x00\x00\x00\x00\x00\x00\x00\x00\x00\x00\x00\x00\x00\x00\x00\x00\x00\x00"
  "\x20\x00\x00\x00\x00\x00\x00\x00\x00\x00\x00\x00\x00\x00\x00\x00\x00\x00\x00\x00"
  "\x00\x00\x00\x00\x00\x00\x00\x00\x00\x00\x00\x00\x00\x00\x00\x00\x00\x00\x00\x00"
  "\x00\x00\x00\x00\x02\x00\x00\x00\x00\x00\x00\x00\x00\x00\x00\x00\x00\x00\x00\x00"
  "\x00\x00\x00\x00\x00\x00\x00\x00\x00\x00\x00\x00\x00\x00\x00\x00\x00\x00\x00\x00"
  "\x00\x00\x00\x00\x00\x00\x00\x00\x00\x00\x00\x00\x00\x00\x00\x40\x00\x00\x00\x00"
  "\x00\x00\x00\x00\x00\x00\x00\x00\x00\x00\x00\x00\x00\x00\x00\x00\x00\x00\x00\x00"
  "\x00\x00\x00\x00\x00\x00\x00\x00\x00\x00\x00\x00\x00\x00\x00\x00\x00\x00\x00\x00"
  "\x00\x10\x00\x00\x00\x00\x00\x00\x00\x00\x00\x00\x00\x00\x00\x00\x00\x00\x00\x00"
  "\x00\x00\x00\x00\x00\x00\x00\x00\x00\x00\x00\x00\x00\x00\x00\x00\x00\x00\x00\x00"
  "\x00\x00\x00\x00\x00\x00\x00\x00\x00\x00\x10\x00\x00\x00\x00\x00\x00\x00\x00\x00"
  "\x00\x00\x00\x00\x00\x00\x00\x00\x00\x00\x00\x00\x00\x00\x00\x00\x00\x00\x00\x00"
  "\x00\x00\x00\x00\x00\x00\x00\x00\x00\x00\x00\x00\x00\x00\x00\x00\x00\x00\x00\x00"
  "\x04\x00\x00\x00\x00\x00\x00\x00\x00\x00\x00\x00\x00\x00\x00\x00\x00\x00\x00\x00"
  "\x00\x00\x00\x00\x00\x00\x00\x00\x00\x00\x00\x00\x00\x00\x00\x00\x00\x00\x00\x00"
  "\x00\x00\x00\x00\x04\x00\x00\x00\x00\x00\x00\x00\x00\x00\x00\x00\x00\x00\x00\x00"
  "\x00\x00\x00\x00\x00\x00\x00\x00\x00\x00\x00\x00\x00\x00\x00\x00\x00\x00\x00\x00"
  "\x00\x00\x00\x00\x00\x00\x00\x00\x00\x00\x00\x00\x00\x00\x00\x00\x00\x00\x00\x00"
  "\x00\x00\x00\x00\x00\x00\x00\x00\x00\x00\x00\x00\x00\x00\x00\x00\x00\x00\x00\x00"
  "\x00\x00\x00\x00\x01\x00\x00\x00\x00\x00\x00\x00\x00\x00\x00\x00\x00\x00\x00\x00"
  "\x00\x00\x00\x00\x00\x00\x00\x00\x00\x00\x00\x00\x00\x00\x00\x00\x00\x00\x00\x00"
  "\x00\x00\x00\x00\x00\x00\x00\x00\x00\x00\x00\x00\x02\x00\x00\x00\x00\x00\x00\x00"
  "\x00\x00\x00\x00\x00\x00\x00\x00\x00\x00\x00\x00\x00\x00\x00\x00\x00\x00\x00\x00"
  "\x00\x00\x00\x00\x01\x00\x00\x00\x00\x00\x00\x00\x00\x00\x00\x00\x00\x00\x00\x00"
  "\x00\x00\x00\x00\x00\x00\x00\x00\x00\x00\x00\x00\x00\x00\x00\x00\x00\x00\x00\x00"
  "\x00\x00\x00\x00\x00\x00\x00\x00\x00\x00\x00\x00\x02\x00\x00\x00\x00\x00\x00\x00"
  "\x00\x00\x00\x00\x00\x00\x00\x00\x00\x00\x00\x00\x00\x00\x00\x00\x00\x00\x00\x00"
  "\x00\x00\x00\x00\x08\x00\x00\x00\x00\x00\x00\x00\x00\x00\x00\x00\x00\x00\x00\x00"
  "\x01\x00\x00\x00\x00\x00\x00\x00\x00\x00\x00\x00\x00\x00\x00\x00\x01\x00\x00\x00"
  "\x00\x00\x00\x00\x00\x00\x00\x00\x00\x00\x00\x00\x00\x08\x00\x00\x00\x00\x00\x00"
  "\x00\x00\x00\x00\x00\x00\x00\x00\x01\x00\x00\x00\x00\x00\x00\x00\x00\x00\x00\x00"
  "\x00\x00\x00\x00\x02\x00\x00\x00\x00\x00\x00\x00\x00\x00\x00\x00\x00\x00\x00\x00"
  "\x00\x00\x01\x00\x00\x00\x00\x00\x00\x00\x00\x00\x00\x00\x00\x00\x01\x00\x00\x00"
  "\x00\x00\x00\x00\x00\x00\x00\x00\x00\x00\x00\x00\x01\x00\x00\x00\x00\x00\x00\x00"
  "\x00\x00\x00\x00\x00\x00\x00\x00\x00\x00\x02\x00\x00\x00\x00\x00\x00\x00\x00\x00"
  "\x00\x00\x00\x00\x01\x00\x00\x00\x00\x00\x00\x00\x00\x00\x00\x00\x00\x00\x00\x00"
  "\x02\x00\x00\x00\x00\x00\x00\x00\x00\x00\x00\x00\x00\x00\x00\x00\xff\xff\x07\x00"
  "\x04\x00\x00\x00\x00\x00\x00\x00\x00\x00\x00\x00\x03\x00\x00\x00\x00\x00\x00\x00"
  "\x00\x00\x00\x00\x00\x00\x00\x00\x01\x00\x00\x00\x00\x00\x00\x00\x00\x00\x00\x00"
  "\x00\x00\x00\x00\xff\xff\x07\x00\x00\x00\x00\x00\x00\x00\x00\x00\x00\x00\x00\x00"
  "\x00\x00\x00\x00\x00\x00\x00\x00\x00\x00\x00\x00\x00\x00\x00\x00\x01\x00\x00\x00"
  "\x00\x00\x00\x00\x00\x00\x00\x00\x00\x00\x00\x00\x00\x00\xf8\xff\xfb\xff\xff\xff"
  "\x3f\x00\x00\x00\x00\x00\x00\x00\x00\x00\x00\x00\x00\x00\x00\x00\x00\x00\x00\x00"
  "\x00\x00\x00\x00\x00\x00\x00\x00\x00\x00\x00\x00\x00\x00\x00\x00\x00\x00\x00\x00"
  "\xff\xff\x07\x00\x00\x00\x00\x00\x00\x00\x00\x00\x00\x00\x00\x00\x03\x00\x00\x00"
  "\x00\x00\x00\x00\x00\x00\x00\x00\x00\x00\x00\x00\x02\x00\x00\x00\x00\x00\x00\x00"
  "\x00\x00\x00\x00\x00\x00\x00\x00\xca\x01\x00\x00\x00\x00\x00\x03\x00\x08\x00\x01"
  "\x00\x00\x04\x00\x04\x00\x02\x00\x00\x02\x00\x02\x00\x03\x00\x00\x01\x00\x01\x00"
  "\x04\x00\x00\x00\x00\x01\x00\x05\x00\x01\x00\x00\x01\x00\x06\x00\x01\x01\x00\x01"
  "\x00\x07\x00\x01\x02\x00\x01\x00\x07\x00\x01\x1e\x00\x01\x00\x08\x00\x01\x03\x00"
  "\x01\x00\x08\x00\x01\x1e\x00\x01\x00\x09\x00\x01\x04\x00\x01\x00\x0a\x00\x01\x05"
  "\x00\x01\x00\x0a\x00\x01\x44\x00\x01\x00\x0b\x00\x01\x06\x00\x01\x00\x0b\x00\x01"
  "\x2a\x00\x01\x00\x0c\x00\x01\x07\x00\x01\x00\x0d\x00\x01\x08\x00\x01\x00\x0d\x00"
  "\x01\x0a\x00\x01\x00\x0e\x00\x01\x09\x00\x01\x00\x0e\x00\x01\x0a\x00\x01\x00\x0f"
  "\x00\x01\x0b\x00\x01\x00\x0f\x00\x01\x10\x00\x01\x00\x10\x00\x01\x0c\x00\x01\x00"
  "\x10\x00\x01\x2b\x00\x01\x00\x11\x00\x01\x0d\x00\x01\x00\x12\x00\x01\x0e\x00\x01"
  "\x00\x13\x00\x01\x0f\x00\x01\x00\x14\x00\x01\x11\x00\x01\x00\x15\x00\x01\x12\x00"
  "\x01\x00\x15\x00\x01\x46\x00\x01\x00\x16\x00\x01\x12\x00\x01\x00\x16\x00\x01\x47"
  "\x00\x01\x00\x17\x00\x01\x12\x00\x01\x00\x17\x00\x01\x48\x00\x01\x00\x18\x00\x01"
  "\x12\x00\x01\x00\x18\x00\x01\x49\x00\x01\x00\x19\x00\x01\x13\x00\x01\x00\x19\x00"
  "\x01\x20\x00\x01\x00\x1a\x00\x01\x14\x00\x01\x00\x1a\x00\x01\x45\x00\x01\x00\x1b"
  "\x00\x01\x14\x00\x01\x00\x1b\x00\x01\x58\x00\x01\x00\x1c\x00\x01\x15\x00\x01\x00"
  "\x1c\x00\x01\x45\x00\x01\x00\x1d\x00\x01\x15\x00\x01\x00\x1d\x00\x01\x58\x00\x01"
  "\x00\x1e\x00\x01\x16\x00\x01\x00\x1e\x00\x01\x20\x00\x01\x00\x1f\x00\x01\x17\x00"
  "\x01\x00\x1f\x00\x01\x21\x00\x01\x00\x20\x00\x01\x17\x00\x01\x00\x20\x00\x01\x22"
  "\x00\x01\x00\x21\x00\x01\x18\x00\x01\x00\x21\x00\x01\x23\x00\x01\x00\x22\x00\x01"
  "\x19\x00\x01\x00\x22\x00\x01\x23\x00\x01\x00\x23\x00\x01\x1a\x00\x01\x00\x23\x00"
  "\x01\x30\x00\x01\x00\x24\x00\x01\x1b\x00\x01\x00\x24\x00\x01\x5a\x00\x01\x00\x25"
  "\x00\x01\x1c\x00\x01\x00\x26\x00\x01\x1d\x00\x01\x00\x27\x00\x01\x1f\x00\x01\x00"
  "\x27\x00\x01\x56\x00\x01\x00\x28\x00\x01\x1f\x00\x01\x00\x28\x00\x01\x57\x00\x01"
  "\x00\x29\x00\x01\x24\x00\x01\x00\x29\x00\x01\x36\x00\x01\x00\x2a\x00\x01\x24\x00"
  "\x01\x00\x2a\x00\x01\x37\x00\x01\x00\x2b\x00\x01\x25\x00\x01\x00\x2b\x00\x01\x4d"
  "\x00\x01\x00\x2c\x00\x01\x25\x00\x01\x00\x2c\x00\x01\x4e\x00\x01\x00\x2d\x00\x01"
  "\x26\x00\x01\x00\x2d\x00\x01\x52\x00\x01\x00\x2e\x00\x01\x26\x00\x01\x00\x2e\x00"
  "\x01\x53\x00\x01\x00\x2f\x00\x01\x27\x00\x01\x00\x30\x00\x01\x28\x00\x01\x00\x31"
  "\x00\x01\x29\x00\x01\x00\x31\x00\x01\x35\x00\x01\x00\x32\x00\x01\x2c\x00\x01\x00"
  "\x32\x00\x01\x32\x00\x01\x00\x33\x00\x01\x2d\x00\x01\x00\x34\x00\x01\x2e\x00\x01"
  "\x00\x34\x00\x01\x4a\x00\x01\x00\x35\x00\x01\x2f\x00\x01\x00\x35\x00\x01\x4b\x00"
  "\x01\x00\x36\x00\x01\x31\x00\x01\x00\x37\x00\x01\x32\x00\x01\x00\x37\x00\x01\x50"
  "\x00\x01\x00\x38\x00\x01\x33\x00\x01\x00\x39\x00\x01\x34\x00\x01\x00\x39\x00\x01"
  "\x40\x00\x01\x00\x3a\x00\x01\x34\x00\x01\x00\x3a\x00\x01\x41\x00\x01\x00\x3b\x00"
  "\x01\x38\x00\x01\x00\x3c\x00\x01\x39\x00\x01\x00\x3d\x00\x01\x3b\x00\x01\x00\x3e"
  "\x00\x01\x3c\x00\x01\x00\x3f\x00\x01\x3d\x00\x01\x00\x3f\x00\x01\x3e\x00\x01\x00"
  "\x40\x00\x01\x3f\x00\x01\x00\x40\x00\x01\x4f\x00\x01\x00\x41\x00\x01\x42\x00\x01"
  "\x00\x42\x00\x01\x43\x00\x01\x00\x43\x00\x01\x4c\x00\x01\x00\x44\x00\x01\x51\x00"
  "\x01\x00\x45\x00\x01\x54\x00\x01\x00\x45\x00\x01\x55\x00\x01\x00\x46\x00\x01\x59"
  "\x00\x01\x00\x47\x00\x01\x00\x00\x01\x00\x47\x00\x01\x01\x00\x01\x00\x47\x00\x01"
  "\x02\x00\x01\x00\x47\x00\x01\x03\x00\x01\x00\x47\x00\x01\x04\x00\x01\x00\x47\x00"
  "\x01\x07\x00\x01\x00\x47\x00\x01\x0a\x00\x01\x00\x47\x00\x01\x0d\x00\x01\x00\x47"
  "\x00\x01\x0e\x00\x01\x00\x47\x00\x01\x0f\x00\x01\x00\x47\x00\x01\x10\x00\x01\x00"
  "\x47\x00\x01\x11\x00\x01\x00\x47\x00\x01\x13\x00\x01\x00\x47\x00\x01\x14\x00\x01"
  "\x00\x47\x00\x01\x15\x00\x01\x00\x47\x00\x01\x16\x00\x01\x00\x47\x00\x01\x17\x00"
  "\x01\x00\x47\x00\x01\x18\x00\x01\x00\x47\x00\x01\x19\x00\x01\x00\x47\x00\x01\x1c"
  "\x00\x01\x00\x47\x00\x01\x1d\x00\x01\x00\x47\x00\x01\x27\x00\x01\x00\x47\x00\x01"
  "\x28\x00\x01\x00\x47\x00\x01\x29\x00\x01\x00\x47\x00\x01\x2a\x00\x01\x00\x47\x00"
  "\x01\x2b\x00\x01\x00\x47\x00\x01\x2d\x00\x01\x00\x47\x00\x01\x30\x00\x01\x00\x47"
  "\x00\x01\x31\x00\x01\x00\x47\x00\x01\x32\x00\x01\x00\x47\x00\x01\x33\x00\x01\x00"
  "\x47\x00\x01\x36\x00\x01\x00\x47\x00\x01\x37\x00\x01\x00\x47\x00\x01\x38\x00\x01"
  "\x00\x47\x00\x01\x39\x00\x01\x00\x47\x00\x01\x3b\x00\x01\x00\x47\x00\x01\x3c\x00"
  "\x01\x00\x47\x00\x01\x3d\x00\x01\x00\x47\x00\x01\x3f\x00\x01\x00\x47\x00\x01\x40"
  "\x00\x01\x00\x47\x00\x01\x41\x00\x01\x00\x47\x00\x01\x42\x00\x01\x00\x47\x00\x01"
  "\x43\x00\x01\x00\x47\x00\x01\x44\x00\x01\x00\x47\x00\x01\x46\x00\x01\x00\x47\x00"
  "\x01\x47\x00\x01\x00\x47\x00\x01\x48\x00\x01\x00\x47\x00\x01\x49\x00\x01\x00\x47"
  "\x00\x01\x4a\x00\x01\x00\x47\x00\x01\x4b\x00\x01\x00\x47\x00\x01\x4c\x00\x01\x00"
  "\x47\x00\x01\x4d\x00\x01\x00\x47\x00\x01\x4e\x00\x01\x00\x47\x00\x01\x51\x00\x01"
  "\x00\x47\x00\x01\x52\x00\x01\x00\x47\x00\x01\x53\x00\x01\x00\x47\x00\x01\x55\x00"
  "\x01\x00\x47\x00\x01\x56\x00\x01\x00\x47\x00\x01\x57\x00\x01\x00\x47\x00\x01\x59"
  "\x00\x01\x00\x47\x00\x01\x5a\x00\x01\x00\x48\x00\x01\x00\x00\x01\x00\x48\x00\x01"
  "\x01\x00\x01\x00\x48\x00\x01\x04\x00\x01\x00\x48\x00\x01\x05\x00\x01\x00\x48\x00"
  "\x01\x06\x00\x01\x00\x48\x00\x01\x07\x00\x01\x00\x48\x00\x01\x08\x00\x01\x00\x48"
  "\x00\x01\x09\x00\x01\x00\x48\x00\x01\x0b\x00\x01\x00\x48\x00\x01\x0c\x00\x01\x00"
  "\x48\x00\x01\x0d\x00\x01\x00\x48\x00\x01\x0e\x00\x01\x00\x48\x00\x01\x0f\x00\x01"
  "\x00\x48\x00\x01\x11\x00\x01\x00\x48\x00\x01\x12\x00\x01\x00\x48\x00\x01\x1a\x00"
  "\x01\x00\x48\x00\x01\x1b\x00\x01\x00\x48\x00\x01\x1c\x00\x01\x00\x48\x00\x01\x1d"
  "\x00\x01\x00\x48\x00\x01\x1e\x00\x01\x00\x48\x00\x01\x1f\x00\x01\x00\x48\x00\x01"
  "\x20\x00\x01\x00\x48\x00\x01\x21\x00\x01\x00\x48\x00\x01\x22\x00\x01\x00\x48\x00"
  "\x01\x23\x00\x01\x00\x48\x00\x01\x24\x00\x01\x00\x48\x00\x01\x25\x00\x01\x00\x48"
  "\x00\x01\x26\x00\x01\x00\x48\x00\x01\x27\x00\x01\x00\x48\x00\x01\x28\x00\x01\x00"
  "\x48\x00\x01\x2c\x00\x01\x00\x48\x00\x01\x2d\x00\x01\x00\x48\x00\x01\x2e\x00\x01"
  "\x00\x48\x00\x01\x2f\x00\x01\x00\x48\x00\x01\x31\x00\x01\x00\x48\x00\x01\x33\x00"
  "\x01\x00\x48\x00\x01\x34\x00\x01\x00\x48\x00\x01\x35\x00\x01\x00\x48\x00\x01\x38"
  "\x00\x01\x00\x48\x00\x01\x39\x00\x01\x00\x48\x00\x01\x3b\x00\x01\x00\x48\x00\x01"
  "\x3c\x00\x01\x00\x48\x00\x01\x3e\x00\x01\x00\x48\x00\x01\x42\x00\x01\x00\x48\x00"
  "\x01\x43\x00\x01\x00\x48\x00\x01\x45\x00\x01\x00\x48\x00\x01\x4c\x00\x01\x00\x48"
  "\x00\x01\x4f\x00\x01\x00\x48\x00\x01\x50\x00\x01\x00\x48\x00\x01\x51\x00\x01\x00"
  "\x48\x00\x01\x54\x00\x01\x00\x48\x00\x01\x58\x00\x01\x00\x48\x00\x01\x59\x00\x01"
  "\x00\x01\x00\x02\x37\x00\x08\x00\x02\x00\x02\x37\x00\x04\x00\x05\x00\x02\x07\x00"
  "\x01\x00\x05\x00\x02\x1e\x00\x01\x00\x05\x00\x02\x2b\x00\x01\x00\x0c\x00\x02\x0d"
  "\x00\x01\x00\x0c\x00\x02\x1c\x00\x01\x00\x0c\x00\x02\x2c\x00\x01\x00\x11\x00\x02"
  "\x0f\x00\x01\x00\x11\x00\x02\x18\x00\x01\x00\x11\x00\x02\x25\x00\x01\x00\x12\x00"
  "\x02\x12\x00\x01\x00\x12\x00\x02\x21\x00\x01\x00\x12\x00\x02\x2e\x00\x01\x00\x13"
  "\x00\x02\x05\x00\x01\x00\x13\x00\x02\x26\x00\x01\x00\x13\x00\x02\x2f\x00\x01\x00"
  "\x14\x00\x02\x0c\x00\x01\x00\x14\x00\x02\x1f\x00\x01\x00\x14\x00\x02\x2a\x00\x01"
  "\x00\x25\x00\x02\x08\x00\x01\x00\x25\x00\x02\x22\x00\x01\x00\x25\x00\x02\x30\x00"
  "\x01\x00\x26\x00\x02\x01\x00\x01\x00\x26\x00\x02\x31\x00\x01\x00\x26\x00\x02\x35"
  "\x00\x01\x00\x2f\x00\x02\x13\x00\x01\x00\x2f\x00\x02\x1e\x00\x01\x00\x2f\x00\x02"
  "\x36\x00\x01\x00\x30\x00\x02\x06\x00\x01\x00\x30\x00\x02\x19\x00\x01\x00\x30\x00"
  "\x02\x28\x00\x01\x00\x33\x00\x02\x0e\x00\x01\x00\x33\x00\x02\x1d\x00\x01\x00\x33"
  "\x00\x02\x2d\x00\x01\x00\x36\x00\x02\x10\x00\x01\x00\x36\x00\x02\x23\x00\x01\x00"
  "\x36\x00\x02\x34\x00\x01\x00\x38\x00\x02\x0a\x00\x01\x00\x38\x00\x02\x15\x00\x01"
  "\x00\x38\x00\x02\x24\x00\x01\x00\x3b\x00\x02\x09\x00\x01\x00\x3b\x00\x02\x17\x00"
  "\x01\x00\x3b\x00\x02\x20\x00\x01\x00\x3c\x00\x02\x11\x00\x01\x00\x3c\x00\x02\x16"
  "\x00\x01\x00\x3c\x00\x02\x27\x00\x01\x00\x3e\x00\x02\x04\x00\x01\x00\x3e\x00\x02"
  "\x1b\x00\x01\x00\x3e\x00\x02\x2e\x00\x01\x00\x41\x00\x02\x00\x00\x01\x00\x41\x00"
  "\x02\x02\x00\x01\x00\x41\x00\x02\x32\x00\x01\x00\x43\x00\x02\x0b\x00\x01\x00\x43"
  "\x00\x02\x1a\x00\x01\x00\x43\x00\x02\x29\x00\x01\x00\x46\x00\x02\x03\x00\x01\x00"
  "\x46\x00\x02\x14\x00\x01\x00\x46\x00\x02\x33\x00\x01\x00\x47\x00\x02\x00\x00\x01"
  "\x00\x47\x00\x02\x01\x00\x01\x00\x47\x00\x02\x02\x00\x01\x00\x47\x00\x02\x03\x00"
  "\x01\x00\x47\x00\x02\x04\x00\x01\x00\x47\x00\x02\x05\x00\x01\x00\x47\x00\x02\x06"
  "\x00\x01\x00\x47\x00\x02\x07\x00\x01\x00\x47\x00\x02\x08\x00\x01\x00\x47\x00\x02"
  "\x09\x00\x01\x00\x47\x00\x02\x0a\x00\x01\x00\x47\x00\x02\x0b\x00\x01\x00\x47\x00"
  "\x02\x0c\x00\x01\x00\x47\x00\x02\x0d\x00\x01\x00\x47\x00\x02\x0e\x00\x01\x00\x47"
  "\x00\x02\x0f\x00\x01\x00\x47\x00\x02\x10\x00\x01\x00\x47\x00\x02\x11\x00\x01\x00"
  "\x47\x00\x02\x12\x00\x01\x00\x47\x00\x02\x13\x00\x01\x00\x47\x00\x02\x14\x00\x01"
  "\x00\x47\x00\x02\x15\x00\x01\x00\x47\x00\x02\x17\x00\x01\x00\x47\x00\x02\x1b\x00"
  "\x01\x00\x47\x00\x02\x1e\x00\x01\x00\x47\x00\x02\x25\x00\x01\x00\x47\x00\x02\x26"
  "\x00\x01\x00\x47\x00\x02\x27\x00\x01\x00\x47\x00\x02\x28\x00\x01\x00\x47\x00\x02"
  "\x29\x00\x01\x00\x47\x00\x02\x2a\x00\x01\x00\x47\x00\x02\x2b\x00\x01\x00\x47\x00"
  "\x02\x2c\x00\x01\x00\x47\x00\x02\x2d\x00\x01\x00\x47\x00\x02\x2e\x00\x01\x00\x47"
  "\x00\x02\x30\x00\x01\x00\x47\x00\x02\x31\x00\x01\x00\x47\x00\x02\x34\x00\x01\x00"
  "\x48\x00\x02\x01\x00\x01\x00\x48\x00\x02\x02\x00\x01\x00\x48\x00\x02\x03\x00\x01"
  "\x00\x48\x00\x02\x04\x00\x01\x00\x48\x00\x02\x05\x00\x01\x00\x48\x00\x02\x06\x00"
  "\x01\x00\x48\x00\x02\x07\x00\x01\x00\x48\x00\x02\x08\x00\x01\x00\x48\x00\x02\x09"
  "\x00\x01\x00\x48\x00\x02\x0a\x00\x01\x00\x48\x00\x02\x0b\x00\x01\x00\x48\x00\x02"
  "\x0c\x00\x01\x00\x48\x00\x02\x0d\x00\x01\x00\x48\x00\x02\x0e\x00\x01\x00\x48\x00"
  "\x02\x0f\x00\x01\x00\x48\x00\x02\x10\x00\x01\x00\x48\x00\x02\x11\x00\x01\x00\x48"
  "\x00\x02\x12\x00\x01\x00\x48\x00\x02\x13\x00\x01\x00\x48\x00\x02\x16\x00\x01\x00"
  "\x48\x00\x02\x18\x00\x01\x00\x48\x00\x02\x19\x00\x01\x00\x48\x00\x02\x1a\x00\x01"
  "\x00\x48\x00\x02\x1c\x00\x01\x00\x48\x00\x02\x1d\x00\x01\x00\x48\x00\x02\x1e\x00"
  "\x01\x00\x48\x00\x02\x1f\x00\x01\x00\x48\x00\x02\x20\x00\x01\x00\x48\x00\x02\x21"
  "\x00\x01\x00\x48\x00\x02\x22\x00\x01\x00\x48\x00\x02\x23\x00\x01\x00\x48\x00\x02"
  "\x24\x00\x01\x00\x48\x00\x02\x2e\x00\x01\x00\x48\x00\x02\x2f\x00\x01\x00\x48\x00"
  "\x02\x32\x00\x01\x00\x48\x00\x02\x33\x00\x01\x00\x48\x00\x02\x35\x00\x01\x00\x48"
  "\x00\x02\x36\x00\x01\x00\x49\x00\x02\x00\x00\x01\x00\x49\x00\x02\x14\x00\x01\x00"
  "\x49\x00\x02\x15\x00\x01\x00\x49\x00\x02\x16\x00\x01\x00\x49\x00\x02\x17\x00\x01"
  "\x00\x49\x00\x02\x18\x00\x01\x00\x49\x00\x02\x19\x00\x01\x00\x49\x00\x02\x1a\x00"
  "\x01\x00\x49\x00\x02\x1b\x00\x01\x00\x49\x00\x02\x1c\x00\x01\x00\x49\x00\x02\x1d"
  "\x00\x01\x00\x49\x00\x02\x1e\x00\x01\x00\x49\x00\x02\x1f\x00\x01\x00\x49\x00\x02"
  "\x20\x00\x01\x00\x49\x00\x02\x21\x00\x01\x00\x49\x00\x02\x22\x00\x01\x00\x49\x00"
  "\x02\x23\x00\x01\x00\x49\x00\x02\x24\x00\x01\x00\x49\x00\x02\x25\x00\x01\x00\x49"
  "\x00\x02\x26\x00\x01\x00\x49\x00\x02\x27\x00\x01\x00\x49\x00\x02\x28\x00\x01\x00"
  "\x49\x00\x02\x29\x00\x01\x00\x49\x00\x02\x2a\x00\x01\x00\x49\x00\x02\x2b\x00\x01"
  "\x00\x49\x00\x02\x2c\x00\x01\x00\x49\x00\x02\x2d\x00\x01\x00\x49\x00\x02\x2e\x00"
  "\x01\x00\x49\x00\x02\x2f\x00\x01\x00\x49\x00\x02\x30\x00\x01\x00\x49\x00\x02\x31"
  "\x00\x01\x00\x49\x00\x02\x32\x00\x01\x00\x49\x00\x02\x33\x00\x01\x00\x49\x00\x02"
  "\x34\x00\x01\x00\x49\x00\x02\x35\x00\x01\x00\x49\x00\x02\x36\x00\x01\x00\x4a\x00"
  "\x02\x01\x00\x01\x00\x4a\x00\x02\x02\x00\x01\x00\x4a\x00\x02\x03\x00\x01\x00\x4a"
  "\x00\x02\x04\x00\x01\x00\x4a\x00\x02\x05\x00\x01\x00\x4a\x00\x02\x06\x00\x01\x00"
  "\x4a\x00\x02\x07\x00\x01\x00\x4a\x00\x02\x08\x00\x01\x00\x4a\x00\x02\x09\x00\x01"
  "\x00\x4a\x00\x02\x0a\x00\x01\x00\x4a\x00\x02\x0b\x00\x01\x00\x4a\x00\x02\x0c\x00"
  "\x01\x00\x4a\x00\x02\x0d\x00\x01\x00\x4a\x00\x02\x0e\x00\x01\x00\x4a\x00\x02\x0f"
  "\x00\x01\x00\x4a\x00\x02\x10\x00\x01\x00\x4a\x00\x02\x11\x00\x01\x00\x4a\x00\x02"
  "\x12\x00\x01\x00\x4a\x00\x02\x13\x00\x01\x00\x4b\x00\x02\x1b\x00\x10\x00\x4c\x00"
  "\x02\x36\x00\x10\x00\x4d\x00\x02\x2b\x00\x10\x00\x4e\x00\x02\x21\x00\x10\x00\x01"
  "\x00\x03\x11\x00\x04\x00\x48\x00\x03\x08\x00\x01\x00\x4f\x00\x03\x00\x00\x02\x00"
  "\x50\x00\x03\x04\x00\x01\x00\x01\x00\x04\x11\x00\x04\x00\x48\x00\x04\x09\x00\x01"
  "\x00\x4f\x00\x04\x01\x00\x02\x00\x50\x00\x04\x02\x00\x01\x00\x01\x00\x05\x11\x00"
  "\x04\x00\x48\x00\x05\x0a\x00\x01\x00\x4f\x00\x05\x02\x00\x02\x00\x50\x00\x05\x05"
  "\x00\x01\x00\x01\x00\x06\x11\x00\x04\x00\x48\x00\x06\x0b\x00\x01\x00\x4f\x00\x06"
  "\x03\x00\x02\x00\x50\x00\x06\x06\x00\x01\x00\x01\x00\x07\x11\x00\x01\x00\x02\x00"
  "\x07\x11\x00\x02\x00\x03\x00\x07\x0c\x00\x01\x00\x04\x00\x07\x05\x00\x01\x00\x01"
  "\x00\x08\x11\x00\x01\x00\x02\x00\x08\x11\x00\x02\x00\x03\x00\x08\x0d\x00\x01\x00"
  "\x04\x00\x08\x06\x00\x01\x00\x01\x00\x09\x11\x00\x02\x00\x47\x00\x09\x07\x00\x01"
  "\x00\x48\x00\x09\x08\x00\x01\x00\x02\x00\x0a\x03\x00\x08\x00\x47\x00\x0a\x00\x00"
  "\x04\x00\x48\x00\x0a\x02\x00\x01\x00\x49\x00\x0a\x01\x00\x02\x00\x51\x00\x0a\x04"
  "\x00\x08\x00\x01\x00\x0b\x00\x00\x04\x00\x02\x00\x0b\x00\x00\x01\x00\x04\x00\x0b"
  "\x01\x00\x04\x00\x49\x00\x0b\x03\x00\x02\x00\x52\x00\x0b\x02\x00\x01\x00";

#define NSTAGE 14

int STAGE_M[14];
int STAGE_H[14];
int STAGE_OFF[14];
int STAGE_NCLS[168];
int STAGE_MW[14];
int STAGE_VN[56];
int act[4096];
int z[512];

int model_dims(void) {
  STAGE_M[0] = 2; STAGE_H[0] = 6; STAGE_OFF[0] = 0;  STAGE_MW[0] = 1;
  STAGE_NCLS[0] = 4;
  STAGE_VN[0] = 9;
  STAGE_VN[1] = 2;
  STAGE_M[1] = 2; STAGE_H[1] = 11; STAGE_OFF[1] = 142;  STAGE_MW[1] = 1;
  STAGE_NCLS[12] = 10;
  STAGE_VN[4] = 12;
  STAGE_VN[5] = 12;
  STAGE_M[2] = 2; STAGE_H[2] = 34; STAGE_OFF[2] = 399;  STAGE_MW[2] = 2;
  STAGE_NCLS[24] = 36;
  STAGE_VN[8] = 5;
  STAGE_VN[9] = 68;
  STAGE_M[3] = 3; STAGE_H[3] = 62; STAGE_OFF[3] = 2751;  STAGE_MW[3] = 1;
  STAGE_NCLS[36] = 16;
  STAGE_VN[12] = 15;
  STAGE_VN[13] = 19;
  STAGE_VN[14] = 15;
  STAGE_M[4] = 2; STAGE_H[4] = 9; STAGE_OFF[4] = 4677;  STAGE_MW[4] = 1;
  STAGE_NCLS[48] = 7;
  STAGE_VN[16] = 6;
  STAGE_VN[17] = 5;
  STAGE_M[5] = 2; STAGE_H[5] = 71; STAGE_OFF[5] = 4888;  STAGE_MW[5] = 2;
  STAGE_NCLS[60] = 66;
  STAGE_VN[20] = 6;
  STAGE_VN[21] = 66;
  STAGE_M[6] = 3; STAGE_H[6] = 5; STAGE_OFF[6] = 7661;  STAGE_MW[6] = 2;
  STAGE_NCLS[72] = 5;
  STAGE_VN[24] = 70;
  STAGE_VN[25] = 3;
  STAGE_VN[26] = 2;
  STAGE_M[7] = 2; STAGE_H[7] = 3; STAGE_OFF[7] = 7940;  STAGE_MW[7] = 1;
  STAGE_NCLS[84] = 3;
  STAGE_VN[28] = 3;
  STAGE_VN[29] = 2;
  STAGE_M[8] = 2; STAGE_H[8] = 10; STAGE_OFF[8] = 8013;  STAGE_MW[8] = 1;
  STAGE_NCLS[96] = 16;
  STAGE_VN[32] = 8;
  STAGE_VN[33] = 2;
  STAGE_M[9] = 1; STAGE_H[9] = 6; STAGE_OFF[9] = 8401;  STAGE_MW[9] = 1;
  STAGE_NCLS[108] = 4;
  STAGE_NCLS[109] = 2;
  STAGE_NCLS[110] = 2;
  STAGE_VN[36] = 16;
  STAGE_M[10] = 1; STAGE_H[10] = 7; STAGE_OFF[10] = 8509;  STAGE_MW[10] = 1;
  STAGE_NCLS[120] = 7;
  STAGE_VN[40] = 9;
  STAGE_M[11] = 2; STAGE_H[11] = 70; STAGE_OFF[11] = 8618;  STAGE_MW[11] = 2;
  STAGE_NCLS[132] = 5;
  STAGE_NCLS[133] = 91;
  STAGE_VN[44] = 70;
  STAGE_VN[45] = 2;
  STAGE_M[12] = 3; STAGE_H[12] = 37; STAGE_OFF[12] = 12444;  STAGE_MW[12] = 2;
  STAGE_NCLS[144] = 56;
  STAGE_NCLS[145] = 18;
  STAGE_NCLS[146] = 18;
  STAGE_NCLS[147] = 18;
  STAGE_NCLS[148] = 18;
  STAGE_NCLS[149] = 18;
  STAGE_NCLS[150] = 18;
  STAGE_NCLS[151] = 18;
  STAGE_NCLS[152] = 5;
  STAGE_NCLS[153] = 4;
  STAGE_VN[48] = 70;
  STAGE_VN[49] = 3;
  STAGE_VN[50] = 2;
  STAGE_M[13] = 3; STAGE_H[13] = 83; STAGE_OFF[13] = 15344;  STAGE_MW[13] = 2;
  STAGE_NCLS[156] = 5;
  STAGE_NCLS[157] = 91;
  STAGE_NCLS[158] = 56;
  STAGE_NCLS[159] = 18;
  STAGE_NCLS[160] = 18;
  STAGE_NCLS[161] = 18;
  STAGE_NCLS[162] = 18;
  STAGE_NCLS[163] = 18;
  STAGE_NCLS[164] = 18;
  STAGE_NCLS[165] = 18;
  STAGE_NCLS[166] = 5;
  STAGE_NCLS[167] = 4;
  STAGE_VN[52] = 70;
  STAGE_VN[53] = 3;
  STAGE_VN[54] = 2;
  return 14;
}

char *TOKV = "eof\0type\0id\0num\0str\0if\0else\0while\0for\0do\0switch\0case\0default\0return\0break\0continue\0sizeof\0struct\0typedef\0enum\0{\0}\0(\0)\0[\0]\0;\0,\0=\0+=\0-=\0*=\0/=\0?\0:\0+\0-\0*\0/\0%\0==\0!=\0<\0>\0<=\0>=\0&&\0||\0!\0&\0++\0--\0.\0->\0goto\0|\0^\0<<\0>>\0union\0~\0%=\0&=\0|=\0^=\0<<=\0>>=\0...\0";
#define NTOKV 68

char *PRODV = "end\0fn\0global\0typedef\0struct\0enum\0decl\0if\0while\0for\0do\0switch\0case\0default\0return\0break\0continue\0block\0expr\0neg\0not\0deref\0addr\0sizeof\0prim\0index\0call\0inc\0field\0done\0fn_sig\0var_def\0goto\0bnot\0preinc\0uplus\0";
#define NPRODV 36

char *ACTV = "skip\0nl\0ident\0num\0str\0charlit\0cmt\0linecmt\0op\0bad\0";
#define NACTV 10

char *TYPEV = "int\0char\0long\0short\0void\0unsigned\0signed\0float\0double\0const\0static\0_Bool\0extern\0volatile\0register\0auto\0inline\0restrict\0";
#define NTYPEV 18

char *DIRV = "ifdef\0ifndef\0if\0elif\0else\0endif\0define\0include\0undef\0";
#define NDIRV 9

char *PPACTV = "take\0skip\0pop\0macro\0";
#define NPPACTV 4

char *NTV = "top\0stmt\0unary\0postfix\0after_name\0";
#define NNTV 5

char *TYSV = "void\0i8\0i16\0i32\0i64\0u8\0u16\0u32\0u64\0ptr\0arr\0struct\0fn\0f32\0f64\0";
#define NTYSV 15

char *TOPSV = "+\0-\0*\0/\0%\0<\0==\0=\0&\0[]\0.\0call\0sizeof\0,\0un*\0|\0^\0<<\0>>\0";
#define NTOPSV 19

char *TYOUTV = "void\0i8\0i16\0i32\0i64\0u8\0u16\0u32\0u64\0ptr\0arr\0struct\0fn\0f32\0f64\0illegal\0";
#define NTYOUTV 16

char *SCTXV = "top\0param\0local\0expr\0sizeof\0field\0";
#define NSCTXV 6

char *SKINDV = "type_kw\0id\0typedef_id\0star\0lparen\0";
#define NSKINDV 5

char *SACTV = "bind_global\0bind_param\0bind_local\0lookup\0type_name\0fn_name\0field\0";
#define NSACTV 7

char *IRFAMV = "alu\0mem\0ctrl\0call\0lit\0fpu\0";
#define NIRFAMV 6

char *IRFLAV = "add\0sub\0mul\0lt\0le\0gt\0ge\0eq\0ne\0neg\0and\0or\0xor\0shl\0shr\0ult\0ule\0ugt\0uge\0lshr\0load\0store\0lea\0ld\0st\0zero\0jump\0jumpz\0ret\0call\0push\0arg\0frame\0callr\0imm\0print\0write\0exit\0dadd\0dsub\0dmul\0ddiv\0dlt\0dle\0deq\0sadd\0ssub\0smul\0sdiv\0slt\0sle\0seq\0i2d\0u2d\0i2s\0u2s\0d2i\0d2u\0s2d\0d2s\0dsqrt\0ssqrt\0dgt\0dge\0sgt\0sge\0";
#define NIRFLAV 66

char *IRRECV = "add64\0and64\0arg\0call\0callpush\0callr\0cvtdi\0cvtds\0cvtdu\0cvtid\0cvtis\0cvtsd\0cvtud\0cvtus\0eq\0exit\0fadd32\0fadd64\0fdiv32\0fdiv64\0feq32\0feq64\0fle32\0fle32_rev\0fle64\0fle64_rev\0flt32\0flt32_rev\0flt64\0flt64_rev\0fmul32\0fmul64\0frame\0fsqrt32\0fsqrt64\0fsub32\0fsub64\0imm\0jump\0jumpz\0ld\0lea\0load64\0lshr64\0mul64\0ne\0or64\0print\0ret\0shl64\0shr64\0sle64\0sle64_rev\0slt64\0slt64_rev\0st\0store64\0sub64\0ule64\0ule64_rev\0ult64\0ult64_rev\0write\0xor64\0zero\0bad\0";
#define NIRRECV 66

char *BF_ENC_0 = "exit\000read\000write\000open\000close\000mmap\000munmap\000mprotect\000getpid\000clock_gettime\000nanosleep\000futex\000socket\000connect\000bind\000listen\000accept\000clone\000execve\000add64\000sub64\000xor64\000mul64\000slt64\000sle64\000load64\000store64\000jump\000jumpz\000call\000ret\000nop\000cas64\000fence\000syscall_gate\000tls_base\000cycle_counter\000stack_enter\000and64\000or64\000shl64\000shr64\000callr\000ult64\000ule64\000lshr64\000fadd64\000fsub64\000fmul64\000fdiv64\000flt64\000fle64\000feq64\000fadd32\000fsub32\000fmul32\000fdiv32\000flt32\000fle32\000feq32\000cvtid\000cvtud\000cvtis\000cvtus\000cvtdi\000cvtdu\000cvtsd\000cvtds\000fsqrt64\000fsqrt32\000";
#define NBF_ENC_0 70

char *BF_ENC_1 = "lnx\000osx\000win\000";
#define NBF_ENC_1 3

char *BF_ENC_2 = "x86_64\000arm64\000";
#define NBF_ENC_2 2

char *BH_ENC_Y = "syscall\000svc\000winapi\000x86\000arm\000";
#define NBH_ENC_Y 5
#define HD_ENC_Y 0

char *BF_RELOC_0 = "jmp\000jz\000call\000";
#define NBF_RELOC_0 3

char *BF_RELOC_1 = "x86_64\000arm64\000";
#define NBF_RELOC_1 2

char *BH_RELOC_Y = "rel32\000arm26\000arm19\000";
#define NBH_RELOC_Y 3
#define HD_RELOC_Y 0

char *BF_REGMAP_0 = "r0\000r1\000r2\000r3\000r4\000r5\000r6\000r7\000";
#define NBF_REGMAP_0 8

char *BF_REGMAP_1 = "x86_64\000arm64\000";
#define NBF_REGMAP_1 2

char *BH_REGMAP_Y = "r10\000r8\000r9\000rax\000rcx\000rdi\000rdx\000rsi\000x0\000x1\000x2\000x3\000x4\000x5\000x6\000x7\000";
#define NBH_REGMAP_Y 16
#define HD_REGMAP_Y 0

char *BF_TYINFO_0 = "void\000i8\000i16\000i32\000i64\000u8\000u16\000u32\000u64\000ptr\000arr\000struct\000fn\000f32\000f64\000illegal\000";
#define NBF_TYINFO_0 16

char *BH_TYINFO_SIZE = "1\0002\0004\0008\000";
#define NBH_TYINFO_SIZE 4
#define HD_TYINFO_SIZE 0

char *BH_TYINFO_UNS = "0\0001\000";
#define NBH_TYINFO_UNS 2
#define HD_TYINFO_UNS 1

char *BH_TYINFO_NARROW = "0\0001\000";
#define NBH_TYINFO_NARROW 2
#define HD_TYINFO_NARROW 2

char *BF_PFCONV_0 = "d\000i\000u\000x\000X\000o\000p\000c\000s\000";
#define NBF_PFCONV_0 9

char *BH_PFCONV_Y = "int\000u32\000hex\000HEX\000oct\000chr\000str\000";
#define NBH_PFCONV_Y 7
#define HD_PFCONV_Y 0

char *BF_ISEL_0 = "exit\000read\000write\000open\000close\000mmap\000munmap\000mprotect\000getpid\000clock_gettime\000nanosleep\000futex\000socket\000connect\000bind\000listen\000accept\000clone\000execve\000add64\000sub64\000xor64\000mul64\000slt64\000sle64\000load64\000store64\000jump\000jumpz\000call\000ret\000nop\000cas64\000fence\000syscall_gate\000tls_base\000cycle_counter\000stack_enter\000and64\000or64\000shl64\000shr64\000callr\000ult64\000ule64\000lshr64\000fadd64\000fsub64\000fmul64\000fdiv64\000flt64\000fle64\000feq64\000fadd32\000fsub32\000fmul32\000fdiv32\000flt32\000fle32\000feq32\000cvtid\000cvtud\000cvtis\000cvtus\000cvtdi\000cvtdu\000cvtsd\000cvtds\000fsqrt64\000fsqrt32\000";
#define NBF_ISEL_0 70

char *BF_ISEL_1 = "x86_64\000arm64\000";
#define NBF_ISEL_1 2

char *BH_ISEL_FORM = "syscall\000svc\000winapi\000x86\000arm\000";
#define NBH_ISEL_FORM 5
#define HD_ISEL_FORM 0

char *BH_ISEL_SYMBOL = "accept\000add\000addsd\000addss\000and\000asr\000b\000bind\000bl\000blr\000call\000casal\000cbz\000clock_gettime\000clone\000close\000cmpxchg\000connect\000cset\000cvtsd2ss\000cvtsi2sd\000cvtsi2ss\000cvtss2sd\000cvttsd2si\000divsd\000divss\000dmb\000eor\000execve\000exit\000fadd\000fcmp\000fcvt\000fcvtzs\000fcvtzu\000fdiv\000fmul\000fsqrt\000fsub\000futex\000getpid\000imul\000jmp\000jz\000ldr\000listen\000lsl\000lsr\000mfence\000mmap\000mov\000mprotect\000mrs\000mul\000mulsd\000mulss\000munmap\000nanosleep\000none\000nop\000open\000or\000orr\000push\000rdfsbase\000rdtsc\000read\000ret\000sar\000scvtf\000setb\000setbe\000setl\000setle\000shl\000shr\000socket\000sqrtsd\000sqrtss\000stp\000str\000sub\000subsd\000subss\000svc\000syscall\000ucomisd\000ucomiss\000ucvtf\000write\000xor\000";
#define NBH_ISEL_SYMBOL 91
#define HD_ISEL_SYMBOL 1

char *BF_ABI_0 = "exit\000read\000write\000open\000close\000mmap\000munmap\000mprotect\000getpid\000clock_gettime\000nanosleep\000futex\000socket\000connect\000bind\000listen\000accept\000clone\000execve\000add64\000sub64\000xor64\000mul64\000slt64\000sle64\000load64\000store64\000jump\000jumpz\000call\000ret\000nop\000cas64\000fence\000syscall_gate\000tls_base\000cycle_counter\000stack_enter\000and64\000or64\000shl64\000shr64\000callr\000ult64\000ule64\000lshr64\000fadd64\000fsub64\000fmul64\000fdiv64\000flt64\000fle64\000feq64\000fadd32\000fsub32\000fmul32\000fdiv32\000flt32\000fle32\000feq32\000cvtid\000cvtud\000cvtis\000cvtus\000cvtdi\000cvtdu\000cvtsd\000cvtds\000fsqrt64\000fsqrt32\000";
#define NBF_ABI_0 70

char *BF_ABI_1 = "lnx\000osx\000win\000";
#define NBF_ABI_1 3

char *BF_ABI_2 = "x86_64\000arm64\000";
#define NBF_ABI_2 2

char *BH_ABI_SYSNO = "0\0000x2000001\0000x2000003\0000x2000004\0000x2000005\0000x2000006\0000x2000014\0000x200001e\0000x200003b\0000x2000049\0000x200004a\0000x2000061\0000x2000062\0000x2000068\0000x200006a\0000x2000074\0000x20000c5\0000x20000f0\0000x2000168\0000x2000203\0001\00010\000101\00011\000113\000172\000198\0002\000200\000201\000202\000203\000215\000220\000221\000222\000226\000228\0003\00035\00039\00041\00042\00043\00049\00050\00056\00057\00059\00060\00063\00064\0009\00093\00098\000none\000";
#define NBH_ABI_SYSNO 56
#define HD_ABI_SYSNO 0

char *BH_ABI_ARG0 = "rdi\000rsi\000rdx\000r10\000rcx\000r8\000r9\000rax\000x0\000x1\000x2\000x3\000x4\000x5\000x6\000x7\000x8\000none\000";
#define NBH_ABI_ARG0 18
#define HD_ABI_ARG0 1

char *BH_ABI_ARG1 = "rdi\000rsi\000rdx\000r10\000rcx\000r8\000r9\000rax\000x0\000x1\000x2\000x3\000x4\000x5\000x6\000x7\000x8\000none\000";
#define NBH_ABI_ARG1 18
#define HD_ABI_ARG1 2

char *BH_ABI_ARG2 = "rdi\000rsi\000rdx\000r10\000rcx\000r8\000r9\000rax\000x0\000x1\000x2\000x3\000x4\000x5\000x6\000x7\000x8\000none\000";
#define NBH_ABI_ARG2 18
#define HD_ABI_ARG2 3

char *BH_ABI_ARG3 = "rdi\000rsi\000rdx\000r10\000rcx\000r8\000r9\000rax\000x0\000x1\000x2\000x3\000x4\000x5\000x6\000x7\000x8\000none\000";
#define NBH_ABI_ARG3 18
#define HD_ABI_ARG3 4

char *BH_ABI_ARG4 = "rdi\000rsi\000rdx\000r10\000rcx\000r8\000r9\000rax\000x0\000x1\000x2\000x3\000x4\000x5\000x6\000x7\000x8\000none\000";
#define NBH_ABI_ARG4 18
#define HD_ABI_ARG4 5

char *BH_ABI_ARG5 = "rdi\000rsi\000rdx\000r10\000rcx\000r8\000r9\000rax\000x0\000x1\000x2\000x3\000x4\000x5\000x6\000x7\000x8\000none\000";
#define NBH_ABI_ARG5 18
#define HD_ABI_ARG5 6

char *BH_ABI_RET = "rdi\000rsi\000rdx\000r10\000rcx\000r8\000r9\000rax\000x0\000x1\000x2\000x3\000x4\000x5\000x6\000x7\000x8\000none\000";
#define NBH_ABI_RET 18
#define HD_ABI_RET 7

char *BH_ABI_GATE = "syscall\000svc0\000svc80\000winapi\000none\000";
#define NBH_ABI_GATE 5
#define HD_ABI_GATE 8

char *BH_ABI_NRREG = "none\000rax\000x16\000x8\000";
#define NBH_ABI_NRREG 4
#define HD_ABI_NRREG 9

/* generated by `unisa emit-kernel` -- do not edit.
 * The headers this compiler answers `#include <x.h>` with, packed
 * as text: a shipped binary has no include/ to read. */

char *HDR_NAMES = "assert.h\000ctype.h\000inttypes.h\000limits.h\000math.h\000stdarg.h\000stdbool.h\000stddef.h\000stdint.h\000stdio.h\000stdlib.h\000string.h\000wchar.h\000";
#define NHDR 13

char *HDR_0 =
  "\x2f\x2a\x20\x3c\x61\x73\x73\x65\x72\x74\x2e\x68\x3e\x20\x66\x6f\x72\x20\x74\x68"
  "\x65\x20\x75\x6e\x69\x73\x61\x20\x43\x20\x73\x75\x62\x73\x65\x74\x2e\x0a\x20\x2a"
  "\x0a\x20\x2a\x20\x54\x68\x65\x20\x6d\x65\x73\x73\x61\x67\x65\x20\x63\x61\x72\x72"
  "\x69\x65\x73\x20\x74\x68\x65\x20\x65\x78\x70\x72\x65\x73\x73\x69\x6f\x6e\x20\x62"
  "\x75\x74\x20\x4e\x4f\x54\x20\x74\x68\x65\x20\x66\x69\x6c\x65\x20\x61\x6e\x64\x20"
  "\x6c\x69\x6e\x65\x3a\x20\x74\x68\x69\x73\x0a\x20\x2a\x20\x70\x72\x65\x70\x72\x6f"
  "\x63\x65\x73\x73\x6f\x72\x20\x68\x61\x73\x20\x6e\x6f\x20\x60\x5f\x5f\x46\x49\x4c"
  "\x45\x5f\x5f\x60\x20\x6f\x72\x20\x60\x5f\x5f\x4c\x49\x4e\x45\x5f\x5f\x60\x2c\x20"
  "\x62\x65\x63\x61\x75\x73\x65\x20\x69\x6e\x63\x6c\x75\x64\x65\x73\x20\x61\x72\x65"
  "\x20\x73\x70\x6c\x69\x63\x65\x64\x0a\x20\x2a\x20\x69\x6e\x6c\x69\x6e\x65\x20\x77"
  "\x69\x74\x68\x6f\x75\x74\x20\x6c\x69\x6e\x65\x20\x6d\x61\x72\x6b\x65\x72\x73\x2c"
  "\x20\x73\x6f\x20\x62\x6f\x74\x68\x20\x77\x6f\x75\x6c\x64\x20\x62\x65\x20\x77\x72"
  "\x6f\x6e\x67\x20\x61\x66\x74\x65\x72\x20\x74\x68\x65\x20\x66\x69\x72\x73\x74\x0a"
  "\x20\x2a\x20\x60\x23\x69\x6e\x63\x6c\x75\x64\x65\x60\x2e\x20\x20\x41\x20\x77\x72"
  "\x6f\x6e\x67\x20\x6c\x69\x6e\x65\x20\x6e\x75\x6d\x62\x65\x72\x20\x69\x73\x20\x77"
  "\x6f\x72\x73\x65\x20\x74\x68\x61\x6e\x20\x6e\x6f\x6e\x65\x2e\x20\x2a\x2f\x0a\x23"
  "\x69\x66\x6e\x64\x65\x66\x20\x5f\x55\x4e\x49\x53\x41\x5f\x41\x53\x53\x45\x52\x54"
  "\x5f\x48\x0a\x23\x64\x65\x66\x69\x6e\x65\x20\x5f\x55\x4e\x49\x53\x41\x5f\x41\x53"
  "\x53\x45\x52\x54\x5f\x48\x0a\x23\x69\x6e\x63\x6c\x75\x64\x65\x20\x3c\x73\x74\x64"
  "\x69\x6f\x2e\x68\x3e\x0a\x23\x69\x6e\x63\x6c\x75\x64\x65\x20\x3c\x73\x74\x64\x6c"
  "\x69\x62\x2e\x68\x3e\x0a\x0a\x23\x75\x6e\x64\x65\x66\x20\x61\x73\x73\x65\x72\x74"
  "\x0a\x23\x69\x66\x64\x65\x66\x20\x4e\x44\x45\x42\x55\x47\x0a\x23\x64\x65\x66\x69"
  "\x6e\x65\x20\x61\x73\x73\x65\x72\x74\x28\x65\x29\x20\x30\x0a\x23\x65\x6c\x73\x65"
  "\x0a\x23\x64\x65\x66\x69\x6e\x65\x20\x61\x73\x73\x65\x72\x74\x28\x65\x29\x20\x64"
  "\x6f\x20\x7b\x20\x69\x66\x20\x28\x21\x28\x65\x29\x29\x20\x7b\x20\x70\x72\x69\x6e"
  "\x74\x66\x28\x22\x61\x73\x73\x65\x72\x74\x69\x6f\x6e\x20\x66\x61\x69\x6c\x65\x64"
  "\x3a\x20\x25\x73\x5c\x6e\x22\x2c\x20\x23\x65\x29\x3b\x20\x5c\x0a\x20\x20\x20\x20"
  "\x20\x20\x20\x20\x20\x20\x20\x20\x20\x20\x20\x20\x20\x20\x20\x20\x20\x20\x20\x20"
  "\x20\x20\x20\x20\x20\x20\x20\x20\x20\x20\x20\x65\x78\x69\x74\x28\x31\x29\x3b\x20"
  "\x7d\x20\x7d\x20\x77\x68\x69\x6c\x65\x20\x28\x30\x29\x0a\x23\x65\x6e\x64\x69\x66"
  "\x0a\x0a\x23\x65\x6e\x64\x69\x66\x0a";

char *HDR_1 =
  "\x2f\x2a\x20\x3c\x63\x74\x79\x70\x65\x2e\x68\x3e\x20\x66\x6f\x72\x20\x74\x68\x65"
  "\x20\x75\x6e\x69\x73\x61\x20\x43\x20\x73\x75\x62\x73\x65\x74\x2e\x20\x20\x41\x53"
  "\x43\x49\x49\x20\x6f\x6e\x6c\x79\x3a\x20\x74\x68\x65\x72\x65\x20\x69\x73\x20\x6e"
  "\x6f\x20\x6c\x6f\x63\x61\x6c\x65\x2c\x20\x61\x6e\x64\x0a\x20\x2a\x20\x60\x63\x68"
  "\x61\x72\x60\x20\x69\x73\x20\x73\x69\x67\x6e\x65\x64\x2c\x20\x73\x6f\x20\x65\x76"
  "\x65\x72\x79\x20\x66\x75\x6e\x63\x74\x69\x6f\x6e\x20\x74\x61\x6b\x65\x73\x20\x74"
  "\x68\x65\x20\x76\x61\x6c\x75\x65\x20\x61\x73\x20\x61\x6e\x20\x69\x6e\x74\x20\x74"
  "\x68\x65\x20\x77\x61\x79\x20\x43\x39\x39\x0a\x20\x2a\x20\x73\x61\x79\x73\x20\x61"
  "\x6e\x64\x20\x63\x6f\x6d\x70\x61\x72\x65\x73\x20\x69\x74\x20\x64\x69\x72\x65\x63"
  "\x74\x6c\x79\x2e\x20\x2a\x2f\x0a\x23\x69\x66\x6e\x64\x65\x66\x20\x5f\x55\x4e\x49"
  "\x53\x41\x5f\x43\x54\x59\x50\x45\x5f\x48\x0a\x23\x64\x65\x66\x69\x6e\x65\x20\x5f"
  "\x55\x4e\x49\x53\x41\x5f\x43\x54\x59\x50\x45\x5f\x48\x0a\x0a\x73\x74\x61\x74\x69"
  "\x63\x20\x69\x6e\x74\x20\x69\x73\x64\x69\x67\x69\x74\x28\x69\x6e\x74\x20\x63\x29"
  "\x20\x7b\x20\x72\x65\x74\x75\x72\x6e\x20\x63\x20\x3e\x3d\x20\x27\x30\x27\x20\x26"
  "\x26\x20\x63\x20\x3c\x3d\x20\x27\x39\x27\x3b\x20\x7d\x0a\x73\x74\x61\x74\x69\x63"
  "\x20\x69\x6e\x74\x20\x69\x73\x78\x64\x69\x67\x69\x74\x28\x69\x6e\x74\x20\x63\x29"
  "\x20\x7b\x0a\x20\x20\x20\x20\x72\x65\x74\x75\x72\x6e\x20\x28\x63\x20\x3e\x3d\x20"
  "\x27\x30\x27\x20\x26\x26\x20\x63\x20\x3c\x3d\x20\x27\x39\x27\x29\x20\x7c\x7c\x20"
  "\x28\x63\x20\x3e\x3d\x20\x27\x61\x27\x20\x26\x26\x20\x63\x20\x3c\x3d\x20\x27\x66"
  "\x27\x29\x0a\x20\x20\x20\x20\x20\x20\x20\x20\x7c\x7c\x20\x28\x63\x20\x3e\x3d\x20"
  "\x27\x41\x27\x20\x26\x26\x20\x63\x20\x3c\x3d\x20\x27\x46\x27\x29\x3b\x0a\x7d\x0a"
  "\x73\x74\x61\x74\x69\x63\x20\x69\x6e\x74\x20\x69\x73\x6c\x6f\x77\x65\x72\x28\x69"
  "\x6e\x74\x20\x63\x29\x20\x7b\x20\x72\x65\x74\x75\x72\x6e\x20\x63\x20\x3e\x3d\x20"
  "\x27\x61\x27\x20\x26\x26\x20\x63\x20\x3c\x3d\x20\x27\x7a\x27\x3b\x20\x7d\x0a\x73"
  "\x74\x61\x74\x69\x63\x20\x69\x6e\x74\x20\x69\x73\x75\x70\x70\x65\x72\x28\x69\x6e"
  "\x74\x20\x63\x29\x20\x7b\x20\x72\x65\x74\x75\x72\x6e\x20\x63\x20\x3e\x3d\x20\x27"
  "\x41\x27\x20\x26\x26\x20\x63\x20\x3c\x3d\x20\x27\x5a\x27\x3b\x20\x7d\x0a\x73\x74"
  "\x61\x74\x69\x63\x20\x69\x6e\x74\x20\x69\x73\x61\x6c\x70\x68\x61\x28\x69\x6e\x74"
  "\x20\x63\x29\x20\x7b\x20\x72\x65\x74\x75\x72\x6e\x20\x69\x73\x6c\x6f\x77\x65\x72"
  "\x28\x63\x29\x20\x7c\x7c\x20\x69\x73\x75\x70\x70\x65\x72\x28\x63\x29\x3b\x20\x7d"
  "\x0a\x73\x74\x61\x74\x69\x63\x20\x69\x6e\x74\x20\x69\x73\x61\x6c\x6e\x75\x6d\x28"
  "\x69\x6e\x74\x20\x63\x29\x20\x7b\x20\x72\x65\x74\x75\x72\x6e\x20\x69\x73\x61\x6c"
  "\x70\x68\x61\x28\x63\x29\x20\x7c\x7c\x20\x69\x73\x64\x69\x67\x69\x74\x28\x63\x29"
  "\x3b\x20\x7d\x0a\x73\x74\x61\x74\x69\x63\x20\x69\x6e\x74\x20\x69\x73\x73\x70\x61"
  "\x63\x65\x28\x69\x6e\x74\x20\x63\x29\x20\x7b\x0a\x20\x20\x20\x20\x72\x65\x74\x75"
  "\x72\x6e\x20\x63\x20\x3d\x3d\x20\x27\x20\x27\x20\x7c\x7c\x20\x63\x20\x3d\x3d\x20"
  "\x27\x5c\x74\x27\x20\x7c\x7c\x20\x63\x20\x3d\x3d\x20\x27\x5c\x6e\x27\x20\x7c\x7c"
  "\x20\x63\x20\x3d\x3d\x20\x27\x5c\x76\x27\x0a\x20\x20\x20\x20\x20\x20\x20\x20\x7c"
  "\x7c\x20\x63\x20\x3d\x3d\x20\x27\x5c\x66\x27\x20\x7c\x7c\x20\x63\x20\x3d\x3d\x20"
  "\x27\x5c\x72\x27\x3b\x0a\x7d\x0a\x73\x74\x61\x74\x69\x63\x20\x69\x6e\x74\x20\x69"
  "\x73\x62\x6c\x61\x6e\x6b\x28\x69\x6e\x74\x20\x63\x29\x20\x7b\x20\x72\x65\x74\x75"
  "\x72\x6e\x20\x63\x20\x3d\x3d\x20\x27\x20\x27\x20\x7c\x7c\x20\x63\x20\x3d\x3d\x20"
  "\x27\x5c\x74\x27\x3b\x20\x7d\x0a\x73\x74\x61\x74\x69\x63\x20\x69\x6e\x74\x20\x69"
  "\x73\x63\x6e\x74\x72\x6c\x28\x69\x6e\x74\x20\x63\x29\x20\x7b\x20\x72\x65\x74\x75"
  "\x72\x6e\x20\x28\x63\x20\x3e\x3d\x20\x30\x20\x26\x26\x20\x63\x20\x3c\x20\x33\x32"
  "\x29\x20\x7c\x7c\x20\x63\x20\x3d\x3d\x20\x31\x32\x37\x3b\x20\x7d\x0a\x73\x74\x61"
  "\x74\x69\x63\x20\x69\x6e\x74\x20\x69\x73\x70\x72\x69\x6e\x74\x28\x69\x6e\x74\x20"
  "\x63\x29\x20\x7b\x20\x72\x65\x74\x75\x72\x6e\x20\x63\x20\x3e\x3d\x20\x33\x32\x20"
  "\x26\x26\x20\x63\x20\x3c\x20\x31\x32\x37\x3b\x20\x7d\x0a\x73\x74\x61\x74\x69\x63"
  "\x20\x69\x6e\x74\x20\x69\x73\x67\x72\x61\x70\x68\x28\x69\x6e\x74\x20\x63\x29\x20"
  "\x7b\x20\x72\x65\x74\x75\x72\x6e\x20\x63\x20\x3e\x20\x33\x32\x20\x26\x26\x20\x63"
  "\x20\x3c\x20\x31\x32\x37\x3b\x20\x7d\x0a\x73\x74\x61\x74\x69\x63\x20\x69\x6e\x74"
  "\x20\x69\x73\x70\x75\x6e\x63\x74\x28\x69\x6e\x74\x20\x63\x29\x20\x7b\x20\x72\x65"
  "\x74\x75\x72\x6e\x20\x69\x73\x67\x72\x61\x70\x68\x28\x63\x29\x20\x26\x26\x20\x21"
  "\x69\x73\x61\x6c\x6e\x75\x6d\x28\x63\x29\x3b\x20\x7d\x0a\x73\x74\x61\x74\x69\x63"
  "\x20\x69\x6e\x74\x20\x74\x6f\x75\x70\x70\x65\x72\x28\x69\x6e\x74\x20\x63\x29\x20"
  "\x7b\x20\x69\x66\x20\x28\x69\x73\x6c\x6f\x77\x65\x72\x28\x63\x29\x29\x20\x72\x65"
  "\x74\x75\x72\x6e\x20\x63\x20\x2d\x20\x33\x32\x3b\x20\x72\x65\x74\x75\x72\x6e\x20"
  "\x63\x3b\x20\x7d\x0a\x73\x74\x61\x74\x69\x63\x20\x69\x6e\x74\x20\x74\x6f\x6c\x6f"
  "\x77\x65\x72\x28\x69\x6e\x74\x20\x63\x29\x20\x7b\x20\x69\x66\x20\x28\x69\x73\x75"
  "\x70\x70\x65\x72\x28\x63\x29\x29\x20\x72\x65\x74\x75\x72\x6e\x20\x63\x20\x2b\x20"
  "\x33\x32\x3b\x20\x72\x65\x74\x75\x72\x6e\x20\x63\x3b\x20\x7d\x0a\x0a\x23\x65\x6e"
  "\x64\x69\x66\x0a";

char *HDR_2 =
  "\x2f\x2a\x20\x3c\x69\x6e\x74\x74\x79\x70\x65\x73\x2e\x68\x3e\x20\x66\x6f\x72\x20"
  "\x74\x68\x65\x20\x75\x6e\x69\x73\x61\x20\x43\x20\x73\x75\x62\x73\x65\x74\x3a\x20"
  "\x74\x68\x65\x20\x70\x72\x69\x6e\x74\x66\x2f\x73\x63\x61\x6e\x66\x20\x6c\x65\x6e"
  "\x67\x74\x68\x20\x70\x72\x65\x66\x69\x78\x65\x73\x0a\x20\x2a\x20\x43\x39\x39\x20"
  "\x61\x64\x64\x65\x64\x2c\x20\x6f\x6e\x20\x74\x6f\x70\x20\x6f\x66\x20\x3c\x73\x74"
  "\x64\x69\x6e\x74\x2e\x68\x3e\x27\x73\x20\x74\x79\x70\x65\x73\x2e\x0a\x20\x2a\x0a"
  "\x20\x2a\x20\x4f\x6e\x20\x65\x76\x65\x72\x79\x20\x74\x61\x72\x67\x65\x74\x20\x74"
  "\x68\x69\x73\x20\x63\x6f\x6d\x70\x69\x6c\x65\x72\x20\x68\x61\x73\x2c\x20\x60\x6c"
  "\x6f\x6e\x67\x60\x20\x69\x73\x20\x36\x34\x20\x62\x69\x74\x73\x20\x61\x6e\x64\x20"
  "\x60\x69\x6e\x74\x60\x20\x69\x73\x20\x33\x32\x2c\x20\x73\x6f\x0a\x20\x2a\x20\x74"
  "\x68\x65\x20\x36\x34\x2d\x62\x69\x74\x20\x70\x72\x65\x66\x69\x78\x20\x69\x73\x20"
  "\x22\x6c\x22\x20\x61\x6e\x64\x20\x74\x68\x65\x20\x33\x32\x2d\x62\x69\x74\x20\x6f"
  "\x6e\x65\x20\x69\x73\x20\x65\x6d\x70\x74\x79\x20\x2d\x2d\x20\x74\x68\x65\x20\x73"
  "\x61\x6d\x65\x20\x63\x68\x6f\x69\x63\x65\x0a\x20\x2a\x20\x61\x6e\x20\x4c\x50\x36"
  "\x34\x20\x70\x6c\x61\x74\x66\x6f\x72\x6d\x27\x73\x20\x6f\x77\x6e\x20\x68\x65\x61"
  "\x64\x65\x72\x20\x6d\x61\x6b\x65\x73\x2e\x0a\x20\x2a\x2f\x0a\x23\x69\x66\x6e\x64"
  "\x65\x66\x20\x5f\x55\x4e\x49\x53\x41\x5f\x49\x4e\x54\x54\x59\x50\x45\x53\x5f\x48"
  "\x0a\x23\x64\x65\x66\x69\x6e\x65\x20\x5f\x55\x4e\x49\x53\x41\x5f\x49\x4e\x54\x54"
  "\x59\x50\x45\x53\x5f\x48\x0a\x23\x69\x6e\x63\x6c\x75\x64\x65\x20\x3c\x73\x74\x64"
  "\x69\x6e\x74\x2e\x68\x3e\x0a\x0a\x23\x64\x65\x66\x69\x6e\x65\x20\x50\x52\x49\x64"
  "\x38\x20\x20\x20\x22\x64\x22\x0a\x23\x64\x65\x66\x69\x6e\x65\x20\x50\x52\x49\x64"
  "\x31\x36\x20\x20\x22\x64\x22\x0a\x23\x64\x65\x66\x69\x6e\x65\x20\x50\x52\x49\x64"
  "\x33\x32\x20\x20\x22\x64\x22\x0a\x23\x64\x65\x66\x69\x6e\x65\x20\x50\x52\x49\x64"
  "\x36\x34\x20\x20\x22\x6c\x64\x22\x0a\x23\x64\x65\x66\x69\x6e\x65\x20\x50\x52\x49"
  "\x69\x38\x20\x20\x20\x22\x69\x22\x0a\x23\x64\x65\x66\x69\x6e\x65\x20\x50\x52\x49"
  "\x69\x31\x36\x20\x20\x22\x69\x22\x0a\x23\x64\x65\x66\x69\x6e\x65\x20\x50\x52\x49"
  "\x69\x33\x32\x20\x20\x22\x69\x22\x0a\x23\x64\x65\x66\x69\x6e\x65\x20\x50\x52\x49"
  "\x69\x36\x34\x20\x20\x22\x6c\x69\x22\x0a\x23\x64\x65\x66\x69\x6e\x65\x20\x50\x52"
  "\x49\x75\x38\x20\x20\x20\x22\x75\x22\x0a\x23\x64\x65\x66\x69\x6e\x65\x20\x50\x52"
  "\x49\x75\x31\x36\x20\x20\x22\x75\x22\x0a\x23\x64\x65\x66\x69\x6e\x65\x20\x50\x52"
  "\x49\x75\x33\x32\x20\x20\x22\x75\x22\x0a\x23\x64\x65\x66\x69\x6e\x65\x20\x50\x52"
  "\x49\x75\x36\x34\x20\x20\x22\x6c\x75\x22\x0a\x23\x64\x65\x66\x69\x6e\x65\x20\x50"
  "\x52\x49\x78\x38\x20\x20\x20\x22\x78\x22\x0a\x23\x64\x65\x66\x69\x6e\x65\x20\x50"
  "\x52\x49\x78\x31\x36\x20\x20\x22\x78\x22\x0a\x23\x64\x65\x66\x69\x6e\x65\x20\x50"
  "\x52\x49\x78\x33\x32\x20\x20\x22\x78\x22\x0a\x23\x64\x65\x66\x69\x6e\x65\x20\x50"
  "\x52\x49\x78\x36\x34\x20\x20\x22\x6c\x78\x22\x0a\x23\x64\x65\x66\x69\x6e\x65\x20"
  "\x50\x52\x49\x58\x36\x34\x20\x20\x22\x6c\x58\x22\x0a\x23\x64\x65\x66\x69\x6e\x65"
  "\x20\x50\x52\x49\x6f\x36\x34\x20\x20\x22\x6c\x6f\x22\x0a\x23\x64\x65\x66\x69\x6e"
  "\x65\x20\x50\x52\x49\x64\x50\x54\x52\x20\x22\x6c\x64\x22\x0a\x23\x64\x65\x66\x69"
  "\x6e\x65\x20\x50\x52\x49\x75\x50\x54\x52\x20\x22\x6c\x75\x22\x0a\x23\x64\x65\x66"
  "\x69\x6e\x65\x20\x50\x52\x49\x78\x50\x54\x52\x20\x22\x6c\x78\x22\x0a\x23\x64\x65"
  "\x66\x69\x6e\x65\x20\x50\x52\x49\x64\x4d\x41\x58\x20\x22\x6c\x64\x22\x0a\x23\x64"
  "\x65\x66\x69\x6e\x65\x20\x50\x52\x49\x75\x4d\x41\x58\x20\x22\x6c\x75\x22\x0a\x0a"
  "\x23\x64\x65\x66\x69\x6e\x65\x20\x53\x43\x4e\x64\x33\x32\x20\x20\x22\x64\x22\x0a"
  "\x23\x64\x65\x66\x69\x6e\x65\x20\x53\x43\x4e\x64\x36\x34\x20\x20\x22\x6c\x64\x22"
  "\x0a\x23\x64\x65\x66\x69\x6e\x65\x20\x53\x43\x4e\x75\x33\x32\x20\x20\x22\x75\x22"
  "\x0a\x23\x64\x65\x66\x69\x6e\x65\x20\x53\x43\x4e\x75\x36\x34\x20\x20\x22\x6c\x75"
  "\x22\x0a\x23\x64\x65\x66\x69\x6e\x65\x20\x53\x43\x4e\x78\x36\x34\x20\x20\x22\x6c"
  "\x78\x22\x0a\x0a\x74\x79\x70\x65\x64\x65\x66\x20\x6c\x6f\x6e\x67\x20\x69\x6e\x74"
  "\x6d\x61\x78\x5f\x74\x3b\x0a\x74\x79\x70\x65\x64\x65\x66\x20\x75\x6e\x73\x69\x67"
  "\x6e\x65\x64\x20\x6c\x6f\x6e\x67\x20\x75\x69\x6e\x74\x6d\x61\x78\x5f\x74\x3b\x0a"
  "\x73\x74\x61\x74\x69\x63\x20\x6c\x6f\x6e\x67\x20\x69\x6d\x61\x78\x61\x62\x73\x28"
  "\x6c\x6f\x6e\x67\x20\x76\x29\x20\x7b\x20\x69\x66\x20\x28\x76\x20\x3c\x20\x30\x29"
  "\x20\x72\x65\x74\x75\x72\x6e\x20\x30\x20\x2d\x20\x76\x3b\x20\x72\x65\x74\x75\x72"
  "\x6e\x20\x76\x3b\x20\x7d\x0a\x23\x65\x6e\x64\x69\x66\x0a";

char *HDR_3 =
  "\x2f\x2a\x20\x3c\x6c\x69\x6d\x69\x74\x73\x2e\x68\x3e\x20\x66\x6f\x72\x20\x74\x68"
  "\x65\x20\x75\x6e\x69\x73\x61\x20\x43\x20\x73\x75\x62\x73\x65\x74\x2e\x0a\x20\x2a"
  "\x0a\x20\x2a\x20\x54\x68\x65\x73\x65\x20\x61\x72\x65\x20\x74\x68\x65\x20\x4c\x49"
  "\x4d\x49\x54\x53\x20\x4f\x46\x20\x54\x48\x45\x20\x54\x59\x50\x45\x53\x2c\x20\x77"
  "\x68\x69\x63\x68\x20\x69\x73\x20\x77\x68\x61\x74\x20\x61\x20\x70\x72\x6f\x67\x72"
  "\x61\x6d\x20\x61\x73\x6b\x73\x20\x66\x6f\x72\x2e\x20\x20\x54\x68\x65\x79\x0a\x20"
  "\x2a\x20\x61\x72\x65\x20\x6e\x6f\x74\x20\x61\x20\x64\x65\x73\x63\x72\x69\x70\x74"
  "\x69\x6f\x6e\x20\x6f\x66\x20\x68\x6f\x77\x20\x74\x68\x69\x73\x20\x63\x6f\x6d\x70"
  "\x69\x6c\x65\x72\x20\x65\x76\x61\x6c\x75\x61\x74\x65\x73\x20\x61\x72\x69\x74\x68"
  "\x6d\x65\x74\x69\x63\x3a\x20\x5b\x47\x2d\x32\x5d\x20\x73\x61\x79\x73\x0a\x20\x2a"
  "\x20\x60\x69\x6e\x74\x60\x20\x65\x78\x70\x72\x65\x73\x73\x69\x6f\x6e\x73\x20\x61"
  "\x72\x65\x20\x65\x76\x61\x6c\x75\x61\x74\x65\x64\x20\x61\x74\x20\x36\x34\x20\x62"
  "\x69\x74\x73\x2c\x20\x73\x6f\x20\x60\x49\x4e\x54\x5f\x4d\x41\x58\x20\x2b\x20\x31"
  "\x60\x20\x64\x6f\x65\x73\x20\x6e\x6f\x74\x20\x77\x72\x61\x70\x0a\x20\x2a\x20\x68"
  "\x65\x72\x65\x20\x74\x68\x65\x20\x77\x61\x79\x20\x69\x74\x20\x64\x6f\x65\x73\x20"
  "\x65\x6c\x73\x65\x77\x68\x65\x72\x65\x2e\x20\x20\x54\x68\x61\x74\x20\x69\x73\x20"
  "\x61\x20\x64\x6f\x63\x75\x6d\x65\x6e\x74\x65\x64\x20\x64\x65\x76\x69\x61\x74\x69"
  "\x6f\x6e\x20\x6f\x66\x20\x74\x68\x65\x0a\x20\x2a\x20\x73\x75\x62\x73\x65\x74\x2c"
  "\x20\x61\x6e\x64\x20\x69\x74\x20\x64\x6f\x65\x73\x20\x6e\x6f\x74\x20\x63\x68\x61"
  "\x6e\x67\x65\x20\x77\x68\x61\x74\x20\x49\x4e\x54\x5f\x4d\x41\x58\x20\x69\x73\x2e"
  "\x20\x2a\x2f\x0a\x23\x69\x66\x6e\x64\x65\x66\x20\x5f\x55\x4e\x49\x53\x41\x5f\x4c"
  "\x49\x4d\x49\x54\x53\x5f\x48\x0a\x23\x64\x65\x66\x69\x6e\x65\x20\x5f\x55\x4e\x49"
  "\x53\x41\x5f\x4c\x49\x4d\x49\x54\x53\x5f\x48\x0a\x0a\x23\x64\x65\x66\x69\x6e\x65"
  "\x20\x43\x48\x41\x52\x5f\x42\x49\x54\x20\x20\x20\x20\x38\x0a\x23\x64\x65\x66\x69"
  "\x6e\x65\x20\x53\x43\x48\x41\x52\x5f\x4d\x49\x4e\x20\x20\x20\x28\x2d\x31\x32\x38"
  "\x29\x0a\x23\x64\x65\x66\x69\x6e\x65\x20\x53\x43\x48\x41\x52\x5f\x4d\x41\x58\x20"
  "\x20\x20\x31\x32\x37\x0a\x23\x64\x65\x66\x69\x6e\x65\x20\x55\x43\x48\x41\x52\x5f"
  "\x4d\x41\x58\x20\x20\x20\x32\x35\x35\x0a\x23\x64\x65\x66\x69\x6e\x65\x20\x43\x48"
  "\x41\x52\x5f\x4d\x49\x4e\x20\x20\x20\x20\x53\x43\x48\x41\x52\x5f\x4d\x49\x4e\x20"
  "\x20\x20\x20\x20\x20\x20\x2f\x2a\x20\x70\x6c\x61\x69\x6e\x20\x63\x68\x61\x72\x20"
  "\x69\x73\x20\x73\x69\x67\x6e\x65\x64\x20\x68\x65\x72\x65\x20\x2a\x2f\x0a\x23\x64"
  "\x65\x66\x69\x6e\x65\x20\x43\x48\x41\x52\x5f\x4d\x41\x58\x20\x20\x20\x20\x53\x43"
  "\x48\x41\x52\x5f\x4d\x41\x58\x0a\x23\x64\x65\x66\x69\x6e\x65\x20\x4d\x42\x5f\x4c"
  "\x45\x4e\x5f\x4d\x41\x58\x20\x20\x31\x0a\x0a\x23\x64\x65\x66\x69\x6e\x65\x20\x53"
  "\x48\x52\x54\x5f\x4d\x49\x4e\x20\x20\x20\x20\x28\x2d\x33\x32\x37\x36\x38\x29\x0a"
  "\x23\x64\x65\x66\x69\x6e\x65\x20\x53\x48\x52\x54\x5f\x4d\x41\x58\x20\x20\x20\x20"
  "\x33\x32\x37\x36\x37\x0a\x23\x64\x65\x66\x69\x6e\x65\x20\x55\x53\x48\x52\x54\x5f"
  "\x4d\x41\x58\x20\x20\x20\x36\x35\x35\x33\x35\x0a\x0a\x23\x64\x65\x66\x69\x6e\x65"
  "\x20\x49\x4e\x54\x5f\x4d\x49\x4e\x20\x20\x20\x20\x20\x28\x2d\x32\x31\x34\x37\x34"
  "\x38\x33\x36\x34\x37\x20\x2d\x20\x31\x29\x0a\x23\x64\x65\x66\x69\x6e\x65\x20\x49"
  "\x4e\x54\x5f\x4d\x41\x58\x20\x20\x20\x20\x20\x32\x31\x34\x37\x34\x38\x33\x36\x34"
  "\x37\x0a\x23\x64\x65\x66\x69\x6e\x65\x20\x55\x49\x4e\x54\x5f\x4d\x41\x58\x20\x20"
  "\x20\x20\x34\x32\x39\x34\x39\x36\x37\x32\x39\x35\x0a\x0a\x23\x64\x65\x66\x69\x6e"
  "\x65\x20\x4c\x4f\x4e\x47\x5f\x4d\x49\x4e\x20\x20\x20\x20\x28\x2d\x39\x32\x32\x33"
  "\x33\x37\x32\x30\x33\x36\x38\x35\x34\x37\x37\x35\x38\x30\x37\x20\x2d\x20\x31\x29"
  "\x0a\x23\x64\x65\x66\x69\x6e\x65\x20\x4c\x4f\x4e\x47\x5f\x4d\x41\x58\x20\x20\x20"
  "\x20\x39\x32\x32\x33\x33\x37\x32\x30\x33\x36\x38\x35\x34\x37\x37\x35\x38\x30\x37"
  "\x0a\x23\x64\x65\x66\x69\x6e\x65\x20\x55\x4c\x4f\x4e\x47\x5f\x4d\x41\x58\x20\x20"
  "\x20\x31\x38\x34\x34\x36\x37\x34\x34\x30\x37\x33\x37\x30\x39\x35\x35\x31\x36\x31"
  "\x35\x0a\x0a\x23\x64\x65\x66\x69\x6e\x65\x20\x4c\x4c\x4f\x4e\x47\x5f\x4d\x49\x4e"
  "\x20\x20\x20\x4c\x4f\x4e\x47\x5f\x4d\x49\x4e\x0a\x23\x64\x65\x66\x69\x6e\x65\x20"
  "\x4c\x4c\x4f\x4e\x47\x5f\x4d\x41\x58\x20\x20\x20\x4c\x4f\x4e\x47\x5f\x4d\x41\x58"
  "\x0a\x23\x64\x65\x66\x69\x6e\x65\x20\x55\x4c\x4c\x4f\x4e\x47\x5f\x4d\x41\x58\x20"
  "\x20\x55\x4c\x4f\x4e\x47\x5f\x4d\x41\x58\x0a\x0a\x23\x65\x6e\x64\x69\x66\x0a";

char *HDR_4 =
  "\x2f\x2a\x20\x3c\x6d\x61\x74\x68\x2e\x68\x3e\x20\x66\x6f\x72\x20\x74\x68\x65\x20"
  "\x75\x6e\x69\x73\x61\x20\x43\x20\x73\x75\x62\x73\x65\x74\x3a\x20\x72\x65\x61\x6c"
  "\x20\x69\x6d\x70\x6c\x65\x6d\x65\x6e\x74\x61\x74\x69\x6f\x6e\x73\x2c\x20\x63\x6f"
  "\x6d\x70\x69\x6c\x65\x64\x20\x66\x72\x6f\x6d\x20\x73\x6f\x75\x72\x63\x65\x2c\x0a"
  "\x20\x2a\x20\x62\x65\x63\x61\x75\x73\x65\x20\x74\x68\x65\x72\x65\x20\x69\x73\x20"
  "\x6e\x6f\x20\x6c\x69\x62\x6d\x20\x74\x6f\x20\x6c\x69\x6e\x6b\x20\x61\x67\x61\x69"
  "\x6e\x73\x74\x2e\x0a\x20\x2a\x0a\x20\x2a\x20\x54\x68\x65\x20\x61\x6c\x67\x6f\x72"
  "\x69\x74\x68\x6d\x73\x20\x61\x72\x65\x20\x66\x64\x6c\x69\x62\x6d\x27\x73\x20\x28"
  "\x53\x75\x6e\x20\x4d\x69\x63\x72\x6f\x73\x79\x73\x74\x65\x6d\x73\x2c\x20\x31\x39"
  "\x39\x33\x3a\x20\x22\x50\x65\x72\x6d\x69\x73\x73\x69\x6f\x6e\x20\x74\x6f\x20\x75"
  "\x73\x65\x2c\x0a\x20\x2a\x20\x63\x6f\x70\x79\x2c\x20\x6d\x6f\x64\x69\x66\x79\x2c"
  "\x20\x61\x6e\x64\x20\x64\x69\x73\x74\x72\x69\x62\x75\x74\x65\x20\x74\x68\x69\x73"
  "\x20\x73\x6f\x66\x74\x77\x61\x72\x65\x20\x69\x73\x20\x66\x72\x65\x65\x6c\x79\x20"
  "\x67\x72\x61\x6e\x74\x65\x64\x2c\x20\x70\x72\x6f\x76\x69\x64\x65\x64\x20\x74\x68"
  "\x61\x74\x0a\x20\x2a\x20\x74\x68\x69\x73\x20\x6e\x6f\x74\x69\x63\x65\x20\x69\x73"
  "\x20\x70\x72\x65\x73\x65\x72\x76\x65\x64\x2e\x22\x29\x2c\x20\x77\x68\x6f\x73\x65"
  "\x20\x72\x65\x73\x75\x6c\x74\x73\x20\x61\x72\x65\x20\x77\x69\x74\x68\x69\x6e\x20"
  "\x6f\x6e\x65\x20\x75\x6c\x70\x20\x2d\x2d\x20\x77\x68\x69\x63\x68\x20\x69\x73\x0a"
  "\x20\x2a\x20\x77\x68\x61\x74\x20\x6d\x61\x6b\x65\x73\x20\x61\x20\x70\x72\x69\x6e"
  "\x74\x65\x64\x20\x72\x65\x73\x75\x6c\x74\x20\x61\x67\x72\x65\x65\x20\x77\x69\x74"
  "\x68\x20\x74\x68\x65\x20\x70\x6c\x61\x74\x66\x6f\x72\x6d\x27\x73\x20\x6c\x69\x62"
  "\x6d\x2e\x20\x20\x73\x71\x72\x74\x20\x69\x73\x20\x74\x68\x65\x0a\x20\x2a\x20\x68"
  "\x61\x72\x64\x77\x61\x72\x65\x20\x69\x6e\x73\x74\x72\x75\x63\x74\x69\x6f\x6e\x2c"
  "\x20\x63\x6f\x72\x72\x65\x63\x74\x6c\x79\x20\x72\x6f\x75\x6e\x64\x65\x64\x3b\x20"
  "\x66\x61\x62\x73\x2c\x20\x63\x6f\x70\x79\x73\x69\x67\x6e\x2c\x20\x66\x6c\x6f\x6f"
  "\x72\x2c\x20\x63\x65\x69\x6c\x2c\x0a\x20\x2a\x20\x74\x72\x75\x6e\x63\x2c\x20\x72"
  "\x6f\x75\x6e\x64\x2c\x20\x66\x72\x65\x78\x70\x2c\x20\x6c\x64\x65\x78\x70\x20\x61"
  "\x6e\x64\x20\x6d\x6f\x64\x66\x20\x61\x72\x65\x20\x65\x78\x61\x63\x74\x20\x62\x69"
  "\x74\x20\x6d\x61\x6e\x69\x70\x75\x6c\x61\x74\x69\x6f\x6e\x2e\x0a\x20\x2a\x0a\x20"
  "\x2a\x20\x57\x6f\x72\x64\x73\x20\x6f\x66\x20\x61\x20\x64\x6f\x75\x62\x6c\x65\x20"
  "\x61\x72\x65\x20\x72\x65\x61\x64\x20\x61\x6e\x64\x20\x77\x72\x69\x74\x74\x65\x6e"
  "\x20\x74\x68\x72\x6f\x75\x67\x68\x20\x69\x74\x73\x20\x61\x64\x64\x72\x65\x73\x73"
  "\x3a\x20\x74\x68\x65\x20\x6c\x6f\x77\x20\x77\x6f\x72\x64\x0a\x20\x2a\x20\x66\x69"
  "\x72\x73\x74\x2c\x20\x62\x6f\x74\x68\x20\x6f\x75\x72\x20\x49\x53\x41\x73\x20\x62"
  "\x65\x69\x6e\x67\x20\x6c\x69\x74\x74\x6c\x65\x2d\x65\x6e\x64\x69\x61\x6e\x2e\x0a"
  "\x20\x2a\x2f\x0a\x23\x69\x66\x6e\x64\x65\x66\x20\x5f\x55\x4e\x49\x53\x41\x5f\x4d"
  "\x41\x54\x48\x5f\x48\x0a\x23\x64\x65\x66\x69\x6e\x65\x20\x5f\x55\x4e\x49\x53\x41"
  "\x5f\x4d\x41\x54\x48\x5f\x48\x0a\x0a\x23\x64\x65\x66\x69\x6e\x65\x20\x48\x55\x47"
  "\x45\x5f\x56\x41\x4c\x20\x28\x31\x2e\x30\x20\x2f\x20\x30\x2e\x30\x29\x0a\x23\x64"
  "\x65\x66\x69\x6e\x65\x20\x49\x4e\x46\x49\x4e\x49\x54\x59\x20\x28\x31\x2e\x30\x66"
  "\x20\x2f\x20\x30\x2e\x30\x66\x29\x0a\x23\x64\x65\x66\x69\x6e\x65\x20\x4e\x41\x4e"
  "\x20\x28\x30\x2e\x30\x66\x20\x2f\x20\x30\x2e\x30\x66\x29\x0a\x23\x64\x65\x66\x69"
  "\x6e\x65\x20\x4d\x5f\x45\x20\x20\x20\x20\x20\x20\x20\x20\x32\x2e\x37\x31\x38\x32"
  "\x38\x31\x38\x32\x38\x34\x35\x39\x30\x34\x35\x32\x33\x35\x33\x36\x0a\x23\x64\x65"
  "\x66\x69\x6e\x65\x20\x4d\x5f\x4c\x4f\x47\x32\x45\x20\x20\x20\x20\x31\x2e\x34\x34"
  "\x32\x36\x39\x35\x30\x34\x30\x38\x38\x38\x39\x36\x33\x34\x30\x37\x33\x36\x0a\x23"
  "\x64\x65\x66\x69\x6e\x65\x20\x4d\x5f\x4c\x4f\x47\x31\x30\x45\x20\x20\x20\x30\x2e"
  "\x34\x33\x34\x32\x39\x34\x34\x38\x31\x39\x30\x33\x32\x35\x31\x38\x32\x37\x36\x35"
  "\x31\x0a\x23\x64\x65\x66\x69\x6e\x65\x20\x4d\x5f\x4c\x4e\x32\x20\x20\x20\x20\x20"
  "\x20\x30\x2e\x36\x39\x33\x31\x34\x37\x31\x38\x30\x35\x35\x39\x39\x34\x35\x33\x30"
  "\x39\x34\x31\x37\x0a\x23\x64\x65\x66\x69\x6e\x65\x20\x4d\x5f\x4c\x4e\x31\x30\x20"
  "\x20\x20\x20\x20\x32\x2e\x33\x30\x32\x35\x38\x35\x30\x39\x32\x39\x39\x34\x30\x34"
  "\x35\x36\x38\x34\x30\x32\x0a\x23\x64\x65\x66\x69\x6e\x65\x20\x4d\x5f\x50\x49\x20"
  "\x20\x20\x20\x20\x20\x20\x33\x2e\x31\x34\x31\x35\x39\x32\x36\x35\x33\x35\x38\x39"
  "\x37\x39\x33\x32\x33\x38\x34\x36\x0a\x23\x64\x65\x66\x69\x6e\x65\x20\x4d\x5f\x50"
  "\x49\x5f\x32\x20\x20\x20\x20\x20\x31\x2e\x35\x37\x30\x37\x39\x36\x33\x32\x36\x37"
  "\x39\x34\x38\x39\x36\x36\x31\x39\x32\x33\x0a\x23\x64\x65\x66\x69\x6e\x65\x20\x4d"
  "\x5f\x50\x49\x5f\x34\x20\x20\x20\x20\x20\x30\x2e\x37\x38\x35\x33\x39\x38\x31\x36"
  "\x33\x33\x39\x37\x34\x34\x38\x33\x30\x39\x36\x31\x36\x0a\x23\x64\x65\x66\x69\x6e"
  "\x65\x20\x4d\x5f\x31\x5f\x50\x49\x20\x20\x20\x20\x20\x30\x2e\x33\x31\x38\x33\x30"
  "\x39\x38\x38\x36\x31\x38\x33\x37\x39\x30\x36\x37\x31\x35\x33\x38\x0a\x23\x64\x65"
  "\x66\x69\x6e\x65\x20\x4d\x5f\x32\x5f\x50\x49\x20\x20\x20\x20\x20\x30\x2e\x36\x33"
  "\x36\x36\x31\x39\x37\x37\x32\x33\x36\x37\x35\x38\x31\x33\x34\x33\x30\x37\x36\x0a"
  "\x23\x64\x65\x66\x69\x6e\x65\x20\x4d\x5f\x53\x51\x52\x54\x32\x20\x20\x20\x20\x31"
  "\x2e\x34\x31\x34\x32\x31\x33\x35\x36\x32\x33\x37\x33\x30\x39\x35\x30\x34\x38\x38"
  "\x30\x0a\x23\x64\x65\x66\x69\x6e\x65\x20\x4d\x5f\x53\x51\x52\x54\x31\x5f\x32\x20"
  "\x20\x30\x2e\x37\x30\x37\x31\x30\x36\x37\x38\x31\x31\x38\x36\x35\x34\x37\x35\x32"
  "\x34\x34\x30\x31\x0a\x0a\x73\x74\x61\x74\x69\x63\x20\x69\x6e\x74\x20\x5f\x6d\x5f"
  "\x68\x69\x28\x64\x6f\x75\x62\x6c\x65\x20\x78\x29\x20\x7b\x20\x72\x65\x74\x75\x72"
  "\x6e\x20\x2a\x28\x31\x20\x2b\x20\x28\x69\x6e\x74\x20\x2a\x29\x26\x78\x29\x3b\x20"
  "\x7d\x0a\x73\x74\x61\x74\x69\x63\x20\x75\x6e\x73\x69\x67\x6e\x65\x64\x20\x69\x6e"
  "\x74\x20\x5f\x6d\x5f\x6c\x6f\x28\x64\x6f\x75\x62\x6c\x65\x20\x78\x29\x20\x7b\x20"
  "\x72\x65\x74\x75\x72\x6e\x20\x2a\x28\x75\x6e\x73\x69\x67\x6e\x65\x64\x20\x69\x6e"
  "\x74\x20\x2a\x29\x26\x78\x3b\x20\x7d\x0a\x73\x74\x61\x74\x69\x63\x20\x64\x6f\x75"
  "\x62\x6c\x65\x20\x5f\x6d\x5f\x6d\x6b\x28\x69\x6e\x74\x20\x68\x69\x2c\x20\x75\x6e"
  "\x73\x69\x67\x6e\x65\x64\x20\x69\x6e\x74\x20\x6c\x6f\x29\x20\x7b\x0a\x20\x20\x20"
  "\x20\x64\x6f\x75\x62\x6c\x65\x20\x72\x3b\x0a\x20\x20\x20\x20\x2a\x28\x75\x6e\x73"
  "\x69\x67\x6e\x65\x64\x20\x69\x6e\x74\x20\x2a\x29\x26\x72\x20\x3d\x20\x6c\x6f\x3b"
  "\x0a\x20\x20\x20\x20\x2a\x28\x31\x20\x2b\x20\x28\x69\x6e\x74\x20\x2a\x29\x26\x72"
  "\x29\x20\x3d\x20\x68\x69\x3b\x0a\x20\x20\x20\x20\x72\x65\x74\x75\x72\x6e\x20\x72"
  "\x3b\x0a\x7d\x0a\x73\x74\x61\x74\x69\x63\x20\x64\x6f\x75\x62\x6c\x65\x20\x5f\x6d"
  "\x5f\x73\x65\x74\x68\x69\x28\x64\x6f\x75\x62\x6c\x65\x20\x78\x2c\x20\x69\x6e\x74"
  "\x20\x68\x69\x29\x20\x7b\x20\x72\x65\x74\x75\x72\x6e\x20\x5f\x6d\x5f\x6d\x6b\x28"
  "\x68\x69\x2c\x20\x5f\x6d\x5f\x6c\x6f\x28\x78\x29\x29\x3b\x20\x7d\x0a\x0a\x73\x74"
  "\x61\x74\x69\x63\x20\x64\x6f\x75\x62\x6c\x65\x20\x73\x71\x72\x74\x28\x64\x6f\x75"
  "\x62\x6c\x65\x20\x78\x29\x20\x7b\x20\x72\x65\x74\x75\x72\x6e\x20\x5f\x5f\x62\x75"
  "\x69\x6c\x74\x69\x6e\x5f\x73\x71\x72\x74\x28\x78\x29\x3b\x20\x7d\x0a\x73\x74\x61"
  "\x74\x69\x63\x20\x66\x6c\x6f\x61\x74\x20\x73\x71\x72\x74\x66\x28\x66\x6c\x6f\x61"
  "\x74\x20\x78\x29\x20\x7b\x20\x72\x65\x74\x75\x72\x6e\x20\x5f\x5f\x62\x75\x69\x6c"
  "\x74\x69\x6e\x5f\x73\x71\x72\x74\x66\x28\x78\x29\x3b\x20\x7d\x0a\x0a\x73\x74\x61"
  "\x74\x69\x63\x20\x64\x6f\x75\x62\x6c\x65\x20\x66\x61\x62\x73\x28\x64\x6f\x75\x62"
  "\x6c\x65\x20\x78\x29\x20\x7b\x20\x72\x65\x74\x75\x72\x6e\x20\x5f\x6d\x5f\x6d\x6b"
  "\x28\x5f\x6d\x5f\x68\x69\x28\x78\x29\x20\x26\x20\x32\x31\x34\x37\x34\x38\x33\x36"
  "\x34\x37\x2c\x20\x5f\x6d\x5f\x6c\x6f\x28\x78\x29\x29\x3b\x20\x7d\x0a\x73\x74\x61"
  "\x74\x69\x63\x20\x66\x6c\x6f\x61\x74\x20\x66\x61\x62\x73\x66\x28\x66\x6c\x6f\x61"
  "\x74\x20\x78\x29\x20\x7b\x20\x72\x65\x74\x75\x72\x6e\x20\x28\x66\x6c\x6f\x61\x74"
  "\x29\x66\x61\x62\x73\x28\x28\x64\x6f\x75\x62\x6c\x65\x29\x78\x29\x3b\x20\x7d\x0a"
  "\x73\x74\x61\x74\x69\x63\x20\x64\x6f\x75\x62\x6c\x65\x20\x63\x6f\x70\x79\x73\x69"
  "\x67\x6e\x28\x64\x6f\x75\x62\x6c\x65\x20\x78\x2c\x20\x64\x6f\x75\x62\x6c\x65\x20"
  "\x79\x29\x20\x7b\x0a\x20\x20\x20\x20\x72\x65\x74\x75\x72\x6e\x20\x5f\x6d\x5f\x6d"
  "\x6b\x28\x28\x5f\x6d\x5f\x68\x69\x28\x78\x29\x20\x26\x20\x32\x31\x34\x37\x34\x38"
  "\x33\x36\x34\x37\x29\x20\x7c\x20\x28\x5f\x6d\x5f\x68\x69\x28\x79\x29\x20\x26\x20"
  "\x28\x30\x20\x2d\x20\x32\x31\x34\x37\x34\x38\x33\x36\x34\x37\x20\x2d\x20\x31\x29"
  "\x29\x2c\x20\x5f\x6d\x5f\x6c\x6f\x28\x78\x29\x29\x3b\x0a\x7d\x0a\x0a\x73\x74\x61"
  "\x74\x69\x63\x20\x69\x6e\x74\x20\x69\x73\x6e\x61\x6e\x28\x64\x6f\x75\x62\x6c\x65"
  "\x20\x78\x29\x20\x7b\x20\x72\x65\x74\x75\x72\x6e\x20\x78\x20\x21\x3d\x20\x78\x3b"
  "\x20\x7d\x0a\x73\x74\x61\x74\x69\x63\x20\x69\x6e\x74\x20\x69\x73\x69\x6e\x66\x28"
  "\x64\x6f\x75\x62\x6c\x65\x20\x78\x29\x20\x7b\x20\x72\x65\x74\x75\x72\x6e\x20\x28"
  "\x5f\x6d\x5f\x68\x69\x28\x78\x29\x20\x26\x20\x32\x31\x34\x37\x34\x38\x33\x36\x34"
  "\x37\x29\x20\x3d\x3d\x20\x32\x31\x34\x36\x34\x33\x35\x30\x37\x32\x20\x26\x26\x20"
  "\x5f\x6d\x5f\x6c\x6f\x28\x78\x29\x20\x3d\x3d\x20\x30\x3b\x20\x7d\x0a\x73\x74\x61"
  "\x74\x69\x63\x20\x69\x6e\x74\x20\x69\x73\x66\x69\x6e\x69\x74\x65\x28\x64\x6f\x75"
  "\x62\x6c\x65\x20\x78\x29\x20\x7b\x20\x72\x65\x74\x75\x72\x6e\x20\x28\x5f\x6d\x5f"
  "\x68\x69\x28\x78\x29\x20\x26\x20\x32\x31\x34\x36\x34\x33\x35\x30\x37\x32\x29\x20"
  "\x21\x3d\x20\x32\x31\x34\x36\x34\x33\x35\x30\x37\x32\x3b\x20\x7d\x0a\x73\x74\x61"
  "\x74\x69\x63\x20\x69\x6e\x74\x20\x73\x69\x67\x6e\x62\x69\x74\x28\x64\x6f\x75\x62"
  "\x6c\x65\x20\x78\x29\x20\x7b\x20\x72\x65\x74\x75\x72\x6e\x20\x5f\x6d\x5f\x68\x69"
  "\x28\x78\x29\x20\x3c\x20\x30\x3b\x20\x7d\x0a\x0a\x2f\x2a\x20\x69\x6e\x74\x65\x67"
  "\x72\x61\x6c\x20\x70\x61\x72\x74\x73\x3a\x20\x65\x78\x61\x63\x74\x2e\x20\x20\x50"
  "\x61\x73\x74\x20\x32\x5e\x35\x32\x20\x65\x76\x65\x72\x79\x20\x64\x6f\x75\x62\x6c"
  "\x65\x20\x69\x73\x20\x61\x6c\x72\x65\x61\x64\x79\x20\x61\x6e\x20\x69\x6e\x74\x65"
  "\x67\x65\x72\x2e\x20\x2a\x2f\x0a\x73\x74\x61\x74\x69\x63\x20\x64\x6f\x75\x62\x6c"
  "\x65\x20\x74\x72\x75\x6e\x63\x28\x64\x6f\x75\x62\x6c\x65\x20\x78\x29\x20\x7b\x0a"
  "\x20\x20\x20\x20\x64\x6f\x75\x62\x6c\x65\x20\x61\x3b\x0a\x20\x20\x20\x20\x61\x20"
  "\x3d\x20\x66\x61\x62\x73\x28\x78\x29\x3b\x0a\x20\x20\x20\x20\x69\x66\x20\x28\x61"
  "\x20\x3e\x3d\x20\x34\x35\x30\x33\x35\x39\x39\x36\x32\x37\x33\x37\x30\x34\x39\x36"
  "\x2e\x30\x20\x7c\x7c\x20\x78\x20\x21\x3d\x20\x78\x29\x20\x72\x65\x74\x75\x72\x6e"
  "\x20\x78\x3b\x0a\x20\x20\x20\x20\x72\x65\x74\x75\x72\x6e\x20\x63\x6f\x70\x79\x73"
  "\x69\x67\x6e\x28\x28\x64\x6f\x75\x62\x6c\x65\x29\x28\x6c\x6f\x6e\x67\x29\x78\x2c"
  "\x20\x78\x29\x3b\x0a\x7d\x0a\x73\x74\x61\x74\x69\x63\x20\x64\x6f\x75\x62\x6c\x65"
  "\x20\x66\x6c\x6f\x6f\x72\x28\x64\x6f\x75\x62\x6c\x65\x20\x78\x29\x20\x7b\x0a\x20"
  "\x20\x20\x20\x64\x6f\x75\x62\x6c\x65\x20\x74\x3b\x0a\x20\x20\x20\x20\x74\x20\x3d"
  "\x20\x74\x72\x75\x6e\x63\x28\x78\x29\x3b\x0a\x20\x20\x20\x20\x69\x66\x20\x28\x74"
  "\x20\x3e\x20\x78\x29\x20\x74\x20\x3d\x20\x74\x20\x2d\x20\x31\x2e\x30\x3b\x0a\x20"
  "\x20\x20\x20\x69\x66\x20\x28\x74\x20\x3d\x3d\x20\x30\x2e\x30\x29\x20\x72\x65\x74"
  "\x75\x72\x6e\x20\x63\x6f\x70\x79\x73\x69\x67\x6e\x28\x30\x2e\x30\x2c\x20\x78\x29"
  "\x3b\x20\x20\x20\x20\x20\x20\x20\x20\x2f\x2a\x20\x66\x6c\x6f\x6f\x72\x28\x2d\x30"
  "\x2e\x30\x29\x20\x69\x73\x20\x2d\x30\x2e\x30\x20\x2a\x2f\x0a\x20\x20\x20\x20\x72"
  "\x65\x74\x75\x72\x6e\x20\x74\x3b\x0a\x7d\x0a\x73\x74\x61\x74\x69\x63\x20\x64\x6f"
  "\x75\x62\x6c\x65\x20\x63\x65\x69\x6c\x28\x64\x6f\x75\x62\x6c\x65\x20\x78\x29\x20"
  "\x7b\x0a\x20\x20\x20\x20\x64\x6f\x75\x62\x6c\x65\x20\x74\x3b\x0a\x20\x20\x20\x20"
  "\x74\x20\x3d\x20\x74\x72\x75\x6e\x63\x28\x78\x29\x3b\x0a\x20\x20\x20\x20\x69\x66"
  "\x20\x28\x74\x20\x3c\x20\x78\x29\x20\x74\x20\x3d\x20\x74\x20\x2b\x20\x31\x2e\x30"
  "\x3b\x0a\x20\x20\x20\x20\x69\x66\x20\x28\x74\x20\x3d\x3d\x20\x30\x2e\x30\x29\x20"
  "\x72\x65\x74\x75\x72\x6e\x20\x63\x6f\x70\x79\x73\x69\x67\x6e\x28\x30\x2e\x30\x2c"
  "\x20\x78\x29\x3b\x0a\x20\x20\x20\x20\x72\x65\x74\x75\x72\x6e\x20\x74\x3b\x0a\x7d"
  "\x0a\x73\x74\x61\x74\x69\x63\x20\x64\x6f\x75\x62\x6c\x65\x20\x72\x6f\x75\x6e\x64"
  "\x28\x64\x6f\x75\x62\x6c\x65\x20\x78\x29\x20\x7b\x20\x20\x20\x20\x20\x20\x20\x20"
  "\x20\x20\x20\x20\x20\x20\x20\x20\x20\x20\x2f\x2a\x20\x68\x61\x6c\x66\x77\x61\x79"
  "\x20\x61\x77\x61\x79\x20\x66\x72\x6f\x6d\x20\x7a\x65\x72\x6f\x20\x2a\x2f\x0a\x20"
  "\x20\x20\x20\x64\x6f\x75\x62\x6c\x65\x20\x74\x3b\x0a\x20\x20\x20\x20\x74\x20\x3d"
  "\x20\x74\x72\x75\x6e\x63\x28\x78\x29\x3b\x0a\x20\x20\x20\x20\x69\x66\x20\x28\x66"
  "\x61\x62\x73\x28\x78\x20\x2d\x20\x74\x29\x20\x3e\x3d\x20\x30\x2e\x35\x29\x20\x74"
  "\x20\x3d\x20\x74\x20\x2b\x20\x63\x6f\x70\x79\x73\x69\x67\x6e\x28\x31\x2e\x30\x2c"
  "\x20\x78\x29\x3b\x0a\x20\x20\x20\x20\x69\x66\x20\x28\x74\x20\x3d\x3d\x20\x30\x2e"
  "\x30\x29\x20\x72\x65\x74\x75\x72\x6e\x20\x63\x6f\x70\x79\x73\x69\x67\x6e\x28\x30"
  "\x2e\x30\x2c\x20\x78\x29\x3b\x0a\x20\x20\x20\x20\x72\x65\x74\x75\x72\x6e\x20\x74"
  "\x3b\x0a\x7d\x0a\x73\x74\x61\x74\x69\x63\x20\x6c\x6f\x6e\x67\x20\x6c\x72\x6f\x75"
  "\x6e\x64\x28\x64\x6f\x75\x62\x6c\x65\x20\x78\x29\x20\x7b\x20\x72\x65\x74\x75\x72"
  "\x6e\x20\x28\x6c\x6f\x6e\x67\x29\x72\x6f\x75\x6e\x64\x28\x78\x29\x3b\x20\x7d\x0a"
  "\x73\x74\x61\x74\x69\x63\x20\x66\x6c\x6f\x61\x74\x20\x66\x6c\x6f\x6f\x72\x66\x28"
  "\x66\x6c\x6f\x61\x74\x20\x78\x29\x20\x7b\x20\x72\x65\x74\x75\x72\x6e\x20\x28\x66"
  "\x6c\x6f\x61\x74\x29\x66\x6c\x6f\x6f\x72\x28\x28\x64\x6f\x75\x62\x6c\x65\x29\x78"
  "\x29\x3b\x20\x7d\x0a\x73\x74\x61\x74\x69\x63\x20\x66\x6c\x6f\x61\x74\x20\x63\x65"
  "\x69\x6c\x66\x28\x66\x6c\x6f\x61\x74\x20\x78\x29\x20\x7b\x20\x72\x65\x74\x75\x72"
  "\x6e\x20\x28\x66\x6c\x6f\x61\x74\x29\x63\x65\x69\x6c\x28\x28\x64\x6f\x75\x62\x6c"
  "\x65\x29\x78\x29\x3b\x20\x7d\x0a\x0a\x73\x74\x61\x74\x69\x63\x20\x64\x6f\x75\x62"
  "\x6c\x65\x20\x6d\x6f\x64\x66\x28\x64\x6f\x75\x62\x6c\x65\x20\x78\x2c\x20\x64\x6f"
  "\x75\x62\x6c\x65\x20\x2a\x69\x70\x29\x20\x7b\x0a\x20\x20\x20\x20\x64\x6f\x75\x62"
  "\x6c\x65\x20\x74\x3b\x0a\x20\x20\x20\x20\x74\x20\x3d\x20\x74\x72\x75\x6e\x63\x28"
  "\x78\x29\x3b\x0a\x20\x20\x20\x20\x2a\x69\x70\x20\x3d\x20\x74\x3b\x0a\x20\x20\x20"
  "\x20\x69\x66\x20\x28\x69\x73\x69\x6e\x66\x28\x78\x29\x29\x20\x72\x65\x74\x75\x72"
  "\x6e\x20\x63\x6f\x70\x79\x73\x69\x67\x6e\x28\x30\x2e\x30\x2c\x20\x78\x29\x3b\x0a"
  "\x20\x20\x20\x20\x72\x65\x74\x75\x72\x6e\x20\x63\x6f\x70\x79\x73\x69\x67\x6e\x28"
  "\x78\x20\x2d\x20\x74\x2c\x20\x78\x29\x3b\x0a\x7d\x0a\x0a\x2f\x2a\x20\x78\x20\x3d"
  "\x20\x6d\x20\x2a\x20\x32\x5e\x65\x20\x77\x69\x74\x68\x20\x30\x2e\x35\x20\x3c\x3d"
  "\x20\x7c\x6d\x7c\x20\x3c\x20\x31\x20\x2a\x2f\x0a\x73\x74\x61\x74\x69\x63\x20\x64"
  "\x6f\x75\x62\x6c\x65\x20\x66\x72\x65\x78\x70\x28\x64\x6f\x75\x62\x6c\x65\x20\x78"
  "\x2c\x20\x69\x6e\x74\x20\x2a\x65\x29\x20\x7b\x0a\x20\x20\x20\x20\x69\x6e\x74\x20"
  "\x68\x78\x3b\x20\x69\x6e\x74\x20\x69\x78\x3b\x0a\x20\x20\x20\x20\x68\x78\x20\x3d"
  "\x20\x5f\x6d\x5f\x68\x69\x28\x78\x29\x3b\x20\x69\x78\x20\x3d\x20\x68\x78\x20\x26"
  "\x20\x32\x31\x34\x37\x34\x38\x33\x36\x34\x37\x3b\x0a\x20\x20\x20\x20\x2a\x65\x20"
  "\x3d\x20\x30\x3b\x0a\x20\x20\x20\x20\x69\x66\x20\x28\x69\x78\x20\x3e\x3d\x20\x32"
  "\x31\x34\x36\x34\x33\x35\x30\x37\x32\x20\x7c\x7c\x20\x28\x69\x78\x20\x7c\x20\x28"
  "\x69\x6e\x74\x29\x5f\x6d\x5f\x6c\x6f\x28\x78\x29\x29\x20\x3d\x3d\x20\x30\x29\x20"
  "\x72\x65\x74\x75\x72\x6e\x20\x78\x3b\x20\x20\x20\x2f\x2a\x20\x30\x2c\x20\x69\x6e"
  "\x66\x2c\x20\x6e\x61\x6e\x20\x2a\x2f\x0a\x20\x20\x20\x20\x69\x66\x20\x28\x69\x78"
  "\x20\x3c\x20\x31\x30\x34\x38\x35\x37\x36\x29\x20\x7b\x20\x20\x20\x20\x20\x20\x20"
  "\x20\x20\x20\x20\x20\x20\x20\x20\x20\x20\x20\x20\x20\x20\x20\x20\x20\x20\x20\x20"
  "\x20\x20\x20\x20\x20\x20\x2f\x2a\x20\x73\x75\x62\x6e\x6f\x72\x6d\x61\x6c\x20\x2a"
  "\x2f\x0a\x20\x20\x20\x20\x20\x20\x20\x20\x78\x20\x3d\x20\x78\x20\x2a\x20\x31\x38"
  "\x30\x31\x34\x33\x39\x38\x35\x30\x39\x34\x38\x31\x39\x38\x34\x2e\x30\x3b\x20\x20"
  "\x20\x20\x20\x20\x20\x20\x20\x20\x20\x20\x20\x20\x20\x20\x20\x20\x20\x20\x2f\x2a"
  "\x20\x32\x5e\x35\x34\x20\x2a\x2f\x0a\x20\x20\x20\x20\x20\x20\x20\x20\x68\x78\x20"
  "\x3d\x20\x5f\x6d\x5f\x68\x69\x28\x78\x29\x3b\x20\x69\x78\x20\x3d\x20\x68\x78\x20"
  "\x26\x20\x32\x31\x34\x37\x34\x38\x33\x36\x34\x37\x3b\x20\x2a\x65\x20\x3d\x20\x30"
  "\x20\x2d\x20\x35\x34\x3b\x0a\x20\x20\x20\x20\x7d\x0a\x20\x20\x20\x20\x2a\x65\x20"
  "\x3d\x20\x2a\x65\x20\x2b\x20\x28\x69\x78\x20\x3e\x3e\x20\x32\x30\x29\x20\x2d\x20"
  "\x31\x30\x32\x32\x3b\x0a\x20\x20\x20\x20\x72\x65\x74\x75\x72\x6e\x20\x5f\x6d\x5f"
  "\x73\x65\x74\x68\x69\x28\x78\x2c\x20\x28\x68\x78\x20\x26\x20\x28\x30\x20\x2d\x20"
  "\x32\x31\x34\x36\x34\x33\x35\x30\x37\x33\x29\x29\x20\x7c\x20\x31\x30\x37\x31\x36"
  "\x34\x34\x36\x37\x32\x29\x3b\x0a\x7d\x0a\x73\x74\x61\x74\x69\x63\x20\x64\x6f\x75"
  "\x62\x6c\x65\x20\x6c\x64\x65\x78\x70\x28\x64\x6f\x75\x62\x6c\x65\x20\x78\x2c\x20"
  "\x69\x6e\x74\x20\x6e\x29\x20\x7b\x0a\x20\x20\x20\x20\x2f\x2a\x20\x62\x79\x20\x65"
  "\x78\x61\x63\x74\x20\x70\x6f\x77\x65\x72\x73\x20\x6f\x66\x20\x74\x77\x6f\x2c\x20"
  "\x69\x6e\x20\x73\x74\x65\x70\x73\x20\x74\x68\x61\x74\x20\x63\x61\x6e\x6e\x6f\x74"
  "\x20\x6f\x76\x65\x72\x66\x6c\x6f\x77\x20\x74\x68\x65\x20\x65\x78\x70\x6f\x6e\x65"
  "\x6e\x74\x20\x2a\x2f\x0a\x20\x20\x20\x20\x77\x68\x69\x6c\x65\x20\x28\x6e\x20\x3e"
  "\x20\x31\x30\x30\x30\x29\x20\x7b\x20\x78\x20\x3d\x20\x78\x20\x2a\x20\x31\x2e\x30"
  "\x37\x31\x35\x30\x38\x36\x30\x37\x31\x38\x36\x32\x36\x37\x33\x65\x33\x30\x31\x3b"
  "\x20\x6e\x20\x3d\x20\x6e\x20\x2d\x20\x31\x30\x30\x30\x3b\x20\x7d\x20\x20\x20\x20"
  "\x20\x20\x20\x2f\x2a\x20\x32\x5e\x31\x30\x30\x30\x20\x2a\x2f\x0a\x20\x20\x20\x20"
  "\x77\x68\x69\x6c\x65\x20\x28\x6e\x20\x3c\x20\x30\x20\x2d\x20\x31\x30\x30\x30\x29"
  "\x20\x7b\x20\x78\x20\x3d\x20\x78\x20\x2a\x20\x39\x2e\x33\x33\x32\x36\x33\x36\x31"
  "\x38\x35\x30\x33\x32\x31\x38\x38\x38\x65\x2d\x33\x30\x32\x3b\x20\x6e\x20\x3d\x20"
  "\x6e\x20\x2b\x20\x31\x30\x30\x30\x3b\x20\x7d\x20\x20\x2f\x2a\x20\x32\x5e\x2d\x31"
  "\x30\x30\x30\x20\x2a\x2f\x0a\x20\x20\x20\x20\x69\x66\x20\x28\x6e\x20\x3e\x3d\x20"
  "\x30\x29\x20\x72\x65\x74\x75\x72\x6e\x20\x78\x20\x2a\x20\x5f\x6d\x5f\x6d\x6b\x28"
  "\x28\x6e\x20\x2b\x20\x31\x30\x32\x33\x29\x20\x3c\x3c\x20\x32\x30\x2c\x20\x30\x29"
  "\x3b\x0a\x20\x20\x20\x20\x69\x66\x20\x28\x6e\x20\x3e\x20\x30\x20\x2d\x20\x31\x30"
  "\x32\x32\x29\x20\x72\x65\x74\x75\x72\x6e\x20\x78\x20\x2a\x20\x5f\x6d\x5f\x6d\x6b"
  "\x28\x28\x6e\x20\x2b\x20\x31\x30\x32\x33\x29\x20\x3c\x3c\x20\x32\x30\x2c\x20\x30"
  "\x29\x3b\x0a\x20\x20\x20\x20\x72\x65\x74\x75\x72\x6e\x20\x78\x20\x2a\x20\x5f\x6d"
  "\x5f\x6d\x6b\x28\x28\x6e\x20\x2b\x20\x31\x30\x32\x33\x20\x2b\x20\x36\x30\x29\x20"
  "\x3c\x3c\x20\x32\x30\x2c\x20\x30\x29\x20\x2a\x20\x38\x2e\x36\x37\x33\x36\x31\x37"
  "\x33\x37\x39\x38\x38\x34\x30\x33\x35\x65\x2d\x31\x39\x3b\x20\x20\x20\x20\x2f\x2a"
  "\x20\x32\x5e\x2d\x36\x30\x20\x2a\x2f\x0a\x7d\x0a\x73\x74\x61\x74\x69\x63\x20\x64"
  "\x6f\x75\x62\x6c\x65\x20\x73\x63\x61\x6c\x62\x6e\x28\x64\x6f\x75\x62\x6c\x65\x20"
  "\x78\x2c\x20\x69\x6e\x74\x20\x6e\x29\x20\x7b\x20\x72\x65\x74\x75\x72\x6e\x20\x6c"
  "\x64\x65\x78\x70\x28\x78\x2c\x20\x6e\x29\x3b\x20\x7d\x0a\x0a\x2f\x2a\x20\x66\x6d"
  "\x6f\x64\x2c\x20\x65\x78\x61\x63\x74\x6c\x79\x3a\x20\x43\x39\x39\x20\x37\x2e\x31"
  "\x32\x2e\x31\x30\x2e\x31\x20\x2d\x2d\x20\x74\x68\x65\x20\x72\x65\x73\x75\x6c\x74"
  "\x20\x69\x73\x20\x78\x20\x2d\x20\x6e\x2a\x79\x20\x66\x6f\x72\x20\x74\x68\x65\x20"
  "\x69\x6e\x74\x65\x67\x65\x72\x20\x6e\x0a\x20\x20\x20\x74\x68\x61\x74\x20\x6d\x61"
  "\x6b\x65\x73\x20\x69\x74\x20\x68\x61\x76\x65\x20\x78\x27\x73\x20\x73\x69\x67\x6e"
  "\x20\x61\x6e\x64\x20\x62\x65\x20\x73\x6d\x61\x6c\x6c\x65\x72\x20\x74\x68\x61\x6e"
  "\x20\x7c\x79\x7c\x2c\x20\x61\x6e\x64\x20\x69\x74\x20\x69\x73\x20\x65\x78\x61\x63"
  "\x74\x2e\x20\x2a\x2f\x0a\x73\x74\x61\x74\x69\x63\x20\x64\x6f\x75\x62\x6c\x65\x20"
  "\x66\x6d\x6f\x64\x28\x64\x6f\x75\x62\x6c\x65\x20\x78\x2c\x20\x64\x6f\x75\x62\x6c"
  "\x65\x20\x79\x29\x20\x7b\x0a\x20\x20\x20\x20\x69\x6e\x74\x20\x65\x78\x3b\x20\x69"
  "\x6e\x74\x20\x65\x79\x3b\x0a\x20\x20\x20\x20\x64\x6f\x75\x62\x6c\x65\x20\x61\x78"
  "\x3b\x20\x64\x6f\x75\x62\x6c\x65\x20\x61\x79\x3b\x20\x64\x6f\x75\x62\x6c\x65\x20"
  "\x72\x3b\x0a\x20\x20\x20\x20\x69\x66\x20\x28\x79\x20\x21\x3d\x20\x79\x20\x7c\x7c"
  "\x20\x78\x20\x21\x3d\x20\x78\x20\x7c\x7c\x20\x69\x73\x69\x6e\x66\x28\x78\x29\x20"
  "\x7c\x7c\x20\x79\x20\x3d\x3d\x20\x30\x2e\x30\x29\x20\x72\x65\x74\x75\x72\x6e\x20"
  "\x28\x78\x20\x2a\x20\x79\x29\x20\x2f\x20\x28\x78\x20\x2a\x20\x79\x29\x3b\x0a\x20"
  "\x20\x20\x20\x61\x78\x20\x3d\x20\x66\x61\x62\x73\x28\x78\x29\x3b\x20\x61\x79\x20"
  "\x3d\x20\x66\x61\x62\x73\x28\x79\x29\x3b\x0a\x20\x20\x20\x20\x69\x66\x20\x28\x61"
  "\x78\x20\x3c\x20\x61\x79\x29\x20\x72\x65\x74\x75\x72\x6e\x20\x78\x3b\x0a\x20\x20"
  "\x20\x20\x66\x72\x65\x78\x70\x28\x61\x78\x2c\x20\x26\x65\x78\x29\x3b\x20\x66\x72"
  "\x65\x78\x70\x28\x61\x79\x2c\x20\x26\x65\x79\x29\x3b\x0a\x20\x20\x20\x20\x72\x20"
  "\x3d\x20\x61\x78\x3b\x0a\x20\x20\x20\x20\x77\x68\x69\x6c\x65\x20\x28\x65\x78\x20"
  "\x3e\x3d\x20\x65\x79\x29\x20\x7b\x0a\x20\x20\x20\x20\x20\x20\x20\x20\x64\x6f\x75"
  "\x62\x6c\x65\x20\x74\x3b\x0a\x20\x20\x20\x20\x20\x20\x20\x20\x74\x20\x3d\x20\x6c"
  "\x64\x65\x78\x70\x28\x61\x79\x2c\x20\x65\x78\x20\x2d\x20\x65\x79\x29\x3b\x0a\x20"
  "\x20\x20\x20\x20\x20\x20\x20\x69\x66\x20\x28\x74\x20\x3e\x20\x72\x29\x20\x7b\x20"
  "\x69\x66\x20\x28\x65\x78\x20\x3d\x3d\x20\x65\x79\x29\x20\x62\x72\x65\x61\x6b\x3b"
  "\x20\x74\x20\x3d\x20\x6c\x64\x65\x78\x70\x28\x61\x79\x2c\x20\x65\x78\x20\x2d\x20"
  "\x65\x79\x20\x2d\x20\x31\x29\x3b\x20\x7d\x0a\x20\x20\x20\x20\x20\x20\x20\x20\x69"
  "\x66\x20\x28\x74\x20\x3c\x3d\x20\x72\x29\x20\x72\x20\x3d\x20\x72\x20\x2d\x20\x74"
  "\x3b\x20\x20\x20\x20\x20\x20\x20\x20\x20\x20\x20\x20\x20\x20\x20\x20\x20\x20\x20"
  "\x2f\x2a\x20\x65\x78\x61\x63\x74\x3a\x20\x73\x61\x6d\x65\x20\x62\x69\x6e\x61\x64"
  "\x65\x20\x6f\x72\x20\x62\x65\x6c\x6f\x77\x20\x2a\x2f\x0a\x20\x20\x20\x20\x20\x20"
  "\x20\x20\x69\x66\x20\x28\x72\x20\x3c\x20\x61\x79\x29\x20\x62\x72\x65\x61\x6b\x3b"
  "\x0a\x20\x20\x20\x20\x20\x20\x20\x20\x66\x72\x65\x78\x70\x28\x72\x2c\x20\x26\x65"
  "\x78\x29\x3b\x0a\x20\x20\x20\x20\x7d\x0a\x20\x20\x20\x20\x72\x65\x74\x75\x72\x6e"
  "\x20\x63\x6f\x70\x79\x73\x69\x67\x6e\x28\x72\x2c\x20\x78\x29\x3b\x0a\x7d\x0a\x0a"
  "\x2f\x2a\x20\x2d\x2d\x2d\x2d\x20\x65\x78\x70\x20\x28\x66\x64\x6c\x69\x62\x6d\x20"
  "\x65\x5f\x65\x78\x70\x2e\x63\x29\x20\x2d\x2d\x2d\x2d\x2d\x2d\x2d\x2d\x2d\x2d\x2d"
  "\x2d\x2d\x2d\x2d\x2d\x2d\x2d\x2d\x2d\x2d\x2d\x2d\x2d\x2d\x2d\x2d\x2d\x2d\x2d\x2d"
  "\x2d\x2d\x2d\x2d\x2d\x2d\x2d\x2d\x2d\x2d\x2d\x2d\x2d\x2d\x2d\x20\x2a\x2f\x0a\x73"
  "\x74\x61\x74\x69\x63\x20\x64\x6f\x75\x62\x6c\x65\x20\x65\x78\x70\x28\x64\x6f\x75"
  "\x62\x6c\x65\x20\x78\x29\x20\x7b\x0a\x20\x20\x20\x20\x64\x6f\x75\x62\x6c\x65\x20"
  "\x68\x69\x3b\x20\x64\x6f\x75\x62\x6c\x65\x20\x6c\x6f\x3b\x20\x64\x6f\x75\x62\x6c"
  "\x65\x20\x63\x3b\x20\x64\x6f\x75\x62\x6c\x65\x20\x74\x3b\x20\x64\x6f\x75\x62\x6c"
  "\x65\x20\x79\x3b\x0a\x20\x20\x20\x20\x69\x6e\x74\x20\x6b\x3b\x20\x69\x6e\x74\x20"
  "\x78\x73\x62\x3b\x20\x69\x6e\x74\x20\x68\x78\x3b\x0a\x20\x20\x20\x20\x75\x6e\x73"
  "\x69\x67\x6e\x65\x64\x20\x69\x6e\x74\x20\x75\x78\x3b\x0a\x20\x20\x20\x20\x68\x69"
  "\x20\x3d\x20\x30\x2e\x30\x3b\x20\x6c\x6f\x20\x3d\x20\x30\x2e\x30\x3b\x20\x6b\x20"
  "\x3d\x20\x30\x3b\x0a\x20\x20\x20\x20\x68\x78\x20\x3d\x20\x5f\x6d\x5f\x68\x69\x28"
  "\x78\x29\x3b\x0a\x20\x20\x20\x20\x78\x73\x62\x20\x3d\x20\x28\x68\x78\x20\x3e\x3e"
  "\x20\x33\x31\x29\x20\x26\x20\x31\x3b\x0a\x20\x20\x20\x20\x75\x78\x20\x3d\x20\x68"
  "\x78\x20\x26\x20\x32\x31\x34\x37\x34\x38\x33\x36\x34\x37\x3b\x0a\x20\x20\x20\x20"
  "\x69\x66\x20\x28\x75\x78\x20\x3e\x3d\x20\x31\x30\x38\x32\x35\x33\x35\x34\x39\x30"
  "\x29\x20\x7b\x20\x20\x20\x20\x20\x20\x20\x20\x20\x20\x20\x20\x20\x20\x20\x20\x20"
  "\x20\x20\x20\x20\x20\x20\x20\x20\x20\x20\x20\x20\x20\x20\x2f\x2a\x20\x7c\x78\x7c"
  "\x20\x3e\x3d\x20\x37\x30\x39\x2e\x37\x38\x20\x2a\x2f\x0a\x20\x20\x20\x20\x20\x20"
  "\x20\x20\x69\x66\x20\x28\x75\x78\x20\x3e\x3d\x20\x32\x31\x34\x36\x34\x33\x35\x30"
  "\x37\x32\x29\x20\x7b\x0a\x20\x20\x20\x20\x20\x20\x20\x20\x20\x20\x20\x20\x69\x66"
  "\x20\x28\x28\x28\x75\x78\x20\x26\x20\x31\x30\x34\x38\x35\x37\x35\x29\x20\x7c\x20"
  "\x5f\x6d\x5f\x6c\x6f\x28\x78\x29\x29\x20\x21\x3d\x20\x30\x29\x20\x72\x65\x74\x75"
  "\x72\x6e\x20\x78\x20\x2b\x20\x78\x3b\x20\x20\x20\x2f\x2a\x20\x6e\x61\x6e\x20\x2a"
  "\x2f\x0a\x20\x20\x20\x20\x20\x20\x20\x20\x20\x20\x20\x20\x72\x65\x74\x75\x72\x6e"
  "\x20\x78\x73\x62\x20\x3d\x3d\x20\x30\x20\x3f\x20\x78\x20\x3a\x20\x30\x2e\x30\x3b"
  "\x20\x20\x20\x20\x20\x20\x20\x20\x20\x20\x20\x20\x20\x20\x20\x20\x20\x20\x20\x20"
  "\x20\x20\x20\x20\x20\x20\x20\x2f\x2a\x20\x65\x78\x70\x28\x2b\x2d\x69\x6e\x66\x29"
  "\x20\x2a\x2f\x0a\x20\x20\x20\x20\x20\x20\x20\x20\x7d\x0a\x20\x20\x20\x20\x20\x20"
  "\x20\x20\x69\x66\x20\x28\x78\x20\x3e\x20\x37\x2e\x30\x39\x37\x38\x32\x37\x31\x32"
  "\x38\x39\x33\x33\x38\x33\x39\x37\x33\x30\x39\x36\x65\x2b\x30\x32\x29\x20\x72\x65"
  "\x74\x75\x72\x6e\x20\x31\x2e\x30\x65\x33\x30\x30\x20\x2a\x20\x31\x2e\x30\x65\x33"
  "\x30\x30\x3b\x0a\x20\x20\x20\x20\x20\x20\x20\x20\x69\x66\x20\x28\x78\x20\x3c\x20"
  "\x30\x20\x2d\x20\x37\x2e\x34\x35\x31\x33\x33\x32\x31\x39\x31\x30\x31\x39\x34\x31"
  "\x31\x30\x38\x34\x32\x30\x65\x2b\x30\x32\x29\x20\x72\x65\x74\x75\x72\x6e\x20\x31"
  "\x2e\x30\x65\x2d\x33\x30\x30\x20\x2a\x20\x31\x2e\x30\x65\x2d\x33\x30\x30\x3b\x0a"
  "\x20\x20\x20\x20\x7d\x0a\x20\x20\x20\x20\x69\x66\x20\x28\x75\x78\x20\x3e\x20\x31"
  "\x30\x37\x31\x30\x30\x31\x31\x35\x34\x29\x20\x7b\x20\x20\x20\x20\x20\x20\x20\x20"
  "\x20\x20\x20\x20\x20\x20\x20\x20\x20\x20\x20\x20\x20\x20\x20\x20\x20\x20\x20\x20"
  "\x20\x20\x20\x20\x2f\x2a\x20\x7c\x78\x7c\x20\x3e\x20\x30\x2e\x35\x20\x6c\x6e\x32"
  "\x20\x2a\x2f\x0a\x20\x20\x20\x20\x20\x20\x20\x20\x69\x66\x20\x28\x75\x78\x20\x3c"
  "\x20\x31\x30\x37\x32\x37\x33\x34\x38\x39\x38\x29\x20\x7b\x20\x20\x20\x20\x20\x20"
  "\x20\x20\x20\x20\x20\x20\x20\x20\x20\x20\x20\x20\x20\x20\x20\x20\x20\x20\x20\x20"
  "\x20\x20\x2f\x2a\x20\x7c\x78\x7c\x20\x3c\x20\x31\x2e\x35\x20\x6c\x6e\x32\x20\x2a"
  "\x2f\x0a\x20\x20\x20\x20\x20\x20\x20\x20\x20\x20\x20\x20\x69\x66\x20\x28\x78\x73"
  "\x62\x20\x3d\x3d\x20\x30\x29\x20\x7b\x20\x68\x69\x20\x3d\x20\x78\x20\x2d\x20\x36"
  "\x2e\x39\x33\x31\x34\x37\x31\x38\x30\x33\x36\x39\x31\x32\x33\x38\x31\x36\x34\x39"
  "\x30\x65\x2d\x30\x31\x3b\x20\x6c\x6f\x20\x3d\x20\x31\x2e\x39\x30\x38\x32\x31\x34"
  "\x39\x32\x39\x32\x37\x30\x35\x38\x37\x37\x30\x30\x30\x32\x65\x2d\x31\x30\x3b\x20"
  "\x6b\x20\x3d\x20\x31\x3b\x20\x7d\x0a\x20\x20\x20\x20\x20\x20\x20\x20\x20\x20\x20"
  "\x20\x65\x6c\x73\x65\x20\x7b\x20\x68\x69\x20\x3d\x20\x78\x20\x2b\x20\x36\x2e\x39"
  "\x33\x31\x34\x37\x31\x38\x30\x33\x36\x39\x31\x32\x33\x38\x31\x36\x34\x39\x30\x65"
  "\x2d\x30\x31\x3b\x20\x6c\x6f\x20\x3d\x20\x30\x20\x2d\x20\x31\x2e\x39\x30\x38\x32"
  "\x31\x34\x39\x32\x39\x32\x37\x30\x35\x38\x37\x37\x30\x30\x30\x32\x65\x2d\x31\x30"
  "\x3b\x20\x6b\x20\x3d\x20\x30\x20\x2d\x20\x31\x3b\x20\x7d\x0a\x20\x20\x20\x20\x20"
  "\x20\x20\x20\x7d\x20\x65\x6c\x73\x65\x20\x7b\x0a\x20\x20\x20\x20\x20\x20\x20\x20"
  "\x20\x20\x20\x20\x6b\x20\x3d\x20\x28\x69\x6e\x74\x29\x28\x31\x2e\x34\x34\x32\x36"
  "\x39\x35\x30\x34\x30\x38\x38\x38\x39\x36\x33\x33\x38\x37\x30\x30\x65\x2b\x30\x30"
  "\x20\x2a\x20\x78\x20\x2b\x20\x28\x78\x73\x62\x20\x3f\x20\x30\x20\x2d\x20\x30\x2e"
  "\x35\x20\x3a\x20\x30\x2e\x35\x29\x29\x3b\x0a\x20\x20\x20\x20\x20\x20\x20\x20\x20"
  "\x20\x20\x20\x74\x20\x3d\x20\x6b\x3b\x0a\x20\x20\x20\x20\x20\x20\x20\x20\x20\x20"
  "\x20\x20\x68\x69\x20\x3d\x20\x78\x20\x2d\x20\x74\x20\x2a\x20\x36\x2e\x39\x33\x31"
  "\x34\x37\x31\x38\x30\x33\x36\x39\x31\x32\x33\x38\x31\x36\x34\x39\x30\x65\x2d\x30"
  "\x31\x3b\x0a\x20\x20\x20\x20\x20\x20\x20\x20\x20\x20\x20\x20\x6c\x6f\x20\x3d\x20"
  "\x74\x20\x2a\x20\x31\x2e\x39\x30\x38\x32\x31\x34\x39\x32\x39\x32\x37\x30\x35\x38"
  "\x37\x37\x30\x30\x30\x32\x65\x2d\x31\x30\x3b\x0a\x20\x20\x20\x20\x20\x20\x20\x20"
  "\x7d\x0a\x20\x20\x20\x20\x20\x20\x20\x20\x78\x20\x3d\x20\x68\x69\x20\x2d\x20\x6c"
  "\x6f\x3b\x0a\x20\x20\x20\x20\x7d\x20\x65\x6c\x73\x65\x20\x7b\x0a\x20\x20\x20\x20"
  "\x20\x20\x20\x20\x69\x66\x20\x28\x75\x78\x20\x3c\x20\x31\x30\x34\x33\x33\x33\x33"
  "\x31\x32\x30\x29\x20\x7b\x20\x20\x20\x20\x20\x20\x20\x20\x20\x20\x20\x20\x20\x20"
  "\x20\x20\x20\x20\x20\x20\x20\x20\x20\x20\x20\x20\x20\x20\x2f\x2a\x20\x7c\x78\x7c"
  "\x20\x3c\x20\x32\x5e\x2d\x32\x38\x20\x2a\x2f\x0a\x20\x20\x20\x20\x20\x20\x20\x20"
  "\x20\x20\x20\x20\x69\x66\x20\x28\x31\x2e\x30\x65\x33\x30\x30\x20\x2b\x20\x78\x20"
  "\x3e\x20\x31\x2e\x30\x29\x20\x72\x65\x74\x75\x72\x6e\x20\x31\x2e\x30\x20\x2b\x20"
  "\x78\x3b\x0a\x20\x20\x20\x20\x20\x20\x20\x20\x7d\x20\x65\x6c\x73\x65\x20\x6b\x20"
  "\x3d\x20\x30\x3b\x0a\x20\x20\x20\x20\x7d\x0a\x20\x20\x20\x20\x74\x20\x3d\x20\x78"
  "\x20\x2a\x20\x78\x3b\x0a\x20\x20\x20\x20\x63\x20\x3d\x20\x78\x20\x2d\x20\x74\x20"
  "\x2a\x20\x28\x31\x2e\x36\x36\x36\x36\x36\x36\x36\x36\x36\x36\x36\x36\x36\x36\x30"
  "\x31\x39\x30\x33\x37\x65\x2d\x30\x31\x20\x2b\x20\x74\x20\x2a\x20\x28\x30\x20\x2d"
  "\x20\x32\x2e\x37\x37\x37\x37\x37\x37\x37\x37\x37\x37\x30\x31\x35\x35\x39\x33\x33"
  "\x38\x34\x32\x65\x2d\x30\x33\x0a\x20\x20\x20\x20\x20\x20\x20\x20\x2b\x20\x74\x20"
  "\x2a\x20\x28\x36\x2e\x36\x31\x33\x37\x35\x36\x33\x32\x31\x34\x33\x37\x39\x33\x34"
  "\x33\x36\x31\x31\x37\x65\x2d\x30\x35\x20\x2b\x20\x74\x20\x2a\x20\x28\x30\x20\x2d"
  "\x20\x31\x2e\x36\x35\x33\x33\x39\x30\x32\x32\x30\x35\x34\x36\x35\x32\x35\x31\x35"
  "\x33\x39\x30\x65\x2d\x30\x36\x0a\x20\x20\x20\x20\x20\x20\x20\x20\x2b\x20\x74\x20"
  "\x2a\x20\x34\x2e\x31\x33\x38\x31\x33\x36\x37\x39\x37\x30\x35\x37\x32\x33\x38\x34"
  "\x36\x30\x33\x39\x65\x2d\x30\x38\x29\x29\x29\x29\x3b\x0a\x20\x20\x20\x20\x69\x66"
  "\x20\x28\x6b\x20\x3d\x3d\x20\x30\x29\x20\x72\x65\x74\x75\x72\x6e\x20\x31\x2e\x30"
  "\x20\x2d\x20\x28\x28\x78\x20\x2a\x20\x63\x29\x20\x2f\x20\x28\x63\x20\x2d\x20\x32"
  "\x2e\x30\x29\x20\x2d\x20\x78\x29\x3b\x0a\x20\x20\x20\x20\x79\x20\x3d\x20\x31\x2e"
  "\x30\x20\x2d\x20\x28\x28\x6c\x6f\x20\x2d\x20\x28\x78\x20\x2a\x20\x63\x29\x20\x2f"
  "\x20\x28\x32\x2e\x30\x20\x2d\x20\x63\x29\x29\x20\x2d\x20\x68\x69\x29\x3b\x0a\x20"
  "\x20\x20\x20\x69\x66\x20\x28\x6b\x20\x3e\x3d\x20\x30\x20\x2d\x20\x31\x30\x32\x31"
  "\x29\x20\x72\x65\x74\x75\x72\x6e\x20\x5f\x6d\x5f\x73\x65\x74\x68\x69\x28\x79\x2c"
  "\x20\x5f\x6d\x5f\x68\x69\x28\x79\x29\x20\x2b\x20\x28\x6b\x20\x3c\x3c\x20\x32\x30"
  "\x29\x29\x3b\x0a\x20\x20\x20\x20\x79\x20\x3d\x20\x5f\x6d\x5f\x73\x65\x74\x68\x69"
  "\x28\x79\x2c\x20\x5f\x6d\x5f\x68\x69\x28\x79\x29\x20\x2b\x20\x28\x28\x6b\x20\x2b"
  "\x20\x31\x30\x30\x30\x29\x20\x3c\x3c\x20\x32\x30\x29\x29\x3b\x0a\x20\x20\x20\x20"
  "\x72\x65\x74\x75\x72\x6e\x20\x79\x20\x2a\x20\x39\x2e\x33\x33\x32\x36\x33\x36\x31"
  "\x38\x35\x30\x33\x32\x31\x38\x38\x37\x38\x39\x39\x30\x65\x2d\x33\x30\x32\x3b\x20"
  "\x20\x20\x20\x20\x20\x20\x20\x20\x20\x20\x20\x20\x20\x20\x2f\x2a\x20\x32\x5e\x2d"
  "\x31\x30\x30\x30\x20\x2a\x2f\x0a\x7d\x0a\x73\x74\x61\x74\x69\x63\x20\x66\x6c\x6f"
  "\x61\x74\x20\x65\x78\x70\x66\x28\x66\x6c\x6f\x61\x74\x20\x78\x29\x20\x7b\x20\x72"
  "\x65\x74\x75\x72\x6e\x20\x28\x66\x6c\x6f\x61\x74\x29\x65\x78\x70\x28\x28\x64\x6f"
  "\x75\x62\x6c\x65\x29\x78\x29\x3b\x20\x7d\x0a\x73\x74\x61\x74\x69\x63\x20\x64\x6f"
  "\x75\x62\x6c\x65\x20\x65\x78\x70\x32\x28\x64\x6f\x75\x62\x6c\x65\x20\x78\x29\x20"
  "\x7b\x20\x72\x65\x74\x75\x72\x6e\x20\x65\x78\x70\x28\x78\x20\x2a\x20\x36\x2e\x39"
  "\x33\x31\x34\x37\x31\x38\x30\x35\x35\x39\x39\x34\x35\x32\x38\x36\x32\x32\x37\x65"
  "\x2d\x30\x31\x29\x3b\x20\x7d\x0a\x0a\x2f\x2a\x20\x2d\x2d\x2d\x2d\x20\x6c\x6f\x67"
  "\x20\x28\x66\x64\x6c\x69\x62\x6d\x20\x65\x5f\x6c\x6f\x67\x2e\x63\x29\x20\x2d\x2d"
  "\x2d\x2d\x2d\x2d\x2d\x2d\x2d\x2d\x2d\x2d\x2d\x2d\x2d\x2d\x2d\x2d\x2d\x2d\x2d\x2d"
  "\x2d\x2d\x2d\x2d\x2d\x2d\x2d\x2d\x2d\x2d\x2d\x2d\x2d\x2d\x2d\x2d\x2d\x2d\x2d\x2d"
  "\x2d\x2d\x2d\x2d\x20\x2a\x2f\x0a\x73\x74\x61\x74\x69\x63\x20\x64\x6f\x75\x62\x6c"
  "\x65\x20\x6c\x6f\x67\x28\x64\x6f\x75\x62\x6c\x65\x20\x78\x29\x20\x7b\x0a\x20\x20"
  "\x20\x20\x64\x6f\x75\x62\x6c\x65\x20\x68\x66\x73\x71\x3b\x20\x64\x6f\x75\x62\x6c"
  "\x65\x20\x66\x3b\x20\x64\x6f\x75\x62\x6c\x65\x20\x73\x3b\x20\x64\x6f\x75\x62\x6c"
  "\x65\x20\x7a\x3b\x20\x64\x6f\x75\x62\x6c\x65\x20\x52\x3b\x20\x64\x6f\x75\x62\x6c"
  "\x65\x20\x77\x3b\x20\x64\x6f\x75\x62\x6c\x65\x20\x74\x31\x3b\x0a\x20\x20\x20\x20"
  "\x64\x6f\x75\x62\x6c\x65\x20\x74\x32\x3b\x20\x64\x6f\x75\x62\x6c\x65\x20\x64\x6b"
  "\x3b\x0a\x20\x20\x20\x20\x69\x6e\x74\x20\x6b\x3b\x20\x69\x6e\x74\x20\x68\x78\x3b"
  "\x20\x69\x6e\x74\x20\x69\x3b\x20\x69\x6e\x74\x20\x6a\x3b\x0a\x20\x20\x20\x20\x75"
  "\x6e\x73\x69\x67\x6e\x65\x64\x20\x69\x6e\x74\x20\x6c\x78\x3b\x0a\x20\x20\x20\x20"
  "\x68\x78\x20\x3d\x20\x5f\x6d\x5f\x68\x69\x28\x78\x29\x3b\x20\x6c\x78\x20\x3d\x20"
  "\x5f\x6d\x5f\x6c\x6f\x28\x78\x29\x3b\x0a\x20\x20\x20\x20\x6b\x20\x3d\x20\x30\x3b"
  "\x0a\x20\x20\x20\x20\x69\x66\x20\x28\x68\x78\x20\x3c\x20\x31\x30\x34\x38\x35\x37"
  "\x36\x29\x20\x7b\x20\x20\x20\x20\x20\x20\x20\x20\x20\x20\x20\x20\x20\x20\x20\x20"
  "\x20\x20\x20\x20\x20\x20\x20\x20\x20\x20\x20\x20\x20\x20\x20\x20\x20\x20\x20\x2f"
  "\x2a\x20\x78\x20\x3c\x20\x32\x5e\x2d\x31\x30\x32\x32\x20\x2a\x2f\x0a\x20\x20\x20"
  "\x20\x20\x20\x20\x20\x69\x66\x20\x28\x28\x28\x68\x78\x20\x26\x20\x32\x31\x34\x37"
  "\x34\x38\x33\x36\x34\x37\x29\x20\x7c\x20\x6c\x78\x29\x20\x3d\x3d\x20\x30\x29\x20"
  "\x72\x65\x74\x75\x72\x6e\x20\x28\x30\x20\x2d\x20\x31\x2e\x38\x30\x31\x34\x33\x39"
  "\x38\x35\x30\x39\x34\x38\x31\x39\x38\x34\x30\x30\x30\x30\x65\x2b\x31\x36\x29\x20"
  "\x2f\x20\x30\x2e\x30\x3b\x0a\x20\x20\x20\x20\x20\x20\x20\x20\x69\x66\x20\x28\x68"
  "\x78\x20\x3c\x20\x30\x29\x20\x72\x65\x74\x75\x72\x6e\x20\x28\x78\x20\x2d\x20\x78"
  "\x29\x20\x2f\x20\x30\x2e\x30\x3b\x0a\x20\x20\x20\x20\x20\x20\x20\x20\x6b\x20\x3d"
  "\x20\x6b\x20\x2d\x20\x35\x34\x3b\x20\x78\x20\x3d\x20\x78\x20\x2a\x20\x31\x2e\x38"
  "\x30\x31\x34\x33\x39\x38\x35\x30\x39\x34\x38\x31\x39\x38\x34\x30\x30\x30\x30\x65"
  "\x2b\x31\x36\x3b\x0a\x20\x20\x20\x20\x20\x20\x20\x20\x68\x78\x20\x3d\x20\x5f\x6d"
  "\x5f\x68\x69\x28\x78\x29\x3b\x0a\x20\x20\x20\x20\x7d\x0a\x20\x20\x20\x20\x69\x66"
  "\x20\x28\x68\x78\x20\x3e\x3d\x20\x32\x31\x34\x36\x34\x33\x35\x30\x37\x32\x29\x20"
  "\x72\x65\x74\x75\x72\x6e\x20\x78\x20\x2b\x20\x78\x3b\x0a\x20\x20\x20\x20\x6b\x20"
  "\x3d\x20\x6b\x20\x2b\x20\x28\x68\x78\x20\x3e\x3e\x20\x32\x30\x29\x20\x2d\x20\x31"
  "\x30\x32\x33\x3b\x0a\x20\x20\x20\x20\x68\x78\x20\x3d\x20\x68\x78\x20\x26\x20\x31"
  "\x30\x34\x38\x35\x37\x35\x3b\x0a\x20\x20\x20\x20\x69\x20\x3d\x20\x28\x68\x78\x20"
  "\x2b\x20\x36\x31\x34\x32\x34\x34\x29\x20\x26\x20\x31\x30\x34\x38\x35\x37\x36\x3b"
  "\x0a\x20\x20\x20\x20\x78\x20\x3d\x20\x5f\x6d\x5f\x73\x65\x74\x68\x69\x28\x78\x2c"
  "\x20\x68\x78\x20\x7c\x20\x28\x69\x20\x5e\x20\x31\x30\x37\x32\x36\x39\x33\x32\x34"
  "\x38\x29\x29\x3b\x0a\x20\x20\x20\x20\x6b\x20\x3d\x20\x6b\x20\x2b\x20\x28\x69\x20"
  "\x3e\x3e\x20\x32\x30\x29\x3b\x0a\x20\x20\x20\x20\x66\x20\x3d\x20\x78\x20\x2d\x20"
  "\x31\x2e\x30\x3b\x0a\x20\x20\x20\x20\x69\x66\x20\x28\x28\x31\x30\x34\x38\x35\x37"
  "\x35\x20\x26\x20\x28\x32\x20\x2b\x20\x68\x78\x29\x29\x20\x3c\x20\x33\x29\x20\x7b"
  "\x0a\x20\x20\x20\x20\x20\x20\x20\x20\x69\x66\x20\x28\x66\x20\x3d\x3d\x20\x30\x2e"
  "\x30\x29\x20\x7b\x0a\x20\x20\x20\x20\x20\x20\x20\x20\x20\x20\x20\x20\x69\x66\x20"
  "\x28\x6b\x20\x3d\x3d\x20\x30\x29\x20\x72\x65\x74\x75\x72\x6e\x20\x30\x2e\x30\x3b"
  "\x0a\x20\x20\x20\x20\x20\x20\x20\x20\x20\x20\x20\x20\x64\x6b\x20\x3d\x20\x6b\x3b"
  "\x20\x72\x65\x74\x75\x72\x6e\x20\x64\x6b\x20\x2a\x20\x36\x2e\x39\x33\x31\x34\x37"
  "\x31\x38\x30\x33\x36\x39\x31\x32\x33\x38\x31\x36\x34\x39\x30\x65\x2d\x30\x31\x20"
  "\x2b\x20\x64\x6b\x20\x2a\x20\x31\x2e\x39\x30\x38\x32\x31\x34\x39\x32\x39\x32\x37"
  "\x30\x35\x38\x37\x37\x30\x30\x30\x32\x65\x2d\x31\x30\x3b\x0a\x20\x20\x20\x20\x20"
  "\x20\x20\x20\x7d\x0a\x20\x20\x20\x20\x20\x20\x20\x20\x52\x20\x3d\x20\x66\x20\x2a"
  "\x20\x66\x20\x2a\x20\x28\x30\x2e\x35\x20\x2d\x20\x30\x2e\x33\x33\x33\x33\x33\x33"
  "\x33\x33\x33\x33\x33\x33\x33\x33\x33\x33\x33\x20\x2a\x20\x66\x29\x3b\x0a\x20\x20"
  "\x20\x20\x20\x20\x20\x20\x69\x66\x20\x28\x6b\x20\x3d\x3d\x20\x30\x29\x20\x72\x65"
  "\x74\x75\x72\x6e\x20\x66\x20\x2d\x20\x52\x3b\x0a\x20\x20\x20\x20\x20\x20\x20\x20"
  "\x64\x6b\x20\x3d\x20\x6b\x3b\x20\x72\x65\x74\x75\x72\x6e\x20\x64\x6b\x20\x2a\x20"
  "\x36\x2e\x39\x33\x31\x34\x37\x31\x38\x30\x33\x36\x39\x31\x32\x33\x38\x31\x36\x34"
  "\x39\x30\x65\x2d\x30\x31\x20\x2d\x20\x28\x28\x52\x20\x2d\x20\x64\x6b\x20\x2a\x20"
  "\x31\x2e\x39\x30\x38\x32\x31\x34\x39\x32\x39\x32\x37\x30\x35\x38\x37\x37\x30\x30"
  "\x30\x32\x65\x2d\x31\x30\x29\x20\x2d\x20\x66\x29\x3b\x0a\x20\x20\x20\x20\x7d\x0a"
  "\x20\x20\x20\x20\x73\x20\x3d\x20\x66\x20\x2f\x20\x28\x32\x2e\x30\x20\x2b\x20\x66"
  "\x29\x3b\x0a\x20\x20\x20\x20\x64\x6b\x20\x3d\x20\x6b\x3b\x0a\x20\x20\x20\x20\x7a"
  "\x20\x3d\x20\x73\x20\x2a\x20\x73\x3b\x0a\x20\x20\x20\x20\x69\x20\x3d\x20\x68\x78"
  "\x20\x2d\x20\x33\x39\x38\x34\x35\x38\x3b\x0a\x20\x20\x20\x20\x77\x20\x3d\x20\x7a"
  "\x20\x2a\x20\x7a\x3b\x0a\x20\x20\x20\x20\x6a\x20\x3d\x20\x34\x34\x30\x34\x30\x31"
  "\x20\x2d\x20\x68\x78\x3b\x0a\x20\x20\x20\x20\x74\x31\x20\x3d\x20\x77\x20\x2a\x20"
  "\x28\x33\x2e\x39\x39\x39\x39\x39\x39\x39\x39\x39\x39\x34\x30\x39\x34\x31\x39\x30"
  "\x38\x65\x2d\x30\x31\x20\x2b\x20\x77\x20\x2a\x20\x28\x32\x2e\x32\x32\x32\x32\x31"
  "\x39\x38\x34\x33\x32\x31\x34\x39\x37\x38\x33\x39\x36\x65\x2d\x30\x31\x20\x2b\x20"
  "\x77\x20\x2a\x20\x31\x2e\x35\x33\x31\x33\x38\x33\x37\x36\x39\x39\x32\x30\x39\x33"
  "\x37\x33\x33\x32\x65\x2d\x30\x31\x29\x29\x3b\x0a\x20\x20\x20\x20\x74\x32\x20\x3d"
  "\x20\x7a\x20\x2a\x20\x28\x36\x2e\x36\x36\x36\x36\x36\x36\x36\x36\x36\x36\x36\x36"
  "\x37\x33\x35\x31\x33\x30\x65\x2d\x30\x31\x20\x2b\x20\x77\x20\x2a\x20\x28\x32\x2e"
  "\x38\x35\x37\x31\x34\x32\x38\x37\x34\x33\x36\x36\x32\x33\x39\x31\x34\x39\x65\x2d"
  "\x30\x31\x20\x2b\x20\x77\x20\x2a\x20\x28\x31\x2e\x38\x31\x38\x33\x35\x37\x32\x31"
  "\x36\x31\x36\x31\x38\x30\x35\x30\x31\x32\x65\x2d\x30\x31\x0a\x20\x20\x20\x20\x20"
  "\x20\x20\x20\x20\x2b\x20\x77\x20\x2a\x20\x31\x2e\x34\x37\x39\x38\x31\x39\x38\x36"
  "\x30\x35\x31\x31\x36\x35\x38\x35\x39\x31\x65\x2d\x30\x31\x29\x29\x29\x3b\x0a\x20"
  "\x20\x20\x20\x69\x20\x3d\x20\x69\x20\x7c\x20\x6a\x3b\x0a\x20\x20\x20\x20\x52\x20"
  "\x3d\x20\x74\x32\x20\x2b\x20\x74\x31\x3b\x0a\x20\x20\x20\x20\x69\x66\x20\x28\x69"
  "\x20\x3e\x20\x30\x29\x20\x7b\x0a\x20\x20\x20\x20\x20\x20\x20\x20\x68\x66\x73\x71"
  "\x20\x3d\x20\x30\x2e\x35\x20\x2a\x20\x66\x20\x2a\x20\x66\x3b\x0a\x20\x20\x20\x20"
  "\x20\x20\x20\x20\x69\x66\x20\x28\x6b\x20\x3d\x3d\x20\x30\x29\x20\x72\x65\x74\x75"
  "\x72\x6e\x20\x66\x20\x2d\x20\x28\x68\x66\x73\x71\x20\x2d\x20\x73\x20\x2a\x20\x28"
  "\x68\x66\x73\x71\x20\x2b\x20\x52\x29\x29\x3b\x0a\x20\x20\x20\x20\x20\x20\x20\x20"
  "\x72\x65\x74\x75\x72\x6e\x20\x64\x6b\x20\x2a\x20\x36\x2e\x39\x33\x31\x34\x37\x31"
  "\x38\x30\x33\x36\x39\x31\x32\x33\x38\x31\x36\x34\x39\x30\x65\x2d\x30\x31\x20\x2d"
  "\x20\x28\x28\x68\x66\x73\x71\x20\x2d\x20\x28\x73\x20\x2a\x20\x28\x68\x66\x73\x71"
  "\x20\x2b\x20\x52\x29\x20\x2b\x20\x64\x6b\x20\x2a\x20\x31\x2e\x39\x30\x38\x32\x31"
  "\x34\x39\x32\x39\x32\x37\x30\x35\x38\x37\x37\x30\x30\x30\x32\x65\x2d\x31\x30\x29"
  "\x29\x20\x2d\x20\x66\x29\x3b\x0a\x20\x20\x20\x20\x7d\x0a\x20\x20\x20\x20\x69\x66"
  "\x20\x28\x6b\x20\x3d\x3d\x20\x30\x29\x20\x72\x65\x74\x75\x72\x6e\x20\x66\x20\x2d"
  "\x20\x73\x20\x2a\x20\x28\x66\x20\x2d\x20\x52\x29\x3b\x0a\x20\x20\x20\x20\x72\x65"
  "\x74\x75\x72\x6e\x20\x64\x6b\x20\x2a\x20\x36\x2e\x39\x33\x31\x34\x37\x31\x38\x30"
  "\x33\x36\x39\x31\x32\x33\x38\x31\x36\x34\x39\x30\x65\x2d\x30\x31\x20\x2d\x20\x28"
  "\x28\x73\x20\x2a\x20\x28\x66\x20\x2d\x20\x52\x29\x20\x2d\x20\x64\x6b\x20\x2a\x20"
  "\x31\x2e\x39\x30\x38\x32\x31\x34\x39\x32\x39\x32\x37\x30\x35\x38\x37\x37\x30\x30"
  "\x30\x32\x65\x2d\x31\x30\x29\x20\x2d\x20\x66\x29\x3b\x0a\x7d\x0a\x73\x74\x61\x74"
  "\x69\x63\x20\x66\x6c\x6f\x61\x74\x20\x6c\x6f\x67\x66\x28\x66\x6c\x6f\x61\x74\x20"
  "\x78\x29\x20\x7b\x20\x72\x65\x74\x75\x72\x6e\x20\x28\x66\x6c\x6f\x61\x74\x29\x6c"
  "\x6f\x67\x28\x28\x64\x6f\x75\x62\x6c\x65\x29\x78\x29\x3b\x20\x7d\x0a\x73\x74\x61"
  "\x74\x69\x63\x20\x64\x6f\x75\x62\x6c\x65\x20\x6c\x6f\x67\x31\x30\x28\x64\x6f\x75"
  "\x62\x6c\x65\x20\x78\x29\x20\x7b\x20\x20\x20\x20\x20\x20\x20\x20\x20\x20\x20\x20"
  "\x20\x20\x20\x20\x20\x20\x20\x20\x20\x20\x20\x20\x20\x20\x20\x20\x2f\x2a\x20\x66"
  "\x64\x6c\x69\x62\x6d\x20\x65\x5f\x6c\x6f\x67\x31\x30\x2e\x63\x20\x2a\x2f\x0a\x20"
  "\x20\x20\x20\x64\x6f\x75\x62\x6c\x65\x20\x79\x3b\x20\x64\x6f\x75\x62\x6c\x65\x20"
  "\x7a\x3b\x0a\x20\x20\x20\x20\x69\x6e\x74\x20\x68\x78\x3b\x20\x69\x6e\x74\x20\x6b"
  "\x3b\x20\x69\x6e\x74\x20\x69\x3b\x0a\x20\x20\x20\x20\x75\x6e\x73\x69\x67\x6e\x65"
  "\x64\x20\x69\x6e\x74\x20\x6c\x78\x3b\x0a\x20\x20\x20\x20\x68\x78\x20\x3d\x20\x5f"
  "\x6d\x5f\x68\x69\x28\x78\x29\x3b\x20\x6c\x78\x20\x3d\x20\x5f\x6d\x5f\x6c\x6f\x28"
  "\x78\x29\x3b\x0a\x20\x20\x20\x20\x6b\x20\x3d\x20\x30\x3b\x0a\x20\x20\x20\x20\x69"
  "\x66\x20\x28\x68\x78\x20\x3c\x20\x31\x30\x34\x38\x35\x37\x36\x29\x20\x7b\x0a\x20"
  "\x20\x20\x20\x20\x20\x20\x20\x69\x66\x20\x28\x28\x28\x68\x78\x20\x26\x20\x32\x31"
  "\x34\x37\x34\x38\x33\x36\x34\x37\x29\x20\x7c\x20\x6c\x78\x29\x20\x3d\x3d\x20\x30"
  "\x29\x20\x72\x65\x74\x75\x72\x6e\x20\x28\x30\x20\x2d\x20\x31\x2e\x38\x30\x31\x34"
  "\x33\x39\x38\x35\x30\x39\x34\x38\x31\x39\x38\x34\x30\x30\x30\x30\x65\x2b\x31\x36"
  "\x29\x20\x2f\x20\x30\x2e\x30\x3b\x0a\x20\x20\x20\x20\x20\x20\x20\x20\x69\x66\x20"
  "\x28\x68\x78\x20\x3c\x20\x30\x29\x20\x72\x65\x74\x75\x72\x6e\x20\x28\x78\x20\x2d"
  "\x20\x78\x29\x20\x2f\x20\x30\x2e\x30\x3b\x0a\x20\x20\x20\x20\x20\x20\x20\x20\x6b"
  "\x20\x3d\x20\x6b\x20\x2d\x20\x35\x34\x3b\x20\x78\x20\x3d\x20\x78\x20\x2a\x20\x31"
  "\x2e\x38\x30\x31\x34\x33\x39\x38\x35\x30\x39\x34\x38\x31\x39\x38\x34\x30\x30\x30"
  "\x30\x65\x2b\x31\x36\x3b\x0a\x20\x20\x20\x20\x20\x20\x20\x20\x68\x78\x20\x3d\x20"
  "\x5f\x6d\x5f\x68\x69\x28\x78\x29\x3b\x0a\x20\x20\x20\x20\x7d\x0a\x20\x20\x20\x20"
  "\x69\x66\x20\x28\x68\x78\x20\x3e\x3d\x20\x32\x31\x34\x36\x34\x33\x35\x30\x37\x32"
  "\x29\x20\x72\x65\x74\x75\x72\x6e\x20\x78\x20\x2b\x20\x78\x3b\x0a\x20\x20\x20\x20"
  "\x6b\x20\x3d\x20\x6b\x20\x2b\x20\x28\x68\x78\x20\x3e\x3e\x20\x32\x30\x29\x20\x2d"
  "\x20\x31\x30\x32\x33\x3b\x0a\x20\x20\x20\x20\x69\x20\x3d\x20\x28\x6b\x20\x26\x20"
  "\x28\x30\x20\x2d\x20\x32\x31\x34\x37\x34\x38\x33\x36\x34\x37\x20\x2d\x20\x31\x29"
  "\x29\x20\x3e\x3e\x20\x33\x31\x3b\x0a\x20\x20\x20\x20\x69\x20\x3d\x20\x69\x20\x26"
  "\x20\x31\x3b\x0a\x20\x20\x20\x20\x68\x78\x20\x3d\x20\x28\x68\x78\x20\x26\x20\x31"
  "\x30\x34\x38\x35\x37\x35\x29\x20\x7c\x20\x28\x28\x31\x30\x32\x33\x20\x2d\x20\x69"
  "\x29\x20\x3c\x3c\x20\x32\x30\x29\x3b\x0a\x20\x20\x20\x20\x79\x20\x3d\x20\x28\x64"
  "\x6f\x75\x62\x6c\x65\x29\x28\x6b\x20\x2b\x20\x69\x29\x3b\x0a\x20\x20\x20\x20\x78"
  "\x20\x3d\x20\x5f\x6d\x5f\x73\x65\x74\x68\x69\x28\x78\x2c\x20\x68\x78\x29\x3b\x0a"
  "\x20\x20\x20\x20\x7a\x20\x3d\x20\x79\x20\x2a\x20\x33\x2e\x36\x39\x34\x32\x33\x39"
  "\x30\x37\x37\x31\x35\x38\x39\x33\x30\x37\x38\x36\x31\x36\x65\x2d\x31\x33\x20\x2b"
  "\x20\x34\x2e\x33\x34\x32\x39\x34\x34\x38\x31\x39\x30\x33\x32\x35\x31\x38\x31\x36"
  "\x36\x36\x38\x65\x2d\x30\x31\x20\x2a\x20\x6c\x6f\x67\x28\x78\x29\x3b\x0a\x20\x20"
  "\x20\x20\x72\x65\x74\x75\x72\x6e\x20\x7a\x20\x2b\x20\x79\x20\x2a\x20\x33\x2e\x30"
  "\x31\x30\x32\x39\x39\x39\x35\x36\x36\x33\x36\x31\x31\x37\x37\x31\x33\x30\x36\x65"
  "\x2d\x30\x31\x3b\x0a\x7d\x0a\x73\x74\x61\x74\x69\x63\x20\x64\x6f\x75\x62\x6c\x65"
  "\x20\x6c\x6f\x67\x32\x28\x64\x6f\x75\x62\x6c\x65\x20\x78\x29\x20\x7b\x20\x72\x65"
  "\x74\x75\x72\x6e\x20\x6c\x6f\x67\x28\x78\x29\x20\x2a\x20\x31\x2e\x34\x34\x32\x36"
  "\x39\x35\x30\x34\x30\x38\x38\x38\x39\x36\x33\x33\x38\x37\x30\x30\x65\x2b\x30\x30"
  "\x3b\x20\x7d\x0a\x2f\x2a\x20\x6c\x6f\x67\x28\x31\x2b\x78\x29\x20\x61\x63\x63\x75"
  "\x72\x61\x74\x65\x6c\x79\x20\x66\x6f\x72\x20\x73\x6d\x61\x6c\x6c\x20\x78\x3a\x20"
  "\x74\x68\x65\x20\x72\x6f\x75\x6e\x64\x69\x6e\x67\x20\x65\x72\x72\x6f\x72\x20\x6f"
  "\x66\x20\x31\x2b\x78\x20\x69\x73\x20\x63\x6f\x72\x72\x65\x63\x74\x65\x64\x0a\x20"
  "\x20\x20\x62\x79\x20\x74\x68\x65\x20\x72\x61\x74\x69\x6f\x20\x78\x20\x2f\x20\x28"
  "\x28\x31\x2b\x78\x29\x20\x2d\x20\x31\x29\x20\x28\x47\x6f\x6c\x64\x62\x65\x72\x67"
  "\x2c\x20\x22\x57\x68\x61\x74\x20\x65\x76\x65\x72\x79\x20\x63\x6f\x6d\x70\x75\x74"
  "\x65\x72\x20\x73\x63\x69\x65\x6e\x74\x69\x73\x74\x0a\x20\x20\x20\x73\x68\x6f\x75"
  "\x6c\x64\x20\x6b\x6e\x6f\x77\x20\x61\x62\x6f\x75\x74\x20\x66\x6c\x6f\x61\x74\x69"
  "\x6e\x67\x2d\x70\x6f\x69\x6e\x74\x20\x61\x72\x69\x74\x68\x6d\x65\x74\x69\x63\x22"
  "\x2c\x20\x74\x68\x6d\x2e\x20\x34\x29\x20\x2a\x2f\x0a\x73\x74\x61\x74\x69\x63\x20"
  "\x64\x6f\x75\x62\x6c\x65\x20\x6c\x6f\x67\x31\x70\x28\x64\x6f\x75\x62\x6c\x65\x20"
  "\x78\x29\x20\x7b\x0a\x20\x20\x20\x20\x64\x6f\x75\x62\x6c\x65\x20\x75\x3b\x0a\x20"
  "\x20\x20\x20\x75\x20\x3d\x20\x31\x2e\x30\x20\x2b\x20\x78\x3b\x0a\x20\x20\x20\x20"
  "\x69\x66\x20\x28\x75\x20\x3d\x3d\x20\x31\x2e\x30\x29\x20\x72\x65\x74\x75\x72\x6e"
  "\x20\x78\x3b\x0a\x20\x20\x20\x20\x72\x65\x74\x75\x72\x6e\x20\x6c\x6f\x67\x28\x75"
  "\x29\x20\x2a\x20\x78\x20\x2f\x20\x28\x75\x20\x2d\x20\x31\x2e\x30\x29\x3b\x0a\x7d"
  "\x0a\x0a\x2f\x2a\x20\x2d\x2d\x2d\x2d\x20\x73\x69\x6e\x2c\x20\x63\x6f\x73\x2c\x20"
  "\x74\x61\x6e\x20\x28\x66\x64\x6c\x69\x62\x6d\x20\x6b\x5f\x73\x69\x6e\x2e\x63\x2c"
  "\x20\x6b\x5f\x63\x6f\x73\x2e\x63\x2c\x20\x65\x5f\x72\x65\x6d\x5f\x70\x69\x6f\x32"
  "\x2e\x63\x29\x20\x2d\x2d\x2d\x2d\x2d\x2d\x2d\x2d\x2d\x2d\x2d\x2d\x2d\x2d\x20\x2a"
  "\x2f\x0a\x73\x74\x61\x74\x69\x63\x20\x64\x6f\x75\x62\x6c\x65\x20\x5f\x6d\x5f\x6b"
  "\x73\x69\x6e\x28\x64\x6f\x75\x62\x6c\x65\x20\x78\x2c\x20\x64\x6f\x75\x62\x6c\x65"
  "\x20\x79\x2c\x20\x69\x6e\x74\x20\x69\x79\x29\x20\x7b\x0a\x20\x20\x20\x20\x64\x6f"
  "\x75\x62\x6c\x65\x20\x7a\x3b\x20\x64\x6f\x75\x62\x6c\x65\x20\x72\x3b\x20\x64\x6f"
  "\x75\x62\x6c\x65\x20\x76\x3b\x0a\x20\x20\x20\x20\x69\x6e\x74\x20\x69\x78\x3b\x0a"
  "\x20\x20\x20\x20\x69\x78\x20\x3d\x20\x5f\x6d\x5f\x68\x69\x28\x78\x29\x20\x26\x20"
  "\x32\x31\x34\x37\x34\x38\x33\x36\x34\x37\x3b\x0a\x20\x20\x20\x20\x69\x66\x20\x28"
  "\x69\x78\x20\x3c\x20\x31\x30\x34\x34\x33\x38\x31\x36\x39\x36\x29\x20\x7b\x20\x69"
  "\x66\x20\x28\x28\x69\x6e\x74\x29\x78\x20\x3d\x3d\x20\x30\x29\x20\x72\x65\x74\x75"
  "\x72\x6e\x20\x78\x3b\x20\x7d\x20\x20\x20\x20\x20\x20\x20\x20\x2f\x2a\x20\x7c\x78"
  "\x7c\x20\x3c\x20\x32\x5e\x2d\x32\x37\x20\x2a\x2f\x0a\x20\x20\x20\x20\x7a\x20\x3d"
  "\x20\x78\x20\x2a\x20\x78\x3b\x0a\x20\x20\x20\x20\x76\x20\x3d\x20\x7a\x20\x2a\x20"
  "\x78\x3b\x0a\x20\x20\x20\x20\x72\x20\x3d\x20\x38\x2e\x33\x33\x33\x33\x33\x33\x33"
  "\x33\x33\x33\x32\x32\x34\x38\x39\x34\x36\x31\x32\x34\x65\x2d\x30\x33\x20\x2b\x20"
  "\x7a\x20\x2a\x20\x28\x30\x20\x2d\x20\x31\x2e\x39\x38\x34\x31\x32\x36\x39\x38\x32"
  "\x39\x38\x35\x37\x39\x34\x39\x33\x31\x33\x34\x65\x2d\x30\x34\x20\x2b\x20\x7a\x20"
  "\x2a\x20\x28\x32\x2e\x37\x35\x35\x37\x33\x31\x33\x37\x30\x37\x30\x37\x30\x30\x36"
  "\x37\x36\x37\x38\x39\x65\x2d\x30\x36\x0a\x20\x20\x20\x20\x20\x20\x20\x20\x2b\x20"
  "\x7a\x20\x2a\x20\x28\x30\x20\x2d\x20\x32\x2e\x35\x30\x35\x30\x37\x36\x30\x32\x35"
  "\x33\x34\x30\x36\x38\x36\x33\x34\x31\x39\x35\x65\x2d\x30\x38\x20\x2b\x20\x7a\x20"
  "\x2a\x20\x31\x2e\x35\x38\x39\x36\x39\x30\x39\x39\x35\x32\x31\x31\x35\x35\x30\x31"
  "\x30\x32\x32\x31\x65\x2d\x31\x30\x29\x29\x29\x3b\x0a\x20\x20\x20\x20\x69\x66\x20"
  "\x28\x69\x79\x20\x3d\x3d\x20\x30\x29\x20\x72\x65\x74\x75\x72\x6e\x20\x78\x20\x2b"
  "\x20\x76\x20\x2a\x20\x28\x30\x20\x2d\x20\x31\x2e\x36\x36\x36\x36\x36\x36\x36\x36"
  "\x36\x36\x36\x36\x36\x36\x33\x32\x34\x33\x34\x38\x65\x2d\x30\x31\x20\x2b\x20\x7a"
  "\x20\x2a\x20\x72\x29\x3b\x0a\x20\x20\x20\x20\x72\x65\x74\x75\x72\x6e\x20\x78\x20"
  "\x2d\x20\x28\x28\x7a\x20\x2a\x20\x28\x30\x2e\x35\x20\x2a\x20\x79\x20\x2d\x20\x76"
  "\x20\x2a\x20\x72\x29\x20\x2d\x20\x79\x29\x20\x2d\x20\x76\x20\x2a\x20\x28\x30\x20"
  "\x2d\x20\x31\x2e\x36\x36\x36\x36\x36\x36\x36\x36\x36\x36\x36\x36\x36\x36\x33\x32"
  "\x34\x33\x34\x38\x65\x2d\x30\x31\x29\x29\x3b\x0a\x7d\x0a\x73\x74\x61\x74\x69\x63"
  "\x20\x64\x6f\x75\x62\x6c\x65\x20\x5f\x6d\x5f\x6b\x63\x6f\x73\x28\x64\x6f\x75\x62"
  "\x6c\x65\x20\x78\x2c\x20\x64\x6f\x75\x62\x6c\x65\x20\x79\x29\x20\x7b\x0a\x20\x20"
  "\x20\x20\x64\x6f\x75\x62\x6c\x65\x20\x61\x3b\x20\x64\x6f\x75\x62\x6c\x65\x20\x68"
  "\x7a\x3b\x20\x64\x6f\x75\x62\x6c\x65\x20\x7a\x3b\x20\x64\x6f\x75\x62\x6c\x65\x20"
  "\x72\x3b\x20\x64\x6f\x75\x62\x6c\x65\x20\x71\x78\x3b\x0a\x20\x20\x20\x20\x69\x6e"
  "\x74\x20\x69\x78\x3b\x0a\x20\x20\x20\x20\x69\x78\x20\x3d\x20\x5f\x6d\x5f\x68\x69"
  "\x28\x78\x29\x20\x26\x20\x32\x31\x34\x37\x34\x38\x33\x36\x34\x37\x3b\x0a\x20\x20"
  "\x20\x20\x69\x66\x20\x28\x69\x78\x20\x3c\x20\x31\x30\x34\x34\x33\x38\x31\x36\x39"
  "\x36\x29\x20\x7b\x20\x69\x66\x20\x28\x28\x69\x6e\x74\x29\x78\x20\x3d\x3d\x20\x30"
  "\x29\x20\x72\x65\x74\x75\x72\x6e\x20\x31\x2e\x30\x3b\x20\x7d\x0a\x20\x20\x20\x20"
  "\x7a\x20\x3d\x20\x78\x20\x2a\x20\x78\x3b\x0a\x20\x20\x20\x20\x72\x20\x3d\x20\x7a"
  "\x20\x2a\x20\x28\x34\x2e\x31\x36\x36\x36\x36\x36\x36\x36\x36\x36\x36\x36\x36\x36"
  "\x30\x31\x39\x30\x33\x37\x65\x2d\x30\x32\x20\x2b\x20\x7a\x20\x2a\x20\x28\x30\x20"
  "\x2d\x20\x31\x2e\x33\x38\x38\x38\x38\x38\x38\x38\x38\x38\x38\x37\x34\x31\x30\x39"
  "\x35\x37\x34\x39\x65\x2d\x30\x33\x20\x2b\x20\x7a\x20\x2a\x20\x28\x32\x2e\x34\x38"
  "\x30\x31\x35\x38\x37\x32\x38\x39\x34\x37\x36\x37\x32\x39\x34\x31\x37\x38\x65\x2d"
  "\x30\x35\x0a\x20\x20\x20\x20\x20\x20\x20\x20\x2b\x20\x7a\x20\x2a\x20\x28\x30\x20"
  "\x2d\x20\x32\x2e\x37\x35\x35\x37\x33\x31\x34\x33\x35\x31\x33\x39\x30\x36\x36\x33"
  "\x33\x30\x33\x35\x65\x2d\x30\x37\x20\x2b\x20\x7a\x20\x2a\x20\x28\x32\x2e\x30\x38"
  "\x37\x35\x37\x32\x33\x32\x31\x32\x39\x38\x31\x37\x34\x38\x32\x37\x39\x30\x65\x2d"
  "\x30\x39\x0a\x20\x20\x20\x20\x20\x20\x20\x20\x2b\x20\x7a\x20\x2a\x20\x28\x30\x20"
  "\x2d\x20\x31\x2e\x31\x33\x35\x39\x36\x34\x37\x35\x35\x37\x37\x38\x38\x31\x39\x34"
  "\x38\x32\x36\x35\x65\x2d\x31\x31\x29\x29\x29\x29\x29\x29\x3b\x0a\x20\x20\x20\x20"
  "\x69\x66\x20\x28\x69\x78\x20\x3c\x20\x31\x30\x37\x30\x38\x30\x35\x38\x31\x31\x29"
  "\x20\x72\x65\x74\x75\x72\x6e\x20\x31\x2e\x30\x20\x2d\x20\x28\x30\x2e\x35\x20\x2a"
  "\x20\x7a\x20\x2d\x20\x28\x7a\x20\x2a\x20\x72\x20\x2d\x20\x78\x20\x2a\x20\x79\x29"
  "\x29\x3b\x20\x20\x20\x2f\x2a\x20\x7c\x78\x7c\x20\x3c\x20\x30\x2e\x33\x20\x2a\x2f"
  "\x0a\x20\x20\x20\x20\x69\x66\x20\x28\x69\x78\x20\x3e\x20\x31\x30\x37\x32\x32\x33"
  "\x34\x34\x39\x36\x29\x20\x71\x78\x20\x3d\x20\x30\x2e\x32\x38\x31\x32\x35\x3b\x20"
  "\x20\x20\x20\x20\x20\x20\x20\x20\x20\x20\x20\x20\x20\x20\x20\x20\x20\x20\x20\x20"
  "\x20\x20\x20\x20\x20\x20\x20\x20\x20\x20\x2f\x2a\x20\x7c\x78\x7c\x20\x3e\x20\x30"
  "\x2e\x37\x38\x31\x32\x35\x20\x2a\x2f\x0a\x20\x20\x20\x20\x65\x6c\x73\x65\x20\x71"
  "\x78\x20\x3d\x20\x5f\x6d\x5f\x6d\x6b\x28\x69\x78\x20\x2d\x20\x32\x30\x39\x37\x31"
  "\x35\x32\x2c\x20\x30\x29\x3b\x0a\x20\x20\x20\x20\x68\x7a\x20\x3d\x20\x30\x2e\x35"
  "\x20\x2a\x20\x7a\x20\x2d\x20\x71\x78\x3b\x0a\x20\x20\x20\x20\x61\x20\x3d\x20\x31"
  "\x2e\x30\x20\x2d\x20\x71\x78\x3b\x0a\x20\x20\x20\x20\x72\x65\x74\x75\x72\x6e\x20"
  "\x61\x20\x2d\x20\x28\x68\x7a\x20\x2d\x20\x28\x7a\x20\x2a\x20\x72\x20\x2d\x20\x78"
  "\x20\x2a\x20\x79\x29\x29\x3b\x0a\x7d\x0a\x2f\x2a\x20\x78\x20\x3d\x20\x6e\x2a\x28"
  "\x70\x69\x2f\x32\x29\x20\x2b\x20\x28\x79\x5b\x30\x5d\x20\x2b\x20\x79\x5b\x31\x5d"
  "\x29\x3b\x20\x72\x65\x74\x75\x72\x6e\x73\x20\x6e\x2e\x20\x20\x54\x68\x65\x20\x6d"
  "\x65\x64\x69\x75\x6d\x20\x72\x61\x6e\x67\x65\x20\x69\x73\x20\x66\x64\x6c\x69\x62"
  "\x6d\x27\x73\x3b\x0a\x20\x20\x20\x62\x65\x79\x6f\x6e\x64\x20\x7c\x78\x7c\x20\x7e"
  "\x20\x32\x5e\x32\x30\x2a\x70\x69\x2f\x32\x20\x74\x68\x65\x20\x72\x65\x64\x75\x63"
  "\x74\x69\x6f\x6e\x20\x69\x73\x20\x6f\x6e\x6c\x79\x20\x61\x73\x20\x67\x6f\x6f\x64"
  "\x20\x61\x73\x20\x74\x68\x72\x65\x65\x20\x74\x65\x72\x6d\x73\x20\x6f\x66\x0a\x20"
  "\x20\x20\x70\x69\x2f\x32\x20\x6d\x61\x6b\x65\x20\x69\x74\x20\x28\x66\x64\x6c\x69"
  "\x62\x6d\x27\x73\x20\x50\x61\x79\x6e\x65\x2d\x48\x61\x6e\x65\x6b\x20\x70\x61\x74"
  "\x68\x20\x69\x73\x20\x6e\x6f\x74\x20\x63\x61\x72\x72\x69\x65\x64\x29\x2e\x20\x2a"
  "\x2f\x0a\x73\x74\x61\x74\x69\x63\x20\x69\x6e\x74\x20\x5f\x6d\x5f\x72\x65\x6d\x70"
  "\x69\x6f\x32\x28\x64\x6f\x75\x62\x6c\x65\x20\x78\x2c\x20\x64\x6f\x75\x62\x6c\x65"
  "\x20\x2a\x79\x29\x20\x7b\x0a\x20\x20\x20\x20\x64\x6f\x75\x62\x6c\x65\x20\x7a\x3b"
  "\x20\x64\x6f\x75\x62\x6c\x65\x20\x77\x3b\x20\x64\x6f\x75\x62\x6c\x65\x20\x74\x3b"
  "\x20\x64\x6f\x75\x62\x6c\x65\x20\x72\x3b\x20\x64\x6f\x75\x62\x6c\x65\x20\x66\x6e"
  "\x3b\x0a\x20\x20\x20\x20\x69\x6e\x74\x20\x69\x3b\x20\x69\x6e\x74\x20\x6a\x3b\x20"
  "\x69\x6e\x74\x20\x6e\x3b\x20\x69\x6e\x74\x20\x69\x78\x3b\x20\x69\x6e\x74\x20\x68"
  "\x78\x3b\x0a\x20\x20\x20\x20\x68\x78\x20\x3d\x20\x5f\x6d\x5f\x68\x69\x28\x78\x29"
  "\x3b\x0a\x20\x20\x20\x20\x69\x78\x20\x3d\x20\x68\x78\x20\x26\x20\x32\x31\x34\x37"
  "\x34\x38\x33\x36\x34\x37\x3b\x0a\x20\x20\x20\x20\x69\x66\x20\x28\x69\x78\x20\x3c"
  "\x3d\x20\x31\x30\x37\x32\x32\x34\x33\x31\x39\x35\x29\x20\x7b\x20\x79\x5b\x30\x5d"
  "\x20\x3d\x20\x78\x3b\x20\x79\x5b\x31\x5d\x20\x3d\x20\x30\x2e\x30\x3b\x20\x72\x65"
  "\x74\x75\x72\x6e\x20\x30\x3b\x20\x7d\x20\x20\x20\x20\x20\x20\x20\x20\x2f\x2a\x20"
  "\x7c\x78\x7c\x20\x3c\x3d\x20\x70\x69\x2f\x34\x20\x2a\x2f\x0a\x20\x20\x20\x20\x69"
  "\x66\x20\x28\x69\x78\x20\x3c\x20\x31\x30\x37\x33\x39\x32\x38\x35\x37\x32\x29\x20"
  "\x7b\x20\x20\x20\x20\x20\x20\x20\x20\x20\x20\x20\x20\x20\x20\x20\x20\x20\x20\x20"
  "\x20\x20\x20\x20\x20\x20\x20\x20\x20\x20\x20\x20\x20\x20\x20\x20\x20\x20\x20\x20"
  "\x20\x20\x20\x20\x2f\x2a\x20\x7c\x78\x7c\x20\x3c\x20\x33\x70\x69\x2f\x34\x20\x2a"
  "\x2f\x0a\x20\x20\x20\x20\x20\x20\x20\x20\x69\x66\x20\x28\x68\x78\x20\x3e\x20\x30"
  "\x29\x20\x7b\x0a\x20\x20\x20\x20\x20\x20\x20\x20\x20\x20\x20\x20\x7a\x20\x3d\x20"
  "\x78\x20\x2d\x20\x31\x2e\x35\x37\x30\x37\x39\x36\x33\x32\x36\x37\x33\x34\x31\x32"
  "\x35\x36\x31\x34\x31\x37\x65\x2b\x30\x30\x3b\x0a\x20\x20\x20\x20\x20\x20\x20\x20"
  "\x20\x20\x20\x20\x69\x66\x20\x28\x69\x78\x20\x21\x3d\x20\x31\x30\x37\x33\x32\x39"
  "\x31\x37\x37\x31\x29\x20\x7b\x0a\x20\x20\x20\x20\x20\x20\x20\x20\x20\x20\x20\x20"
  "\x20\x20\x20\x20\x79\x5b\x30\x5d\x20\x3d\x20\x7a\x20\x2d\x20\x36\x2e\x30\x37\x37"
  "\x31\x30\x30\x35\x30\x36\x35\x30\x36\x31\x39\x32\x32\x34\x39\x33\x32\x65\x2d\x31"
  "\x31\x3b\x0a\x20\x20\x20\x20\x20\x20\x20\x20\x20\x20\x20\x20\x20\x20\x20\x20\x79"
  "\x5b\x31\x5d\x20\x3d\x20\x28\x7a\x20\x2d\x20\x79\x5b\x30\x5d\x29\x20\x2d\x20\x36"
  "\x2e\x30\x37\x37\x31\x30\x30\x35\x30\x36\x35\x30\x36\x31\x39\x32\x32\x34\x39\x33"
  "\x32\x65\x2d\x31\x31\x3b\x0a\x20\x20\x20\x20\x20\x20\x20\x20\x20\x20\x20\x20\x7d"
  "\x20\x65\x6c\x73\x65\x20\x7b\x0a\x20\x20\x20\x20\x20\x20\x20\x20\x20\x20\x20\x20"
  "\x20\x20\x20\x20\x7a\x20\x3d\x20\x7a\x20\x2d\x20\x36\x2e\x30\x37\x37\x31\x30\x30"
  "\x35\x30\x36\x33\x30\x33\x39\x36\x35\x39\x37\x36\x36\x30\x65\x2d\x31\x31\x3b\x0a"
  "\x20\x20\x20\x20\x20\x20\x20\x20\x20\x20\x20\x20\x20\x20\x20\x20\x79\x5b\x30\x5d"
  "\x20\x3d\x20\x7a\x20\x2d\x20\x32\x2e\x30\x32\x32\x32\x36\x36\x32\x34\x38\x37\x39"
  "\x35\x39\x35\x30\x36\x33\x31\x35\x34\x65\x2d\x32\x31\x3b\x0a\x20\x20\x20\x20\x20"
  "\x20\x20\x20\x20\x20\x20\x20\x20\x20\x20\x20\x79\x5b\x31\x5d\x20\x3d\x20\x28\x7a"
  "\x20\x2d\x20\x79\x5b\x30\x5d\x29\x20\x2d\x20\x32\x2e\x30\x32\x32\x32\x36\x36\x32"
  "\x34\x38\x37\x39\x35\x39\x35\x30\x36\x33\x31\x35\x34\x65\x2d\x32\x31\x3b\x0a\x20"
  "\x20\x20\x20\x20\x20\x20\x20\x20\x20\x20\x20\x7d\x0a\x20\x20\x20\x20\x20\x20\x20"
  "\x20\x20\x20\x20\x20\x72\x65\x74\x75\x72\x6e\x20\x31\x3b\x0a\x20\x20\x20\x20\x20"
  "\x20\x20\x20\x7d\x0a\x20\x20\x20\x20\x20\x20\x20\x20\x7a\x20\x3d\x20\x78\x20\x2b"
  "\x20\x31\x2e\x35\x37\x30\x37\x39\x36\x33\x32\x36\x37\x33\x34\x31\x32\x35\x36\x31"
  "\x34\x31\x37\x65\x2b\x30\x30\x3b\x0a\x20\x20\x20\x20\x20\x20\x20\x20\x69\x66\x20"
  "\x28\x69\x78\x20\x21\x3d\x20\x31\x30\x37\x33\x32\x39\x31\x37\x37\x31\x29\x20\x7b"
  "\x0a\x20\x20\x20\x20\x20\x20\x20\x20\x20\x20\x20\x20\x79\x5b\x30\x5d\x20\x3d\x20"
  "\x7a\x20\x2b\x20\x36\x2e\x30\x37\x37\x31\x30\x30\x35\x30\x36\x35\x30\x36\x31\x39"
  "\x32\x32\x34\x39\x33\x32\x65\x2d\x31\x31\x3b\x0a\x20\x20\x20\x20\x20\x20\x20\x20"
  "\x20\x20\x20\x20\x79\x5b\x31\x5d\x20\x3d\x20\x28\x7a\x20\x2d\x20\x79\x5b\x30\x5d"
  "\x29\x20\x2b\x20\x36\x2e\x30\x37\x37\x31\x30\x30\x35\x30\x36\x35\x30\x36\x31\x39"
  "\x32\x32\x34\x39\x33\x32\x65\x2d\x31\x31\x3b\x0a\x20\x20\x20\x20\x20\x20\x20\x20"
  "\x7d\x20\x65\x6c\x73\x65\x20\x7b\x0a\x20\x20\x20\x20\x20\x20\x20\x20\x20\x20\x20"
  "\x20\x7a\x20\x3d\x20\x7a\x20\x2b\x20\x36\x2e\x30\x37\x37\x31\x30\x30\x35\x30\x36"
  "\x33\x30\x33\x39\x36\x35\x39\x37\x36\x36\x30\x65\x2d\x31\x31\x3b\x0a\x20\x20\x20"
  "\x20\x20\x20\x20\x20\x20\x20\x20\x20\x79\x5b\x30\x5d\x20\x3d\x20\x7a\x20\x2b\x20"
  "\x32\x2e\x30\x32\x32\x32\x36\x36\x32\x34\x38\x37\x39\x35\x39\x35\x30\x36\x33\x31"
  "\x35\x34\x65\x2d\x32\x31\x3b\x0a\x20\x20\x20\x20\x20\x20\x20\x20\x20\x20\x20\x20"
  "\x79\x5b\x31\x5d\x20\x3d\x20\x28\x7a\x20\x2d\x20\x79\x5b\x30\x5d\x29\x20\x2b\x20"
  "\x32\x2e\x30\x32\x32\x32\x36\x36\x32\x34\x38\x37\x39\x35\x39\x35\x30\x36\x33\x31"
  "\x35\x34\x65\x2d\x32\x31\x3b\x0a\x20\x20\x20\x20\x20\x20\x20\x20\x7d\x0a\x20\x20"
  "\x20\x20\x20\x20\x20\x20\x72\x65\x74\x75\x72\x6e\x20\x30\x20\x2d\x20\x31\x3b\x0a"
  "\x20\x20\x20\x20\x7d\x0a\x20\x20\x20\x20\x74\x20\x3d\x20\x66\x61\x62\x73\x28\x78"
  "\x29\x3b\x0a\x20\x20\x20\x20\x6e\x20\x3d\x20\x28\x69\x6e\x74\x29\x28\x74\x20\x2a"
  "\x20\x36\x2e\x33\x36\x36\x31\x39\x37\x37\x32\x33\x36\x37\x35\x38\x31\x33\x38\x32"
  "\x34\x33\x33\x65\x2d\x30\x31\x20\x2b\x20\x30\x2e\x35\x29\x3b\x0a\x20\x20\x20\x20"
  "\x66\x6e\x20\x3d\x20\x28\x64\x6f\x75\x62\x6c\x65\x29\x6e\x3b\x0a\x20\x20\x20\x20"
  "\x72\x20\x3d\x20\x74\x20\x2d\x20\x66\x6e\x20\x2a\x20\x31\x2e\x35\x37\x30\x37\x39"
  "\x36\x33\x32\x36\x37\x33\x34\x31\x32\x35\x36\x31\x34\x31\x37\x65\x2b\x30\x30\x3b"
  "\x0a\x20\x20\x20\x20\x77\x20\x3d\x20\x66\x6e\x20\x2a\x20\x36\x2e\x30\x37\x37\x31"
  "\x30\x30\x35\x30\x36\x35\x30\x36\x31\x39\x32\x32\x34\x39\x33\x32\x65\x2d\x31\x31"
  "\x3b\x0a\x20\x20\x20\x20\x6a\x20\x3d\x20\x69\x78\x20\x3e\x3e\x20\x32\x30\x3b\x0a"
  "\x20\x20\x20\x20\x79\x5b\x30\x5d\x20\x3d\x20\x72\x20\x2d\x20\x77\x3b\x0a\x20\x20"
  "\x20\x20\x69\x20\x3d\x20\x6a\x20\x2d\x20\x28\x28\x5f\x6d\x5f\x68\x69\x28\x79\x5b"
  "\x30\x5d\x29\x20\x3e\x3e\x20\x32\x30\x29\x20\x26\x20\x32\x30\x34\x37\x29\x3b\x0a"
  "\x20\x20\x20\x20\x69\x66\x20\x28\x69\x20\x3e\x20\x31\x36\x29\x20\x7b\x0a\x20\x20"
  "\x20\x20\x20\x20\x20\x20\x74\x20\x3d\x20\x72\x3b\x0a\x20\x20\x20\x20\x20\x20\x20"
  "\x20\x77\x20\x3d\x20\x66\x6e\x20\x2a\x20\x36\x2e\x30\x37\x37\x31\x30\x30\x35\x30"
  "\x36\x33\x30\x33\x39\x36\x35\x39\x37\x36\x36\x30\x65\x2d\x31\x31\x3b\x0a\x20\x20"
  "\x20\x20\x20\x20\x20\x20\x72\x20\x3d\x20\x74\x20\x2d\x20\x77\x3b\x0a\x20\x20\x20"
  "\x20\x20\x20\x20\x20\x77\x20\x3d\x20\x66\x6e\x20\x2a\x20\x32\x2e\x30\x32\x32\x32"
  "\x36\x36\x32\x34\x38\x37\x39\x35\x39\x35\x30\x36\x33\x31\x35\x34\x65\x2d\x32\x31"
  "\x20\x2d\x20\x28\x28\x74\x20\x2d\x20\x72\x29\x20\x2d\x20\x77\x29\x3b\x0a\x20\x20"
  "\x20\x20\x20\x20\x20\x20\x79\x5b\x30\x5d\x20\x3d\x20\x72\x20\x2d\x20\x77\x3b\x0a"
  "\x20\x20\x20\x20\x20\x20\x20\x20\x69\x20\x3d\x20\x6a\x20\x2d\x20\x28\x28\x5f\x6d"
  "\x5f\x68\x69\x28\x79\x5b\x30\x5d\x29\x20\x3e\x3e\x20\x32\x30\x29\x20\x26\x20\x32"
  "\x30\x34\x37\x29\x3b\x0a\x20\x20\x20\x20\x20\x20\x20\x20\x69\x66\x20\x28\x69\x20"
  "\x3e\x20\x34\x39\x29\x20\x7b\x0a\x20\x20\x20\x20\x20\x20\x20\x20\x20\x20\x20\x20"
  "\x74\x20\x3d\x20\x72\x3b\x0a\x20\x20\x20\x20\x20\x20\x20\x20\x20\x20\x20\x20\x77"
  "\x20\x3d\x20\x66\x6e\x20\x2a\x20\x32\x2e\x30\x32\x32\x32\x36\x36\x32\x34\x38\x37"
  "\x31\x31\x31\x36\x36\x34\x35\x35\x38\x30\x65\x2d\x32\x31\x3b\x0a\x20\x20\x20\x20"
  "\x20\x20\x20\x20\x20\x20\x20\x20\x72\x20\x3d\x20\x74\x20\x2d\x20\x77\x3b\x0a\x20"
  "\x20\x20\x20\x20\x20\x20\x20\x20\x20\x20\x20\x77\x20\x3d\x20\x66\x6e\x20\x2a\x20"
  "\x38\x2e\x34\x37\x38\x34\x32\x37\x36\x36\x30\x33\x36\x38\x38\x39\x39\x35\x36\x39"
  "\x39\x37\x65\x2d\x33\x32\x20\x2d\x20\x28\x28\x74\x20\x2d\x20\x72\x29\x20\x2d\x20"
  "\x77\x29\x3b\x0a\x20\x20\x20\x20\x20\x20\x20\x20\x20\x20\x20\x20\x79\x5b\x30\x5d"
  "\x20\x3d\x20\x72\x20\x2d\x20\x77\x3b\x0a\x20\x20\x20\x20\x20\x20\x20\x20\x7d\x0a"
  "\x20\x20\x20\x20\x7d\x0a\x20\x20\x20\x20\x79\x5b\x31\x5d\x20\x3d\x20\x28\x72\x20"
  "\x2d\x20\x79\x5b\x30\x5d\x29\x20\x2d\x20\x77\x3b\x0a\x20\x20\x20\x20\x69\x66\x20"
  "\x28\x68\x78\x20\x3c\x20\x30\x29\x20\x7b\x20\x79\x5b\x30\x5d\x20\x3d\x20\x30\x20"
  "\x2d\x20\x79\x5b\x30\x5d\x3b\x20\x79\x5b\x31\x5d\x20\x3d\x20\x30\x20\x2d\x20\x79"
  "\x5b\x31\x5d\x3b\x20\x72\x65\x74\x75\x72\x6e\x20\x30\x20\x2d\x20\x6e\x3b\x20\x7d"
  "\x0a\x20\x20\x20\x20\x72\x65\x74\x75\x72\x6e\x20\x6e\x3b\x0a\x7d\x0a\x73\x74\x61"
  "\x74\x69\x63\x20\x64\x6f\x75\x62\x6c\x65\x20\x73\x69\x6e\x28\x64\x6f\x75\x62\x6c"
  "\x65\x20\x78\x29\x20\x7b\x0a\x20\x20\x20\x20\x64\x6f\x75\x62\x6c\x65\x20\x79\x5b"
  "\x32\x5d\x3b\x0a\x20\x20\x20\x20\x69\x6e\x74\x20\x6e\x3b\x20\x69\x6e\x74\x20\x69"
  "\x78\x3b\x0a\x20\x20\x20\x20\x69\x78\x20\x3d\x20\x5f\x6d\x5f\x68\x69\x28\x78\x29"
  "\x20\x26\x20\x32\x31\x34\x37\x34\x38\x33\x36\x34\x37\x3b\x0a\x20\x20\x20\x20\x69"
  "\x66\x20\x28\x69\x78\x20\x3c\x3d\x20\x31\x30\x37\x32\x32\x34\x33\x31\x39\x35\x29"
  "\x20\x72\x65\x74\x75\x72\x6e\x20\x5f\x6d\x5f\x6b\x73\x69\x6e\x28\x78\x2c\x20\x30"
  "\x2e\x30\x2c\x20\x30\x29\x3b\x0a\x20\x20\x20\x20\x69\x66\x20\x28\x69\x78\x20\x3e"
  "\x3d\x20\x32\x31\x34\x36\x34\x33\x35\x30\x37\x32\x29\x20\x72\x65\x74\x75\x72\x6e"
  "\x20\x78\x20\x2d\x20\x78\x3b\x0a\x20\x20\x20\x20\x6e\x20\x3d\x20\x5f\x6d\x5f\x72"
  "\x65\x6d\x70\x69\x6f\x32\x28\x78\x2c\x20\x79\x29\x3b\x0a\x20\x20\x20\x20\x6e\x20"
  "\x3d\x20\x6e\x20\x26\x20\x33\x3b\x0a\x20\x20\x20\x20\x69\x66\x20\x28\x6e\x20\x3d"
  "\x3d\x20\x30\x29\x20\x72\x65\x74\x75\x72\x6e\x20\x5f\x6d\x5f\x6b\x73\x69\x6e\x28"
  "\x79\x5b\x30\x5d\x2c\x20\x79\x5b\x31\x5d\x2c\x20\x31\x29\x3b\x0a\x20\x20\x20\x20"
  "\x69\x66\x20\x28\x6e\x20\x3d\x3d\x20\x31\x29\x20\x72\x65\x74\x75\x72\x6e\x20\x5f"
  "\x6d\x5f\x6b\x63\x6f\x73\x28\x79\x5b\x30\x5d\x2c\x20\x79\x5b\x31\x5d\x29\x3b\x0a"
  "\x20\x20\x20\x20\x69\x66\x20\x28\x6e\x20\x3d\x3d\x20\x32\x29\x20\x72\x65\x74\x75"
  "\x72\x6e\x20\x30\x20\x2d\x20\x5f\x6d\x5f\x6b\x73\x69\x6e\x28\x79\x5b\x30\x5d\x2c"
  "\x20\x79\x5b\x31\x5d\x2c\x20\x31\x29\x3b\x0a\x20\x20\x20\x20\x72\x65\x74\x75\x72"
  "\x6e\x20\x30\x20\x2d\x20\x5f\x6d\x5f\x6b\x63\x6f\x73\x28\x79\x5b\x30\x5d\x2c\x20"
  "\x79\x5b\x31\x5d\x29\x3b\x0a\x7d\x0a\x73\x74\x61\x74\x69\x63\x20\x64\x6f\x75\x62"
  "\x6c\x65\x20\x63\x6f\x73\x28\x64\x6f\x75\x62\x6c\x65\x20\x78\x29\x20\x7b\x0a\x20"
  "\x20\x20\x20\x64\x6f\x75\x62\x6c\x65\x20\x79\x5b\x32\x5d\x3b\x0a\x20\x20\x20\x20"
  "\x69\x6e\x74\x20\x6e\x3b\x20\x69\x6e\x74\x20\x69\x78\x3b\x0a\x20\x20\x20\x20\x69"
  "\x78\x20\x3d\x20\x5f\x6d\x5f\x68\x69\x28\x78\x29\x20\x26\x20\x32\x31\x34\x37\x34"
  "\x38\x33\x36\x34\x37\x3b\x0a\x20\x20\x20\x20\x69\x66\x20\x28\x69\x78\x20\x3c\x3d"
  "\x20\x31\x30\x37\x32\x32\x34\x33\x31\x39\x35\x29\x20\x72\x65\x74\x75\x72\x6e\x20"
  "\x5f\x6d\x5f\x6b\x63\x6f\x73\x28\x78\x2c\x20\x30\x2e\x30\x29\x3b\x0a\x20\x20\x20"
  "\x20\x69\x66\x20\x28\x69\x78\x20\x3e\x3d\x20\x32\x31\x34\x36\x34\x33\x35\x30\x37"
  "\x32\x29\x20\x72\x65\x74\x75\x72\x6e\x20\x78\x20\x2d\x20\x78\x3b\x0a\x20\x20\x20"
  "\x20\x6e\x20\x3d\x20\x5f\x6d\x5f\x72\x65\x6d\x70\x69\x6f\x32\x28\x78\x2c\x20\x79"
  "\x29\x3b\x0a\x20\x20\x20\x20\x6e\x20\x3d\x20\x6e\x20\x26\x20\x33\x3b\x0a\x20\x20"
  "\x20\x20\x69\x66\x20\x28\x6e\x20\x3d\x3d\x20\x30\x29\x20\x72\x65\x74\x75\x72\x6e"
  "\x20\x5f\x6d\x5f\x6b\x63\x6f\x73\x28\x79\x5b\x30\x5d\x2c\x20\x79\x5b\x31\x5d\x29"
  "\x3b\x0a\x20\x20\x20\x20\x69\x66\x20\x28\x6e\x20\x3d\x3d\x20\x31\x29\x20\x72\x65"
  "\x74\x75\x72\x6e\x20\x30\x20\x2d\x20\x5f\x6d\x5f\x6b\x73\x69\x6e\x28\x79\x5b\x30"
  "\x5d\x2c\x20\x79\x5b\x31\x5d\x2c\x20\x31\x29\x3b\x0a\x20\x20\x20\x20\x69\x66\x20"
  "\x28\x6e\x20\x3d\x3d\x20\x32\x29\x20\x72\x65\x74\x75\x72\x6e\x20\x30\x20\x2d\x20"
  "\x5f\x6d\x5f\x6b\x63\x6f\x73\x28\x79\x5b\x30\x5d\x2c\x20\x79\x5b\x31\x5d\x29\x3b"
  "\x0a\x20\x20\x20\x20\x72\x65\x74\x75\x72\x6e\x20\x5f\x6d\x5f\x6b\x73\x69\x6e\x28"
  "\x79\x5b\x30\x5d\x2c\x20\x79\x5b\x31\x5d\x2c\x20\x31\x29\x3b\x0a\x7d\x0a\x73\x74"
  "\x61\x74\x69\x63\x20\x64\x6f\x75\x62\x6c\x65\x20\x74\x61\x6e\x28\x64\x6f\x75\x62"
  "\x6c\x65\x20\x78\x29\x20\x7b\x20\x72\x65\x74\x75\x72\x6e\x20\x73\x69\x6e\x28\x78"
  "\x29\x20\x2f\x20\x63\x6f\x73\x28\x78\x29\x3b\x20\x7d\x0a\x73\x74\x61\x74\x69\x63"
  "\x20\x66\x6c\x6f\x61\x74\x20\x73\x69\x6e\x66\x28\x66\x6c\x6f\x61\x74\x20\x78\x29"
  "\x20\x7b\x20\x72\x65\x74\x75\x72\x6e\x20\x28\x66\x6c\x6f\x61\x74\x29\x73\x69\x6e"
  "\x28\x28\x64\x6f\x75\x62\x6c\x65\x29\x78\x29\x3b\x20\x7d\x0a\x73\x74\x61\x74\x69"
  "\x63\x20\x66\x6c\x6f\x61\x74\x20\x63\x6f\x73\x66\x28\x66\x6c\x6f\x61\x74\x20\x78"
  "\x29\x20\x7b\x20\x72\x65\x74\x75\x72\x6e\x20\x28\x66\x6c\x6f\x61\x74\x29\x63\x6f"
  "\x73\x28\x28\x64\x6f\x75\x62\x6c\x65\x29\x78\x29\x3b\x20\x7d\x0a\x73\x74\x61\x74"
  "\x69\x63\x20\x66\x6c\x6f\x61\x74\x20\x74\x61\x6e\x66\x28\x66\x6c\x6f\x61\x74\x20"
  "\x78\x29\x20\x7b\x20\x72\x65\x74\x75\x72\x6e\x20\x28\x66\x6c\x6f\x61\x74\x29\x74"
  "\x61\x6e\x28\x28\x64\x6f\x75\x62\x6c\x65\x29\x78\x29\x3b\x20\x7d\x0a\x0a\x2f\x2a"
  "\x20\x2d\x2d\x2d\x2d\x20\x61\x74\x61\x6e\x2c\x20\x61\x74\x61\x6e\x32\x2c\x20\x61"
  "\x73\x69\x6e\x2c\x20\x61\x63\x6f\x73\x20\x28\x66\x64\x6c\x69\x62\x6d\x20\x73\x5f"
  "\x61\x74\x61\x6e\x2e\x63\x2c\x20\x65\x5f\x61\x74\x61\x6e\x32\x2e\x63\x29\x20\x2d"
  "\x2d\x2d\x2d\x2d\x2d\x2d\x2d\x2d\x2d\x2d\x2d\x2d\x2d\x2d\x20\x2a\x2f\x0a\x73\x74"
  "\x61\x74\x69\x63\x20\x64\x6f\x75\x62\x6c\x65\x20\x61\x74\x61\x6e\x28\x64\x6f\x75"
  "\x62\x6c\x65\x20\x78\x29\x20\x7b\x0a\x20\x20\x20\x20\x64\x6f\x75\x62\x6c\x65\x20"
  "\x77\x3b\x20\x64\x6f\x75\x62\x6c\x65\x20\x73\x31\x3b\x20\x64\x6f\x75\x62\x6c\x65"
  "\x20\x73\x32\x3b\x20\x64\x6f\x75\x62\x6c\x65\x20\x7a\x3b\x20\x64\x6f\x75\x62\x6c"
  "\x65\x20\x68\x69\x3b\x20\x64\x6f\x75\x62\x6c\x65\x20\x6c\x6f\x3b\x0a\x20\x20\x20"
  "\x20\x69\x6e\x74\x20\x69\x78\x3b\x20\x69\x6e\x74\x20\x68\x78\x3b\x20\x69\x6e\x74"
  "\x20\x69\x64\x3b\x0a\x20\x20\x20\x20\x68\x78\x20\x3d\x20\x5f\x6d\x5f\x68\x69\x28"
  "\x78\x29\x3b\x0a\x20\x20\x20\x20\x69\x78\x20\x3d\x20\x68\x78\x20\x26\x20\x32\x31"
  "\x34\x37\x34\x38\x33\x36\x34\x37\x3b\x0a\x20\x20\x20\x20\x69\x66\x20\x28\x69\x78"
  "\x20\x3e\x3d\x20\x31\x31\x34\x31\x38\x39\x39\x32\x36\x34\x29\x20\x7b\x20\x20\x20"
  "\x20\x20\x20\x20\x20\x20\x20\x20\x20\x20\x20\x20\x20\x20\x20\x20\x20\x20\x20\x20"
  "\x20\x20\x20\x20\x20\x20\x20\x20\x20\x2f\x2a\x20\x7c\x78\x7c\x20\x3e\x3d\x20\x32"
  "\x5e\x36\x36\x20\x2a\x2f\x0a\x20\x20\x20\x20\x20\x20\x20\x20\x69\x66\x20\x28\x69"
  "\x78\x20\x3e\x20\x32\x31\x34\x36\x34\x33\x35\x30\x37\x32\x20\x7c\x7c\x20\x28\x69"
  "\x78\x20\x3d\x3d\x20\x32\x31\x34\x36\x34\x33\x35\x30\x37\x32\x20\x26\x26\x20\x5f"
  "\x6d\x5f\x6c\x6f\x28\x78\x29\x20\x21\x3d\x20\x30\x29\x29\x20\x72\x65\x74\x75\x72"
  "\x6e\x20\x78\x20\x2b\x20\x78\x3b\x0a\x20\x20\x20\x20\x20\x20\x20\x20\x69\x66\x20"
  "\x28\x68\x78\x20\x3e\x20\x30\x29\x20\x72\x65\x74\x75\x72\x6e\x20\x31\x2e\x35\x37"
  "\x30\x37\x39\x36\x33\x32\x36\x37\x39\x34\x38\x39\x36\x35\x35\x38\x30\x30\x65\x2b"
  "\x30\x30\x20\x2b\x20\x36\x2e\x31\x32\x33\x32\x33\x33\x39\x39\x35\x37\x33\x36\x37"
  "\x36\x36\x30\x33\x35\x38\x37\x65\x2d\x31\x37\x3b\x0a\x20\x20\x20\x20\x20\x20\x20"
  "\x20\x72\x65\x74\x75\x72\x6e\x20\x30\x20\x2d\x20\x31\x2e\x35\x37\x30\x37\x39\x36"
  "\x33\x32\x36\x37\x39\x34\x38\x39\x36\x35\x35\x38\x30\x30\x65\x2b\x30\x30\x20\x2d"
  "\x20\x36\x2e\x31\x32\x33\x32\x33\x33\x39\x39\x35\x37\x33\x36\x37\x36\x36\x30\x33"
  "\x35\x38\x37\x65\x2d\x31\x37\x3b\x0a\x20\x20\x20\x20\x7d\x0a\x20\x20\x20\x20\x69"
  "\x66\x20\x28\x69\x78\x20\x3c\x20\x31\x30\x37\x31\x33\x38\x32\x35\x32\x38\x29\x20"
  "\x7b\x20\x20\x20\x20\x20\x20\x20\x20\x20\x20\x20\x20\x20\x20\x20\x20\x20\x20\x20"
  "\x20\x20\x20\x20\x20\x20\x20\x20\x20\x20\x20\x20\x20\x20\x2f\x2a\x20\x7c\x78\x7c"
  "\x20\x3c\x20\x30\x2e\x34\x33\x37\x35\x20\x2a\x2f\x0a\x20\x20\x20\x20\x20\x20\x20"
  "\x20\x69\x66\x20\x28\x69\x78\x20\x3c\x20\x31\x30\x34\x32\x32\x38\x34\x35\x34\x34"
  "\x29\x20\x7b\x20\x69\x66\x20\x28\x31\x2e\x30\x65\x33\x30\x30\x20\x2b\x20\x78\x20"
  "\x3e\x20\x31\x2e\x30\x29\x20\x72\x65\x74\x75\x72\x6e\x20\x78\x3b\x20\x7d\x0a\x20"
  "\x20\x20\x20\x20\x20\x20\x20\x69\x64\x20\x3d\x20\x30\x20\x2d\x20\x31\x3b\x0a\x20"
  "\x20\x20\x20\x7d\x20\x65\x6c\x73\x65\x20\x7b\x0a\x20\x20\x20\x20\x20\x20\x20\x20"
  "\x78\x20\x3d\x20\x66\x61\x62\x73\x28\x78\x29\x3b\x0a\x20\x20\x20\x20\x20\x20\x20"
  "\x20\x69\x66\x20\x28\x69\x78\x20\x3c\x20\x31\x30\x37\x32\x38\x38\x39\x38\x35\x36"
  "\x29\x20\x7b\x20\x20\x20\x20\x20\x20\x20\x20\x20\x20\x20\x20\x20\x20\x20\x20\x20"
  "\x20\x20\x20\x20\x20\x20\x20\x20\x20\x20\x20\x20\x2f\x2a\x20\x7c\x78\x7c\x20\x3c"
  "\x20\x31\x2e\x31\x38\x37\x35\x20\x2a\x2f\x0a\x20\x20\x20\x20\x20\x20\x20\x20\x20"
  "\x20\x20\x20\x69\x66\x20\x28\x69\x78\x20\x3c\x20\x31\x30\x37\x32\x30\x33\x37\x38"
  "\x38\x38\x29\x20\x7b\x20\x69\x64\x20\x3d\x20\x30\x3b\x20\x78\x20\x3d\x20\x28\x32"
  "\x2e\x30\x20\x2a\x20\x78\x20\x2d\x20\x31\x2e\x30\x29\x20\x2f\x20\x28\x32\x2e\x30"
  "\x20\x2b\x20\x78\x29\x3b\x20\x7d\x0a\x20\x20\x20\x20\x20\x20\x20\x20\x20\x20\x20"
  "\x20\x65\x6c\x73\x65\x20\x7b\x20\x69\x64\x20\x3d\x20\x31\x3b\x20\x78\x20\x3d\x20"
  "\x28\x78\x20\x2d\x20\x31\x2e\x30\x29\x20\x2f\x20\x28\x78\x20\x2b\x20\x31\x2e\x30"
  "\x29\x3b\x20\x7d\x0a\x20\x20\x20\x20\x20\x20\x20\x20\x7d\x20\x65\x6c\x73\x65\x20"
  "\x7b\x0a\x20\x20\x20\x20\x20\x20\x20\x20\x20\x20\x20\x20\x69\x66\x20\x28\x69\x78"
  "\x20\x3c\x20\x31\x30\x37\x33\x39\x37\x31\x32\x30\x30\x29\x20\x7b\x20\x69\x64\x20"
  "\x3d\x20\x32\x3b\x20\x78\x20\x3d\x20\x28\x78\x20\x2d\x20\x31\x2e\x35\x29\x20\x2f"
  "\x20\x28\x31\x2e\x30\x20\x2b\x20\x31\x2e\x35\x20\x2a\x20\x78\x29\x3b\x20\x7d\x0a"
  "\x20\x20\x20\x20\x20\x20\x20\x20\x20\x20\x20\x20\x65\x6c\x73\x65\x20\x7b\x20\x69"
  "\x64\x20\x3d\x20\x33\x3b\x20\x78\x20\x3d\x20\x28\x30\x20\x2d\x20\x31\x2e\x30\x29"
  "\x20\x2f\x20\x78\x3b\x20\x7d\x0a\x20\x20\x20\x20\x20\x20\x20\x20\x7d\x0a\x20\x20"
  "\x20\x20\x7d\x0a\x20\x20\x20\x20\x7a\x20\x3d\x20\x78\x20\x2a\x20\x78\x3b\x0a\x20"
  "\x20\x20\x20\x77\x20\x3d\x20\x7a\x20\x2a\x20\x7a\x3b\x0a\x20\x20\x20\x20\x73\x31"
  "\x20\x3d\x20\x7a\x20\x2a\x20\x28\x33\x2e\x33\x33\x33\x33\x33\x33\x33\x33\x33\x33"
  "\x33\x33\x32\x39\x33\x31\x38\x30\x32\x37\x65\x2d\x30\x31\x20\x2b\x20\x77\x20\x2a"
  "\x20\x28\x31\x2e\x34\x32\x38\x35\x37\x31\x34\x32\x37\x32\x35\x30\x33\x34\x36\x36"
  "\x33\x37\x31\x31\x65\x2d\x30\x31\x20\x2b\x20\x77\x20\x2a\x20\x28\x39\x2e\x30\x39"
  "\x30\x38\x38\x37\x31\x33\x33\x34\x33\x36\x35\x30\x36\x35\x36\x31\x39\x36\x65\x2d"
  "\x30\x32\x0a\x20\x20\x20\x20\x20\x20\x20\x20\x20\x2b\x20\x77\x20\x2a\x20\x28\x36"
  "\x2e\x36\x36\x31\x30\x37\x33\x31\x33\x37\x33\x38\x37\x35\x33\x31\x32\x30\x36\x36"
  "\x39\x65\x2d\x30\x32\x20\x2b\x20\x77\x20\x2a\x20\x28\x34\x2e\x39\x37\x36\x38\x37"
  "\x37\x39\x39\x34\x36\x31\x35\x39\x33\x32\x33\x36\x30\x31\x37\x65\x2d\x30\x32\x20"
  "\x2b\x20\x77\x20\x2a\x20\x31\x2e\x36\x32\x38\x35\x38\x32\x30\x31\x31\x35\x33\x36"
  "\x35\x37\x38\x32\x33\x36\x32\x33\x65\x2d\x30\x32\x29\x29\x29\x29\x29\x3b\x0a\x20"
  "\x20\x20\x20\x73\x32\x20\x3d\x20\x77\x20\x2a\x20\x28\x30\x20\x2d\x20\x31\x2e\x39"
  "\x39\x39\x39\x39\x39\x39\x39\x39\x39\x38\x37\x36\x34\x38\x33\x32\x34\x37\x36\x65"
  "\x2d\x30\x31\x20\x2b\x20\x77\x20\x2a\x20\x28\x30\x20\x2d\x20\x31\x2e\x31\x31\x31"
  "\x31\x31\x31\x30\x34\x30\x35\x34\x36\x32\x33\x35\x35\x37\x38\x38\x30\x65\x2d\x30"
  "\x31\x20\x2b\x20\x77\x20\x2a\x20\x28\x30\x20\x2d\x20\x37\x2e\x36\x39\x31\x38\x37"
  "\x36\x32\x30\x35\x30\x34\x34\x38\x32\x39\x39\x39\x34\x39\x35\x65\x2d\x30\x32\x0a"
  "\x20\x20\x20\x20\x20\x20\x20\x20\x20\x2b\x20\x77\x20\x2a\x20\x28\x30\x20\x2d\x20"
  "\x35\x2e\x38\x33\x33\x35\x37\x30\x31\x33\x33\x37\x39\x30\x35\x37\x33\x34\x38\x36"
  "\x34\x35\x65\x2d\x30\x32\x20\x2b\x20\x77\x20\x2a\x20\x28\x30\x20\x2d\x20\x33\x2e"
  "\x36\x35\x33\x31\x35\x37\x32\x37\x34\x34\x32\x31\x36\x39\x31\x35\x35\x32\x37\x30"
  "\x65\x2d\x30\x32\x29\x29\x29\x29\x29\x3b\x0a\x20\x20\x20\x20\x69\x66\x20\x28\x69"
  "\x64\x20\x3c\x20\x30\x29\x20\x72\x65\x74\x75\x72\x6e\x20\x78\x20\x2d\x20\x78\x20"
  "\x2a\x20\x28\x73\x31\x20\x2b\x20\x73\x32\x29\x3b\x0a\x20\x20\x20\x20\x69\x66\x20"
  "\x28\x69\x64\x20\x3d\x3d\x20\x30\x29\x20\x7b\x20\x68\x69\x20\x3d\x20\x34\x2e\x36"
  "\x33\x36\x34\x37\x36\x30\x39\x30\x30\x30\x38\x30\x36\x30\x39\x33\x35\x31\x35\x65"
  "\x2d\x30\x31\x3b\x20\x6c\x6f\x20\x3d\x20\x32\x2e\x32\x36\x39\x38\x37\x37\x37\x34"
  "\x35\x32\x39\x36\x31\x36\x38\x37\x30\x39\x32\x34\x65\x2d\x31\x37\x3b\x20\x7d\x0a"
  "\x20\x20\x20\x20\x69\x66\x20\x28\x69\x64\x20\x3d\x3d\x20\x31\x29\x20\x7b\x20\x68"
  "\x69\x20\x3d\x20\x37\x2e\x38\x35\x33\x39\x38\x31\x36\x33\x33\x39\x37\x34\x34\x38"
  "\x32\x37\x38\x39\x39\x39\x65\x2d\x30\x31\x3b\x20\x6c\x6f\x20\x3d\x20\x33\x2e\x30"
  "\x36\x31\x36\x31\x36\x39\x39\x37\x38\x36\x38\x33\x38\x33\x30\x31\x37\x39\x33\x65"
  "\x2d\x31\x37\x3b\x20\x7d\x0a\x20\x20\x20\x20\x69\x66\x20\x28\x69\x64\x20\x3d\x3d"
  "\x20\x32\x29\x20\x7b\x20\x68\x69\x20\x3d\x20\x39\x2e\x38\x32\x37\x39\x33\x37\x32"
  "\x33\x32\x34\x37\x33\x32\x39\x30\x35\x34\x30\x38\x32\x65\x2d\x30\x31\x3b\x20\x6c"
  "\x6f\x20\x3d\x20\x31\x2e\x33\x39\x30\x33\x33\x31\x31\x30\x33\x31\x32\x33\x30\x39"
  "\x39\x38\x34\x35\x31\x36\x65\x2d\x31\x37\x3b\x20\x7d\x0a\x20\x20\x20\x20\x69\x66"
  "\x20\x28\x69\x64\x20\x3d\x3d\x20\x33\x29\x20\x7b\x20\x68\x69\x20\x3d\x20\x31\x2e"
  "\x35\x37\x30\x37\x39\x36\x33\x32\x36\x37\x39\x34\x38\x39\x36\x35\x35\x38\x30\x30"
  "\x65\x2b\x30\x30\x3b\x20\x6c\x6f\x20\x3d\x20\x36\x2e\x31\x32\x33\x32\x33\x33\x39"
  "\x39\x35\x37\x33\x36\x37\x36\x36\x30\x33\x35\x38\x37\x65\x2d\x31\x37\x3b\x20\x7d"
  "\x0a\x20\x20\x20\x20\x7a\x20\x3d\x20\x68\x69\x20\x2d\x20\x28\x28\x78\x20\x2a\x20"
  "\x28\x73\x31\x20\x2b\x20\x73\x32\x29\x20\x2d\x20\x6c\x6f\x29\x20\x2d\x20\x78\x29"
  "\x3b\x0a\x20\x20\x20\x20\x72\x65\x74\x75\x72\x6e\x20\x68\x78\x20\x3c\x20\x30\x20"
  "\x3f\x20\x30\x20\x2d\x20\x7a\x20\x3a\x20\x7a\x3b\x0a\x7d\x0a\x73\x74\x61\x74\x69"
  "\x63\x20\x64\x6f\x75\x62\x6c\x65\x20\x61\x74\x61\x6e\x32\x28\x64\x6f\x75\x62\x6c"
  "\x65\x20\x79\x2c\x20\x64\x6f\x75\x62\x6c\x65\x20\x78\x29\x20\x7b\x0a\x20\x20\x20"
  "\x20\x64\x6f\x75\x62\x6c\x65\x20\x7a\x3b\x0a\x20\x20\x20\x20\x69\x66\x20\x28\x78"
  "\x20\x21\x3d\x20\x78\x20\x7c\x7c\x20\x79\x20\x21\x3d\x20\x79\x29\x20\x72\x65\x74"
  "\x75\x72\x6e\x20\x78\x20\x2b\x20\x79\x3b\x0a\x20\x20\x20\x20\x69\x66\x20\x28\x78"
  "\x20\x3d\x3d\x20\x31\x2e\x30\x29\x20\x72\x65\x74\x75\x72\x6e\x20\x61\x74\x61\x6e"
  "\x28\x79\x29\x3b\x0a\x20\x20\x20\x20\x69\x66\x20\x28\x79\x20\x3d\x3d\x20\x30\x2e"
  "\x30\x29\x20\x7b\x0a\x20\x20\x20\x20\x20\x20\x20\x20\x69\x66\x20\x28\x73\x69\x67"
  "\x6e\x62\x69\x74\x28\x78\x29\x29\x20\x72\x65\x74\x75\x72\x6e\x20\x73\x69\x67\x6e"
  "\x62\x69\x74\x28\x79\x29\x20\x3f\x20\x30\x20\x2d\x20\x33\x2e\x31\x34\x31\x35\x39"
  "\x32\x36\x35\x33\x35\x38\x39\x37\x39\x33\x31\x31\x36\x30\x30\x65\x2b\x30\x30\x20"
  "\x3a\x20\x33\x2e\x31\x34\x31\x35\x39\x32\x36\x35\x33\x35\x38\x39\x37\x39\x33\x31"
  "\x31\x36\x30\x30\x65\x2b\x30\x30\x3b\x0a\x20\x20\x20\x20\x20\x20\x20\x20\x72\x65"
  "\x74\x75\x72\x6e\x20\x79\x3b\x0a\x20\x20\x20\x20\x7d\x0a\x20\x20\x20\x20\x69\x66"
  "\x20\x28\x78\x20\x3d\x3d\x20\x30\x2e\x30\x29\x20\x72\x65\x74\x75\x72\x6e\x20\x79"
  "\x20\x3e\x20\x30\x20\x3f\x20\x31\x2e\x35\x37\x30\x37\x39\x36\x33\x32\x36\x37\x39"
  "\x34\x38\x39\x36\x35\x35\x38\x30\x30\x65\x2b\x30\x30\x20\x3a\x20\x30\x20\x2d\x20"
  "\x31\x2e\x35\x37\x30\x37\x39\x36\x33\x32\x36\x37\x39\x34\x38\x39\x36\x35\x35\x38"
  "\x30\x30\x65\x2b\x30\x30\x3b\x0a\x20\x20\x20\x20\x69\x66\x20\x28\x69\x73\x69\x6e"
  "\x66\x28\x78\x29\x29\x20\x7b\x0a\x20\x20\x20\x20\x20\x20\x20\x20\x69\x66\x20\x28"
  "\x69\x73\x69\x6e\x66\x28\x79\x29\x29\x20\x7b\x0a\x20\x20\x20\x20\x20\x20\x20\x20"
  "\x20\x20\x20\x20\x69\x66\x20\x28\x78\x20\x3e\x20\x30\x29\x20\x72\x65\x74\x75\x72"
  "\x6e\x20\x79\x20\x3e\x20\x30\x20\x3f\x20\x37\x2e\x38\x35\x33\x39\x38\x31\x36\x33"
  "\x33\x39\x37\x34\x34\x38\x32\x37\x38\x39\x39\x39\x65\x2d\x30\x31\x20\x3a\x20\x30"
  "\x20\x2d\x20\x37\x2e\x38\x35\x33\x39\x38\x31\x36\x33\x33\x39\x37\x34\x34\x38\x32"
  "\x37\x38\x39\x39\x39\x65\x2d\x30\x31\x3b\x0a\x20\x20\x20\x20\x20\x20\x20\x20\x20"
  "\x20\x20\x20\x72\x65\x74\x75\x72\x6e\x20\x79\x20\x3e\x20\x30\x20\x3f\x20\x32\x2e"
  "\x33\x35\x36\x31\x39\x34\x34\x39\x30\x31\x39\x32\x33\x34\x34\x39\x32\x38\x38\x35"
  "\x65\x2b\x30\x30\x20\x3a\x20\x30\x20\x2d\x20\x32\x2e\x33\x35\x36\x31\x39\x34\x34"
  "\x39\x30\x31\x39\x32\x33\x34\x34\x39\x32\x38\x38\x35\x65\x2b\x30\x30\x3b\x0a\x20"
  "\x20\x20\x20\x20\x20\x20\x20\x7d\x0a\x20\x20\x20\x20\x20\x20\x20\x20\x69\x66\x20"
  "\x28\x78\x20\x3e\x20\x30\x29\x20\x72\x65\x74\x75\x72\x6e\x20\x63\x6f\x70\x79\x73"
  "\x69\x67\x6e\x28\x30\x2e\x30\x2c\x20\x79\x29\x3b\x0a\x20\x20\x20\x20\x20\x20\x20"
  "\x20\x72\x65\x74\x75\x72\x6e\x20\x79\x20\x3e\x20\x30\x20\x3f\x20\x33\x2e\x31\x34"
  "\x31\x35\x39\x32\x36\x35\x33\x35\x38\x39\x37\x39\x33\x31\x31\x36\x30\x30\x65\x2b"
  "\x30\x30\x20\x3a\x20\x30\x20\x2d\x20\x33\x2e\x31\x34\x31\x35\x39\x32\x36\x35\x33"
  "\x35\x38\x39\x37\x39\x33\x31\x31\x36\x30\x30\x65\x2b\x30\x30\x3b\x0a\x20\x20\x20"
  "\x20\x7d\x0a\x20\x20\x20\x20\x69\x66\x20\x28\x69\x73\x69\x6e\x66\x28\x79\x29\x29"
  "\x20\x72\x65\x74\x75\x72\x6e\x20\x79\x20\x3e\x20\x30\x20\x3f\x20\x31\x2e\x35\x37"
  "\x30\x37\x39\x36\x33\x32\x36\x37\x39\x34\x38\x39\x36\x35\x35\x38\x30\x30\x65\x2b"
  "\x30\x30\x20\x3a\x20\x30\x20\x2d\x20\x31\x2e\x35\x37\x30\x37\x39\x36\x33\x32\x36"
  "\x37\x39\x34\x38\x39\x36\x35\x35\x38\x30\x30\x65\x2b\x30\x30\x3b\x0a\x20\x20\x20"
  "\x20\x7a\x20\x3d\x20\x61\x74\x61\x6e\x28\x66\x61\x62\x73\x28\x79\x20\x2f\x20\x78"
  "\x29\x29\x3b\x0a\x20\x20\x20\x20\x69\x66\x20\x28\x78\x20\x3e\x20\x30\x29\x20\x72"
  "\x65\x74\x75\x72\x6e\x20\x79\x20\x3e\x20\x30\x20\x3f\x20\x7a\x20\x3a\x20\x30\x20"
  "\x2d\x20\x7a\x3b\x0a\x20\x20\x20\x20\x7a\x20\x3d\x20\x33\x2e\x31\x34\x31\x35\x39"
  "\x32\x36\x35\x33\x35\x38\x39\x37\x39\x33\x31\x31\x36\x30\x30\x65\x2b\x30\x30\x20"
  "\x2d\x20\x28\x7a\x20\x2d\x20\x31\x2e\x32\x32\x34\x36\x34\x36\x37\x39\x39\x31\x34"
  "\x37\x33\x35\x33\x31\x37\x37\x32\x30\x65\x2d\x31\x36\x29\x3b\x0a\x20\x20\x20\x20"
  "\x72\x65\x74\x75\x72\x6e\x20\x79\x20\x3e\x20\x30\x20\x3f\x20\x7a\x20\x3a\x20\x30"
  "\x20\x2d\x20\x7a\x3b\x0a\x7d\x0a\x73\x74\x61\x74\x69\x63\x20\x64\x6f\x75\x62\x6c"
  "\x65\x20\x61\x73\x69\x6e\x28\x64\x6f\x75\x62\x6c\x65\x20\x78\x29\x20\x7b\x0a\x20"
  "\x20\x20\x20\x69\x66\x20\x28\x78\x20\x3e\x20\x31\x2e\x30\x20\x7c\x7c\x20\x78\x20"
  "\x3c\x20\x30\x20\x2d\x20\x31\x2e\x30\x29\x20\x72\x65\x74\x75\x72\x6e\x20\x28\x78"
  "\x20\x2d\x20\x78\x29\x20\x2f\x20\x28\x78\x20\x2d\x20\x78\x29\x3b\x0a\x20\x20\x20"
  "\x20\x72\x65\x74\x75\x72\x6e\x20\x61\x74\x61\x6e\x32\x28\x78\x2c\x20\x73\x71\x72"
  "\x74\x28\x28\x31\x2e\x30\x20\x2d\x20\x78\x29\x20\x2a\x20\x28\x31\x2e\x30\x20\x2b"
  "\x20\x78\x29\x29\x29\x3b\x0a\x7d\x0a\x73\x74\x61\x74\x69\x63\x20\x64\x6f\x75\x62"
  "\x6c\x65\x20\x61\x63\x6f\x73\x28\x64\x6f\x75\x62\x6c\x65\x20\x78\x29\x20\x7b\x0a"
  "\x20\x20\x20\x20\x69\x66\x20\x28\x78\x20\x3e\x20\x31\x2e\x30\x20\x7c\x7c\x20\x78"
  "\x20\x3c\x20\x30\x20\x2d\x20\x31\x2e\x30\x29\x20\x72\x65\x74\x75\x72\x6e\x20\x28"
  "\x78\x20\x2d\x20\x78\x29\x20\x2f\x20\x28\x78\x20\x2d\x20\x78\x29\x3b\x0a\x20\x20"
  "\x20\x20\x72\x65\x74\x75\x72\x6e\x20\x61\x74\x61\x6e\x32\x28\x73\x71\x72\x74\x28"
  "\x28\x31\x2e\x30\x20\x2d\x20\x78\x29\x20\x2a\x20\x28\x31\x2e\x30\x20\x2b\x20\x78"
  "\x29\x29\x2c\x20\x78\x29\x3b\x0a\x7d\x0a\x73\x74\x61\x74\x69\x63\x20\x66\x6c\x6f"
  "\x61\x74\x20\x61\x74\x61\x6e\x66\x28\x66\x6c\x6f\x61\x74\x20\x78\x29\x20\x7b\x20"
  "\x72\x65\x74\x75\x72\x6e\x20\x28\x66\x6c\x6f\x61\x74\x29\x61\x74\x61\x6e\x28\x28"
  "\x64\x6f\x75\x62\x6c\x65\x29\x78\x29\x3b\x20\x7d\x0a\x73\x74\x61\x74\x69\x63\x20"
  "\x66\x6c\x6f\x61\x74\x20\x61\x74\x61\x6e\x32\x66\x28\x66\x6c\x6f\x61\x74\x20\x79"
  "\x2c\x20\x66\x6c\x6f\x61\x74\x20\x78\x29\x20\x7b\x20\x72\x65\x74\x75\x72\x6e\x20"
  "\x28\x66\x6c\x6f\x61\x74\x29\x61\x74\x61\x6e\x32\x28\x28\x64\x6f\x75\x62\x6c\x65"
  "\x29\x79\x2c\x20\x28\x64\x6f\x75\x62\x6c\x65\x29\x78\x29\x3b\x20\x7d\x0a\x0a\x2f"
  "\x2a\x20\x2d\x2d\x2d\x2d\x20\x65\x78\x70\x6d\x31\x2c\x20\x73\x69\x6e\x68\x2c\x20"
  "\x63\x6f\x73\x68\x2c\x20\x74\x61\x6e\x68\x20\x28\x66\x64\x6c\x69\x62\x6d\x20\x73"
  "\x5f\x65\x78\x70\x6d\x31\x2e\x63\x2c\x20\x65\x5f\x73\x69\x6e\x68\x2e\x63\x2c\x20"
  "\x65\x5f\x63\x6f\x73\x68\x2e\x63\x2c\x0a\x20\x2a\x20\x20\x20\x20\x20\x20\x73\x5f"
  "\x74\x61\x6e\x68\x2e\x63\x29\x20\x2d\x2d\x2d\x2d\x2d\x2d\x2d\x2d\x2d\x2d\x2d\x2d"
  "\x2d\x2d\x2d\x2d\x2d\x2d\x2d\x2d\x2d\x2d\x2d\x2d\x2d\x2d\x2d\x2d\x2d\x2d\x2d\x2d"
  "\x2d\x2d\x2d\x2d\x2d\x2d\x2d\x2d\x2d\x2d\x2d\x2d\x2d\x2d\x2d\x2d\x2d\x2d\x2d\x2d"
  "\x2d\x2d\x2d\x2d\x20\x2a\x2f\x0a\x73\x74\x61\x74\x69\x63\x20\x64\x6f\x75\x62\x6c"
  "\x65\x20\x65\x78\x70\x6d\x31\x28\x64\x6f\x75\x62\x6c\x65\x20\x78\x29\x20\x7b\x0a"
  "\x20\x20\x20\x20\x64\x6f\x75\x62\x6c\x65\x20\x79\x3b\x20\x64\x6f\x75\x62\x6c\x65"
  "\x20\x68\x69\x3b\x20\x64\x6f\x75\x62\x6c\x65\x20\x6c\x6f\x3b\x20\x64\x6f\x75\x62"
  "\x6c\x65\x20\x63\x3b\x20\x64\x6f\x75\x62\x6c\x65\x20\x74\x3b\x20\x64\x6f\x75\x62"
  "\x6c\x65\x20\x65\x3b\x20\x64\x6f\x75\x62\x6c\x65\x20\x68\x78\x73\x3b\x0a\x20\x20"
  "\x20\x20\x64\x6f\x75\x62\x6c\x65\x20\x68\x66\x78\x3b\x20\x64\x6f\x75\x62\x6c\x65"
  "\x20\x72\x31\x3b\x0a\x20\x20\x20\x20\x69\x6e\x74\x20\x6b\x3b\x20\x69\x6e\x74\x20"
  "\x78\x73\x62\x3b\x0a\x20\x20\x20\x20\x75\x6e\x73\x69\x67\x6e\x65\x64\x20\x69\x6e"
  "\x74\x20\x68\x78\x3b\x0a\x20\x20\x20\x20\x63\x20\x3d\x20\x30\x2e\x30\x3b\x0a\x20"
  "\x20\x20\x20\x68\x78\x20\x3d\x20\x5f\x6d\x5f\x68\x69\x28\x78\x29\x3b\x0a\x20\x20"
  "\x20\x20\x78\x73\x62\x20\x3d\x20\x68\x78\x20\x26\x20\x32\x31\x34\x37\x34\x38\x33"
  "\x36\x34\x38\x3b\x0a\x20\x20\x20\x20\x69\x66\x20\x28\x78\x73\x62\x20\x3d\x3d\x20"
  "\x30\x29\x20\x79\x20\x3d\x20\x78\x3b\x20\x65\x6c\x73\x65\x20\x79\x20\x3d\x20\x30"
  "\x20\x2d\x20\x78\x3b\x0a\x20\x20\x20\x20\x68\x78\x20\x3d\x20\x68\x78\x20\x26\x20"
  "\x32\x31\x34\x37\x34\x38\x33\x36\x34\x37\x3b\x0a\x20\x20\x20\x20\x69\x66\x20\x28"
  "\x68\x78\x20\x3e\x3d\x20\x31\x30\x37\x38\x31\x35\x39\x34\x38\x32\x29\x20\x7b\x20"
  "\x20\x20\x20\x20\x20\x20\x20\x20\x20\x20\x20\x20\x20\x20\x20\x20\x20\x20\x20\x20"
  "\x20\x20\x20\x20\x20\x20\x20\x20\x20\x20\x20\x20\x2f\x2a\x20\x7c\x78\x7c\x20\x3e"
  "\x3d\x20\x35\x36\x20\x6c\x6e\x32\x20\x2a\x2f\x0a\x20\x20\x20\x20\x20\x20\x20\x20"
  "\x69\x66\x20\x28\x68\x78\x20\x3e\x3d\x20\x31\x30\x38\x32\x35\x33\x35\x34\x39\x30"
  "\x29\x20\x7b\x20\x20\x20\x20\x20\x20\x20\x20\x20\x20\x20\x20\x20\x20\x20\x20\x20"
  "\x20\x20\x20\x20\x20\x20\x20\x20\x20\x20\x20\x20\x2f\x2a\x20\x7c\x78\x7c\x20\x3e"
  "\x3d\x20\x37\x30\x39\x2e\x37\x38\x20\x2a\x2f\x0a\x20\x20\x20\x20\x20\x20\x20\x20"
  "\x20\x20\x20\x20\x69\x66\x20\x28\x68\x78\x20\x3e\x3d\x20\x32\x31\x34\x36\x34\x33"
  "\x35\x30\x37\x32\x29\x20\x7b\x0a\x20\x20\x20\x20\x20\x20\x20\x20\x20\x20\x20\x20"
  "\x20\x20\x20\x20\x69\x66\x20\x28\x28\x28\x68\x78\x20\x26\x20\x31\x30\x34\x38\x35"
  "\x37\x35\x29\x20\x7c\x20\x5f\x6d\x5f\x6c\x6f\x28\x78\x29\x29\x20\x21\x3d\x20\x30"
  "\x29\x20\x72\x65\x74\x75\x72\x6e\x20\x78\x20\x2b\x20\x78\x3b\x0a\x20\x20\x20\x20"
  "\x20\x20\x20\x20\x20\x20\x20\x20\x20\x20\x20\x20\x72\x65\x74\x75\x72\x6e\x20\x78"
  "\x73\x62\x20\x3d\x3d\x20\x30\x20\x3f\x20\x78\x20\x3a\x20\x30\x20\x2d\x20\x31\x2e"
  "\x30\x3b\x0a\x20\x20\x20\x20\x20\x20\x20\x20\x20\x20\x20\x20\x7d\x0a\x20\x20\x20"
  "\x20\x20\x20\x20\x20\x20\x20\x20\x20\x69\x66\x20\x28\x78\x20\x3e\x20\x37\x2e\x30"
  "\x39\x37\x38\x32\x37\x31\x32\x38\x39\x33\x33\x38\x33\x39\x37\x33\x30\x39\x36\x65"
  "\x2b\x30\x32\x29\x20\x72\x65\x74\x75\x72\x6e\x20\x31\x2e\x30\x65\x33\x30\x30\x20"
  "\x2a\x20\x31\x2e\x30\x65\x33\x30\x30\x3b\x0a\x20\x20\x20\x20\x20\x20\x20\x20\x7d"
  "\x0a\x20\x20\x20\x20\x20\x20\x20\x20\x69\x66\x20\x28\x78\x73\x62\x20\x21\x3d\x20"
  "\x30\x29\x20\x7b\x20\x69\x66\x20\x28\x78\x20\x2b\x20\x31\x2e\x30\x65\x2d\x33\x30"
  "\x30\x20\x3c\x20\x30\x2e\x30\x29\x20\x72\x65\x74\x75\x72\x6e\x20\x31\x2e\x30\x65"
  "\x2d\x33\x30\x30\x20\x2d\x20\x31\x2e\x30\x3b\x20\x7d\x0a\x20\x20\x20\x20\x7d\x0a"
  "\x20\x20\x20\x20\x69\x66\x20\x28\x68\x78\x20\x3e\x20\x31\x30\x37\x31\x30\x30\x31"
  "\x31\x35\x34\x29\x20\x7b\x20\x20\x20\x20\x20\x20\x20\x20\x20\x20\x20\x20\x20\x20"
  "\x20\x20\x20\x20\x20\x20\x20\x20\x20\x20\x20\x20\x20\x20\x20\x20\x20\x20\x20\x20"
  "\x2f\x2a\x20\x7c\x78\x7c\x20\x3e\x20\x30\x2e\x35\x20\x6c\x6e\x32\x20\x2a\x2f\x0a"
  "\x20\x20\x20\x20\x20\x20\x20\x20\x69\x66\x20\x28\x68\x78\x20\x3c\x20\x31\x30\x37"
  "\x32\x37\x33\x34\x38\x39\x38\x29\x20\x7b\x20\x20\x20\x20\x20\x20\x20\x20\x20\x20"
  "\x20\x20\x20\x20\x20\x20\x20\x20\x20\x20\x20\x20\x20\x20\x20\x20\x20\x20\x20\x20"
  "\x2f\x2a\x20\x7c\x78\x7c\x20\x3c\x20\x31\x2e\x35\x20\x6c\x6e\x32\x20\x2a\x2f\x0a"
  "\x20\x20\x20\x20\x20\x20\x20\x20\x20\x20\x20\x20\x69\x66\x20\x28\x78\x73\x62\x20"
  "\x3d\x3d\x20\x30\x29\x20\x7b\x20\x68\x69\x20\x3d\x20\x78\x20\x2d\x20\x36\x2e\x39"
  "\x33\x31\x34\x37\x31\x38\x30\x33\x36\x39\x31\x32\x33\x38\x31\x36\x34\x39\x30\x65"
  "\x2d\x30\x31\x3b\x20\x6c\x6f\x20\x3d\x20\x31\x2e\x39\x30\x38\x32\x31\x34\x39\x32"
  "\x39\x32\x37\x30\x35\x38\x37\x37\x30\x30\x30\x32\x65\x2d\x31\x30\x3b\x20\x6b\x20"
  "\x3d\x20\x31\x3b\x20\x7d\x0a\x20\x20\x20\x20\x20\x20\x20\x20\x20\x20\x20\x20\x65"
  "\x6c\x73\x65\x20\x7b\x20\x68\x69\x20\x3d\x20\x78\x20\x2b\x20\x36\x2e\x39\x33\x31"
  "\x34\x37\x31\x38\x30\x33\x36\x39\x31\x32\x33\x38\x31\x36\x34\x39\x30\x65\x2d\x30"
  "\x31\x3b\x20\x6c\x6f\x20\x3d\x20\x30\x20\x2d\x20\x31\x2e\x39\x30\x38\x32\x31\x34"
  "\x39\x32\x39\x32\x37\x30\x35\x38\x37\x37\x30\x30\x30\x32\x65\x2d\x31\x30\x3b\x20"
  "\x6b\x20\x3d\x20\x30\x20\x2d\x20\x31\x3b\x20\x7d\x0a\x20\x20\x20\x20\x20\x20\x20"
  "\x20\x7d\x20\x65\x6c\x73\x65\x20\x7b\x0a\x20\x20\x20\x20\x20\x20\x20\x20\x20\x20"
  "\x20\x20\x6b\x20\x3d\x20\x28\x69\x6e\x74\x29\x28\x31\x2e\x34\x34\x32\x36\x39\x35"
  "\x30\x34\x30\x38\x38\x38\x39\x36\x33\x33\x38\x37\x30\x30\x65\x2b\x30\x30\x20\x2a"
  "\x20\x78\x20\x2b\x20\x28\x78\x73\x62\x20\x3d\x3d\x20\x30\x20\x3f\x20\x30\x2e\x35"
  "\x20\x3a\x20\x30\x20\x2d\x20\x30\x2e\x35\x29\x29\x3b\x0a\x20\x20\x20\x20\x20\x20"
  "\x20\x20\x20\x20\x20\x20\x74\x20\x3d\x20\x6b\x3b\x0a\x20\x20\x20\x20\x20\x20\x20"
  "\x20\x20\x20\x20\x20\x68\x69\x20\x3d\x20\x78\x20\x2d\x20\x74\x20\x2a\x20\x36\x2e"
  "\x39\x33\x31\x34\x37\x31\x38\x30\x33\x36\x39\x31\x32\x33\x38\x31\x36\x34\x39\x30"
  "\x65\x2d\x30\x31\x3b\x0a\x20\x20\x20\x20\x20\x20\x20\x20\x20\x20\x20\x20\x6c\x6f"
  "\x20\x3d\x20\x74\x20\x2a\x20\x31\x2e\x39\x30\x38\x32\x31\x34\x39\x32\x39\x32\x37"
  "\x30\x35\x38\x37\x37\x30\x30\x30\x32\x65\x2d\x31\x30\x3b\x0a\x20\x20\x20\x20\x20"
  "\x20\x20\x20\x7d\x0a\x20\x20\x20\x20\x20\x20\x20\x20\x78\x20\x3d\x20\x68\x69\x20"
  "\x2d\x20\x6c\x6f\x3b\x0a\x20\x20\x20\x20\x20\x20\x20\x20\x63\x20\x3d\x20\x28\x68"
  "\x69\x20\x2d\x20\x78\x29\x20\x2d\x20\x6c\x6f\x3b\x0a\x20\x20\x20\x20\x7d\x20\x65"
  "\x6c\x73\x65\x20\x7b\x0a\x20\x20\x20\x20\x20\x20\x20\x20\x69\x66\x20\x28\x68\x78"
  "\x20\x3c\x20\x31\x30\x31\x36\x30\x37\x30\x31\x34\x34\x29\x20\x7b\x20\x20\x20\x20"
  "\x20\x20\x20\x20\x20\x20\x20\x20\x20\x20\x20\x20\x20\x20\x20\x20\x20\x20\x20\x20"
  "\x20\x20\x20\x20\x20\x20\x2f\x2a\x20\x7c\x78\x7c\x20\x3c\x20\x32\x5e\x2d\x35\x34"
  "\x20\x2a\x2f\x0a\x20\x20\x20\x20\x20\x20\x20\x20\x20\x20\x20\x20\x74\x20\x3d\x20"
  "\x31\x2e\x30\x65\x33\x30\x30\x20\x2b\x20\x78\x3b\x0a\x20\x20\x20\x20\x20\x20\x20"
  "\x20\x20\x20\x20\x20\x72\x65\x74\x75\x72\x6e\x20\x78\x20\x2d\x20\x28\x74\x20\x2d"
  "\x20\x28\x31\x2e\x30\x65\x33\x30\x30\x20\x2b\x20\x78\x29\x29\x3b\x0a\x20\x20\x20"
  "\x20\x20\x20\x20\x20\x7d\x0a\x20\x20\x20\x20\x20\x20\x20\x20\x6b\x20\x3d\x20\x30"
  "\x3b\x0a\x20\x20\x20\x20\x7d\x0a\x20\x20\x20\x20\x68\x66\x78\x20\x3d\x20\x30\x2e"
  "\x35\x20\x2a\x20\x78\x3b\x0a\x20\x20\x20\x20\x68\x78\x73\x20\x3d\x20\x78\x20\x2a"
  "\x20\x68\x66\x78\x3b\x0a\x20\x20\x20\x20\x72\x31\x20\x3d\x20\x31\x2e\x30\x20\x2b"
  "\x20\x68\x78\x73\x20\x2a\x20\x28\x30\x20\x2d\x20\x33\x2e\x33\x33\x33\x33\x33\x33"
  "\x33\x33\x33\x33\x33\x33\x33\x31\x33\x31\x36\x34\x32\x38\x65\x2d\x30\x32\x20\x2b"
  "\x20\x68\x78\x73\x20\x2a\x20\x28\x31\x2e\x35\x38\x37\x33\x30\x31\x35\x38\x37\x32"
  "\x35\x34\x38\x31\x34\x36\x30\x31\x36\x35\x65\x2d\x30\x33\x0a\x20\x20\x20\x20\x20"
  "\x20\x20\x20\x20\x2b\x20\x68\x78\x73\x20\x2a\x20\x28\x30\x20\x2d\x20\x37\x2e\x39"
  "\x33\x36\x35\x30\x37\x35\x37\x38\x36\x37\x34\x38\x37\x39\x34\x32\x34\x37\x33\x65"
  "\x2d\x30\x35\x20\x2b\x20\x68\x78\x73\x20\x2a\x20\x28\x34\x2e\x30\x30\x38\x32\x31"
  "\x37\x38\x32\x37\x33\x32\x39\x33\x36\x32\x33\x39\x35\x35\x32\x65\x2d\x30\x36\x0a"
  "\x20\x20\x20\x20\x20\x20\x20\x20\x20\x2b\x20\x68\x78\x73\x20\x2a\x20\x28\x30\x20"
  "\x2d\x20\x32\x2e\x30\x31\x30\x39\x39\x32\x31\x38\x31\x38\x33\x36\x32\x34\x33\x37"
  "\x31\x33\x32\x36\x65\x2d\x30\x37\x29\x29\x29\x29\x29\x3b\x0a\x20\x20\x20\x20\x74"
  "\x20\x3d\x20\x33\x2e\x30\x20\x2d\x20\x72\x31\x20\x2a\x20\x68\x66\x78\x3b\x0a\x20"
  "\x20\x20\x20\x65\x20\x3d\x20\x68\x78\x73\x20\x2a\x20\x28\x28\x72\x31\x20\x2d\x20"
  "\x74\x29\x20\x2f\x20\x28\x36\x2e\x30\x20\x2d\x20\x78\x20\x2a\x20\x74\x29\x29\x3b"
  "\x0a\x20\x20\x20\x20\x69\x66\x20\x28\x6b\x20\x3d\x3d\x20\x30\x29\x20\x72\x65\x74"
  "\x75\x72\x6e\x20\x78\x20\x2d\x20\x28\x78\x20\x2a\x20\x65\x20\x2d\x20\x68\x78\x73"
  "\x29\x3b\x0a\x20\x20\x20\x20\x65\x20\x3d\x20\x28\x78\x20\x2a\x20\x28\x65\x20\x2d"
  "\x20\x63\x29\x20\x2d\x20\x63\x29\x3b\x0a\x20\x20\x20\x20\x65\x20\x3d\x20\x65\x20"
  "\x2d\x20\x68\x78\x73\x3b\x0a\x20\x20\x20\x20\x69\x66\x20\x28\x6b\x20\x3d\x3d\x20"
  "\x30\x20\x2d\x20\x31\x29\x20\x72\x65\x74\x75\x72\x6e\x20\x30\x2e\x35\x20\x2a\x20"
  "\x28\x78\x20\x2d\x20\x65\x29\x20\x2d\x20\x30\x2e\x35\x3b\x0a\x20\x20\x20\x20\x69"
  "\x66\x20\x28\x6b\x20\x3d\x3d\x20\x31\x29\x20\x7b\x0a\x20\x20\x20\x20\x20\x20\x20"
  "\x20\x69\x66\x20\x28\x78\x20\x3c\x20\x30\x20\x2d\x20\x30\x2e\x32\x35\x29\x20\x72"
  "\x65\x74\x75\x72\x6e\x20\x30\x20\x2d\x20\x32\x2e\x30\x20\x2a\x20\x28\x65\x20\x2d"
  "\x20\x28\x78\x20\x2b\x20\x30\x2e\x35\x29\x29\x3b\x0a\x20\x20\x20\x20\x20\x20\x20"
  "\x20\x72\x65\x74\x75\x72\x6e\x20\x31\x2e\x30\x20\x2b\x20\x32\x2e\x30\x20\x2a\x20"
  "\x28\x78\x20\x2d\x20\x65\x29\x3b\x0a\x20\x20\x20\x20\x7d\x0a\x20\x20\x20\x20\x69"
  "\x66\x20\x28\x6b\x20\x3c\x3d\x20\x30\x20\x2d\x20\x32\x20\x7c\x7c\x20\x6b\x20\x3e"
  "\x20\x35\x36\x29\x20\x7b\x0a\x20\x20\x20\x20\x20\x20\x20\x20\x79\x20\x3d\x20\x31"
  "\x2e\x30\x20\x2d\x20\x28\x65\x20\x2d\x20\x78\x29\x3b\x0a\x20\x20\x20\x20\x20\x20"
  "\x20\x20\x79\x20\x3d\x20\x5f\x6d\x5f\x73\x65\x74\x68\x69\x28\x79\x2c\x20\x5f\x6d"
  "\x5f\x68\x69\x28\x79\x29\x20\x2b\x20\x28\x6b\x20\x3c\x3c\x20\x32\x30\x29\x29\x3b"
  "\x0a\x20\x20\x20\x20\x20\x20\x20\x20\x72\x65\x74\x75\x72\x6e\x20\x79\x20\x2d\x20"
  "\x31\x2e\x30\x3b\x0a\x20\x20\x20\x20\x7d\x0a\x20\x20\x20\x20\x74\x20\x3d\x20\x31"
  "\x2e\x30\x3b\x0a\x20\x20\x20\x20\x69\x66\x20\x28\x6b\x20\x3c\x20\x32\x30\x29\x20"
  "\x7b\x0a\x20\x20\x20\x20\x20\x20\x20\x20\x74\x20\x3d\x20\x5f\x6d\x5f\x73\x65\x74"
  "\x68\x69\x28\x74\x2c\x20\x31\x30\x37\x32\x36\x39\x33\x32\x34\x38\x20\x2d\x20\x28"
  "\x32\x30\x39\x37\x31\x35\x32\x20\x3e\x3e\x20\x6b\x29\x29\x3b\x20\x20\x20\x20\x20"
  "\x20\x20\x2f\x2a\x20\x31\x20\x2d\x20\x32\x5e\x2d\x6b\x20\x2a\x2f\x0a\x20\x20\x20"
  "\x20\x20\x20\x20\x20\x79\x20\x3d\x20\x74\x20\x2d\x20\x28\x65\x20\x2d\x20\x78\x29"
  "\x3b\x0a\x20\x20\x20\x20\x20\x20\x20\x20\x79\x20\x3d\x20\x5f\x6d\x5f\x73\x65\x74"
  "\x68\x69\x28\x79\x2c\x20\x5f\x6d\x5f\x68\x69\x28\x79\x29\x20\x2b\x20\x28\x6b\x20"
  "\x3c\x3c\x20\x32\x30\x29\x29\x3b\x0a\x20\x20\x20\x20\x7d\x20\x65\x6c\x73\x65\x20"
  "\x7b\x0a\x20\x20\x20\x20\x20\x20\x20\x20\x74\x20\x3d\x20\x5f\x6d\x5f\x73\x65\x74"
  "\x68\x69\x28\x74\x2c\x20\x28\x31\x30\x32\x33\x20\x2d\x20\x6b\x29\x20\x3c\x3c\x20"
  "\x32\x30\x29\x3b\x20\x20\x20\x20\x20\x20\x20\x20\x20\x20\x20\x20\x20\x20\x20\x20"
  "\x20\x20\x2f\x2a\x20\x32\x5e\x2d\x6b\x20\x2a\x2f\x0a\x20\x20\x20\x20\x20\x20\x20"
  "\x20\x79\x20\x3d\x20\x78\x20\x2d\x20\x28\x65\x20\x2b\x20\x74\x29\x3b\x0a\x20\x20"
  "\x20\x20\x20\x20\x20\x20\x79\x20\x3d\x20\x79\x20\x2b\x20\x31\x2e\x30\x3b\x0a\x20"
  "\x20\x20\x20\x20\x20\x20\x20\x79\x20\x3d\x20\x5f\x6d\x5f\x73\x65\x74\x68\x69\x28"
  "\x79\x2c\x20\x5f\x6d\x5f\x68\x69\x28\x79\x29\x20\x2b\x20\x28\x6b\x20\x3c\x3c\x20"
  "\x32\x30\x29\x29\x3b\x0a\x20\x20\x20\x20\x7d\x0a\x20\x20\x20\x20\x72\x65\x74\x75"
  "\x72\x6e\x20\x79\x3b\x0a\x7d\x0a\x73\x74\x61\x74\x69\x63\x20\x64\x6f\x75\x62\x6c"
  "\x65\x20\x73\x69\x6e\x68\x28\x64\x6f\x75\x62\x6c\x65\x20\x78\x29\x20\x7b\x0a\x20"
  "\x20\x20\x20\x64\x6f\x75\x62\x6c\x65\x20\x74\x3b\x20\x64\x6f\x75\x62\x6c\x65\x20"
  "\x77\x3b\x20\x64\x6f\x75\x62\x6c\x65\x20\x68\x3b\x0a\x20\x20\x20\x20\x69\x6e\x74"
  "\x20\x69\x78\x3b\x20\x69\x6e\x74\x20\x6a\x78\x3b\x0a\x20\x20\x20\x20\x75\x6e\x73"
  "\x69\x67\x6e\x65\x64\x20\x69\x6e\x74\x20\x6c\x78\x3b\x0a\x20\x20\x20\x20\x6a\x78"
  "\x20\x3d\x20\x5f\x6d\x5f\x68\x69\x28\x78\x29\x3b\x0a\x20\x20\x20\x20\x69\x78\x20"
  "\x3d\x20\x6a\x78\x20\x26\x20\x32\x31\x34\x37\x34\x38\x33\x36\x34\x37\x3b\x0a\x20"
  "\x20\x20\x20\x69\x66\x20\x28\x69\x78\x20\x3e\x3d\x20\x32\x31\x34\x36\x34\x33\x35"
  "\x30\x37\x32\x29\x20\x72\x65\x74\x75\x72\x6e\x20\x78\x20\x2b\x20\x78\x3b\x0a\x20"
  "\x20\x20\x20\x68\x20\x3d\x20\x30\x2e\x35\x3b\x0a\x20\x20\x20\x20\x69\x66\x20\x28"
  "\x6a\x78\x20\x3c\x20\x30\x29\x20\x68\x20\x3d\x20\x30\x20\x2d\x20\x68\x3b\x0a\x20"
  "\x20\x20\x20\x69\x66\x20\x28\x69\x78\x20\x3c\x20\x31\x30\x37\x37\x32\x38\x30\x37"
  "\x36\x38\x29\x20\x7b\x20\x20\x20\x20\x20\x20\x20\x20\x20\x20\x20\x20\x20\x20\x20"
  "\x20\x20\x20\x20\x20\x20\x20\x20\x20\x20\x20\x20\x20\x20\x20\x20\x20\x20\x20\x2f"
  "\x2a\x20\x7c\x78\x7c\x20\x3c\x20\x32\x32\x20\x2a\x2f\x0a\x20\x20\x20\x20\x20\x20"
  "\x20\x20\x69\x66\x20\x28\x69\x78\x20\x3c\x20\x31\x30\x34\x33\x33\x33\x33\x31\x32"
  "\x30\x29\x20\x7b\x20\x69\x66\x20\x28\x31\x2e\x30\x65\x33\x30\x37\x20\x2b\x20\x78"
  "\x20\x3e\x20\x31\x2e\x30\x29\x20\x72\x65\x74\x75\x72\x6e\x20\x78\x3b\x20\x7d\x20"
  "\x20\x20\x2f\x2a\x20\x7c\x78\x7c\x20\x3c\x20\x32\x5e\x2d\x32\x38\x20\x2a\x2f\x0a"
  "\x20\x20\x20\x20\x20\x20\x20\x20\x74\x20\x3d\x20\x65\x78\x70\x6d\x31\x28\x66\x61"
  "\x62\x73\x28\x78\x29\x29\x3b\x0a\x20\x20\x20\x20\x20\x20\x20\x20\x69\x66\x20\x28"
  "\x69\x78\x20\x3c\x20\x31\x30\x37\x32\x36\x39\x33\x32\x34\x38\x29\x20\x72\x65\x74"
  "\x75\x72\x6e\x20\x68\x20\x2a\x20\x28\x32\x2e\x30\x20\x2a\x20\x74\x20\x2d\x20\x74"
  "\x20\x2a\x20\x74\x20\x2f\x20\x28\x74\x20\x2b\x20\x31\x2e\x30\x29\x29\x3b\x0a\x20"
  "\x20\x20\x20\x20\x20\x20\x20\x72\x65\x74\x75\x72\x6e\x20\x68\x20\x2a\x20\x28\x74"
  "\x20\x2b\x20\x74\x20\x2f\x20\x28\x74\x20\x2b\x20\x31\x2e\x30\x29\x29\x3b\x0a\x20"
  "\x20\x20\x20\x7d\x0a\x20\x20\x20\x20\x69\x66\x20\x28\x69\x78\x20\x3c\x20\x31\x30"
  "\x38\x32\x35\x33\x35\x34\x39\x30\x29\x20\x72\x65\x74\x75\x72\x6e\x20\x68\x20\x2a"
  "\x20\x65\x78\x70\x28\x66\x61\x62\x73\x28\x78\x29\x29\x3b\x20\x20\x20\x20\x20\x20"
  "\x20\x20\x20\x20\x20\x2f\x2a\x20\x7c\x78\x7c\x20\x3c\x20\x6c\x6f\x67\x28\x44\x42"
  "\x4c\x5f\x4d\x41\x58\x29\x20\x2a\x2f\x0a\x20\x20\x20\x20\x6c\x78\x20\x3d\x20\x5f"
  "\x6d\x5f\x6c\x6f\x28\x78\x29\x3b\x0a\x20\x20\x20\x20\x69\x66\x20\x28\x69\x78\x20"
  "\x3c\x20\x31\x30\x38\x32\x35\x33\x36\x39\x31\x30\x20\x7c\x7c\x20\x28\x69\x78\x20"
  "\x3d\x3d\x20\x31\x30\x38\x32\x35\x33\x36\x39\x31\x30\x20\x26\x26\x20\x6c\x78\x20"
  "\x3c\x3d\x20\x32\x34\x31\x31\x33\x32\x39\x36\x36\x31\x29\x29\x20\x7b\x0a\x20\x20"
  "\x20\x20\x20\x20\x20\x20\x77\x20\x3d\x20\x65\x78\x70\x28\x30\x2e\x35\x20\x2a\x20"
  "\x66\x61\x62\x73\x28\x78\x29\x29\x3b\x0a\x20\x20\x20\x20\x20\x20\x20\x20\x74\x20"
  "\x3d\x20\x68\x20\x2a\x20\x77\x3b\x0a\x20\x20\x20\x20\x20\x20\x20\x20\x72\x65\x74"
  "\x75\x72\x6e\x20\x74\x20\x2a\x20\x77\x3b\x0a\x20\x20\x20\x20\x7d\x0a\x20\x20\x20"
  "\x20\x72\x65\x74\x75\x72\x6e\x20\x78\x20\x2a\x20\x31\x2e\x30\x65\x33\x30\x37\x3b"
  "\x0a\x7d\x0a\x73\x74\x61\x74\x69\x63\x20\x64\x6f\x75\x62\x6c\x65\x20\x63\x6f\x73"
  "\x68\x28\x64\x6f\x75\x62\x6c\x65\x20\x78\x29\x20\x7b\x0a\x20\x20\x20\x20\x64\x6f"
  "\x75\x62\x6c\x65\x20\x74\x3b\x20\x64\x6f\x75\x62\x6c\x65\x20\x77\x3b\x0a\x20\x20"
  "\x20\x20\x69\x6e\x74\x20\x69\x78\x3b\x0a\x20\x20\x20\x20\x75\x6e\x73\x69\x67\x6e"
  "\x65\x64\x20\x69\x6e\x74\x20\x6c\x78\x3b\x0a\x20\x20\x20\x20\x69\x78\x20\x3d\x20"
  "\x5f\x6d\x5f\x68\x69\x28\x78\x29\x20\x26\x20\x32\x31\x34\x37\x34\x38\x33\x36\x34"
  "\x37\x3b\x0a\x20\x20\x20\x20\x69\x66\x20\x28\x69\x78\x20\x3e\x3d\x20\x32\x31\x34"
  "\x36\x34\x33\x35\x30\x37\x32\x29\x20\x72\x65\x74\x75\x72\x6e\x20\x78\x20\x2a\x20"
  "\x78\x3b\x0a\x20\x20\x20\x20\x69\x66\x20\x28\x69\x78\x20\x3c\x20\x31\x30\x37\x31"
  "\x30\x30\x31\x31\x35\x35\x29\x20\x7b\x20\x20\x20\x20\x20\x20\x20\x20\x20\x20\x20"
  "\x20\x20\x20\x20\x20\x20\x20\x20\x20\x20\x20\x20\x20\x20\x20\x20\x20\x20\x20\x20"
  "\x20\x20\x20\x2f\x2a\x20\x7c\x78\x7c\x20\x3c\x20\x30\x2e\x35\x20\x6c\x6e\x32\x20"
  "\x2a\x2f\x0a\x20\x20\x20\x20\x20\x20\x20\x20\x74\x20\x3d\x20\x65\x78\x70\x6d\x31"
  "\x28\x66\x61\x62\x73\x28\x78\x29\x29\x3b\x0a\x20\x20\x20\x20\x20\x20\x20\x20\x77"
  "\x20\x3d\x20\x31\x2e\x30\x20\x2b\x20\x74\x3b\x0a\x20\x20\x20\x20\x20\x20\x20\x20"
  "\x69\x66\x20\x28\x69\x78\x20\x3c\x20\x31\x30\x31\x35\x30\x32\x31\x35\x36\x38\x29"
  "\x20\x72\x65\x74\x75\x72\x6e\x20\x77\x3b\x20\x20\x20\x20\x20\x20\x20\x20\x20\x20"
  "\x20\x20\x20\x20\x20\x20\x20\x20\x20\x20\x20\x20\x2f\x2a\x20\x7c\x78\x7c\x20\x3c"
  "\x20\x32\x5e\x2d\x35\x35\x20\x2a\x2f\x0a\x20\x20\x20\x20\x20\x20\x20\x20\x72\x65"
  "\x74\x75\x72\x6e\x20\x31\x2e\x30\x20\x2b\x20\x28\x74\x20\x2a\x20\x74\x29\x20\x2f"
  "\x20\x28\x77\x20\x2b\x20\x77\x29\x3b\x0a\x20\x20\x20\x20\x7d\x0a\x20\x20\x20\x20"
  "\x69\x66\x20\x28\x69\x78\x20\x3c\x20\x31\x30\x37\x37\x32\x38\x30\x37\x36\x38\x29"
  "\x20\x7b\x20\x74\x20\x3d\x20\x65\x78\x70\x28\x66\x61\x62\x73\x28\x78\x29\x29\x3b"
  "\x20\x72\x65\x74\x75\x72\x6e\x20\x30\x2e\x35\x20\x2a\x20\x74\x20\x2b\x20\x30\x2e"
  "\x35\x20\x2f\x20\x74\x3b\x20\x7d\x0a\x20\x20\x20\x20\x69\x66\x20\x28\x69\x78\x20"
  "\x3c\x20\x31\x30\x38\x32\x35\x33\x35\x34\x39\x30\x29\x20\x72\x65\x74\x75\x72\x6e"
  "\x20\x30\x2e\x35\x20\x2a\x20\x65\x78\x70\x28\x66\x61\x62\x73\x28\x78\x29\x29\x3b"
  "\x0a\x20\x20\x20\x20\x6c\x78\x20\x3d\x20\x5f\x6d\x5f\x6c\x6f\x28\x78\x29\x3b\x0a"
  "\x20\x20\x20\x20\x69\x66\x20\x28\x69\x78\x20\x3c\x20\x31\x30\x38\x32\x35\x33\x36"
  "\x39\x31\x30\x20\x7c\x7c\x20\x28\x69\x78\x20\x3d\x3d\x20\x31\x30\x38\x32\x35\x33"
  "\x36\x39\x31\x30\x20\x26\x26\x20\x6c\x78\x20\x3c\x3d\x20\x32\x34\x31\x31\x33\x32"
  "\x39\x36\x36\x31\x29\x29\x20\x7b\x0a\x20\x20\x20\x20\x20\x20\x20\x20\x77\x20\x3d"
  "\x20\x65\x78\x70\x28\x30\x2e\x35\x20\x2a\x20\x66\x61\x62\x73\x28\x78\x29\x29\x3b"
  "\x0a\x20\x20\x20\x20\x20\x20\x20\x20\x74\x20\x3d\x20\x30\x2e\x35\x20\x2a\x20\x77"
  "\x3b\x0a\x20\x20\x20\x20\x20\x20\x20\x20\x72\x65\x74\x75\x72\x6e\x20\x74\x20\x2a"
  "\x20\x77\x3b\x0a\x20\x20\x20\x20\x7d\x0a\x20\x20\x20\x20\x72\x65\x74\x75\x72\x6e"
  "\x20\x31\x2e\x30\x65\x33\x30\x30\x20\x2a\x20\x31\x2e\x30\x65\x33\x30\x30\x3b\x0a"
  "\x7d\x0a\x73\x74\x61\x74\x69\x63\x20\x64\x6f\x75\x62\x6c\x65\x20\x74\x61\x6e\x68"
  "\x28\x64\x6f\x75\x62\x6c\x65\x20\x78\x29\x20\x7b\x0a\x20\x20\x20\x20\x64\x6f\x75"
  "\x62\x6c\x65\x20\x74\x3b\x20\x64\x6f\x75\x62\x6c\x65\x20\x7a\x3b\x0a\x20\x20\x20"
  "\x20\x69\x6e\x74\x20\x6a\x78\x3b\x20\x69\x6e\x74\x20\x69\x78\x3b\x0a\x20\x20\x20"
  "\x20\x6a\x78\x20\x3d\x20\x5f\x6d\x5f\x68\x69\x28\x78\x29\x3b\x0a\x20\x20\x20\x20"
  "\x69\x78\x20\x3d\x20\x6a\x78\x20\x26\x20\x32\x31\x34\x37\x34\x38\x33\x36\x34\x37"
  "\x3b\x0a\x20\x20\x20\x20\x69\x66\x20\x28\x69\x78\x20\x3e\x3d\x20\x32\x31\x34\x36"
  "\x34\x33\x35\x30\x37\x32\x29\x20\x7b\x20\x69\x66\x20\x28\x6a\x78\x20\x3e\x3d\x20"
  "\x30\x29\x20\x72\x65\x74\x75\x72\x6e\x20\x31\x2e\x30\x20\x2f\x20\x78\x20\x2b\x20"
  "\x31\x2e\x30\x3b\x20\x72\x65\x74\x75\x72\x6e\x20\x31\x2e\x30\x20\x2f\x20\x78\x20"
  "\x2d\x20\x31\x2e\x30\x3b\x20\x7d\x0a\x20\x20\x20\x20\x69\x66\x20\x28\x69\x78\x20"
  "\x3c\x20\x31\x30\x37\x37\x32\x38\x30\x37\x36\x38\x29\x20\x7b\x20\x20\x20\x20\x20"
  "\x20\x20\x20\x20\x20\x20\x20\x20\x20\x20\x20\x20\x20\x20\x20\x20\x20\x20\x20\x20"
  "\x20\x20\x20\x20\x20\x20\x20\x20\x20\x2f\x2a\x20\x7c\x78\x7c\x20\x3c\x20\x32\x32"
  "\x20\x2a\x2f\x0a\x20\x20\x20\x20\x20\x20\x20\x20\x69\x66\x20\x28\x69\x78\x20\x3c"
  "\x20\x31\x30\x31\x35\x30\x32\x31\x35\x36\x38\x29\x20\x72\x65\x74\x75\x72\x6e\x20"
  "\x78\x20\x2a\x20\x28\x31\x2e\x30\x20\x2b\x20\x78\x29\x3b\x20\x20\x20\x20\x20\x20"
  "\x20\x20\x20\x20\x2f\x2a\x20\x7c\x78\x7c\x20\x3c\x20\x32\x5e\x2d\x35\x35\x20\x2a"
  "\x2f\x0a\x20\x20\x20\x20\x20\x20\x20\x20\x69\x66\x20\x28\x69\x78\x20\x3e\x3d\x20"
  "\x31\x30\x37\x32\x36\x39\x33\x32\x34\x38\x29\x20\x7b\x20\x20\x20\x20\x20\x20\x20"
  "\x20\x20\x20\x20\x20\x20\x20\x20\x20\x20\x20\x20\x20\x20\x20\x20\x20\x20\x20\x20"
  "\x20\x20\x2f\x2a\x20\x7c\x78\x7c\x20\x3e\x3d\x20\x31\x20\x2a\x2f\x0a\x20\x20\x20"
  "\x20\x20\x20\x20\x20\x20\x20\x20\x20\x74\x20\x3d\x20\x65\x78\x70\x6d\x31\x28\x32"
  "\x2e\x30\x20\x2a\x20\x66\x61\x62\x73\x28\x78\x29\x29\x3b\x0a\x20\x20\x20\x20\x20"
  "\x20\x20\x20\x20\x20\x20\x20\x7a\x20\x3d\x20\x31\x2e\x30\x20\x2d\x20\x32\x2e\x30"
  "\x20\x2f\x20\x28\x74\x20\x2b\x20\x32\x2e\x30\x29\x3b\x0a\x20\x20\x20\x20\x20\x20"
  "\x20\x20\x7d\x20\x65\x6c\x73\x65\x20\x7b\x0a\x20\x20\x20\x20\x20\x20\x20\x20\x20"
  "\x20\x20\x20\x74\x20\x3d\x20\x65\x78\x70\x6d\x31\x28\x30\x20\x2d\x20\x32\x2e\x30"
  "\x20\x2a\x20\x66\x61\x62\x73\x28\x78\x29\x29\x3b\x0a\x20\x20\x20\x20\x20\x20\x20"
  "\x20\x20\x20\x20\x20\x7a\x20\x3d\x20\x28\x30\x20\x2d\x20\x74\x29\x20\x2f\x20\x28"
  "\x74\x20\x2b\x20\x32\x2e\x30\x29\x3b\x0a\x20\x20\x20\x20\x20\x20\x20\x20\x7d\x0a"
  "\x20\x20\x20\x20\x7d\x20\x65\x6c\x73\x65\x20\x7a\x20\x3d\x20\x31\x2e\x30\x20\x2d"
  "\x20\x31\x2e\x30\x65\x2d\x33\x30\x30\x3b\x0a\x20\x20\x20\x20\x72\x65\x74\x75\x72"
  "\x6e\x20\x6a\x78\x20\x3e\x3d\x20\x30\x20\x3f\x20\x7a\x20\x3a\x20\x30\x20\x2d\x20"
  "\x7a\x3b\x0a\x7d\x0a\x0a\x2f\x2a\x20\x2d\x2d\x2d\x2d\x20\x70\x6f\x77\x20\x28\x66"
  "\x64\x6c\x69\x62\x6d\x20\x65\x5f\x70\x6f\x77\x2e\x63\x29\x20\x2d\x2d\x2d\x2d\x2d"
  "\x2d\x2d\x2d\x2d\x2d\x2d\x2d\x2d\x2d\x2d\x2d\x2d\x2d\x2d\x2d\x2d\x2d\x2d\x2d\x2d"
  "\x2d\x2d\x2d\x2d\x2d\x2d\x2d\x2d\x2d\x2d\x2d\x2d\x2d\x2d\x2d\x2d\x2d\x2d\x2d\x2d"
  "\x2d\x2d\x20\x2a\x2f\x0a\x73\x74\x61\x74\x69\x63\x20\x64\x6f\x75\x62\x6c\x65\x20"
  "\x70\x6f\x77\x28\x64\x6f\x75\x62\x6c\x65\x20\x78\x2c\x20\x64\x6f\x75\x62\x6c\x65"
  "\x20\x79\x29\x20\x7b\x0a\x20\x20\x20\x20\x64\x6f\x75\x62\x6c\x65\x20\x7a\x3b\x20"
  "\x64\x6f\x75\x62\x6c\x65\x20\x61\x78\x3b\x20\x64\x6f\x75\x62\x6c\x65\x20\x7a\x5f"
  "\x68\x3b\x20\x64\x6f\x75\x62\x6c\x65\x20\x7a\x5f\x6c\x3b\x20\x64\x6f\x75\x62\x6c"
  "\x65\x20\x70\x5f\x68\x3b\x20\x64\x6f\x75\x62\x6c\x65\x20\x70\x5f\x6c\x3b\x0a\x20"
  "\x20\x20\x20\x64\x6f\x75\x62\x6c\x65\x20\x79\x31\x3b\x20\x64\x6f\x75\x62\x6c\x65"
  "\x20\x74\x31\x3b\x20\x64\x6f\x75\x62\x6c\x65\x20\x74\x32\x3b\x20\x64\x6f\x75\x62"
  "\x6c\x65\x20\x72\x3b\x20\x64\x6f\x75\x62\x6c\x65\x20\x73\x3b\x20\x64\x6f\x75\x62"
  "\x6c\x65\x20\x74\x3b\x20\x64\x6f\x75\x62\x6c\x65\x20\x75\x3b\x0a\x20\x20\x20\x20"
  "\x64\x6f\x75\x62\x6c\x65\x20\x76\x3b\x20\x64\x6f\x75\x62\x6c\x65\x20\x77\x3b\x0a"
  "\x20\x20\x20\x20\x64\x6f\x75\x62\x6c\x65\x20\x73\x73\x3b\x20\x64\x6f\x75\x62\x6c"
  "\x65\x20\x73\x32\x3b\x20\x64\x6f\x75\x62\x6c\x65\x20\x73\x5f\x68\x3b\x20\x64\x6f"
  "\x75\x62\x6c\x65\x20\x73\x5f\x6c\x3b\x20\x64\x6f\x75\x62\x6c\x65\x20\x74\x5f\x68"
  "\x3b\x20\x64\x6f\x75\x62\x6c\x65\x20\x74\x5f\x6c\x3b\x0a\x20\x20\x20\x20\x64\x6f"
  "\x75\x62\x6c\x65\x20\x62\x70\x6b\x3b\x20\x64\x6f\x75\x62\x6c\x65\x20\x64\x70\x68"
  "\x6b\x3b\x20\x64\x6f\x75\x62\x6c\x65\x20\x64\x70\x6c\x6b\x3b\x0a\x20\x20\x20\x20"
  "\x69\x6e\x74\x20\x69\x3b\x20\x69\x6e\x74\x20\x6a\x3b\x20\x69\x6e\x74\x20\x6b\x3b"
  "\x20\x69\x6e\x74\x20\x79\x69\x73\x69\x6e\x74\x3b\x20\x69\x6e\x74\x20\x6e\x3b\x0a"
  "\x20\x20\x20\x20\x69\x6e\x74\x20\x68\x78\x3b\x20\x69\x6e\x74\x20\x68\x79\x3b\x20"
  "\x69\x6e\x74\x20\x69\x78\x3b\x20\x69\x6e\x74\x20\x69\x79\x3b\x0a\x20\x20\x20\x20"
  "\x75\x6e\x73\x69\x67\x6e\x65\x64\x20\x69\x6e\x74\x20\x6c\x78\x3b\x20\x75\x6e\x73"
  "\x69\x67\x6e\x65\x64\x20\x69\x6e\x74\x20\x6c\x79\x3b\x0a\x20\x20\x20\x20\x68\x78"
  "\x20\x3d\x20\x5f\x6d\x5f\x68\x69\x28\x78\x29\x3b\x20\x6c\x78\x20\x3d\x20\x5f\x6d"
  "\x5f\x6c\x6f\x28\x78\x29\x3b\x0a\x20\x20\x20\x20\x68\x79\x20\x3d\x20\x5f\x6d\x5f"
  "\x68\x69\x28\x79\x29\x3b\x20\x6c\x79\x20\x3d\x20\x5f\x6d\x5f\x6c\x6f\x28\x79\x29"
  "\x3b\x0a\x20\x20\x20\x20\x69\x78\x20\x3d\x20\x68\x78\x20\x26\x20\x32\x31\x34\x37"
  "\x34\x38\x33\x36\x34\x37\x3b\x20\x69\x79\x20\x3d\x20\x68\x79\x20\x26\x20\x32\x31"
  "\x34\x37\x34\x38\x33\x36\x34\x37\x3b\x0a\x20\x20\x20\x20\x69\x66\x20\x28\x28\x69"
  "\x79\x20\x7c\x20\x6c\x79\x29\x20\x3d\x3d\x20\x30\x29\x20\x72\x65\x74\x75\x72\x6e"
  "\x20\x31\x2e\x30\x3b\x20\x20\x20\x20\x20\x20\x20\x20\x20\x20\x20\x20\x20\x20\x20"
  "\x20\x20\x20\x20\x20\x20\x20\x20\x20\x20\x2f\x2a\x20\x78\x2a\x2a\x30\x20\x3d\x20"
  "\x31\x20\x2a\x2f\x0a\x20\x20\x20\x20\x69\x66\x20\x28\x69\x78\x20\x3e\x20\x32\x31"
  "\x34\x36\x34\x33\x35\x30\x37\x32\x20\x7c\x7c\x20\x28\x69\x78\x20\x3d\x3d\x20\x32"
  "\x31\x34\x36\x34\x33\x35\x30\x37\x32\x20\x26\x26\x20\x6c\x78\x20\x21\x3d\x20\x30"
  "\x29\x0a\x20\x20\x20\x20\x20\x20\x20\x20\x7c\x7c\x20\x69\x79\x20\x3e\x20\x32\x31"
  "\x34\x36\x34\x33\x35\x30\x37\x32\x20\x7c\x7c\x20\x28\x69\x79\x20\x3d\x3d\x20\x32"
  "\x31\x34\x36\x34\x33\x35\x30\x37\x32\x20\x26\x26\x20\x6c\x79\x20\x21\x3d\x20\x30"
  "\x29\x29\x20\x72\x65\x74\x75\x72\x6e\x20\x78\x20\x2b\x20\x79\x3b\x0a\x20\x20\x20"
  "\x20\x2f\x2a\x20\x69\x73\x20\x79\x20\x61\x6e\x20\x6f\x64\x64\x20\x69\x6e\x74\x65"
  "\x67\x65\x72\x20\x28\x31\x29\x2c\x20\x61\x6e\x20\x65\x76\x65\x6e\x20\x6f\x6e\x65"
  "\x20\x28\x32\x29\x2c\x20\x6f\x72\x20\x6e\x6f\x74\x20\x6f\x6e\x65\x20\x28\x30\x29"
  "\x3f\x20\x66\x6f\x72\x20\x78\x20\x3c\x20\x30\x20\x2a\x2f\x0a\x20\x20\x20\x20\x79"
  "\x69\x73\x69\x6e\x74\x20\x3d\x20\x30\x3b\x0a\x20\x20\x20\x20\x69\x66\x20\x28\x68"
  "\x78\x20\x3c\x20\x30\x29\x20\x7b\x0a\x20\x20\x20\x20\x20\x20\x20\x20\x69\x66\x20"
  "\x28\x69\x79\x20\x3e\x3d\x20\x31\x31\x32\x38\x32\x36\x37\x37\x37\x36\x29\x20\x79"
  "\x69\x73\x69\x6e\x74\x20\x3d\x20\x32\x3b\x20\x20\x20\x20\x20\x20\x20\x20\x20\x20"
  "\x20\x20\x20\x20\x20\x20\x20\x20\x20\x2f\x2a\x20\x7c\x79\x7c\x20\x3e\x3d\x20\x32"
  "\x5e\x35\x33\x20\x2a\x2f\x0a\x20\x20\x20\x20\x20\x20\x20\x20\x65\x6c\x73\x65\x20"
  "\x7b\x20\x69\x66\x20\x28\x69\x79\x20\x3e\x3d\x20\x31\x30\x37\x32\x36\x39\x33\x32"
  "\x34\x38\x29\x20\x7b\x0a\x20\x20\x20\x20\x20\x20\x20\x20\x20\x20\x20\x20\x6b\x20"
  "\x3d\x20\x28\x69\x79\x20\x3e\x3e\x20\x32\x30\x29\x20\x2d\x20\x31\x30\x32\x33\x3b"
  "\x0a\x20\x20\x20\x20\x20\x20\x20\x20\x20\x20\x20\x20\x69\x66\x20\x28\x6b\x20\x3e"
  "\x20\x32\x30\x29\x20\x7b\x0a\x20\x20\x20\x20\x20\x20\x20\x20\x20\x20\x20\x20\x20"
  "\x20\x20\x20\x6a\x20\x3d\x20\x6c\x79\x20\x3e\x3e\x20\x28\x35\x32\x20\x2d\x20\x6b"
  "\x29\x3b\x0a\x20\x20\x20\x20\x20\x20\x20\x20\x20\x20\x20\x20\x20\x20\x20\x20\x69"
  "\x66\x20\x28\x28\x75\x6e\x73\x69\x67\x6e\x65\x64\x20\x69\x6e\x74\x29\x28\x6a\x20"
  "\x3c\x3c\x20\x28\x35\x32\x20\x2d\x20\x6b\x29\x29\x20\x3d\x3d\x20\x6c\x79\x29\x20"
  "\x79\x69\x73\x69\x6e\x74\x20\x3d\x20\x32\x20\x2d\x20\x28\x6a\x20\x26\x20\x31\x29"
  "\x3b\x0a\x20\x20\x20\x20\x20\x20\x20\x20\x20\x20\x20\x20\x7d\x20\x65\x6c\x73\x65"
  "\x20\x7b\x20\x69\x66\x20\x28\x6c\x79\x20\x3d\x3d\x20\x30\x29\x20\x7b\x0a\x20\x20"
  "\x20\x20\x20\x20\x20\x20\x20\x20\x20\x20\x20\x20\x20\x20\x6a\x20\x3d\x20\x69\x79"
  "\x20\x3e\x3e\x20\x28\x32\x30\x20\x2d\x20\x6b\x29\x3b\x0a\x20\x20\x20\x20\x20\x20"
  "\x20\x20\x20\x20\x20\x20\x20\x20\x20\x20\x69\x66\x20\x28\x28\x6a\x20\x3c\x3c\x20"
  "\x28\x32\x30\x20\x2d\x20\x6b\x29\x29\x20\x3d\x3d\x20\x69\x79\x29\x20\x79\x69\x73"
  "\x69\x6e\x74\x20\x3d\x20\x32\x20\x2d\x20\x28\x6a\x20\x26\x20\x31\x29\x3b\x0a\x20"
  "\x20\x20\x20\x20\x20\x20\x20\x20\x20\x20\x20\x7d\x20\x7d\x0a\x20\x20\x20\x20\x20"
  "\x20\x20\x20\x7d\x20\x7d\x0a\x20\x20\x20\x20\x7d\x0a\x20\x20\x20\x20\x69\x66\x20"
  "\x28\x6c\x79\x20\x3d\x3d\x20\x30\x29\x20\x7b\x0a\x20\x20\x20\x20\x20\x20\x20\x20"
  "\x69\x66\x20\x28\x69\x79\x20\x3d\x3d\x20\x32\x31\x34\x36\x34\x33\x35\x30\x37\x32"
  "\x29\x20\x7b\x20\x20\x20\x20\x20\x20\x20\x20\x20\x20\x20\x20\x20\x20\x20\x20\x20"
  "\x20\x20\x20\x20\x20\x20\x20\x20\x20\x20\x20\x20\x2f\x2a\x20\x79\x20\x69\x73\x20"
  "\x2b\x2d\x69\x6e\x66\x20\x2a\x2f\x0a\x20\x20\x20\x20\x20\x20\x20\x20\x20\x20\x20"
  "\x20\x69\x66\x20\x28\x28\x28\x69\x78\x20\x2d\x20\x31\x30\x37\x32\x36\x39\x33\x32"
  "\x34\x38\x29\x20\x7c\x20\x6c\x78\x29\x20\x3d\x3d\x20\x30\x29\x20\x72\x65\x74\x75"
  "\x72\x6e\x20\x79\x20\x2d\x20\x79\x3b\x0a\x20\x20\x20\x20\x20\x20\x20\x20\x20\x20"
  "\x20\x20\x69\x66\x20\x28\x69\x78\x20\x3e\x3d\x20\x31\x30\x37\x32\x36\x39\x33\x32"
  "\x34\x38\x29\x20\x72\x65\x74\x75\x72\x6e\x20\x68\x79\x20\x3e\x3d\x20\x30\x20\x3f"
  "\x20\x79\x20\x3a\x20\x30\x2e\x30\x3b\x0a\x20\x20\x20\x20\x20\x20\x20\x20\x20\x20"
  "\x20\x20\x72\x65\x74\x75\x72\x6e\x20\x68\x79\x20\x3c\x20\x30\x20\x3f\x20\x30\x20"
  "\x2d\x20\x79\x20\x3a\x20\x30\x2e\x30\x3b\x0a\x20\x20\x20\x20\x20\x20\x20\x20\x7d"
  "\x0a\x20\x20\x20\x20\x20\x20\x20\x20\x69\x66\x20\x28\x69\x79\x20\x3d\x3d\x20\x31"
  "\x30\x37\x32\x36\x39\x33\x32\x34\x38\x29\x20\x7b\x20\x69\x66\x20\x28\x68\x79\x20"
  "\x3c\x20\x30\x29\x20\x72\x65\x74\x75\x72\x6e\x20\x31\x2e\x30\x20\x2f\x20\x78\x3b"
  "\x20\x72\x65\x74\x75\x72\x6e\x20\x78\x3b\x20\x7d\x20\x20\x20\x2f\x2a\x20\x2b\x2d"
  "\x31\x20\x2a\x2f\x0a\x20\x20\x20\x20\x20\x20\x20\x20\x69\x66\x20\x28\x68\x79\x20"
  "\x3d\x3d\x20\x31\x30\x37\x33\x37\x34\x31\x38\x32\x34\x29\x20\x72\x65\x74\x75\x72"
  "\x6e\x20\x78\x20\x2a\x20\x78\x3b\x20\x20\x20\x20\x20\x20\x20\x20\x20\x20\x20\x20"
  "\x20\x20\x20\x20\x20\x20\x20\x20\x20\x20\x20\x20\x20\x20\x20\x20\x20\x20\x2f\x2a"
  "\x20\x32\x20\x2a\x2f\x0a\x20\x20\x20\x20\x20\x20\x20\x20\x69\x66\x20\x28\x68\x79"
  "\x20\x3d\x3d\x20\x31\x30\x37\x31\x36\x34\x34\x36\x37\x32\x29\x20\x7b\x20\x69\x66"
  "\x20\x28\x68\x78\x20\x3e\x3d\x20\x30\x29\x20\x72\x65\x74\x75\x72\x6e\x20\x73\x71"
  "\x72\x74\x28\x78\x29\x3b\x20\x7d\x20\x20\x20\x20\x20\x20\x20\x20\x20\x20\x20\x2f"
  "\x2a\x20\x30\x2e\x35\x20\x2a\x2f\x0a\x20\x20\x20\x20\x7d\x0a\x20\x20\x20\x20\x61"
  "\x78\x20\x3d\x20\x66\x61\x62\x73\x28\x78\x29\x3b\x0a\x20\x20\x20\x20\x69\x66\x20"
  "\x28\x6c\x78\x20\x3d\x3d\x20\x30\x29\x20\x7b\x0a\x20\x20\x20\x20\x20\x20\x20\x20"
  "\x69\x66\x20\x28\x69\x78\x20\x3d\x3d\x20\x32\x31\x34\x36\x34\x33\x35\x30\x37\x32"
  "\x20\x7c\x7c\x20\x69\x78\x20\x3d\x3d\x20\x30\x20\x7c\x7c\x20\x69\x78\x20\x3d\x3d"
  "\x20\x31\x30\x37\x32\x36\x39\x33\x32\x34\x38\x29\x20\x7b\x20\x20\x2f\x2a\x20\x2b"
  "\x2d\x30\x2c\x20\x2b\x2d\x69\x6e\x66\x2c\x20\x2b\x2d\x31\x20\x2a\x2f\x0a\x20\x20"
  "\x20\x20\x20\x20\x20\x20\x20\x20\x20\x20\x7a\x20\x3d\x20\x61\x78\x3b\x0a\x20\x20"
  "\x20\x20\x20\x20\x20\x20\x20\x20\x20\x20\x69\x66\x20\x28\x68\x79\x20\x3c\x20\x30"
  "\x29\x20\x7a\x20\x3d\x20\x31\x2e\x30\x20\x2f\x20\x7a\x3b\x0a\x20\x20\x20\x20\x20"
  "\x20\x20\x20\x20\x20\x20\x20\x69\x66\x20\x28\x68\x78\x20\x3c\x20\x30\x29\x20\x7b"
  "\x0a\x20\x20\x20\x20\x20\x20\x20\x20\x20\x20\x20\x20\x20\x20\x20\x20\x69\x66\x20"
  "\x28\x28\x28\x69\x78\x20\x2d\x20\x31\x30\x37\x32\x36\x39\x33\x32\x34\x38\x29\x20"
  "\x7c\x20\x79\x69\x73\x69\x6e\x74\x29\x20\x3d\x3d\x20\x30\x29\x20\x7a\x20\x3d\x20"
  "\x28\x7a\x20\x2d\x20\x7a\x29\x20\x2f\x20\x28\x7a\x20\x2d\x20\x7a\x29\x3b\x0a\x20"
  "\x20\x20\x20\x20\x20\x20\x20\x20\x20\x20\x20\x20\x20\x20\x20\x65\x6c\x73\x65\x20"
  "\x7b\x20\x69\x66\x20\x28\x79\x69\x73\x69\x6e\x74\x20\x3d\x3d\x20\x31\x29\x20\x7a"
  "\x20\x3d\x20\x30\x20\x2d\x20\x7a\x3b\x20\x7d\x0a\x20\x20\x20\x20\x20\x20\x20\x20"
  "\x20\x20\x20\x20\x7d\x0a\x20\x20\x20\x20\x20\x20\x20\x20\x20\x20\x20\x20\x72\x65"
  "\x74\x75\x72\x6e\x20\x7a\x3b\x0a\x20\x20\x20\x20\x20\x20\x20\x20\x7d\x0a\x20\x20"
  "\x20\x20\x7d\x0a\x20\x20\x20\x20\x6e\x20\x3d\x20\x68\x78\x20\x3c\x20\x30\x20\x3f"
  "\x20\x30\x20\x3a\x20\x31\x3b\x20\x20\x20\x20\x20\x20\x20\x20\x20\x20\x20\x20\x20"
  "\x20\x20\x20\x20\x20\x20\x20\x20\x20\x20\x20\x20\x20\x20\x20\x20\x20\x20\x20\x20"
  "\x20\x20\x20\x20\x2f\x2a\x20\x28\x68\x78\x20\x3e\x3e\x20\x33\x31\x29\x20\x2b\x20"
  "\x31\x20\x2a\x2f\x0a\x20\x20\x20\x20\x69\x66\x20\x28\x28\x6e\x20\x7c\x20\x79\x69"
  "\x73\x69\x6e\x74\x29\x20\x3d\x3d\x20\x30\x29\x20\x72\x65\x74\x75\x72\x6e\x20\x28"
  "\x78\x20\x2d\x20\x78\x29\x20\x2f\x20\x28\x78\x20\x2d\x20\x78\x29\x3b\x20\x20\x20"
  "\x20\x20\x20\x20\x20\x20\x2f\x2a\x20\x28\x78\x3c\x30\x29\x2a\x2a\x6e\x6f\x6e\x2d"
  "\x69\x6e\x74\x20\x2a\x2f\x0a\x20\x20\x20\x20\x73\x20\x3d\x20\x31\x2e\x30\x3b\x0a"
  "\x20\x20\x20\x20\x69\x66\x20\x28\x28\x6e\x20\x7c\x20\x28\x79\x69\x73\x69\x6e\x74"
  "\x20\x2d\x20\x31\x29\x29\x20\x3d\x3d\x20\x30\x29\x20\x73\x20\x3d\x20\x30\x20\x2d"
  "\x20\x31\x2e\x30\x3b\x20\x20\x20\x20\x20\x20\x20\x20\x20\x20\x20\x20\x20\x20\x20"
  "\x20\x2f\x2a\x20\x28\x2d\x78\x29\x2a\x2a\x6f\x64\x64\x20\x2a\x2f\x0a\x20\x20\x20"
  "\x20\x69\x66\x20\x28\x69\x79\x20\x3e\x20\x31\x31\x30\x35\x31\x39\x39\x31\x30\x34"
  "\x29\x20\x7b\x20\x20\x20\x20\x20\x20\x20\x20\x20\x20\x20\x20\x20\x20\x20\x20\x20"
  "\x20\x20\x20\x20\x20\x20\x20\x20\x20\x20\x20\x20\x20\x20\x20\x20\x20\x2f\x2a\x20"
  "\x7c\x79\x7c\x20\x3e\x20\x32\x5e\x33\x31\x20\x2a\x2f\x0a\x20\x20\x20\x20\x20\x20"
  "\x20\x20\x69\x66\x20\x28\x69\x79\x20\x3e\x20\x31\x31\x33\x39\x38\x30\x32\x31\x31"
  "\x32\x29\x20\x7b\x20\x20\x20\x20\x20\x20\x20\x20\x20\x20\x20\x20\x20\x20\x20\x20"
  "\x20\x20\x20\x20\x20\x20\x20\x20\x20\x20\x20\x20\x20\x20\x2f\x2a\x20\x7c\x79\x7c"
  "\x20\x3e\x20\x32\x5e\x36\x34\x20\x2a\x2f\x0a\x20\x20\x20\x20\x20\x20\x20\x20\x20"
  "\x20\x20\x20\x69\x66\x20\x28\x69\x78\x20\x3c\x3d\x20\x31\x30\x37\x32\x36\x39\x33"
  "\x32\x34\x37\x29\x20\x72\x65\x74\x75\x72\x6e\x20\x68\x79\x20\x3c\x20\x30\x20\x3f"
  "\x20\x31\x2e\x30\x65\x33\x30\x30\x20\x2a\x20\x31\x2e\x30\x65\x33\x30\x30\x20\x3a"
  "\x20\x31\x2e\x30\x65\x2d\x33\x30\x30\x20\x2a\x20\x31\x2e\x30\x65\x2d\x33\x30\x30"
  "\x3b\x0a\x20\x20\x20\x20\x20\x20\x20\x20\x20\x20\x20\x20\x69\x66\x20\x28\x69\x78"
  "\x20\x3e\x3d\x20\x31\x30\x37\x32\x36\x39\x33\x32\x34\x38\x29\x20\x72\x65\x74\x75"
  "\x72\x6e\x20\x68\x79\x20\x3e\x20\x30\x20\x3f\x20\x31\x2e\x30\x65\x33\x30\x30\x20"
  "\x2a\x20\x31\x2e\x30\x65\x33\x30\x30\x20\x3a\x20\x31\x2e\x30\x65\x2d\x33\x30\x30"
  "\x20\x2a\x20\x31\x2e\x30\x65\x2d\x33\x30\x30\x3b\x0a\x20\x20\x20\x20\x20\x20\x20"
  "\x20\x7d\x0a\x20\x20\x20\x20\x20\x20\x20\x20\x69\x66\x20\x28\x69\x78\x20\x3c\x20"
  "\x31\x30\x37\x32\x36\x39\x33\x32\x34\x37\x29\x20\x72\x65\x74\x75\x72\x6e\x20\x68"
  "\x79\x20\x3c\x20\x30\x20\x3f\x20\x73\x20\x2a\x20\x31\x2e\x30\x65\x33\x30\x30\x20"
  "\x2a\x20\x31\x2e\x30\x65\x33\x30\x30\x20\x3a\x20\x73\x20\x2a\x20\x31\x2e\x30\x65"
  "\x2d\x33\x30\x30\x20\x2a\x20\x31\x2e\x30\x65\x2d\x33\x30\x30\x3b\x0a\x20\x20\x20"
  "\x20\x20\x20\x20\x20\x69\x66\x20\x28\x69\x78\x20\x3e\x20\x31\x30\x37\x32\x36\x39"
  "\x33\x32\x34\x38\x29\x20\x72\x65\x74\x75\x72\x6e\x20\x68\x79\x20\x3e\x20\x30\x20"
  "\x3f\x20\x73\x20\x2a\x20\x31\x2e\x30\x65\x33\x30\x30\x20\x2a\x20\x31\x2e\x30\x65"
  "\x33\x30\x30\x20\x3a\x20\x73\x20\x2a\x20\x31\x2e\x30\x65\x2d\x33\x30\x30\x20\x2a"
  "\x20\x31\x2e\x30\x65\x2d\x33\x30\x30\x3b\x0a\x20\x20\x20\x20\x20\x20\x20\x20\x74"
  "\x20\x3d\x20\x61\x78\x20\x2d\x20\x31\x2e\x30\x3b\x0a\x20\x20\x20\x20\x20\x20\x20"
  "\x20\x77\x20\x3d\x20\x28\x74\x20\x2a\x20\x74\x29\x20\x2a\x20\x28\x30\x2e\x35\x20"
  "\x2d\x20\x74\x20\x2a\x20\x28\x30\x2e\x33\x33\x33\x33\x33\x33\x33\x33\x33\x33\x33"
  "\x33\x33\x33\x33\x33\x33\x33\x33\x33\x33\x33\x20\x2d\x20\x74\x20\x2a\x20\x30\x2e"
  "\x32\x35\x29\x29\x3b\x0a\x20\x20\x20\x20\x20\x20\x20\x20\x75\x20\x3d\x20\x31\x2e"
  "\x34\x34\x32\x36\x39\x35\x30\x32\x31\x36\x32\x39\x33\x33\x33\x34\x39\x36\x30\x39"
  "\x65\x2b\x30\x30\x20\x2a\x20\x74\x3b\x0a\x20\x20\x20\x20\x20\x20\x20\x20\x76\x20"
  "\x3d\x20\x74\x20\x2a\x20\x31\x2e\x39\x32\x35\x39\x36\x32\x39\x39\x31\x31\x32\x36"
  "\x36\x31\x37\x34\x36\x38\x38\x37\x65\x2d\x30\x38\x20\x2d\x20\x77\x20\x2a\x20\x31"
  "\x2e\x34\x34\x32\x36\x39\x35\x30\x34\x30\x38\x38\x38\x39\x36\x33\x33\x38\x37\x30"
  "\x30\x65\x2b\x30\x30\x3b\x0a\x20\x20\x20\x20\x20\x20\x20\x20\x74\x31\x20\x3d\x20"
  "\x75\x20\x2b\x20\x76\x3b\x0a\x20\x20\x20\x20\x20\x20\x20\x20\x74\x31\x20\x3d\x20"
  "\x5f\x6d\x5f\x6d\x6b\x28\x5f\x6d\x5f\x68\x69\x28\x74\x31\x29\x2c\x20\x30\x29\x3b"
  "\x0a\x20\x20\x20\x20\x20\x20\x20\x20\x74\x32\x20\x3d\x20\x76\x20\x2d\x20\x28\x74"
  "\x31\x20\x2d\x20\x75\x29\x3b\x0a\x20\x20\x20\x20\x7d\x20\x65\x6c\x73\x65\x20\x7b"
  "\x0a\x20\x20\x20\x20\x20\x20\x20\x20\x6e\x20\x3d\x20\x30\x3b\x0a\x20\x20\x20\x20"
  "\x20\x20\x20\x20\x69\x66\x20\x28\x69\x78\x20\x3c\x20\x31\x30\x34\x38\x35\x37\x36"
  "\x29\x20\x7b\x20\x61\x78\x20\x3d\x20\x61\x78\x20\x2a\x20\x39\x30\x30\x37\x31\x39"
  "\x39\x32\x35\x34\x37\x34\x30\x39\x39\x32\x2e\x30\x3b\x20\x6e\x20\x3d\x20\x6e\x20"
  "\x2d\x20\x35\x33\x3b\x20\x69\x78\x20\x3d\x20\x5f\x6d\x5f\x68\x69\x28\x61\x78\x29"
  "\x3b\x20\x7d\x0a\x20\x20\x20\x20\x20\x20\x20\x20\x6e\x20\x3d\x20\x6e\x20\x2b\x20"
  "\x28\x69\x78\x20\x3e\x3e\x20\x32\x30\x29\x20\x2d\x20\x31\x30\x32\x33\x3b\x0a\x20"
  "\x20\x20\x20\x20\x20\x20\x20\x6a\x20\x3d\x20\x69\x78\x20\x26\x20\x31\x30\x34\x38"
  "\x35\x37\x35\x3b\x0a\x20\x20\x20\x20\x20\x20\x20\x20\x69\x78\x20\x3d\x20\x6a\x20"
  "\x7c\x20\x31\x30\x37\x32\x36\x39\x33\x32\x34\x38\x3b\x0a\x20\x20\x20\x20\x20\x20"
  "\x20\x20\x69\x66\x20\x28\x6a\x20\x3c\x3d\x20\x32\x33\x35\x36\x36\x32\x29\x20\x6b"
  "\x20\x3d\x20\x30\x3b\x20\x20\x20\x20\x20\x20\x20\x20\x20\x20\x20\x20\x20\x20\x20"
  "\x20\x20\x20\x20\x20\x20\x20\x20\x20\x20\x20\x20\x20\x20\x2f\x2a\x20\x7c\x78\x7c"
  "\x20\x3c\x20\x73\x71\x72\x74\x28\x33\x2f\x32\x29\x20\x2a\x2f\x0a\x20\x20\x20\x20"
  "\x20\x20\x20\x20\x65\x6c\x73\x65\x20\x7b\x20\x69\x66\x20\x28\x6a\x20\x3c\x20\x37"
  "\x36\x37\x36\x31\x30\x29\x20\x6b\x20\x3d\x20\x31\x3b\x20\x20\x20\x20\x20\x20\x20"
  "\x20\x20\x20\x20\x20\x20\x20\x20\x20\x20\x20\x20\x20\x20\x20\x20\x2f\x2a\x20\x7c"
  "\x78\x7c\x20\x3c\x20\x73\x71\x72\x74\x28\x33\x29\x20\x2a\x2f\x0a\x20\x20\x20\x20"
  "\x20\x20\x20\x20\x20\x20\x20\x20\x20\x20\x20\x65\x6c\x73\x65\x20\x7b\x20\x6b\x20"
  "\x3d\x20\x30\x3b\x20\x6e\x20\x3d\x20\x6e\x20\x2b\x20\x31\x3b\x20\x69\x78\x20\x3d"
  "\x20\x69\x78\x20\x2d\x20\x31\x30\x34\x38\x35\x37\x36\x3b\x20\x7d\x20\x7d\x0a\x20"
  "\x20\x20\x20\x20\x20\x20\x20\x61\x78\x20\x3d\x20\x5f\x6d\x5f\x73\x65\x74\x68\x69"
  "\x28\x61\x78\x2c\x20\x69\x78\x29\x3b\x0a\x20\x20\x20\x20\x20\x20\x20\x20\x62\x70"
  "\x6b\x20\x3d\x20\x6b\x20\x3f\x20\x31\x2e\x35\x20\x3a\x20\x31\x2e\x30\x3b\x0a\x20"
  "\x20\x20\x20\x20\x20\x20\x20\x64\x70\x68\x6b\x20\x3d\x20\x6b\x20\x3f\x20\x35\x2e"
  "\x38\x34\x39\x36\x32\x34\x38\x37\x32\x32\x30\x37\x36\x34\x31\x36\x30\x31\x35\x36"
  "\x65\x2d\x30\x31\x20\x3a\x20\x30\x2e\x30\x3b\x0a\x20\x20\x20\x20\x20\x20\x20\x20"
  "\x64\x70\x6c\x6b\x20\x3d\x20\x6b\x20\x3f\x20\x31\x2e\x33\x35\x30\x30\x33\x39\x32"
  "\x30\x32\x31\x32\x39\x37\x34\x38\x39\x37\x31\x32\x38\x65\x2d\x30\x38\x20\x3a\x20"
  "\x30\x2e\x30\x3b\x0a\x20\x20\x20\x20\x20\x20\x20\x20\x75\x20\x3d\x20\x61\x78\x20"
  "\x2d\x20\x62\x70\x6b\x3b\x0a\x20\x20\x20\x20\x20\x20\x20\x20\x76\x20\x3d\x20\x31"
  "\x2e\x30\x20\x2f\x20\x28\x61\x78\x20\x2b\x20\x62\x70\x6b\x29\x3b\x0a\x20\x20\x20"
  "\x20\x20\x20\x20\x20\x73\x73\x20\x3d\x20\x75\x20\x2a\x20\x76\x3b\x0a\x20\x20\x20"
  "\x20\x20\x20\x20\x20\x73\x5f\x68\x20\x3d\x20\x5f\x6d\x5f\x6d\x6b\x28\x5f\x6d\x5f"
  "\x68\x69\x28\x73\x73\x29\x2c\x20\x30\x29\x3b\x0a\x20\x20\x20\x20\x20\x20\x20\x20"
  "\x74\x5f\x68\x20\x3d\x20\x5f\x6d\x5f\x6d\x6b\x28\x28\x28\x69\x78\x20\x3e\x3e\x20"
  "\x31\x29\x20\x7c\x20\x35\x33\x36\x38\x37\x30\x39\x31\x32\x29\x20\x2b\x20\x35\x32"
  "\x34\x32\x38\x38\x20\x2b\x20\x28\x6b\x20\x3c\x3c\x20\x31\x38\x29\x2c\x20\x30\x29"
  "\x3b\x0a\x20\x20\x20\x20\x20\x20\x20\x20\x74\x5f\x6c\x20\x3d\x20\x61\x78\x20\x2d"
  "\x20\x28\x74\x5f\x68\x20\x2d\x20\x62\x70\x6b\x29\x3b\x0a\x20\x20\x20\x20\x20\x20"
  "\x20\x20\x73\x5f\x6c\x20\x3d\x20\x76\x20\x2a\x20\x28\x28\x75\x20\x2d\x20\x73\x5f"
  "\x68\x20\x2a\x20\x74\x5f\x68\x29\x20\x2d\x20\x73\x5f\x68\x20\x2a\x20\x74\x5f\x6c"
  "\x29\x3b\x0a\x20\x20\x20\x20\x20\x20\x20\x20\x73\x32\x20\x3d\x20\x73\x73\x20\x2a"
  "\x20\x73\x73\x3b\x0a\x20\x20\x20\x20\x20\x20\x20\x20\x72\x20\x3d\x20\x73\x32\x20"
  "\x2a\x20\x73\x32\x20\x2a\x20\x28\x35\x2e\x39\x39\x39\x39\x39\x39\x39\x39\x39\x39"
  "\x39\x39\x39\x34\x36\x34\x38\x37\x32\x35\x65\x2d\x30\x31\x20\x2b\x20\x73\x32\x20"
  "\x2a\x20\x28\x34\x2e\x32\x38\x35\x37\x31\x34\x32\x38\x35\x37\x38\x35\x35\x30\x31"
  "\x38\x34\x32\x35\x32\x65\x2d\x30\x31\x0a\x20\x20\x20\x20\x20\x20\x20\x20\x20\x20"
  "\x20\x20\x2b\x20\x73\x32\x20\x2a\x20\x28\x33\x2e\x33\x33\x33\x33\x33\x33\x32\x39"
  "\x38\x31\x38\x33\x37\x37\x34\x33\x32\x39\x31\x38\x65\x2d\x30\x31\x20\x2b\x20\x73"
  "\x32\x20\x2a\x20\x28\x32\x2e\x37\x32\x37\x32\x38\x31\x32\x33\x38\x30\x38\x35\x33"
  "\x34\x30\x30\x36\x34\x38\x39\x65\x2d\x30\x31\x0a\x20\x20\x20\x20\x20\x20\x20\x20"
  "\x20\x20\x20\x20\x2b\x20\x73\x32\x20\x2a\x20\x28\x32\x2e\x33\x30\x36\x36\x30\x37"
  "\x34\x35\x37\x37\x35\x35\x36\x31\x37\x35\x34\x30\x36\x37\x65\x2d\x30\x31\x20\x2b"
  "\x20\x73\x32\x20\x2a\x20\x32\x2e\x30\x36\x39\x37\x35\x30\x31\x37\x38\x30\x30\x33"
  "\x33\x38\x34\x31\x37\x37\x38\x34\x65\x2d\x30\x31\x29\x29\x29\x29\x29\x3b\x0a\x20"
  "\x20\x20\x20\x20\x20\x20\x20\x72\x20\x3d\x20\x72\x20\x2b\x20\x73\x5f\x6c\x20\x2a"
  "\x20\x28\x73\x5f\x68\x20\x2b\x20\x73\x73\x29\x3b\x0a\x20\x20\x20\x20\x20\x20\x20"
  "\x20\x73\x32\x20\x3d\x20\x73\x5f\x68\x20\x2a\x20\x73\x5f\x68\x3b\x0a\x20\x20\x20"
  "\x20\x20\x20\x20\x20\x74\x5f\x68\x20\x3d\x20\x33\x2e\x30\x20\x2b\x20\x73\x32\x20"
  "\x2b\x20\x72\x3b\x0a\x20\x20\x20\x20\x20\x20\x20\x20\x74\x5f\x68\x20\x3d\x20\x5f"
  "\x6d\x5f\x6d\x6b\x28\x5f\x6d\x5f\x68\x69\x28\x74\x5f\x68\x29\x2c\x20\x30\x29\x3b"
  "\x0a\x20\x20\x20\x20\x20\x20\x20\x20\x74\x5f\x6c\x20\x3d\x20\x72\x20\x2d\x20\x28"
  "\x28\x74\x5f\x68\x20\x2d\x20\x33\x2e\x30\x29\x20\x2d\x20\x73\x32\x29\x3b\x0a\x20"
  "\x20\x20\x20\x20\x20\x20\x20\x75\x20\x3d\x20\x73\x5f\x68\x20\x2a\x20\x74\x5f\x68"
  "\x3b\x0a\x20\x20\x20\x20\x20\x20\x20\x20\x76\x20\x3d\x20\x73\x5f\x6c\x20\x2a\x20"
  "\x74\x5f\x68\x20\x2b\x20\x74\x5f\x6c\x20\x2a\x20\x73\x73\x3b\x0a\x20\x20\x20\x20"
  "\x20\x20\x20\x20\x70\x5f\x68\x20\x3d\x20\x75\x20\x2b\x20\x76\x3b\x0a\x20\x20\x20"
  "\x20\x20\x20\x20\x20\x70\x5f\x68\x20\x3d\x20\x5f\x6d\x5f\x6d\x6b\x28\x5f\x6d\x5f"
  "\x68\x69\x28\x70\x5f\x68\x29\x2c\x20\x30\x29\x3b\x0a\x20\x20\x20\x20\x20\x20\x20"
  "\x20\x70\x5f\x6c\x20\x3d\x20\x76\x20\x2d\x20\x28\x70\x5f\x68\x20\x2d\x20\x75\x29"
  "\x3b\x0a\x20\x20\x20\x20\x20\x20\x20\x20\x7a\x5f\x68\x20\x3d\x20\x39\x2e\x36\x31"
  "\x37\x39\x36\x37\x30\x30\x39\x35\x34\x34\x33\x37\x32\x35\x35\x38\x35\x39\x65\x2d"
  "\x30\x31\x20\x2a\x20\x70\x5f\x68\x3b\x0a\x20\x20\x20\x20\x20\x20\x20\x20\x7a\x5f"
  "\x6c\x20\x3d\x20\x28\x30\x20\x2d\x20\x37\x2e\x30\x32\x38\x34\x36\x31\x36\x35\x30"
  "\x39\x35\x32\x37\x35\x38\x32\x36\x35\x31\x36\x65\x2d\x30\x39\x29\x20\x2a\x20\x70"
  "\x5f\x68\x20\x2b\x20\x70\x5f\x6c\x20\x2a\x20\x39\x2e\x36\x31\x37\x39\x36\x36\x39"
  "\x33\x39\x32\x35\x39\x37\x35\x35\x35\x34\x33\x32\x39\x65\x2d\x30\x31\x20\x2b\x20"
  "\x64\x70\x6c\x6b\x3b\x0a\x20\x20\x20\x20\x20\x20\x20\x20\x74\x20\x3d\x20\x28\x64"
  "\x6f\x75\x62\x6c\x65\x29\x6e\x3b\x0a\x20\x20\x20\x20\x20\x20\x20\x20\x74\x31\x20"
  "\x3d\x20\x28\x28\x28\x7a\x5f\x68\x20\x2b\x20\x7a\x5f\x6c\x29\x20\x2b\x20\x64\x70"
  "\x68\x6b\x29\x20\x2b\x20\x74\x29\x3b\x0a\x20\x20\x20\x20\x20\x20\x20\x20\x74\x31"
  "\x20\x3d\x20\x5f\x6d\x5f\x6d\x6b\x28\x5f\x6d\x5f\x68\x69\x28\x74\x31\x29\x2c\x20"
  "\x30\x29\x3b\x0a\x20\x20\x20\x20\x20\x20\x20\x20\x74\x32\x20\x3d\x20\x7a\x5f\x6c"
  "\x20\x2d\x20\x28\x28\x28\x74\x31\x20\x2d\x20\x74\x29\x20\x2d\x20\x64\x70\x68\x6b"
  "\x29\x20\x2d\x20\x7a\x5f\x68\x29\x3b\x0a\x20\x20\x20\x20\x7d\x0a\x20\x20\x20\x20"
  "\x79\x31\x20\x3d\x20\x5f\x6d\x5f\x6d\x6b\x28\x5f\x6d\x5f\x68\x69\x28\x79\x29\x2c"
  "\x20\x30\x29\x3b\x0a\x20\x20\x20\x20\x70\x5f\x6c\x20\x3d\x20\x28\x79\x20\x2d\x20"
  "\x79\x31\x29\x20\x2a\x20\x74\x31\x20\x2b\x20\x79\x20\x2a\x20\x74\x32\x3b\x0a\x20"
  "\x20\x20\x20\x70\x5f\x68\x20\x3d\x20\x79\x31\x20\x2a\x20\x74\x31\x3b\x0a\x20\x20"
  "\x20\x20\x7a\x20\x3d\x20\x70\x5f\x6c\x20\x2b\x20\x70\x5f\x68\x3b\x0a\x20\x20\x20"
  "\x20\x6a\x20\x3d\x20\x5f\x6d\x5f\x68\x69\x28\x7a\x29\x3b\x0a\x20\x20\x20\x20\x69"
  "\x20\x3d\x20\x5f\x6d\x5f\x6c\x6f\x28\x7a\x29\x3b\x0a\x20\x20\x20\x20\x69\x66\x20"
  "\x28\x6a\x20\x3e\x3d\x20\x31\x30\x38\x33\x31\x37\x39\x30\x30\x38\x29\x20\x7b\x20"
  "\x20\x20\x20\x20\x20\x20\x20\x20\x20\x20\x20\x20\x20\x20\x20\x20\x20\x20\x20\x20"
  "\x20\x20\x20\x20\x20\x20\x20\x20\x20\x20\x20\x20\x20\x2f\x2a\x20\x7a\x20\x3e\x3d"
  "\x20\x31\x30\x32\x34\x20\x2a\x2f\x0a\x20\x20\x20\x20\x20\x20\x20\x20\x69\x66\x20"
  "\x28\x28\x28\x6a\x20\x2d\x20\x31\x30\x38\x33\x31\x37\x39\x30\x30\x38\x29\x20\x7c"
  "\x20\x69\x29\x20\x21\x3d\x20\x30\x29\x20\x72\x65\x74\x75\x72\x6e\x20\x73\x20\x2a"
  "\x20\x31\x2e\x30\x65\x33\x30\x30\x20\x2a\x20\x31\x2e\x30\x65\x33\x30\x30\x3b\x0a"
  "\x20\x20\x20\x20\x20\x20\x20\x20\x69\x66\x20\x28\x70\x5f\x6c\x20\x2b\x20\x38\x2e"
  "\x30\x30\x38\x35\x36\x36\x32\x35\x39\x35\x33\x37\x32\x39\x34\x34\x33\x37\x32\x65"
  "\x2d\x31\x37\x20\x3e\x20\x7a\x20\x2d\x20\x70\x5f\x68\x29\x20\x72\x65\x74\x75\x72"
  "\x6e\x20\x73\x20\x2a\x20\x31\x2e\x30\x65\x33\x30\x30\x20\x2a\x20\x31\x2e\x30\x65"
  "\x33\x30\x30\x3b\x0a\x20\x20\x20\x20\x7d\x20\x65\x6c\x73\x65\x20\x7b\x20\x69\x66"
  "\x20\x28\x28\x6a\x20\x26\x20\x32\x31\x34\x37\x34\x38\x33\x36\x34\x37\x29\x20\x3e"
  "\x3d\x20\x31\x30\x38\x33\x32\x33\x31\x32\x33\x32\x29\x20\x7b\x20\x20\x20\x20\x20"
  "\x20\x20\x20\x20\x20\x2f\x2a\x20\x7a\x20\x3c\x3d\x20\x2d\x31\x30\x37\x35\x20\x2a"
  "\x2f\x0a\x20\x20\x20\x20\x20\x20\x20\x20\x69\x66\x20\x28\x28\x28\x6a\x20\x2d\x20"
  "\x28\x30\x20\x2d\x20\x31\x30\x36\x34\x32\x35\x32\x34\x31\x36\x29\x29\x20\x7c\x20"
  "\x69\x29\x20\x21\x3d\x20\x30\x29\x20\x72\x65\x74\x75\x72\x6e\x20\x73\x20\x2a\x20"
  "\x31\x2e\x30\x65\x2d\x33\x30\x30\x20\x2a\x20\x31\x2e\x30\x65\x2d\x33\x30\x30\x3b"
  "\x0a\x20\x20\x20\x20\x20\x20\x20\x20\x69\x66\x20\x28\x70\x5f\x6c\x20\x3c\x3d\x20"
  "\x7a\x20\x2d\x20\x70\x5f\x68\x29\x20\x72\x65\x74\x75\x72\x6e\x20\x73\x20\x2a\x20"
  "\x31\x2e\x30\x65\x2d\x33\x30\x30\x20\x2a\x20\x31\x2e\x30\x65\x2d\x33\x30\x30\x3b"
  "\x0a\x20\x20\x20\x20\x7d\x20\x7d\x0a\x20\x20\x20\x20\x69\x20\x3d\x20\x6a\x20\x26"
  "\x20\x32\x31\x34\x37\x34\x38\x33\x36\x34\x37\x3b\x0a\x20\x20\x20\x20\x6b\x20\x3d"
  "\x20\x28\x69\x20\x3e\x3e\x20\x32\x30\x29\x20\x2d\x20\x31\x30\x32\x33\x3b\x0a\x20"
  "\x20\x20\x20\x6e\x20\x3d\x20\x30\x3b\x0a\x20\x20\x20\x20\x69\x66\x20\x28\x69\x20"
  "\x3e\x20\x31\x30\x37\x31\x36\x34\x34\x36\x37\x32\x29\x20\x7b\x20\x20\x20\x20\x20"
  "\x20\x20\x20\x20\x20\x20\x20\x20\x20\x20\x20\x20\x20\x20\x20\x20\x20\x20\x20\x20"
  "\x20\x20\x20\x20\x20\x20\x20\x20\x20\x20\x2f\x2a\x20\x7c\x7a\x7c\x20\x3e\x20\x30"
  "\x2e\x35\x20\x2a\x2f\x0a\x20\x20\x20\x20\x20\x20\x20\x20\x6e\x20\x3d\x20\x6a\x20"
  "\x2b\x20\x28\x31\x30\x34\x38\x35\x37\x36\x20\x3e\x3e\x20\x28\x6b\x20\x2b\x20\x31"
  "\x29\x29\x3b\x0a\x20\x20\x20\x20\x20\x20\x20\x20\x6b\x20\x3d\x20\x28\x28\x6e\x20"
  "\x26\x20\x32\x31\x34\x37\x34\x38\x33\x36\x34\x37\x29\x20\x3e\x3e\x20\x32\x30\x29"
  "\x20\x2d\x20\x31\x30\x32\x33\x3b\x0a\x20\x20\x20\x20\x20\x20\x20\x20\x74\x20\x3d"
  "\x20\x5f\x6d\x5f\x6d\x6b\x28\x6e\x20\x26\x20\x7e\x28\x31\x30\x34\x38\x35\x37\x35"
  "\x20\x3e\x3e\x20\x6b\x29\x2c\x20\x30\x29\x3b\x0a\x20\x20\x20\x20\x20\x20\x20\x20"
  "\x6e\x20\x3d\x20\x28\x28\x6e\x20\x26\x20\x31\x30\x34\x38\x35\x37\x35\x29\x20\x7c"
  "\x20\x31\x30\x34\x38\x35\x37\x36\x29\x20\x3e\x3e\x20\x28\x32\x30\x20\x2d\x20\x6b"
  "\x29\x3b\x0a\x20\x20\x20\x20\x20\x20\x20\x20\x69\x66\x20\x28\x6a\x20\x3c\x20\x30"
  "\x29\x20\x6e\x20\x3d\x20\x30\x20\x2d\x20\x6e\x3b\x0a\x20\x20\x20\x20\x20\x20\x20"
  "\x20\x70\x5f\x68\x20\x3d\x20\x70\x5f\x68\x20\x2d\x20\x74\x3b\x0a\x20\x20\x20\x20"
  "\x7d\x0a\x20\x20\x20\x20\x74\x20\x3d\x20\x70\x5f\x6c\x20\x2b\x20\x70\x5f\x68\x3b"
  "\x0a\x20\x20\x20\x20\x74\x20\x3d\x20\x5f\x6d\x5f\x6d\x6b\x28\x5f\x6d\x5f\x68\x69"
  "\x28\x74\x29\x2c\x20\x30\x29\x3b\x0a\x20\x20\x20\x20\x75\x20\x3d\x20\x74\x20\x2a"
  "\x20\x36\x2e\x39\x33\x31\x34\x37\x31\x38\x32\x34\x36\x34\x35\x39\x39\x36\x30\x39"
  "\x33\x37\x35\x65\x2d\x30\x31\x3b\x0a\x20\x20\x20\x20\x76\x20\x3d\x20\x28\x70\x5f"
  "\x6c\x20\x2d\x20\x28\x74\x20\x2d\x20\x70\x5f\x68\x29\x29\x20\x2a\x20\x36\x2e\x39"
  "\x33\x31\x34\x37\x31\x38\x30\x35\x35\x39\x39\x34\x35\x32\x38\x36\x32\x32\x37\x65"
  "\x2d\x30\x31\x20\x2b\x20\x74\x20\x2a\x20\x28\x30\x20\x2d\x20\x31\x2e\x39\x30\x34"
  "\x36\x35\x34\x32\x39\x39\x39\x35\x37\x37\x36\x38\x30\x34\x35\x32\x35\x65\x2d\x30"
  "\x39\x29\x3b\x0a\x20\x20\x20\x20\x7a\x20\x3d\x20\x75\x20\x2b\x20\x76\x3b\x0a\x20"
  "\x20\x20\x20\x77\x20\x3d\x20\x76\x20\x2d\x20\x28\x7a\x20\x2d\x20\x75\x29\x3b\x0a"
  "\x20\x20\x20\x20\x74\x20\x3d\x20\x7a\x20\x2a\x20\x7a\x3b\x0a\x20\x20\x20\x20\x74"
  "\x31\x20\x3d\x20\x7a\x20\x2d\x20\x74\x20\x2a\x20\x28\x31\x2e\x36\x36\x36\x36\x36"
  "\x36\x36\x36\x36\x36\x36\x36\x36\x36\x30\x31\x39\x30\x33\x37\x65\x2d\x30\x31\x20"
  "\x2b\x20\x74\x20\x2a\x20\x28\x30\x20\x2d\x20\x32\x2e\x37\x37\x37\x37\x37\x37\x37"
  "\x37\x37\x37\x30\x31\x35\x35\x39\x33\x33\x38\x34\x32\x65\x2d\x30\x33\x0a\x20\x20"
  "\x20\x20\x20\x20\x20\x20\x20\x2b\x20\x74\x20\x2a\x20\x28\x36\x2e\x36\x31\x33\x37"
  "\x35\x36\x33\x32\x31\x34\x33\x37\x39\x33\x34\x33\x36\x31\x31\x37\x65\x2d\x30\x35"
  "\x20\x2b\x20\x74\x20\x2a\x20\x28\x30\x20\x2d\x20\x31\x2e\x36\x35\x33\x33\x39\x30"
  "\x32\x32\x30\x35\x34\x36\x35\x32\x35\x31\x35\x33\x39\x30\x65\x2d\x30\x36\x0a\x20"
  "\x20\x20\x20\x20\x20\x20\x20\x20\x2b\x20\x74\x20\x2a\x20\x34\x2e\x31\x33\x38\x31"
  "\x33\x36\x37\x39\x37\x30\x35\x37\x32\x33\x38\x34\x36\x30\x33\x39\x65\x2d\x30\x38"
  "\x29\x29\x29\x29\x3b\x0a\x20\x20\x20\x20\x72\x20\x3d\x20\x28\x7a\x20\x2a\x20\x74"
  "\x31\x29\x20\x2f\x20\x28\x74\x31\x20\x2d\x20\x32\x2e\x30\x29\x20\x2d\x20\x28\x77"
  "\x20\x2b\x20\x7a\x20\x2a\x20\x77\x29\x3b\x0a\x20\x20\x20\x20\x7a\x20\x3d\x20\x31"
  "\x2e\x30\x20\x2d\x20\x28\x72\x20\x2d\x20\x7a\x29\x3b\x0a\x20\x20\x20\x20\x6a\x20"
  "\x3d\x20\x5f\x6d\x5f\x68\x69\x28\x7a\x29\x3b\x0a\x20\x20\x20\x20\x6a\x20\x3d\x20"
  "\x6a\x20\x2b\x20\x28\x6e\x20\x3c\x3c\x20\x32\x30\x29\x3b\x0a\x20\x20\x20\x20\x69"
  "\x66\x20\x28\x28\x6a\x20\x3e\x3e\x20\x32\x30\x29\x20\x3c\x3d\x20\x30\x29\x20\x7a"
  "\x20\x3d\x20\x73\x63\x61\x6c\x62\x6e\x28\x7a\x2c\x20\x6e\x29\x3b\x20\x20\x20\x20"
  "\x20\x20\x20\x20\x20\x20\x20\x20\x20\x20\x20\x20\x20\x20\x20\x2f\x2a\x20\x73\x75"
  "\x62\x6e\x6f\x72\x6d\x61\x6c\x20\x2a\x2f\x0a\x20\x20\x20\x20\x65\x6c\x73\x65\x20"
  "\x7a\x20\x3d\x20\x5f\x6d\x5f\x73\x65\x74\x68\x69\x28\x7a\x2c\x20\x5f\x6d\x5f\x68"
  "\x69\x28\x7a\x29\x20\x2b\x20\x28\x6e\x20\x3c\x3c\x20\x32\x30\x29\x29\x3b\x0a\x20"
  "\x20\x20\x20\x72\x65\x74\x75\x72\x6e\x20\x73\x20\x2a\x20\x7a\x3b\x0a\x7d\x0a\x73"
  "\x74\x61\x74\x69\x63\x20\x66\x6c\x6f\x61\x74\x20\x70\x6f\x77\x66\x28\x66\x6c\x6f"
  "\x61\x74\x20\x78\x2c\x20\x66\x6c\x6f\x61\x74\x20\x79\x29\x20\x7b\x20\x72\x65\x74"
  "\x75\x72\x6e\x20\x28\x66\x6c\x6f\x61\x74\x29\x70\x6f\x77\x28\x28\x64\x6f\x75\x62"
  "\x6c\x65\x29\x78\x2c\x20\x28\x64\x6f\x75\x62\x6c\x65\x29\x79\x29\x3b\x20\x7d\x0a"
  "\x73\x74\x61\x74\x69\x63\x20\x64\x6f\x75\x62\x6c\x65\x20\x68\x79\x70\x6f\x74\x28"
  "\x64\x6f\x75\x62\x6c\x65\x20\x78\x2c\x20\x64\x6f\x75\x62\x6c\x65\x20\x79\x29\x20"
  "\x7b\x0a\x20\x20\x20\x20\x64\x6f\x75\x62\x6c\x65\x20\x61\x3b\x20\x64\x6f\x75\x62"
  "\x6c\x65\x20\x62\x3b\x20\x64\x6f\x75\x62\x6c\x65\x20\x74\x3b\x0a\x20\x20\x20\x20"
  "\x61\x20\x3d\x20\x66\x61\x62\x73\x28\x78\x29\x3b\x20\x62\x20\x3d\x20\x66\x61\x62"
  "\x73\x28\x79\x29\x3b\x0a\x20\x20\x20\x20\x69\x66\x20\x28\x69\x73\x69\x6e\x66\x28"
  "\x61\x29\x20\x7c\x7c\x20\x69\x73\x69\x6e\x66\x28\x62\x29\x29\x20\x72\x65\x74\x75"
  "\x72\x6e\x20\x31\x2e\x30\x20\x2f\x20\x30\x2e\x30\x3b\x0a\x20\x20\x20\x20\x69\x66"
  "\x20\x28\x61\x20\x3c\x20\x62\x29\x20\x7b\x20\x74\x20\x3d\x20\x61\x3b\x20\x61\x20"
  "\x3d\x20\x62\x3b\x20\x62\x20\x3d\x20\x74\x3b\x20\x7d\x0a\x20\x20\x20\x20\x69\x66"
  "\x20\x28\x61\x20\x3d\x3d\x20\x30\x2e\x30\x29\x20\x72\x65\x74\x75\x72\x6e\x20\x30"
  "\x2e\x30\x3b\x0a\x20\x20\x20\x20\x74\x20\x3d\x20\x62\x20\x2f\x20\x61\x3b\x0a\x20"
  "\x20\x20\x20\x72\x65\x74\x75\x72\x6e\x20\x61\x20\x2a\x20\x73\x71\x72\x74\x28\x31"
  "\x2e\x30\x20\x2b\x20\x74\x20\x2a\x20\x74\x29\x3b\x0a\x7d\x0a\x73\x74\x61\x74\x69"
  "\x63\x20\x64\x6f\x75\x62\x6c\x65\x20\x63\x62\x72\x74\x28\x64\x6f\x75\x62\x6c\x65"
  "\x20\x78\x29\x20\x7b\x0a\x20\x20\x20\x20\x64\x6f\x75\x62\x6c\x65\x20\x79\x3b\x0a"
  "\x20\x20\x20\x20\x69\x6e\x74\x20\x6b\x3b\x0a\x20\x20\x20\x20\x69\x66\x20\x28\x78"
  "\x20\x3d\x3d\x20\x30\x2e\x30\x20\x7c\x7c\x20\x78\x20\x21\x3d\x20\x78\x20\x7c\x7c"
  "\x20\x69\x73\x69\x6e\x66\x28\x78\x29\x29\x20\x72\x65\x74\x75\x72\x6e\x20\x78\x3b"
  "\x0a\x20\x20\x20\x20\x79\x20\x3d\x20\x63\x6f\x70\x79\x73\x69\x67\x6e\x28\x65\x78"
  "\x70\x28\x6c\x6f\x67\x28\x66\x61\x62\x73\x28\x78\x29\x29\x20\x2f\x20\x33\x2e\x30"
  "\x29\x2c\x20\x78\x29\x3b\x0a\x20\x20\x20\x20\x6b\x20\x3d\x20\x30\x3b\x0a\x20\x20"
  "\x20\x20\x77\x68\x69\x6c\x65\x20\x28\x6b\x20\x3c\x20\x32\x29\x20\x7b\x20\x79\x20"
  "\x3d\x20\x79\x20\x2d\x20\x28\x79\x20\x2a\x20\x79\x20\x2a\x20\x79\x20\x2d\x20\x78"
  "\x29\x20\x2f\x20\x28\x33\x2e\x30\x20\x2a\x20\x79\x20\x2a\x20\x79\x29\x3b\x20\x6b"
  "\x20\x3d\x20\x6b\x20\x2b\x20\x31\x3b\x20\x7d\x20\x20\x20\x2f\x2a\x20\x4e\x65\x77"
  "\x74\x6f\x6e\x20\x2a\x2f\x0a\x20\x20\x20\x20\x72\x65\x74\x75\x72\x6e\x20\x79\x3b"
  "\x0a\x7d\x0a\x73\x74\x61\x74\x69\x63\x20\x64\x6f\x75\x62\x6c\x65\x20\x66\x6d\x61"
  "\x78\x28\x64\x6f\x75\x62\x6c\x65\x20\x61\x2c\x20\x64\x6f\x75\x62\x6c\x65\x20\x62"
  "\x29\x20\x7b\x20\x69\x66\x20\x28\x61\x20\x21\x3d\x20\x61\x29\x20\x72\x65\x74\x75"
  "\x72\x6e\x20\x62\x3b\x20\x69\x66\x20\x28\x62\x20\x21\x3d\x20\x62\x29\x20\x72\x65"
  "\x74\x75\x72\x6e\x20\x61\x3b\x20\x72\x65\x74\x75\x72\x6e\x20\x61\x20\x3e\x20\x62"
  "\x20\x3f\x20\x61\x20\x3a\x20\x62\x3b\x20\x7d\x0a\x73\x74\x61\x74\x69\x63\x20\x64"
  "\x6f\x75\x62\x6c\x65\x20\x66\x6d\x69\x6e\x28\x64\x6f\x75\x62\x6c\x65\x20\x61\x2c"
  "\x20\x64\x6f\x75\x62\x6c\x65\x20\x62\x29\x20\x7b\x20\x69\x66\x20\x28\x61\x20\x21"
  "\x3d\x20\x61\x29\x20\x72\x65\x74\x75\x72\x6e\x20\x62\x3b\x20\x69\x66\x20\x28\x62"
  "\x20\x21\x3d\x20\x62\x29\x20\x72\x65\x74\x75\x72\x6e\x20\x61\x3b\x20\x72\x65\x74"
  "\x75\x72\x6e\x20\x61\x20\x3c\x20\x62\x20\x3f\x20\x61\x20\x3a\x20\x62\x3b\x20\x7d"
  "\x0a\x73\x74\x61\x74\x69\x63\x20\x64\x6f\x75\x62\x6c\x65\x20\x66\x64\x69\x6d\x28"
  "\x64\x6f\x75\x62\x6c\x65\x20\x61\x2c\x20\x64\x6f\x75\x62\x6c\x65\x20\x62\x29\x20"
  "\x7b\x20\x72\x65\x74\x75\x72\x6e\x20\x61\x20\x3e\x20\x62\x20\x3f\x20\x61\x20\x2d"
  "\x20\x62\x20\x3a\x20\x30\x2e\x30\x3b\x20\x7d\x0a\x23\x65\x6e\x64\x69\x66\x0a";

char *HDR_5 =
  "\x2f\x2a\x20\x3c\x73\x74\x64\x61\x72\x67\x2e\x68\x3e\x20\x66\x6f\x72\x20\x74\x68"
  "\x65\x20\x75\x6e\x69\x73\x61\x20\x43\x20\x73\x75\x62\x73\x65\x74\x2e\x20\x20\x41"
  "\x20\x76\x61\x72\x69\x61\x64\x69\x63\x20\x66\x75\x6e\x63\x74\x69\x6f\x6e\x20\x74"
  "\x61\x6b\x65\x73\x20\x61\x6c\x6c\x20\x6f\x66\x20\x69\x74\x73\x0a\x20\x2a\x20\x61"
  "\x72\x67\x75\x6d\x65\x6e\x74\x73\x20\x6f\x6e\x20\x74\x68\x65\x20\x74\x61\x70\x65"
  "\x20\x73\x74\x61\x63\x6b\x2c\x20\x61\x72\x67\x5b\x6b\x5d\x20\x61\x74\x20\x5b\x46"
  "\x50\x20\x2b\x20\x31\x36\x20\x2b\x20\x38\x6b\x5d\x2c\x20\x73\x6f\x20\x61\x20\x76"
  "\x61\x5f\x6c\x69\x73\x74\x20\x69\x73\x20\x61\x0a\x20\x2a\x20\x70\x6f\x69\x6e\x74"
  "\x65\x72\x20\x74\x6f\x20\x74\x68\x65\x20\x6e\x65\x78\x74\x20\x73\x6c\x6f\x74\x20"
  "\x61\x6e\x64\x20\x74\x68\x65\x20\x6d\x61\x63\x72\x6f\x73\x20\x61\x72\x65\x20\x63"
  "\x6f\x6d\x70\x69\x6c\x65\x72\x20\x69\x6e\x74\x72\x69\x6e\x73\x69\x63\x73\x2e\x20"
  "\x2a\x2f\x0a\x23\x69\x66\x6e\x64\x65\x66\x20\x5f\x55\x4e\x49\x53\x41\x5f\x53\x54"
  "\x44\x41\x52\x47\x5f\x48\x0a\x23\x64\x65\x66\x69\x6e\x65\x20\x5f\x55\x4e\x49\x53"
  "\x41\x5f\x53\x54\x44\x41\x52\x47\x5f\x48\x0a\x74\x79\x70\x65\x64\x65\x66\x20\x63"
  "\x68\x61\x72\x20\x2a\x76\x61\x5f\x6c\x69\x73\x74\x3b\x0a\x2f\x2a\x20\x41\x20\x76"
  "\x61\x5f\x6c\x69\x73\x74\x20\x68\x65\x72\x65\x20\x69\x73\x20\x61\x20\x70\x6f\x69"
  "\x6e\x74\x65\x72\x20\x74\x6f\x20\x74\x68\x65\x20\x6e\x65\x78\x74\x20\x61\x72\x67"
  "\x75\x6d\x65\x6e\x74\x20\x73\x6c\x6f\x74\x2c\x20\x73\x6f\x20\x63\x6f\x70\x79\x69"
  "\x6e\x67\x20\x6f\x6e\x65\x20\x69\x73\x0a\x20\x2a\x20\x61\x6e\x20\x61\x73\x73\x69"
  "\x67\x6e\x6d\x65\x6e\x74\x2e\x20\x20\x43\x39\x39\x20\x72\x65\x71\x75\x69\x72\x65"
  "\x73\x20\x74\x68\x65\x20\x6d\x61\x63\x72\x6f\x3b\x20\x69\x74\x20\x72\x65\x71\x75"
  "\x69\x72\x65\x73\x20\x76\x61\x5f\x65\x6e\x64\x20\x6f\x6e\x20\x74\x68\x65\x20\x63"
  "\x6f\x70\x79\x0a\x20\x2a\x20\x74\x6f\x6f\x2c\x20\x77\x68\x69\x63\x68\x20\x66\x6f"
  "\x72\x20\x74\x68\x69\x73\x20\x72\x65\x70\x72\x65\x73\x65\x6e\x74\x61\x74\x69\x6f"
  "\x6e\x20\x69\x73\x20\x61\x20\x6e\x6f\x2d\x6f\x70\x20\x74\x68\x65\x20\x63\x6f\x6d"
  "\x70\x69\x6c\x65\x72\x20\x66\x6f\x6c\x64\x73\x2e\x20\x2a\x2f\x0a\x23\x64\x65\x66"
  "\x69\x6e\x65\x20\x76\x61\x5f\x63\x6f\x70\x79\x28\x64\x2c\x20\x73\x29\x20\x28\x28"
  "\x64\x29\x20\x3d\x20\x28\x73\x29\x29\x0a\x23\x64\x65\x66\x69\x6e\x65\x20\x5f\x5f"
  "\x76\x61\x5f\x63\x6f\x70\x79\x28\x64\x2c\x20\x73\x29\x20\x28\x28\x64\x29\x20\x3d"
  "\x20\x28\x73\x29\x29\x0a\x23\x65\x6e\x64\x69\x66\x0a";

char *HDR_6 =
  "\x2f\x2a\x20\x3c\x73\x74\x64\x62\x6f\x6f\x6c\x2e\x68\x3e\x20\x66\x6f\x72\x20\x74"
  "\x68\x65\x20\x75\x6e\x69\x73\x61\x20\x43\x20\x73\x75\x62\x73\x65\x74\x2e\x20\x20"
  "\x43\x39\x39\x20\x37\x2e\x31\x36\x3a\x20\x74\x68\x72\x65\x65\x20\x6d\x61\x63\x72"
  "\x6f\x73\x20\x6f\x76\x65\x72\x20\x5f\x42\x6f\x6f\x6c\x2c\x0a\x20\x2a\x20\x77\x68"
  "\x69\x63\x68\x20\x74\x68\x65\x20\x63\x6f\x6d\x70\x69\x6c\x65\x72\x20\x6e\x6f\x77"
  "\x20\x68\x61\x73\x20\x61\x73\x20\x61\x20\x6f\x6e\x65\x2d\x62\x79\x74\x65\x20\x75"
  "\x6e\x73\x69\x67\x6e\x65\x64\x20\x74\x79\x70\x65\x20\x77\x68\x6f\x73\x65\x20\x63"
  "\x6f\x6e\x76\x65\x72\x73\x69\x6f\x6e\x0a\x20\x2a\x20\x72\x75\x6c\x65\x20\x69\x73"
  "\x20\x22\x30\x20\x69\x66\x20\x74\x68\x65\x20\x76\x61\x6c\x75\x65\x20\x63\x6f\x6d"
  "\x70\x61\x72\x65\x73\x20\x65\x71\x75\x61\x6c\x20\x74\x6f\x20\x30\x2c\x20\x31\x20"
  "\x6f\x74\x68\x65\x72\x77\x69\x73\x65\x22\x20\x2d\x2d\x20\x73\x6f\x0a\x20\x2a\x20"
  "\x60\x62\x6f\x6f\x6c\x20\x62\x20\x3d\x20\x32\x3b\x60\x20\x73\x74\x6f\x72\x65\x73"
  "\x20\x31\x2c\x20\x61\x73\x20\x74\x68\x65\x20\x73\x74\x61\x6e\x64\x61\x72\x64\x20"
  "\x72\x65\x71\x75\x69\x72\x65\x73\x2e\x20\x2a\x2f\x0a\x23\x69\x66\x6e\x64\x65\x66"
  "\x20\x5f\x55\x4e\x49\x53\x41\x5f\x53\x54\x44\x42\x4f\x4f\x4c\x5f\x48\x0a\x23\x64"
  "\x65\x66\x69\x6e\x65\x20\x5f\x55\x4e\x49\x53\x41\x5f\x53\x54\x44\x42\x4f\x4f\x4c"
  "\x5f\x48\x0a\x23\x64\x65\x66\x69\x6e\x65\x20\x62\x6f\x6f\x6c\x20\x5f\x42\x6f\x6f"
  "\x6c\x0a\x23\x64\x65\x66\x69\x6e\x65\x20\x74\x72\x75\x65\x20\x31\x0a\x23\x64\x65"
  "\x66\x69\x6e\x65\x20\x66\x61\x6c\x73\x65\x20\x30\x0a\x23\x64\x65\x66\x69\x6e\x65"
  "\x20\x5f\x5f\x62\x6f\x6f\x6c\x5f\x74\x72\x75\x65\x5f\x66\x61\x6c\x73\x65\x5f\x61"
  "\x72\x65\x5f\x64\x65\x66\x69\x6e\x65\x64\x20\x31\x0a\x23\x65\x6e\x64\x69\x66\x0a";

char *HDR_7 =
  "\x23\x69\x66\x6e\x64\x65\x66\x20\x5f\x55\x4e\x49\x53\x41\x5f\x53\x54\x44\x44\x45"
  "\x46\x5f\x48\x0a\x23\x64\x65\x66\x69\x6e\x65\x20\x5f\x55\x4e\x49\x53\x41\x5f\x53"
  "\x54\x44\x44\x45\x46\x5f\x48\x0a\x23\x64\x65\x66\x69\x6e\x65\x20\x4e\x55\x4c\x4c"
  "\x20\x30\x0a\x74\x79\x70\x65\x64\x65\x66\x20\x6c\x6f\x6e\x67\x20\x73\x69\x7a\x65"
  "\x5f\x74\x3b\x0a\x74\x79\x70\x65\x64\x65\x66\x20\x6c\x6f\x6e\x67\x20\x70\x74\x72"
  "\x64\x69\x66\x66\x5f\x74\x3b\x0a\x74\x79\x70\x65\x64\x65\x66\x20\x69\x6e\x74\x20"
  "\x77\x63\x68\x61\x72\x5f\x74\x3b\x0a\x2f\x2a\x20\x6f\x66\x66\x73\x65\x74\x6f\x66"
  "\x20\x69\x73\x20\x6f\x6d\x69\x74\x74\x65\x64\x20\x6f\x6e\x20\x70\x75\x72\x70\x6f"
  "\x73\x65\x3a\x20\x6f\x75\x72\x20\x6d\x61\x63\x72\x6f\x20\x65\x78\x70\x61\x6e\x73"
  "\x69\x6f\x6e\x20\x70\x61\x72\x65\x6e\x74\x68\x65\x73\x69\x73\x65\x73\x20\x61\x6e"
  "\x0a\x20\x2a\x20\x61\x72\x67\x75\x6d\x65\x6e\x74\x20\x74\x68\x61\x74\x20\x69\x73"
  "\x20\x6e\x6f\x74\x20\x61\x20\x73\x69\x6e\x67\x6c\x65\x20\x74\x6f\x6b\x65\x6e\x2c"
  "\x20\x61\x6e\x64\x20\x61\x20\x70\x61\x72\x65\x6e\x74\x68\x65\x73\x69\x73\x65\x64"
  "\x20\x54\x59\x50\x45\x20\x4e\x41\x4d\x45\x20\x69\x73\x0a\x20\x2a\x20\x6e\x6f\x74"
  "\x20\x61\x20\x74\x79\x70\x65\x20\x6e\x61\x6d\x65\x2e\x20\x20\x57\x72\x69\x74\x65"
  "\x20\x60\x28\x6c\x6f\x6e\x67\x29\x26\x28\x28\x54\x20\x2a\x29\x30\x29\x2d\x3e\x6d"
  "\x60\x20\x64\x69\x72\x65\x63\x74\x6c\x79\x20\x69\x66\x20\x79\x6f\x75\x20\x6e\x65"
  "\x65\x64\x20\x69\x74\x2e\x20\x2a\x2f\x0a\x23\x65\x6e\x64\x69\x66\x0a";

char *HDR_8 =
  "\x2f\x2a\x20\x3c\x73\x74\x64\x69\x6e\x74\x2e\x68\x3e\x20\x66\x6f\x72\x20\x74\x68"
  "\x65\x20\x75\x6e\x69\x73\x61\x20\x43\x20\x73\x75\x62\x73\x65\x74\x2e\x0a\x20\x2a"
  "\x0a\x20\x2a\x20\x54\x68\x65\x20\x65\x78\x61\x63\x74\x2d\x77\x69\x64\x74\x68\x20"
  "\x6e\x61\x6d\x65\x73\x20\x6d\x61\x70\x20\x73\x74\x72\x61\x69\x67\x68\x74\x20\x6f"
  "\x6e\x74\x6f\x20\x74\x68\x65\x20\x73\x75\x62\x73\x65\x74\x27\x73\x20\x69\x38\x2f"
  "\x69\x31\x36\x2f\x69\x33\x32\x2f\x69\x36\x34\x20\x2d\x2d\x0a\x20\x2a\x20\x61\x6e"
  "\x64\x20\x74\x68\x65\x20\x55\x4e\x53\x49\x47\x4e\x45\x44\x20\x73\x70\x65\x6c\x6c"
  "\x69\x6e\x67\x73\x20\x72\x65\x61\x6c\x6c\x79\x20\x61\x72\x65\x20\x75\x6e\x73\x69"
  "\x67\x6e\x65\x64\x2e\x20\x20\x54\x68\x65\x79\x20\x75\x73\x65\x64\x20\x74\x6f\x20"
  "\x62\x65\x20\x61\x6c\x69\x61\x73\x65\x73\x0a\x20\x2a\x20\x66\x6f\x72\x20\x74\x68"
  "\x65\x20\x73\x69\x67\x6e\x65\x64\x20\x6f\x6e\x65\x73\x2c\x20\x6f\x6e\x20\x74\x68"
  "\x65\x20\x74\x68\x65\x6f\x72\x79\x20\x74\x68\x61\x74\x20\x74\x68\x65\x20\x77\x69"
  "\x64\x74\x68\x20\x77\x61\x73\x20\x77\x68\x61\x74\x20\x6d\x61\x74\x74\x65\x72\x65"
  "\x64\x3b\x20\x69\x74\x20\x69\x73\x0a\x20\x2a\x20\x6e\x6f\x74\x2e\x20\x20\x60\x75"
  "\x69\x6e\x74\x38\x5f\x74\x20\x62\x20\x3d\x20\x30\x78\x61\x32\x3b\x20\x70\x72\x69"
  "\x6e\x74\x66\x28\x22\x25\x2e\x32\x78\x22\x2c\x20\x62\x29\x60\x20\x74\x68\x65\x6e"
  "\x20\x70\x72\x69\x6e\x74\x65\x64\x0a\x20\x2a\x20\x60\x66\x66\x66\x66\x66\x66\x66"
  "\x66\x66\x66\x66\x66\x66\x66\x61\x32\x60\x2c\x20\x62\x65\x63\x61\x75\x73\x65\x20"
  "\x74\x68\x65\x20\x6c\x6f\x61\x64\x20\x73\x69\x67\x6e\x2d\x65\x78\x74\x65\x6e\x64"
  "\x65\x64\x2e\x20\x20\x74\x69\x6e\x79\x2d\x41\x45\x53\x2d\x63\x20\x69\x73\x20\x77"
  "\x72\x69\x74\x74\x65\x6e\x0a\x20\x2a\x20\x69\x6e\x20\x75\x69\x6e\x74\x38\x5f\x74"
  "\x20\x66\x72\x6f\x6d\x20\x65\x6e\x64\x20\x74\x6f\x20\x65\x6e\x64\x2c\x20\x61\x6e"
  "\x64\x20\x74\x68\x61\x74\x20\x6f\x6e\x65\x20\x74\x79\x70\x65\x64\x65\x66\x20\x77"
  "\x61\x73\x20\x74\x68\x65\x20\x77\x68\x6f\x6c\x65\x20\x64\x69\x66\x66\x65\x72\x65"
  "\x6e\x63\x65\x0a\x20\x2a\x20\x62\x65\x74\x77\x65\x65\x6e\x20\x61\x20\x63\x6f\x72"
  "\x72\x65\x63\x74\x20\x41\x45\x53\x20\x62\x6c\x6f\x63\x6b\x20\x61\x6e\x64\x20\x61"
  "\x20\x73\x63\x72\x65\x65\x6e\x66\x75\x6c\x20\x6f\x66\x20\x66\x27\x73\x2e\x20\x2a"
  "\x2f\x0a\x23\x69\x66\x6e\x64\x65\x66\x20\x5f\x55\x4e\x49\x53\x41\x5f\x53\x54\x44"
  "\x49\x4e\x54\x5f\x48\x0a\x23\x64\x65\x66\x69\x6e\x65\x20\x5f\x55\x4e\x49\x53\x41"
  "\x5f\x53\x54\x44\x49\x4e\x54\x5f\x48\x0a\x74\x79\x70\x65\x64\x65\x66\x20\x63\x68"
  "\x61\x72\x20\x20\x20\x20\x20\x20\x20\x20\x20\x20\x20\x69\x6e\x74\x38\x5f\x74\x3b"
  "\x0a\x74\x79\x70\x65\x64\x65\x66\x20\x75\x6e\x73\x69\x67\x6e\x65\x64\x20\x63\x68"
  "\x61\x72\x20\x20\x75\x69\x6e\x74\x38\x5f\x74\x3b\x0a\x74\x79\x70\x65\x64\x65\x66"
  "\x20\x73\x68\x6f\x72\x74\x20\x20\x20\x20\x20\x20\x20\x20\x20\x20\x69\x6e\x74\x31"
  "\x36\x5f\x74\x3b\x0a\x74\x79\x70\x65\x64\x65\x66\x20\x75\x6e\x73\x69\x67\x6e\x65"
  "\x64\x20\x73\x68\x6f\x72\x74\x20\x75\x69\x6e\x74\x31\x36\x5f\x74\x3b\x0a\x74\x79"
  "\x70\x65\x64\x65\x66\x20\x69\x6e\x74\x20\x20\x20\x20\x20\x20\x20\x20\x20\x20\x20"
  "\x20\x69\x6e\x74\x33\x32\x5f\x74\x3b\x0a\x74\x79\x70\x65\x64\x65\x66\x20\x75\x6e"
  "\x73\x69\x67\x6e\x65\x64\x20\x69\x6e\x74\x20\x20\x20\x75\x69\x6e\x74\x33\x32\x5f"
  "\x74\x3b\x0a\x74\x79\x70\x65\x64\x65\x66\x20\x6c\x6f\x6e\x67\x20\x20\x20\x20\x20"
  "\x20\x20\x20\x20\x20\x20\x69\x6e\x74\x36\x34\x5f\x74\x3b\x0a\x74\x79\x70\x65\x64"
  "\x65\x66\x20\x75\x6e\x73\x69\x67\x6e\x65\x64\x20\x6c\x6f\x6e\x67\x20\x20\x75\x69"
  "\x6e\x74\x36\x34\x5f\x74\x3b\x0a\x74\x79\x70\x65\x64\x65\x66\x20\x6c\x6f\x6e\x67"
  "\x20\x20\x20\x20\x20\x20\x20\x20\x20\x20\x20\x69\x6e\x74\x70\x74\x72\x5f\x74\x3b"
  "\x0a\x74\x79\x70\x65\x64\x65\x66\x20\x75\x6e\x73\x69\x67\x6e\x65\x64\x20\x6c\x6f"
  "\x6e\x67\x20\x20\x75\x69\x6e\x74\x70\x74\x72\x5f\x74\x3b\x0a\x74\x79\x70\x65\x64"
  "\x65\x66\x20\x6c\x6f\x6e\x67\x20\x20\x20\x20\x20\x20\x20\x20\x20\x20\x20\x69\x6e"
  "\x74\x6d\x61\x78\x5f\x74\x3b\x0a\x74\x79\x70\x65\x64\x65\x66\x20\x75\x6e\x73\x69"
  "\x67\x6e\x65\x64\x20\x6c\x6f\x6e\x67\x20\x20\x75\x69\x6e\x74\x6d\x61\x78\x5f\x74"
  "\x3b\x0a\x0a\x23\x64\x65\x66\x69\x6e\x65\x20\x49\x4e\x54\x38\x5f\x4d\x49\x4e\x20"
  "\x20\x20\x20\x28\x2d\x31\x32\x38\x29\x0a\x23\x64\x65\x66\x69\x6e\x65\x20\x49\x4e"
  "\x54\x38\x5f\x4d\x41\x58\x20\x20\x20\x20\x31\x32\x37\x0a\x23\x64\x65\x66\x69\x6e"
  "\x65\x20\x55\x49\x4e\x54\x38\x5f\x4d\x41\x58\x20\x20\x20\x32\x35\x35\x0a\x23\x64"
  "\x65\x66\x69\x6e\x65\x20\x49\x4e\x54\x31\x36\x5f\x4d\x49\x4e\x20\x20\x20\x28\x2d"
  "\x33\x32\x37\x36\x38\x29\x0a\x23\x64\x65\x66\x69\x6e\x65\x20\x49\x4e\x54\x31\x36"
  "\x5f\x4d\x41\x58\x20\x20\x20\x33\x32\x37\x36\x37\x0a\x23\x64\x65\x66\x69\x6e\x65"
  "\x20\x55\x49\x4e\x54\x31\x36\x5f\x4d\x41\x58\x20\x20\x36\x35\x35\x33\x35\x0a\x23"
  "\x64\x65\x66\x69\x6e\x65\x20\x49\x4e\x54\x33\x32\x5f\x4d\x49\x4e\x20\x20\x20\x28"
  "\x2d\x32\x31\x34\x37\x34\x38\x33\x36\x34\x37\x20\x2d\x20\x31\x29\x0a\x23\x64\x65"
  "\x66\x69\x6e\x65\x20\x49\x4e\x54\x33\x32\x5f\x4d\x41\x58\x20\x20\x20\x32\x31\x34"
  "\x37\x34\x38\x33\x36\x34\x37\x0a\x23\x64\x65\x66\x69\x6e\x65\x20\x55\x49\x4e\x54"
  "\x33\x32\x5f\x4d\x41\x58\x20\x20\x34\x32\x39\x34\x39\x36\x37\x32\x39\x35\x0a\x23"
  "\x64\x65\x66\x69\x6e\x65\x20\x49\x4e\x54\x36\x34\x5f\x4d\x49\x4e\x20\x20\x20\x28"
  "\x2d\x39\x32\x32\x33\x33\x37\x32\x30\x33\x36\x38\x35\x34\x37\x37\x35\x38\x30\x37"
  "\x20\x2d\x20\x31\x29\x0a\x23\x64\x65\x66\x69\x6e\x65\x20\x49\x4e\x54\x36\x34\x5f"
  "\x4d\x41\x58\x20\x20\x20\x39\x32\x32\x33\x33\x37\x32\x30\x33\x36\x38\x35\x34\x37"
  "\x37\x35\x38\x30\x37\x0a\x23\x64\x65\x66\x69\x6e\x65\x20\x55\x49\x4e\x54\x36\x34"
  "\x5f\x4d\x41\x58\x20\x20\x31\x38\x34\x34\x36\x37\x34\x34\x30\x37\x33\x37\x30\x39"
  "\x35\x35\x31\x36\x31\x35\x0a\x23\x65\x6e\x64\x69\x66\x0a";

char *HDR_9 =
  "\x2f\x2a\x20\x4d\x69\x6e\x69\x6d\x61\x6c\x20\x3c\x73\x74\x64\x69\x6f\x2e\x68\x3e"
  "\x20\x66\x6f\x72\x20\x74\x68\x65\x20\x75\x6e\x69\x73\x61\x20\x43\x20\x73\x75\x62"
  "\x73\x65\x74\x2e\x0a\x20\x2a\x20\x70\x72\x69\x6e\x74\x66\x20\x69\x73\x20\x64\x65"
  "\x73\x75\x67\x61\x72\x65\x64\x20\x62\x79\x20\x74\x68\x65\x20\x77\x61\x6c\x6b\x65"
  "\x72\x20\x61\x67\x61\x69\x6e\x73\x74\x20\x69\x74\x73\x20\x73\x74\x61\x74\x69\x63"
  "\x20\x66\x6f\x72\x6d\x61\x74\x20\x73\x74\x72\x69\x6e\x67\x20\x5b\x57\x2d\x39\x5d"
  "\x3b\x0a\x20\x2a\x20\x65\x76\x65\x72\x79\x74\x68\x69\x6e\x67\x20\x65\x6c\x73\x65"
  "\x20\x68\x65\x72\x65\x20\x69\x73\x20\x6f\x72\x64\x69\x6e\x61\x72\x79\x20\x43\x20"
  "\x6f\x76\x65\x72\x20\x74\x68\x65\x20\x60\x2e\x73\x79\x73\x60\x20\x67\x61\x74\x65"
  "\x2c\x20\x73\x6f\x20\x69\x74\x20\x6e\x65\x65\x64\x73\x20\x6e\x6f\x0a\x20\x2a\x20"
  "\x6c\x69\x6e\x6b\x65\x72\x20\x61\x6e\x64\x20\x6e\x6f\x20\x63\x6f\x6d\x70\x69\x6c"
  "\x65\x72\x20\x73\x75\x70\x70\x6f\x72\x74\x2e\x20\x20\x41\x20\x46\x49\x4c\x45\x20"
  "\x2a\x20\x69\x73\x20\x61\x20\x66\x69\x6c\x65\x20\x64\x65\x73\x63\x72\x69\x70\x74"
  "\x6f\x72\x20\x69\x6e\x20\x61\x0a\x20\x2a\x20\x70\x6f\x69\x6e\x74\x65\x72\x27\x73"
  "\x20\x63\x6c\x6f\x74\x68\x69\x6e\x67\x2e\x20\x2a\x2f\x0a\x23\x69\x66\x6e\x64\x65"
  "\x66\x20\x5f\x55\x4e\x49\x53\x41\x5f\x53\x54\x44\x49\x4f\x5f\x48\x0a\x23\x64\x65"
  "\x66\x69\x6e\x65\x20\x5f\x55\x4e\x49\x53\x41\x5f\x53\x54\x44\x49\x4f\x5f\x48\x0a"
  "\x23\x69\x6e\x63\x6c\x75\x64\x65\x20\x3c\x73\x74\x64\x64\x65\x66\x2e\x68\x3e\x0a"
  "\x23\x69\x6e\x63\x6c\x75\x64\x65\x20\x3c\x73\x74\x64\x61\x72\x67\x2e\x68\x3e\x0a"
  "\x23\x64\x65\x66\x69\x6e\x65\x20\x4e\x55\x4c\x4c\x20\x30\x0a\x23\x64\x65\x66\x69"
  "\x6e\x65\x20\x45\x4f\x46\x20\x28\x30\x2d\x31\x29\x0a\x23\x64\x65\x66\x69\x6e\x65"
  "\x20\x53\x45\x45\x4b\x5f\x53\x45\x54\x20\x30\x0a\x23\x64\x65\x66\x69\x6e\x65\x20"
  "\x53\x45\x45\x4b\x5f\x43\x55\x52\x20\x31\x0a\x23\x64\x65\x66\x69\x6e\x65\x20\x53"
  "\x45\x45\x4b\x5f\x45\x4e\x44\x20\x32\x0a\x23\x64\x65\x66\x69\x6e\x65\x20\x42\x55"
  "\x46\x53\x49\x5a\x20\x34\x30\x39\x36\x0a\x0a\x74\x79\x70\x65\x64\x65\x66\x20\x73"
  "\x74\x72\x75\x63\x74\x20\x5f\x55\x4e\x49\x53\x41\x5f\x46\x49\x4c\x45\x20\x46\x49"
  "\x4c\x45\x3b\x0a\x23\x64\x65\x66\x69\x6e\x65\x20\x73\x74\x64\x69\x6e\x20\x20\x28"
  "\x28\x46\x49\x4c\x45\x20\x2a\x29\x30\x29\x0a\x23\x64\x65\x66\x69\x6e\x65\x20\x73"
  "\x74\x64\x6f\x75\x74\x20\x28\x28\x46\x49\x4c\x45\x20\x2a\x29\x31\x29\x0a\x23\x64"
  "\x65\x66\x69\x6e\x65\x20\x73\x74\x64\x65\x72\x72\x20\x28\x28\x46\x49\x4c\x45\x20"
  "\x2a\x29\x32\x29\x0a\x0a\x69\x6e\x74\x20\x70\x72\x69\x6e\x74\x66\x28\x29\x3b\x0a"
  "\x0a\x73\x74\x61\x74\x69\x63\x20\x69\x6e\x74\x20\x5f\x75\x6e\x69\x73\x61\x5f\x66"
  "\x64\x28\x46\x49\x4c\x45\x20\x2a\x66\x29\x20\x7b\x20\x72\x65\x74\x75\x72\x6e\x20"
  "\x28\x69\x6e\x74\x29\x28\x6c\x6f\x6e\x67\x29\x66\x3b\x20\x7d\x0a\x0a\x73\x74\x61"
  "\x74\x69\x63\x20\x6c\x6f\x6e\x67\x20\x5f\x75\x6e\x69\x73\x61\x5f\x6c\x65\x6e\x28"
  "\x63\x6f\x6e\x73\x74\x20\x63\x68\x61\x72\x20\x2a\x73\x29\x20\x7b\x0a\x20\x20\x20"
  "\x20\x6c\x6f\x6e\x67\x20\x6e\x3b\x0a\x20\x20\x20\x20\x6e\x20\x3d\x20\x30\x3b\x0a"
  "\x20\x20\x20\x20\x77\x68\x69\x6c\x65\x20\x28\x73\x5b\x6e\x5d\x29\x20\x6e\x20\x3d"
  "\x20\x6e\x20\x2b\x20\x31\x3b\x0a\x20\x20\x20\x20\x72\x65\x74\x75\x72\x6e\x20\x6e"
  "\x3b\x0a\x7d\x0a\x0a\x73\x74\x61\x74\x69\x63\x20\x63\x68\x61\x72\x20\x5f\x75\x6e"
  "\x69\x73\x61\x5f\x63\x68\x3b\x0a\x0a\x73\x74\x61\x74\x69\x63\x20\x69\x6e\x74\x20"
  "\x66\x70\x75\x74\x63\x28\x69\x6e\x74\x20\x63\x2c\x20\x46\x49\x4c\x45\x20\x2a\x66"
  "\x29\x20\x7b\x0a\x20\x20\x20\x20\x5f\x75\x6e\x69\x73\x61\x5f\x63\x68\x20\x3d\x20"
  "\x63\x3b\x0a\x20\x20\x20\x20\x5f\x5f\x77\x72\x69\x74\x65\x28\x5f\x75\x6e\x69\x73"
  "\x61\x5f\x66\x64\x28\x66\x29\x2c\x20\x26\x5f\x75\x6e\x69\x73\x61\x5f\x63\x68\x2c"
  "\x20\x31\x29\x3b\x0a\x20\x20\x20\x20\x72\x65\x74\x75\x72\x6e\x20\x63\x3b\x0a\x7d"
  "\x0a\x0a\x73\x74\x61\x74\x69\x63\x20\x69\x6e\x74\x20\x70\x75\x74\x63\x68\x61\x72"
  "\x28\x69\x6e\x74\x20\x63\x29\x20\x7b\x20\x72\x65\x74\x75\x72\x6e\x20\x66\x70\x75"
  "\x74\x63\x28\x63\x2c\x20\x73\x74\x64\x6f\x75\x74\x29\x3b\x20\x7d\x0a\x0a\x73\x74"
  "\x61\x74\x69\x63\x20\x69\x6e\x74\x20\x66\x70\x75\x74\x73\x28\x63\x6f\x6e\x73\x74"
  "\x20\x63\x68\x61\x72\x20\x2a\x73\x2c\x20\x46\x49\x4c\x45\x20\x2a\x66\x29\x20\x7b"
  "\x0a\x20\x20\x20\x20\x5f\x5f\x77\x72\x69\x74\x65\x28\x5f\x75\x6e\x69\x73\x61\x5f"
  "\x66\x64\x28\x66\x29\x2c\x20\x28\x63\x68\x61\x72\x20\x2a\x29\x73\x2c\x20\x5f\x75"
  "\x6e\x69\x73\x61\x5f\x6c\x65\x6e\x28\x73\x29\x29\x3b\x0a\x20\x20\x20\x20\x72\x65"
  "\x74\x75\x72\x6e\x20\x30\x3b\x0a\x7d\x0a\x0a\x73\x74\x61\x74\x69\x63\x20\x69\x6e"
  "\x74\x20\x70\x75\x74\x73\x28\x63\x6f\x6e\x73\x74\x20\x63\x68\x61\x72\x20\x2a\x73"
  "\x29\x20\x7b\x0a\x20\x20\x20\x20\x66\x70\x75\x74\x73\x28\x73\x2c\x20\x73\x74\x64"
  "\x6f\x75\x74\x29\x3b\x0a\x20\x20\x20\x20\x5f\x75\x6e\x69\x73\x61\x5f\x63\x68\x20"
  "\x3d\x20\x31\x30\x3b\x0a\x20\x20\x20\x20\x5f\x5f\x77\x72\x69\x74\x65\x28\x31\x2c"
  "\x20\x26\x5f\x75\x6e\x69\x73\x61\x5f\x63\x68\x2c\x20\x31\x29\x3b\x0a\x20\x20\x20"
  "\x20\x72\x65\x74\x75\x72\x6e\x20\x30\x3b\x0a\x7d\x0a\x0a\x73\x74\x61\x74\x69\x63"
  "\x20\x6c\x6f\x6e\x67\x20\x66\x77\x72\x69\x74\x65\x28\x63\x6f\x6e\x73\x74\x20\x76"
  "\x6f\x69\x64\x20\x2a\x70\x2c\x20\x6c\x6f\x6e\x67\x20\x73\x7a\x2c\x20\x6c\x6f\x6e"
  "\x67\x20\x6e\x2c\x20\x46\x49\x4c\x45\x20\x2a\x66\x29\x20\x7b\x0a\x20\x20\x20\x20"
  "\x5f\x5f\x77\x72\x69\x74\x65\x28\x5f\x75\x6e\x69\x73\x61\x5f\x66\x64\x28\x66\x29"
  "\x2c\x20\x28\x63\x68\x61\x72\x20\x2a\x29\x70\x2c\x20\x73\x7a\x20\x2a\x20\x6e\x29"
  "\x3b\x0a\x20\x20\x20\x20\x72\x65\x74\x75\x72\x6e\x20\x6e\x3b\x0a\x7d\x0a\x0a\x73"
  "\x74\x61\x74\x69\x63\x20\x6c\x6f\x6e\x67\x20\x66\x72\x65\x61\x64\x28\x76\x6f\x69"
  "\x64\x20\x2a\x70\x2c\x20\x6c\x6f\x6e\x67\x20\x73\x7a\x2c\x20\x6c\x6f\x6e\x67\x20"
  "\x6e\x2c\x20\x46\x49\x4c\x45\x20\x2a\x66\x29\x20\x7b\x0a\x20\x20\x20\x20\x6c\x6f"
  "\x6e\x67\x20\x67\x6f\x74\x3b\x0a\x20\x20\x20\x20\x67\x6f\x74\x20\x3d\x20\x5f\x5f"
  "\x72\x65\x61\x64\x28\x5f\x75\x6e\x69\x73\x61\x5f\x66\x64\x28\x66\x29\x2c\x20\x28"
  "\x63\x68\x61\x72\x20\x2a\x29\x70\x2c\x20\x73\x7a\x20\x2a\x20\x6e\x29\x3b\x0a\x20"
  "\x20\x20\x20\x69\x66\x20\x28\x67\x6f\x74\x20\x3c\x20\x30\x29\x20\x72\x65\x74\x75"
  "\x72\x6e\x20\x30\x3b\x0a\x20\x20\x20\x20\x72\x65\x74\x75\x72\x6e\x20\x67\x6f\x74"
  "\x20\x2f\x20\x73\x7a\x3b\x0a\x7d\x0a\x0a\x2f\x2a\x20\x4f\x5f\x2a\x20\x61\x72\x65"
  "\x20\x6e\x6f\x74\x20\x70\x6f\x72\x74\x61\x62\x6c\x65\x20\x6e\x75\x6d\x62\x65\x72"
  "\x73\x3a\x20\x4c\x69\x6e\x75\x78\x20\x61\x6e\x64\x20\x74\x68\x65\x20\x42\x53\x44"
  "\x73\x20\x70\x69\x63\x6b\x65\x64\x20\x64\x69\x66\x66\x65\x72\x65\x6e\x74\x20\x62"
  "\x69\x74\x73\x2c\x0a\x20\x20\x20\x61\x6e\x64\x20\x77\x65\x20\x68\x61\x72\x64\x63"
  "\x6f\x64\x65\x64\x20\x4c\x69\x6e\x75\x78\x27\x73\x2e\x20\x20\x4f\x6e\x20\x6d\x61"
  "\x63\x4f\x53\x20\x74\x68\x61\x74\x20\x74\x75\x72\x6e\x65\x64\x20\x22\x77\x22\x20"
  "\x69\x6e\x74\x6f\x20\x66\x6c\x61\x67\x73\x20\x6e\x6f\x62\x6f\x64\x79\x0a\x20\x20"
  "\x20\x61\x63\x63\x65\x70\x74\x73\x3b\x20\x74\x68\x65\x20\x66\x69\x6c\x65\x20\x77"
  "\x61\x73\x20\x6e\x65\x76\x65\x72\x20\x63\x72\x65\x61\x74\x65\x64\x20\x61\x6e\x64"
  "\x20\x65\x76\x65\x72\x79\x20\x72\x65\x61\x64\x20\x6f\x66\x20\x69\x74\x20\x63\x61"
  "\x6d\x65\x20\x62\x61\x63\x6b\x0a\x20\x20\x20\x65\x6d\x70\x74\x79\x2e\x20\x2a\x2f"
  "\x0a\x23\x69\x66\x64\x65\x66\x20\x5f\x5f\x6c\x69\x6e\x75\x78\x5f\x5f\x0a\x23\x64"
  "\x65\x66\x69\x6e\x65\x20\x5f\x55\x5f\x4f\x5f\x43\x52\x45\x41\x54\x20\x20\x20\x36"
  "\x34\x0a\x23\x64\x65\x66\x69\x6e\x65\x20\x5f\x55\x5f\x4f\x5f\x54\x52\x55\x4e\x43"
  "\x20\x20\x20\x35\x31\x32\x0a\x23\x64\x65\x66\x69\x6e\x65\x20\x5f\x55\x5f\x4f\x5f"
  "\x41\x50\x50\x45\x4e\x44\x20\x20\x31\x30\x32\x34\x0a\x23\x65\x6c\x73\x65\x0a\x23"
  "\x64\x65\x66\x69\x6e\x65\x20\x5f\x55\x5f\x4f\x5f\x43\x52\x45\x41\x54\x20\x20\x20"
  "\x35\x31\x32\x0a\x23\x64\x65\x66\x69\x6e\x65\x20\x5f\x55\x5f\x4f\x5f\x54\x52\x55"
  "\x4e\x43\x20\x20\x20\x31\x30\x32\x34\x0a\x23\x64\x65\x66\x69\x6e\x65\x20\x5f\x55"
  "\x5f\x4f\x5f\x41\x50\x50\x45\x4e\x44\x20\x20\x38\x0a\x23\x65\x6e\x64\x69\x66\x0a"
  "\x0a\x73\x74\x61\x74\x69\x63\x20\x46\x49\x4c\x45\x20\x2a\x66\x6f\x70\x65\x6e\x28"
  "\x63\x6f\x6e\x73\x74\x20\x63\x68\x61\x72\x20\x2a\x70\x61\x74\x68\x2c\x20\x63\x6f"
  "\x6e\x73\x74\x20\x63\x68\x61\x72\x20\x2a\x6d\x6f\x64\x65\x29\x20\x7b\x0a\x20\x20"
  "\x20\x20\x69\x6e\x74\x20\x66\x64\x3b\x0a\x23\x69\x66\x64\x65\x66\x20\x5f\x57\x49"
  "\x4e\x33\x32\x0a\x20\x20\x20\x20\x2f\x2a\x20\x57\x69\x6e\x64\x6f\x77\x73\x20\x68"
  "\x61\x73\x20\x6e\x6f\x20\x6f\x70\x65\x6e\x28\x32\x29\x2c\x20\x61\x6e\x64\x20\x43"
  "\x72\x65\x61\x74\x65\x46\x69\x6c\x65\x41\x20\x77\x61\x6e\x74\x73\x20\x69\x74\x73"
  "\x20\x6f\x77\x6e\x20\x73\x68\x61\x70\x65\x73\x2e\x20\x20\x54\x68\x65\x79\x0a\x20"
  "\x20\x20\x20\x20\x20\x20\x61\x72\x65\x20\x62\x75\x69\x6c\x74\x20\x48\x45\x52\x45"
  "\x20\x61\x6e\x64\x20\x6e\x6f\x74\x20\x69\x6e\x20\x74\x68\x65\x20\x65\x6e\x63\x6f"
  "\x64\x65\x72\x2c\x20\x62\x65\x63\x61\x75\x73\x65\x20\x74\x68\x69\x73\x20\x69\x73"
  "\x20\x74\x68\x65\x20\x6f\x6e\x6c\x79\x20\x70\x6c\x61\x63\x65\x0a\x20\x20\x20\x20"
  "\x20\x20\x20\x74\x68\x61\x74\x20\x6b\x6e\x6f\x77\x73\x20\x77\x68\x65\x74\x68\x65"
  "\x72\x20\x74\x68\x65\x20\x70\x72\x6f\x67\x72\x61\x6d\x20\x69\x73\x20\x62\x65\x69"
  "\x6e\x67\x20\x63\x6f\x6d\x70\x69\x6c\x65\x64\x20\x66\x6f\x72\x20\x57\x69\x6e\x64"
  "\x6f\x77\x73\x2e\x20\x2a\x2f\x0a\x20\x20\x20\x20\x6c\x6f\x6e\x67\x20\x61\x63\x63"
  "\x65\x73\x73\x3b\x0a\x20\x20\x20\x20\x6c\x6f\x6e\x67\x20\x64\x69\x73\x70\x3b\x0a"
  "\x20\x20\x20\x20\x61\x63\x63\x65\x73\x73\x20\x3d\x20\x30\x78\x38\x30\x30\x30\x30"
  "\x30\x30\x30\x3b\x20\x20\x20\x20\x20\x20\x20\x20\x20\x20\x20\x20\x20\x20\x20\x20"
  "\x20\x20\x2f\x2a\x20\x47\x45\x4e\x45\x52\x49\x43\x5f\x52\x45\x41\x44\x20\x20\x2a"
  "\x2f\x0a\x20\x20\x20\x20\x64\x69\x73\x70\x20\x3d\x20\x33\x3b\x20\x20\x20\x20\x20"
  "\x20\x20\x20\x20\x20\x20\x20\x20\x20\x20\x20\x20\x20\x20\x20\x20\x20\x20\x20\x20"
  "\x20\x20\x20\x20\x2f\x2a\x20\x4f\x50\x45\x4e\x5f\x45\x58\x49\x53\x54\x49\x4e\x47"
  "\x20\x2a\x2f\x0a\x20\x20\x20\x20\x69\x66\x20\x28\x6d\x6f\x64\x65\x5b\x30\x5d\x20"
  "\x3d\x3d\x20\x31\x31\x39\x29\x20\x7b\x20\x61\x63\x63\x65\x73\x73\x20\x3d\x20\x30"
  "\x78\x34\x30\x30\x30\x30\x30\x30\x30\x3b\x20\x64\x69\x73\x70\x20\x3d\x20\x32\x3b"
  "\x20\x7d\x20\x20\x20\x2f\x2a\x20\x27\x77\x27\x20\x43\x52\x45\x41\x54\x45\x5f\x41"
  "\x4c\x57\x41\x59\x53\x20\x2a\x2f\x0a\x20\x20\x20\x20\x69\x66\x20\x28\x6d\x6f\x64"
  "\x65\x5b\x30\x5d\x20\x3d\x3d\x20\x39\x37\x29\x20\x20\x7b\x20\x61\x63\x63\x65\x73"
  "\x73\x20\x3d\x20\x30\x78\x34\x30\x30\x30\x30\x30\x30\x30\x3b\x20\x64\x69\x73\x70"
  "\x20\x3d\x20\x34\x3b\x20\x7d\x20\x20\x20\x2f\x2a\x20\x27\x61\x27\x20\x4f\x50\x45"
  "\x4e\x5f\x41\x4c\x57\x41\x59\x53\x20\x20\x20\x2a\x2f\x0a\x20\x20\x20\x20\x66\x64"
  "\x20\x3d\x20\x5f\x5f\x6f\x70\x65\x6e\x28\x28\x63\x68\x61\x72\x20\x2a\x29\x70\x61"
  "\x74\x68\x2c\x20\x61\x63\x63\x65\x73\x73\x2c\x20\x64\x69\x73\x70\x29\x3b\x0a\x23"
  "\x65\x6c\x73\x65\x0a\x20\x20\x20\x20\x69\x6e\x74\x20\x66\x6c\x61\x67\x73\x3b\x0a"
  "\x20\x20\x20\x20\x66\x6c\x61\x67\x73\x20\x3d\x20\x30\x3b\x20\x20\x20\x20\x20\x20"
  "\x20\x20\x20\x20\x20\x20\x20\x20\x20\x20\x20\x20\x20\x20\x20\x20\x20\x20\x20\x20"
  "\x20\x20\x2f\x2a\x20\x27\x72\x27\x3a\x20\x4f\x5f\x52\x44\x4f\x4e\x4c\x59\x20\x2a"
  "\x2f\x0a\x20\x20\x20\x20\x69\x66\x20\x28\x6d\x6f\x64\x65\x5b\x30\x5d\x20\x3d\x3d"
  "\x20\x31\x31\x39\x29\x20\x20\x20\x20\x20\x20\x20\x20\x20\x20\x20\x20\x20\x20\x20"
  "\x20\x20\x20\x20\x2f\x2a\x20\x27\x77\x27\x20\x2a\x2f\x0a\x20\x20\x20\x20\x20\x20"
  "\x20\x20\x66\x6c\x61\x67\x73\x20\x3d\x20\x31\x20\x7c\x20\x5f\x55\x5f\x4f\x5f\x43"
  "\x52\x45\x41\x54\x20\x7c\x20\x5f\x55\x5f\x4f\x5f\x54\x52\x55\x4e\x43\x3b\x0a\x20"
  "\x20\x20\x20\x69\x66\x20\x28\x6d\x6f\x64\x65\x5b\x30\x5d\x20\x3d\x3d\x20\x39\x37"
  "\x29\x20\x20\x20\x20\x20\x20\x20\x20\x20\x20\x20\x20\x20\x20\x20\x20\x20\x20\x20"
  "\x20\x2f\x2a\x20\x27\x61\x27\x20\x2a\x2f\x0a\x20\x20\x20\x20\x20\x20\x20\x20\x66"
  "\x6c\x61\x67\x73\x20\x3d\x20\x31\x20\x7c\x20\x5f\x55\x5f\x4f\x5f\x43\x52\x45\x41"
  "\x54\x20\x7c\x20\x5f\x55\x5f\x4f\x5f\x41\x50\x50\x45\x4e\x44\x3b\x0a\x20\x20\x20"
  "\x20\x2f\x2a\x20\x30\x36\x34\x34\x2e\x20\x20\x50\x61\x73\x73\x69\x6e\x67\x20\x6e"
  "\x6f\x20\x6d\x6f\x64\x65\x20\x61\x74\x20\x61\x6c\x6c\x20\x6c\x65\x66\x74\x20\x69"
  "\x74\x20\x61\x74\x20\x30\x2c\x20\x73\x6f\x20\x74\x68\x65\x20\x66\x69\x6c\x65\x20"
  "\x77\x65\x20\x68\x61\x64\x20\x6a\x75\x73\x74\x0a\x20\x20\x20\x20\x20\x20\x20\x63"
  "\x72\x65\x61\x74\x65\x64\x20\x63\x6f\x75\x6c\x64\x20\x6e\x6f\x74\x20\x62\x65\x20"
  "\x6f\x70\x65\x6e\x65\x64\x20\x61\x67\x61\x69\x6e\x2e\x20\x2a\x2f\x0a\x20\x20\x20"
  "\x20\x66\x64\x20\x3d\x20\x5f\x5f\x6f\x70\x65\x6e\x28\x28\x63\x68\x61\x72\x20\x2a"
  "\x29\x70\x61\x74\x68\x2c\x20\x66\x6c\x61\x67\x73\x2c\x20\x34\x32\x30\x29\x3b\x0a"
  "\x23\x65\x6e\x64\x69\x66\x0a\x20\x20\x20\x20\x69\x66\x20\x28\x66\x64\x20\x3c\x20"
  "\x30\x29\x20\x72\x65\x74\x75\x72\x6e\x20\x4e\x55\x4c\x4c\x3b\x0a\x20\x20\x20\x20"
  "\x72\x65\x74\x75\x72\x6e\x20\x28\x46\x49\x4c\x45\x20\x2a\x29\x28\x6c\x6f\x6e\x67"
  "\x29\x66\x64\x3b\x0a\x7d\x0a\x0a\x2f\x2a\x20\x55\x6e\x62\x75\x66\x66\x65\x72\x65"
  "\x64\x3a\x20\x61\x20\x46\x49\x4c\x45\x20\x2a\x20\x68\x65\x72\x65\x20\x69\x73\x20"
  "\x61\x20\x66\x69\x6c\x65\x20\x64\x65\x73\x63\x72\x69\x70\x74\x6f\x72\x2c\x20\x73"
  "\x6f\x20\x74\x68\x65\x72\x65\x20\x69\x73\x20\x6e\x6f\x77\x68\x65\x72\x65\x20\x74"
  "\x6f\x0a\x20\x20\x20\x6b\x65\x65\x70\x20\x61\x20\x62\x75\x66\x66\x65\x72\x20\x61"
  "\x6e\x64\x20\x65\x76\x65\x72\x79\x20\x63\x68\x61\x72\x61\x63\x74\x65\x72\x20\x63"
  "\x6f\x73\x74\x73\x20\x61\x20\x72\x65\x61\x64\x2e\x20\x20\x43\x6f\x72\x72\x65\x63"
  "\x74\x2c\x20\x6e\x6f\x74\x20\x66\x61\x73\x74\x2e\x20\x2a\x2f\x0a\x73\x74\x61\x74"
  "\x69\x63\x20\x69\x6e\x74\x20\x66\x67\x65\x74\x63\x28\x46\x49\x4c\x45\x20\x2a\x66"
  "\x29\x20\x7b\x0a\x20\x20\x20\x20\x75\x6e\x73\x69\x67\x6e\x65\x64\x20\x63\x68\x61"
  "\x72\x20\x63\x3b\x0a\x20\x20\x20\x20\x69\x66\x20\x28\x66\x72\x65\x61\x64\x28\x26"
  "\x63\x2c\x20\x31\x2c\x20\x31\x2c\x20\x66\x29\x20\x21\x3d\x20\x31\x29\x20\x72\x65"
  "\x74\x75\x72\x6e\x20\x45\x4f\x46\x3b\x0a\x20\x20\x20\x20\x72\x65\x74\x75\x72\x6e"
  "\x20\x28\x69\x6e\x74\x29\x63\x3b\x0a\x7d\x0a\x0a\x73\x74\x61\x74\x69\x63\x20\x69"
  "\x6e\x74\x20\x67\x65\x74\x63\x28\x46\x49\x4c\x45\x20\x2a\x66\x29\x20\x7b\x20\x72"
  "\x65\x74\x75\x72\x6e\x20\x66\x67\x65\x74\x63\x28\x66\x29\x3b\x20\x7d\x0a\x73\x74"
  "\x61\x74\x69\x63\x20\x69\x6e\x74\x20\x67\x65\x74\x63\x68\x61\x72\x28\x76\x6f\x69"
  "\x64\x29\x20\x7b\x20\x72\x65\x74\x75\x72\x6e\x20\x66\x67\x65\x74\x63\x28\x73\x74"
  "\x64\x69\x6e\x29\x3b\x20\x7d\x0a\x0a\x73\x74\x61\x74\x69\x63\x20\x63\x68\x61\x72"
  "\x20\x2a\x66\x67\x65\x74\x73\x28\x63\x68\x61\x72\x20\x2a\x73\x2c\x20\x69\x6e\x74"
  "\x20\x6e\x2c\x20\x46\x49\x4c\x45\x20\x2a\x66\x29\x20\x7b\x0a\x20\x20\x20\x20\x69"
  "\x6e\x74\x20\x69\x3b\x0a\x20\x20\x20\x20\x69\x6e\x74\x20\x63\x3b\x0a\x20\x20\x20"
  "\x20\x69\x66\x20\x28\x6e\x20\x3c\x3d\x20\x30\x29\x20\x72\x65\x74\x75\x72\x6e\x20"
  "\x4e\x55\x4c\x4c\x3b\x0a\x20\x20\x20\x20\x69\x20\x3d\x20\x30\x3b\x0a\x20\x20\x20"
  "\x20\x77\x68\x69\x6c\x65\x20\x28\x69\x20\x3c\x20\x6e\x20\x2d\x20\x31\x29\x20\x7b"
  "\x0a\x20\x20\x20\x20\x20\x20\x20\x20\x63\x20\x3d\x20\x66\x67\x65\x74\x63\x28\x66"
  "\x29\x3b\x0a\x20\x20\x20\x20\x20\x20\x20\x20\x69\x66\x20\x28\x63\x20\x3d\x3d\x20"
  "\x45\x4f\x46\x29\x20\x62\x72\x65\x61\x6b\x3b\x0a\x20\x20\x20\x20\x20\x20\x20\x20"
  "\x73\x5b\x69\x5d\x20\x3d\x20\x28\x63\x68\x61\x72\x29\x63\x3b\x0a\x20\x20\x20\x20"
  "\x20\x20\x20\x20\x69\x20\x3d\x20\x69\x20\x2b\x20\x31\x3b\x0a\x20\x20\x20\x20\x20"
  "\x20\x20\x20\x69\x66\x20\x28\x63\x20\x3d\x3d\x20\x31\x30\x29\x20\x62\x72\x65\x61"
  "\x6b\x3b\x20\x20\x20\x20\x20\x20\x20\x20\x20\x20\x20\x20\x20\x20\x20\x2f\x2a\x20"
  "\x27\x5c\x6e\x27\x20\x65\x6e\x64\x73\x20\x74\x68\x65\x20\x6c\x69\x6e\x65\x2c\x20"
  "\x61\x6e\x64\x20\x73\x74\x61\x79\x73\x20\x2a\x2f\x0a\x20\x20\x20\x20\x7d\x0a\x20"
  "\x20\x20\x20\x69\x66\x20\x28\x69\x20\x3d\x3d\x20\x30\x29\x20\x72\x65\x74\x75\x72"
  "\x6e\x20\x4e\x55\x4c\x4c\x3b\x0a\x20\x20\x20\x20\x73\x5b\x69\x5d\x20\x3d\x20\x30"
  "\x3b\x0a\x20\x20\x20\x20\x72\x65\x74\x75\x72\x6e\x20\x73\x3b\x0a\x7d\x0a\x0a\x73"
  "\x74\x61\x74\x69\x63\x20\x69\x6e\x74\x20\x66\x63\x6c\x6f\x73\x65\x28\x46\x49\x4c"
  "\x45\x20\x2a\x66\x29\x20\x7b\x20\x72\x65\x74\x75\x72\x6e\x20\x5f\x5f\x63\x6c\x6f"
  "\x73\x65\x28\x5f\x75\x6e\x69\x73\x61\x5f\x66\x64\x28\x66\x29\x29\x3b\x20\x7d\x0a"
  "\x73\x74\x61\x74\x69\x63\x20\x69\x6e\x74\x20\x66\x66\x6c\x75\x73\x68\x28\x46\x49"
  "\x4c\x45\x20\x2a\x66\x29\x20\x7b\x20\x72\x65\x74\x75\x72\x6e\x20\x30\x3b\x20\x7d"
  "\x0a\x0a\x2f\x2a\x20\x2d\x2d\x2d\x2d\x20\x61\x20\x72\x75\x6e\x74\x69\x6d\x65\x20"
  "\x66\x6f\x72\x6d\x61\x74\x74\x65\x72\x20\x2d\x2d\x2d\x2d\x2d\x2d\x2d\x2d\x2d\x2d"
  "\x2d\x2d\x2d\x2d\x2d\x2d\x2d\x2d\x2d\x2d\x2d\x2d\x2d\x2d\x2d\x2d\x2d\x2d\x2d\x2d"
  "\x2d\x2d\x2d\x2d\x2d\x2d\x2d\x2d\x2d\x2d\x2d\x2d\x2d\x2d\x2d\x2d\x2d\x2d\x0a\x20"
  "\x2a\x20\x60\x70\x72\x69\x6e\x74\x66\x60\x20\x69\x73\x20\x64\x65\x73\x75\x67\x61"
  "\x72\x65\x64\x20\x62\x79\x20\x74\x68\x65\x20\x77\x61\x6c\x6b\x65\x72\x20\x61\x67"
  "\x61\x69\x6e\x73\x74\x20\x69\x74\x73\x20\x73\x74\x61\x74\x69\x63\x20\x66\x6f\x72"
  "\x6d\x61\x74\x20\x73\x74\x72\x69\x6e\x67\x2c\x20\x77\x68\x69\x63\x68\x0a\x20\x2a"
  "\x20\x69\x73\x20\x74\x68\x65\x20\x66\x61\x73\x74\x20\x70\x61\x74\x68\x20\x61\x6e"
  "\x64\x20\x74\x68\x65\x20\x6f\x6e\x65\x20\x74\x68\x61\x74\x20\x64\x6f\x65\x73\x20"
  "\x6e\x6f\x74\x20\x6e\x65\x65\x64\x20\x76\x61\x72\x61\x72\x67\x73\x2e\x20\x20\x45"
  "\x76\x65\x72\x79\x74\x68\x69\x6e\x67\x20\x74\x68\x61\x74\x0a\x20\x2a\x20\x74\x61"
  "\x6b\x65\x73\x20\x61\x20\x66\x6f\x72\x6d\x61\x74\x20\x61\x74\x20\x52\x55\x4e\x20"
  "\x74\x69\x6d\x65\x20\x69\x73\x20\x77\x72\x69\x74\x74\x65\x6e\x20\x68\x65\x72\x65"
  "\x2c\x20\x69\x6e\x20\x74\x68\x65\x20\x73\x75\x62\x73\x65\x74\x20\x69\x74\x73\x65"
  "\x6c\x66\x2e\x20\x2a\x2f\x0a\x0a\x73\x74\x61\x74\x69\x63\x20\x76\x6f\x69\x64\x20"
  "\x5f\x75\x5f\x70\x75\x74\x28\x63\x68\x61\x72\x20\x2a\x6f\x75\x74\x2c\x20\x6c\x6f"
  "\x6e\x67\x20\x63\x61\x70\x2c\x20\x6c\x6f\x6e\x67\x20\x2a\x6e\x2c\x20\x46\x49\x4c"
  "\x45\x20\x2a\x66\x2c\x20\x69\x6e\x74\x20\x63\x29\x20\x7b\x0a\x20\x20\x20\x20\x63"
  "\x68\x61\x72\x20\x63\x68\x3b\x0a\x20\x20\x20\x20\x69\x66\x20\x28\x6f\x75\x74\x20"
  "\x21\x3d\x20\x4e\x55\x4c\x4c\x29\x20\x7b\x0a\x20\x20\x20\x20\x20\x20\x20\x20\x69"
  "\x66\x20\x28\x63\x61\x70\x20\x3c\x20\x30\x20\x7c\x20\x2a\x6e\x20\x3c\x20\x63\x61"
  "\x70\x20\x2d\x20\x31\x29\x20\x6f\x75\x74\x5b\x2a\x6e\x5d\x20\x3d\x20\x63\x3b\x0a"
  "\x20\x20\x20\x20\x7d\x20\x65\x6c\x73\x65\x20\x7b\x0a\x20\x20\x20\x20\x20\x20\x20"
  "\x20\x63\x68\x20\x3d\x20\x63\x3b\x0a\x20\x20\x20\x20\x20\x20\x20\x20\x5f\x5f\x77"
  "\x72\x69\x74\x65\x28\x5f\x75\x6e\x69\x73\x61\x5f\x66\x64\x28\x66\x29\x2c\x20\x26"
  "\x63\x68\x2c\x20\x31\x29\x3b\x0a\x20\x20\x20\x20\x7d\x0a\x20\x20\x20\x20\x2a\x6e"
  "\x20\x3d\x20\x2a\x6e\x20\x2b\x20\x31\x3b\x0a\x7d\x0a\x0a\x73\x74\x61\x74\x69\x63"
  "\x20\x6c\x6f\x6e\x67\x20\x5f\x75\x5f\x64\x69\x67\x69\x74\x73\x28\x63\x68\x61\x72"
  "\x20\x2a\x62\x75\x66\x2c\x20\x75\x6e\x73\x69\x67\x6e\x65\x64\x20\x6c\x6f\x6e\x67"
  "\x20\x76\x2c\x20\x69\x6e\x74\x20\x62\x61\x73\x65\x2c\x20\x69\x6e\x74\x20\x75\x70"
  "\x70\x65\x72\x29\x20\x7b\x0a\x20\x20\x20\x20\x6c\x6f\x6e\x67\x20\x69\x3b\x0a\x20"
  "\x20\x20\x20\x69\x6e\x74\x20\x64\x3b\x0a\x20\x20\x20\x20\x69\x20\x3d\x20\x32\x34"
  "\x3b\x0a\x20\x20\x20\x20\x69\x66\x20\x28\x76\x20\x3d\x3d\x20\x30\x29\x20\x7b\x20"
  "\x69\x20\x3d\x20\x69\x20\x2d\x20\x31\x3b\x20\x62\x75\x66\x5b\x69\x5d\x20\x3d\x20"
  "\x34\x38\x3b\x20\x72\x65\x74\x75\x72\x6e\x20\x69\x3b\x20\x7d\x0a\x20\x20\x20\x20"
  "\x77\x68\x69\x6c\x65\x20\x28\x76\x29\x20\x7b\x0a\x20\x20\x20\x20\x20\x20\x20\x20"
  "\x64\x20\x3d\x20\x76\x20\x25\x20\x62\x61\x73\x65\x3b\x0a\x20\x20\x20\x20\x20\x20"
  "\x20\x20\x76\x20\x3d\x20\x76\x20\x2f\x20\x62\x61\x73\x65\x3b\x0a\x20\x20\x20\x20"
  "\x20\x20\x20\x20\x69\x20\x3d\x20\x69\x20\x2d\x20\x31\x3b\x0a\x20\x20\x20\x20\x20"
  "\x20\x20\x20\x69\x66\x20\x28\x64\x20\x3c\x20\x31\x30\x29\x20\x62\x75\x66\x5b\x69"
  "\x5d\x20\x3d\x20\x34\x38\x20\x2b\x20\x64\x3b\x0a\x20\x20\x20\x20\x20\x20\x20\x20"
  "\x65\x6c\x73\x65\x20\x7b\x20\x69\x66\x20\x28\x75\x70\x70\x65\x72\x29\x20\x62\x75"
  "\x66\x5b\x69\x5d\x20\x3d\x20\x35\x35\x20\x2b\x20\x64\x3b\x20\x65\x6c\x73\x65\x20"
  "\x62\x75\x66\x5b\x69\x5d\x20\x3d\x20\x38\x37\x20\x2b\x20\x64\x3b\x20\x7d\x0a\x20"
  "\x20\x20\x20\x7d\x0a\x20\x20\x20\x20\x72\x65\x74\x75\x72\x6e\x20\x69\x3b\x0a\x7d"
  "\x0a\x0a\x2f\x2a\x20\x2d\x2d\x2d\x2d\x20\x66\x6c\x6f\x61\x74\x69\x6e\x67\x20\x63"
  "\x6f\x6e\x76\x65\x72\x73\x69\x6f\x6e\x73\x2c\x20\x65\x78\x61\x63\x74\x6c\x79\x20"
  "\x2d\x2d\x2d\x2d\x2d\x2d\x2d\x2d\x2d\x2d\x2d\x2d\x2d\x2d\x2d\x2d\x2d\x2d\x2d\x2d"
  "\x2d\x2d\x2d\x2d\x2d\x2d\x2d\x2d\x2d\x2d\x2d\x2d\x2d\x2d\x2d\x2d\x0a\x20\x2a\x20"
  "\x41\x20\x64\x6f\x75\x62\x6c\x65\x20\x69\x73\x20\x6d\x20\x2a\x20\x32\x5e\x65\x20"
  "\x77\x69\x74\x68\x20\x6d\x20\x3c\x20\x32\x5e\x35\x33\x2c\x20\x73\x6f\x20\x69\x74"
  "\x73\x20\x76\x61\x6c\x75\x65\x20\x69\x73\x20\x61\x20\x46\x49\x4e\x49\x54\x45\x20"
  "\x64\x65\x63\x69\x6d\x61\x6c\x3a\x0a\x20\x2a\x20\x6d\x20\x2a\x20\x32\x5e\x65\x20"
  "\x77\x68\x65\x6e\x20\x65\x20\x3e\x3d\x20\x30\x2c\x20\x61\x6e\x64\x20\x6d\x20\x2a"
  "\x20\x35\x5e\x2d\x65\x20\x2f\x20\x31\x30\x5e\x2d\x65\x20\x77\x68\x65\x6e\x20\x65"
  "\x20\x3c\x20\x30\x2e\x20\x20\x42\x75\x69\x6c\x64\x20\x74\x68\x61\x74\x20\x69\x6e"
  "\x74\x65\x67\x65\x72\x0a\x20\x2a\x20\x65\x78\x61\x63\x74\x6c\x79\x20\x28\x62\x61"
  "\x73\x65\x20\x31\x30\x5e\x39\x20\x6c\x69\x6d\x62\x73\x29\x2c\x20\x74\x68\x65\x6e"
  "\x20\x65\x76\x65\x72\x79\x20\x63\x6f\x6e\x76\x65\x72\x73\x69\x6f\x6e\x20\x69\x73"
  "\x20\x61\x20\x72\x6f\x75\x6e\x64\x69\x6e\x67\x20\x6f\x66\x20\x6f\x6e\x65\x20\x64"
  "\x69\x67\x69\x74\x0a\x20\x2a\x20\x73\x74\x72\x69\x6e\x67\x20\x61\x74\x20\x6f\x6e"
  "\x65\x20\x70\x6c\x61\x63\x65\x20\x2d\x2d\x20\x6e\x65\x61\x72\x65\x73\x74\x2c\x20"
  "\x74\x69\x65\x73\x20\x74\x6f\x20\x65\x76\x65\x6e\x2c\x20\x77\x68\x69\x63\x68\x20"
  "\x69\x73\x20\x77\x68\x61\x74\x20\x62\x6f\x74\x68\x20\x70\x6c\x61\x74\x66\x6f\x72"
  "\x6d\x0a\x20\x2a\x20\x6c\x69\x62\x63\x73\x20\x64\x6f\x20\x77\x69\x74\x68\x20\x74"
  "\x68\x65\x20\x65\x78\x61\x63\x74\x20\x76\x61\x6c\x75\x65\x2e\x20\x20\x4e\x6f\x20"
  "\x66\x6c\x6f\x61\x74\x69\x6e\x67\x20\x61\x72\x69\x74\x68\x6d\x65\x74\x69\x63\x20"
  "\x69\x73\x20\x75\x73\x65\x64\x2c\x20\x73\x6f\x20\x74\x68\x65\x0a\x20\x2a\x20\x64"
  "\x69\x67\x69\x74\x73\x20\x63\x61\x6e\x6e\x6f\x74\x20\x64\x65\x70\x65\x6e\x64\x20"
  "\x6f\x6e\x20\x68\x6f\x77\x20\x74\x68\x69\x73\x20\x76\x65\x72\x79\x20\x63\x6f\x64"
  "\x65\x20\x77\x61\x73\x20\x63\x6f\x6d\x70\x69\x6c\x65\x64\x2e\x20\x2a\x2f\x0a\x23"
  "\x64\x65\x66\x69\x6e\x65\x20\x5f\x55\x5f\x4e\x4c\x20\x31\x33\x32\x20\x20\x20\x20"
  "\x20\x20\x20\x20\x20\x20\x20\x20\x20\x20\x20\x20\x20\x20\x20\x20\x2f\x2a\x20\x31"
  "\x31\x38\x38\x20\x64\x65\x63\x69\x6d\x61\x6c\x20\x64\x69\x67\x69\x74\x73\x3a\x20"
  "\x35\x5e\x31\x30\x37\x34\x20\x2a\x20\x32\x5e\x35\x33\x20\x66\x69\x74\x73\x20\x2a"
  "\x2f\x0a\x23\x64\x65\x66\x69\x6e\x65\x20\x5f\x55\x5f\x4e\x44\x20\x31\x32\x30\x30"
  "\x0a\x0a\x2f\x2a\x20\x64\x69\x67\x69\x74\x73\x20\x6f\x66\x20\x76\x2c\x20\x6d\x6f"
  "\x73\x74\x20\x73\x69\x67\x6e\x69\x66\x69\x63\x61\x6e\x74\x20\x66\x69\x72\x73\x74"
  "\x3b\x20\x72\x65\x74\x75\x72\x6e\x73\x20\x74\x68\x65\x69\x72\x20\x63\x6f\x75\x6e"
  "\x74\x2c\x20\x61\x6e\x64\x20\x2a\x78\x20\x69\x73\x20\x68\x6f\x77\x0a\x20\x20\x20"
  "\x6d\x61\x6e\x79\x20\x6f\x66\x20\x74\x68\x65\x6d\x20\x61\x72\x65\x20\x62\x65\x66"
  "\x6f\x72\x65\x20\x74\x68\x65\x20\x64\x65\x63\x69\x6d\x61\x6c\x20\x70\x6f\x69\x6e"
  "\x74\x20\x28\x3c\x3d\x20\x30\x20\x66\x6f\x72\x20\x7c\x76\x7c\x20\x3c\x20\x31\x29"
  "\x20\x2a\x2f\x0a\x73\x74\x61\x74\x69\x63\x20\x69\x6e\x74\x20\x5f\x75\x5f\x64\x65"
  "\x78\x70\x28\x75\x6e\x73\x69\x67\x6e\x65\x64\x20\x6c\x6f\x6e\x67\x20\x62\x69\x74"
  "\x73\x2c\x20\x63\x68\x61\x72\x20\x2a\x64\x69\x67\x2c\x20\x69\x6e\x74\x20\x2a\x78"
  "\x29\x20\x7b\x0a\x20\x20\x20\x20\x75\x6e\x73\x69\x67\x6e\x65\x64\x20\x6c\x6f\x6e"
  "\x67\x20\x6c\x69\x6d\x5b\x5f\x55\x5f\x4e\x4c\x5d\x3b\x0a\x20\x20\x20\x20\x75\x6e"
  "\x73\x69\x67\x6e\x65\x64\x20\x6c\x6f\x6e\x67\x20\x6d\x3b\x0a\x20\x20\x20\x20\x75"
  "\x6e\x73\x69\x67\x6e\x65\x64\x20\x6c\x6f\x6e\x67\x20\x74\x3b\x0a\x20\x20\x20\x20"
  "\x75\x6e\x73\x69\x67\x6e\x65\x64\x20\x6c\x6f\x6e\x67\x20\x63\x61\x72\x72\x79\x3b"
  "\x0a\x20\x20\x20\x20\x75\x6e\x73\x69\x67\x6e\x65\x64\x20\x6c\x6f\x6e\x67\x20\x6d"
  "\x75\x6c\x3b\x0a\x20\x20\x20\x20\x69\x6e\x74\x20\x6e\x3b\x0a\x20\x20\x20\x20\x69"
  "\x6e\x74\x20\x65\x3b\x0a\x20\x20\x20\x20\x69\x6e\x74\x20\x6b\x3b\x0a\x20\x20\x20"
  "\x20\x69\x6e\x74\x20\x6a\x3b\x0a\x20\x20\x20\x20\x69\x6e\x74\x20\x6e\x64\x3b\x0a"
  "\x20\x20\x20\x20\x69\x6e\x74\x20\x65\x78\x3b\x0a\x20\x20\x20\x20\x69\x6e\x74\x20"
  "\x66\x69\x72\x73\x74\x3b\x0a\x20\x20\x20\x20\x65\x78\x20\x3d\x20\x28\x62\x69\x74"
  "\x73\x20\x3e\x3e\x20\x35\x32\x29\x20\x26\x20\x32\x30\x34\x37\x3b\x0a\x20\x20\x20"
  "\x20\x6d\x20\x3d\x20\x62\x69\x74\x73\x20\x26\x20\x34\x35\x30\x33\x35\x39\x39\x36"
  "\x32\x37\x33\x37\x30\x34\x39\x35\x3b\x20\x20\x20\x20\x20\x20\x20\x20\x20\x20\x20"
  "\x20\x20\x20\x2f\x2a\x20\x32\x5e\x35\x32\x20\x2d\x20\x31\x20\x2a\x2f\x0a\x20\x20"
  "\x20\x20\x69\x66\x20\x28\x65\x78\x20\x3d\x3d\x20\x30\x29\x20\x65\x20\x3d\x20\x30"
  "\x20\x2d\x20\x31\x30\x37\x34\x3b\x20\x65\x6c\x73\x65\x20\x7b\x20\x6d\x20\x3d\x20"
  "\x6d\x20\x7c\x20\x34\x35\x30\x33\x35\x39\x39\x36\x32\x37\x33\x37\x30\x34\x39\x36"
  "\x3b\x20\x65\x20\x3d\x20\x65\x78\x20\x2d\x20\x31\x30\x37\x35\x3b\x20\x7d\x0a\x20"
  "\x20\x20\x20\x69\x66\x20\x28\x6d\x20\x3d\x3d\x20\x30\x29\x20\x7b\x20\x64\x69\x67"
  "\x5b\x30\x5d\x20\x3d\x20\x34\x38\x3b\x20\x2a\x78\x20\x3d\x20\x31\x3b\x20\x72\x65"
  "\x74\x75\x72\x6e\x20\x31\x3b\x20\x7d\x0a\x20\x20\x20\x20\x6c\x69\x6d\x5b\x30\x5d"
  "\x20\x3d\x20\x6d\x20\x25\x20\x31\x30\x30\x30\x30\x30\x30\x30\x30\x30\x3b\x20\x6c"
  "\x69\x6d\x5b\x31\x5d\x20\x3d\x20\x28\x6d\x20\x2f\x20\x31\x30\x30\x30\x30\x30\x30"
  "\x30\x30\x30\x29\x20\x25\x20\x31\x30\x30\x30\x30\x30\x30\x30\x30\x30\x3b\x0a\x20"
  "\x20\x20\x20\x6c\x69\x6d\x5b\x32\x5d\x20\x3d\x20\x6d\x20\x2f\x20\x31\x30\x30\x30"
  "\x30\x30\x30\x30\x30\x30\x30\x30\x30\x30\x30\x30\x30\x30\x30\x3b\x20\x6e\x20\x3d"
  "\x20\x33\x3b\x0a\x20\x20\x20\x20\x77\x68\x69\x6c\x65\x20\x28\x6e\x20\x3e\x20\x31"
  "\x29\x20\x7b\x20\x69\x66\x20\x28\x6c\x69\x6d\x5b\x6e\x20\x2d\x20\x31\x5d\x20\x21"
  "\x3d\x20\x30\x29\x20\x62\x72\x65\x61\x6b\x3b\x20\x6e\x20\x3d\x20\x6e\x20\x2d\x20"
  "\x31\x3b\x20\x7d\x0a\x20\x20\x20\x20\x6b\x20\x3d\x20\x65\x3b\x20\x69\x66\x20\x28"
  "\x6b\x20\x3c\x20\x30\x29\x20\x6b\x20\x3d\x20\x30\x20\x2d\x20\x6b\x3b\x0a\x20\x20"
  "\x20\x20\x77\x68\x69\x6c\x65\x20\x28\x6b\x20\x3e\x20\x30\x29\x20\x7b\x20\x20\x20"
  "\x20\x20\x20\x20\x20\x20\x20\x20\x20\x20\x20\x20\x20\x20\x20\x20\x20\x20\x20\x20"
  "\x20\x20\x20\x20\x2f\x2a\x20\x62\x79\x20\x32\x5e\x65\x2c\x20\x6f\x72\x20\x62\x79"
  "\x20\x35\x5e\x2d\x65\x20\x2a\x2f\x0a\x20\x20\x20\x20\x20\x20\x20\x20\x69\x66\x20"
  "\x28\x65\x20\x3e\x20\x30\x29\x20\x7b\x20\x69\x66\x20\x28\x6b\x20\x3e\x3d\x20\x32"
  "\x39\x29\x20\x7b\x20\x6d\x75\x6c\x20\x3d\x20\x35\x33\x36\x38\x37\x30\x39\x31\x32"
  "\x3b\x20\x6b\x20\x3d\x20\x6b\x20\x2d\x20\x32\x39\x3b\x20\x7d\x0a\x20\x20\x20\x20"
  "\x20\x20\x20\x20\x20\x20\x20\x20\x20\x20\x20\x20\x20\x20\x20\x20\x20\x65\x6c\x73"
  "\x65\x20\x7b\x20\x6d\x75\x6c\x20\x3d\x20\x31\x3b\x20\x77\x68\x69\x6c\x65\x20\x28"
  "\x6b\x20\x3e\x20\x30\x29\x20\x7b\x20\x6d\x75\x6c\x20\x3d\x20\x6d\x75\x6c\x20\x2a"
  "\x20\x32\x3b\x20\x6b\x20\x3d\x20\x6b\x20\x2d\x20\x31\x3b\x20\x7d\x20\x7d\x20\x7d"
  "\x0a\x20\x20\x20\x20\x20\x20\x20\x20\x65\x6c\x73\x65\x20\x7b\x20\x69\x66\x20\x28"
  "\x6b\x20\x3e\x3d\x20\x31\x33\x29\x20\x7b\x20\x6d\x75\x6c\x20\x3d\x20\x31\x32\x32"
  "\x30\x37\x30\x33\x31\x32\x35\x3b\x20\x6b\x20\x3d\x20\x6b\x20\x2d\x20\x31\x33\x3b"
  "\x20\x7d\x0a\x20\x20\x20\x20\x20\x20\x20\x20\x20\x20\x20\x20\x20\x20\x20\x65\x6c"
  "\x73\x65\x20\x7b\x20\x6d\x75\x6c\x20\x3d\x20\x31\x3b\x20\x77\x68\x69\x6c\x65\x20"
  "\x28\x6b\x20\x3e\x20\x30\x29\x20\x7b\x20\x6d\x75\x6c\x20\x3d\x20\x6d\x75\x6c\x20"
  "\x2a\x20\x35\x3b\x20\x6b\x20\x3d\x20\x6b\x20\x2d\x20\x31\x3b\x20\x7d\x20\x7d\x20"
  "\x7d\x0a\x20\x20\x20\x20\x20\x20\x20\x20\x63\x61\x72\x72\x79\x20\x3d\x20\x30\x3b"
  "\x20\x6a\x20\x3d\x20\x30\x3b\x0a\x20\x20\x20\x20\x20\x20\x20\x20\x77\x68\x69\x6c"
  "\x65\x20\x28\x6a\x20\x3c\x20\x6e\x29\x20\x7b\x20\x74\x20\x3d\x20\x6c\x69\x6d\x5b"
  "\x6a\x5d\x20\x2a\x20\x6d\x75\x6c\x20\x2b\x20\x63\x61\x72\x72\x79\x3b\x20\x6c\x69"
  "\x6d\x5b\x6a\x5d\x20\x3d\x20\x74\x20\x25\x20\x31\x30\x30\x30\x30\x30\x30\x30\x30"
  "\x30\x3b\x0a\x20\x20\x20\x20\x20\x20\x20\x20\x20\x20\x20\x20\x20\x20\x20\x20\x20"
  "\x20\x20\x20\x20\x20\x20\x20\x63\x61\x72\x72\x79\x20\x3d\x20\x74\x20\x2f\x20\x31"
  "\x30\x30\x30\x30\x30\x30\x30\x30\x30\x3b\x20\x6a\x20\x3d\x20\x6a\x20\x2b\x20\x31"
  "\x3b\x20\x7d\x0a\x20\x20\x20\x20\x20\x20\x20\x20\x77\x68\x69\x6c\x65\x20\x28\x63"
  "\x61\x72\x72\x79\x29\x20\x7b\x20\x6c\x69\x6d\x5b\x6e\x5d\x20\x3d\x20\x63\x61\x72"
  "\x72\x79\x20\x25\x20\x31\x30\x30\x30\x30\x30\x30\x30\x30\x30\x3b\x20\x63\x61\x72"
  "\x72\x79\x20\x3d\x20\x63\x61\x72\x72\x79\x20\x2f\x20\x31\x30\x30\x30\x30\x30\x30"
  "\x30\x30\x30\x3b\x20\x6e\x20\x3d\x20\x6e\x20\x2b\x20\x31\x3b\x20\x7d\x0a\x20\x20"
  "\x20\x20\x7d\x0a\x20\x20\x20\x20\x6e\x64\x20\x3d\x20\x30\x3b\x20\x6a\x20\x3d\x20"
  "\x6e\x20\x2d\x20\x31\x3b\x20\x66\x69\x72\x73\x74\x20\x3d\x20\x31\x3b\x0a\x20\x20"
  "\x20\x20\x77\x68\x69\x6c\x65\x20\x28\x6a\x20\x3e\x3d\x20\x30\x29\x20\x7b\x0a\x20"
  "\x20\x20\x20\x20\x20\x20\x20\x2f\x2a\x20\x61\x20\x6c\x69\x6d\x62\x27\x73\x20\x6e"
  "\x69\x6e\x65\x20\x64\x69\x67\x69\x74\x73\x2c\x20\x6c\x6f\x77\x20\x66\x69\x72\x73"
  "\x74\x20\x69\x6e\x74\x6f\x20\x64\x39\x2c\x20\x74\x68\x65\x6e\x20\x6f\x75\x74\x20"
  "\x68\x69\x67\x68\x20\x66\x69\x72\x73\x74\x20\x2a\x2f\x0a\x20\x20\x20\x20\x20\x20"
  "\x20\x20\x63\x68\x61\x72\x20\x64\x39\x5b\x39\x5d\x3b\x0a\x20\x20\x20\x20\x20\x20"
  "\x20\x20\x74\x20\x3d\x20\x6c\x69\x6d\x5b\x6a\x5d\x3b\x20\x6b\x20\x3d\x20\x38\x3b"
  "\x0a\x20\x20\x20\x20\x20\x20\x20\x20\x77\x68\x69\x6c\x65\x20\x28\x6b\x20\x3e\x3d"
  "\x20\x30\x29\x20\x7b\x20\x64\x39\x5b\x6b\x5d\x20\x3d\x20\x34\x38\x20\x2b\x20\x74"
  "\x20\x25\x20\x31\x30\x3b\x20\x74\x20\x3d\x20\x74\x20\x2f\x20\x31\x30\x3b\x20\x6b"
  "\x20\x3d\x20\x6b\x20\x2d\x20\x31\x3b\x20\x7d\x0a\x20\x20\x20\x20\x20\x20\x20\x20"
  "\x6b\x20\x3d\x20\x30\x3b\x0a\x20\x20\x20\x20\x20\x20\x20\x20\x77\x68\x69\x6c\x65"
  "\x20\x28\x6b\x20\x3c\x20\x39\x29\x20\x7b\x0a\x20\x20\x20\x20\x20\x20\x20\x20\x20"
  "\x20\x20\x20\x69\x66\x20\x28\x66\x69\x72\x73\x74\x20\x3d\x3d\x20\x30\x20\x7c\x7c"
  "\x20\x64\x39\x5b\x6b\x5d\x20\x21\x3d\x20\x34\x38\x29\x20\x7b\x20\x64\x69\x67\x5b"
  "\x6e\x64\x5d\x20\x3d\x20\x64\x39\x5b\x6b\x5d\x3b\x20\x6e\x64\x20\x3d\x20\x6e\x64"
  "\x20\x2b\x20\x31\x3b\x20\x66\x69\x72\x73\x74\x20\x3d\x20\x30\x3b\x20\x7d\x0a\x20"
  "\x20\x20\x20\x20\x20\x20\x20\x20\x20\x20\x20\x6b\x20\x3d\x20\x6b\x20\x2b\x20\x31"
  "\x3b\x0a\x20\x20\x20\x20\x20\x20\x20\x20\x7d\x0a\x20\x20\x20\x20\x20\x20\x20\x20"
  "\x6a\x20\x3d\x20\x6a\x20\x2d\x20\x31\x3b\x0a\x20\x20\x20\x20\x7d\x0a\x20\x20\x20"
  "\x20\x65\x78\x20\x3d\x20\x28\x62\x69\x74\x73\x20\x3e\x3e\x20\x35\x32\x29\x20\x26"
  "\x20\x32\x30\x34\x37\x3b\x0a\x20\x20\x20\x20\x6b\x20\x3d\x20\x65\x78\x20\x3d\x3d"
  "\x20\x30\x20\x3f\x20\x31\x30\x37\x34\x20\x3a\x20\x31\x30\x37\x35\x20\x2d\x20\x65"
  "\x78\x3b\x20\x20\x20\x20\x20\x20\x20\x20\x20\x20\x20\x2f\x2a\x20\x2d\x65\x3a\x20"
  "\x64\x69\x67\x69\x74\x73\x20\x61\x66\x74\x65\x72\x20\x74\x68\x65\x20\x70\x6f\x69"
  "\x6e\x74\x20\x2a\x2f\x0a\x20\x20\x20\x20\x69\x66\x20\x28\x6b\x20\x3c\x20\x30\x29"
  "\x20\x6b\x20\x3d\x20\x30\x3b\x0a\x20\x20\x20\x20\x2a\x78\x20\x3d\x20\x6e\x64\x20"
  "\x2d\x20\x6b\x3b\x0a\x20\x20\x20\x20\x72\x65\x74\x75\x72\x6e\x20\x6e\x64\x3b\x0a"
  "\x7d\x0a\x0a\x2f\x2a\x20\x6b\x65\x65\x70\x20\x72\x20\x64\x69\x67\x69\x74\x73\x20"
  "\x6f\x66\x20\x64\x69\x67\x5b\x30\x2e\x2e\x6e\x64\x29\x2c\x20\x72\x6f\x75\x6e\x64"
  "\x69\x6e\x67\x20\x74\x6f\x20\x6e\x65\x61\x72\x65\x73\x74\x2c\x20\x74\x69\x65\x73"
  "\x20\x74\x6f\x20\x65\x76\x65\x6e\x3b\x20\x72\x65\x74\x75\x72\x6e\x73\x0a\x20\x20"
  "\x20\x74\x68\x65\x20\x6e\x65\x77\x20\x63\x6f\x75\x6e\x74\x2c\x20\x61\x6e\x64\x20"
  "\x62\x75\x6d\x70\x73\x20\x2a\x78\x20\x77\x68\x65\x6e\x20\x74\x68\x65\x20\x72\x6f"
  "\x75\x6e\x64\x69\x6e\x67\x20\x63\x61\x72\x72\x69\x65\x73\x20\x6f\x75\x74\x20\x28"
  "\x39\x2e\x39\x39\x20\x2d\x3e\x20\x31\x30\x2e\x30\x29\x20\x2a\x2f\x0a\x73\x74\x61"
  "\x74\x69\x63\x20\x69\x6e\x74\x20\x5f\x75\x5f\x72\x6f\x75\x6e\x64\x28\x63\x68\x61"
  "\x72\x20\x2a\x64\x69\x67\x2c\x20\x69\x6e\x74\x20\x6e\x64\x2c\x20\x69\x6e\x74\x20"
  "\x72\x2c\x20\x69\x6e\x74\x20\x2a\x78\x29\x20\x7b\x0a\x20\x20\x20\x20\x69\x6e\x74"
  "\x20\x75\x70\x3b\x0a\x20\x20\x20\x20\x69\x6e\x74\x20\x6a\x3b\x0a\x20\x20\x20\x20"
  "\x69\x66\x20\x28\x72\x20\x3e\x3d\x20\x6e\x64\x29\x20\x72\x65\x74\x75\x72\x6e\x20"
  "\x6e\x64\x3b\x0a\x20\x20\x20\x20\x69\x66\x20\x28\x72\x20\x3c\x20\x30\x29\x20\x7b"
  "\x20\x64\x69\x67\x5b\x30\x5d\x20\x3d\x20\x34\x38\x3b\x20\x72\x65\x74\x75\x72\x6e"
  "\x20\x30\x3b\x20\x7d\x0a\x20\x20\x20\x20\x75\x70\x20\x3d\x20\x30\x3b\x0a\x20\x20"
  "\x20\x20\x69\x66\x20\x28\x64\x69\x67\x5b\x72\x5d\x20\x3e\x20\x35\x33\x29\x20\x75"
  "\x70\x20\x3d\x20\x31\x3b\x0a\x20\x20\x20\x20\x69\x66\x20\x28\x64\x69\x67\x5b\x72"
  "\x5d\x20\x3d\x3d\x20\x35\x33\x29\x20\x7b\x0a\x20\x20\x20\x20\x20\x20\x20\x20\x6a"
  "\x20\x3d\x20\x72\x20\x2b\x20\x31\x3b\x0a\x20\x20\x20\x20\x20\x20\x20\x20\x77\x68"
  "\x69\x6c\x65\x20\x28\x6a\x20\x3c\x20\x6e\x64\x29\x20\x7b\x20\x69\x66\x20\x28\x64"
  "\x69\x67\x5b\x6a\x5d\x20\x21\x3d\x20\x34\x38\x29\x20\x7b\x20\x75\x70\x20\x3d\x20"
  "\x31\x3b\x20\x62\x72\x65\x61\x6b\x3b\x20\x7d\x20\x6a\x20\x3d\x20\x6a\x20\x2b\x20"
  "\x31\x3b\x20\x7d\x0a\x20\x20\x20\x20\x20\x20\x20\x20\x69\x66\x20\x28\x75\x70\x20"
  "\x3d\x3d\x20\x30\x29\x20\x7b\x20\x69\x66\x20\x28\x72\x20\x3e\x20\x30\x29\x20\x7b"
  "\x20\x69\x66\x20\x28\x28\x64\x69\x67\x5b\x72\x20\x2d\x20\x31\x5d\x20\x2d\x20\x34"
  "\x38\x29\x20\x26\x20\x31\x29\x20\x75\x70\x20\x3d\x20\x31\x3b\x20\x7d\x20\x7d\x0a"
  "\x20\x20\x20\x20\x7d\x0a\x20\x20\x20\x20\x6e\x64\x20\x3d\x20\x72\x3b\x0a\x20\x20"
  "\x20\x20\x69\x66\x20\x28\x75\x70\x29\x20\x7b\x0a\x20\x20\x20\x20\x20\x20\x20\x20"
  "\x6a\x20\x3d\x20\x72\x20\x2d\x20\x31\x3b\x0a\x20\x20\x20\x20\x20\x20\x20\x20\x77"
  "\x68\x69\x6c\x65\x20\x28\x6a\x20\x3e\x3d\x20\x30\x29\x20\x7b\x0a\x20\x20\x20\x20"
  "\x20\x20\x20\x20\x20\x20\x20\x20\x69\x66\x20\x28\x64\x69\x67\x5b\x6a\x5d\x20\x21"
  "\x3d\x20\x35\x37\x29\x20\x7b\x20\x64\x69\x67\x5b\x6a\x5d\x20\x3d\x20\x64\x69\x67"
  "\x5b\x6a\x5d\x20\x2b\x20\x31\x3b\x20\x62\x72\x65\x61\x6b\x3b\x20\x7d\x0a\x20\x20"
  "\x20\x20\x20\x20\x20\x20\x20\x20\x20\x20\x64\x69\x67\x5b\x6a\x5d\x20\x3d\x20\x34"
  "\x38\x3b\x20\x6a\x20\x3d\x20\x6a\x20\x2d\x20\x31\x3b\x0a\x20\x20\x20\x20\x20\x20"
  "\x20\x20\x7d\x0a\x20\x20\x20\x20\x20\x20\x20\x20\x69\x66\x20\x28\x6a\x20\x3c\x20"
  "\x30\x29\x20\x7b\x20\x20\x20\x20\x20\x20\x20\x20\x20\x20\x20\x20\x20\x20\x20\x20"
  "\x20\x20\x20\x20\x20\x20\x20\x20\x20\x20\x20\x20\x20\x20\x2f\x2a\x20\x63\x61\x72"
  "\x72\x69\x65\x64\x20\x6f\x75\x74\x20\x6f\x66\x20\x74\x68\x65\x20\x74\x6f\x70\x20"
  "\x2a\x2f\x0a\x20\x20\x20\x20\x20\x20\x20\x20\x20\x20\x20\x20\x6a\x20\x3d\x20\x6e"
  "\x64\x3b\x20\x77\x68\x69\x6c\x65\x20\x28\x6a\x20\x3e\x20\x30\x29\x20\x7b\x20\x64"
  "\x69\x67\x5b\x6a\x5d\x20\x3d\x20\x64\x69\x67\x5b\x6a\x20\x2d\x20\x31\x5d\x3b\x20"
  "\x6a\x20\x3d\x20\x6a\x20\x2d\x20\x31\x3b\x20\x7d\x0a\x20\x20\x20\x20\x20\x20\x20"
  "\x20\x20\x20\x20\x20\x64\x69\x67\x5b\x30\x5d\x20\x3d\x20\x34\x39\x3b\x20\x6e\x64"
  "\x20\x3d\x20\x6e\x64\x20\x2b\x20\x31\x3b\x20\x2a\x78\x20\x3d\x20\x2a\x78\x20\x2b"
  "\x20\x31\x3b\x0a\x20\x20\x20\x20\x20\x20\x20\x20\x7d\x0a\x20\x20\x20\x20\x7d\x0a"
  "\x20\x20\x20\x20\x72\x65\x74\x75\x72\x6e\x20\x6e\x64\x3b\x0a\x7d\x0a\x0a\x2f\x2a"
  "\x20\x74\x68\x65\x20\x64\x69\x67\x69\x74\x20\x61\x74\x20\x70\x6f\x73\x69\x74\x69"
  "\x6f\x6e\x20\x70\x20\x6f\x66\x20\x74\x68\x65\x20\x6e\x75\x6d\x62\x65\x72\x20\x28"
  "\x30\x20\x3d\x20\x66\x69\x72\x73\x74\x20\x69\x6e\x74\x65\x67\x65\x72\x20\x64\x69"
  "\x67\x69\x74\x29\x20\x2a\x2f\x0a\x73\x74\x61\x74\x69\x63\x20\x69\x6e\x74\x20\x5f"
  "\x75\x5f\x64\x61\x74\x28\x63\x68\x61\x72\x20\x2a\x64\x69\x67\x2c\x20\x69\x6e\x74"
  "\x20\x6e\x64\x2c\x20\x69\x6e\x74\x20\x78\x2c\x20\x69\x6e\x74\x20\x70\x29\x20\x7b"
  "\x0a\x20\x20\x20\x20\x69\x66\x20\x28\x70\x20\x3c\x20\x30\x29\x20\x72\x65\x74\x75"
  "\x72\x6e\x20\x34\x38\x3b\x0a\x20\x20\x20\x20\x69\x66\x20\x28\x70\x20\x3e\x3d\x20"
  "\x6e\x64\x29\x20\x72\x65\x74\x75\x72\x6e\x20\x34\x38\x3b\x0a\x20\x20\x20\x20\x72"
  "\x65\x74\x75\x72\x6e\x20\x64\x69\x67\x5b\x70\x5d\x3b\x0a\x7d\x0a\x0a\x2f\x2a\x20"
  "\x25\x66\x20\x25\x65\x20\x25\x67\x20\x28\x61\x6e\x64\x20\x75\x70\x70\x65\x72\x20"
  "\x63\x61\x73\x65\x29\x20\x6f\x66\x20\x60\x62\x69\x74\x73\x60\x20\x69\x6e\x74\x6f"
  "\x20\x6f\x75\x74\x5b\x5d\x3b\x20\x72\x65\x74\x75\x72\x6e\x73\x20\x74\x68\x65\x20"
  "\x6c\x65\x6e\x67\x74\x68\x2e\x0a\x20\x20\x20\x53\x69\x67\x6e\x2c\x20\x77\x69\x64"
  "\x74\x68\x20\x61\x6e\x64\x20\x70\x61\x64\x64\x69\x6e\x67\x20\x61\x72\x65\x20\x74"
  "\x68\x65\x20\x63\x61\x6c\x6c\x65\x72\x27\x73\x2e\x20\x2a\x2f\x0a\x73\x74\x61\x74"
  "\x69\x63\x20\x69\x6e\x74\x20\x5f\x75\x5f\x66\x66\x6d\x74\x28\x63\x68\x61\x72\x20"
  "\x2a\x6f\x75\x74\x2c\x20\x75\x6e\x73\x69\x67\x6e\x65\x64\x20\x6c\x6f\x6e\x67\x20"
  "\x62\x69\x74\x73\x2c\x20\x69\x6e\x74\x20\x63\x2c\x20\x69\x6e\x74\x20\x70\x72\x65"
  "\x63\x2c\x20\x69\x6e\x74\x20\x61\x6c\x74\x29\x20\x7b\x0a\x20\x20\x20\x20\x63\x68"
  "\x61\x72\x20\x64\x69\x67\x5b\x5f\x55\x5f\x4e\x44\x5d\x3b\x0a\x20\x20\x20\x20\x69"
  "\x6e\x74\x20\x6e\x64\x3b\x0a\x20\x20\x20\x20\x69\x6e\x74\x20\x78\x3b\x0a\x20\x20"
  "\x20\x20\x69\x6e\x74\x20\x6e\x3b\x0a\x20\x20\x20\x20\x69\x6e\x74\x20\x6a\x3b\x0a"
  "\x20\x20\x20\x20\x69\x6e\x74\x20\x65\x3b\x0a\x20\x20\x20\x20\x69\x6e\x74\x20\x65"
  "\x65\x3b\x0a\x20\x20\x20\x20\x69\x6e\x74\x20\x73\x74\x79\x6c\x65\x3b\x0a\x20\x20"
  "\x20\x20\x69\x6e\x74\x20\x50\x3b\x0a\x20\x20\x20\x20\x69\x6e\x74\x20\x75\x70\x70"
  "\x65\x72\x3b\x0a\x20\x20\x20\x20\x69\x6e\x74\x20\x73\x74\x72\x69\x70\x3b\x0a\x20"
  "\x20\x20\x20\x75\x70\x70\x65\x72\x20\x3d\x20\x63\x20\x3d\x3d\x20\x37\x30\x20\x7c"
  "\x7c\x20\x63\x20\x3d\x3d\x20\x36\x39\x20\x7c\x7c\x20\x63\x20\x3d\x3d\x20\x37\x31"
  "\x3b\x0a\x20\x20\x20\x20\x69\x66\x20\x28\x28\x28\x62\x69\x74\x73\x20\x3e\x3e\x20"
  "\x35\x32\x29\x20\x26\x20\x32\x30\x34\x37\x29\x20\x3d\x3d\x20\x32\x30\x34\x37\x29"
  "\x20\x7b\x0a\x20\x20\x20\x20\x20\x20\x20\x20\x63\x68\x61\x72\x20\x2a\x77\x3b\x0a"
  "\x20\x20\x20\x20\x20\x20\x20\x20\x69\x66\x20\x28\x62\x69\x74\x73\x20\x26\x20\x34"
  "\x35\x30\x33\x35\x39\x39\x36\x32\x37\x33\x37\x30\x34\x39\x35\x29\x20\x77\x20\x3d"
  "\x20\x75\x70\x70\x65\x72\x20\x3f\x20\x22\x4e\x41\x4e\x22\x20\x3a\x20\x22\x6e\x61"
  "\x6e\x22\x3b\x0a\x20\x20\x20\x20\x20\x20\x20\x20\x65\x6c\x73\x65\x20\x77\x20\x3d"
  "\x20\x75\x70\x70\x65\x72\x20\x3f\x20\x22\x49\x4e\x46\x22\x20\x3a\x20\x22\x69\x6e"
  "\x66\x22\x3b\x0a\x20\x20\x20\x20\x20\x20\x20\x20\x6f\x75\x74\x5b\x30\x5d\x20\x3d"
  "\x20\x77\x5b\x30\x5d\x3b\x20\x6f\x75\x74\x5b\x31\x5d\x20\x3d\x20\x77\x5b\x31\x5d"
  "\x3b\x20\x6f\x75\x74\x5b\x32\x5d\x20\x3d\x20\x77\x5b\x32\x5d\x3b\x0a\x20\x20\x20"
  "\x20\x20\x20\x20\x20\x72\x65\x74\x75\x72\x6e\x20\x33\x3b\x0a\x20\x20\x20\x20\x7d"
  "\x0a\x20\x20\x20\x20\x69\x66\x20\x28\x70\x72\x65\x63\x20\x3c\x20\x30\x29\x20\x70"
  "\x72\x65\x63\x20\x3d\x20\x36\x3b\x0a\x20\x20\x20\x20\x6e\x64\x20\x3d\x20\x5f\x75"
  "\x5f\x64\x65\x78\x70\x28\x62\x69\x74\x73\x20\x26\x20\x39\x32\x32\x33\x33\x37\x32"
  "\x30\x33\x36\x38\x35\x34\x37\x37\x35\x38\x30\x37\x2c\x20\x64\x69\x67\x2c\x20\x26"
  "\x78\x29\x3b\x0a\x20\x20\x20\x20\x69\x66\x20\x28\x64\x69\x67\x5b\x30\x5d\x20\x3d"
  "\x3d\x20\x34\x38\x29\x20\x78\x20\x3d\x20\x31\x3b\x20\x20\x20\x20\x20\x20\x20\x20"
  "\x20\x20\x20\x20\x20\x20\x20\x20\x20\x20\x2f\x2a\x20\x7a\x65\x72\x6f\x3a\x20\x6f"
  "\x6e\x65\x20\x69\x6e\x74\x65\x67\x65\x72\x20\x64\x69\x67\x69\x74\x20\x2a\x2f\x0a"
  "\x20\x20\x20\x20\x73\x74\x79\x6c\x65\x20\x3d\x20\x63\x20\x7c\x20\x33\x32\x3b\x20"
  "\x20\x20\x20\x20\x20\x20\x20\x20\x20\x20\x20\x20\x20\x20\x20\x20\x20\x20\x20\x20"
  "\x20\x20\x20\x20\x20\x20\x2f\x2a\x20\x66\x20\x65\x20\x67\x20\x2a\x2f\x0a\x20\x20"
  "\x20\x20\x73\x74\x72\x69\x70\x20\x3d\x20\x30\x3b\x0a\x20\x20\x20\x20\x69\x66\x20"
  "\x28\x73\x74\x79\x6c\x65\x20\x3d\x3d\x20\x31\x30\x33\x29\x20\x7b\x0a\x20\x20\x20"
  "\x20\x20\x20\x20\x20\x2f\x2a\x20\x43\x39\x39\x20\x37\x2e\x31\x39\x2e\x36\x2e\x31"
  "\x70\x38\x3a\x20\x50\x20\x73\x69\x67\x6e\x69\x66\x69\x63\x61\x6e\x74\x20\x64\x69"
  "\x67\x69\x74\x73\x3b\x20\x74\x68\x65\x20\x65\x78\x70\x6f\x6e\x65\x6e\x74\x20\x58"
  "\x20\x74\x68\x61\x74\x20\x25\x65\x20\x77\x6f\x75\x6c\x64\x0a\x20\x20\x20\x20\x20"
  "\x20\x20\x20\x20\x20\x20\x73\x68\x6f\x77\x20\x64\x65\x63\x69\x64\x65\x73\x20\x62"
  "\x65\x74\x77\x65\x65\x6e\x20\x74\x68\x65\x20\x74\x77\x6f\x20\x73\x74\x79\x6c\x65"
  "\x73\x20\x2a\x2f\x0a\x20\x20\x20\x20\x20\x20\x20\x20\x50\x20\x3d\x20\x70\x72\x65"
  "\x63\x3b\x20\x69\x66\x20\x28\x50\x20\x3d\x3d\x20\x30\x29\x20\x50\x20\x3d\x20\x31"
  "\x3b\x0a\x20\x20\x20\x20\x20\x20\x20\x20\x7b\x20\x20\x20\x63\x68\x61\x72\x20\x64"
  "\x32\x5b\x5f\x55\x5f\x4e\x44\x5d\x3b\x20\x69\x6e\x74\x20\x6e\x32\x3b\x20\x69\x6e"
  "\x74\x20\x78\x32\x3b\x0a\x20\x20\x20\x20\x20\x20\x20\x20\x20\x20\x20\x20\x6a\x20"
  "\x3d\x20\x30\x3b\x20\x77\x68\x69\x6c\x65\x20\x28\x6a\x20\x3c\x20\x6e\x64\x29\x20"
  "\x7b\x20\x64\x32\x5b\x6a\x5d\x20\x3d\x20\x64\x69\x67\x5b\x6a\x5d\x3b\x20\x6a\x20"
  "\x3d\x20\x6a\x20\x2b\x20\x31\x3b\x20\x7d\x0a\x20\x20\x20\x20\x20\x20\x20\x20\x20"
  "\x20\x20\x20\x78\x32\x20\x3d\x20\x78\x3b\x20\x6e\x32\x20\x3d\x20\x5f\x75\x5f\x72"
  "\x6f\x75\x6e\x64\x28\x64\x32\x2c\x20\x6e\x64\x2c\x20\x50\x2c\x20\x26\x78\x32\x29"
  "\x3b\x0a\x20\x20\x20\x20\x20\x20\x20\x20\x20\x20\x20\x20\x65\x20\x3d\x20\x78\x32"
  "\x20\x2d\x20\x31\x3b\x0a\x20\x20\x20\x20\x20\x20\x20\x20\x20\x20\x20\x20\x69\x66"
  "\x20\x28\x64\x69\x67\x5b\x30\x5d\x20\x3d\x3d\x20\x34\x38\x29\x20\x65\x20\x3d\x20"
  "\x30\x3b\x0a\x20\x20\x20\x20\x20\x20\x20\x20\x7d\x0a\x20\x20\x20\x20\x20\x20\x20"
  "\x20\x69\x66\x20\x28\x50\x20\x3e\x20\x65\x20\x26\x26\x20\x65\x20\x3e\x3d\x20\x30"
  "\x20\x2d\x20\x34\x29\x20\x7b\x20\x73\x74\x79\x6c\x65\x20\x3d\x20\x31\x30\x32\x3b"
  "\x20\x70\x72\x65\x63\x20\x3d\x20\x50\x20\x2d\x20\x31\x20\x2d\x20\x65\x3b\x20\x7d"
  "\x0a\x20\x20\x20\x20\x20\x20\x20\x20\x65\x6c\x73\x65\x20\x7b\x20\x73\x74\x79\x6c"
  "\x65\x20\x3d\x20\x31\x30\x31\x3b\x20\x70\x72\x65\x63\x20\x3d\x20\x50\x20\x2d\x20"
  "\x31\x3b\x20\x7d\x0a\x20\x20\x20\x20\x20\x20\x20\x20\x69\x66\x20\x28\x61\x6c\x74"
  "\x20\x3d\x3d\x20\x30\x29\x20\x73\x74\x72\x69\x70\x20\x3d\x20\x31\x3b\x0a\x20\x20"
  "\x20\x20\x7d\x0a\x20\x20\x20\x20\x6e\x20\x3d\x20\x30\x3b\x0a\x20\x20\x20\x20\x69"
  "\x66\x20\x28\x73\x74\x79\x6c\x65\x20\x3d\x3d\x20\x31\x30\x32\x29\x20\x7b\x0a\x20"
  "\x20\x20\x20\x20\x20\x20\x20\x6e\x64\x20\x3d\x20\x5f\x75\x5f\x72\x6f\x75\x6e\x64"
  "\x28\x64\x69\x67\x2c\x20\x6e\x64\x2c\x20\x78\x20\x2b\x20\x70\x72\x65\x63\x2c\x20"
  "\x26\x78\x29\x3b\x0a\x20\x20\x20\x20\x20\x20\x20\x20\x69\x66\x20\x28\x78\x20\x3c"
  "\x3d\x20\x30\x29\x20\x7b\x20\x6f\x75\x74\x5b\x6e\x5d\x20\x3d\x20\x34\x38\x3b\x20"
  "\x6e\x20\x3d\x20\x6e\x20\x2b\x20\x31\x3b\x20\x7d\x0a\x20\x20\x20\x20\x20\x20\x20"
  "\x20\x65\x6c\x73\x65\x20\x7b\x20\x6a\x20\x3d\x20\x30\x3b\x20\x77\x68\x69\x6c\x65"
  "\x20\x28\x6a\x20\x3c\x20\x78\x29\x20\x7b\x20\x6f\x75\x74\x5b\x6e\x5d\x20\x3d\x20"
  "\x5f\x75\x5f\x64\x61\x74\x28\x64\x69\x67\x2c\x20\x6e\x64\x2c\x20\x78\x2c\x20\x6a"
  "\x29\x3b\x20\x6e\x20\x3d\x20\x6e\x20\x2b\x20\x31\x3b\x20\x6a\x20\x3d\x20\x6a\x20"
  "\x2b\x20\x31\x3b\x20\x7d\x20\x7d\x0a\x20\x20\x20\x20\x20\x20\x20\x20\x69\x66\x20"
  "\x28\x70\x72\x65\x63\x20\x3e\x20\x30\x20\x7c\x7c\x20\x61\x6c\x74\x29\x20\x7b\x20"
  "\x6f\x75\x74\x5b\x6e\x5d\x20\x3d\x20\x34\x36\x3b\x20\x6e\x20\x3d\x20\x6e\x20\x2b"
  "\x20\x31\x3b\x20\x7d\x0a\x20\x20\x20\x20\x20\x20\x20\x20\x6a\x20\x3d\x20\x30\x3b"
  "\x0a\x20\x20\x20\x20\x20\x20\x20\x20\x77\x68\x69\x6c\x65\x20\x28\x6a\x20\x3c\x20"
  "\x70\x72\x65\x63\x29\x20\x7b\x20\x6f\x75\x74\x5b\x6e\x5d\x20\x3d\x20\x5f\x75\x5f"
  "\x64\x61\x74\x28\x64\x69\x67\x2c\x20\x6e\x64\x2c\x20\x78\x2c\x20\x78\x20\x2b\x20"
  "\x6a\x29\x3b\x20\x6e\x20\x3d\x20\x6e\x20\x2b\x20\x31\x3b\x20\x6a\x20\x3d\x20\x6a"
  "\x20\x2b\x20\x31\x3b\x20\x7d\x0a\x20\x20\x20\x20\x7d\x20\x65\x6c\x73\x65\x20\x7b"
  "\x0a\x20\x20\x20\x20\x20\x20\x20\x20\x69\x66\x20\x28\x64\x69\x67\x5b\x30\x5d\x20"
  "\x3d\x3d\x20\x34\x38\x29\x20\x65\x20\x3d\x20\x30\x3b\x0a\x20\x20\x20\x20\x20\x20"
  "\x20\x20\x65\x6c\x73\x65\x20\x7b\x20\x6e\x64\x20\x3d\x20\x5f\x75\x5f\x72\x6f\x75"
  "\x6e\x64\x28\x64\x69\x67\x2c\x20\x6e\x64\x2c\x20\x70\x72\x65\x63\x20\x2b\x20\x31"
  "\x2c\x20\x26\x78\x29\x3b\x20\x65\x20\x3d\x20\x78\x20\x2d\x20\x31\x3b\x20\x7d\x0a"
  "\x20\x20\x20\x20\x20\x20\x20\x20\x6f\x75\x74\x5b\x6e\x5d\x20\x3d\x20\x5f\x75\x5f"
  "\x64\x61\x74\x28\x64\x69\x67\x2c\x20\x6e\x64\x2c\x20\x78\x2c\x20\x30\x29\x3b\x20"
  "\x6e\x20\x3d\x20\x6e\x20\x2b\x20\x31\x3b\x0a\x20\x20\x20\x20\x20\x20\x20\x20\x69"
  "\x66\x20\x28\x70\x72\x65\x63\x20\x3e\x20\x30\x20\x7c\x7c\x20\x61\x6c\x74\x29\x20"
  "\x7b\x20\x6f\x75\x74\x5b\x6e\x5d\x20\x3d\x20\x34\x36\x3b\x20\x6e\x20\x3d\x20\x6e"
  "\x20\x2b\x20\x31\x3b\x20\x7d\x0a\x20\x20\x20\x20\x20\x20\x20\x20\x6a\x20\x3d\x20"
  "\x31\x3b\x0a\x20\x20\x20\x20\x20\x20\x20\x20\x77\x68\x69\x6c\x65\x20\x28\x6a\x20"
  "\x3c\x3d\x20\x70\x72\x65\x63\x29\x20\x7b\x20\x6f\x75\x74\x5b\x6e\x5d\x20\x3d\x20"
  "\x5f\x75\x5f\x64\x61\x74\x28\x64\x69\x67\x2c\x20\x6e\x64\x2c\x20\x78\x2c\x20\x6a"
  "\x29\x3b\x20\x6e\x20\x3d\x20\x6e\x20\x2b\x20\x31\x3b\x20\x6a\x20\x3d\x20\x6a\x20"
  "\x2b\x20\x31\x3b\x20\x7d\x0a\x20\x20\x20\x20\x20\x20\x20\x20\x69\x66\x20\x28\x73"
  "\x74\x72\x69\x70\x29\x20\x7b\x0a\x20\x20\x20\x20\x20\x20\x20\x20\x20\x20\x20\x20"
  "\x77\x68\x69\x6c\x65\x20\x28\x6e\x20\x3e\x20\x30\x29\x20\x7b\x20\x69\x66\x20\x28"
  "\x6f\x75\x74\x5b\x6e\x20\x2d\x20\x31\x5d\x20\x21\x3d\x20\x34\x38\x29\x20\x62\x72"
  "\x65\x61\x6b\x3b\x20\x6e\x20\x3d\x20\x6e\x20\x2d\x20\x31\x3b\x20\x7d\x0a\x20\x20"
  "\x20\x20\x20\x20\x20\x20\x20\x20\x20\x20\x69\x66\x20\x28\x6e\x20\x3e\x20\x30\x29"
  "\x20\x7b\x20\x69\x66\x20\x28\x6f\x75\x74\x5b\x6e\x20\x2d\x20\x31\x5d\x20\x3d\x3d"
  "\x20\x34\x36\x29\x20\x6e\x20\x3d\x20\x6e\x20\x2d\x20\x31\x3b\x20\x7d\x0a\x20\x20"
  "\x20\x20\x20\x20\x20\x20\x20\x20\x20\x20\x73\x74\x72\x69\x70\x20\x3d\x20\x30\x3b"
  "\x0a\x20\x20\x20\x20\x20\x20\x20\x20\x7d\x0a\x20\x20\x20\x20\x20\x20\x20\x20\x6f"
  "\x75\x74\x5b\x6e\x5d\x20\x3d\x20\x75\x70\x70\x65\x72\x20\x3f\x20\x36\x39\x20\x3a"
  "\x20\x31\x30\x31\x3b\x20\x6e\x20\x3d\x20\x6e\x20\x2b\x20\x31\x3b\x0a\x20\x20\x20"
  "\x20\x20\x20\x20\x20\x69\x66\x20\x28\x65\x20\x3c\x20\x30\x29\x20\x7b\x20\x6f\x75"
  "\x74\x5b\x6e\x5d\x20\x3d\x20\x34\x35\x3b\x20\x65\x65\x20\x3d\x20\x30\x20\x2d\x20"
  "\x65\x3b\x20\x7d\x20\x65\x6c\x73\x65\x20\x7b\x20\x6f\x75\x74\x5b\x6e\x5d\x20\x3d"
  "\x20\x34\x33\x3b\x20\x65\x65\x20\x3d\x20\x65\x3b\x20\x7d\x0a\x20\x20\x20\x20\x20"
  "\x20\x20\x20\x6e\x20\x3d\x20\x6e\x20\x2b\x20\x31\x3b\x0a\x20\x20\x20\x20\x20\x20"
  "\x20\x20\x69\x66\x20\x28\x65\x65\x20\x3e\x3d\x20\x31\x30\x30\x29\x20\x7b\x20\x6f"
  "\x75\x74\x5b\x6e\x5d\x20\x3d\x20\x34\x38\x20\x2b\x20\x65\x65\x20\x2f\x20\x31\x30"
  "\x30\x3b\x20\x6e\x20\x3d\x20\x6e\x20\x2b\x20\x31\x3b\x20\x7d\x0a\x20\x20\x20\x20"
  "\x20\x20\x20\x20\x6f\x75\x74\x5b\x6e\x5d\x20\x3d\x20\x34\x38\x20\x2b\x20\x28\x65"
  "\x65\x20\x2f\x20\x31\x30\x29\x20\x25\x20\x31\x30\x3b\x20\x6e\x20\x3d\x20\x6e\x20"
  "\x2b\x20\x31\x3b\x0a\x20\x20\x20\x20\x20\x20\x20\x20\x6f\x75\x74\x5b\x6e\x5d\x20"
  "\x3d\x20\x34\x38\x20\x2b\x20\x65\x65\x20\x25\x20\x31\x30\x3b\x20\x6e\x20\x3d\x20"
  "\x6e\x20\x2b\x20\x31\x3b\x0a\x20\x20\x20\x20\x7d\x0a\x20\x20\x20\x20\x69\x66\x20"
  "\x28\x73\x74\x72\x69\x70\x29\x20\x7b\x20\x20\x20\x20\x20\x20\x20\x20\x20\x20\x20"
  "\x20\x20\x20\x20\x20\x20\x20\x20\x20\x20\x20\x20\x20\x20\x20\x20\x20\x20\x20\x2f"
  "\x2a\x20\x25\x67\x20\x77\x69\x74\x68\x6f\x75\x74\x20\x27\x23\x27\x20\x2a\x2f\x0a"
  "\x20\x20\x20\x20\x20\x20\x20\x20\x6a\x20\x3d\x20\x30\x3b\x0a\x20\x20\x20\x20\x20"
  "\x20\x20\x20\x77\x68\x69\x6c\x65\x20\x28\x6a\x20\x3c\x20\x6e\x29\x20\x7b\x20\x69"
  "\x66\x20\x28\x6f\x75\x74\x5b\x6a\x5d\x20\x3d\x3d\x20\x34\x36\x29\x20\x62\x72\x65"
  "\x61\x6b\x3b\x20\x6a\x20\x3d\x20\x6a\x20\x2b\x20\x31\x3b\x20\x7d\x0a\x20\x20\x20"
  "\x20\x20\x20\x20\x20\x69\x66\x20\x28\x6a\x20\x3c\x20\x6e\x29\x20\x7b\x0a\x20\x20"
  "\x20\x20\x20\x20\x20\x20\x20\x20\x20\x20\x77\x68\x69\x6c\x65\x20\x28\x6e\x20\x3e"
  "\x20\x30\x29\x20\x7b\x20\x69\x66\x20\x28\x6f\x75\x74\x5b\x6e\x20\x2d\x20\x31\x5d"
  "\x20\x21\x3d\x20\x34\x38\x29\x20\x62\x72\x65\x61\x6b\x3b\x20\x6e\x20\x3d\x20\x6e"
  "\x20\x2d\x20\x31\x3b\x20\x7d\x0a\x20\x20\x20\x20\x20\x20\x20\x20\x20\x20\x20\x20"
  "\x69\x66\x20\x28\x6e\x20\x3e\x20\x30\x29\x20\x7b\x20\x69\x66\x20\x28\x6f\x75\x74"
  "\x5b\x6e\x20\x2d\x20\x31\x5d\x20\x3d\x3d\x20\x34\x36\x29\x20\x6e\x20\x3d\x20\x6e"
  "\x20\x2d\x20\x31\x3b\x20\x7d\x0a\x20\x20\x20\x20\x20\x20\x20\x20\x7d\x0a\x20\x20"
  "\x20\x20\x7d\x0a\x20\x20\x20\x20\x72\x65\x74\x75\x72\x6e\x20\x6e\x3b\x0a\x7d\x0a"
  "\x0a\x73\x74\x61\x74\x69\x63\x20\x69\x6e\x74\x20\x5f\x75\x5f\x76\x66\x6d\x74\x28"
  "\x63\x68\x61\x72\x20\x2a\x6f\x75\x74\x2c\x20\x6c\x6f\x6e\x67\x20\x63\x61\x70\x2c"
  "\x20\x46\x49\x4c\x45\x20\x2a\x66\x2c\x20\x63\x6f\x6e\x73\x74\x20\x63\x68\x61\x72"
  "\x20\x2a\x66\x6d\x74\x2c\x20\x76\x61\x5f\x6c\x69\x73\x74\x20\x61\x70\x29\x20\x7b"
  "\x0a\x20\x20\x20\x20\x6c\x6f\x6e\x67\x20\x6e\x3b\x0a\x20\x20\x20\x20\x6c\x6f\x6e"
  "\x67\x20\x69\x3b\x0a\x20\x20\x20\x20\x6c\x6f\x6e\x67\x20\x6b\x3b\x0a\x20\x20\x20"
  "\x20\x6c\x6f\x6e\x67\x20\x6c\x65\x6e\x3b\x0a\x20\x20\x20\x20\x6c\x6f\x6e\x67\x20"
  "\x73\x74\x61\x72\x74\x3b\x0a\x20\x20\x20\x20\x69\x6e\x74\x20\x63\x3b\x0a\x20\x20"
  "\x20\x20\x69\x6e\x74\x20\x6c\x65\x66\x74\x3b\x0a\x20\x20\x20\x20\x69\x6e\x74\x20"
  "\x7a\x65\x72\x6f\x3b\x0a\x20\x20\x20\x20\x69\x6e\x74\x20\x77\x69\x64\x74\x68\x3b"
  "\x0a\x20\x20\x20\x20\x69\x6e\x74\x20\x70\x72\x65\x63\x3b\x0a\x20\x20\x20\x20\x69"
  "\x6e\x74\x20\x62\x61\x73\x65\x3b\x0a\x20\x20\x20\x20\x69\x6e\x74\x20\x75\x70\x70"
  "\x65\x72\x3b\x0a\x20\x20\x20\x20\x69\x6e\x74\x20\x73\x69\x67\x6e\x3b\x0a\x20\x20"
  "\x20\x20\x69\x6e\x74\x20\x6c\x6e\x67\x3b\x0a\x20\x20\x20\x20\x69\x6e\x74\x20\x70"
  "\x6c\x75\x73\x3b\x0a\x20\x20\x20\x20\x69\x6e\x74\x20\x73\x70\x61\x63\x65\x3b\x0a"
  "\x20\x20\x20\x20\x69\x6e\x74\x20\x61\x6c\x74\x3b\x0a\x20\x20\x20\x20\x69\x6e\x74"
  "\x20\x6e\x65\x67\x3b\x0a\x20\x20\x20\x20\x6c\x6f\x6e\x67\x20\x6a\x3b\x0a\x20\x20"
  "\x20\x20\x6c\x6f\x6e\x67\x20\x73\x76\x3b\x0a\x20\x20\x20\x20\x75\x6e\x73\x69\x67"
  "\x6e\x65\x64\x20\x6c\x6f\x6e\x67\x20\x75\x76\x3b\x0a\x20\x20\x20\x20\x63\x68\x61"
  "\x72\x20\x2a\x73\x70\x3b\x0a\x20\x20\x20\x20\x63\x68\x61\x72\x20\x62\x75\x66\x5b"
  "\x32\x34\x5d\x3b\x0a\x20\x20\x20\x20\x63\x68\x61\x72\x20\x66\x62\x75\x66\x5b\x31"
  "\x33\x30\x30\x5d\x3b\x0a\x20\x20\x20\x20\x6e\x20\x3d\x20\x30\x3b\x0a\x20\x20\x20"
  "\x20\x69\x20\x3d\x20\x30\x3b\x0a\x20\x20\x20\x20\x77\x68\x69\x6c\x65\x20\x28\x66"
  "\x6d\x74\x5b\x69\x5d\x29\x20\x7b\x0a\x20\x20\x20\x20\x20\x20\x20\x20\x69\x66\x20"
  "\x28\x66\x6d\x74\x5b\x69\x5d\x20\x21\x3d\x20\x33\x37\x29\x20\x7b\x20\x5f\x75\x5f"
  "\x70\x75\x74\x28\x6f\x75\x74\x2c\x20\x63\x61\x70\x2c\x20\x26\x6e\x2c\x20\x66\x2c"
  "\x20\x66\x6d\x74\x5b\x69\x5d\x29\x3b\x20\x69\x20\x3d\x20\x69\x20\x2b\x20\x31\x3b"
  "\x20\x63\x6f\x6e\x74\x69\x6e\x75\x65\x3b\x20\x7d\x0a\x20\x20\x20\x20\x20\x20\x20"
  "\x20\x69\x20\x3d\x20\x69\x20\x2b\x20\x31\x3b\x0a\x20\x20\x20\x20\x20\x20\x20\x20"
  "\x6c\x65\x66\x74\x20\x3d\x20\x30\x3b\x20\x7a\x65\x72\x6f\x20\x3d\x20\x30\x3b\x20"
  "\x77\x69\x64\x74\x68\x20\x3d\x20\x30\x3b\x20\x70\x72\x65\x63\x20\x3d\x20\x30\x20"
  "\x2d\x20\x31\x3b\x0a\x20\x20\x20\x20\x20\x20\x20\x20\x70\x6c\x75\x73\x20\x3d\x20"
  "\x30\x3b\x20\x73\x70\x61\x63\x65\x20\x3d\x20\x30\x3b\x20\x61\x6c\x74\x20\x3d\x20"
  "\x30\x3b\x0a\x20\x20\x20\x20\x20\x20\x20\x20\x77\x68\x69\x6c\x65\x20\x28\x66\x6d"
  "\x74\x5b\x69\x5d\x20\x3d\x3d\x20\x34\x35\x20\x7c\x20\x66\x6d\x74\x5b\x69\x5d\x20"
  "\x3d\x3d\x20\x34\x38\x20\x7c\x20\x66\x6d\x74\x5b\x69\x5d\x20\x3d\x3d\x20\x34\x33"
  "\x20\x7c\x20\x66\x6d\x74\x5b\x69\x5d\x20\x3d\x3d\x20\x33\x32\x0a\x20\x20\x20\x20"
  "\x20\x20\x20\x20\x20\x20\x20\x20\x20\x20\x20\x7c\x20\x66\x6d\x74\x5b\x69\x5d\x20"
  "\x3d\x3d\x20\x33\x35\x29\x20\x7b\x0a\x20\x20\x20\x20\x20\x20\x20\x20\x20\x20\x20"
  "\x20\x69\x66\x20\x28\x66\x6d\x74\x5b\x69\x5d\x20\x3d\x3d\x20\x34\x35\x29\x20\x6c"
  "\x65\x66\x74\x20\x3d\x20\x31\x3b\x0a\x20\x20\x20\x20\x20\x20\x20\x20\x20\x20\x20"
  "\x20\x69\x66\x20\x28\x66\x6d\x74\x5b\x69\x5d\x20\x3d\x3d\x20\x34\x38\x29\x20\x7a"
  "\x65\x72\x6f\x20\x3d\x20\x31\x3b\x0a\x20\x20\x20\x20\x20\x20\x20\x20\x20\x20\x20"
  "\x20\x69\x66\x20\x28\x66\x6d\x74\x5b\x69\x5d\x20\x3d\x3d\x20\x34\x33\x29\x20\x70"
  "\x6c\x75\x73\x20\x3d\x20\x31\x3b\x0a\x20\x20\x20\x20\x20\x20\x20\x20\x20\x20\x20"
  "\x20\x69\x66\x20\x28\x66\x6d\x74\x5b\x69\x5d\x20\x3d\x3d\x20\x33\x32\x29\x20\x73"
  "\x70\x61\x63\x65\x20\x3d\x20\x31\x3b\x0a\x20\x20\x20\x20\x20\x20\x20\x20\x20\x20"
  "\x20\x20\x69\x66\x20\x28\x66\x6d\x74\x5b\x69\x5d\x20\x3d\x3d\x20\x33\x35\x29\x20"
  "\x61\x6c\x74\x20\x3d\x20\x31\x3b\x0a\x20\x20\x20\x20\x20\x20\x20\x20\x20\x20\x20"
  "\x20\x69\x20\x3d\x20\x69\x20\x2b\x20\x31\x3b\x0a\x20\x20\x20\x20\x20\x20\x20\x20"
  "\x7d\x0a\x20\x20\x20\x20\x20\x20\x20\x20\x69\x66\x20\x28\x66\x6d\x74\x5b\x69\x5d"
  "\x20\x3d\x3d\x20\x34\x32\x29\x20\x7b\x20\x77\x69\x64\x74\x68\x20\x3d\x20\x76\x61"
  "\x5f\x61\x72\x67\x28\x61\x70\x2c\x20\x69\x6e\x74\x29\x3b\x20\x69\x20\x3d\x20\x69"
  "\x20\x2b\x20\x31\x3b\x20\x20\x20\x20\x20\x2f\x2a\x20\x60\x2a\x60\x20\x2a\x2f\x0a"
  "\x20\x20\x20\x20\x20\x20\x20\x20\x20\x20\x20\x20\x69\x66\x20\x28\x77\x69\x64\x74"
  "\x68\x20\x3c\x20\x30\x29\x20\x7b\x20\x6c\x65\x66\x74\x20\x3d\x20\x31\x3b\x20\x77"
  "\x69\x64\x74\x68\x20\x3d\x20\x30\x20\x2d\x20\x77\x69\x64\x74\x68\x3b\x20\x7d\x20"
  "\x7d\x0a\x20\x20\x20\x20\x20\x20\x20\x20\x77\x68\x69\x6c\x65\x20\x28\x66\x6d\x74"
  "\x5b\x69\x5d\x20\x3e\x3d\x20\x34\x38\x29\x20\x7b\x20\x69\x66\x20\x28\x66\x6d\x74"
  "\x5b\x69\x5d\x20\x3e\x20\x35\x37\x29\x20\x62\x72\x65\x61\x6b\x3b\x0a\x20\x20\x20"
  "\x20\x20\x20\x20\x20\x20\x20\x20\x20\x77\x69\x64\x74\x68\x20\x3d\x20\x77\x69\x64"
  "\x74\x68\x20\x2a\x20\x31\x30\x20\x2b\x20\x28\x66\x6d\x74\x5b\x69\x5d\x20\x2d\x20"
  "\x34\x38\x29\x3b\x20\x69\x20\x3d\x20\x69\x20\x2b\x20\x31\x3b\x20\x7d\x0a\x20\x20"
  "\x20\x20\x20\x20\x20\x20\x69\x66\x20\x28\x66\x6d\x74\x5b\x69\x5d\x20\x3d\x3d\x20"
  "\x34\x36\x29\x20\x7b\x0a\x20\x20\x20\x20\x20\x20\x20\x20\x20\x20\x20\x20\x69\x20"
  "\x3d\x20\x69\x20\x2b\x20\x31\x3b\x20\x70\x72\x65\x63\x20\x3d\x20\x30\x3b\x0a\x20"
  "\x20\x20\x20\x20\x20\x20\x20\x20\x20\x20\x20\x69\x66\x20\x28\x66\x6d\x74\x5b\x69"
  "\x5d\x20\x3d\x3d\x20\x34\x32\x29\x20\x7b\x20\x70\x72\x65\x63\x20\x3d\x20\x76\x61"
  "\x5f\x61\x72\x67\x28\x61\x70\x2c\x20\x69\x6e\x74\x29\x3b\x20\x69\x20\x3d\x20\x69"
  "\x20\x2b\x20\x31\x3b\x0a\x20\x20\x20\x20\x20\x20\x20\x20\x20\x20\x20\x20\x20\x20"
  "\x20\x20\x69\x66\x20\x28\x70\x72\x65\x63\x20\x3c\x20\x30\x29\x20\x70\x72\x65\x63"
  "\x20\x3d\x20\x30\x20\x2d\x20\x31\x3b\x20\x7d\x0a\x20\x20\x20\x20\x20\x20\x20\x20"
  "\x20\x20\x20\x20\x77\x68\x69\x6c\x65\x20\x28\x66\x6d\x74\x5b\x69\x5d\x20\x3e\x3d"
  "\x20\x34\x38\x29\x20\x7b\x20\x69\x66\x20\x28\x66\x6d\x74\x5b\x69\x5d\x20\x3e\x20"
  "\x35\x37\x29\x20\x62\x72\x65\x61\x6b\x3b\x0a\x20\x20\x20\x20\x20\x20\x20\x20\x20"
  "\x20\x20\x20\x20\x20\x20\x20\x70\x72\x65\x63\x20\x3d\x20\x70\x72\x65\x63\x20\x2a"
  "\x20\x31\x30\x20\x2b\x20\x28\x66\x6d\x74\x5b\x69\x5d\x20\x2d\x20\x34\x38\x29\x3b"
  "\x20\x69\x20\x3d\x20\x69\x20\x2b\x20\x31\x3b\x20\x7d\x0a\x20\x20\x20\x20\x20\x20"
  "\x20\x20\x7d\x0a\x20\x20\x20\x20\x20\x20\x20\x20\x6c\x6e\x67\x20\x3d\x20\x30\x3b"
  "\x0a\x20\x20\x20\x20\x20\x20\x20\x20\x77\x68\x69\x6c\x65\x20\x28\x66\x6d\x74\x5b"
  "\x69\x5d\x20\x3d\x3d\x20\x31\x30\x34\x20\x7c\x20\x66\x6d\x74\x5b\x69\x5d\x20\x3d"
  "\x3d\x20\x31\x30\x38\x20\x7c\x20\x66\x6d\x74\x5b\x69\x5d\x20\x3d\x3d\x20\x31\x32"
  "\x32\x20\x7c\x20\x66\x6d\x74\x5b\x69\x5d\x20\x3d\x3d\x20\x31\x30\x36\x0a\x20\x20"
  "\x20\x20\x20\x20\x20\x20\x20\x20\x20\x20\x20\x20\x20\x7c\x20\x66\x6d\x74\x5b\x69"
  "\x5d\x20\x3d\x3d\x20\x31\x31\x36\x20\x7c\x20\x66\x6d\x74\x5b\x69\x5d\x20\x3d\x3d"
  "\x20\x37\x36\x29\x20\x7b\x0a\x20\x20\x20\x20\x20\x20\x20\x20\x20\x20\x20\x20\x69"
  "\x66\x20\x28\x66\x6d\x74\x5b\x69\x5d\x20\x21\x3d\x20\x31\x30\x34\x29\x20\x6c\x6e"
  "\x67\x20\x3d\x20\x31\x3b\x20\x20\x20\x20\x20\x20\x2f\x2a\x20\x6c\x2c\x20\x7a\x2c"
  "\x20\x6a\x2c\x20\x74\x2c\x20\x4c\x20\x61\x72\x65\x20\x36\x34\x2d\x62\x69\x74\x20"
  "\x2a\x2f\x0a\x20\x20\x20\x20\x20\x20\x20\x20\x20\x20\x20\x20\x69\x20\x3d\x20\x69"
  "\x20\x2b\x20\x31\x3b\x0a\x20\x20\x20\x20\x20\x20\x20\x20\x7d\x0a\x20\x20\x20\x20"
  "\x20\x20\x20\x20\x63\x20\x3d\x20\x66\x6d\x74\x5b\x69\x5d\x3b\x0a\x20\x20\x20\x20"
  "\x20\x20\x20\x20\x69\x20\x3d\x20\x69\x20\x2b\x20\x31\x3b\x0a\x20\x20\x20\x20\x20"
  "\x20\x20\x20\x69\x66\x20\x28\x63\x20\x3d\x3d\x20\x33\x37\x29\x20\x7b\x20\x5f\x75"
  "\x5f\x70\x75\x74\x28\x6f\x75\x74\x2c\x20\x63\x61\x70\x2c\x20\x26\x6e\x2c\x20\x66"
  "\x2c\x20\x33\x37\x29\x3b\x20\x63\x6f\x6e\x74\x69\x6e\x75\x65\x3b\x20\x7d\x0a\x20"
  "\x20\x20\x20\x20\x20\x20\x20\x73\x70\x20\x3d\x20\x4e\x55\x4c\x4c\x3b\x20\x73\x69"
  "\x67\x6e\x20\x3d\x20\x30\x3b\x20\x62\x61\x73\x65\x20\x3d\x20\x31\x30\x3b\x20\x75"
  "\x70\x70\x65\x72\x20\x3d\x20\x30\x3b\x20\x6e\x65\x67\x20\x3d\x20\x30\x3b\x0a\x20"
  "\x20\x20\x20\x20\x20\x20\x20\x69\x66\x20\x28\x63\x20\x3d\x3d\x20\x31\x30\x32\x20"
  "\x7c\x20\x63\x20\x3d\x3d\x20\x37\x30\x20\x7c\x20\x63\x20\x3d\x3d\x20\x31\x30\x31"
  "\x20\x7c\x20\x63\x20\x3d\x3d\x20\x36\x39\x20\x7c\x20\x63\x20\x3d\x3d\x20\x31\x30"
  "\x33\x20\x7c\x20\x63\x20\x3d\x3d\x20\x37\x31\x29\x20\x7b\x0a\x20\x20\x20\x20\x20"
  "\x20\x20\x20\x20\x20\x20\x20\x2f\x2a\x20\x25\x66\x20\x25\x65\x20\x25\x67\x3a\x20"
  "\x61\x20\x64\x6f\x75\x62\x6c\x65\x20\x2d\x2d\x20\x61\x20\x66\x6c\x6f\x61\x74\x20"
  "\x61\x72\x67\x75\x6d\x65\x6e\x74\x20\x77\x61\x73\x20\x70\x72\x6f\x6d\x6f\x74\x65"
  "\x64\x20\x74\x6f\x20\x6f\x6e\x65\x20\x2a\x2f\x0a\x20\x20\x20\x20\x20\x20\x20\x20"
  "\x20\x20\x20\x20\x64\x6f\x75\x62\x6c\x65\x20\x64\x76\x3b\x0a\x20\x20\x20\x20\x20"
  "\x20\x20\x20\x20\x20\x20\x20\x75\x6e\x73\x69\x67\x6e\x65\x64\x20\x6c\x6f\x6e\x67"
  "\x20\x62\x69\x74\x73\x3b\x0a\x20\x20\x20\x20\x20\x20\x20\x20\x20\x20\x20\x20\x64"
  "\x76\x20\x3d\x20\x76\x61\x5f\x61\x72\x67\x28\x61\x70\x2c\x20\x64\x6f\x75\x62\x6c"
  "\x65\x29\x3b\x0a\x20\x20\x20\x20\x20\x20\x20\x20\x20\x20\x20\x20\x62\x69\x74\x73"
  "\x20\x3d\x20\x2a\x28\x75\x6e\x73\x69\x67\x6e\x65\x64\x20\x6c\x6f\x6e\x67\x20\x2a"
  "\x29\x26\x64\x76\x3b\x0a\x20\x20\x20\x20\x20\x20\x20\x20\x20\x20\x20\x20\x6e\x65"
  "\x67\x20\x3d\x20\x28\x62\x69\x74\x73\x20\x3e\x3e\x20\x36\x33\x29\x20\x26\x20\x31"
  "\x3b\x0a\x20\x20\x20\x20\x20\x20\x20\x20\x20\x20\x20\x20\x6c\x65\x6e\x20\x3d\x20"
  "\x5f\x75\x5f\x66\x66\x6d\x74\x28\x66\x62\x75\x66\x20\x2b\x20\x31\x2c\x20\x62\x69"
  "\x74\x73\x2c\x20\x63\x2c\x20\x70\x72\x65\x63\x2c\x20\x61\x6c\x74\x29\x3b\x0a\x20"
  "\x20\x20\x20\x20\x20\x20\x20\x20\x20\x20\x20\x73\x74\x61\x72\x74\x20\x3d\x20\x31"
  "\x3b\x20\x73\x70\x20\x3d\x20\x66\x62\x75\x66\x3b\x0a\x20\x20\x20\x20\x20\x20\x20"
  "\x20\x20\x20\x20\x20\x69\x66\x20\x28\x28\x28\x62\x69\x74\x73\x20\x3e\x3e\x20\x35"
  "\x32\x29\x20\x26\x20\x32\x30\x34\x37\x29\x20\x3d\x3d\x20\x32\x30\x34\x37\x29\x20"
  "\x7a\x65\x72\x6f\x20\x3d\x20\x30\x3b\x20\x20\x20\x2f\x2a\x20\x69\x6e\x66\x2c\x20"
  "\x6e\x61\x6e\x20\x70\x61\x64\x20\x77\x69\x74\x68\x20\x73\x70\x61\x63\x65\x73\x20"
  "\x2a\x2f\x0a\x20\x20\x20\x20\x20\x20\x20\x20\x20\x20\x20\x20\x73\x69\x67\x6e\x20"
  "\x3d\x20\x6e\x65\x67\x3b\x0a\x20\x20\x20\x20\x20\x20\x20\x20\x7d\x20\x65\x6c\x73"
  "\x65\x20\x7b\x0a\x20\x20\x20\x20\x20\x20\x20\x20\x69\x66\x20\x28\x63\x20\x3d\x3d"
  "\x20\x31\x31\x35\x29\x20\x7b\x0a\x20\x20\x20\x20\x20\x20\x20\x20\x20\x20\x20\x20"
  "\x73\x70\x20\x3d\x20\x76\x61\x5f\x61\x72\x67\x28\x61\x70\x2c\x20\x63\x68\x61\x72"
  "\x20\x2a\x29\x3b\x0a\x20\x20\x20\x20\x20\x20\x20\x20\x20\x20\x20\x20\x69\x66\x20"
  "\x28\x73\x70\x20\x3d\x3d\x20\x4e\x55\x4c\x4c\x29\x20\x73\x70\x20\x3d\x20\x22\x28"
  "\x6e\x75\x6c\x6c\x29\x22\x3b\x0a\x20\x20\x20\x20\x20\x20\x20\x20\x20\x20\x20\x20"
  "\x6c\x65\x6e\x20\x3d\x20\x5f\x75\x6e\x69\x73\x61\x5f\x6c\x65\x6e\x28\x73\x70\x29"
  "\x3b\x0a\x20\x20\x20\x20\x20\x20\x20\x20\x20\x20\x20\x20\x69\x66\x20\x28\x70\x72"
  "\x65\x63\x20\x3e\x3d\x20\x30\x29\x20\x7b\x20\x69\x66\x20\x28\x70\x72\x65\x63\x20"
  "\x3c\x20\x6c\x65\x6e\x29\x20\x6c\x65\x6e\x20\x3d\x20\x70\x72\x65\x63\x3b\x20\x7d"
  "\x0a\x20\x20\x20\x20\x20\x20\x20\x20\x20\x20\x20\x20\x73\x74\x61\x72\x74\x20\x3d"
  "\x20\x30\x3b\x0a\x20\x20\x20\x20\x20\x20\x20\x20\x7d\x20\x65\x6c\x73\x65\x20\x7b"
  "\x0a\x20\x20\x20\x20\x20\x20\x20\x20\x20\x20\x20\x20\x69\x66\x20\x28\x63\x20\x3d"
  "\x3d\x20\x39\x39\x29\x20\x7b\x0a\x20\x20\x20\x20\x20\x20\x20\x20\x20\x20\x20\x20"
  "\x20\x20\x20\x20\x62\x75\x66\x5b\x32\x33\x5d\x20\x3d\x20\x76\x61\x5f\x61\x72\x67"
  "\x28\x61\x70\x2c\x20\x69\x6e\x74\x29\x3b\x0a\x20\x20\x20\x20\x20\x20\x20\x20\x20"
  "\x20\x20\x20\x20\x20\x20\x20\x73\x74\x61\x72\x74\x20\x3d\x20\x32\x33\x3b\x20\x6c"
  "\x65\x6e\x20\x3d\x20\x31\x3b\x20\x73\x70\x20\x3d\x20\x62\x75\x66\x3b\x0a\x20\x20"
  "\x20\x20\x20\x20\x20\x20\x20\x20\x20\x20\x7d\x20\x65\x6c\x73\x65\x20\x7b\x0a\x20"
  "\x20\x20\x20\x20\x20\x20\x20\x20\x20\x20\x20\x20\x20\x20\x20\x69\x66\x20\x28\x63"
  "\x20\x3d\x3d\x20\x31\x30\x30\x20\x7c\x20\x63\x20\x3d\x3d\x20\x31\x30\x35\x29\x20"
  "\x7b\x0a\x20\x20\x20\x20\x20\x20\x20\x20\x20\x20\x20\x20\x20\x20\x20\x20\x20\x20"
  "\x20\x20\x73\x76\x20\x3d\x20\x76\x61\x5f\x61\x72\x67\x28\x61\x70\x2c\x20\x6c\x6f"
  "\x6e\x67\x29\x3b\x0a\x20\x20\x20\x20\x20\x20\x20\x20\x20\x20\x20\x20\x20\x20\x20"
  "\x20\x20\x20\x20\x20\x69\x66\x20\x28\x6c\x6e\x67\x20\x3d\x3d\x20\x30\x29\x20\x73"
  "\x76\x20\x3d\x20\x28\x69\x6e\x74\x29\x73\x76\x3b\x20\x20\x20\x20\x20\x20\x20\x2f"
  "\x2a\x20\x61\x6e\x20\x69\x6e\x74\x20\x69\x73\x20\x33\x32\x20\x62\x69\x74\x73\x20"
  "\x2a\x2f\x0a\x20\x20\x20\x20\x20\x20\x20\x20\x20\x20\x20\x20\x20\x20\x20\x20\x20"
  "\x20\x20\x20\x69\x66\x20\x28\x73\x76\x20\x3c\x20\x30\x29\x20\x7b\x20\x73\x69\x67"
  "\x6e\x20\x3d\x20\x31\x3b\x20\x75\x76\x20\x3d\x20\x30\x20\x2d\x20\x73\x76\x3b\x20"
  "\x7d\x20\x65\x6c\x73\x65\x20\x75\x76\x20\x3d\x20\x73\x76\x3b\x0a\x20\x20\x20\x20"
  "\x20\x20\x20\x20\x20\x20\x20\x20\x20\x20\x20\x20\x20\x20\x20\x20\x6e\x65\x67\x20"
  "\x3d\x20\x73\x69\x67\x6e\x3b\x0a\x20\x20\x20\x20\x20\x20\x20\x20\x20\x20\x20\x20"
  "\x20\x20\x20\x20\x7d\x20\x65\x6c\x73\x65\x20\x7b\x0a\x20\x20\x20\x20\x20\x20\x20"
  "\x20\x20\x20\x20\x20\x20\x20\x20\x20\x20\x20\x20\x20\x69\x66\x20\x28\x63\x20\x3d"
  "\x3d\x20\x31\x32\x30\x29\x20\x7b\x20\x62\x61\x73\x65\x20\x3d\x20\x31\x36\x3b\x20"
  "\x7d\x0a\x20\x20\x20\x20\x20\x20\x20\x20\x20\x20\x20\x20\x20\x20\x20\x20\x20\x20"
  "\x20\x20\x69\x66\x20\x28\x63\x20\x3d\x3d\x20\x38\x38\x29\x20\x7b\x20\x62\x61\x73"
  "\x65\x20\x3d\x20\x31\x36\x3b\x20\x75\x70\x70\x65\x72\x20\x3d\x20\x31\x3b\x20\x7d"
  "\x0a\x20\x20\x20\x20\x20\x20\x20\x20\x20\x20\x20\x20\x20\x20\x20\x20\x20\x20\x20"
  "\x20\x69\x66\x20\x28\x63\x20\x3d\x3d\x20\x31\x31\x31\x29\x20\x7b\x20\x62\x61\x73"
  "\x65\x20\x3d\x20\x38\x3b\x20\x7d\x0a\x20\x20\x20\x20\x20\x20\x20\x20\x20\x20\x20"
  "\x20\x20\x20\x20\x20\x20\x20\x20\x20\x69\x66\x20\x28\x63\x20\x3d\x3d\x20\x31\x31"
  "\x32\x29\x20\x7b\x20\x62\x61\x73\x65\x20\x3d\x20\x31\x36\x3b\x20\x7d\x0a\x20\x20"
  "\x20\x20\x20\x20\x20\x20\x20\x20\x20\x20\x20\x20\x20\x20\x20\x20\x20\x20\x75\x76"
  "\x20\x3d\x20\x76\x61\x5f\x61\x72\x67\x28\x61\x70\x2c\x20\x75\x6e\x73\x69\x67\x6e"
  "\x65\x64\x20\x6c\x6f\x6e\x67\x29\x3b\x0a\x20\x20\x20\x20\x20\x20\x20\x20\x20\x20"
  "\x20\x20\x20\x20\x20\x20\x20\x20\x20\x20\x69\x66\x20\x28\x6c\x6e\x67\x20\x3d\x3d"
  "\x20\x30\x29\x20\x7b\x0a\x20\x20\x20\x20\x20\x20\x20\x20\x20\x20\x20\x20\x20\x20"
  "\x20\x20\x20\x20\x20\x20\x20\x20\x20\x20\x69\x66\x20\x28\x63\x20\x3d\x3d\x20\x31"
  "\x31\x37\x20\x7c\x20\x63\x20\x3d\x3d\x20\x31\x32\x30\x20\x7c\x20\x63\x20\x3d\x3d"
  "\x20\x38\x38\x20\x7c\x20\x63\x20\x3d\x3d\x20\x31\x31\x31\x29\x0a\x20\x20\x20\x20"
  "\x20\x20\x20\x20\x20\x20\x20\x20\x20\x20\x20\x20\x20\x20\x20\x20\x20\x20\x20\x20"
  "\x20\x20\x20\x20\x75\x76\x20\x3d\x20\x75\x76\x20\x26\x20\x34\x32\x39\x34\x39\x36"
  "\x37\x32\x39\x35\x3b\x0a\x20\x20\x20\x20\x20\x20\x20\x20\x20\x20\x20\x20\x20\x20"
  "\x20\x20\x20\x20\x20\x20\x7d\x0a\x20\x20\x20\x20\x20\x20\x20\x20\x20\x20\x20\x20"
  "\x20\x20\x20\x20\x7d\x0a\x20\x20\x20\x20\x20\x20\x20\x20\x20\x20\x20\x20\x20\x20"
  "\x20\x20\x73\x74\x61\x72\x74\x20\x3d\x20\x5f\x75\x5f\x64\x69\x67\x69\x74\x73\x28"
  "\x62\x75\x66\x2c\x20\x75\x76\x2c\x20\x62\x61\x73\x65\x2c\x20\x75\x70\x70\x65\x72"
  "\x29\x3b\x0a\x20\x20\x20\x20\x20\x20\x20\x20\x20\x20\x20\x20\x20\x20\x20\x20\x6c"
  "\x65\x6e\x20\x3d\x20\x32\x34\x20\x2d\x20\x73\x74\x61\x72\x74\x3b\x0a\x20\x20\x20"
  "\x20\x20\x20\x20\x20\x20\x20\x20\x20\x20\x20\x20\x20\x2f\x2a\x20\x43\x39\x39\x20"
  "\x37\x2e\x31\x39\x2e\x36\x2e\x31\x70\x35\x3a\x20\x61\x6e\x20\x69\x6e\x74\x65\x67"
  "\x65\x72\x27\x73\x20\x70\x72\x65\x63\x69\x73\x69\x6f\x6e\x20\x69\x73\x20\x74\x68"
  "\x65\x20\x4d\x49\x4e\x49\x4d\x55\x4d\x0a\x20\x20\x20\x20\x20\x20\x20\x20\x20\x20"
  "\x20\x20\x20\x20\x20\x20\x20\x20\x20\x6e\x75\x6d\x62\x65\x72\x20\x6f\x66\x20\x64"
  "\x69\x67\x69\x74\x73\x20\x2d\x2d\x20\x60\x25\x2e\x32\x78\x60\x20\x6f\x66\x20\x30"
  "\x20\x69\x73\x20\x22\x30\x30\x22\x2e\x20\x20\x5a\x65\x72\x6f\x73\x20\x67\x6f\x20"
  "\x69\x6e\x0a\x20\x20\x20\x20\x20\x20\x20\x20\x20\x20\x20\x20\x20\x20\x20\x20\x20"
  "\x20\x20\x62\x65\x66\x6f\x72\x65\x20\x74\x68\x65\x20\x73\x69\x67\x6e\x20\x64\x6f"
  "\x65\x73\x2e\x20\x2a\x2f\x0a\x20\x20\x20\x20\x20\x20\x20\x20\x20\x20\x20\x20\x20"
  "\x20\x20\x20\x77\x68\x69\x6c\x65\x20\x28\x6c\x65\x6e\x20\x3c\x20\x70\x72\x65\x63"
  "\x29\x20\x7b\x0a\x20\x20\x20\x20\x20\x20\x20\x20\x20\x20\x20\x20\x20\x20\x20\x20"
  "\x20\x20\x20\x20\x69\x66\x20\x28\x73\x74\x61\x72\x74\x20\x3c\x3d\x20\x31\x29\x20"
  "\x62\x72\x65\x61\x6b\x3b\x0a\x20\x20\x20\x20\x20\x20\x20\x20\x20\x20\x20\x20\x20"
  "\x20\x20\x20\x20\x20\x20\x20\x73\x74\x61\x72\x74\x20\x3d\x20\x73\x74\x61\x72\x74"
  "\x20\x2d\x20\x31\x3b\x20\x62\x75\x66\x5b\x73\x74\x61\x72\x74\x5d\x20\x3d\x20\x34"
  "\x38\x3b\x20\x6c\x65\x6e\x20\x3d\x20\x6c\x65\x6e\x20\x2b\x20\x31\x3b\x0a\x20\x20"
  "\x20\x20\x20\x20\x20\x20\x20\x20\x20\x20\x20\x20\x20\x20\x7d\x0a\x20\x20\x20\x20"
  "\x20\x20\x20\x20\x20\x20\x20\x20\x20\x20\x20\x20\x73\x70\x20\x3d\x20\x62\x75\x66"
  "\x3b\x0a\x20\x20\x20\x20\x20\x20\x20\x20\x20\x20\x20\x20\x20\x20\x20\x20\x69\x66"
  "\x20\x28\x70\x72\x65\x63\x20\x3e\x3d\x20\x30\x29\x20\x7a\x65\x72\x6f\x20\x3d\x20"
  "\x30\x3b\x20\x20\x20\x20\x20\x20\x20\x20\x20\x20\x2f\x2a\x20\x37\x2e\x31\x39\x2e"
  "\x36\x2e\x31\x70\x36\x3a\x20\x30\x20\x69\x67\x6e\x6f\x72\x65\x64\x20\x2a\x2f\x0a"
  "\x20\x20\x20\x20\x20\x20\x20\x20\x20\x20\x20\x20\x7d\x0a\x20\x20\x20\x20\x20\x20"
  "\x20\x20\x7d\x0a\x20\x20\x20\x20\x20\x20\x20\x20\x7d\x0a\x20\x20\x20\x20\x20\x20"
  "\x20\x20\x2f\x2a\x20\x74\x68\x65\x20\x73\x69\x67\x6e\x20\x63\x68\x61\x72\x61\x63"
  "\x74\x65\x72\x3a\x20\x27\x2d\x27\x2c\x20\x6f\x72\x20\x27\x2b\x27\x20\x2f\x20\x27"
  "\x20\x27\x20\x77\x68\x65\x6e\x20\x61\x73\x6b\x65\x64\x20\x66\x6f\x72\x20\x28\x73"
  "\x69\x67\x6e\x65\x64\x0a\x20\x20\x20\x20\x20\x20\x20\x20\x20\x20\x20\x63\x6f\x6e"
  "\x76\x65\x72\x73\x69\x6f\x6e\x73\x20\x6f\x6e\x6c\x79\x29\x2e\x20\x20\x57\x69\x74"
  "\x68\x20\x27\x30\x27\x20\x74\x68\x65\x20\x7a\x65\x72\x6f\x73\x20\x67\x6f\x20\x41"
  "\x46\x54\x45\x52\x20\x69\x74\x3a\x20\x2d\x30\x30\x34\x32\x20\x2a\x2f\x0a\x20\x20"
  "\x20\x20\x20\x20\x20\x20\x7b\x20\x20\x20\x69\x6e\x74\x20\x73\x63\x3b\x0a\x20\x20"
  "\x20\x20\x20\x20\x20\x20\x20\x20\x20\x20\x73\x63\x20\x3d\x20\x30\x3b\x0a\x20\x20"
  "\x20\x20\x20\x20\x20\x20\x20\x20\x20\x20\x69\x66\x20\x28\x63\x20\x3d\x3d\x20\x31"
  "\x30\x30\x20\x7c\x20\x63\x20\x3d\x3d\x20\x31\x30\x35\x20\x7c\x20\x63\x20\x3d\x3d"
  "\x20\x31\x30\x32\x20\x7c\x20\x63\x20\x3d\x3d\x20\x37\x30\x20\x7c\x20\x63\x20\x3d"
  "\x3d\x20\x31\x30\x31\x20\x7c\x20\x63\x20\x3d\x3d\x20\x36\x39\x0a\x20\x20\x20\x20"
  "\x20\x20\x20\x20\x20\x20\x20\x20\x20\x20\x20\x20\x7c\x20\x63\x20\x3d\x3d\x20\x31"
  "\x30\x33\x20\x7c\x20\x63\x20\x3d\x3d\x20\x37\x31\x29\x20\x7b\x0a\x20\x20\x20\x20"
  "\x20\x20\x20\x20\x20\x20\x20\x20\x20\x20\x20\x20\x69\x66\x20\x28\x73\x69\x67\x6e"
  "\x29\x20\x73\x63\x20\x3d\x20\x34\x35\x3b\x20\x65\x6c\x73\x65\x20\x7b\x20\x69\x66"
  "\x20\x28\x70\x6c\x75\x73\x29\x20\x73\x63\x20\x3d\x20\x34\x33\x3b\x20\x65\x6c\x73"
  "\x65\x20\x7b\x20\x69\x66\x20\x28\x73\x70\x61\x63\x65\x29\x20\x73\x63\x20\x3d\x20"
  "\x33\x32\x3b\x20\x7d\x20\x7d\x0a\x20\x20\x20\x20\x20\x20\x20\x20\x20\x20\x20\x20"
  "\x7d\x0a\x20\x20\x20\x20\x20\x20\x20\x20\x20\x20\x20\x20\x6b\x20\x3d\x20\x77\x69"
  "\x64\x74\x68\x20\x2d\x20\x6c\x65\x6e\x3b\x0a\x20\x20\x20\x20\x20\x20\x20\x20\x20"
  "\x20\x20\x20\x69\x66\x20\x28\x73\x63\x29\x20\x6b\x20\x3d\x20\x6b\x20\x2d\x20\x31"
  "\x3b\x0a\x20\x20\x20\x20\x20\x20\x20\x20\x20\x20\x20\x20\x69\x66\x20\x28\x6c\x65"
  "\x66\x74\x20\x3d\x3d\x20\x30\x29\x20\x7b\x20\x69\x66\x20\x28\x7a\x65\x72\x6f\x20"
  "\x3d\x3d\x20\x30\x29\x20\x7b\x0a\x20\x20\x20\x20\x20\x20\x20\x20\x20\x20\x20\x20"
  "\x20\x20\x20\x20\x77\x68\x69\x6c\x65\x20\x28\x6b\x20\x3e\x20\x30\x29\x20\x7b\x20"
  "\x5f\x75\x5f\x70\x75\x74\x28\x6f\x75\x74\x2c\x20\x63\x61\x70\x2c\x20\x26\x6e\x2c"
  "\x20\x66\x2c\x20\x33\x32\x29\x3b\x20\x6b\x20\x3d\x20\x6b\x20\x2d\x20\x31\x3b\x20"
  "\x7d\x20\x7d\x20\x7d\x0a\x20\x20\x20\x20\x20\x20\x20\x20\x20\x20\x20\x20\x69\x66"
  "\x20\x28\x73\x63\x29\x20\x5f\x75\x5f\x70\x75\x74\x28\x6f\x75\x74\x2c\x20\x63\x61"
  "\x70\x2c\x20\x26\x6e\x2c\x20\x66\x2c\x20\x73\x63\x29\x3b\x0a\x20\x20\x20\x20\x20"
  "\x20\x20\x20\x20\x20\x20\x20\x69\x66\x20\x28\x6c\x65\x66\x74\x20\x3d\x3d\x20\x30"
  "\x29\x20\x7b\x20\x69\x66\x20\x28\x7a\x65\x72\x6f\x29\x20\x7b\x0a\x20\x20\x20\x20"
  "\x20\x20\x20\x20\x20\x20\x20\x20\x20\x20\x20\x20\x77\x68\x69\x6c\x65\x20\x28\x6b"
  "\x20\x3e\x20\x30\x29\x20\x7b\x20\x5f\x75\x5f\x70\x75\x74\x28\x6f\x75\x74\x2c\x20"
  "\x63\x61\x70\x2c\x20\x26\x6e\x2c\x20\x66\x2c\x20\x34\x38\x29\x3b\x20\x6b\x20\x3d"
  "\x20\x6b\x20\x2d\x20\x31\x3b\x20\x7d\x20\x7d\x20\x7d\x0a\x20\x20\x20\x20\x20\x20"
  "\x20\x20\x20\x20\x20\x20\x6a\x20\x3d\x20\x30\x3b\x0a\x20\x20\x20\x20\x20\x20\x20"
  "\x20\x20\x20\x20\x20\x77\x68\x69\x6c\x65\x20\x28\x6a\x20\x3c\x20\x6c\x65\x6e\x29"
  "\x20\x7b\x20\x5f\x75\x5f\x70\x75\x74\x28\x6f\x75\x74\x2c\x20\x63\x61\x70\x2c\x20"
  "\x26\x6e\x2c\x20\x66\x2c\x20\x73\x70\x5b\x73\x74\x61\x72\x74\x20\x2b\x20\x6a\x5d"
  "\x20\x26\x20\x32\x35\x35\x29\x3b\x20\x6a\x20\x3d\x20\x6a\x20\x2b\x20\x31\x3b\x20"
  "\x7d\x0a\x20\x20\x20\x20\x20\x20\x20\x20\x20\x20\x20\x20\x69\x66\x20\x28\x6c\x65"
  "\x66\x74\x29\x20\x7b\x20\x77\x68\x69\x6c\x65\x20\x28\x6b\x20\x3e\x20\x30\x29\x20"
  "\x7b\x20\x5f\x75\x5f\x70\x75\x74\x28\x6f\x75\x74\x2c\x20\x63\x61\x70\x2c\x20\x26"
  "\x6e\x2c\x20\x66\x2c\x20\x33\x32\x29\x3b\x20\x6b\x20\x3d\x20\x6b\x20\x2d\x20\x31"
  "\x3b\x20\x7d\x20\x7d\x0a\x20\x20\x20\x20\x20\x20\x20\x20\x7d\x0a\x20\x20\x20\x20"
  "\x7d\x0a\x20\x20\x20\x20\x69\x66\x20\x28\x6f\x75\x74\x20\x21\x3d\x20\x4e\x55\x4c"
  "\x4c\x29\x20\x7b\x20\x69\x66\x20\x28\x63\x61\x70\x20\x21\x3d\x20\x30\x29\x20\x7b"
  "\x0a\x20\x20\x20\x20\x20\x20\x20\x20\x69\x66\x20\x28\x63\x61\x70\x20\x3c\x20\x30"
  "\x29\x20\x6f\x75\x74\x5b\x6e\x5d\x20\x3d\x20\x30\x3b\x20\x65\x6c\x73\x65\x20\x7b"
  "\x20\x69\x66\x20\x28\x6e\x20\x3c\x20\x63\x61\x70\x29\x20\x6f\x75\x74\x5b\x6e\x5d"
  "\x20\x3d\x20\x30\x3b\x0a\x20\x20\x20\x20\x20\x20\x20\x20\x20\x20\x20\x20\x20\x20"
  "\x20\x20\x20\x20\x20\x20\x20\x20\x20\x20\x20\x20\x20\x20\x20\x20\x20\x20\x20\x20"
  "\x20\x20\x20\x20\x20\x20\x65\x6c\x73\x65\x20\x6f\x75\x74\x5b\x63\x61\x70\x20\x2d"
  "\x20\x31\x5d\x20\x3d\x20\x30\x3b\x20\x7d\x20\x7d\x20\x7d\x0a\x20\x20\x20\x20\x72"
  "\x65\x74\x75\x72\x6e\x20\x28\x69\x6e\x74\x29\x6e\x3b\x0a\x7d\x0a\x0a\x73\x74\x61"
  "\x74\x69\x63\x20\x69\x6e\x74\x20\x76\x73\x70\x72\x69\x6e\x74\x66\x28\x63\x68\x61"
  "\x72\x20\x2a\x62\x2c\x20\x63\x6f\x6e\x73\x74\x20\x63\x68\x61\x72\x20\x2a\x66\x6d"
  "\x74\x2c\x20\x76\x61\x5f\x6c\x69\x73\x74\x20\x61\x70\x29\x20\x7b\x0a\x20\x20\x20"
  "\x20\x72\x65\x74\x75\x72\x6e\x20\x5f\x75\x5f\x76\x66\x6d\x74\x28\x62\x2c\x20\x30"
  "\x20\x2d\x20\x31\x2c\x20\x4e\x55\x4c\x4c\x2c\x20\x66\x6d\x74\x2c\x20\x61\x70\x29"
  "\x3b\x0a\x7d\x0a\x73\x74\x61\x74\x69\x63\x20\x69\x6e\x74\x20\x76\x73\x6e\x70\x72"
  "\x69\x6e\x74\x66\x28\x63\x68\x61\x72\x20\x2a\x62\x2c\x20\x6c\x6f\x6e\x67\x20\x63"
  "\x61\x70\x2c\x20\x63\x6f\x6e\x73\x74\x20\x63\x68\x61\x72\x20\x2a\x66\x6d\x74\x2c"
  "\x20\x76\x61\x5f\x6c\x69\x73\x74\x20\x61\x70\x29\x20\x7b\x0a\x20\x20\x20\x20\x72"
  "\x65\x74\x75\x72\x6e\x20\x5f\x75\x5f\x76\x66\x6d\x74\x28\x62\x2c\x20\x63\x61\x70"
  "\x2c\x20\x4e\x55\x4c\x4c\x2c\x20\x66\x6d\x74\x2c\x20\x61\x70\x29\x3b\x0a\x7d\x0a"
  "\x73\x74\x61\x74\x69\x63\x20\x69\x6e\x74\x20\x76\x66\x70\x72\x69\x6e\x74\x66\x28"
  "\x46\x49\x4c\x45\x20\x2a\x66\x2c\x20\x63\x6f\x6e\x73\x74\x20\x63\x68\x61\x72\x20"
  "\x2a\x66\x6d\x74\x2c\x20\x76\x61\x5f\x6c\x69\x73\x74\x20\x61\x70\x29\x20\x7b\x0a"
  "\x20\x20\x20\x20\x72\x65\x74\x75\x72\x6e\x20\x5f\x75\x5f\x76\x66\x6d\x74\x28\x4e"
  "\x55\x4c\x4c\x2c\x20\x30\x2c\x20\x66\x2c\x20\x66\x6d\x74\x2c\x20\x61\x70\x29\x3b"
  "\x0a\x7d\x0a\x73\x74\x61\x74\x69\x63\x20\x69\x6e\x74\x20\x73\x70\x72\x69\x6e\x74"
  "\x66\x28\x63\x68\x61\x72\x20\x2a\x62\x2c\x20\x63\x6f\x6e\x73\x74\x20\x63\x68\x61"
  "\x72\x20\x2a\x66\x6d\x74\x2c\x20\x2e\x2e\x2e\x29\x20\x7b\x0a\x20\x20\x20\x20\x76"
  "\x61\x5f\x6c\x69\x73\x74\x20\x61\x70\x3b\x20\x69\x6e\x74\x20\x72\x3b\x0a\x20\x20"
  "\x20\x20\x76\x61\x5f\x73\x74\x61\x72\x74\x28\x61\x70\x2c\x20\x66\x6d\x74\x29\x3b"
  "\x0a\x20\x20\x20\x20\x72\x20\x3d\x20\x5f\x75\x5f\x76\x66\x6d\x74\x28\x62\x2c\x20"
  "\x30\x20\x2d\x20\x31\x2c\x20\x4e\x55\x4c\x4c\x2c\x20\x66\x6d\x74\x2c\x20\x61\x70"
  "\x29\x3b\x0a\x20\x20\x20\x20\x76\x61\x5f\x65\x6e\x64\x28\x61\x70\x29\x3b\x0a\x20"
  "\x20\x20\x20\x72\x65\x74\x75\x72\x6e\x20\x72\x3b\x0a\x7d\x0a\x73\x74\x61\x74\x69"
  "\x63\x20\x69\x6e\x74\x20\x73\x6e\x70\x72\x69\x6e\x74\x66\x28\x63\x68\x61\x72\x20"
  "\x2a\x62\x2c\x20\x6c\x6f\x6e\x67\x20\x63\x61\x70\x2c\x20\x63\x6f\x6e\x73\x74\x20"
  "\x63\x68\x61\x72\x20\x2a\x66\x6d\x74\x2c\x20\x2e\x2e\x2e\x29\x20\x7b\x0a\x20\x20"
  "\x20\x20\x76\x61\x5f\x6c\x69\x73\x74\x20\x61\x70\x3b\x20\x69\x6e\x74\x20\x72\x3b"
  "\x0a\x20\x20\x20\x20\x76\x61\x5f\x73\x74\x61\x72\x74\x28\x61\x70\x2c\x20\x66\x6d"
  "\x74\x29\x3b\x0a\x20\x20\x20\x20\x72\x20\x3d\x20\x5f\x75\x5f\x76\x66\x6d\x74\x28"
  "\x62\x2c\x20\x63\x61\x70\x2c\x20\x4e\x55\x4c\x4c\x2c\x20\x66\x6d\x74\x2c\x20\x61"
  "\x70\x29\x3b\x0a\x20\x20\x20\x20\x76\x61\x5f\x65\x6e\x64\x28\x61\x70\x29\x3b\x0a"
  "\x20\x20\x20\x20\x72\x65\x74\x75\x72\x6e\x20\x72\x3b\x0a\x7d\x0a\x73\x74\x61\x74"
  "\x69\x63\x20\x69\x6e\x74\x20\x66\x70\x72\x69\x6e\x74\x66\x28\x46\x49\x4c\x45\x20"
  "\x2a\x66\x2c\x20\x63\x6f\x6e\x73\x74\x20\x63\x68\x61\x72\x20\x2a\x66\x6d\x74\x2c"
  "\x20\x2e\x2e\x2e\x29\x20\x7b\x0a\x20\x20\x20\x20\x76\x61\x5f\x6c\x69\x73\x74\x20"
  "\x61\x70\x3b\x20\x69\x6e\x74\x20\x72\x3b\x0a\x20\x20\x20\x20\x76\x61\x5f\x73\x74"
  "\x61\x72\x74\x28\x61\x70\x2c\x20\x66\x6d\x74\x29\x3b\x0a\x20\x20\x20\x20\x72\x20"
  "\x3d\x20\x5f\x75\x5f\x76\x66\x6d\x74\x28\x4e\x55\x4c\x4c\x2c\x20\x30\x2c\x20\x66"
  "\x2c\x20\x66\x6d\x74\x2c\x20\x61\x70\x29\x3b\x0a\x20\x20\x20\x20\x76\x61\x5f\x65"
  "\x6e\x64\x28\x61\x70\x29\x3b\x0a\x20\x20\x20\x20\x72\x65\x74\x75\x72\x6e\x20\x72"
  "\x3b\x0a\x7d\x0a\x2f\x2a\x20\x54\x68\x65\x20\x63\x6f\x6d\x70\x69\x6c\x65\x72\x20"
  "\x64\x65\x73\x75\x67\x61\x72\x73\x20\x60\x70\x72\x69\x6e\x74\x66\x60\x20\x61\x67"
  "\x61\x69\x6e\x73\x74\x20\x61\x20\x53\x54\x41\x54\x49\x43\x20\x66\x6f\x72\x6d\x61"
  "\x74\x20\x73\x74\x72\x69\x6e\x67\x20\x5b\x57\x2d\x39\x5d\x20\x2d\x2d\x20\x74\x68"
  "\x65\x0a\x20\x2a\x20\x66\x61\x73\x74\x20\x70\x61\x74\x68\x2c\x20\x61\x6e\x64\x20"
  "\x74\x68\x65\x20\x63\x6f\x6d\x6d\x6f\x6e\x20\x6f\x6e\x65\x2e\x20\x20\x41\x20\x66"
  "\x6f\x72\x6d\x61\x74\x20\x74\x68\x61\x74\x20\x69\x73\x20\x6e\x6f\x74\x20\x61\x20"
  "\x6c\x69\x74\x65\x72\x61\x6c\x20\x63\x61\x6e\x6e\x6f\x74\x20\x62\x65\x0a\x20\x2a"
  "\x20\x64\x65\x73\x75\x67\x61\x72\x65\x64\x20\x61\x74\x20\x61\x6c\x6c\x2c\x20\x73"
  "\x6f\x20\x69\x74\x20\x62\x65\x63\x6f\x6d\x65\x73\x20\x61\x6e\x20\x6f\x72\x64\x69"
  "\x6e\x61\x72\x79\x20\x76\x61\x72\x69\x61\x64\x69\x63\x20\x63\x61\x6c\x6c\x20\x6f"
  "\x6e\x20\x74\x68\x69\x73\x2e\x20\x2a\x2f\x0a\x73\x74\x61\x74\x69\x63\x20\x69\x6e"
  "\x74\x20\x70\x72\x69\x6e\x74\x66\x28\x63\x6f\x6e\x73\x74\x20\x63\x68\x61\x72\x20"
  "\x2a\x66\x6d\x74\x2c\x20\x2e\x2e\x2e\x29\x20\x7b\x0a\x20\x20\x20\x20\x76\x61\x5f"
  "\x6c\x69\x73\x74\x20\x61\x70\x3b\x20\x69\x6e\x74\x20\x72\x3b\x0a\x20\x20\x20\x20"
  "\x76\x61\x5f\x73\x74\x61\x72\x74\x28\x61\x70\x2c\x20\x66\x6d\x74\x29\x3b\x0a\x20"
  "\x20\x20\x20\x72\x20\x3d\x20\x5f\x75\x5f\x76\x66\x6d\x74\x28\x4e\x55\x4c\x4c\x2c"
  "\x20\x30\x2c\x20\x73\x74\x64\x6f\x75\x74\x2c\x20\x66\x6d\x74\x2c\x20\x61\x70\x29"
  "\x3b\x0a\x20\x20\x20\x20\x76\x61\x5f\x65\x6e\x64\x28\x61\x70\x29\x3b\x0a\x20\x20"
  "\x20\x20\x72\x65\x74\x75\x72\x6e\x20\x72\x3b\x0a\x7d\x0a\x23\x65\x6e\x64\x69\x66"
  "\x0a";

char *HDR_10 =
  "\x2f\x2a\x20\x3c\x73\x74\x64\x6c\x69\x62\x2e\x68\x3e\x20\x66\x6f\x72\x20\x74\x68"
  "\x65\x20\x75\x6e\x69\x73\x61\x20\x43\x20\x73\x75\x62\x73\x65\x74\x2e\x20\x20\x54"
  "\x68\x65\x20\x61\x6c\x6c\x6f\x63\x61\x74\x6f\x72\x20\x69\x73\x20\x61\x20\x62\x75"
  "\x6d\x70\x20\x61\x6c\x6c\x6f\x63\x61\x74\x6f\x72\x20\x6f\x76\x65\x72\x0a\x20\x2a"
  "\x20\x61\x20\x73\x74\x61\x74\x69\x63\x20\x61\x72\x65\x6e\x61\x3a\x20\x60\x66\x72"
  "\x65\x65\x60\x20\x69\x73\x20\x61\x20\x6e\x6f\x2d\x6f\x70\x20\x61\x6e\x64\x20\x74"
  "\x68\x65\x20\x61\x72\x65\x6e\x61\x20\x69\x73\x20\x70\x61\x72\x74\x20\x6f\x66\x20"
  "\x74\x68\x65\x20\x69\x6d\x61\x67\x65\x2c\x20\x77\x68\x69\x63\x68\x0a\x20\x2a\x20"
  "\x69\x73\x20\x68\x6f\x6e\x65\x73\x74\x20\x61\x62\x6f\x75\x74\x20\x77\x68\x61\x74"
  "\x20\x74\x68\x69\x73\x20\x63\x6f\x6d\x70\x69\x6c\x65\x72\x20\x69\x73\x20\x66\x6f"
  "\x72\x2e\x20\x20\x4e\x6f\x74\x68\x69\x6e\x67\x20\x68\x65\x72\x65\x20\x6e\x65\x65"
  "\x64\x73\x20\x61\x20\x6c\x69\x6e\x6b\x65\x72\x2e\x20\x2a\x2f\x0a\x23\x69\x66\x6e"
  "\x64\x65\x66\x20\x5f\x55\x4e\x49\x53\x41\x5f\x53\x54\x44\x4c\x49\x42\x5f\x48\x0a"
  "\x23\x64\x65\x66\x69\x6e\x65\x20\x5f\x55\x4e\x49\x53\x41\x5f\x53\x54\x44\x4c\x49"
  "\x42\x5f\x48\x0a\x23\x69\x6e\x63\x6c\x75\x64\x65\x20\x3c\x73\x74\x64\x64\x65\x66"
  "\x2e\x68\x3e\x0a\x23\x64\x65\x66\x69\x6e\x65\x20\x4e\x55\x4c\x4c\x20\x30\x0a\x23"
  "\x64\x65\x66\x69\x6e\x65\x20\x45\x58\x49\x54\x5f\x53\x55\x43\x43\x45\x53\x53\x20"
  "\x30\x0a\x23\x64\x65\x66\x69\x6e\x65\x20\x45\x58\x49\x54\x5f\x46\x41\x49\x4c\x55"
  "\x52\x45\x20\x31\x0a\x23\x64\x65\x66\x69\x6e\x65\x20\x52\x41\x4e\x44\x5f\x4d\x41"
  "\x58\x20\x33\x32\x37\x36\x37\x0a\x0a\x69\x6e\x74\x20\x65\x78\x69\x74\x28\x29\x3b"
  "\x0a\x0a\x23\x64\x65\x66\x69\x6e\x65\x20\x5f\x55\x4e\x49\x53\x41\x5f\x41\x52\x45"
  "\x4e\x41\x20\x36\x35\x35\x33\x36\x0a\x73\x74\x61\x74\x69\x63\x20\x63\x68\x61\x72"
  "\x20\x5f\x75\x6e\x69\x73\x61\x5f\x68\x65\x61\x70\x5b\x5f\x55\x4e\x49\x53\x41\x5f"
  "\x41\x52\x45\x4e\x41\x5d\x3b\x0a\x73\x74\x61\x74\x69\x63\x20\x6c\x6f\x6e\x67\x20"
  "\x5f\x75\x6e\x69\x73\x61\x5f\x62\x72\x6b\x20\x3d\x20\x30\x3b\x0a\x0a\x73\x74\x61"
  "\x74\x69\x63\x20\x76\x6f\x69\x64\x20\x2a\x6d\x61\x6c\x6c\x6f\x63\x28\x6c\x6f\x6e"
  "\x67\x20\x6e\x29\x20\x7b\x0a\x20\x20\x20\x20\x63\x68\x61\x72\x20\x2a\x70\x3b\x0a"
  "\x20\x20\x20\x20\x6e\x20\x3d\x20\x28\x6e\x20\x2b\x20\x31\x35\x29\x20\x26\x20\x7e"
  "\x31\x35\x3b\x0a\x20\x20\x20\x20\x69\x66\x20\x28\x5f\x75\x6e\x69\x73\x61\x5f\x62"
  "\x72\x6b\x20\x2b\x20\x6e\x20\x3e\x20\x5f\x55\x4e\x49\x53\x41\x5f\x41\x52\x45\x4e"
  "\x41\x29\x20\x72\x65\x74\x75\x72\x6e\x20\x4e\x55\x4c\x4c\x3b\x0a\x20\x20\x20\x20"
  "\x70\x20\x3d\x20\x5f\x75\x6e\x69\x73\x61\x5f\x68\x65\x61\x70\x20\x2b\x20\x5f\x75"
  "\x6e\x69\x73\x61\x5f\x62\x72\x6b\x3b\x0a\x20\x20\x20\x20\x5f\x75\x6e\x69\x73\x61"
  "\x5f\x62\x72\x6b\x20\x3d\x20\x5f\x75\x6e\x69\x73\x61\x5f\x62\x72\x6b\x20\x2b\x20"
  "\x6e\x3b\x0a\x20\x20\x20\x20\x72\x65\x74\x75\x72\x6e\x20\x70\x3b\x0a\x7d\x0a\x0a"
  "\x73\x74\x61\x74\x69\x63\x20\x76\x6f\x69\x64\x20\x66\x72\x65\x65\x28\x76\x6f\x69"
  "\x64\x20\x2a\x70\x29\x20\x7b\x20\x7d\x0a\x0a\x2f\x2a\x20\x60\x65\x78\x69\x74\x60"
  "\x20\x69\x73\x20\x74\x68\x65\x20\x6f\x6e\x65\x20\x6c\x69\x62\x63\x20\x66\x75\x6e"
  "\x63\x74\x69\x6f\x6e\x20\x74\x68\x61\x74\x20\x63\x61\x6e\x6e\x6f\x74\x20\x62\x65"
  "\x20\x77\x72\x69\x74\x74\x65\x6e\x20\x69\x6e\x20\x43\x3a\x20\x69\x74\x20\x6d\x75"
  "\x73\x74\x20\x6e\x6f\x74\x0a\x20\x2a\x20\x72\x65\x74\x75\x72\x6e\x2e\x20\x20\x60"
  "\x5f\x5f\x65\x78\x69\x74\x60\x20\x69\x73\x20\x74\x68\x65\x20\x74\x61\x70\x65\x27"
  "\x73\x20\x67\x61\x74\x65\x20\x74\x6f\x20\x74\x68\x65\x20\x4f\x53\x2c\x20\x73\x6f"
  "\x20\x74\x68\x69\x73\x20\x69\x73\x20\x61\x20\x6f\x6e\x65\x2d\x6c\x69\x6e\x65\x0a"
  "\x20\x2a\x20\x77\x72\x61\x70\x70\x65\x72\x20\x61\x72\x6f\x75\x6e\x64\x20\x69\x74"
  "\x20\x2d\x2d\x20\x61\x6e\x64\x20\x60\x61\x62\x6f\x72\x74\x60\x20\x69\x73\x20\x74"
  "\x68\x65\x20\x73\x61\x6d\x65\x20\x63\x61\x6c\x6c\x20\x77\x69\x74\x68\x20\x74\x68"
  "\x65\x20\x73\x74\x61\x74\x75\x73\x20\x61\x20\x73\x68\x65\x6c\x6c\x0a\x20\x2a\x20"
  "\x72\x65\x70\x6f\x72\x74\x73\x20\x66\x6f\x72\x20\x53\x49\x47\x41\x42\x52\x54\x2e"
  "\x20\x2a\x2f\x0a\x73\x74\x61\x74\x69\x63\x20\x76\x6f\x69\x64\x20\x65\x78\x69\x74"
  "\x28\x69\x6e\x74\x20\x63\x6f\x64\x65\x29\x20\x7b\x20\x5f\x5f\x65\x78\x69\x74\x28"
  "\x63\x6f\x64\x65\x29\x3b\x20\x7d\x0a\x73\x74\x61\x74\x69\x63\x20\x76\x6f\x69\x64"
  "\x20\x61\x62\x6f\x72\x74\x28\x76\x6f\x69\x64\x29\x20\x7b\x20\x5f\x5f\x65\x78\x69"
  "\x74\x28\x31\x33\x34\x29\x3b\x20\x7d\x0a\x0a\x73\x74\x61\x74\x69\x63\x20\x76\x6f"
  "\x69\x64\x20\x2a\x63\x61\x6c\x6c\x6f\x63\x28\x6c\x6f\x6e\x67\x20\x6e\x2c\x20\x6c"
  "\x6f\x6e\x67\x20\x73\x7a\x29\x20\x7b\x0a\x20\x20\x20\x20\x63\x68\x61\x72\x20\x2a"
  "\x70\x3b\x20\x6c\x6f\x6e\x67\x20\x74\x6f\x74\x61\x6c\x3b\x20\x6c\x6f\x6e\x67\x20"
  "\x69\x3b\x0a\x20\x20\x20\x20\x74\x6f\x74\x61\x6c\x20\x3d\x20\x6e\x20\x2a\x20\x73"
  "\x7a\x3b\x0a\x20\x20\x20\x20\x70\x20\x3d\x20\x28\x63\x68\x61\x72\x20\x2a\x29\x6d"
  "\x61\x6c\x6c\x6f\x63\x28\x74\x6f\x74\x61\x6c\x29\x3b\x0a\x20\x20\x20\x20\x69\x66"
  "\x20\x28\x70\x20\x3d\x3d\x20\x4e\x55\x4c\x4c\x29\x20\x72\x65\x74\x75\x72\x6e\x20"
  "\x4e\x55\x4c\x4c\x3b\x0a\x20\x20\x20\x20\x69\x20\x3d\x20\x30\x3b\x0a\x20\x20\x20"
  "\x20\x77\x68\x69\x6c\x65\x20\x28\x69\x20\x3c\x20\x74\x6f\x74\x61\x6c\x29\x20\x7b"
  "\x20\x70\x5b\x69\x5d\x20\x3d\x20\x30\x3b\x20\x69\x20\x3d\x20\x69\x20\x2b\x20\x31"
  "\x3b\x20\x7d\x0a\x20\x20\x20\x20\x72\x65\x74\x75\x72\x6e\x20\x70\x3b\x0a\x7d\x0a"
  "\x0a\x73\x74\x61\x74\x69\x63\x20\x76\x6f\x69\x64\x20\x2a\x72\x65\x61\x6c\x6c\x6f"
  "\x63\x28\x76\x6f\x69\x64\x20\x2a\x6f\x6c\x64\x2c\x20\x6c\x6f\x6e\x67\x20\x6e\x29"
  "\x20\x7b\x0a\x20\x20\x20\x20\x63\x68\x61\x72\x20\x2a\x70\x3b\x20\x63\x68\x61\x72"
  "\x20\x2a\x6f\x3b\x20\x6c\x6f\x6e\x67\x20\x69\x3b\x0a\x20\x20\x20\x20\x70\x20\x3d"
  "\x20\x28\x63\x68\x61\x72\x20\x2a\x29\x6d\x61\x6c\x6c\x6f\x63\x28\x6e\x29\x3b\x0a"
  "\x20\x20\x20\x20\x69\x66\x20\x28\x70\x20\x3d\x3d\x20\x4e\x55\x4c\x4c\x29\x20\x72"
  "\x65\x74\x75\x72\x6e\x20\x4e\x55\x4c\x4c\x3b\x0a\x20\x20\x20\x20\x69\x66\x20\x28"
  "\x6f\x6c\x64\x20\x21\x3d\x20\x4e\x55\x4c\x4c\x29\x20\x7b\x0a\x20\x20\x20\x20\x20"
  "\x20\x20\x20\x6f\x20\x3d\x20\x28\x63\x68\x61\x72\x20\x2a\x29\x6f\x6c\x64\x3b\x0a"
  "\x20\x20\x20\x20\x20\x20\x20\x20\x69\x20\x3d\x20\x30\x3b\x0a\x20\x20\x20\x20\x20"
  "\x20\x20\x20\x77\x68\x69\x6c\x65\x20\x28\x69\x20\x3c\x20\x6e\x29\x20\x7b\x20\x70"
  "\x5b\x69\x5d\x20\x3d\x20\x6f\x5b\x69\x5d\x3b\x20\x69\x20\x3d\x20\x69\x20\x2b\x20"
  "\x31\x3b\x20\x7d\x0a\x20\x20\x20\x20\x7d\x0a\x20\x20\x20\x20\x72\x65\x74\x75\x72"
  "\x6e\x20\x70\x3b\x0a\x7d\x0a\x0a\x73\x74\x61\x74\x69\x63\x20\x69\x6e\x74\x20\x61"
  "\x62\x73\x28\x69\x6e\x74\x20\x76\x29\x20\x7b\x20\x69\x66\x20\x28\x76\x20\x3c\x20"
  "\x30\x29\x20\x72\x65\x74\x75\x72\x6e\x20\x30\x20\x2d\x20\x76\x3b\x20\x72\x65\x74"
  "\x75\x72\x6e\x20\x76\x3b\x20\x7d\x0a\x0a\x73\x74\x61\x74\x69\x63\x20\x69\x6e\x74"
  "\x20\x61\x74\x6f\x69\x28\x63\x6f\x6e\x73\x74\x20\x63\x68\x61\x72\x20\x2a\x73\x29"
  "\x20\x7b\x0a\x20\x20\x20\x20\x69\x6e\x74\x20\x76\x3b\x20\x69\x6e\x74\x20\x73\x69"
  "\x67\x6e\x3b\x20\x6c\x6f\x6e\x67\x20\x69\x3b\x0a\x20\x20\x20\x20\x76\x20\x3d\x20"
  "\x30\x3b\x20\x73\x69\x67\x6e\x20\x3d\x20\x31\x3b\x20\x69\x20\x3d\x20\x30\x3b\x0a"
  "\x20\x20\x20\x20\x77\x68\x69\x6c\x65\x20\x28\x73\x5b\x69\x5d\x20\x3d\x3d\x20\x33"
  "\x32\x29\x20\x69\x20\x3d\x20\x69\x20\x2b\x20\x31\x3b\x0a\x20\x20\x20\x20\x69\x66"
  "\x20\x28\x73\x5b\x69\x5d\x20\x3d\x3d\x20\x34\x35\x29\x20\x7b\x20\x73\x69\x67\x6e"
  "\x20\x3d\x20\x30\x20\x2d\x20\x31\x3b\x20\x69\x20\x3d\x20\x69\x20\x2b\x20\x31\x3b"
  "\x20\x7d\x0a\x20\x20\x20\x20\x65\x6c\x73\x65\x20\x7b\x20\x69\x66\x20\x28\x73\x5b"
  "\x69\x5d\x20\x3d\x3d\x20\x34\x33\x29\x20\x69\x20\x3d\x20\x69\x20\x2b\x20\x31\x3b"
  "\x20\x7d\x0a\x20\x20\x20\x20\x77\x68\x69\x6c\x65\x20\x28\x73\x5b\x69\x5d\x20\x3e"
  "\x3d\x20\x34\x38\x29\x20\x7b\x20\x69\x66\x20\x28\x73\x5b\x69\x5d\x20\x3e\x20\x35"
  "\x37\x29\x20\x62\x72\x65\x61\x6b\x3b\x20\x76\x20\x3d\x20\x76\x20\x2a\x20\x31\x30"
  "\x20\x2b\x20\x28\x73\x5b\x69\x5d\x20\x2d\x20\x34\x38\x29\x3b\x20\x69\x20\x3d\x20"
  "\x69\x20\x2b\x20\x31\x3b\x20\x7d\x0a\x20\x20\x20\x20\x72\x65\x74\x75\x72\x6e\x20"
  "\x76\x20\x2a\x20\x73\x69\x67\x6e\x3b\x0a\x7d\x0a\x0a\x2f\x2a\x20\x73\x74\x72\x74"
  "\x6f\x6c\x2f\x73\x74\x72\x74\x6f\x75\x6c\x2f\x73\x74\x72\x74\x6f\x64\x3a\x20\x74"
  "\x68\x65\x20\x63\x6f\x6e\x76\x65\x72\x73\x69\x6f\x6e\x73\x20\x43\x38\x39\x20\x61"
  "\x6e\x64\x20\x43\x39\x39\x20\x70\x75\x74\x20\x68\x65\x72\x65\x2e\x20\x20\x60\x65"
  "\x6e\x64\x60\x20\x69\x73\x0a\x20\x2a\x20\x77\x72\x69\x74\x74\x65\x6e\x20\x77\x68"
  "\x65\x6e\x20\x69\x74\x20\x69\x73\x20\x6e\x6f\x74\x20\x6e\x75\x6c\x6c\x2c\x20\x77"
  "\x68\x69\x63\x68\x20\x69\x73\x20\x68\x6f\x77\x20\x63\x61\x6c\x6c\x65\x72\x73\x20"
  "\x74\x65\x6c\x6c\x20\x22\x6e\x6f\x20\x64\x69\x67\x69\x74\x73\x22\x20\x66\x72\x6f"
  "\x6d\x0a\x20\x2a\x20\x22\x74\x68\x65\x20\x76\x61\x6c\x75\x65\x20\x68\x61\x70\x70"
  "\x65\x6e\x65\x64\x20\x74\x6f\x20\x62\x65\x20\x7a\x65\x72\x6f\x22\x2e\x20\x2a\x2f"
  "\x0a\x73\x74\x61\x74\x69\x63\x20\x6c\x6f\x6e\x67\x20\x73\x74\x72\x74\x6f\x6c\x28"
  "\x63\x6f\x6e\x73\x74\x20\x63\x68\x61\x72\x20\x2a\x73\x2c\x20\x63\x68\x61\x72\x20"
  "\x2a\x2a\x65\x6e\x64\x2c\x20\x69\x6e\x74\x20\x62\x61\x73\x65\x29\x20\x7b\x0a\x20"
  "\x20\x20\x20\x6c\x6f\x6e\x67\x20\x76\x3b\x20\x69\x6e\x74\x20\x73\x69\x67\x6e\x3b"
  "\x20\x6c\x6f\x6e\x67\x20\x69\x3b\x20\x69\x6e\x74\x20\x64\x3b\x0a\x20\x20\x20\x20"
  "\x76\x20\x3d\x20\x30\x3b\x20\x73\x69\x67\x6e\x20\x3d\x20\x31\x3b\x20\x69\x20\x3d"
  "\x20\x30\x3b\x0a\x20\x20\x20\x20\x77\x68\x69\x6c\x65\x20\x28\x73\x5b\x69\x5d\x20"
  "\x3d\x3d\x20\x33\x32\x20\x7c\x7c\x20\x28\x73\x5b\x69\x5d\x20\x3e\x3d\x20\x39\x20"
  "\x26\x26\x20\x73\x5b\x69\x5d\x20\x3c\x3d\x20\x31\x33\x29\x29\x20\x69\x20\x3d\x20"
  "\x69\x20\x2b\x20\x31\x3b\x0a\x20\x20\x20\x20\x69\x66\x20\x28\x73\x5b\x69\x5d\x20"
  "\x3d\x3d\x20\x34\x35\x29\x20\x7b\x20\x73\x69\x67\x6e\x20\x3d\x20\x30\x20\x2d\x20"
  "\x31\x3b\x20\x69\x20\x3d\x20\x69\x20\x2b\x20\x31\x3b\x20\x7d\x0a\x20\x20\x20\x20"
  "\x65\x6c\x73\x65\x20\x7b\x20\x69\x66\x20\x28\x73\x5b\x69\x5d\x20\x3d\x3d\x20\x34"
  "\x33\x29\x20\x69\x20\x3d\x20\x69\x20\x2b\x20\x31\x3b\x20\x7d\x0a\x20\x20\x20\x20"
  "\x69\x66\x20\x28\x62\x61\x73\x65\x20\x3d\x3d\x20\x30\x29\x20\x7b\x0a\x20\x20\x20"
  "\x20\x20\x20\x20\x20\x62\x61\x73\x65\x20\x3d\x20\x31\x30\x3b\x0a\x20\x20\x20\x20"
  "\x20\x20\x20\x20\x69\x66\x20\x28\x73\x5b\x69\x5d\x20\x3d\x3d\x20\x34\x38\x29\x20"
  "\x7b\x0a\x20\x20\x20\x20\x20\x20\x20\x20\x20\x20\x20\x20\x69\x66\x20\x28\x73\x5b"
  "\x69\x2b\x31\x5d\x20\x3d\x3d\x20\x31\x32\x30\x20\x7c\x7c\x20\x73\x5b\x69\x2b\x31"
  "\x5d\x20\x3d\x3d\x20\x38\x38\x29\x20\x7b\x20\x62\x61\x73\x65\x20\x3d\x20\x31\x36"
  "\x3b\x20\x69\x20\x3d\x20\x69\x20\x2b\x20\x32\x3b\x20\x7d\x0a\x20\x20\x20\x20\x20"
  "\x20\x20\x20\x20\x20\x20\x20\x65\x6c\x73\x65\x20\x62\x61\x73\x65\x20\x3d\x20\x38"
  "\x3b\x0a\x20\x20\x20\x20\x20\x20\x20\x20\x7d\x0a\x20\x20\x20\x20\x7d\x20\x65\x6c"
  "\x73\x65\x20\x7b\x20\x69\x66\x20\x28\x62\x61\x73\x65\x20\x3d\x3d\x20\x31\x36\x29"
  "\x20\x7b\x20\x69\x66\x20\x28\x73\x5b\x69\x5d\x20\x3d\x3d\x20\x34\x38\x29\x20\x7b"
  "\x0a\x20\x20\x20\x20\x20\x20\x20\x20\x69\x66\x20\x28\x73\x5b\x69\x2b\x31\x5d\x20"
  "\x3d\x3d\x20\x31\x32\x30\x20\x7c\x7c\x20\x73\x5b\x69\x2b\x31\x5d\x20\x3d\x3d\x20"
  "\x38\x38\x29\x20\x69\x20\x3d\x20\x69\x20\x2b\x20\x32\x3b\x20\x7d\x20\x7d\x20\x7d"
  "\x0a\x20\x20\x20\x20\x77\x68\x69\x6c\x65\x20\x28\x73\x5b\x69\x5d\x29\x20\x7b\x0a"
  "\x20\x20\x20\x20\x20\x20\x20\x20\x64\x20\x3d\x20\x30\x20\x2d\x20\x31\x3b\x0a\x20"
  "\x20\x20\x20\x20\x20\x20\x20\x69\x66\x20\x28\x73\x5b\x69\x5d\x20\x3e\x3d\x20\x34"
  "\x38\x20\x26\x26\x20\x73\x5b\x69\x5d\x20\x3c\x3d\x20\x35\x37\x29\x20\x64\x20\x3d"
  "\x20\x73\x5b\x69\x5d\x20\x2d\x20\x34\x38\x3b\x0a\x20\x20\x20\x20\x20\x20\x20\x20"
  "\x65\x6c\x73\x65\x20\x7b\x20\x69\x66\x20\x28\x73\x5b\x69\x5d\x20\x3e\x3d\x20\x39"
  "\x37\x20\x26\x26\x20\x73\x5b\x69\x5d\x20\x3c\x3d\x20\x31\x32\x32\x29\x20\x64\x20"
  "\x3d\x20\x73\x5b\x69\x5d\x20\x2d\x20\x39\x37\x20\x2b\x20\x31\x30\x3b\x0a\x20\x20"
  "\x20\x20\x20\x20\x20\x20\x65\x6c\x73\x65\x20\x7b\x20\x69\x66\x20\x28\x73\x5b\x69"
  "\x5d\x20\x3e\x3d\x20\x36\x35\x20\x26\x26\x20\x73\x5b\x69\x5d\x20\x3c\x3d\x20\x39"
  "\x30\x29\x20\x64\x20\x3d\x20\x73\x5b\x69\x5d\x20\x2d\x20\x36\x35\x20\x2b\x20\x31"
  "\x30\x3b\x20\x7d\x20\x7d\x0a\x20\x20\x20\x20\x20\x20\x20\x20\x69\x66\x20\x28\x64"
  "\x20\x3c\x20\x30\x20\x7c\x7c\x20\x64\x20\x3e\x3d\x20\x62\x61\x73\x65\x29\x20\x62"
  "\x72\x65\x61\x6b\x3b\x0a\x20\x20\x20\x20\x20\x20\x20\x20\x76\x20\x3d\x20\x76\x20"
  "\x2a\x20\x62\x61\x73\x65\x20\x2b\x20\x64\x3b\x20\x69\x20\x3d\x20\x69\x20\x2b\x20"
  "\x31\x3b\x0a\x20\x20\x20\x20\x7d\x0a\x20\x20\x20\x20\x69\x66\x20\x28\x65\x6e\x64"
  "\x29\x20\x2a\x65\x6e\x64\x20\x3d\x20\x28\x63\x68\x61\x72\x20\x2a\x29\x28\x73\x20"
  "\x2b\x20\x69\x29\x3b\x0a\x20\x20\x20\x20\x72\x65\x74\x75\x72\x6e\x20\x76\x20\x2a"
  "\x20\x73\x69\x67\x6e\x3b\x0a\x7d\x0a\x73\x74\x61\x74\x69\x63\x20\x75\x6e\x73\x69"
  "\x67\x6e\x65\x64\x20\x6c\x6f\x6e\x67\x20\x73\x74\x72\x74\x6f\x75\x6c\x28\x63\x6f"
  "\x6e\x73\x74\x20\x63\x68\x61\x72\x20\x2a\x73\x2c\x20\x63\x68\x61\x72\x20\x2a\x2a"
  "\x65\x6e\x64\x2c\x20\x69\x6e\x74\x20\x62\x61\x73\x65\x29\x20\x7b\x0a\x20\x20\x20"
  "\x20\x72\x65\x74\x75\x72\x6e\x20\x28\x75\x6e\x73\x69\x67\x6e\x65\x64\x20\x6c\x6f"
  "\x6e\x67\x29\x73\x74\x72\x74\x6f\x6c\x28\x73\x2c\x20\x65\x6e\x64\x2c\x20\x62\x61"
  "\x73\x65\x29\x3b\x0a\x7d\x0a\x73\x74\x61\x74\x69\x63\x20\x6c\x6f\x6e\x67\x20\x61"
  "\x74\x6f\x6c\x28\x63\x6f\x6e\x73\x74\x20\x63\x68\x61\x72\x20\x2a\x73\x29\x20\x7b"
  "\x20\x72\x65\x74\x75\x72\x6e\x20\x73\x74\x72\x74\x6f\x6c\x28\x73\x2c\x20\x30\x2c"
  "\x20\x31\x30\x29\x3b\x20\x7d\x0a\x0a\x2f\x2a\x20\x54\x68\x65\x20\x66\x72\x61\x63"
  "\x74\x69\x6f\x6e\x61\x6c\x20\x70\x61\x72\x74\x20\x69\x73\x20\x61\x63\x63\x75\x6d"
  "\x75\x6c\x61\x74\x65\x64\x20\x61\x73\x20\x61\x6e\x20\x69\x6e\x74\x65\x67\x65\x72"
  "\x20\x61\x6e\x64\x20\x73\x63\x61\x6c\x65\x64\x20\x6f\x6e\x63\x65\x2c\x20\x73\x6f"
  "\x20\x61\x0a\x20\x2a\x20\x6c\x6f\x6e\x67\x20\x72\x75\x6e\x20\x6f\x66\x20\x64\x69"
  "\x67\x69\x74\x73\x20\x64\x6f\x65\x73\x20\x6e\x6f\x74\x20\x6c\x6f\x73\x65\x20\x74"
  "\x68\x65\x20\x6c\x6f\x77\x20\x6f\x6e\x65\x73\x20\x74\x6f\x20\x72\x65\x70\x65\x61"
  "\x74\x65\x64\x20\x64\x69\x76\x69\x73\x69\x6f\x6e\x2e\x20\x2a\x2f\x0a\x73\x74\x61"
  "\x74\x69\x63\x20\x64\x6f\x75\x62\x6c\x65\x20\x73\x74\x72\x74\x6f\x64\x28\x63\x6f"
  "\x6e\x73\x74\x20\x63\x68\x61\x72\x20\x2a\x73\x2c\x20\x63\x68\x61\x72\x20\x2a\x2a"
  "\x65\x6e\x64\x29\x20\x7b\x0a\x20\x20\x20\x20\x64\x6f\x75\x62\x6c\x65\x20\x76\x3b"
  "\x20\x64\x6f\x75\x62\x6c\x65\x20\x66\x72\x61\x63\x3b\x20\x64\x6f\x75\x62\x6c\x65"
  "\x20\x73\x63\x61\x6c\x65\x3b\x20\x69\x6e\x74\x20\x73\x69\x67\x6e\x3b\x20\x6c\x6f"
  "\x6e\x67\x20\x69\x3b\x20\x69\x6e\x74\x20\x61\x6e\x79\x3b\x0a\x20\x20\x20\x20\x6c"
  "\x6f\x6e\x67\x20\x65\x3b\x20\x69\x6e\x74\x20\x65\x73\x69\x67\x6e\x3b\x0a\x20\x20"
  "\x20\x20\x76\x20\x3d\x20\x30\x2e\x30\x3b\x20\x73\x69\x67\x6e\x20\x3d\x20\x31\x3b"
  "\x20\x69\x20\x3d\x20\x30\x3b\x20\x61\x6e\x79\x20\x3d\x20\x30\x3b\x0a\x20\x20\x20"
  "\x20\x77\x68\x69\x6c\x65\x20\x28\x73\x5b\x69\x5d\x20\x3d\x3d\x20\x33\x32\x20\x7c"
  "\x7c\x20\x28\x73\x5b\x69\x5d\x20\x3e\x3d\x20\x39\x20\x26\x26\x20\x73\x5b\x69\x5d"
  "\x20\x3c\x3d\x20\x31\x33\x29\x29\x20\x69\x20\x3d\x20\x69\x20\x2b\x20\x31\x3b\x0a"
  "\x20\x20\x20\x20\x69\x66\x20\x28\x73\x5b\x69\x5d\x20\x3d\x3d\x20\x34\x35\x29\x20"
  "\x7b\x20\x73\x69\x67\x6e\x20\x3d\x20\x30\x20\x2d\x20\x31\x3b\x20\x69\x20\x3d\x20"
  "\x69\x20\x2b\x20\x31\x3b\x20\x7d\x0a\x20\x20\x20\x20\x65\x6c\x73\x65\x20\x7b\x20"
  "\x69\x66\x20\x28\x73\x5b\x69\x5d\x20\x3d\x3d\x20\x34\x33\x29\x20\x69\x20\x3d\x20"
  "\x69\x20\x2b\x20\x31\x3b\x20\x7d\x0a\x20\x20\x20\x20\x77\x68\x69\x6c\x65\x20\x28"
  "\x73\x5b\x69\x5d\x20\x3e\x3d\x20\x34\x38\x20\x26\x26\x20\x73\x5b\x69\x5d\x20\x3c"
  "\x3d\x20\x35\x37\x29\x20\x7b\x20\x76\x20\x3d\x20\x76\x20\x2a\x20\x31\x30\x2e\x30"
  "\x20\x2b\x20\x28\x64\x6f\x75\x62\x6c\x65\x29\x28\x73\x5b\x69\x5d\x20\x2d\x20\x34"
  "\x38\x29\x3b\x20\x69\x20\x3d\x20\x69\x20\x2b\x20\x31\x3b\x20\x61\x6e\x79\x20\x3d"
  "\x20\x31\x3b\x20\x7d\x0a\x20\x20\x20\x20\x69\x66\x20\x28\x73\x5b\x69\x5d\x20\x3d"
  "\x3d\x20\x34\x36\x29\x20\x7b\x0a\x20\x20\x20\x20\x20\x20\x20\x20\x69\x20\x3d\x20"
  "\x69\x20\x2b\x20\x31\x3b\x20\x66\x72\x61\x63\x20\x3d\x20\x30\x2e\x30\x3b\x20\x73"
  "\x63\x61\x6c\x65\x20\x3d\x20\x31\x2e\x30\x3b\x0a\x20\x20\x20\x20\x20\x20\x20\x20"
  "\x77\x68\x69\x6c\x65\x20\x28\x73\x5b\x69\x5d\x20\x3e\x3d\x20\x34\x38\x20\x26\x26"
  "\x20\x73\x5b\x69\x5d\x20\x3c\x3d\x20\x35\x37\x29\x20\x7b\x0a\x20\x20\x20\x20\x20"
  "\x20\x20\x20\x20\x20\x20\x20\x66\x72\x61\x63\x20\x3d\x20\x66\x72\x61\x63\x20\x2a"
  "\x20\x31\x30\x2e\x30\x20\x2b\x20\x28\x64\x6f\x75\x62\x6c\x65\x29\x28\x73\x5b\x69"
  "\x5d\x20\x2d\x20\x34\x38\x29\x3b\x20\x73\x63\x61\x6c\x65\x20\x3d\x20\x73\x63\x61"
  "\x6c\x65\x20\x2a\x20\x31\x30\x2e\x30\x3b\x0a\x20\x20\x20\x20\x20\x20\x20\x20\x20"
  "\x20\x20\x20\x69\x20\x3d\x20\x69\x20\x2b\x20\x31\x3b\x20\x61\x6e\x79\x20\x3d\x20"
  "\x31\x3b\x0a\x20\x20\x20\x20\x20\x20\x20\x20\x7d\x0a\x20\x20\x20\x20\x20\x20\x20"
  "\x20\x69\x66\x20\x28\x73\x63\x61\x6c\x65\x20\x3e\x20\x31\x2e\x30\x29\x20\x76\x20"
  "\x3d\x20\x76\x20\x2b\x20\x66\x72\x61\x63\x20\x2f\x20\x73\x63\x61\x6c\x65\x3b\x0a"
  "\x20\x20\x20\x20\x7d\x0a\x20\x20\x20\x20\x69\x66\x20\x28\x61\x6e\x79\x29\x20\x7b"
  "\x20\x69\x66\x20\x28\x73\x5b\x69\x5d\x20\x3d\x3d\x20\x31\x30\x31\x20\x7c\x7c\x20"
  "\x73\x5b\x69\x5d\x20\x3d\x3d\x20\x36\x39\x29\x20\x7b\x0a\x20\x20\x20\x20\x20\x20"
  "\x20\x20\x6c\x6f\x6e\x67\x20\x6a\x3b\x20\x6a\x20\x3d\x20\x69\x20\x2b\x20\x31\x3b"
  "\x20\x65\x73\x69\x67\x6e\x20\x3d\x20\x31\x3b\x0a\x20\x20\x20\x20\x20\x20\x20\x20"
  "\x69\x66\x20\x28\x73\x5b\x6a\x5d\x20\x3d\x3d\x20\x34\x35\x29\x20\x7b\x20\x65\x73"
  "\x69\x67\x6e\x20\x3d\x20\x30\x20\x2d\x20\x31\x3b\x20\x6a\x20\x3d\x20\x6a\x20\x2b"
  "\x20\x31\x3b\x20\x7d\x0a\x20\x20\x20\x20\x20\x20\x20\x20\x65\x6c\x73\x65\x20\x7b"
  "\x20\x69\x66\x20\x28\x73\x5b\x6a\x5d\x20\x3d\x3d\x20\x34\x33\x29\x20\x6a\x20\x3d"
  "\x20\x6a\x20\x2b\x20\x31\x3b\x20\x7d\x0a\x20\x20\x20\x20\x20\x20\x20\x20\x69\x66"
  "\x20\x28\x73\x5b\x6a\x5d\x20\x3e\x3d\x20\x34\x38\x20\x26\x26\x20\x73\x5b\x6a\x5d"
  "\x20\x3c\x3d\x20\x35\x37\x29\x20\x7b\x0a\x20\x20\x20\x20\x20\x20\x20\x20\x20\x20"
  "\x20\x20\x65\x20\x3d\x20\x30\x3b\x0a\x20\x20\x20\x20\x20\x20\x20\x20\x20\x20\x20"
  "\x20\x77\x68\x69\x6c\x65\x20\x28\x73\x5b\x6a\x5d\x20\x3e\x3d\x20\x34\x38\x20\x26"
  "\x26\x20\x73\x5b\x6a\x5d\x20\x3c\x3d\x20\x35\x37\x29\x20\x7b\x20\x65\x20\x3d\x20"
  "\x65\x20\x2a\x20\x31\x30\x20\x2b\x20\x28\x73\x5b\x6a\x5d\x20\x2d\x20\x34\x38\x29"
  "\x3b\x20\x6a\x20\x3d\x20\x6a\x20\x2b\x20\x31\x3b\x20\x7d\x0a\x20\x20\x20\x20\x20"
  "\x20\x20\x20\x20\x20\x20\x20\x69\x20\x3d\x20\x6a\x3b\x0a\x20\x20\x20\x20\x20\x20"
  "\x20\x20\x20\x20\x20\x20\x77\x68\x69\x6c\x65\x20\x28\x65\x20\x3e\x20\x30\x29\x20"
  "\x7b\x20\x69\x66\x20\x28\x65\x73\x69\x67\x6e\x20\x3e\x20\x30\x29\x20\x76\x20\x3d"
  "\x20\x76\x20\x2a\x20\x31\x30\x2e\x30\x3b\x20\x65\x6c\x73\x65\x20\x76\x20\x3d\x20"
  "\x76\x20\x2f\x20\x31\x30\x2e\x30\x3b\x20\x65\x20\x3d\x20\x65\x20\x2d\x20\x31\x3b"
  "\x20\x7d\x0a\x20\x20\x20\x20\x20\x20\x20\x20\x7d\x0a\x20\x20\x20\x20\x7d\x20\x7d"
  "\x0a\x20\x20\x20\x20\x69\x66\x20\x28\x65\x6e\x64\x29\x20\x2a\x65\x6e\x64\x20\x3d"
  "\x20\x28\x63\x68\x61\x72\x20\x2a\x29\x28\x73\x20\x2b\x20\x28\x61\x6e\x79\x20\x3f"
  "\x20\x69\x20\x3a\x20\x30\x29\x29\x3b\x0a\x20\x20\x20\x20\x72\x65\x74\x75\x72\x6e"
  "\x20\x76\x20\x2a\x20\x28\x64\x6f\x75\x62\x6c\x65\x29\x73\x69\x67\x6e\x3b\x0a\x7d"
  "\x0a\x73\x74\x61\x74\x69\x63\x20\x66\x6c\x6f\x61\x74\x20\x73\x74\x72\x74\x6f\x66"
  "\x28\x63\x6f\x6e\x73\x74\x20\x63\x68\x61\x72\x20\x2a\x73\x2c\x20\x63\x68\x61\x72"
  "\x20\x2a\x2a\x65\x6e\x64\x29\x20\x7b\x20\x72\x65\x74\x75\x72\x6e\x20\x28\x66\x6c"
  "\x6f\x61\x74\x29\x73\x74\x72\x74\x6f\x64\x28\x73\x2c\x20\x65\x6e\x64\x29\x3b\x20"
  "\x7d\x0a\x73\x74\x61\x74\x69\x63\x20\x64\x6f\x75\x62\x6c\x65\x20\x73\x74\x72\x74"
  "\x6f\x6c\x64\x28\x63\x6f\x6e\x73\x74\x20\x63\x68\x61\x72\x20\x2a\x73\x2c\x20\x63"
  "\x68\x61\x72\x20\x2a\x2a\x65\x6e\x64\x29\x20\x7b\x20\x72\x65\x74\x75\x72\x6e\x20"
  "\x73\x74\x72\x74\x6f\x64\x28\x73\x2c\x20\x65\x6e\x64\x29\x3b\x20\x7d\x0a\x73\x74"
  "\x61\x74\x69\x63\x20\x64\x6f\x75\x62\x6c\x65\x20\x61\x74\x6f\x66\x28\x63\x6f\x6e"
  "\x73\x74\x20\x63\x68\x61\x72\x20\x2a\x73\x29\x20\x7b\x20\x72\x65\x74\x75\x72\x6e"
  "\x20\x73\x74\x72\x74\x6f\x64\x28\x73\x2c\x20\x30\x29\x3b\x20\x7d\x0a\x0a\x73\x74"
  "\x61\x74\x69\x63\x20\x6c\x6f\x6e\x67\x20\x5f\x75\x6e\x69\x73\x61\x5f\x73\x65\x65"
  "\x64\x20\x3d\x20\x31\x3b\x0a\x73\x74\x61\x74\x69\x63\x20\x69\x6e\x74\x20\x72\x61"
  "\x6e\x64\x28\x76\x6f\x69\x64\x29\x20\x7b\x0a\x20\x20\x20\x20\x5f\x75\x6e\x69\x73"
  "\x61\x5f\x73\x65\x65\x64\x20\x3d\x20\x5f\x75\x6e\x69\x73\x61\x5f\x73\x65\x65\x64"
  "\x20\x2a\x20\x31\x31\x30\x33\x35\x31\x35\x32\x34\x35\x20\x2b\x20\x31\x32\x33\x34"
  "\x35\x3b\x0a\x20\x20\x20\x20\x72\x65\x74\x75\x72\x6e\x20\x28\x69\x6e\x74\x29\x28"
  "\x28\x5f\x75\x6e\x69\x73\x61\x5f\x73\x65\x65\x64\x20\x3e\x3e\x20\x31\x36\x29\x20"
  "\x26\x20\x33\x32\x37\x36\x37\x29\x3b\x0a\x7d\x0a\x73\x74\x61\x74\x69\x63\x20\x76"
  "\x6f\x69\x64\x20\x73\x72\x61\x6e\x64\x28\x69\x6e\x74\x20\x73\x29\x20\x7b\x20\x5f"
  "\x75\x6e\x69\x73\x61\x5f\x73\x65\x65\x64\x20\x3d\x20\x73\x3b\x20\x7d\x0a\x23\x65"
  "\x6e\x64\x69\x66\x0a";

char *HDR_11 =
  "\x2f\x2a\x20\x3c\x73\x74\x72\x69\x6e\x67\x2e\x68\x3e\x20\x66\x6f\x72\x20\x74\x68"
  "\x65\x20\x75\x6e\x69\x73\x61\x20\x43\x20\x73\x75\x62\x73\x65\x74\x3a\x20\x72\x65"
  "\x61\x6c\x20\x69\x6d\x70\x6c\x65\x6d\x65\x6e\x74\x61\x74\x69\x6f\x6e\x73\x2c\x20"
  "\x63\x6f\x6d\x70\x69\x6c\x65\x64\x20\x66\x72\x6f\x6d\x0a\x20\x2a\x20\x73\x6f\x75"
  "\x72\x63\x65\x2c\x20\x62\x65\x63\x61\x75\x73\x65\x20\x74\x68\x65\x72\x65\x20\x69"
  "\x73\x20\x6e\x6f\x20\x6c\x69\x6e\x6b\x65\x72\x20\x61\x6e\x64\x20\x6e\x6f\x74\x68"
  "\x69\x6e\x67\x20\x74\x6f\x20\x6c\x69\x6e\x6b\x20\x61\x67\x61\x69\x6e\x73\x74\x2e"
  "\x20\x20\x41\x20\x70\x72\x6f\x67\x72\x61\x6d\x0a\x20\x2a\x20\x74\x68\x61\x74\x20"
  "\x69\x6e\x63\x6c\x75\x64\x65\x73\x20\x74\x68\x69\x73\x20\x68\x65\x61\x64\x65\x72"
  "\x20\x63\x61\x72\x72\x69\x65\x73\x20\x74\x68\x65\x20\x66\x75\x6e\x63\x74\x69\x6f"
  "\x6e\x73\x20\x69\x74\x20\x75\x73\x65\x73\x20\x2d\x2d\x20\x61\x6e\x64\x2c\x20\x74"
  "\x6f\x64\x61\x79\x2c\x20\x74\x68\x65\x0a\x20\x2a\x20\x6f\x6e\x65\x73\x20\x69\x74"
  "\x20\x64\x6f\x65\x73\x20\x6e\x6f\x74\x2e\x20\x2a\x2f\x0a\x23\x69\x66\x6e\x64\x65"
  "\x66\x20\x5f\x55\x4e\x49\x53\x41\x5f\x53\x54\x52\x49\x4e\x47\x5f\x48\x0a\x23\x64"
  "\x65\x66\x69\x6e\x65\x20\x5f\x55\x4e\x49\x53\x41\x5f\x53\x54\x52\x49\x4e\x47\x5f"
  "\x48\x0a\x23\x69\x6e\x63\x6c\x75\x64\x65\x20\x3c\x73\x74\x64\x64\x65\x66\x2e\x68"
  "\x3e\x0a\x23\x64\x65\x66\x69\x6e\x65\x20\x4e\x55\x4c\x4c\x20\x30\x0a\x0a\x73\x74"
  "\x61\x74\x69\x63\x20\x6c\x6f\x6e\x67\x20\x73\x74\x72\x6c\x65\x6e\x28\x63\x6f\x6e"
  "\x73\x74\x20\x63\x68\x61\x72\x20\x2a\x73\x29\x20\x7b\x0a\x20\x20\x20\x20\x6c\x6f"
  "\x6e\x67\x20\x6e\x3b\x0a\x20\x20\x20\x20\x6e\x20\x3d\x20\x30\x3b\x0a\x20\x20\x20"
  "\x20\x77\x68\x69\x6c\x65\x20\x28\x73\x5b\x6e\x5d\x29\x20\x6e\x20\x3d\x20\x6e\x20"
  "\x2b\x20\x31\x3b\x0a\x20\x20\x20\x20\x72\x65\x74\x75\x72\x6e\x20\x6e\x3b\x0a\x7d"
  "\x0a\x0a\x73\x74\x61\x74\x69\x63\x20\x63\x68\x61\x72\x20\x2a\x73\x74\x72\x63\x70"
  "\x79\x28\x63\x68\x61\x72\x20\x2a\x64\x2c\x20\x63\x6f\x6e\x73\x74\x20\x63\x68\x61"
  "\x72\x20\x2a\x73\x29\x20\x7b\x0a\x20\x20\x20\x20\x6c\x6f\x6e\x67\x20\x69\x3b\x0a"
  "\x20\x20\x20\x20\x69\x20\x3d\x20\x30\x3b\x0a\x20\x20\x20\x20\x77\x68\x69\x6c\x65"
  "\x20\x28\x73\x5b\x69\x5d\x29\x20\x7b\x20\x64\x5b\x69\x5d\x20\x3d\x20\x73\x5b\x69"
  "\x5d\x3b\x20\x69\x20\x3d\x20\x69\x20\x2b\x20\x31\x3b\x20\x7d\x0a\x20\x20\x20\x20"
  "\x64\x5b\x69\x5d\x20\x3d\x20\x30\x3b\x0a\x20\x20\x20\x20\x72\x65\x74\x75\x72\x6e"
  "\x20\x64\x3b\x0a\x7d\x0a\x0a\x73\x74\x61\x74\x69\x63\x20\x63\x68\x61\x72\x20\x2a"
  "\x73\x74\x72\x6e\x63\x70\x79\x28\x63\x68\x61\x72\x20\x2a\x64\x2c\x20\x63\x6f\x6e"
  "\x73\x74\x20\x63\x68\x61\x72\x20\x2a\x73\x2c\x20\x6c\x6f\x6e\x67\x20\x6e\x29\x20"
  "\x7b\x0a\x20\x20\x20\x20\x6c\x6f\x6e\x67\x20\x69\x3b\x0a\x20\x20\x20\x20\x69\x20"
  "\x3d\x20\x30\x3b\x0a\x20\x20\x20\x20\x77\x68\x69\x6c\x65\x20\x28\x69\x20\x3c\x20"
  "\x6e\x29\x20\x7b\x20\x64\x5b\x69\x5d\x20\x3d\x20\x73\x5b\x69\x5d\x3b\x20\x69\x66"
  "\x20\x28\x73\x5b\x69\x5d\x20\x3d\x3d\x20\x30\x29\x20\x62\x72\x65\x61\x6b\x3b\x20"
  "\x69\x20\x3d\x20\x69\x20\x2b\x20\x31\x3b\x20\x7d\x0a\x20\x20\x20\x20\x77\x68\x69"
  "\x6c\x65\x20\x28\x69\x20\x3c\x20\x6e\x29\x20\x7b\x20\x64\x5b\x69\x5d\x20\x3d\x20"
  "\x30\x3b\x20\x69\x20\x3d\x20\x69\x20\x2b\x20\x31\x3b\x20\x7d\x0a\x20\x20\x20\x20"
  "\x72\x65\x74\x75\x72\x6e\x20\x64\x3b\x0a\x7d\x0a\x0a\x73\x74\x61\x74\x69\x63\x20"
  "\x63\x68\x61\x72\x20\x2a\x73\x74\x72\x63\x61\x74\x28\x63\x68\x61\x72\x20\x2a\x64"
  "\x2c\x20\x63\x6f\x6e\x73\x74\x20\x63\x68\x61\x72\x20\x2a\x73\x29\x20\x7b\x0a\x20"
  "\x20\x20\x20\x73\x74\x72\x63\x70\x79\x28\x64\x20\x2b\x20\x73\x74\x72\x6c\x65\x6e"
  "\x28\x64\x29\x2c\x20\x73\x29\x3b\x0a\x20\x20\x20\x20\x72\x65\x74\x75\x72\x6e\x20"
  "\x64\x3b\x0a\x7d\x0a\x0a\x73\x74\x61\x74\x69\x63\x20\x69\x6e\x74\x20\x73\x74\x72"
  "\x63\x6d\x70\x28\x63\x6f\x6e\x73\x74\x20\x63\x68\x61\x72\x20\x2a\x61\x2c\x20\x63"
  "\x6f\x6e\x73\x74\x20\x63\x68\x61\x72\x20\x2a\x62\x29\x20\x7b\x0a\x20\x20\x20\x20"
  "\x6c\x6f\x6e\x67\x20\x69\x3b\x0a\x20\x20\x20\x20\x69\x20\x3d\x20\x30\x3b\x0a\x20"
  "\x20\x20\x20\x77\x68\x69\x6c\x65\x20\x28\x61\x5b\x69\x5d\x29\x20\x7b\x20\x69\x66"
  "\x20\x28\x61\x5b\x69\x5d\x20\x21\x3d\x20\x62\x5b\x69\x5d\x29\x20\x62\x72\x65\x61"
  "\x6b\x3b\x20\x69\x20\x3d\x20\x69\x20\x2b\x20\x31\x3b\x20\x7d\x0a\x20\x20\x20\x20"
  "\x72\x65\x74\x75\x72\x6e\x20\x28\x61\x5b\x69\x5d\x20\x26\x20\x32\x35\x35\x29\x20"
  "\x2d\x20\x28\x62\x5b\x69\x5d\x20\x26\x20\x32\x35\x35\x29\x3b\x0a\x7d\x0a\x0a\x73"
  "\x74\x61\x74\x69\x63\x20\x69\x6e\x74\x20\x73\x74\x72\x6e\x63\x6d\x70\x28\x63\x6f"
  "\x6e\x73\x74\x20\x63\x68\x61\x72\x20\x2a\x61\x2c\x20\x63\x6f\x6e\x73\x74\x20\x63"
  "\x68\x61\x72\x20\x2a\x62\x2c\x20\x6c\x6f\x6e\x67\x20\x6e\x29\x20\x7b\x0a\x20\x20"
  "\x20\x20\x6c\x6f\x6e\x67\x20\x69\x3b\x0a\x20\x20\x20\x20\x69\x20\x3d\x20\x30\x3b"
  "\x0a\x20\x20\x20\x20\x77\x68\x69\x6c\x65\x20\x28\x69\x20\x3c\x20\x6e\x29\x20\x7b"
  "\x0a\x20\x20\x20\x20\x20\x20\x20\x20\x69\x66\x20\x28\x61\x5b\x69\x5d\x20\x21\x3d"
  "\x20\x62\x5b\x69\x5d\x29\x20\x72\x65\x74\x75\x72\x6e\x20\x28\x61\x5b\x69\x5d\x20"
  "\x26\x20\x32\x35\x35\x29\x20\x2d\x20\x28\x62\x5b\x69\x5d\x20\x26\x20\x32\x35\x35"
  "\x29\x3b\x0a\x20\x20\x20\x20\x20\x20\x20\x20\x69\x66\x20\x28\x61\x5b\x69\x5d\x20"
  "\x3d\x3d\x20\x30\x29\x20\x62\x72\x65\x61\x6b\x3b\x0a\x20\x20\x20\x20\x20\x20\x20"
  "\x20\x69\x20\x3d\x20\x69\x20\x2b\x20\x31\x3b\x0a\x20\x20\x20\x20\x7d\x0a\x20\x20"
  "\x20\x20\x72\x65\x74\x75\x72\x6e\x20\x30\x3b\x0a\x7d\x0a\x0a\x73\x74\x61\x74\x69"
  "\x63\x20\x63\x68\x61\x72\x20\x2a\x73\x74\x72\x63\x68\x72\x28\x63\x6f\x6e\x73\x74"
  "\x20\x63\x68\x61\x72\x20\x2a\x73\x2c\x20\x69\x6e\x74\x20\x63\x29\x20\x7b\x0a\x20"
  "\x20\x20\x20\x6c\x6f\x6e\x67\x20\x69\x3b\x0a\x20\x20\x20\x20\x69\x20\x3d\x20\x30"
  "\x3b\x0a\x20\x20\x20\x20\x77\x68\x69\x6c\x65\x20\x28\x31\x29\x20\x7b\x0a\x20\x20"
  "\x20\x20\x20\x20\x20\x20\x69\x66\x20\x28\x28\x73\x5b\x69\x5d\x20\x26\x20\x32\x35"
  "\x35\x29\x20\x3d\x3d\x20\x28\x63\x20\x26\x20\x32\x35\x35\x29\x29\x20\x72\x65\x74"
  "\x75\x72\x6e\x20\x28\x63\x68\x61\x72\x20\x2a\x29\x28\x73\x20\x2b\x20\x69\x29\x3b"
  "\x0a\x20\x20\x20\x20\x20\x20\x20\x20\x69\x66\x20\x28\x73\x5b\x69\x5d\x20\x3d\x3d"
  "\x20\x30\x29\x20\x72\x65\x74\x75\x72\x6e\x20\x4e\x55\x4c\x4c\x3b\x0a\x20\x20\x20"
  "\x20\x20\x20\x20\x20\x69\x20\x3d\x20\x69\x20\x2b\x20\x31\x3b\x0a\x20\x20\x20\x20"
  "\x7d\x0a\x7d\x0a\x0a\x73\x74\x61\x74\x69\x63\x20\x63\x68\x61\x72\x20\x2a\x73\x74"
  "\x72\x72\x63\x68\x72\x28\x63\x6f\x6e\x73\x74\x20\x63\x68\x61\x72\x20\x2a\x73\x2c"
  "\x20\x69\x6e\x74\x20\x63\x29\x20\x7b\x0a\x20\x20\x20\x20\x6c\x6f\x6e\x67\x20\x69"
  "\x3b\x0a\x20\x20\x20\x20\x63\x68\x61\x72\x20\x2a\x72\x3b\x0a\x20\x20\x20\x20\x69"
  "\x20\x3d\x20\x30\x3b\x20\x72\x20\x3d\x20\x4e\x55\x4c\x4c\x3b\x0a\x20\x20\x20\x20"
  "\x77\x68\x69\x6c\x65\x20\x28\x31\x29\x20\x7b\x0a\x20\x20\x20\x20\x20\x20\x20\x20"
  "\x69\x66\x20\x28\x28\x73\x5b\x69\x5d\x20\x26\x20\x32\x35\x35\x29\x20\x3d\x3d\x20"
  "\x28\x63\x20\x26\x20\x32\x35\x35\x29\x29\x20\x72\x20\x3d\x20\x28\x63\x68\x61\x72"
  "\x20\x2a\x29\x28\x73\x20\x2b\x20\x69\x29\x3b\x0a\x20\x20\x20\x20\x20\x20\x20\x20"
  "\x69\x66\x20\x28\x73\x5b\x69\x5d\x20\x3d\x3d\x20\x30\x29\x20\x72\x65\x74\x75\x72"
  "\x6e\x20\x72\x3b\x0a\x20\x20\x20\x20\x20\x20\x20\x20\x69\x20\x3d\x20\x69\x20\x2b"
  "\x20\x31\x3b\x0a\x20\x20\x20\x20\x7d\x0a\x7d\x0a\x0a\x73\x74\x61\x74\x69\x63\x20"
  "\x63\x68\x61\x72\x20\x2a\x73\x74\x72\x73\x74\x72\x28\x63\x6f\x6e\x73\x74\x20\x63"
  "\x68\x61\x72\x20\x2a\x68\x2c\x20\x63\x6f\x6e\x73\x74\x20\x63\x68\x61\x72\x20\x2a"
  "\x6e\x29\x20\x7b\x0a\x20\x20\x20\x20\x6c\x6f\x6e\x67\x20\x69\x3b\x20\x6c\x6f\x6e"
  "\x67\x20\x6a\x3b\x0a\x20\x20\x20\x20\x69\x20\x3d\x20\x30\x3b\x0a\x20\x20\x20\x20"
  "\x77\x68\x69\x6c\x65\x20\x28\x68\x5b\x69\x5d\x29\x20\x7b\x0a\x20\x20\x20\x20\x20"
  "\x20\x20\x20\x6a\x20\x3d\x20\x30\x3b\x0a\x20\x20\x20\x20\x20\x20\x20\x20\x77\x68"
  "\x69\x6c\x65\x20\x28\x6e\x5b\x6a\x5d\x29\x20\x7b\x20\x69\x66\x20\x28\x68\x5b\x69"
  "\x20\x2b\x20\x6a\x5d\x20\x21\x3d\x20\x6e\x5b\x6a\x5d\x29\x20\x62\x72\x65\x61\x6b"
  "\x3b\x20\x6a\x20\x3d\x20\x6a\x20\x2b\x20\x31\x3b\x20\x7d\x0a\x20\x20\x20\x20\x20"
  "\x20\x20\x20\x69\x66\x20\x28\x6e\x5b\x6a\x5d\x20\x3d\x3d\x20\x30\x29\x20\x72\x65"
  "\x74\x75\x72\x6e\x20\x28\x63\x68\x61\x72\x20\x2a\x29\x28\x68\x20\x2b\x20\x69\x29"
  "\x3b\x0a\x20\x20\x20\x20\x20\x20\x20\x20\x69\x20\x3d\x20\x69\x20\x2b\x20\x31\x3b"
  "\x0a\x20\x20\x20\x20\x7d\x0a\x20\x20\x20\x20\x72\x65\x74\x75\x72\x6e\x20\x4e\x55"
  "\x4c\x4c\x3b\x0a\x7d\x0a\x0a\x73\x74\x61\x74\x69\x63\x20\x76\x6f\x69\x64\x20\x2a"
  "\x6d\x65\x6d\x73\x65\x74\x28\x76\x6f\x69\x64\x20\x2a\x70\x2c\x20\x69\x6e\x74\x20"
  "\x63\x2c\x20\x6c\x6f\x6e\x67\x20\x6e\x29\x20\x7b\x0a\x20\x20\x20\x20\x63\x68\x61"
  "\x72\x20\x2a\x64\x3b\x20\x6c\x6f\x6e\x67\x20\x69\x3b\x0a\x20\x20\x20\x20\x64\x20"
  "\x3d\x20\x28\x63\x68\x61\x72\x20\x2a\x29\x70\x3b\x20\x69\x20\x3d\x20\x30\x3b\x0a"
  "\x20\x20\x20\x20\x77\x68\x69\x6c\x65\x20\x28\x69\x20\x3c\x20\x6e\x29\x20\x7b\x20"
  "\x64\x5b\x69\x5d\x20\x3d\x20\x63\x3b\x20\x69\x20\x3d\x20\x69\x20\x2b\x20\x31\x3b"
  "\x20\x7d\x0a\x20\x20\x20\x20\x72\x65\x74\x75\x72\x6e\x20\x70\x3b\x0a\x7d\x0a\x0a"
  "\x73\x74\x61\x74\x69\x63\x20\x76\x6f\x69\x64\x20\x2a\x6d\x65\x6d\x63\x70\x79\x28"
  "\x76\x6f\x69\x64\x20\x2a\x64\x73\x74\x2c\x20\x63\x6f\x6e\x73\x74\x20\x76\x6f\x69"
  "\x64\x20\x2a\x73\x72\x63\x2c\x20\x6c\x6f\x6e\x67\x20\x6e\x29\x20\x7b\x0a\x20\x20"
  "\x20\x20\x63\x68\x61\x72\x20\x2a\x64\x3b\x20\x63\x68\x61\x72\x20\x2a\x73\x3b\x20"
  "\x6c\x6f\x6e\x67\x20\x69\x3b\x0a\x20\x20\x20\x20\x64\x20\x3d\x20\x28\x63\x68\x61"
  "\x72\x20\x2a\x29\x64\x73\x74\x3b\x20\x73\x20\x3d\x20\x28\x63\x68\x61\x72\x20\x2a"
  "\x29\x73\x72\x63\x3b\x20\x69\x20\x3d\x20\x30\x3b\x0a\x20\x20\x20\x20\x77\x68\x69"
  "\x6c\x65\x20\x28\x69\x20\x3c\x20\x6e\x29\x20\x7b\x20\x64\x5b\x69\x5d\x20\x3d\x20"
  "\x73\x5b\x69\x5d\x3b\x20\x69\x20\x3d\x20\x69\x20\x2b\x20\x31\x3b\x20\x7d\x0a\x20"
  "\x20\x20\x20\x72\x65\x74\x75\x72\x6e\x20\x64\x73\x74\x3b\x0a\x7d\x0a\x0a\x73\x74"
  "\x61\x74\x69\x63\x20\x76\x6f\x69\x64\x20\x2a\x6d\x65\x6d\x6d\x6f\x76\x65\x28\x76"
  "\x6f\x69\x64\x20\x2a\x64\x73\x74\x2c\x20\x63\x6f\x6e\x73\x74\x20\x76\x6f\x69\x64"
  "\x20\x2a\x73\x72\x63\x2c\x20\x6c\x6f\x6e\x67\x20\x6e\x29\x20\x7b\x0a\x20\x20\x20"
  "\x20\x63\x68\x61\x72\x20\x2a\x64\x3b\x20\x63\x68\x61\x72\x20\x2a\x73\x3b\x20\x6c"
  "\x6f\x6e\x67\x20\x69\x3b\x0a\x20\x20\x20\x20\x64\x20\x3d\x20\x28\x63\x68\x61\x72"
  "\x20\x2a\x29\x64\x73\x74\x3b\x20\x73\x20\x3d\x20\x28\x63\x68\x61\x72\x20\x2a\x29"
  "\x73\x72\x63\x3b\x0a\x20\x20\x20\x20\x69\x66\x20\x28\x64\x20\x3c\x20\x73\x29\x20"
  "\x72\x65\x74\x75\x72\x6e\x20\x6d\x65\x6d\x63\x70\x79\x28\x64\x73\x74\x2c\x20\x73"
  "\x72\x63\x2c\x20\x6e\x29\x3b\x0a\x20\x20\x20\x20\x69\x20\x3d\x20\x6e\x3b\x0a\x20"
  "\x20\x20\x20\x77\x68\x69\x6c\x65\x20\x28\x69\x20\x3e\x20\x30\x29\x20\x7b\x20\x69"
  "\x20\x3d\x20\x69\x20\x2d\x20\x31\x3b\x20\x64\x5b\x69\x5d\x20\x3d\x20\x73\x5b\x69"
  "\x5d\x3b\x20\x7d\x0a\x20\x20\x20\x20\x72\x65\x74\x75\x72\x6e\x20\x64\x73\x74\x3b"
  "\x0a\x7d\x0a\x0a\x73\x74\x61\x74\x69\x63\x20\x69\x6e\x74\x20\x6d\x65\x6d\x63\x6d"
  "\x70\x28\x63\x6f\x6e\x73\x74\x20\x76\x6f\x69\x64\x20\x2a\x61\x2c\x20\x63\x6f\x6e"
  "\x73\x74\x20\x76\x6f\x69\x64\x20\x2a\x62\x2c\x20\x6c\x6f\x6e\x67\x20\x6e\x29\x20"
  "\x7b\x0a\x20\x20\x20\x20\x63\x68\x61\x72\x20\x2a\x78\x3b\x20\x63\x68\x61\x72\x20"
  "\x2a\x79\x3b\x20\x6c\x6f\x6e\x67\x20\x69\x3b\x0a\x20\x20\x20\x20\x78\x20\x3d\x20"
  "\x28\x63\x68\x61\x72\x20\x2a\x29\x61\x3b\x20\x79\x20\x3d\x20\x28\x63\x68\x61\x72"
  "\x20\x2a\x29\x62\x3b\x20\x69\x20\x3d\x20\x30\x3b\x0a\x20\x20\x20\x20\x77\x68\x69"
  "\x6c\x65\x20\x28\x69\x20\x3c\x20\x6e\x29\x20\x7b\x0a\x20\x20\x20\x20\x20\x20\x20"
  "\x20\x69\x66\x20\x28\x78\x5b\x69\x5d\x20\x21\x3d\x20\x79\x5b\x69\x5d\x29\x20\x72"
  "\x65\x74\x75\x72\x6e\x20\x28\x78\x5b\x69\x5d\x20\x26\x20\x32\x35\x35\x29\x20\x2d"
  "\x20\x28\x79\x5b\x69\x5d\x20\x26\x20\x32\x35\x35\x29\x3b\x0a\x20\x20\x20\x20\x20"
  "\x20\x20\x20\x69\x20\x3d\x20\x69\x20\x2b\x20\x31\x3b\x0a\x20\x20\x20\x20\x7d\x0a"
  "\x20\x20\x20\x20\x72\x65\x74\x75\x72\x6e\x20\x30\x3b\x0a\x7d\x0a\x23\x65\x6e\x64"
  "\x69\x66\x0a";

char *HDR_12 =
  "\x2f\x2a\x20\x77\x63\x68\x61\x72\x2e\x68\x20\x2d\x2d\x20\x65\x6e\x6f\x75\x67\x68"
  "\x20\x6f\x66\x20\x69\x74\x20\x66\x6f\x72\x20\x77\x69\x64\x65\x20\x73\x74\x72\x69"
  "\x6e\x67\x20\x6c\x69\x74\x65\x72\x61\x6c\x73\x2e\x0a\x20\x2a\x0a\x20\x2a\x20\x60"
  "\x77\x63\x68\x61\x72\x5f\x74\x60\x20\x69\x73\x20\x66\x6f\x75\x72\x20\x62\x79\x74"
  "\x65\x73\x20\x6f\x6e\x20\x65\x76\x65\x72\x79\x20\x74\x61\x72\x67\x65\x74\x20\x77"
  "\x65\x20\x65\x6d\x69\x74\x2e\x20\x20\x57\x69\x6e\x64\x6f\x77\x73\x27\x20\x6f\x77"
  "\x6e\x20\x69\x73\x20\x74\x77\x6f\x2c\x20\x62\x75\x74\x0a\x20\x2a\x20\x6e\x6f\x74"
  "\x68\x69\x6e\x67\x20\x68\x65\x72\x65\x20\x63\x61\x6c\x6c\x73\x20\x61\x20\x2d\x57"
  "\x20\x65\x6e\x74\x72\x79\x20\x70\x6f\x69\x6e\x74\x2c\x20\x61\x6e\x64\x20\x6f\x6e"
  "\x65\x20\x77\x69\x64\x74\x68\x20\x69\x73\x20\x77\x68\x61\x74\x20\x6b\x65\x65\x70"
  "\x73\x20\x61\x20\x77\x69\x64\x65\x0a\x20\x2a\x20\x6c\x69\x74\x65\x72\x61\x6c\x20"
  "\x74\x61\x72\x67\x65\x74\x2d\x69\x6e\x64\x65\x70\x65\x6e\x64\x65\x6e\x74\x3a\x20"
  "\x60\x2d\x2d\x66\x6f\x6c\x64\x60\x20\x63\x6f\x6d\x70\x61\x72\x65\x73\x20\x73\x69"
  "\x78\x20\x6c\x6f\x77\x65\x72\x69\x6e\x67\x73\x20\x6f\x66\x20\x4f\x4e\x45\x20\x74"
  "\x61\x70\x65\x2c\x0a\x20\x2a\x20\x73\x6f\x20\x61\x20\x6c\x69\x74\x65\x72\x61\x6c"
  "\x20\x77\x68\x6f\x73\x65\x20\x65\x6c\x65\x6d\x65\x6e\x74\x20\x73\x69\x7a\x65\x20"
  "\x64\x65\x70\x65\x6e\x64\x65\x64\x20\x6f\x6e\x20\x74\x68\x65\x20\x74\x61\x72\x67"
  "\x65\x74\x20\x77\x6f\x75\x6c\x64\x20\x62\x72\x65\x61\x6b\x20\x74\x68\x61\x74\x2e"
  "\x0a\x20\x2a\x2f\x0a\x23\x69\x66\x6e\x64\x65\x66\x20\x5f\x55\x4e\x49\x53\x41\x5f"
  "\x57\x43\x48\x41\x52\x5f\x48\x0a\x23\x64\x65\x66\x69\x6e\x65\x20\x5f\x55\x4e\x49"
  "\x53\x41\x5f\x57\x43\x48\x41\x52\x5f\x48\x0a\x0a\x23\x69\x66\x6e\x64\x65\x66\x20"
  "\x5f\x55\x4e\x49\x53\x41\x5f\x57\x43\x48\x41\x52\x5f\x54\x0a\x23\x64\x65\x66\x69"
  "\x6e\x65\x20\x5f\x55\x4e\x49\x53\x41\x5f\x57\x43\x48\x41\x52\x5f\x54\x0a\x74\x79"
  "\x70\x65\x64\x65\x66\x20\x69\x6e\x74\x20\x77\x63\x68\x61\x72\x5f\x74\x3b\x0a\x23"
  "\x65\x6e\x64\x69\x66\x0a\x0a\x23\x64\x65\x66\x69\x6e\x65\x20\x57\x45\x4f\x46\x20"
  "\x28\x30\x2d\x31\x29\x0a\x0a\x73\x74\x61\x74\x69\x63\x20\x6c\x6f\x6e\x67\x20\x77"
  "\x63\x73\x6c\x65\x6e\x28\x63\x6f\x6e\x73\x74\x20\x77\x63\x68\x61\x72\x5f\x74\x20"
  "\x2a\x73\x29\x20\x7b\x0a\x20\x20\x20\x20\x6c\x6f\x6e\x67\x20\x6e\x3b\x0a\x20\x20"
  "\x20\x20\x6e\x20\x3d\x20\x30\x3b\x0a\x20\x20\x20\x20\x77\x68\x69\x6c\x65\x20\x28"
  "\x73\x5b\x6e\x5d\x29\x20\x6e\x20\x3d\x20\x6e\x20\x2b\x20\x31\x3b\x0a\x20\x20\x20"
  "\x20\x72\x65\x74\x75\x72\x6e\x20\x6e\x3b\x0a\x7d\x0a\x0a\x23\x65\x6e\x64\x69\x66"
  "\x0a";

/* the i-th header's text */
char *hdr_text(int i) {
  if (i == 0) return HDR_0;
  if (i == 1) return HDR_1;
  if (i == 2) return HDR_2;
  if (i == 3) return HDR_3;
  if (i == 4) return HDR_4;
  if (i == 5) return HDR_5;
  if (i == 6) return HDR_6;
  if (i == 7) return HDR_7;
  if (i == 8) return HDR_8;
  if (i == 9) return HDR_9;
  if (i == 10) return HDR_10;
  if (i == 11) return HDR_11;
  if (i == 12) return HDR_12;
  return 0;
}

/* generated by `unisa emit-kernel` -- do not edit.
 * The decision layer as C: the integer kernel [K-5].  The model it
 * reads is the file included below.
 * No softmax, no libm, no malloc, no multiply, no float. */


/* the kernel -- the deploy kernel. [K-1] [K-2] [K-5]
 *
 * embed -> match -> add -> argmax.  No softmax, no libm, no malloc, and -- for
 * the constructed integer nets -- no multiply and no float either: a unit fires
 * when every one of its literal masks contains the key's value, and a firing
 * unit simply ADDS its W2 entries.
 *
 * Written in the same C subset unisa itself compiles, so `unisa run` and
 * `cc` must agree on its output.
 */
int getb(int i) { return MODEL[i] & 255; }

long mask64(int p) {
    long v; int k;
    v = 0;
    k = 7;
    while (k >= 0) { v = (v << 8) | getb(p + k); k = k - 1; }
    return v;
}

/* one decision: stage index s, key[] holds one value index per field */
int infer(int s, int *key, int head) {
    int m; int H; int off; int j; int f; int hit; int ne; int k;
    int p; int best; int bi; int u; int hh; int c; int w; int ncls;
    int any; int got; int wi; int mw; int q;
    long lit;
    m = STAGE_M[s]; H = STAGE_H[s]; off = STAGE_OFF[s]; mw = STAGE_MW[s];
    /* a key outside the table is never answered [P-2]: the net is only
       defined on the domain it was verified on.  -1 tells the caller. */
    f = 0;
    while (f < m) {
        if (key[f] < 0 || key[f] >= STAGE_VN[(s << 2) + f]) return 0 - 1;
        f = f + 1;
    }
    /* the masks are stored unit by unit, field by field, word by word --
       the order this loop visits them -- so one running offset reaches
       every one, and no index is multiplied out */
    q = off;
    j = 0;
    while (j < H) {
        hit = 1;
        f = 0;
        while (f < m) {
            /* MASKW u64 words per field: a vocabulary may exceed 64 values */
            any = 0; got = 0; wi = 0;
            while (wi < mw) {
                lit = mask64(q); q = q + 8;
                if (lit) any = 1;
                if (wi == (key[f] >> 6)) {
                    if ((lit >> (key[f] & 63)) & 1) got = 1;
                }
                wi = wi + 1;
            }
            if (any) { if (got == 0) hit = 0; }
            f = f + 1;
        }
        act[j] = hit;
        j = j + 1;
    }
    p = q;
    ne = getb(p) | (getb(p+1) << 8) | (getb(p+2) << 16) | (getb(p+3) << 24);
    p = p + 4;
    ncls = STAGE_NCLS[(s << 3) + (s << 2) + head];
    c = 0;
    while (c < ncls) { z[c] = 0; c = c + 1; }
    k = 0;
    while (k < ne) {
        u = getb(p) | (getb(p+1) << 8);
        hh = getb(p+2);
        c = getb(p+3) | (getb(p+4) << 8);
        w = getb(p+5) | (getb(p+6) << 8);
        if (hh == head) { if (act[u]) z[c] = z[c] + w; }
        p = p + 7;
        k = k + 1;
    }
    best = z[0]; bi = 0;
    c = 1;
    while (c < ncls) { if (z[c] > best) { best = z[c]; bi = c; } c = c + 1; }
    return bi;
}


/* unisacc -- the compiler itself, in the C subset it compiles.
 *
 * Every table decision goes through infer(), the same integer kernel and the
 * same model blob the Python driver uses.  Classic code (this file) walks; the
 * tables decide.  [T-1] [T-2]
 *
 * Stage 1: the lexer.  `unisacc -tokens f.c` prints the token stream.
 */

#define MAXSRC 1048576
#define MAXTOK 131072

char src[MAXSRC];
int nsrc;
int inf(int st, int *key, int head);

int tkind[MAXTOK];      /* index into TOKV */
int tpos[MAXTOK];       /* offset of the token text in src */
int tlen[MAXTOK];
int ntok;

char tbuf[256];

/* ---- vocabulary helpers: TOKV etc are NUL-separated packed strings ---- */
int vfind(char *v, int n, char *s, int slen) {
    int i; int p; int k; int ok;
    p = 0;
    i = 0;
    while (i < n) {
        k = 0;
        ok = 1;
        while (v[p + k]) {
            if (k >= slen) { ok = 0; }
            if (ok) { if (v[p + k] != s[k]) ok = 0; }
            k = k + 1;
        }
        if (ok) { if (k == slen) return i; }
        p = p + k + 1;
        i = i + 1;
    }
    return 0 - 1;
}

/* A vocabulary is a run of NUL-separated names, and `voff`/`vlen` used to
   walk it from the front on every call -- which the lexer does per token.
   A sampling profile of the self-compile found the strlen that inner loop
   compiles to at the top, so each vocabulary is indexed ONCE, on first
   use.  There are few enough of them to find by pointer. */
#define V_NLISTS 16
#define V_NIDX 1024
char *v_lists[V_NLISTS]; int v_idx[V_NLISTS * V_NIDX]; int v_n[V_NLISTS];
int v_nlists;

int v_slot(char *v) {
    int i; int p; int n;
    i = 0;
    while (i < v_nlists) { if (v_lists[i] == v) return i; i = i + 1; }
    if (v_nlists >= V_NLISTS) return 0 - 1;     /* fall back to the walk */
    i = v_nlists; v_nlists = v_nlists + 1;
    v_lists[i] = v;
    p = 0; n = 0;
    while (n < V_NIDX) {
        v_idx[i * V_NIDX + n] = p; n = n + 1;
        while (v[p]) p = p + 1;
        p = p + 1;
        if (v[p] == 0) break;
    }
    v_n[i] = n;
    return i;
}

int voff(char *v, int idx) {
    int s; int p; int i;
    s = v_slot(v);
    if (s >= 0 && idx >= 0 && idx < v_n[s]) return v_idx[s * V_NIDX + idx];
    p = 0; i = 0;
    while (i < idx) { while (v[p]) p = p + 1; p = p + 1; i = i + 1; }
    return p;
}

int vlen(char *v, int idx) {
    int p; int k;
    p = voff(v, idx);
    k = 0;
    while (v[p + k]) k = k + 1;
    return k;
}

/* ---- character predicates (needed by both pp and lex) ---------------- */
int isal(int c) {
    if (c >= 97) { if (c <= 122) return 1; }
    if (c >= 65) { if (c <= 90) return 1; }
    if (c == 95) return 1;
    return 0;
}
int isdi(int c) { if (c >= 48) { if (c <= 57) return 1; } return 0; }

/* ---- the preprocessor: the pp table decides every directive [W-1] ----- */
#define MAXMAC 2048
/* A macro lives from its #define to its #undef, and a redefinition replaces
   it from THAT point on (C99 6.10.3.5).  This preprocessor used to process
   every directive first and expand the text with the FINAL table
   afterwards -- `#define V 1`, `a = V`, `#undef V`, `#define V 2`, `b = V`
   gave a = b = 2 -- and #undef did nothing at all.  Now every directive
   that changes the table opens a new SEGMENT of the source, each entry
   knows the segments it is live in, [macfrom, macto), and expansion
   resolves a name in the segment of the text it is expanding.  A
   redefinition is a new entry; the old one is closed, not overwritten. */
#define SEGINF 1000000000
#define MAXSEG 65536
#define MACPOOL 131072
#define MAXMPARAM 12
char macname[MAXMAC * 32];
int macval[MAXMAC];      /* the numeric value, when the body is one number */
int machas[MAXMAC];      /* ...and whether it was */
/* The replacement list, as TEXT.  A numeric value is enough for `#if`, and
   for nothing else: `#define STR "x"` and `#define MAX(a,b) ...` are most of
   what real C does with the preprocessor. */
char macpool[MACPOOL]; int nmacpool;
int macboff[MAXMAC]; int macblen[MAXMAC];
int macfn[MAXMAC];       /* 1 when the name was followed by `(` with no space */
int macvar[MAXMAC];      /* 1 when the last parameter is `...` */
int macnp[MAXMAC];
int macpoff[MAXMAC * MAXMPARAM]; int macplen[MAXMAC * MAXMPARAM];
int nmac;
int macfrom[MAXMAC]; int macto[MAXMAC];   /* live in segments [from, to) */
int macprev[MAXMAC];     /* the previous entry with the same name, or -1 */
int curseg;              /* the table's segment while preprocessing */
int segpos[MAXSEG]; int nsegpos;   /* segment k+1 starts at segpos[k] */
int pp_seg = 0 - 1;      /* -1: resolve against the table as it stands now
                            (while preprocessing, and after); otherwise the
                            segment of the text being expanded */
int srcseg[MAXSRC];      /* the segment of each byte of src */
int eseg;                /* the segment of what eput is writing */
/* #pragma push_macro / pop_macro: the saved entry (or -1) per push */
#define MAXPUSH 256
char pushname[MAXPUSH * 32]; int pushent[MAXPUSH]; int npush;

int mfindt(int t);
/* Every identifier in the source is looked up here -- that is what the
   preprocessor DOES -- and the table holds hundreds of macros once the
   headers are in, so the linear scan was the front end's hottest loop on
   a sampling profile of the self-compile.
   An open-addressed index over the same table: the answer is the same
   entry, found without walking.  `mh_n` tracks how many entries the index
   has seen, so a table that grew (or was reset) is re-indexed rather than
   answered from a stale index. */
#define MACH 8192
int mac_h[MACH]; int mh_n = 0 - 1;

int mac_hash(char *s, int n) {
    int i; int h;
    h = n * 131;
    i = 0;
    while (i < n) { h = h * 31 + (s[i] & 255); i = i + 1; }
    h = h & (MACH - 1);
    if (h < 0) h = 0 - h;
    return h;
}

int mac_is(int i, char *s, int n) {     /* is entry i the name s[0..n)? */
    int k;
    k = 0;
    while (macname[i * 32 + k]) {
        if (k >= n) return 0;
        if (macname[i * 32 + k] != s[k]) return 0;
        k = k + 1;
    }
    return k == n;
}

int mac_reindex(void) {
    int i; int h;
    i = 0; while (i < MACH) { mac_h[i] = 0; i = i + 1; }
    i = 0;
    while (i < nmac) {
        { int L; L = 0; while (macname[i * 32 + L]) L = L + 1;
          h = mac_hash(macname + i * 32, L);
          /* a later entry of the same name takes the slot: the index
             holds the NEWEST, and macprev reaches the older ones */
          while (mac_h[h]) {
              if (mac_is(mac_h[h] - 1, macname + i * 32, L)) break;
              h = (h + 1) & (MACH - 1);
          } }
        mac_h[h] = i + 1;
        i = i + 1;
    }
    mh_n = nmac;
    return 0;
}

/* The newest entry spelled s[0..n), live or not, or -1. */
int mac_newest(char *s, int n) {
    int h;
    if (mh_n != nmac) mac_reindex();
    h = mac_hash(s, n);
    while (mac_h[h]) {
        if (mac_is(mac_h[h] - 1, s, n)) return mac_h[h] - 1;
        h = (h + 1) & (MACH - 1);
    }
    return 0 - 1;
}

int mfind(char *s, int n) {
    int m;
    m = mac_newest(s, n);
    if (pp_seg < 0) {                   /* now: only the newest can be live */
        if (m >= 0) { if (macto[m] < SEGINF) return 0 - 1; }
        return m;
    }
    while (m >= 0) {                    /* the entry live in pp_seg */
        if (macfrom[m] <= pp_seg && pp_seg < macto[m]) return m;
        m = macprev[m];
    }
    return 0 - 1;
}

int mdef(char *s, int n, int v, int has) {
    int k; int old;
    old = mac_newest(s, n);
    if (nmac >= MAXMAC) { __write(2, "too many macro definitions\n", 27); __exit(1); }
    /* the live definition ends where this one begins */
    if (old >= 0) { if (macto[old] >= SEGINF) macto[old] = curseg; }
    macfrom[nmac] = curseg; macto[nmac] = SEGINF; macprev[nmac] = old;
    k = 0;
    while (k < n) { if (k < 31) macname[nmac * 32 + k] = s[k]; k = k + 1; }
    if (n < 32) macname[nmac * 32 + n] = 0;
    macval[nmac] = v; machas[nmac] = has;
    macboff[nmac] = 0; macblen[nmac] = 0; macfn[nmac] = 0; macnp[nmac] = 0;
    macvar[nmac] = 0;
    nmac = nmac + 1;
    return 0;
}

/* Copy a C string into the macro pool and return its offset. */
int macstashs(char *t, int n) {
    int off; int k;
    off = nmacpool; k = 0;
    while (k < n) {
        if (nmacpool >= MACPOOL) { __write(2, "macro pool full\n", 16); __exit(1); }
        macpool[nmacpool] = t[k]; nmacpool = nmacpool + 1;
        k = k + 1;
    }
    return off;
}

/* Copy a stretch of source into the macro pool and return its offset. */
int macstash(int from, int to) {
    int off; int k;
    off = nmacpool;
    k = from;
    while (k < to) {
        if (nmacpool >= MACPOOL) { __write(2, "macro pool full\n", 16); __exit(1); }
        macpool[nmacpool] = src[k]; nmacpool = nmacpool + 1;
        k = k + 1;
    }
    return off;
}


/* ---- #if: a real integer constant expression ------------------------- */
int wsat(int i);
int ppp;             /* cursor into src, while an #if is being evaluated */
int ppe;             /* one past the directive's last character */

int ppcond(void);

void ppws(void) { while (ppp < ppe) { if (wsat(ppp) == 0) break; ppp = ppp + 1; } }

int pplit(char *w, int n) {          /* does the cursor sit on this word? */
    int k;
    if (ppp + n > ppe) return 0;
    k = 0;
    while (k < n) { if ((src[ppp + k] & 255) != (w[k] & 255)) return 0; k = k + 1; }
    if (ppp + n < ppe) { if (isal(src[ppp + n] & 255)) return 0;
                         if (isdi(src[ppp + n] & 255)) return 0; }
    return 1;
}

int ppop(char *w, int n) {           /* consume this operator if it is here */
    int k;
    ppws();
    if (ppp + n > ppe) return 0;
    k = 0;
    while (k < n) { if ((src[ppp + k] & 255) != (w[k] & 255)) return 0; k = k + 1; }
    ppp = ppp + n;
    return 1;
}

int ppnum(void) {                    /* a decimal, hex or octal constant */
    int v; int c; int base;
    v = 0; base = 10;
    if (src[ppp] == 48) {
        if (ppp + 1 < ppe) { c = src[ppp + 1] & 255;
            if (c == 120 | c == 88) { base = 16; ppp = ppp + 2; }
            else { base = 8; ppp = ppp + 1; } }
        else ppp = ppp + 1;
    }
    while (ppp < ppe) {
        c = src[ppp] & 255;
        if (isdi(c)) { if (c - 48 >= base) break; v = v * base + (c - 48); }
        else { if (base == 16) {
                   if (c >= 97) { if (c <= 102) { v = v * 16 + (c - 87); }
                                  else break; }
                   else { if (c >= 65) { if (c <= 70) { v = v * 16 + (c - 55); }
                                         else break; }
                          else break; } }
               else break; }
        ppp = ppp + 1;
    }
    while (ppp < ppe) { c = src[ppp] & 255;
        if (c == 117 | c == 85 | c == 108 | c == 76) ppp = ppp + 1; else break; }
    return v;
}

int ppprim(void) {
    int v; int ns; int ne2; int m; int paren;
    ppws();
    if (ppp >= ppe) return 0;
    if (ppop("!", 1)) { if (ppprim()) return 0; return 1; }
    if (ppop("~", 1)) return 0 - ppprim() - 1;
    if (ppop("-", 1)) return 0 - ppprim();
    if (ppop("+", 1)) return ppprim();
    if (ppop("(", 1)) { v = ppcond(); ppop(")", 1); return v; }
    if (isdi(src[ppp] & 255)) return ppnum();
    if (src[ppp] == 39) {                        /* a character constant */
        ppp = ppp + 1;
        v = src[ppp] & 255;
        if (v == 92) { ppp = ppp + 1; v = src[ppp] & 255;
                       if (v == 110) v = 10; if (v == 116) v = 9;
                       if (v == 48) v = 0; if (v == 114) v = 13; }
        ppp = ppp + 1;
        if (src[ppp] == 39) ppp = ppp + 1;
        return v;
    }
    if (pplit("defined", 7)) {
        ppp = ppp + 7;
        ppws();
        paren = 0;
        if (ppop("(", 1)) paren = 1;
        ppws();
        ns = ppp;
        while (ppp < ppe) { if (isal(src[ppp] & 255) == 0) {
                                if (isdi(src[ppp] & 255) == 0) break; }
                            ppp = ppp + 1; }
        ne2 = ppp;
        if (paren) ppop(")", 1);
        if (mfind(src + ns, ne2 - ns) >= 0) return 1;
        return 0;
    }
    if (isal(src[ppp] & 255)) {
        ns = ppp;
        while (ppp < ppe) { if (isal(src[ppp] & 255) == 0) {
                                if (isdi(src[ppp] & 255) == 0) break; }
                            ppp = ppp + 1; }
        m = mfind(src + ns, ppp - ns);
        if (m >= 0) { if (machas[m]) return macval[m]; }
        return 0;                                /* C99 6.10.1: unknown is 0 */
    }
    ppp = ppp + 1;
    return 0;
}

int ppmul(void) {
    int v; int r;
    v = ppprim();
    while (1) {
        ppws();
        if (ppop("*", 1)) { v = v * ppprim(); }
        else { if (ppop("/", 1)) { r = ppprim(); if (r) v = v / r; else v = 0; }
        else { if (ppop("%", 1)) { r = ppprim(); if (r) v = v % r; else v = 0; }
        else break; } }
    }
    return v;
}

int ppadd(void) {
    int v;
    v = ppmul();
    while (1) {
        ppws();
        if (ppop("+", 1)) v = v + ppmul();
        else { if (ppop("-", 1)) v = v - ppmul(); else break; }
    }
    return v;
}

int ppshift(void) {
    int v;
    v = ppadd();
    while (1) {
        ppws();
        if (ppop("<<", 2)) v = v << ppadd();
        else { if (ppop(">>", 2)) v = v >> ppadd(); else break; }
    }
    return v;
}

int pprel(void) {
    int v;
    v = ppshift();
    while (1) {
        ppws();
        if (ppop("<=", 2)) { if (v <= ppshift()) v = 1; else v = 0; }
        else { if (ppop(">=", 2)) { if (v >= ppshift()) v = 1; else v = 0; }
        else { if (ppop("<", 1)) { if (v < ppshift()) v = 1; else v = 0; }
        else { if (ppop(">", 1)) { if (v > ppshift()) v = 1; else v = 0; }
        else break; } } }
    }
    return v;
}

int ppeq(void) {
    int v;
    v = pprel();
    while (1) {
        ppws();
        if (ppop("==", 2)) { if (v == pprel()) v = 1; else v = 0; }
        else { if (ppop("!=", 2)) { if (v != pprel()) v = 1; else v = 0; }
        else break; }
    }
    return v;
}

int ppband(void) {
    int v;
    v = ppeq();
    while (1) { ppws();
        if (ppp + 1 < ppe) { if (src[ppp] == 38) { if (src[ppp+1] == 38) break; } }
        if (ppop("&", 1)) v = v & ppeq(); else break; }
    return v;
}

int ppbxor(void) {
    int v;
    v = ppband();
    while (1) { ppws(); if (ppop("^", 1)) v = v ^ ppband(); else break; }
    return v;
}

int ppbor(void) {
    int v;
    v = ppbxor();
    while (1) { ppws();
        if (ppp + 1 < ppe) { if (src[ppp] == 124) { if (src[ppp+1] == 124) break; } }
        if (ppop("|", 1)) v = v | ppbxor(); else break; }
    return v;
}

int ppland(void) {
    int v; int r;
    v = ppbor();
    while (1) { ppws(); if (ppop("&&", 2)) { r = ppbor();
                    if (v) { if (r) v = 1; else v = 0; } else v = 0; }
                else break; }
    return v;
}

int pplor(void) {
    int v; int r;
    v = ppland();
    while (1) { ppws(); if (ppop("||", 2)) { r = ppland();
                    if (v) v = 1; else { if (r) v = 1; else v = 0; } }
                else break; }
    return v;
}

int ppcond(void) {
    int v; int a; int b;
    v = pplor();
    ppws();
    if (ppop("?", 1)) {
        a = ppcond();
        ppop(":", 1);
        b = ppcond();
        if (v) return a;
        return b;
    }
    return v;
}

int ppeval(int from, int to) {
    ppp = from; ppe = to;
    if (ppcond()) return 1;
    return 0;
}

int takest[64];      /* per nesting level: are we taking? */
int seenst[64];      /* has a branch already been taken? */
int ndepth;

int wsat(int i) { if (src[i] == 32) return 1; if (src[i] == 9) return 1; return 0; }

/* Rewrite src in place: directives and skipped lines become blanks, so
 * positions and line numbers survive. */
/* ---- #include ---------------------------------------------------------
   The file is spliced IN PLACE of the directive and the scan resumes at the
   splice point, so a header's own directives -- its include guard first of
   all -- are processed by the same loop with the same macro state.  `"x"` is
   looked up beside the input file, then in include/; `<x>` in include/ only.
   A header we do not carry is skipped, as the Python driver skips it. */
/* Open for reading.  Windows has no open(2): the gate there is CreateFileA,
   which takes an access mask and a disposition -- <stdio.h>'s fopen makes
   the same choice.  _WIN32 is predefined when unisacc is built FOR Windows. */
int wopen(char *path) {              /* create/truncate, for -o */
#ifdef _WIN32
    return __open(path, 0x40000000, 2);   /* GENERIC_WRITE, CREATE_ALWAYS */
#else
#ifdef __linux__
    return __open(path, 1 | 64 | 512, 493);    /* WRONLY|CREAT|TRUNC, 0755 */
#else
    return __open(path, 1 | 512 | 1024, 493);
#endif
#endif
}

int ropen(char *path) {
#ifdef _WIN32
    return __open(path, 0x80000000, 3);      /* GENERIC_READ, OPEN_EXISTING */
#else
    return __open(path, 0);
#endif
}

/* tcc-style options the driver fills in before calling fe_tape [S-11]:
   `-I dir` is searched before the built-in headers, `-D NAME[=n]` is
   predefined like any other macro. */
char *optinc; int noptd; char *optd[16];

/* ---- where a byte came from, so an error can say file:line:col --------
   The buffer the parser sees is not the file the user wrote: continuation
   lines are joined (fewer lines) and every `#include` is replaced by the
   header's text (many more).  Two small tables record exactly that, and
   `err_at` walks them backwards.  Macro expansion rewrites in place and
   never adds or removes a newline, so it does not enter into it. [S-12] */
#define MAXIREG 512
long ireg_ln[MAXIREG];    /* the line the header's text starts on */
long ireg_nl[MAXIREG];    /* how many lines it is */
int ireg_nm[MAXIREG];     /* its name, as an offset into `fnpool` */
int nireg;
#define MAXSPL 4096
long spl_at[MAXSPL]; int nspl;   /* joined continuation lines */
char fnpool[8192]; int nfnpool;
char incname[64];                 /* the header being spliced, for the table */
int nautoinc;                     /* `#include` lines WE put at the top */
char *srcpath;                    /* the file being compiled, for `"x.h"` */
char optincdir[512]; int optincdl; /* -I, normalised with a trailing slash */

#define MAXINC 131072
char incbuf[MAXINC];
char incpath[512];
int nincl;

/* The headers we carry: `#include <stdio.h>` has to work when the compiler
   is a single file somewhere else entirely, with no include/ to read.  The
   filesystem still wins when it has the header, so editing include/ during
   development takes effect straight away. [S-11] */
int hdr_find(int nm, int nl) {
    int i; int p; int k; int ok;
    i = 0;
    while (i < NHDR) {
        p = voff(HDR_NAMES, i);
        ok = 1; k = 0;
        while (k < nl) {
            if (HDR_NAMES[p + k] != src[nm + k]) { ok = 0; break; }
            k = k + 1;
        }
        if (ok) { if (HDR_NAMES[p + nl] == 0) return i; }
        i = i + 1;
    }
    return 0 - 1;
}

int hdr_read(int nm, int nl) {       /* -> bytes in incbuf, or -1 */
    int i; char *t; int n;
    i = hdr_find(nm, nl);
    if (i < 0) return 0 - 1;
    t = hdr_text(i);
    n = 0;
    while (t[n]) { if (n < MAXINC) incbuf[n] = t[n]; n = n + 1; }
    if (n >= MAXINC) { __write(2, "header too large\n", 17); __exit(1); }
    return n;
}

int inctry(char *dir, int dl, int nm, int nl) {
    int k; int p; int fd; int n; int j; int grow;
    p = 0; k = 0;
    while (k < dl) { if (p < 500) { incpath[p] = dir[k]; p = p + 1; } k = k + 1; }
    k = 0;
    while (k < nl) { if (p < 510) { incpath[p] = src[nm + k]; p = p + 1; } k = k + 1; }
    incpath[p] = 0;
    fd = ropen(incpath);
    if (fd < 0) return 0 - 1;
    n = __read(fd, incbuf, MAXINC);
    __close(fd);
    if (n < 0) return 0 - 1;
    return n;
}

/* Replace src[ls..le) with the included text.  Returns 1 if it did. */
int incdo(int ls, int le, int from) {
    int j; int q; int nm; int nl; int n; int k; int dl; int grow; char *a;
    j = from;
    while (j < le) { if (wsat(j) == 0) break; j = j + 1; }
    q = src[j] & 255;
    if (q != 34) { if (q != 60) return 0; }
    j = j + 1; nm = j;
    while (j < le) {
        if (q == 34) { if ((src[j] & 255) == 34) break; }
        else { if ((src[j] & 255) == 62) break; }
        j = j + 1;
    }
    nl = j - nm;
    if (nincl > 200) return 0;               /* a header that includes itself */
    {   int q2;                              /* the name, before the shift */
        incname[0] = 0; q2 = 0;
        while (q2 < nl && q2 < 62) { incname[q2] = src[nm + q2]; q2 = q2 + 1; }
        incname[q2] = 0;
    }
    n = 0 - 1;
    if (q == 34) {
        a = srcpath;
        dl = 0; k = 0;
        while (a[k]) { if (a[k] == 47) dl = k + 1; k = k + 1; }
        n = inctry(a, dl, nm, nl);
    }
    if (n < 0) { if (optincdl) n = inctry(optincdir, optincdl, nm, nl); }
    if (n < 0) n = inctry("include/", 8, nm, nl);
    if (n < 0) n = hdr_read(nm, nl);     /* the copy we carry [S-11] */
    if (n < 0) return 0;
    grow = n + 1 - (le - ls);
    if (nsrc + grow >= MAXSRC) { __write(2, "source too large\n", 17); __exit(1); }
    /* shift the tail, then drop the file in, plus a newline of its own */
    if (grow > 0) {
        k = nsrc - 1;
        while (k >= le) { src[k + grow] = src[k]; k = k - 1; }
    } else {
        k = le;
        while (k < nsrc) { src[k + grow] = src[k]; k = k + 1; }
    }
    k = 0;
    while (k < n) { src[ls + k] = incbuf[k]; k = k + 1; }
    src[ls + n] = 10;
    nsrc = nsrc + grow;
    nincl = nincl + 1;
    /* remember the swap, so a position inside the header can name it and a
       position after it can be counted back to the user's own line [S-12].
       Includes are spliced left to right, and a nested one lands INSIDE the
       region just recorded, so the table stays in order. */
    if (nireg < MAXIREG) {
        long c2; long ln;
        ln = 1; c2 = 0;
        while (c2 < ls) { if (src[c2] == 10) ln = ln + 1; c2 = c2 + 1; }
        ireg_ln[nireg] = ln;
        ireg_nl[nireg] = 1; c2 = 0;
        while (c2 < n) { if (incbuf[c2] == 10) ireg_nl[nireg] = ireg_nl[nireg] + 1; c2 = c2 + 1; }
        ireg_nm[nireg] = nfnpool;
        q = 0;
        while (incname[q] && nfnpool < 8000) { fnpool[nfnpool] = incname[q]; nfnpool = nfnpool + 1; q = q + 1; }
        fnpool[nfnpool] = 0; nfnpool = nfnpool + 1;
        nireg = nireg + 1;
    }
    return 1;
}

int splice(void);
int decomment(void);

/* ---- diagnostics ------------------------------------------------------
   `file:line:col: error: ...`, then the line, then a caret -- the shape
   every C programmer already reads.  The position walks back through the
   include swaps (§ the tables above); the line printed is the one the
   PARSER saw, which differs from the file only where a macro expanded. */
int blen(char *s);

int ec2(int c) { char b[1]; b[0] = c; __write(2, b, 1); return 0; }

int en2(long v) {                      /* a number, to stderr */
    char b[24]; int n; int k;
    if (v == 0) { ec2(48); return 0; }
    n = 0;
    while (v > 0 && n < 23) { b[n] = 48 + v % 10; v = v / 10; n = n + 1; }
    k = n - 1;
    while (k >= 0) { ec2(b[k] & 255); k = k - 1; }
    return 0;
}

int err_line(long p) {                 /* print the line containing p */
    long a; long b;
    a = p;
    while (a > 0 && src[a - 1] != 10) a = a - 1;
    b = p;
    while (b < nsrc && src[b] != 10) b = b + 1;
    __write(2, "  ", 2);
    __write(2, src + a, b - a);
    __write(2, "\n  ", 3);
    a = a;
    while (a < p) { __write(2, src[a] == 9 ? "\t" : " ", 1); a = a + 1; }
    __write(2, "^\n", 2);
    return 0;
}

int err_at(long p, char *msg) {
    long q; long line; long col; int i; int inside; char *fname;
    if (p < 0) p = 0;
    if (p > nsrc) p = nsrc;
    /* the line and column IN THE BUFFER -- macro expansion rewrites a line
       but never adds or removes one, so the line survives it */
    line = 1; col = 1; q = 0;
    while (q < p) {
        if (src[q] == 10) { line = line + 1; col = 1; } else col = col + 1;
        q = q + 1;
    }
    /* Undo the header splices, innermost first.  A region spans the lines
       [ln, ln + nl]: `nl` lines of header text, and then the blank left
       where the `#include` line's own newline still is.  So a line after it
       sits `nl` lines further down than it does in the file. */
    inside = 0 - 1;
    i = nireg - 1;
    while (i >= 0) {
        if (line > ireg_ln[i] + ireg_nl[i]) line = line - ireg_nl[i];
        else { if (line >= ireg_ln[i]) { inside = i; line = line - ireg_ln[i] + 1; break; } }
        i = i - 1;
    }
    fname = inside >= 0 ? fnpool + ireg_nm[inside] : srcpath;
    if (inside < 0) {
        line = line - nautoinc;   /* the headers we added on the user's behalf */
        /* each joined continuation line is a line the file has that this
           buffer does not */
        i = 0;
        while (i < nspl) { if (spl_at[i] < p) line = line + 1; i = i + 1; }
    }
    __write(2, fname, blen(fname));
    ec2(58); en2(line); ec2(58); en2(col);
    __write(2, ": error: ", 9);
    __write(2, msg, blen(msg));
    ec2(10);
    err_line(p);
    return 0;
}

int err_tok(int t, char *msg) {        /* ...at a token */
    if (t < 0 || t >= ntok) { err_at(nsrc, msg); __exit(1); }
    err_at(tpos[t], msg);
    __exit(1);
    return 0;
}

/* The target's predefined macros, the same set unisa/front/pp.py gives:
   `#ifdef __linux__` in <stdio.h> picks the O_* bits, `#ifdef _WIN32` the
   Win32 file calls, so a tape is compiled FOR an OS.  `-b os/arch` and
   `-t os/arch` name it; a bare tape is lnx/x86_64, as it is on the Python
   side and as the VM reads it. */
char *tgt;
int mdefb(char *s, int n, char *body, int bl, long v) {
    int i;
    mdef(s, n, v, 1);
    i = mfind(s, n);
    if (i < 0) return 0;
    macboff[i] = macstashs(body, bl); macblen[i] = bl;
    return 0;
}

/* `-D NAME` and the target's own macros: defined as 1, and they expand to
   "1" as well -- a macro with a value but no body expands to NOTHING, which
   turns `printf("%d", LEVEL)` into `printf("%d", )`. */
int mdef1(char *s) { int n; n = 0; while (s[n]) n = n + 1; return mdefb(s, n, "1", 1, 1); }

int blen(char *s) { int n; n = 0; while (s[n]) n = n + 1; return n; }
int predef(void) {
    char *t; int i;
    /* -D NAME or -D NAME=<integer> */
    i = 0;
    while (i < noptd) {
        char *a; int n; long v;
        a = optd[i]; n = 0; v = 1;
        while (a[n] && a[n] != 61) n = n + 1;      /* '=' */
        if (a[n] == 61) {
            int k; int neg;
            k = n + 1; neg = 0; v = 0;
            if (a[k] == 45) { neg = 1; k = k + 1; }
            while (a[k] >= 48 && a[k] <= 57) { v = v * 10 + (a[k] - 48); k = k + 1; }
            if (neg) v = 0 - v;
            mdefb(a, n, a + n + 1, blen(a + n + 1), v);
        } else mdefb(a, n, "1", 1, 1);
        i = i + 1;
    }
    t = tgt;
    if (t[0] == 108) { mdef1("__linux__"); mdef1("__unix__"); mdef1("__ELF__"); }
    if (t[0] == 111) { mdef1("__APPLE__"); mdef1("__MACH__"); mdef1("__unix__"); }
    if (t[0] == 119) { mdef1("_WIN32"); mdef1("_WIN64"); }
    if (t[4] == 120) mdef1("__x86_64__"); else mdef1("__aarch64__");
    mdef1("__LP64__");
    mdef1("__UNISA__");
    return 0;
}

int srcis(int p, int L, char *nm);
/* A directive at line start `ls` is about to change the table: the text
   after it is a new segment. */
int newseg(int ls) {
    if (nsegpos >= MAXSEG) { __write(2, "too many macro changes\n", 23); __exit(1); }
    curseg = curseg + 1;
    segpos[nsegpos] = ls; nsegpos = nsegpos + 1;
    return 0;
}

/* #pragma push_macro("X") / pop_macro("X") at src[p..e): 1 if it was one */
int pushpop(int ls, int p, int e) {
    int ispush; int n0; int n1; int m; int k; int j; int q;
    while (p < e && wsat(p)) p = p + 1;
    ispush = 0 - 1;
    if (p + 10 <= e) { if (srcis(p, 10, "push_macro")) { ispush = 1; p = p + 10; } }
    if (ispush < 0) { if (p + 9 <= e) { if (srcis(p, 9, "pop_macro")) { ispush = 0; p = p + 9; } } }
    if (ispush < 0) return 0;
    while (p < e && (src[p] & 255) != 34) p = p + 1;
    if (p >= e) return 0;
    n0 = p + 1; n1 = n0;
    while (n1 < e && (src[n1] & 255) != 34) n1 = n1 + 1;
    if (n1 >= e || n1 == n0 || n1 - n0 > 31) return 0;
    if (ispush) {
        if (npush >= MAXPUSH) return 1;
        k = 0;
        while (k < n1 - n0) { pushname[npush * 32 + k] = src[n0 + k]; k = k + 1; }
        pushname[npush * 32 + k] = 0;
        pushent[npush] = mfind(src + n0, n1 - n0);
        npush = npush + 1;
        return 1;
    }
    /* pop: the most recent push of this name */
    j = npush - 1;
    while (j >= 0) {
        k = 0; q = 1;
        while (k < n1 - n0) { if (pushname[j * 32 + k] != src[n0 + k]) q = 0; k = k + 1; }
        if (q) { if (pushname[j * 32 + k] == 0) break; }
        j = j - 1;
    }
    if (j < 0) return 1;
    m = pushent[j];
    k = j; while (k + 1 < npush) {       /* drop that push */
        q = 0; while (q < 32) { pushname[k * 32 + q] = pushname[(k + 1) * 32 + q]; q = q + 1; }
        pushent[k] = pushent[k + 1]; k = k + 1;
    }
    npush = npush - 1;
    newseg(ls);
    { int cur; cur = mfind(src + n0, n1 - n0); if (cur >= 0) macto[cur] = curseg; }
    if (m >= 0) {                        /* the saved definition, again */
        mdef(src + n0, n1 - n0, macval[m], machas[m]);
        k = nmac - 1;
        macboff[k] = macboff[m]; macblen[k] = macblen[m];
        macfn[k] = macfn[m]; macnp[k] = macnp[m]; macvar[k] = macvar[m];
        q = 0;
        while (q < MAXMPARAM) {
            macpoff[k * MAXMPARAM + q] = macpoff[m * MAXMPARAM + q];
            macplen[k * MAXMPARAM + q] = macplen[m * MAXMPARAM + q];
            q = q + 1;
        }
    }
    return 1;
}

int preprocess(void) {
    int i; int ls; int j; int ws; int we; int live; int d; int flag;
    int a; int k; int ns; int ne;
    int key[4];
    ndepth = 0;
    nmac = 0; mh_n = 0 - 1;
    curseg = 0; nsegpos = 0; npush = 0; pp_seg = 0 - 1;
    predef();
    i = 0;
    while (i < nsrc) {
        ls = i;
        while (i < nsrc) { if (src[i] == 10) break; i = i + 1; }
        /* live = every open level is taking */
        live = 1;
        k = 0;
        while (k < ndepth) { if (takest[k] == 0) live = 0; k = k + 1; }
        j = ls;
        while (j < i) { if (wsat(j) == 0) break; j = j + 1; }
        if (src[j] == 35) {                      /* '#' */
            j = j + 1;
            while (j < i) { if (wsat(j) == 0) break; j = j + 1; }
            ws = j;
            while (j < i) { if (isal(src[j] & 255) == 0) break; j = j + 1; }
            we = j;
            d = vfind(DIRV, NDIRV, src + ws, we - ws);
            while (j < i) { if (wsat(j) == 0) break; j = j + 1; }
            ns = j;
            while (j < i) { if (isal(src[j] & 255) == 0) { if (isdi(src[j] & 255) == 0) break; } j = j + 1; }
            ne = j;
            flag = 0;
            if (d < 0) { if (live) { if (we - ws == 6) { if (srcis(ws, 6, "pragma")) {
                pushpop(ls, we, i);
            } } } }
            if (d >= 0) {
                if (d == 0) { if (mfind(src + ns, ne - ns) >= 0) flag = 1; }
                /* The table's key is `defined` -- whether the name IS
                   defined -- and the table itself inverts for ifndef.
                   Inverting here too meant every `#ifndef GUARD` block was
                   skipped: a double negation that went unseen only because
                   unisacc.c has no include guards of its own. */
                if (d == 1) { if (mfind(src + ns, ne - ns) >= 0) flag = 1; }
                if (d == 2) { if (ppeval(ns, i)) flag = 1; }   /* #if */
                if (d == 3) { if (ppeval(ns, i)) flag = 1; }   /* #elif */
                if (d == 4) { if (ndepth > 0) { if (seenst[ndepth-1] == 0) flag = 1; } }
                if (d > 4) flag = 1;
                key[0] = d; key[1] = flag; key[2] = 0; key[3] = 0;
                a = inf(S_PP, key, 0);          /* the table decides */
                /* the table files `include` under `macro` [G-4 corrected] */
                if (d == 7) { if (live) { if (a == 3) {
                    if (incdo(ls, i, we)) {
                        /* phases 2 and 3 for the new text; both are no-ops
                           on text that has already been through them */
                        splice(); decomment();
                        i = ls;
                        continue;
                    }
                } } }
                if (d < 3) {                      /* ifdef ifndef if */
                    takest[ndepth] = 0;
                    if (a == 0) { if (live) takest[ndepth] = 1; }
                    seenst[ndepth] = takest[ndepth];
                    ndepth = ndepth + 1;
                } else {
                if (d == 3) {                     /* elif */
                    if (ndepth > 0) {
                        takest[ndepth-1] = 0;
                        if (a == 0) { if (seenst[ndepth-1] == 0) takest[ndepth-1] = 1; }
                        if (takest[ndepth-1]) seenst[ndepth-1] = 1;
                    }
                } else {
                if (d == 4) {                     /* else */
                    if (ndepth > 0) {
                        takest[ndepth-1] = 0;
                        if (a == 0) { if (seenst[ndepth-1] == 0) takest[ndepth-1] = 1; }
                        if (takest[ndepth-1]) seenst[ndepth-1] = 1;
                    }
                } else {
                if (a == 2) { if (ndepth > 0) ndepth = ndepth - 1; }   /* pop */
                else {
                if (a == 3) {                     /* macro: define / undef */
                    /* #undef NAME: the live definition ends here */
                    if (live) { if (d == 8) {
                        int um; um = mfind(src + ns, ne - ns);
                        if (um >= 0) { newseg(ls); macto[um] = curseg; }
                    } }
                    if (live) { if (d == 6) {
                        newseg(ls);
                        int vs; int vv; int vh; int mi; int np; int ps; int pe;
                        int po[MAXMPARAM]; int pl[MAXMPARAM]; int pk; int isvar;
                        vs = ne;
                        np = 0 - 1; isvar = 0;
                        /* function-like ONLY when `(` touches the name:
                           `#define A (x)` is an object-like macro whose body
                           happens to start with a parenthesis. */
                        if (vs < i) { if ((src[vs] & 255) == 40) {
                            np = 0; vs = vs + 1;
                            while (vs < i) {
                                while (vs < i) { if (wsat(vs) == 0) break; vs = vs + 1; }
                                if (vs < i) { if ((src[vs] & 255) == 41) break; }
                                ps = vs;
                                if ((src[vs] & 255) == 46) {     /* `...` */
                                    while (vs < i) { if ((src[vs] & 255) != 46) break; vs = vs + 1; }
                                    if (np < MAXMPARAM) {
                                        po[np] = macstashs("__VA_ARGS__", 11); pl[np] = 11;
                                    }
                                    np = np + 1;
                                    isvar = 1;
                                    while (vs < i) { if (wsat(vs) == 0) break; vs = vs + 1; }
                                    break;
                                }
                                while (vs < i) {
                                    if (isal(src[vs] & 255)) { vs = vs + 1; continue; }
                                    if (isdi(src[vs] & 255)) { vs = vs + 1; continue; }
                                    break;
                                }
                                pe = vs;
                                if (np < MAXMPARAM) {
                                    po[np] = macstash(ps, pe); pl[np] = pe - ps;
                                }
                                np = np + 1;
                                while (vs < i) { if (wsat(vs) == 0) break; vs = vs + 1; }
                                if (vs < i) { if ((src[vs] & 255) == 44) { vs = vs + 1; continue; } }
                                break;
                            }
                            if (vs < i) { if ((src[vs] & 255) == 41) vs = vs + 1; }
                        } }
                        while (vs < i) { if (wsat(vs) == 0) break; vs = vs + 1; }
                        /* The numeric probe needs its OWN cursor: `vs` is
                           where the replacement list starts, and scanning the
                           digits with it left `#define N 5` with an empty
                           body -- every use of N then expanded to nothing. */
                        vv = 0; vh = 0; pe = vs;
                        if (pe < i) { if (isdi(src[pe] & 255)) {
                            vh = 1;
                            while (pe < i) { if (isdi(src[pe] & 255) == 0) break;
                                             vv = vv * 10 + ((src[pe] & 255) - 48);
                                             pe = pe + 1; } } }
                        mdef(src + ns, ne - ns, vv, vh);
                        mi = mfind(src + ns, ne - ns);
                        if (mi >= 0) {
                            /* the replacement list runs to the end of the
                               line -- phase 2 has already joined continuations
                               and phase 3 has already removed comments */
                            macblen[mi] = i - vs;
                            macboff[mi] = macstash(vs, i);
                            if (np >= 0) {
                                macfn[mi] = 1; macnp[mi] = np; macvar[mi] = isvar;
                                pk = 0;
                                while (pk < np) {
                                    if (pk < MAXMPARAM) {
                                        macpoff[mi * MAXMPARAM + pk] = po[pk];
                                        macplen[mi * MAXMPARAM + pk] = pl[pk];
                                    }
                                    pk = pk + 1;
                                }
                            }
                        }
                    } }
                } } } } }
            }
            k = ls;
            while (k < i) { src[k] = 32; k = k + 1; }   /* blank the directive */
        } else {
            if (live == 0) {
                k = ls;
                while (k < i) { src[k] = 32; k = k + 1; }
            }
        }
        i = i + 1;
    }
    return 0;
}

/* C99 phase 3: every comment becomes one space, BEFORE the directives of
   phase 4 are processed.  Leaving it to the lexer -- which is phase 7 --
   means `#define N 32  // note` captures the note as part of the replacement
   list, and every later use of N comments out the rest of its own line.  The
   Python side paid for this once already (E-45); with text macros on this
   side it is the same bug.  A block comment leaves its newlines behind so
   nothing below it moves. */
/* ---- on-demand headers ------------------------------------------------
   There is no linker: the C library is ordinary C in include/, defined
   `static`.  A program that calls strlen without including <string.h> --
   most C ever written -- used to be refused, or, where a call happened to
   resolve, answered wrong.  The Python driver retries with the header
   appended; this does the same in one pass, before preprocessing: for every
   function one of our headers DEFINES, if the program calls it and does not
   define it, the header is appended.  Appending keeps line numbers, and the
   include guards make a second copy free.  printf is special: the walker
   desugars it, so <stdio.h> is only needed for a format that needs the
   runtime formatter (a width, a flag, a precision). */
int idch(int c) { if (isal(c)) return 1; return isdi(c); }

/* where the identifier nm[0..nl) next occurs in src from `from`, or -1 */
int srcfind(char *nm, int nl, int from) {
    int i; int k;
    i = from;
    while (i + nl <= nsrc) {
        k = 0;
        while (k < nl) { if ((src[i + k] & 255) != (nm[k] & 255)) break; k = k + 1; }
        if (k == nl) {
            if (i == 0 || idch(src[i - 1] & 255) == 0) {
                if (i + nl >= nsrc || idch(src[i + nl] & 255) == 0) return i;
            }
        }
        i = i + 1;
    }
    return 0 - 1;
}
int skipws(int i) {
    while (i < nsrc) { if (wsat(i) == 0) { if ((src[i] & 255) != 10) break; } i = i + 1; }
    return i;
}
/* 1: called somewhere; 2: defined (its `)` is followed by `{`) */
int srcuse(char *nm, int nl) {
    int i; int j; int d; int called;
    called = 0; i = srcfind(nm, nl, 0);
    while (i >= 0) {
        j = skipws(i + nl);
        if (j < nsrc) { if ((src[j] & 255) == 40) {
            called = 1;
            d = 0;
            while (j < nsrc) {
                if ((src[j] & 255) == 40) d = d + 1;
                if ((src[j] & 255) == 41) { d = d - 1; if (d == 0) break; }
                j = j + 1;
            }
            j = skipws(j + 1);
            if (j < nsrc) { if ((src[j] & 255) == 123) return 2; }
        } }
        i = srcfind(nm, nl, i + 1);
    }
    return called;
}
/* does some literal printf format need the runtime formatter? */
int rtprintf(void) {
    int i; int j; int c;
    i = srcfind("printf", 6, 0);
    while (i >= 0) {
        j = skipws(i + 6);
        if (j < nsrc) { if ((src[j] & 255) == 40) {
            j = skipws(j + 1);
            if (j < nsrc) { if ((src[j] & 255) == 34) {
                j = j + 1;
                while (j < nsrc) {
                    c = src[j] & 255;
                    if (c == 34) break;
                    if (c == 92) { j = j + 2; continue; }
                    if (c == 37) {
                        c = src[j + 1] & 255;
                        if (c == 45 || c == 43 || c == 32 || c == 35 || c == 46) return 1;
                        if (isdi(c)) return 1;
                        j = j + 2; continue;
                    }
                    j = j + 1;
                }
            } }
        } }
        i = srcfind("printf", 6, i + 1);
    }
    return 0;
}
int srcappend(char *t, int n) {
    int k;
    if (nsrc + n >= MAXSRC) { __write(2, "source too large\n", 17); __exit(1); }
    k = 0;
    while (k < n) { src[nsrc] = t[k]; nsrc = nsrc + 1; k = k + 1; }
    return 0;
}
/* PREPENDED, where the user would have written it.  The Python driver can
   append, because it resolves calls at the end of the unit; this walker
   picks a call's convention AT the call, so a variadic library function
   has to be defined before its first use. */
int incappend(char *h, int hl) {
    int n; int k;
    n = 12 + hl;                            /* `#include <` h `>\n` */
    if (nsrc + n >= MAXSRC) { __write(2, "source too large\n", 17); __exit(1); }
    k = nsrc - 1;
    while (k >= 0) { src[k + n] = src[k]; k = k - 1; }
    k = 0;
    while (k < 10) { src[k] = "#include <"[k]; k = k + 1; }
    while (k < 10 + hl) { src[k] = h[k - 10]; k = k + 1; }
    src[k] = 62; src[k + 1] = 10;
    nsrc = nsrc + n;
    nautoinc = nautoinc + 1;      /* a line the user did not write [S-12] */
    return 0;
}
/* the header's definitions: a line opening `static`, whose name is the
   identifier before its first `(`, and which opens a body on that line */
int hdrneeded(int n) {
    int i; int e; int p; int b; int a; int k; int hasbody;
    i = 0;
    while (i < n) {
        e = i;
        while (e < n) { if ((incbuf[e] & 255) == 10) break; e = e + 1; }
        if (e - i > 7) { if (incbuf[i] == 115) { if (incbuf[i + 1] == 116) { if (incbuf[i + 2] == 97) {
          if (incbuf[i + 3] == 116) { if (incbuf[i + 4] == 105) { if (incbuf[i + 5] == 99) {
            p = i; while (p < e) { if ((incbuf[p] & 255) == 40) break; p = p + 1; }
            hasbody = 0; k = p;
            while (k < e) { if ((incbuf[k] & 255) == 123) hasbody = 1; k = k + 1; }
            if (p < e) { if (hasbody) {
                b = p;
                while (b > i) { if ((incbuf[b - 1] & 255) != 32) break; b = b - 1; }
                a = b;
                while (a > i) { if (idch(incbuf[a - 1] & 255) == 0) break; a = a - 1; }
                if (b > a) {
                    /* printf is the walker's; see rtprintf */
                    k = 1;
                    if (b - a == 6) { if (srcfind("printf", 6, 0) >= 0) {
                        if (incbuf[a] == 112) { if (incbuf[a + 1] == 114) { if (incbuf[a + 2] == 105) {
                            if (incbuf[a + 3] == 110) { if (incbuf[a + 4] == 116) { if (incbuf[a + 5] == 102) k = 0; } } } } } } }
                    if (k) { if (srcuse(incbuf + a, b - a) == 1) return 1; }
                }
            } }
        } } } } } } }
        i = e + 1;
    }
    return 0;
}
int autoinc(void) {
    char *hs; int k; int st; int fd; int n; int p;
    hs = "assert.h ctype.h stdlib.h string.h wchar.h stdio.h ";
    k = 0;
    while (hs[k]) {
        st = k;
        while (hs[k] != 32) k = k + 1;
        p = 0;
        while (p < 8) { incpath[p] = "include/"[p]; p = p + 1; }
        n = st;
        while (n < k) { incpath[p] = hs[n]; p = p + 1; n = n + 1; }
        incpath[p] = 0;
        fd = ropen(incpath);
        if (fd >= 0) {
            n = __read(fd, incbuf, MAXINC);
            __close(fd);
            if (n > 0) { if (hdrneeded(n)) incappend(hs + st, k - st); }
        }
        k = k + 1;
    }
    if (rtprintf()) incappend("stdio.h", 7);
    return 0;
}

int decomment(void) {
    int i; int o; int c; int q;
    i = 0; o = 0;
    while (i < nsrc) {
        c = src[i] & 255;
        if (c == 34) { q = 34; }
        else { if (c == 39) { q = 39; } else { q = 0; } }
        if (q) {
            src[o] = src[i]; o = o + 1; i = i + 1;
            while (i < nsrc) {
                if ((src[i] & 255) == 92) {
                    src[o] = src[i]; o = o + 1; i = i + 1;
                    if (i < nsrc) { src[o] = src[i]; o = o + 1; i = i + 1; }
                    continue;
                }
                src[o] = src[i]; o = o + 1;
                if ((src[i] & 255) == q) { i = i + 1; break; }
                i = i + 1;
            }
            continue;
        }
        if (c == 47) {
            if (i + 1 < nsrc) {
                if ((src[i + 1] & 255) == 47) {          /* // */
                    while (i < nsrc) { if ((src[i] & 255) == 10) break; i = i + 1; }
                    src[o] = 32; o = o + 1;
                    continue;
                }
                if ((src[i + 1] & 255) == 42) {          /* slash-star */
                    int nl; int start;
                    nl = 0; start = i; i = i + 2;
                    while (i < nsrc) {
                        if ((src[i] & 255) == 10) nl = nl + 1;
                        if ((src[i] & 255) == 42) { if (i + 1 < nsrc) {
                            if ((src[i + 1] & 255) == 47) { i = i + 2; break; } } }
                        i = i + 1;
                    }
                    /* C99 5.1.1.2p1 phase 3: a comment has to be closed.
                       Running off the end used to be silent, so a stray
                       `/*` swallowed the rest of the file and whatever it
                       left compiled. */
                    if (i >= nsrc) {
                        err_at(start, "unterminated comment");
                        __exit(1);
                    }
                    src[o] = 32; o = o + 1;
                    while (nl > 0) { src[o] = 10; o = o + 1; nl = nl - 1; }
                    continue;
                }
            }
        }
        src[o] = src[i]; o = o + 1; i = i + 1;
    }
    nsrc = o;
    return 0;
}

/* ---- macro expansion, C99 phase 4 ------------------------------------
   The old preprocessor kept a NUMBER per macro, which is enough for `#if`
   and for nothing else: `#define STR "x"` and `#define MAX(a,b) ...` are
   most of what real C does with the preprocessor.  This substitutes text.

   Two rules are worth stating because getting them wrong is silent:
     * a macro is function-like only when `(` TOUCHES the name in the
       `#define` -- `#define A (x)` is an object-like macro whose body starts
       with a parenthesis;
     * every parameter goes in on ONE pass over the body.  Substituting them
       in turn rewrites text an earlier argument just put there, and
       `FF(d,a,b,c)` on `#define FF(a,b,c,d)` then writes the wrong variable
       (E-45 caught exactly that on the Python side). */
char ebuf[MAXSRC]; int nebuf;
int argo[MAXMPARAM]; int argl[MAXMPARAM]; int nargs;

int ebseg[MAXSRC];       /* the segment each byte of ebuf came from */
int eput(int c) {
    if (nebuf >= MAXSRC) { __write(2, "macro expansion overflow\n", 25); __exit(1); }
    ebuf[nebuf] = c; ebseg[nebuf] = eseg; nebuf = nebuf + 1;
    return 0;
}

int eputsrc(int from, int to) {
    int k; k = from;
    while (k < to) { eput(src[k] & 255); k = k + 1; }
    return 0;
}

/* A universal character name inside an identifier, C99 6.4.3: `\u` and
   four hex digits, or `\U` and eight.  How many bytes it spans at j, or 0.
   The identifier keeps its SPELLING -- `caf\u00e9` is one name, spelled
   the same wherever it is used -- which is all a program can observe. */
int ishexc(int c) {
    if (c >= 48 && c <= 57) return 1;
    if (c >= 97 && c <= 102) return 1;
    if (c >= 65 && c <= 70) return 1;
    return 0;
}
int ucnlen(int j) {
    int n; int k;
    if (j + 1 >= nsrc) return 0;
    if ((src[j] & 255) != 92) return 0;
    n = 0;
    if ((src[j + 1] & 255) == 117) n = 4;
    if ((src[j + 1] & 255) == 85) n = 8;
    if (n == 0) return 0;
    if (j + 2 + n > nsrc) return 0;
    k = 0;
    while (k < n) { if (ishexc(src[j + 2 + k] & 255) == 0) return 0; k = k + 1; }
    return 2 + n;
}

int identend(int i) {
    int j; int u; j = i;
    while (j < nsrc) {
        if (isal(src[j] & 255)) { j = j + 1; continue; }
        if (isdi(src[j] & 255)) { j = j + 1; continue; }
        u = ucnlen(j);
        if (u) { j = j + u; continue; }
        break;
    }
    return j;
}

/* Is the identifier at macpool[bo..bo+n) one of this macro's parameters? */
int paramat(int mi, int bo, int n) {
    int p; int L; int ok; int j;
    p = 0;
    while (p < macnp[mi]) {
        if (p < MAXMPARAM) {
            L = macplen[mi * MAXMPARAM + p];
            if (L == n) {
                ok = 1; j = 0;
                while (j < L) {
                    if (macpool[macpoff[mi * MAXMPARAM + p] + j] != macpool[bo + j]) ok = 0;
                    j = j + 1;
                }
                if (ok) return p;
            }
        }
        p = p + 1;
    }
    return 0 - 1;
}

/* `i` is at the `(`.  Returns the index just past the matching `)`, or -1. */
/* An argument's leading and trailing whitespace is not part of it.  `##`
   pastes the TEXT, so `CAT(cat, ab)` with the space kept produces `cat ab`
   and the paste silently does not happen. */
int argpush(int st, int en) {
    while (st < en) { if (wsat(st) == 0) break; st = st + 1; }
    while (en > st) { if (wsat(en - 1) == 0) break; en = en - 1; }
    if (nargs < MAXMPARAM) { argo[nargs] = st; argl[nargs] = en - st; }
    nargs = nargs + 1;
    return 0;
}

int collectargs(int i) {
    int depth; int st; int c;
    nargs = 0; depth = 1;
    i = i + 1; st = i;
    while (i < nsrc) {
        c = src[i] & 255;
        if (c == 34) {                                   /* a string */
            i = i + 1;
            while (i < nsrc) {
                if ((src[i] & 255) == 92) { i = i + 2; continue; }
                if ((src[i] & 255) == 34) break;
                i = i + 1;
            }
            i = i + 1; continue;
        }
        if (c == 39) {                                   /* a character */
            i = i + 1;
            while (i < nsrc) {
                if ((src[i] & 255) == 92) { i = i + 2; continue; }
                if ((src[i] & 255) == 39) break;
                i = i + 1;
            }
            i = i + 1; continue;
        }
        if (c == 40) depth = depth + 1;
        if (c == 41) {
            depth = depth - 1;
            if (depth == 0) {
                argpush(st, i);
                return i + 1;
            }
        }
        if (c == 44) { if (depth == 1) {
            argpush(st, i);
            st = i + 1;
        } }
        i = i + 1;
    }
    return 0 - 1;
}

int emitarg(int p) {
    if (p < nargs) { if (p < MAXMPARAM) eputsrc(argo[p], argo[p] + argl[p]); }
    return 0;
}

int emitstring(int p) {          /* #param */
    int k; int e; int c;
    eput(34);
    if (p < nargs) { if (p < MAXMPARAM) {
        k = argo[p]; e = k + argl[p];
        while (k < e) {
            c = src[k] & 255;
            if (c == 34) eput(92);
            if (c == 92) eput(92);
            eput(c);
            k = k + 1;
        }
    } }
    eput(34);
    return 0;
}

int emitrange(int from, int to, int depth);

int emitbody(int mi, int isfn, int depth) {
    int b; int e; int j; int je; int k; int c; int pi; int pastejust;
    b = macboff[mi]; e = b + macblen[mi];
    j = b; pastejust = 0;
    while (j < e) {
        c = macpool[j] & 255;
        if (c == 35) {                                   /* `#` or `##` */
            if (j + 1 < e) { if ((macpool[j + 1] & 255) == 35) {
                while (nebuf > 0) {
                    if (ebuf[nebuf - 1] != 32) { if (ebuf[nebuf - 1] != 9) break; }
                    nebuf = nebuf - 1;
                }
                j = j + 2;
                while (j < e) {
                    if ((macpool[j] & 255) != 32) { if ((macpool[j] & 255) != 9) break; }
                    j = j + 1;
                }
                /* `, ## __VA_ARGS__` with NO variable arguments: the comma
                   goes too.  Strictly a GNU extension -- C99 6.10.3p4 wants
                   at least one argument for `...` -- but it is in so much
                   real code (every logging macro) that refusing it refuses
                   the code. */
                if (isfn) { if (j + 11 <= e) {
                    int q; int isva; isva = 1; q = 0;
                    while (q < 11) {
                        if ((macpool[j + q] & 255) != ("__VA_ARGS__"[q] & 255)) isva = 0;
                        q = q + 1;
                    }
                    if (isva) {
                        int vp; vp = macnp[mi] - 1;
                        if (vp >= nargs || argl[vp] == 0) {
                            if (nebuf > 0) { if (ebuf[nebuf - 1] == 44) nebuf = nebuf - 1; }
                            j = j + 11;
                            pastejust = 0;
                            continue;
                        }
                    }
                } }
                pastejust = 1;
                continue;
            } }
            if (isfn) {
                k = j + 1;
                while (k < e) { if ((macpool[k] & 255) != 32) break; k = k + 1; }
                if (k < e) { if (isal(macpool[k] & 255)) {
                    je = k;
                    while (je < e) {
                        if (isal(macpool[je] & 255)) { je = je + 1; continue; }
                        if (isdi(macpool[je] & 255)) { je = je + 1; continue; }
                        break;
                    }
                    pi = paramat(mi, k, je - k);
                    if (pi >= 0) { emitstring(pi); j = je; continue; }
                } }
            }
        }
        if (c == 34) {                                   /* a literal body */
            eput(c); j = j + 1;
            while (j < e) {
                if ((macpool[j] & 255) == 92) { eput(92); j = j + 1;
                    if (j < e) { eput(macpool[j] & 255); j = j + 1; } continue; }
                eput(macpool[j] & 255);
                if ((macpool[j] & 255) == 34) { j = j + 1; break; }
                j = j + 1;
            }
            continue;
        }
        if (isal(c)) {
            je = j;
            while (je < e) {
                if (isal(macpool[je] & 255)) { je = je + 1; continue; }
                if (isdi(macpool[je] & 255)) { je = je + 1; continue; }
                break;
            }
            pi = 0 - 1;
            if (isfn) pi = paramat(mi, j, je - j);
            if (pi >= 0) {
                /* C99 6.10.3.1: an argument is fully macro-expanded BEFORE
                   it is substituted -- unless it is an operand of # or ##,
                   which are handled above and use the raw text.  Without
                   this, `XSTR(VER)` stringizes `VER` instead of its value. */
                if (pi < nargs) { if (pi < MAXMPARAM) {
                    emitrange(argo[pi], argo[pi] + argl[pi], depth + 1);
                } }
            }
            else { k = j; while (k < je) { eput(macpool[k] & 255); k = k + 1; } }
            j = je;
            /* A paste makes ONE token; whatever follows it in the body is a
               different one.  `#define Q(A,B) A ## B+` used with `Q(+,)3`
               must give `+ +3`, not `++3`. */
            if (pastejust) { eput(32); pastejust = 0; }
            continue;
        }
        eput(c); j = j + 1;
        if (pastejust) { eput(32); pastejust = 0; }
    }
    return 0;
}

int gchanged;

/* One pass over src[from..to), writing the expansion into ebuf.  `depth` is
   how deep we are inside macro arguments -- bounded, because a macro that
   mentions itself would otherwise never finish. */
int emitrange(int from, int to, int depth) {
    int i; int j; int k; int c; int m; int ni;
    int sargo[MAXMPARAM]; int sargl[MAXMPARAM]; int snargs;
    i = from;
    if (depth > 8) { eputsrc(from, to); return 0; }
    while (i < to) {
        c = src[i] & 255;
        if (c == 34) {
            eput(c); i = i + 1;
            while (i < to) {
                if ((src[i] & 255) == 92) { eput(92); i = i + 1;
                    if (i < to) { eput(src[i] & 255); i = i + 1; } continue; }
                eput(src[i] & 255);
                if ((src[i] & 255) == 34) { i = i + 1; break; }
                i = i + 1;
            }
            continue;
        }
        if (c == 39) {
            eput(c); i = i + 1;
            while (i < to) {
                if ((src[i] & 255) == 92) { eput(92); i = i + 1;
                    if (i < to) { eput(src[i] & 255); i = i + 1; } continue; }
                eput(src[i] & 255);
                if ((src[i] & 255) == 39) { i = i + 1; break; }
                i = i + 1;
            }
            continue;
        }
        if (isal(c)) {
            j = identend(i);
            if (j > to) j = to;
            /* the name means what it meant WHERE it is */
            eseg = srcseg[i]; pp_seg = eseg;
            /* C99 6.10.9: `_Pragma ( string-literal )` is the operator form
               of `#pragma`, and this compiler honours no pragma -- the
               directive form is already dropped -- so the operator form is
               dropped too, whole, the moment it is seen. */
            if (j - i == 7) { if ((src[i] & 255) == 95 && (src[i+1] & 255) == 80
                && (src[i+2] & 255) == 114 && (src[i+3] & 255) == 97
                && (src[i+4] & 255) == 103 && (src[i+5] & 255) == 109
                && (src[i+6] & 255) == 97) {                  /* _Pragma */
                k = j;
                while (k < to) { if (wsat(k) == 0) break; k = k + 1; }
                if (k < to) { if ((src[k] & 255) == 40) {
                    int dep; int inq;
                    dep = 0; inq = 0;
                    while (k < to) {
                        c = src[k] & 255;
                        if (inq) {
                            if (c == 92) k = k + 1;
                            else { if (c == 34) inq = 0; }
                        } else {
                            if (c == 34) inq = 1;
                            if (c == 40) dep = dep + 1;
                            if (c == 41) { dep = dep - 1; if (dep == 0) { k = k + 1; break; } }
                        }
                        k = k + 1;
                    }
                    eput(32);
                    i = k;
                    continue;
                } }
            } }
            m = mfind(src + i, j - i);
            if (m >= 0) {
                if (macfn[m]) {
                    k = j;
                    while (k < to) { if (wsat(k) == 0) { if ((src[k] & 255) != 10) break; } k = k + 1; }
                    if (k < to) { if ((src[k] & 255) == 40) {
                        ni = collectargs(k);
                        if (ni > 0) {
                            if (macnp[m] == 0) { if (nargs == 1) {
                                if (argl[0] == 0) nargs = 0; } }
                            /* `P("x")` for `P(fmt, ...)`: the variable part is
                               empty, not missing */
                            if (macvar[m]) { if (nargs == macnp[m] - 1) {
                                if (nargs < MAXMPARAM) {
                                    argo[nargs] = ni - 1; argl[nargs] = 0;
                                    nargs = nargs + 1;
                                } } }
                            /* `...` takes everything that is left, commas
                               included -- it is ONE argument spelled
                               __VA_ARGS__ */
                            if (macvar[m]) { if (nargs > macnp[m]) {
                                if (macnp[m] > 0) { if (nargs <= MAXMPARAM) {
                                    argl[macnp[m] - 1] =
                                        argo[nargs - 1] + argl[nargs - 1]
                                        - argo[macnp[m] - 1];
                                    nargs = macnp[m];
                                } }
                            } }
                            /* A space on each side: this substitutes TEXT,
                               and a body ending in `+` next to a source `+`
                               would re-lex as `++`.  A real preprocessor
                               works on tokens and cannot merge them. */
                            eput(32);
                            k = 0;
                            while (k < MAXMPARAM) {
                                sargo[k] = argo[k]; sargl[k] = argl[k];
                                k = k + 1;
                            }
                            snargs = nargs;
                            emitbody(m, 1, depth);
                            k = 0;
                            while (k < MAXMPARAM) {
                                argo[k] = sargo[k]; argl[k] = sargl[k];
                                k = k + 1;
                            }
                            nargs = snargs;
                            eput(32);
                            i = ni; gchanged = 1;
                            continue;
                        }
                    } }
                } else {
                    eput(32);
                    emitbody(m, 0, depth);
                    eput(32);
                    i = j; gchanged = 1;
                    continue;
                }
            }
            eputsrc(i, j);
            i = j;
            continue;
        }
        eput(c); i = i + 1;
    }
    return 0;
}

int expround(void) {
    nebuf = 0; gchanged = 0;
    emitrange(0, nsrc, 0);
    return gchanged;
}

int expandsrc(void) {
    int r; int k; int sg;
    /* every byte's segment: how many table changes precede it */
    sg = 0; k = 0; r = 0;
    while (r < nsrc) {
        while (k < nsegpos && segpos[k] <= r) { sg = sg + 1; k = k + 1; }
        srcseg[r] = sg; r = r + 1;
    }
    r = 0;
    while (r < 8) {
        if (expround() == 0) break;
        k = 0;
        while (k < nebuf) { src[k] = ebuf[k]; srcseg[k] = ebseg[k]; k = k + 1; }
        nsrc = nebuf;
        r = r + 1;
    }
    pp_seg = 0 - 1;
    return 0;
}

/* ---- character classes: the lex table's key axis --------------------- */
int OPCH[128];

int charclass(int c) {
    if (c < 0) return 9;                       /* eof */
    if (c == 10) return 1;                     /* nl */
    if (c == 32) return 0;
    if (c == 9) return 0;
    if (c == 13) return 0;
    if (isal(c)) return 2;                     /* A */
    if (isdi(c)) return 3;                     /* d */
    if (c == 34) return 4;                     /* q */
    if (c == 39) return 5;                     /* sq */
    if (c == 47) return 6;                     /* slash */
    if (c == 42) return 7;                     /* star */
    if (c == 46) return 11;                    /* dot: `.5` may start a number */
    if (c < 128) { if (OPCH[c]) return 8; }    /* punct */
    return 10;                                 /* other */
}

int at(int i) { if (i >= nsrc) return 0 - 1; return src[i] & 255; }

/* does src[p..p+L) equal the C string nm? */
int srcin(char *a, int L, char *nm) {
    int k;
    k = 0;
    while (k < L) {
        if (nm[k] == 0) return 0;
        if ((a[k] & 255) != (nm[k] & 255)) return 0;
        k = k + 1;
    }
    if (nm[L] != 0) return 0;
    return 1;
}

int srcis(int p, int L, char *nm) {
    int k;
    k = 0;
    while (k < L) {
        if (nm[k] == 0) return 0;
        if ((src[p + k] & 255) != (nm[k] & 255)) return 0;
        k = k + 1;
    }
    if (nm[L] != 0) return 0;
    return 1;
}


/* C99 phase 2: a backslash-newline pair is deleted, joining the two lines.
   It happens before tokenisation, so it applies inside literals too. */
int splice(void) {
    int i; int j;
    i = 0; j = 0;
    while (i < nsrc) {
        if (src[i] == 92) {                      /* backslash */
            /* a joined line means one fewer newline than the file has */
            if (src[i + 1] == 10) {
                if (nspl < MAXSPL) { spl_at[nspl] = j; nspl = nspl + 1; }
                i = i + 2; continue;
            }
            if (src[i + 1] == 13) { if (src[i + 2] == 10) {
                if (nspl < MAXSPL) { spl_at[nspl] = j; nspl = nspl + 1; }
                i = i + 3; continue;
            } }
        }
        src[j] = src[i]; j = j + 1; i = i + 1;
    }
    nsrc = j;
    return 0;
}

/* ---- the lexer ------------------------------------------------------- */
int lex(void) {
    int i; int j; int a; int key[4]; int kind; int st;
    int best; int bl; int k; int p; int L;
    int strpfx;                            /* the `L` of an `L"..."`, or -1 */
    int isf;
    i = 0;
    ntok = 0;
    strpfx = 0 - 1;
    while (1) {
        /* every branch below appends at most one token; none checked */
        if (ntok >= MAXTOK - 2) { printf("too many tokens\n"); return 0 - 1; }
        key[0] = charclass(at(i));
        key[1] = charclass(at(i + 1));
        key[2] = 0; key[3] = 0;
        a = inf(S_LEX, key, 0);                /* the table decides [W-2] */
        if (a == 0) {                          /* skip */
            if (at(i) < 0) {
                tkind[ntok] = 0; tpos[ntok] = i; tlen[ntok] = 0;
                ntok = ntok + 1;
                return ntok;
            }
            i = i + 1;
        } else {
        if (a == 1) { i = i + 1; }             /* nl */
        else {
        if (a == 7) { while (at(i) >= 0) { if (at(i) == 10) break; i = i + 1; } }
        else {
        if (a == 6) { i = i + 2;
            while (at(i) >= 0) {
                if (at(i) == 42) { if (at(i+1) == 47) { i = i + 2; break; } }
                i = i + 1; } }
        else {
        if (a == 2) {                          /* ident */
            j = i;
            while (at(j) >= 0) {
                if (isal(at(j)) == 0) { if (isdi(at(j)) == 0) {
                    int u; u = ucnlen(j);      /* `caf\u00e9` is one name */
                    if (u == 0) break;
                    j = j + u; continue;
                } }
                j = j + 1;
            }
            /* GCC spellings this subset ignores.  The Python lexer drops
               them too, and selfhost compares token streams. */
            if (srcis(i, j - i, "__attribute__")
                | srcis(i, j - i, "__asm__") | srcis(i, j - i, "asm")) {
                k = j;
                while (at(k) == 32 | at(k) == 9 | at(k) == 10 | at(k) == 13)
                    k = k + 1;
                if (at(k) == 40) {
                    st = 0;
                    while (at(k) >= 0) {
                        if (at(k) == 40) st = st + 1;
                        if (at(k) == 41) { st = st - 1;
                            if (st == 0) { k = k + 1; break; } }
                        k = k + 1;
                    }
                    i = k;
                    continue;
                }
            }
            if (srcis(i, j - i, "__extension__") | srcis(i, j - i, "__inline")
                | srcis(i, j - i, "__inline__") | srcis(i, j - i, "__restrict")
                | srcis(i, j - i, "__restrict__") | srcis(i, j - i, "__const")
                | srcis(i, j - i, "__volatile__")
                | srcis(i, j - i, "__signed__")) { i = j; continue; }
            /* a wide CHARACTER constant is an int, so drop the prefix.  A
               wide STRING keeps it -- the token is still a string, and its
               TEXT is the whole `L"..."`, which is what the Python lexer
               emits and what lexdiff compares. */
            if (at(j) == 39) {
                if (j - i == 1) { if (at(i) == 76 | at(i) == 117 | at(i) == 85) {
                    i = j; continue; } }
                if (j - i == 2) { if (at(i) == 117) { if (at(i+1) == 56) {
                    i = j; continue; } } }
            }
            if (at(j) == 34) {
                int wide;
                wide = 0;
                if (j - i == 1) { if (at(i) == 76 | at(i) == 117 | at(i) == 85) wide = 1; }
                if (j - i == 2) { if (at(i) == 117) { if (at(i+1) == 56) wide = 1; } }
                if (wide) { strpfx = i; i = j; continue; }
            }
            kind = vfind(TOKV, NTOKV, src + i, j - i);
            if (kind < 0) kind = 2;            /* id */
            if (kind == 0) kind = 2;           /* "eof" is not a keyword */
            if (kind == 1) kind = 2;           /* nor is "type" */
            if (vfind(TYPEV, NTYPEV, src + i, j - i) >= 0) kind = 1;
            tkind[ntok] = kind; tpos[ntok] = i; tlen[ntok] = j - i;
            ntok = ntok + 1;
            i = j;
        } else {
        if (a == 3) {                          /* num */
            j = i;
            if (at(j) == 48) {                 /* 0x... or 0X... */
                if (at(j+1) == 120 || at(j+1) == 88) { if (at(j+1) != 0 - 1) {
                    j = j + 2;
                    while (at(j) >= 0) {
                        if (isdi(at(j))) { j = j + 1; } else {
                        if (at(j) >= 97) { if (at(j) <= 102) { j = j + 1; } else break; }
                        else { if (at(j) >= 65) { if (at(j) <= 70) { j = j + 1; } else break; }
                               else break; } } }
                } }
            }
            while (isdi(at(j))) j = j + 1;
            /* a floating constant (C99 6.4.4.2): a fraction, an exponent or
               both, then at most one of f F l L -- the extent the Python
               lexer takes, so the two token streams stay equal */
            isf = 0;
            /* the hex floating form: 0x HEX [. HEX] p [+-] DEC.  The integer
               scan above stopped at the `.` or the `p`. */
            if (at(i) == 48 && (at(i + 1) == 120 || at(i + 1) == 88)) {
                int k3; k3 = j;
                if (at(k3) == 46) {
                    k3 = k3 + 1;
                    while (isdi(at(k3)) || (at(k3) >= 97 && at(k3) <= 102)
                           || (at(k3) >= 65 && at(k3) <= 70)) k3 = k3 + 1;
                }
                if (at(k3) == 112 || at(k3) == 80) {
                    int k4; k4 = k3 + 1;
                    if (at(k4) == 43 || at(k4) == 45) k4 = k4 + 1;
                    if (isdi(at(k4))) {
                        isf = 1; j = k4; while (isdi(at(j))) j = j + 1;
                    }
                }
            }
            if (at(i) != 48 || (at(i + 1) != 120 && at(i + 1) != 88)) {
                if (at(j) == 46) { isf = 1; j = j + 1; while (isdi(at(j))) j = j + 1; }
                if (at(j) == 101 || at(j) == 69) {
                    int k2; k2 = j + 1;
                    if (at(k2) == 43 || at(k2) == 45) k2 = k2 + 1;
                    if (isdi(at(k2))) { isf = 1; j = k2; while (isdi(at(j))) j = j + 1; }
                }
            }
            if (isf) { if (at(j) == 102 || at(j) == 70 || at(j) == 108 || at(j) == 76) j = j + 1; }
            /* the suffix letters in any order, as the Python lexer takes
               them: `1llu` is one token, not `1ll` then an identifier `u` */
            else { while (at(j) == 117 || at(j) == 85 || at(j) == 108 || at(j) == 76) j = j + 1; }
            tkind[ntok] = 3; tpos[ntok] = i; tlen[ntok] = j - i;
            ntok = ntok + 1;
            i = j;
        } else {
        if (a == 4) {                          /* str */
            int q;
            j = i + 1;
            while (1) {
                while (at(j) >= 0) {
                    if (at(j) == 92) { j = j + 2; } else {
                    if (at(j) == 34) break; else j = j + 1; } }
                /* C concatenates adjacent string literals [W-12] */
                q = j + 1;
                while (at(q) >= 0) {
                    if (at(q) == 32) { q = q + 1; } else {
                    if (at(q) == 9) { q = q + 1; } else {
                    if (at(q) == 10) { q = q + 1; } else {
                    if (at(q) == 13) { q = q + 1; } else break; } } } }
                /* the next literal may carry its own `L`/`u`/`U`/`u8` */
                if (at(q) == 76 | at(q) == 117 | at(q) == 85) {
                    if (at(q + 1) == 34) q = q + 1;
                    else { if (at(q) == 117) { if (at(q + 1) == 56) {
                        if (at(q + 2) == 34) q = q + 2; } } }
                }
                if (at(q) == 34) { j = q + 1; } else break;
            }
            if (strpfx >= 0) { tpos[ntok] = strpfx; tlen[ntok] = j + 1 - strpfx; }
            else { tpos[ntok] = i; tlen[ntok] = j + 1 - i; }
            tkind[ntok] = 4;
            strpfx = 0 - 1;
            ntok = ntok + 1;
            i = j + 1;
        } else {
        if (a == 5) {                          /* charlit: scan to the quote,
                                                  an escape may be several
                                                  characters long */
            j = i + 1;
            while (at(j) >= 0) {
                if (at(j) == 39) break;
                if (at(j) == 92) j = j + 1;
                j = j + 1;
            }
            tkind[ntok] = 3; tpos[ntok] = i; tlen[ntok] = j + 1 - i;
            ntok = ntok + 1;
            i = j + 1;
        } else {
        if (a == 8) {                          /* op: maximal munch */
            best = 0 - 1; bl = 0;
            k = 0;
            while (k < NTOKV) {
                L = vlen(TOKV, k);
                if (L > bl) {
                    p = voff(TOKV, k);
                    if (isal(TOKV[p] & 255) == 0) {
                        j = 0;
                        while (j < L) { if (at(i + j) != (TOKV[p + j] & 255)) break; j = j + 1; }
                        if (j == L) { best = k; bl = L; }
                    }
                }
                k = k + 1;
            }
            if (best < 0) { printf("lex: stray char at %d\n", i); return 0 - 1; }
            tkind[ntok] = best; tpos[ntok] = i; tlen[ntok] = bl;
            ntok = ntok + 1;
            i = i + bl;
        } else {
            printf("lex: bad char at %d\n", i);
            return 0 - 1;
        } } } } } } } } }
    }
    return ntok;
}


/* ===================== stage 5: parser + tape emitter =================== */
/* Recursive descent mirroring the Python walker.  Every production choice
 * goes through infer(S_PARSE, ...) -- classic control flow, neural table. */

#define MAXOUT 4194304
#define MAXSYM 4096

char out[MAXOUT];
int nout;
/* The __init body.  It was 64 KB and unchecked: c-testsuite 00205's one
   initialiser writes 92 KB of it, and the overflow ran over whatever the
   linker put next -- the symbol table on Linux ("unknown identifier"),
   something harmless on macOS. */
#define MAXIBUF 4194304
char ibuf[MAXIBUF];
int nibuf;
int toinit;              /* 1 => ec() writes the __init body instead */
int hasinit;

char symname[MAXSYM * 32];
int symkind[MAXSYM];        /* 0 global  1 local  2 function */
int symoff[MAXSYM];         /* local: frame offset */
int symelem[MAXSYM];        /* element width for [] and unary * */
int symptr[MAXSYM];         /* 1 for pointers and arrays */
int symbytes[MAXSYM];       /* what `sizeof` reports for the whole object */
int symdim2[MAXSYM];        /* inner dimension of `a[n][m]`, else 0 */
int symdim3[MAXSYM];        /* `a[n][m][k]`: k, and symdim2 is m*k */
int symunit[MAXSYM];        /* which input file declared it */
int symvar[MAXSYM];         /* a function that takes `...` */
int symuns[MAXSYM];         /* the (element) type is unsigned */
int symbool[MAXSYM];        /* ...and it is _Bool, which normalises on store */
int symfp[MAXSYM];          /* holds a function pointer: 1 register, 2 stacked */
int symvla[MAXSYM];         /* a VLA: the frame slot holding its byte count */
int symptrd[MAXSYM]; int symbase[MAXSYM]; int symlab[MAXSYM];
/* Floating point.  A value's floating kind is 0 (an integer), 4 (float) or
   8 (double); like the unsigned bit it describes the object a pointer points
   to, so `*p` of a `double *` is a double. */
int symflt[MAXSYM];
int sympk[MAXSYM * 8];         /* a function's parameter kinds (fkind), first 8 */
int symnpk[MAXSYM];            /* how many; -1: no prototype seen */
int symfpret[MAXSYM];        /* calling it yields a function pointer */
int symrfst[MAXSYM];         /* ...whose call returns a pointer to this struct */
int symcst[MAXSYM];          /* a pointer variable: its call returns this struct's pointer */         /* a VLA: the frame slot holding its byte count */
int symstruct[MAXSYM];      /* index into the struct table, or -1 */

/* ---- struct and union ------------------------------------------------
   Members carry a real C layout -- an `int` member is 4 bytes at a 4-byte
   boundary -- even though a local scalar still lives in an 8-byte slot.
   The two are different questions, and only the struct has to answer the
   first one. */
#define MAXSTRUCT 128
#define MAXMEMB 1024
char stname[MAXSTRUCT * 32];
int stfirst[MAXSTRUCT]; int stcount[MAXSTRUCT];
/* tags are block-scoped (C99 6.2.1): the block depth a tag was defined at,
   and whether that block has closed */
int stdepth[MAXSTRUCT]; int stdead[MAXSTRUCT]; int bdepth;
int vlaslot[64];          /* per block depth: where the pre-VLA stack pointer is kept */
int curvla;               /* the thing in r0 is a VLA: its byte-count slot */
int stsize[MAXSTRUCT]; int stalign[MAXSTRUCT]; int stunion[MAXSTRUCT];
int stopen[MAXSTRUCT];      /* being defined: the tag's type is incomplete */
int nstruct;
char mbname[MAXMEMB * 32];
int mboff[MAXMEMB];     /* byte offset inside the struct */
int mbbytes[MAXMEMB];   /* what `sizeof` reports for the member */
int mbwidth[MAXMEMB];   /* the load/store width: 0 means "aggregate" */
int mbelem[MAXMEMB];    /* element size, for [] on an array member */
int mbptr[MAXMEMB];
int mbstruct[MAXMEMB];
int mbuns[MAXMEMB];
int mbbool[MAXMEMB];        /* the member is _Bool */
/* 1: a member that takes no initialiser slot -- every union member after the
   first (C99 6.7.8p17: a brace list initialises a union's FIRST member) */
int mbskip[MAXMEMB];
int mbpst[MAXMEMB];       /* a pointer member: the struct it points to, or -1 */
int mbflt[MAXMEMB]; int mbptrd[MAXMEMB];
int nmemb;
int declstruct;         /* the struct declspec() just saw, or -1 */
int decldim2;           /* `a[n][m]` -- m, so the first index strides a row */
int decldim3;           /* `a[n][m][k]` -- k; decldim2 is then m*k */
int declunsigned;       /* the specifier said `unsigned` */
int declfp;             /* the declarator was `(*name)(...)`: 1, or 2 if `...` */
int declspecptr;        /* the specifier itself was a pointer typedef */

/* ---- typedef ---------------------------------------------------------
   The lexer cannot mark these: it runs over the whole file before the
   parser sees a line, so a name typedef'd on line 10 is already an ordinary
   identifier by then.  The parser resolves them by text instead. */
#define MAXTD 256
char tdname[MAXTD * 32];
int tdw[MAXTD]; int tdsz[MAXTD]; int tdstruct[MAXTD]; int tdptr[MAXTD];
int tduns[MAXTD];
int tdfp[MAXTD];          /* a function-pointer typedef: 1, or 2 if variadic */
int tdfpst[MAXTD];        /* ...and the struct its call returns a pointer to */
int tdflt[MAXTD]; int tdpd[MAXTD];
int declspecfp;           /* what declspec's typedef said about that */
int declenum;             /* the specifier was an enum */
int enumneg;              /* some enumerator seen so far is negative */
int ntd;
int retst; int rett;      /* the function being walked returns this struct by value, or -1 */
int fnresume;             /* where a nested declarator's body starts, or -1 */
/* Function pointers as VALUES.  curfn: r0 holds one, so `*` of it is itself
   (C99 6.5.3.2p4) -- it loaded eight bytes of code.  curfnst: the struct a
   call through it returns a pointer to, or -1.  fpretfp: the declarator
   just parsed points to a function that itself returns a function pointer. */
int curfn; int curfnst; int fpretfp; int vcst; int vcfn;
int curbool;                /* the lvalue in hand is _Bool [C99 6.3.1.2] */
int fntok = 0 - 1;          /* the name token of the function being walked,
                               for C99's predefined `__func__` */
int curflt; int declflt; int retflt; int retkind; int retsz; int retuns; int slotflt;
/* Pointer DEPTH.  `int **q` is a pointer to a pointer: *q is itself eight
   bytes, and only **q is the int.  A 0/1 pointer flag read *q as a 4-byte
   int -- right in the interpreter, whose addresses fit in 32 bits, and a
   segfault natively.  declpd counts the stars of the declarator being read;
   curpd is the depth of the pointer in r0 and curbase its innermost
   pointee's width. */
int declpd; int declspecpd; int declbase; int curpd; int curbase;
/* `static` inside a function: the object has static storage, named `ls<N>`
   (N the name's token, unique in the unit), initialised once in __init.
   As a frame slot it was whatever the stack last held -- the interpreter's
   fresh, reused stack counted 1 2 3 by luck; a native image did not. */
int declstatic;
int declbool;               /* the declared type is _Bool */
int initflt;              /* an initialiser's element kind, for its slots */
int declspecfpst;         /* a function-pointer typedef's call-result struct */
int havepre;              /* binary()'s leftmost operand is already in r0 */
int initisarr; int initrows; int initrows3; /* the next initaggr is an array; its row lengths */
int fpdim;       /* `(*fs[2])(...)`: an array of that many pointers, or 0 */
int fpadim;      /* `(*p)[4]`: a pointer to an array of that many, or 0 */
int fpfn;        /* `(*f(params))(...)`: f is a FUNCTION; its params start here */
int curstruct;          /* the struct the thing in r0 is, or -1 */
int curdim2;            /* ...and its inner dimension, if it has one */
int curdim3;
int curuns;             /* ...and whether its type is unsigned */
int binuns;             /* the operator in hand works unsigned */
int binwid;             /* ...and the width it wraps at */
int fnvar;              /* the function being compiled takes `...` */
int fnnfixed;           /* ...and this many named parameters */
int nsym;
int scopebase;              /* first local of the current function */

int tp;                     /* current token */
int nlab;                   /* label counter */
int frameoff;               /* bytes of locals allocated so far */
int framemax;
int retlab;

int P_END; int P_GLOBAL; int P_TYPEDEF; int P_STRUCT; int P_ENUM;
int P_DECL; int P_IF; int P_WHILE; int P_FOR; int P_DO; int P_SWITCH;
int P_CASE; int P_DEFAULT; int P_RETURN; int P_BREAK; int P_CONTINUE;
int P_BLOCK; int P_EXPR; int P_NEG; int P_NOT; int P_DEREF; int P_ADDR;
int P_SIZEOF; int P_PRIM; int P_INDEX; int P_CALL; int P_INC; int P_FIELD;
int P_DONE; int P_FNSIG; int P_VARDEF; int P_GOTO;
int P_BNOT; int P_UPLUS; int P_PREINC;
int T_EOF; int T_TYPE; int T_ID; int T_NUM; int T_STR;

int pidx(char *n, int L) { return vfind(PRODV, NPRODV, n, L); }
int tidx(char *n, int L) { return vfind(TOKV, NTOKV, n, L); }

/* forward declarations: our own compiler resolves calls late, but a reference
 * compiler wants them up front */
int expr(void);
int exprc(void);
int unary(void);
int cexpr(void);
int cond(void);
int mbfind(int si, int t);
int eload(int w);
int estore(int w);
int is_typeat(int i);
int typesize(void);
int declspec(void);
int primary(void);
int postfix(void);
int vcall(int var);
int fpdecl(void);
int eatstar(void);
/* which target this binary itself runs on, for `-run` [S-9] */
#ifdef __linux__
#ifdef __aarch64__
#define HOST_TARGET "lnx/arm64"
#else
#define HOST_TARGET "lnx/x86_64"
#endif
#else
#ifdef __aarch64__
#define HOST_TARGET "osx/arm64"
#else
#define HOST_TARGET "osx/x86_64"
#endif
#endif

int bk_build(char *t, int n, char *target);
int bkfd = 1;    /* where the image goes: -o, else stdout.  DEFINED here,
                    once: two definitions of one global become two .bss
                    lines, and the two back ends disagree about which of the
                    two addresses the name means. */
long bk_run(char *t, int n, long argc, long argv);   /* -run [S-9] */
char *runargv[256];
int symlea(int i, int t, char *reg);
int dkind(int flt);
int setkind(int k);
int fltlit(int t);
unsigned long fdec2bin(int p, int n, int f32);
unsigned long fhex2bin(int p, int n, int f32);
int fconv(int from, int to);
int fkind(void);
int argconv(int si, int k);
int callres(int si);
int ftruthy(void);
long fone(int k);
int skipparen(void);
int iswide(int t);
int wdecode(int t, int *cp);
int strw(int t);
int wcp[4096];
int initcountat(int j);
int initaggr(int isglobal, int gt, int off, int w, int sst, int nbytes);
int structslots(int sst);
int cplitexpr(int w, int sst, int isarr, int n);
int emit_binop(int k);
int stmt(void);
int block(void);
int local_decl(void);
int pf_call(int t);
int do_printf(void);
int is_typetok(void);
int push(void);
int pop1(void);
int loadval(void);
int newlab(void);
int elab(char *p, int n);
int en(long v);
int ec(int c);
int etok(int i);
long numval(int t);
int alloc_local(int n);
int sadd(int t, int kind, int off, int elem);
int addlit(char *b, int n);
int decode(int t, char *buf);

int ec(int c) {
    if (toinit) {
        if (nibuf >= MAXIBUF) { __write(2, "initialiser code too large\n", 27); __exit(1); }
        ibuf[nibuf] = c; nibuf = nibuf + 1; return 0;
    }
    if (nout >= MAXOUT) { __write(2, "output buffer full\n", 19); __exit(1); }
    out[nout] = c; nout = nout + 1; return 0;
}

/* ---- irsel: every instruction name is chosen by the net [W-6] -----------
   The emitter writes `@family.flavor` where the Python walker calls
   `recipe(family, flavor)`, and the name is resolved HERE, at the one exit
   every emitted byte passes through -- so no tape mnemonic in this file is
   a hand-made choice.  The recipe -> mnemonic step afterwards is spelling
   (RECIPE_OP on the Python side), not a decision. */
int nask[16];

/* The oracle is a PURE FUNCTION of (stage, key, head) over a domain of
   6,650 keys, and the compiler asks it once per token and once per lowered
   instruction -- so the same question arrives thousands of times and a
   sampling profile of the self-compile put `infer` at the top.
   The answers are memoised.  This does not decide anything: a miss still
   runs the net, the ANSWER is the net's, and `nask` still counts every
   ask, so [A-33] `stages.sh` and `-c -v` see exactly what they saw before.
   Direct-mapped, so a collision costs one extra inference and never a
   wrong answer -- the tag is compared before the value is used. */
#define INFC 16384
/* The slot stores the WHOLE question -- stage, head and all four key
   fields -- and a hit compares every one of them.  The first version
   stored a hash and compared the hash: over the full domain two of the
   15,221 questions share one, so a hit could hand back another question's
   answer without a sound.  And that hash overflowed a signed int, which is
   undefined behaviour, so clang and gcc computed different ones and the
   wrong answer moved between compilers -- Linux CI (gcc) refused a C99
   program the Mac (clang) compiled.  Now the hash only chooses the slot;
   it cannot change an answer, and it cannot overflow: each step is
   reduced before the next multiply. */
int infc_st[INFC]; int infc_hd[INFC]; int infc_k0[INFC]; int infc_k1[INFC];
int infc_k2[INFC]; int infc_k3[INFC]; int infc_val[INFC]; int infc_live[INFC];

int inf(int st, int *key, int head) {
    int r; int h;
    h = st & (INFC - 1);
    h = (h * 31 + (head & 1023)) & (INFC - 1);
    h = (h * 31 + (key[0] & 1023)) & (INFC - 1);
    h = (h * 31 + (key[1] & 1023)) & (INFC - 1);
    h = (h * 31 + (key[2] & 1023)) & (INFC - 1);
    h = (h * 31 + (key[3] & 1023)) & (INFC - 1);
    nask[st] = nask[st] + 1;
    if (infc_live[h]) {
        if (infc_st[h] == st && infc_hd[h] == head && infc_k0[h] == key[0]
            && infc_k1[h] == key[1] && infc_k2[h] == key[2]
            && infc_k3[h] == key[3]) return infc_val[h];
    }
    r = infer(st, key, head);
    if (r < 0) { __write(2, "oracle: key outside the stage's domain\n", 39); __exit(1); }
    infc_st[h] = st; infc_hd[h] = head; infc_k0[h] = key[0];
    infc_k1[h] = key[1]; infc_k2[h] = key[2]; infc_k3[h] = key[3];
    infc_val[h] = r; infc_live[h] = 1;
    return r;
}

/* `unisacc --check-oracle` [A-49]: every question the model can be asked,
   through the cache, compared with the net answering it directly.  Twice --
   forwards and backwards -- because which question evicts which depends on
   the order, and a cache that answers wrong answers wrong only for SOME
   order.  The first version of the cache stored a hash of the question
   instead of the question; this is the check that would have caught it. */
int oracle_n;
int oracle_pass(int dir) {
    int s; int h; int f; int m; int bad; int n; int r0; int r1; int done;
    int key[4]; int lim[4];
    bad = 0; n = 0;
    s = dir > 0 ? 0 : NSTAGE - 1;
    while (s >= 0 && s < NSTAGE) {
        m = STAGE_M[s];
        h = 0;
        while (h < 12) {
            if (STAGE_NCLS[s * 12 + h] > 0) {
                f = 0;
                while (f < 4) {
                    lim[f] = f < m ? STAGE_VN[(s << 2) + f] : 1;
                    key[f] = dir > 0 ? 0 : lim[f] - 1;
                    f = f + 1;
                }
                done = 0;
                while (done == 0) {
                    r1 = inf(s, key, h);
                    r0 = infer(s, key, h);
                    n = n + 1;
                    if (r0 != r1) bad = bad + 1;
                    /* the odometer, in this pass's direction */
                    f = 0;
                    while (1) {
                        if (f >= 4) { done = 1; break; }
                        if (dir > 0) {
                            key[f] = key[f] + 1;
                            if (key[f] < lim[f]) break;
                            key[f] = 0;
                        } else {
                            key[f] = key[f] - 1;
                            if (key[f] >= 0) break;
                            key[f] = lim[f] - 1;
                        }
                        f = f + 1;
                    }
                }
            }
            h = h + 1;
        }
        s = s + dir;
    }
    oracle_n = n;
    return bad;
}

int irsel(char *fam, int fl, char *flav, int vl) {
    int key[4];
    key[0] = vfind(IRFAMV, NIRFAMV, fam, fl);
    key[1] = vfind(IRFLAV, NIRFLAV, flav, vl);
    key[2] = 0; key[3] = 0;
    if (key[0] < 0) { __write(2, "irsel: no family\n", 17); __exit(1); }
    if (key[1] < 0) { __write(2, "irsel: no flavor\n", 17); __exit(1); }
    return inf(S_IRSEL, key, 0);
}

int recrev(int r) {                   /* does recipe r end in `_rev`? */
    int p; int L;
    p = voff(IRRECV, r); L = vlen(IRRECV, r);
    if (L < 4) return 0;
    return srcin(IRRECV + p + L - 4, 4, "_rev");
}

int emitrecipe(int r) {
    int p; int L; int k;
    p = voff(IRRECV, r); L = vlen(IRRECV, r);
    if (recrev(r)) L = L - 4;          /* spelled as its op; es() swaps */
    if (srcin(IRRECV + p, L, "bad")) { __write(2, "irsel: bad recipe\n", 18); __exit(1); }
    if (srcin(IRRECV + p, L, "callpush")) { ec(99); ec(97); ec(108); ec(108); return 0; }
    /* the builtins are spelled with a leading dot */
    if (srcin(IRRECV + p, L, "lea")) ec(46);
    if (srcin(IRRECV + p, L, "ld")) ec(46);
    if (srcin(IRRECV + p, L, "st")) ec(46);
    if (srcin(IRRECV + p, L, "zero")) ec(46);
    if (srcin(IRRECV + p, L, "arg")) ec(46);
    if (srcin(IRRECV + p, L, "frame")) ec(46);
    if (srcin(IRRECV + p, L, "print")) ec(46);
    if (srcin(IRRECV + p, L, "write")) ec(46);
    if (srcin(IRRECV + p, L, "exit")) ec(46);
    k = 0;
    while (k < L) { ec(IRRECV[p + k] & 255); k = k + 1; }
    return 0;
}

int es(char *s) {
    int i; int fs; int fe; int vs; int ve; int r; int k;
    i = 0;
    while (s[i]) {
        if ((s[i] & 255) == 64) {                   /* @family.flavor */
            fs = i + 1; fe = fs;
            while (s[fe]) { if ((s[fe] & 255) == 46) break; fe = fe + 1; }
            vs = fe + 1; ve = vs;
            /* a flavor may have digits: `i2d`, `s2d` */
            while (s[ve]) { if (isal(s[ve] & 255) == 0) { if (isdi(s[ve] & 255) == 0) break; } ve = ve + 1; }
            r = irsel(s + fs, fe - fs, s + vs, ve - vs);
            emitrecipe(r);
            i = ve;
            /* a `_rev` recipe swaps the two sources: " rD, rA, rB" is
               written " rD, rB, rA" -- the net decided, not the caller */
            if (recrev(r)) {
                int c1; int c2; int e;
                c1 = i; while (s[c1] && s[c1] != 44) c1 = c1 + 1;
                c2 = c1 + 1; while (s[c2] && s[c2] != 44) c2 = c2 + 1;
                e = c2 + 1; while (s[e] && s[e] != 10) e = e + 1;
                k = i; while (k <= c1) { ec(s[k] & 255); k = k + 1; }
                k = c2 + 1; while (k < e) { ec(s[k] & 255); k = k + 1; }
                ec(44);
                k = c1 + 1; while (k < c2) { ec(s[k] & 255); k = k + 1; }
                i = e;
            }
            continue;
        }
        ec(s[i] & 255);
        i = i + 1;
    }
    return 0;
}

int en(long v) {
    char b[24]; int n; int neg; unsigned long u;
    neg = 0;
    /* through an unsigned: -v of LONG_MIN is itself, and a signed loop over
       it printed a bare '-' -- the sign bit of a double is exactly that */
    u = v;
    if (v < 0) { neg = 1; u = 0 - u; }
    n = 0;
    if (u == 0) { b[0] = 48; n = 1; }
    while (u > 0) { b[n] = 48 + (u % 10); u = u / 10; n = n + 1; }
    if (neg) ec(45);
    while (n > 0) { n = n - 1; ec(b[n] & 255); }
    return 0;
}

/* C99 6.4.4.1: an integer constant may be hexadecimal, octal or decimal, and
   may carry a u/U/l/L suffix.  Four copies of `v = v * 10 + (c - 48)` got all
   three wrong -- `0xff` came out 7794, `010` came out 10, and `5L` came out
   78, because 'L' - '0' is 28. */
long numval(int t) {
    int k; int n; long v; int c; int base; int d;
    k = 0; n = tlen[t]; v = 0; base = 10;
    /* A character constant is a NUMBER token too, and it had never been
       evaluated: the decimal loop read `'b'` as quote-minus-'0' and so on,
       and nothing noticed until <stdio.h> was compiled here and every
       `putchar('c')` wrote a NUL. */
    if ((src[tpos[t]] & 255) == 39) {
        c = src[tpos[t] + 1] & 255;
        if (c != 92) return c;
        c = src[tpos[t] + 2] & 255;
        if (c == 110) return 10;                  /* \n */
        if (c == 116) return 9;                   /* \t */
        if (c == 114) return 13;                  /* \r */
        if (c == 118) return 11;                  /* \v */
        if (c == 102) return 12;                  /* \f */
        if (c == 98) return 8;                    /* \b */
        if (c == 97) return 7;                    /* \a */
        if (c == 120) {                           /* \xHH */
            k = 3; v = 0;
            while (k < n - 1) {
                c = src[tpos[t] + k] & 255; d = 0 - 1;
                if (isdi(c)) d = c - 48;
                if (c >= 97) { if (c <= 102) d = c - 87; }
                if (c >= 65) { if (c <= 70) d = c - 55; }
                if (d < 0) break;
                v = v * 16 + d; k = k + 1;
            }
            return v;
        }
        if (isdi(c)) {                            /* \ooo */
            k = 2; v = 0;
            while (k < n - 1) {
                c = src[tpos[t] + k] & 255;
                if (c < 48) break;
                if (c > 55) break;
                v = v * 8 + (c - 48); k = k + 1;
            }
            return v;
        }
        return c;                                 /* \\ \' \" \? */
    }
    if (n > 1) { if ((src[tpos[t]] & 255) == 48) {
        c = src[tpos[t] + 1] & 255;
        if (c == 120) { base = 16; k = 2; }
        else { if (c == 88) { base = 16; k = 2; }
               else { base = 8; k = 1; } }
    } }
    while (k < n) {
        c = src[tpos[t] + k] & 255;
        d = 0 - 1;
        if (isdi(c)) d = c - 48;
        if (base == 16) {
            if (c >= 97) { if (c <= 102) d = c - 87; }
            if (c >= 65) { if (c <= 70) d = c - 55; }
        }
        if (d < 0) break;                 /* a suffix, or the end */
        if (d >= base) break;
        v = v * base + d;
        k = k + 1;
    }
    return v;
}

/* One string, in one place: a release is identifiable from the binary. */
#define UNISACC_VERSION "0.0.6"
/* Are two NUL-terminated strings the same? */
int strsame(char *a, char *b) {
    int k;
    k = 0;
    while (a[k] && b[k]) { if (a[k] != b[k]) return 0; k = k + 1; }
    return a[k] == b[k];
}
int curunit;                /* which input file is being walked */
int ustat_is(int t);
int etok(int i) {
    int k; int u;
    k = 0; while (k < tlen[i]) { ec(src[tpos[i] + k] & 255); k = k + 1; }
    /* the suffix travels with the name, so a definition and every use of it
       inside the unit spell it the same way */
    if (ustat_is(i)) {
        es("__u"); u = curunit;
        if (u >= 10) ec(48 + u / 10);
        ec(48 + u % 10);
    }
    return 0;
}

int newlab(void) { nlab = nlab + 1; return nlab; }
int elab(char *p, int n) { es(p); en(n); return 0; }

/* ---- symbols --------------------------------------------------------- */
int sfind(int t) {
    int i; int k; int ok; int n;
    n = tlen[t];
    i = nsym - 1;
    while (i >= 0) {
        k = 0; ok = 1;
        while (symname[i * 32 + k]) {
            if (k >= n) ok = 0;
            if (ok) { if (symname[i * 32 + k] != src[tpos[t] + k]) ok = 0; }
            k = k + 1;
        }
        if (ok) { if (k == n) return i; }
        i = i - 1;
    }
    return 0 - 1;
}

char *inputs[64]; int ninput;   /* the input files, in order */
/* Two units may each have a `static helper`, and they are DIFFERENT
   functions; with no linker there is one namespace, so the later unit's
   statics carry a suffix.  Unit 0 keeps its names, which is why compiling
   one file produces the same tape it always did. */
#define MAXUSTAT 512
char ustat[MAXUSTAT * 32]; int ustat_u[MAXUSTAT]; int nustat;
int ustat_add(int t) {
    int k;
    if (curunit == 0) return 0;
    if (nustat >= MAXUSTAT) return 0;
    k = 0;
    while (k < tlen[t] && k < 31) { ustat[nustat * 32 + k] = src[tpos[t] + k]; k = k + 1; }
    ustat[nustat * 32 + k] = 0;
    ustat_u[nustat] = curunit; nustat = nustat + 1;
    return 0;
}
/* Is this token a static of the unit being walked? */
int ustat_is(int t) {
    int i; int k; int ok;
    if (curunit == 0) return 0;
    i = 0;
    while (i < nustat) {
        if (ustat_u[i] == curunit) {
            k = 0; ok = 1;
            while (ustat[i * 32 + k]) {
                if (k >= tlen[t]) { ok = 0; break; }
                if (ustat[i * 32 + k] != src[tpos[t] + k]) { ok = 0; break; }
                k = k + 1;
            }
            if (ok) { if (k == tlen[t]) return 1; }
        }
        i = i + 1;
    }
    return 0;
}
int pponly;                 /* -E: stop after the preprocessor */
int gdup;                   /* this global was already defined further up */
int declptr;                /* set by the declarator being processed */
int declsz;                 /* the declared type's size, for `sizeof` */
int declbytes;              /* ...times the array length, if it is one */
char lbuf[131072];      /* a string literal can be the whole model blob */
int needslen; int needchb; int needxb;

int sadd(int t, int kind, int off, int elem) {
    int k;
    if (nsym >= MAXSYM) { __write(2, "symbol table full\n", 18); __exit(1); }
    k = 0;
    while (k < tlen[t]) { if (k < 31) symname[nsym * 32 + k] = src[tpos[t] + k]; k = k + 1; }
    if (tlen[t] < 32) symname[nsym * 32 + tlen[t]] = 0;
    symkind[nsym] = kind; symoff[nsym] = off; symelem[nsym] = elem;
    symptr[nsym] = declptr;
    symbytes[nsym] = declbytes;
    symstruct[nsym] = declstruct;
    symdim2[nsym] = decldim2;
    symdim3[nsym] = decldim3;
    symvar[nsym] = 0;
    symunit[nsym] = curunit;
    symuns[nsym] = declunsigned;
    symbool[nsym] = declbool;
    symfp[nsym] = declfp;
    symvla[nsym] = 0;
    symfpret[nsym] = 0; symrfst[nsym] = 0 - 1; symcst[nsym] = 0 - 1;
    symflt[nsym] = declflt; symnpk[nsym] = 0 - 1;
    symptrd[nsym] = 0; symlab[nsym] = 0 - 1;
    if (declptr) symptrd[nsym] = declpd > 0 ? declpd : 1;
    symbase[nsym] = declbase;
    nsym = nsym + 1;
    return nsym - 1;
}

int mfindt(int t) { return mfind(src + tpos[t], tlen[t]); }

/* ---- token helpers --------------------------------------------------- */
int kind(int i) { if (i >= ntok) return T_EOF; return tkind[i]; }
int cur(void) { return kind(tp); }
int adv(void) { tp = tp + 1; return tp - 1; }
int eat(int k) { if (cur() == k) { tp = tp + 1; return 1; } return 0; }

int need(int k, char *what) {
    char msg[64]; int n; int q;
    if (cur() == k) { tp = tp + 1; return 1; }
    /* "expected ';'" -- and the caret goes on the token that is NOT it,
       which is where the eye looks anyway */
    n = 0;
    while ("expected "[n]) { msg[n] = "expected "[n]; n = n + 1; }
    msg[n] = 39; n = n + 1;                         /* a quote */
    q = 0;
    while (what[q] && n < 60) { msg[n] = what[q]; n = n + 1; q = q + 1; }
    msg[n] = 39; n = n + 1;
    msg[n] = 0;
    err_tok(tp, msg);
    return 0;
}

int tdfind(int t);
int infunc;                        /* inside a function body */

/* [W-5] the scope table, asked at the same points and with the same key as
   the Python walker's `sc.act(ctx, tok)`.  Its answer steers nothing on
   EITHER side yet -- see prd.md E-52 -- but a stage the self-hosted
   compiler does not even ask is a stage it has quietly dropped. */
int scopedecl;
int scopeact(char *ctx, int cl, int t) {
    int key[4]; int k;
    k = vfind(SKINDV, NSKINDV, "id", 2);
    if (kind(t) == T_TYPE) k = vfind(SKINDV, NSKINDV, "type_kw", 7);
    /* struct/union/enum open a type name exactly as `int` does */
    if (kind(t) == tidx("struct", 6)) k = vfind(SKINDV, NSKINDV, "type_kw", 7);
    if (kind(t) == tidx("union", 5)) k = vfind(SKINDV, NSKINDV, "type_kw", 7);
    if (kind(t) == tidx("enum", 4)) k = vfind(SKINDV, NSKINDV, "type_kw", 7);
    if (tdfind(t) >= 0) k = vfind(SKINDV, NSKINDV, "typedef_id", 10);
    if (kind(t) == tidx("*", 1)) k = vfind(SKINDV, NSKINDV, "star", 4);
    if (kind(t) == tidx("(", 1)) k = vfind(SKINDV, NSKINDV, "lparen", 6);
    /* a name in declarator or member position is a name by position: a
       typedef name there is being shadowed (C99 6.2.1p4) */
    if (scopedecl) k = vfind(SKINDV, NSKINDV, "id", 2);
    key[0] = vfind(SCTXV, NSCTXV, ctx, cl); key[1] = k; key[2] = 0; key[3] = 0;
    return inf(S_SCOPE, key, 0);
}

int lbind; int gbind;
int actis(int a, char *nm, int L) { return a == vfind(SACTV, NSACTV, nm, L); }

int scopefail(char *what, int t) {
    printf("scope: the table and the walker disagree at token %d (%s)\n", t, what);
    __exit(1);
    return 0;
}

/* [W-5] The table DECIDES where a declared name binds: its answer picks the
   symbol's storage -- 0 a global (a data label), 1 a frame slot. */
int scopebind(char *ctx, int cl, int t) {
    int a;
    scopedecl = 1; a = scopeact(ctx, cl, t); scopedecl = 0;
    if (actis(a, "bind_global", 11)) return 0;
    if (actis(a, "bind_local", 10)) return 1;
    if (actis(a, "bind_param", 10)) return 1;
    scopefail("a binding", t);
    return 0 - 1;
}

int scopewant(char *ctx, int cl, int t, char *nm, int L) {
    if (actis(scopeact(ctx, cl, t), nm, L) == 0) scopefail(nm, t);
    return 0;
}

/* Project the current token onto the parse table's TOK axis.  A typedef name
   lexes as an identifier -- the lexer runs over the whole file before the
   parser sees a line -- but the GRAMMAR has to see a type, or `myint x;`
   goes to the table's `expr` default and is parsed as an expression. */
int tokclass(void) {
    int k;
    k = cur();
    if (k == T_ID) { if (tdfind(tp) >= 0) return T_TYPE; }
    return k;
}

int ask(int nt) { int key[4]; key[0] = nt; key[1] = tokclass(); key[2] = 0; key[3] = 0;
                  return inf(S_PARSE, key, 0); }

/* ---- expressions ----------------------------------------------------- */
int expr(void);

int push(void) { es("  @call.frame 8\n  @mem.store [r7+0], r0\n"); return 0; }
int pop1(void) { es("  @mem.load r1, [r7+0]\n  @call.frame -8\n"); return 0; }

int lvalue;        /* 1 when r0 holds an ADDRESS, not a value */
int curelem;       /* element width of the thing in r0 */
int curptr;        /* 1 when the VALUE in r0 is a pointer (scales +/-) */
int cursize;       /* what `sizeof` would report for the thing in r0 */

/* storage width vs element width: a `char *p` is stored in 8 bytes but its
 * element is 1.  Conflating them stores a single byte of the pointer. */
int stw(void) { if (curptr) return 8; return curelem; }

/* `int` is four bytes here, the same as everywhere else in C, so a load has
   to say how wide it is.  Width 0 means an AGGREGATE -- a struct or an array
   -- whose value is its address, so there is nothing to load. */
/* A struct VALUE is its address; copying one is n bytes [r1] -> [r0].  r0
   survives, so the destination is still the result afterwards. */
int scopy(int n) {
    int k; int w;
    k = 0;
    while (k < n) {
        w = 8;
        while (k + w > n) w = w / 2;
        if (w == 8) { es("  @mem.load r2, [r1+"); en(k); es("]\n  @mem.store [r0+"); en(k); es("], r2\n"); }
        else { es("  @mem.ld r2, [r1+"); en(k); es("], "); en(w);
               es("\n  @mem.st [r0+"); en(k); es("], r2, "); en(w); ec(10); }
        k = k + w;
    }
    return 0;
}

/* Copy the struct value in r0 into a fresh frame slot and leave ITS address
   in r0: a value that outlives the next call (a callee's return buffer is
   shared by every call of it). */
int stemp(int st) {
    int o;
    o = alloc_local(stsize[st]);
    es("  mov r1, r0\n  @lit.imm r0, "); en(o); es("\n  @alu.sub r0, r6, r0\n");
    scopy(stsize[st]);
    return 0;
}

/* ---- bit-fields ------------------------------------------------------
   A bit-field has no address, so its "width" carries everything a load or a
   store needs: the storage unit's size, where in it the field starts, how
   wide it is, and whether it is signed.  Every path that loads or stores
   goes through eload/estore, so reads, writes, ++, `op=` and initialisers
   all work on bit-fields without knowing about them. */
#define BFTAG 1048576
int bfenc(int width, int bofs, int ub, int sig) {
    int ul;
    ul = 0;
    if (ub == 2) ul = 1;
    if (ub == 4) ul = 2;
    if (ub == 8) ul = 3;
    return BFTAG + width + 128 * bofs + 16384 * ul + 65536 * sig;
}
int bfwidth(int w) { return (w - BFTAG) % 128; }
int bfofs(int w) { return ((w - BFTAG) / 128) % 128; }
int bfunit(int w) { int ul; ul = ((w - BFTAG) / 16384) % 4;
    if (ul == 0) return 1; if (ul == 1) return 2; if (ul == 2) return 4; return 8; }
int bfsig(int w) { return (w - BFTAG) / 65536; }

int eload(int w) {
    if (w >= BFTAG) {
        /* up to the top of the register, then back down: an arithmetic
           shift for a signed field, so the sign question answers itself */
        if (bfunit(w) == 8) es("  @mem.load r0, [r0+0]\n");
        else { es("  @mem.ld r0, [r0+0], "); en(bfunit(w)); ec(10); }
        es("  @lit.imm r1, "); en(64 - bfofs(w) - bfwidth(w));
        es("\n  @alu.shl r0, r0, r1\n  @lit.imm r1, "); en(64 - bfwidth(w));
        if (bfsig(w)) es("\n  @alu.shr r0, r0, r1\n");
        else es("\n  @alu.lshr r0, r0, r1\n");
        return 0;
    }
    if (w == 0) return 0;
    if (w == 8) { es("  @mem.load r0, [r0+0]\n"); return 0; }
    es("  @mem.ld r0, [r0+0], "); en(w); ec(10);
    return 0;
}

int estore(int w) {                              /* [r1] = r0 */
    if (w >= BFTAG) {
        /* read, clear the field's bits, or the new ones in, write back;
           r0 -- the assigned value -- survives */
        long mask;
        mask = 1;
        mask = (mask << bfwidth(w)) - 1;
        es("  @lit.imm r2, "); en(mask); es("\n  @alu.and r3, r0, r2\n");
        es("  @lit.imm r2, "); en(bfofs(w)); es("\n  @alu.shl r3, r3, r2\n");
        if (bfunit(w) == 8) es("  @mem.load r4, [r1+0]\n");
        else { es("  @mem.ld r4, [r1+0], "); en(bfunit(w)); ec(10); }
        es("  @lit.imm r2, "); en(0 - (mask << bfofs(w)) - 1);
        es("\n  @alu.and r4, r4, r2\n  @alu.or r4, r4, r3\n");
        if (bfunit(w) == 8) es("  @mem.store [r1+0], r4\n");
        else { es("  @mem.st [r1+0], r4, "); en(bfunit(w)); ec(10); }
        return 0;
    }
    if (w == 0) return 0;
    if (w == 8) { es("  @mem.store [r1+0], r0\n"); return 0; }
    es("  @mem.st [r1+0], r0, "); en(w); ec(10);
    return 0;
}

int loadval(void) {
    int w;
    if (lvalue) {
        w = stw();
        eload(w);
        /* `.ld` sign-extends; an unsigned narrow object must not.  A
           uint8_t of 0xa2 printed as ffffffffffffffa2 until this. */
        if (curuns) { if (curptr == 0) {
            if (w == 1) es("  @lit.imm r2, 255\n  @alu.and r0, r0, r2\n");
            if (w == 2) es("  @lit.imm r2, 65535\n  @alu.and r0, r0, r2\n");
            if (w == 4) es("  @lit.imm r2, 4294967295\n  @alu.and r0, r0, r2\n");
        } }
        lvalue = 0;
    }
    return 0;
}

int primary(void);

/* `(T){...}` as an expression (C99 6.5.2.5): an unnamed object, initialised
   in place.  Inside a function it lives in the frame; at file scope it has
   static storage duration, so it is a data object of its own.  The cursor
   is on the `{`. */
int ncl;
int cplitexpr(int w, int sst, int isarr, int n) {
    int size; int off; int id; int save; int el;
    el = declsz;
    if (sst >= 0) el = stsize[sst];
    if (declptr) el = 8;
    if (isarr) {
        if (n == 0) {
            n = initcountat(tp);
            if (sst >= 0) n = (n + structslots(sst) - 1) / structslots(sst);
        }
        size = n * el;
    } else size = el;
    if (sst >= 0) w = el;
    if (infunc) {
        off = alloc_local(size);
        initisarr = isarr;
        initaggr(0, 0, off, w, sst, size);
        es("  @lit.imm r0, "); en(off); es("\n  @alu.sub r0, r6, r0\n");
    } else {
        /* named after the `{` token, not a counter: expr() parses
           speculatively and rewinds, so this can run twice for one literal
           and must name the same object both times */
        id = tp;
        save = toinit; toinit = 0;
        es(".bss __cl"); en(id); ec(32); en(size); ec(10);
        toinit = save;
        initisarr = isarr;
        initaggr(2, id, 0, w, sst, size);
        es("  @mem.lea r0, __cl"); en(id); ec(10);
    }
    if (isarr) { lvalue = 0; curptr = 1; curelem = w; if (sst >= 0) curelem = el; }
    else { if (sst >= 0) { lvalue = 1; curptr = 0; curelem = 0; }
           else { lvalue = 1; curptr = declptr; curelem = w; if (declptr) curelem = 8; } }
    curstruct = sst; cursize = size; curdim2 = 0; curdim3 = 0;
    return postfix();
}

int unary(void) {
    int p;
    curfn = 0; curfnst = 0 - 1;
    p = ask(2);
    if (p == P_NEG) { adv(); unary(); loadval();
        if (curflt) { if (curptr == 0) {        /* -x flips the sign bit, -0.0 too */
            es("  @lit.imm r1, "); en(curflt == 8 ? (long)1 << 63 : 2147483648); es("\n  @alu.xor r0, r0, r1\n");
            return 0; } }
        es("  @lit.imm r1, 0\n  @alu.sub r0, r1, r0\n"); return 0; }
    if (p == P_NOT) { adv(); unary(); loadval();
        if (curflt) { if (curptr == 0) {        /* !x is x == 0.0 */
            es("  @lit.imm r1, 0\n");
            if (curflt == 8) es("  @fpu.deq r0, r0, r1\n"); else es("  @fpu.seq r0, r0, r1\n");
            setkind(0); cursize = 4; curelem = 4;
            return 0; } }
        es("  @lit.imm r1, 0\n  @alu.eq r0, r0, r1\n"); return 0; }
    if (p == P_DEREF) {
        adv(); unary(); loadval();
        if (curfn) { lvalue = 0; return 0; }     /* *fp is fp */
        lvalue = 1;
        if (curpd >= 2) {                        /* *q of int **q is an int * */
            curpd = curpd - 1; curptr = 1;
            curelem = curpd >= 2 ? 8 : curbase;
        } else { curptr = 0; curpd = 0; }
        return 0;
    }
    if (p == P_BNOT) {                  /* ~x is x ^ -1 */
        adv(); unary(); loadval();
        es("  @lit.imm r1, -1\n  @alu.xor r0, r0, r1\n");
        lvalue = 0; curptr = 0; return 0;
    }
    if (p == P_UPLUS) { adv(); unary(); loadval(); lvalue = 0; return 0; }
    if (p == P_PREINC) {                /* ++x is x += 1, and its value is the new x */
        int op; int e;
        op = cur(); adv();
        unary();
        if (lvalue == 0) err_tok(tp, "++ and -- need an lvalue");
        e = stw();
        lvalue = 0;
        push();                                  /* address */
        eload(e);
        if (curflt) { if (curptr == 0) {         /* a float steps by 1.0 */
            int fk; fk = curflt;
            es("  @lit.imm r1, "); en(fone(fk)); ec(10);
            if (op == tidx("++", 2)) es(fk == 8 ? "  @fpu.dadd r0, r0, r1\n" : "  @fpu.sadd r0, r0, r1\n");
            else es(fk == 8 ? "  @fpu.dsub r0, r0, r1\n" : "  @fpu.ssub r0, r0, r1\n");
            pop1();
            estore(e);
            setkind(fk);
            return 0;
        } }
        es("  @lit.imm r1, ");
        if (curptr) en(curelem); else en(1);
        ec(10);
        if (op == tidx("++", 2)) es("  @alu.add r0, r0, r1\n");
        else es("  @alu.sub r0, r0, r1\n");
        pop1();
        estore(e);
        return 0;
    }
    if (p == P_SIZEOF) {
        int sz; int nsave;
        adv();
        if (cur() == tidx("(", 1)) {
            /* the TABLE decides whether `sizeof (` opens a type name */
            if (actis(scopeact("sizeof", 6, tp + 1), "type_name", 9)) {
                adv();
                declspec();                          /* handles struct too */
                sz = declsz;
                while (eatstar()) sz = 8;
                if (cur() == tidx("[", 1)) {
                    adv(); sz = sz * cexpr(); need(tidx("]", 1), "]");
                }
                need(tidx(")", 1), ")");
                es("  @lit.imm r0, "); en(sz); ec(10);
                lvalue = 0; curelem = 8; curptr = 0;
                return 0;
            }
        }
        /* sizeof EXPR: walk it for its type and throw the code away -- the
           operand of sizeof is not evaluated [C99 6.5.3.4p2]. */
        nsave = nout;
        cursize = 8;                       /* an expression with no symbol */
        curvla = 0;
        unary();
        nout = nsave;
        sz = cursize;
        if (curvla) { es("  @mem.load r0, [r6-"); en(curvla); es("]\n"); curvla = 0; }
        else { es("  @lit.imm r0, "); en(sz); ec(10); }
        lvalue = 0; curelem = 8; curptr = 0;
        return 0;
    }
    if (p == P_ADDR) { adv(); unary();
        /* &x: a pointer one deeper than x */
        if (lvalue) {
            if (curptr) { curpd = curpd + 1; curelem = 8; }
            else { curbase = curelem; if (curstruct >= 0) { curbase = stsize[curstruct]; }
                   curelem = curbase; curpd = 1; if (curflt) curelem = curflt; }
            curptr = 1;
        }
        lvalue = 0; return 0; }
    /* a cast: `(TYPE) unary`.  The table calls this `prim`, because `(` is
       all it can see -- whether a type name follows is the walker's job. */
    if (cur() == tidx("(", 1)) {
        if (is_typeat(tp + 1)) {
            int cw; int csz; int cuns; int cst; int carr; int cn; int cflt; int ok; int cpd;
            adv();
            cw = declspec(); csz = declsz; cuns = declunsigned; cst = declstruct; cflt = declflt;
            declptr = declspecptr; declpd = declspecpd;
            while (eatstar()) { declptr = 1; csz = 8; }
            cpd = declpd;
            if (cur() == tidx("(", 1)) { if (kind(tp + 1) == tidx("*", 1)) {
                adv(); while (eatstar()) { }
                need(tidx(")", 1), ")");
                if (cur() == tidx("(", 1)) skipparen();
                declptr = 1; csz = 8;
            } }
            carr = 0; cn = 0;
            if (cur() == tidx("[", 1)) {
                adv(); carr = 1;
                if (cur() != tidx("]", 1)) cn = cexpr();
                need(tidx("]", 1), "]");
            }
            need(tidx(")", 1), ")");
            if (cur() == tidx("{", 1)) return cplitexpr(cw, cst, carr, cn);
            unary(); loadval();
            /* C99 6.3.1.4-5 at a cast: to or from a floating type */
            ok = fkind();
            if (declptr == 0) {
                if (cflt) fconv(ok, cflt);
                else { if (ok >= 4) fconv(ok, (cuns && csz == 8) ? 1 : 0); }
            }
            /* narrowing is observable: `(char)300` is 44.  The tape has
               sized load/store, so a round trip through a stack slot is the
               whole of it -- and it sign-extends on the way back. */
            if (declptr == 0) { if (cflt == 0) {
                if (csz < 8) {
                    if (cuns) {
                        /* unsigned: keep the low bits, zero the rest --
                           `(unsigned char)255 >> 4` is 15, not -1 */
                        if (csz == 1) es("  @lit.imm r2, 255\n  @alu.and r0, r0, r2\n");
                        if (csz == 2) es("  @lit.imm r2, 65535\n  @alu.and r0, r0, r2\n");
                        if (csz == 4) es("  @lit.imm r2, 4294967295\n  @alu.and r0, r0, r2\n");
                    } else {
                        es("  @call.frame 8\n  @mem.st [r7+0], r0, "); en(csz);
                        es("\n  @mem.ld r0, [r7+0], "); en(csz);
                        es("\n  @call.frame -8\n");
                    }
                }
            } }
            lvalue = 0; curptr = declptr; cursize = csz; curuns = cuns; curflt = cflt;
            curelem = cw;
            curpd = 0; curbase = cw;
            if (declptr) { curpd = cpd > 0 ? cpd : 1; if (curpd >= 2) curelem = 8; }
            if (declptr) curelem = cw;
            /* `(struct S *)p` -- the member access after it needs the type */
            curstruct = 0 - 1;
            if (declptr) { if (cst >= 0) { curstruct = cst; curelem = stsize[cst]; } }
            return 0;
        }
    }
    return primary();
}

int postfix(void) {
    int p; int e;
    while (1) {
        p = ask(3);
        if (p == P_CALL) {
            /* a call through whatever the expression produced: `pick()(3, 4)`,
               `s->f(5, 6)`.  The parse table said `call`; do it. */
            vcst = curfnst;
            loadval();
            return vcall(0);
        }
        if (p == P_INC) {
            int op; int e2; int step; int ce;
            op = cur(); adv();
            e2 = stw();
            /* a pointer steps by its ELEMENT (C99 6.5.6p8) -- it stepped by
               one byte, and only char pointers had ever been tested */
            ce = curelem;
            step = 1;
            if (curptr) step = curelem;
            lvalue = 0;
            push();                                  /* address */
            eload(e2);
            if (curflt) { if (curptr == 0) {
                /* (x + 1) - 1 is not x in floating point: keep the old value
                   itself.  Stack: address, old value. */
                int fk; fk = curflt;
                push();
                es("  @lit.imm r1, "); en(fone(fk)); ec(10);
                if (op == tidx("++", 2)) es(fk == 8 ? "  @fpu.dadd r0, r0, r1\n" : "  @fpu.sadd r0, r0, r1\n");
                else es(fk == 8 ? "  @fpu.dsub r0, r0, r1\n" : "  @fpu.ssub r0, r0, r1\n");
                es("  @mem.load r1, [r7+8]\n");
                estore(e2);
                es("  @mem.load r0, [r7+0]\n  @call.frame -16\n");
                setkind(fk);
                continue;
            } }
            push();                                  /* old value */
            es("  @lit.imm r0, "); en(step); ec(10);
            if (op == tidx("++", 2)) emit_binop(tidx("+", 1));
            else emit_binop(tidx("-", 1));
            pop1();                                  /* address */
            estore(e2);
            es("  @lit.imm r2, "); en(step); ec(10);
            if (op == tidx("++", 2)) es("  @alu.sub r0, r0, r2\n");
            else es("  @alu.add r0, r0, r2\n");
            /* the value is the old pointer, still pointing at elements */
            curelem = e2;
            if (curptr) curelem = ce;
        } else {
        if (p == P_FIELD) {
            int isarrow; int mi; int mt;
            isarrow = 0;
            if (cur() == tidx("->", 2)) isarrow = 1;
            adv();
            if (isarrow) loadval();          /* the pointer's VALUE is the base */
            if (curstruct < 0) {
                err_tok(tp, "member access on something that is not a struct");
                __exit(1);
            }
            scopedecl = 1; scopewant("field", 5, tp, "field", 5); scopedecl = 0;
            mt = adv();
            mi = mbfind(curstruct, mt);
            if (mi < 0) {
                err_tok(mt, "no such member");
                __exit(1);
            }
            if (mboff[mi]) {
                es("  @lit.imm r2, "); en(mboff[mi]);
                es("\n  @alu.add r0, r0, r2\n");
            }
            lvalue = 1;
            curelem = mbwidth[mi];
            curptr = mbptr[mi];
            if (curptr) curelem = mbelem[mi];
            curpd = 0; curbase = mbelem[mi];
            if (curptr) { curpd = mbptrd[mi]; if (curpd >= 2) curelem = 8; }
            cursize = mbbytes[mi];
            curstruct = mbstruct[mi];
            /* `p->q->b`: a pointer member hands its pointee on */
            if (mbptr[mi]) { curstruct = mbpst[mi]; if (curstruct >= 0) curelem = stsize[curstruct]; }
            curuns = mbuns[mi]; curbool = mbbool[mi];
            curflt = mbflt[mi];
            if (mbwidth[mi] == 0) { if (mbptr[mi] == 0) {
                /* an array or a nested struct: the value IS the address */
                if (mbstruct[mi] < 0) { lvalue = 0; curptr = 1;
                                        curelem = mbelem[mi]; }
            } }
        } else {
        if (p == P_INDEX) {
            int row; int uu; int ist; int ifl; int ipd; int ibase;
            curvla = 0;
            ipd = curpd; ibase = curbase;
            adv();
            ist = curstruct;                 /* the index expression resets it */
            ifl = curflt;
            e = curelem;
            row = curdim2;
            uu = curuns;                     /* the ELEMENT's, not the index's */
            if (row > 0) e = e * row;        /* the first index of `a[n][m]` */
            loadval();
            push();
            expr(); loadval();
            if (e != 1) { es("  @lit.imm r2, "); en(e); es("\n  @alu.mul r0, r0, r2\n"); }
            pop1();
            es("  @alu.add r0, r1, r0\n");
            need(vfind(TOKV, NTOKV, "]", 1), "]");
            cursize = e;
            curuns = uu;
            if (row > 0) {
                /* a row is itself an array: its VALUE is its address */
                curelem = e / row; curptr = 1; lvalue = 0;
                /* a[i] of a[n][m][k] is itself an [m][k]: its rows are k long */
                curdim2 = curdim3; curdim3 = 0;
            } else { lvalue = 1; curelem = e; curptr = 0; }
            /* an element of a struct array is itself an aggregate: its value
               is its address, and assigning it copies the whole struct */
            curstruct = ist;
            curflt = ifl;
            if (ist >= 0) { if (row == 0) curelem = 0; }
            /* an element of an array of pointers, or q[i] of int **q, is a
               pointer itself */
            curpd = 0;
            if (row == 0) { if (ipd >= 2) {
                curptr = 1; curpd = ipd - 1; curbase = ibase;
                curelem = curpd >= 2 ? 8 : ibase;
            } }
        } else {
            return 0;
        } } }
    }
    return 0;
}

int pf_call(int t);

/* A call through a variable that holds a function's address.  The callee
   goes on the stack UNDER the arguments; the convention is the pointee's --
   stacked if it is variadic (declfp 2) or the call has more than six. */
int icparen;
int vcall(int var);
int fpdecl(void);
int initcountat(int j);
int initaggr(int isglobal, int gt, int off, int w, int sst, int nbytes);
int structslots(int sst);
int cplitexpr(int w, int sst, int isarr, int n);
int icall(int si, int t) {
    int n; int k; int st;
    if (symkind[si] == 0) { symlea(si, t, "r0"); es("  @mem.load r0, [r0+0]\n"); }
    else { es("  @mem.load r0, [r6-"); en(symoff[si]); es("]\n"); }
    adv();
    if (icparen) { icparen = 0; need(tidx(")", 1), ")"); }
    vcst = symcst[si];
    vcfn = symfpret[si];
    return vcall(symfp[si] == 2);
}

/* The callee's address is in r0 and the cursor is on the `(`.  `var` says
   the pointee is variadic, which puts every argument on the tape stack. */
int vcall(int var) {
    int n; int k; int st;
    push();
    need(tidx("(", 1), "(");
    n = 0;
    while (cur() != tidx(")", 1)) {
        expr(); loadval(); argconv(0 - 1, n); push(); n = n + 1;
        if (eat(tidx(",", 1)) == 0) break;
    }
    need(tidx(")", 1), ")");
    st = 0;
    if (var) st = 1;
    if (n > 6) st = 1;
    if (st) {
        k = 0;
        while (k < n / 2) {
            es("  @mem.load r2, [r7+"); en(8 * k); es("]\n");
            es("  @mem.load r1, [r7+"); en(8 * (n - 1 - k)); es("]\n");
            es("  @mem.store [r7+"); en(8 * k); es("], r1\n");
            es("  @mem.store [r7+"); en(8 * (n - 1 - k)); es("], r2\n");
            k = k + 1;
        }
        es("  @mem.load r5, [r7+"); en(8 * n); es("]\n  @call.callr r5\n");
        es("  @call.frame -"); en(8 * (n + 1)); ec(10);
    } else {
        if (n > 5) { printf("indirect call: six register arguments leave no register for the callee\n"); __exit(1); }
        k = n - 1;
        while (k >= 0) { es("  @mem.load r"); en(k); es(", [r7+0]\n  @call.frame -8\n"); k = k - 1; }
        es("  @mem.load r5, [r7+0]\n  @call.frame -8\n  @call.callr r5\n");
    }
    lvalue = 0; curelem = 8; curptr = 0; curuns = 0; cursize = 8; curstruct = 0 - 1;
    curfn = 0; curfnst = 0 - 1; curflt = 0;
    /* the pointee returns a struct pointer: `go()()->zerofunc` */
    if (vcst >= 0) { curstruct = vcst; curptr = 1; curelem = stsize[vcst]; }
    vcst = 0 - 1;
    if (vcfn) { curfn = 1; vcfn = 0; }
    return postfix();
}

int primary(void) {
    int t; int i; long v; int k;
    t = cur();
    curuns = 0; curflt = 0;
    if (t == T_NUM) { if (fltlit(tp)) {
        /* a floating constant: its bits, rounded once from the decimal */
        int fk; fk = fltlit(tp);
        es("  @lit.imm r0, ");
        if (tlen[tp] > 1 && (src[tpos[tp]] & 255) == 48
            && ((src[tpos[tp] + 1] & 255) == 120 || (src[tpos[tp] + 1] & 255) == 88))
            en(fhex2bin(tpos[tp], tlen[tp], fk == 4));
        else en(fdec2bin(tpos[tp], tlen[tp], fk == 4));
        ec(10);
        adv();
        setkind(fk);
        return postfix();
    } }
    if (t == T_NUM) {
        v = numval(tp);
        /* C99 6.4.4.1: a constant is an int if it fits, else a long; an
           l/L suffix makes it a long outright.  `sizeof 1L` is 8. */
        cursize = 4;
        if (v > 2147483647) cursize = 8;
        if (v < 0 - 2147483647) cursize = 8;
        k = 0;
        while (k < tlen[tp]) {
            if ((src[tpos[tp] + k] & 255) == 108) cursize = 8;
            if ((src[tpos[tp] + k] & 255) == 76) cursize = 8;
            k = k + 1;
        }
        if ((src[tpos[tp]] & 255) == 39) cursize = 4;      /* 'x' is an int */
        /* C99 6.4.4.1: a HEX or OCTAL constant takes the first of int,
           unsigned int, long, unsigned long that holds it -- so 0xffffffff
           is an unsigned int, and `s == 0xffffffff` compares in 32 bits. */
        if ((src[tpos[tp]] & 255) == 48) { if (tlen[tp] > 1) {
            if (v > 2147483647) { if (v <= 4294967295) { cursize = 4; curuns = 1; } }
        } }
        k = 0;
        while (k < tlen[tp]) {
            if ((src[tpos[tp] + k] & 255) == 117) curuns = 1;   /* u */
            if ((src[tpos[tp] + k] & 255) == 85) curuns = 1;    /* U */
            k = k + 1;
        }
        adv();
        es("  @lit.imm r0, "); en(v); ec(10);
        lvalue = 0; curelem = cursize; curptr = 0;
        return postfix();
    }
    if (t == T_STR) { if (iswide(tp)) {
        int wn; int wk;
        wn = wdecode(adv(), wcp);
        wk = 0;
        while (wk <= wn) {                          /* with its terminator */
            int wv; wv = 0;
            if (wk < wn) wv = wcp[wk];
            lbuf[wk * 4] = wv & 255; lbuf[wk * 4 + 1] = (wv >> 8) & 255;
            lbuf[wk * 4 + 2] = (wv >> 16) & 255; lbuf[wk * 4 + 3] = (wv >> 24) & 255;
            wk = wk + 1;
        }
        i = addlit(lbuf, (wn + 1) * 4);
        es("  @mem.lea r0, S"); en(i); ec(10);
        lvalue = 0; curelem = 4; curptr = 1;
        return postfix();
    } }
    /* C99 6.4.2.2: inside a function, `__func__` is declared as if by
       `static const char __func__[] = "name";`.  It is not an identifier
       to look up -- there is no such symbol -- so it is answered here,
       with the name of the function being walked. */
    if (t == T_ID) { if (srcis(tpos[tp], tlen[tp], "__func__")) {
        int fl;
        adv();
        if (fntok < 0) { i = addlit("", 0); }
        else {
            fl = 0;
            while (fl < tlen[fntok] && fl < 120) {
                lbuf[fl] = src[tpos[fntok] + fl]; fl = fl + 1;
            }
            lbuf[fl] = 0;
            i = addlit(lbuf, fl + 1);
        }
        es("  @mem.lea r0, S"); en(i); ec(10);
        lvalue = 0; curelem = 1; curptr = 1;
        return postfix();
    } }
    if (t == T_STR) {
        i = nlab; nlab = nlab + 1;
        i = addlit(lbuf, decode(adv(), lbuf));
        es("  @mem.lea r0, S"); en(i); ec(10);
        lvalue = 0; curelem = 1; curptr = 1;
        return postfix();
    }
    if (t == vfind(TOKV, NTOKV, "(", 1)) {
        /* `(*fp)(args)`: dereferencing a function pointer gives back the
           designator (C99 6.5.3.2p4), so it is the call `fp(args)` */
        if (kind(tp + 1) == tidx("*", 1)) { if (kind(tp + 2) == T_ID) {
            if (kind(tp + 3) == tidx(")", 1)) { if (kind(tp + 4) == tidx("(", 1)) {
                i = sfind(tp + 2);
                if (i >= 0) { if (symfp[i]) {
                    adv(); adv(); icparen = 1;
                    return icall(i, tp);
                } }
            } }
        } }
        /* `( expr )` is a parenthesised expression, and inside the
           parentheses the COMMA OPERATOR is in scope: `(a++, b++, c)`
           evaluates all three and has c's value.  This used to call
           expr(), which stops at the comma, so the `)` never arrived. */
        adv(); exprc(); need(vfind(TOKV, NTOKV, ")", 1), ")");
        return postfix();
    }
    if (t == T_ID) {
        scopewant("expr", 4, tp, "lookup", 6);
        if (kind(tp + 1) == vfind(TOKV, NTOKV, "(", 1)) {
            i = sfind(tp);
            /* a function is never a pointer variable, even when it RETURNS
               one (`binop pick(void)` carries binop's fp flag) */
            if (i >= 0) { if (symfp[i]) { if (symkind[i] != 2) return icall(i, tp); } }
            return pf_call(adv());
        }
        i = mfindt(tp);
        if (i >= 0) { if (machas[i]) {
            es("  @lit.imm r0, "); en(macval[i]); ec(10);
            adv(); lvalue = 0; curelem = 8; curptr = 0;
            return postfix();
        } }
        i = sfind(tp);
        if (i < 0) err_tok(tp, "unknown identifier");
        cursize = symbytes[i];           /* what `sizeof` reports for it */
        curvla = symvla[i];
        curflt = symflt[i];
        curstruct = symstruct[i];
        curdim2 = symdim2[i];
        curdim3 = symdim3[i];
        curuns = symuns[i]; curbool = symbool[i];
        if (symkind[i] == 2) {           /* a function designator */
            es("  @mem.lea r0, "); etok(tp); ec(10);
            adv(); lvalue = 0; curelem = 8; curptr = 0; cursize = 8;
            curfn = 1; curfnst = 0 - 1; curflt = 0;
            return postfix();
        }
        if (symkind[i] == 4) {           /* enum constant */
            es("  @lit.imm r0, "); en(symoff[i]); ec(10);
            adv(); lvalue = 0; curelem = 8;
            return postfix();
        }
        if (symkind[i] == 5) {               /* global array -> its address */
            symlea(i, tp, "r0");
            curelem = symelem[i]; curptr = 1;
            curpd = symptrd[i]; curbase = symbase[i]; if (curpd >= 2) curelem = 8;
            adv(); lvalue = 0;
            return postfix();
        }
        if (symkind[i] == 0) symlea(i, tp, "r0");
        else { es("  @lit.imm r2, "); en(symoff[i]); es("\n  @alu.sub r0, r6, r2\n"); }
        curelem = symelem[i];
        curptr = symptr[i];
        /* a pointer to a struct steps by the STRUCT: its element width was
           the specifier's 8, so `r++` on a 16-byte struct went half-way */
        if (curptr) { if (symstruct[i] >= 0) { if (symkind[i] != 3) curelem = stsize[symstruct[i]]; } }
        curpd = 0; curbase = symbase[i];
        if (curptr) { curpd = symptrd[i]; if (curpd >= 2) curelem = 8; }
        adv();
        lvalue = 1;
        if (symkind[i] == 3) { lvalue = 0; curptr = 1; }   /* array -> address */
        if (symstruct[i] >= 0) { if (symptr[i] == 0) {
            /* a struct object: assignable, and its value is its address */
            lvalue = 1; curptr = 0; curelem = 0;
        } }
        return postfix();
    }
    err_tok(tp, "this is not the start of an expression");
    return 0;
}


/* ---- string literal pool --------------------------------------------- */
#define MAXPOOL 1048576
char pool[MAXPOOL];
#define MAXLIT 4096
int plpos[MAXLIT];
int pllen[MAXLIT];
int npool;
int poolend;

int addlit(char *b, int n) {
    int k;
    if (poolend + n >= MAXPOOL) { __write(2, "literal pool full\n", 18); __exit(1); }
    if (npool >= MAXLIT) { __write(2, "too many literals\n", 18); __exit(1); }
    plpos[npool] = poolend; pllen[npool] = n;
    k = 0;
    while (k < n) { pool[poolend + k] = b[k]; k = k + 1; }
    poolend = poolend + n;
    npool = npool + 1;
    return npool - 1;
}

int hexd(int v) { if (v < 10) return 48 + v; return 87 + v; }

int emit_pool(void) {
    int i; int k; int c;
    i = 0;
    while (i < npool) {
        es(".str S"); en(i); es(" \"");
        k = 0;
        while (k < pllen[i]) {
            c = pool[plpos[i] + k] & 255;
            if (c == 34) { ec(92); ec(34); }
            else { if (c == 92) { ec(92); ec(92); }
            else { if (c >= 32) { if (c < 127) ec(c); else {
                       ec(92); ec(120); ec(hexd(c / 16)); ec(hexd(c % 16)); } }
                   else { ec(92); ec(120); ec(hexd(c / 16)); ec(hexd(c % 16)); } } }
            k = k + 1;
        }
        es("\\x00\"\n");          /* C strings are NUL terminated */
        i = i + 1;
    }
    return 0;
}

/* decode a C string literal token into buf, return its length */
int decode(int t, char *buf) {
    int k; int n; int c;
    k = 1; n = 0;
    while (k < tlen[t] - 1) {
        c = src[tpos[t] + k] & 255;
        if (c == 34) {                 /* the seam between two literals */
            k = k + 1;
            while (k < tlen[t] - 1) {
                c = src[tpos[t] + k] & 255;
                if (c == 34) { k = k + 1; break; }
                k = k + 1;
            }
            continue;
        }
        if (c == 92) {
            k = k + 1;
            c = src[tpos[t] + k] & 255;
            if (c == 110) c = 10;
            else { if (c == 116) c = 9; else {
                   if (c >= 48) { if (c <= 55) {    /* \N, \NN, \NNN octal */
                       int ov; int od;
                       ov = 0; od = 0;
                       while (od < 3) {
                           c = src[tpos[t] + k] & 255;
                           if (c < 48) break;
                           if (c > 55) break;
                           ov = ov * 8 + (c - 48);
                           k = k + 1; od = od + 1;
                       }
                       k = k - 1;
                       c = ov & 255;
                   } }
                   if (c == 114) c = 13; else {
                   if (c == 120) {            /* \xNN */
                       int h1; int h2;
                       h1 = src[tpos[t] + k + 1] & 255;
                       h2 = src[tpos[t] + k + 2] & 255;
                       if (h1 >= 97) h1 = h1 - 87; else { if (h1 >= 65) h1 = h1 - 55; else h1 = h1 - 48; }
                       if (h2 >= 97) h2 = h2 - 87; else { if (h2 >= 65) h2 = h2 - 55; else h2 = h2 - 48; }
                       c = h1 * 16 + h2;
                       k = k + 2;
                   } } } }
        }
        buf[n] = c; n = n + 1;
        k = k + 1;
    }
    return n;
}


int do_printf(void) {
    int t; int k; int n; int c; int m; int id; int pass; int j; int slot[32];
    char fbuf[4096];
    need(vfind(TOKV, NTOKV, "(", 1), "(");
    if (cur() != T_STR) { printf("printf needs a literal format\n"); __exit(1); }
    t = adv();
    n = decode(t, fbuf);
    /* Two passes over the format, as the Python walker does: pass 0
       evaluates every argument into a frame slot of its own, pass 1 writes.
       Interleaving was observable -- `printf("a %d\n", f())` wrote `a `
       before calling f, and f's own output came out after it. */
    pass = 0;
    while (pass < 2) {
    k = 0; m = 0; j = 0;
    while (k < n) {
        c = fbuf[k] & 255;
        if (c == 37) {
            k = k + 1;
            /* flags, width, precision and the length modifiers.  None of
               them change WHICH conversion this is, and the length modifier
               least of all -- `%ld` prints the same 64-bit value `%d` does,
               and refusing it only refused the program. */
            while (k < n) {
                c = fbuf[k] & 255;
                if (c == 45) { k = k + 1; continue; }        /* - */
                if (c == 43) { k = k + 1; continue; }        /* + */
                if (c == 32) { k = k + 1; continue; }
                if (c == 35) { k = k + 1; continue; }        /* # */
                if (c == 48) { k = k + 1; continue; }        /* 0 */
                break;
            }
            while (k < n) { if (isdi(fbuf[k] & 255) == 0) break; k = k + 1; }
            if (k < n) { if ((fbuf[k] & 255) == 46) {
                k = k + 1;
                while (k < n) { if (isdi(fbuf[k] & 255) == 0) break; k = k + 1; }
            } }
            while (k < n) {
                c = fbuf[k] & 255;
                if (c == 104) { k = k + 1; continue; }       /* h */
                if (c == 108) { k = k + 1; continue; }       /* l */
                if (c == 76) { k = k + 1; continue; }        /* L */
                if (c == 122) { k = k + 1; continue; }       /* z */
                if (c == 106) { k = k + 1; continue; }       /* j */
                if (c == 116) { k = k + 1; continue; }       /* t */
                break;
            }
            c = fbuf[k] & 255;
            if (c == 37) { lbuf[m] = 37; m = m + 1; k = k + 1; }
            else if (pass == 0) {
                need(vfind(TOKV, NTOKV, ",", 1), ",");
                expr(); loadval();
                if (j >= 32) { printf("printf: more than 32 arguments\n"); __exit(1); }
                slot[j] = alloc_local(8);
                es("  @mem.store [r6-"); en(slot[j]); es("], r0\n");
                j = j + 1; m = 0; k = k + 1;
            } else {
                if (m > 0) {
                    id = addlit(lbuf, m);
                    es("  @mem.lea r0, S"); en(id); es("\n  @lit.imm r1, "); en(m);
                    es("\n  @lit.write r0, r1\n");
                    m = 0;
                }
                es("  @mem.load r0, [r6-"); en(slot[j]); es("]\n");
                j = j + 1;
                /* which routine prints this conversion: the pfconv stage */
                {   char cc[2]; int key[4]; int h; char *hn;
                    cc[0] = c; cc[1] = 0;
                    key[0] = vfind(BF_PFCONV_0, NBF_PFCONV_0, cc, 1);
                    if (key[0] < 0) { printf("printf: unsupported conversion\n"); __exit(1); }
                    key[1] = 0; key[2] = 0; key[3] = 0;
                    h = inf(S_PFCONV, key, 0);
                    hn = BH_PFCONV_Y + voff(BH_PFCONV_Y, h);
                    c = 0;
                    if (hn[0] == 105) c = 100;                       /* int */
                    if (hn[0] == 117) c = 117;                       /* u32 */
                    if (hn[0] == 104) c = 120;                       /* hex */
                    if (hn[0] == 72) c = 88;                         /* HEX */
                    if (hn[0] == 111) c = 111;                       /* oct */
                    if (hn[0] == 99) c = 99;                         /* chr */
                    if (hn[0] == 115) c = 115;                       /* str */
                }
                /* c now names the ROUTINE the net chose, not the letter */
                if (c == 100) es("  @lit.print r0\n");
                else { if (c == 117) {           /* the low 32 bits */
                    es("  @lit.imm r2, 4294967295\n  @alu.and r0, r0, r2\n  @lit.print r0\n");
                } else { if (c == 120) { needxb = 1;         /* hex */
                    es("  @lit.imm r1, 16\n  @lit.imm r2, 97\n  @call.call __itoab\n"
                       "  @lit.write r0, r1\n");
                } else { if (c == 88) { needxb = 1;          /* HEX */
                    es("  @lit.imm r1, 16\n  @lit.imm r2, 65\n  @call.call __itoab\n"
                       "  @lit.write r0, r1\n");
                } else { if (c == 111) { needxb = 1;         /* oct */
                    es("  @lit.imm r1, 8\n  @lit.imm r2, 97\n  @call.call __itoab\n"
                       "  @lit.write r0, r1\n");
                } else { if (c == 99) {          /* chr */
                    es("  mov r2, r0\n  @mem.lea r0, __chb\n  @mem.st [r0+0], r2, 1\n"
                       "  @lit.imm r1, 1\n  @lit.write r0, r1\n");
                    needchb = 1;
                } else { if (c == 115) {         /* %s */
                    es("  @call.frame 8\n  @mem.store [r7+0], r0\n  @call.call __slen\n"
                       "  mov r1, r0\n  @mem.load r0, [r7+0]\n  @call.frame -8\n"
                       "  @lit.write r0, r1\n");
                    needslen = 1;
                } else { printf("printf: unsupported conversion\n"); __exit(1); }
                } } } } } }
                k = k + 1;
            }
        } else { lbuf[m] = c; m = m + 1; k = k + 1; }
    }
    if (pass == 0) need(vfind(TOKV, NTOKV, ")", 1), ")");
    pass = pass + 1;
    }
    if (m > 0) {
        id = addlit(lbuf, m);
        es("  @mem.lea r0, S"); en(id); es("\n  @lit.imm r1, "); en(m);
        es("\n  @lit.write r0, r1\n");
    }
    es("  @lit.imm r0, 0\n");
    lvalue = 0; curelem = 8;
    return 0;
}

/* ---- calls ----------------------------------------------------------- */
int isname(int t, char *nm, int L) {
    int k;
    if (tlen[t] != L) return 0;
    k = 0;
    while (k < L) { if ((src[tpos[t] + k] & 255) != (nm[k] & 255)) return 0; k = k + 1; }
    return 1;
}

int sysargs(int n) {                 /* pop n args into r0..r2, zero the rest */
    int k;
    k = n - 1;
    while (k >= 0) { es("  @mem.load r"); en(k); es(", [r7+0]\n  @call.frame -8\n"); k = k - 1; }
    k = n;
    while (k < 3) { es("  @lit.imm r"); en(k); es(", 0\n"); k = k + 1; }
    return 0;
}

int sysargs6(int n) {                /* the same, into r0..r5: `mmap` [.sys6] */
    int k;
    k = n - 1;
    while (k >= 0) { es("  @mem.load r"); en(k); es(", [r7+0]\n  @call.frame -8\n"); k = k - 1; }
    k = n;
    while (k < 6) { es("  @lit.imm r"); en(k); es(", 0\n"); k = k + 1; }
    return 0;
}

/* Does this literal format need the RUNTIME formatter -- a flag, a width,
   a precision?  The desugared printf writes each conversion bare; the
   library's `_u_vfmt` does the padding, and it is ordinary C that this
   compiler now compiles, so the two front ends format through the same
   code. */
int fmtneedsrt(int ft) {
    int k; int e; int c;
    k = tpos[ft] + 1; e = tpos[ft] + tlen[ft] - 1;
    while (k < e) {
        if ((src[k] & 255) == 92) { k = k + 2; continue; }
        if ((src[k] & 255) == 37) {
            c = src[k + 1] & 255;
            if (c == 37) { k = k + 2; continue; }
            if (c == 102 || c == 70 || c == 101 || c == 69 || c == 103 || c == 71
                || c == 97 || c == 65) return 1;          /* %f %e %g %a */
            if (c == 108 || c == 122 || c == 106 || c == 116) {   /* %lu %lx %lo */
                int c2; c2 = src[k + 2] & 255;
                if (c2 == 108) c2 = src[k + 3] & 255;
                if (c2 == 117 || c2 == 120 || c2 == 88 || c2 == 111) return 1;
            }
            if (c == 45) return 1;              /* - */
            if (c == 43) return 1;              /* + */
            if (c == 32) return 1;
            if (c == 35) return 1;              /* # */
            if (c == 46) return 1;              /* . */
            if (isdi(c)) return 1;              /* 0 or a width */
        }
        k = k + 1;
    }
    return 0;
}

/* An argument to parameter k of function si: converted to the parameter's
   type when a prototype gave one, else the default argument promotions --
   float becomes double (C99 6.5.2.2p6-7), which is what `...` receives. */
int argconv(int si, int k) {
    if (si >= 0) { if (symkind[si] == 2) { if (symnpk[si] > k) { if (k < 8) {
        fconv(fkind(), sympk[si * 8 + k]);
        return 0;
    } } } }
    if (curflt == 4) { if (curptr == 0) fconv(4, 8); }
    return 0;
}
/* what a call of si hands back: a float or double, when it returns one */
int callres(int si) {
    curflt = 0;
    if (si >= 0) { if (symkind[si] == 2) { if (symptr[si] == 0) { if (symflt[si]) {
        curflt = symflt[si]; cursize = curflt; curelem = curflt;
    } } } }
    return 0;
}

int pf_call(int t) {
    int n; int k; int psi;
    /* a call's value is an i64 on the type axis until return types are
       tracked; the fields describe the RESULT, not whatever came before */
    cursize = 8; curuns = 0; curstruct = 0 - 1; curdim2 = 0; curdim3 = 0;
    if (isname(t, "printf", 6)) {
        int ps; int useit;
        useit = 0;
        ps = sfind(t);
        if (ps >= 0) { if (symvar[ps]) {
            if (kind(tp + 1) == T_STR) { if (fmtneedsrt(tp + 1)) useit = 1; }
        } }
        if (ps >= 0) { if (symvar[ps]) { if (kind(tp + 1) != T_STR) useit = 1; } }
        if (useit == 0) return do_printf();
        /* else: an ordinary variadic call on <stdio.h>'s printf */
    }
    if (isname(t, "__argc", 6)) {
        need(tidx("(", 1), "("); need(tidx(")", 1), ")");
        es("  .argc r0\n");
        lvalue = 0; curelem = 8; curptr = 0;
        return postfix();
    }
    if (isname(t, "__argv", 6)) {
        need(tidx("(", 1), "(");
        expr(); loadval();
        need(tidx(")", 1), ")");
        es("  .argv r0, r0\n");
        lvalue = 0; curelem = 1; curptr = 1;
        return postfix();
    }
    if (isname(t, "__mmap", 6)) {        /* six arguments: the .sys6 gate */
        need(tidx("(", 1), "(");
        n = 0;
        while (cur() != tidx(")", 1)) {
            expr(); loadval(); push(); n = n + 1;
            if (eat(tidx(",", 1)) == 0) break;
        }
        need(tidx(")", 1), ")");
        sysargs6(n);
        es("  .sys6 mmap, r0, r1, r2, r3, r4, r5\n");
        lvalue = 0; curelem = 8; curptr = 0;
        return postfix();
    }
    if (isname(t, "__open", 6) || isname(t, "__read", 6) ||
        isname(t, "__write", 7) || isname(t, "__close", 7) ||
        isname(t, "__mprotect", 10) || isname(t, "__munmap", 8) ||
        isname(t, "__exit", 6)) {
        need(tidx("(", 1), "(");
        n = 0;
        while (cur() != tidx(")", 1)) {
            expr(); loadval(); push(); n = n + 1;
            if (eat(tidx(",", 1)) == 0) break;
        }
        need(tidx(")", 1), ")");
        sysargs(n);
        es("  .sys ");
        if (isname(t, "__open", 6)) es("open");
        else { if (isname(t, "__read", 6)) es("read");
        else { if (isname(t, "__write", 7)) es("write");
        else { if (isname(t, "__close", 7)) es("close");
        else { if (isname(t, "__mprotect", 10)) es("mprotect");
        else { if (isname(t, "__munmap", 8)) es("munmap");
        else es("exit"); } } } } }
        es(", r0, r1, r2\n");
        lvalue = 0; curelem = 8; curptr = 0;
        return postfix();
    }
    if (isname(t, "va_start", 8)) {          /* ap = &arg[nfixed] */
        need(tidx("(", 1), "(");
        unary(); lvalue = 0; push();
        if (eat(tidx(",", 1))) { expr(); loadval(); }
        need(tidx(")", 1), ")");
        es("  @lit.imm r0, "); en(16 + 8 * fnnfixed); es("\n  @alu.add r0, r6, r0\n");
        pop1(); es("  @mem.store [r1+0], r0\n  @lit.imm r0, 0\n");
        lvalue = 0; curelem = 8; curptr = 0;
        return postfix();
    }
    if (isname(t, "va_end", 6)) {
        need(tidx("(", 1), "(");
        expr(); loadval();
        need(tidx(")", 1), ")");
        es("  @lit.imm r0, 0\n");
        lvalue = 0; curelem = 8; curptr = 0;
        return postfix();
    }
    if (isname(t, "__builtin_sqrt", 14) || isname(t, "__builtin_sqrtf", 15)) {
        /* the hardware square root, correctly rounded (C99 F.9.4.5) */
        int sk; sk = tlen[t] == 15 ? 4 : 8;
        need(tidx("(", 1), "(");
        expr(); loadval(); fconv(fkind(), sk);
        need(tidx(")", 1), ")");
        es(sk == 8 ? "  @fpu.dsqrt r0, r0\n" : "  @fpu.ssqrt r0, r0\n");
        setkind(sk);
        return postfix();
    }
    if (isname(t, "va_arg", 6)) {           /* *ap as T, then ap += 8 */
        int vw; int vp; int vfl;
        need(tidx("(", 1), "(");
        unary(); lvalue = 0;
        push();                                   /* &ap */
        es("  @mem.load r0, [r0+0]\n");
        push();                                   /* ap */
        need(tidx(",", 1), ",");
        vw = declspec(); vp = declspecptr; vfl = declflt;
        while (eatstar()) vp = 1;
        need(tidx(")", 1), ")");
        es("  @lit.imm r2, 8\n  @alu.add r0, r0, r2\n");
        es("  @mem.load r1, [r7+8]\n  @mem.store [r1+0], r0\n");   /* ap += 8 */
        pop1();                                   /* r1 = old ap */
        es("  @call.frame -8\n  mov r0, r1\n");
        if (vp) eload(8); else eload(vw);
        lvalue = 0; curelem = vw; curptr = vp;
        cursize = vw; if (vp) cursize = 8;
        curflt = vfl;
        return postfix();
    }
    need(vfind(TOKV, NTOKV, "(", 1), "(");
    n = 0;
    psi = sfind(t);
    while (cur() != vfind(TOKV, NTOKV, ")", 1)) {
        expr(); loadval();
        if (curstruct >= 0) { if (curptr == 0) { if (curelem == 0) stemp(curstruct); } }
        argconv(psi, n);
        push(); n = n + 1;
        if (eat(vfind(TOKV, NTOKV, ",", 1)) == 0) break;
    }
    need(vfind(TOKV, NTOKV, ")", 1), ")");
    {
        int si; int st;
        si = sfind(t);
        st = 0;
        if (si >= 0) st = symvar[si];
        if (n > 6) st = 1;
        if (st) {
            /* Pushed in source order, arg[n-1] is nearest; reverse the block
               so arg[k] sits at [SP + 8k] and, after the call and the
               callee's frame push, at [FP + 16 + 8k]. */
            k = 0;
            while (k < n / 2) {
                es("  @mem.load r2, [r7+"); en(8 * k); es("]\n");
                es("  @mem.load r1, [r7+"); en(8 * (n - 1 - k)); es("]\n");
                es("  @mem.store [r7+"); en(8 * k); es("], r1\n");
                es("  @mem.store [r7+"); en(8 * (n - 1 - k)); es("], r2\n");
                k = k + 1;
            }
            es("  @call.call "); etok(t); ec(10);
            if (n > 0) { es("  @call.frame -"); en(8 * n); ec(10); }
            lvalue = 0; curelem = 8;
            callres(si);
            return postfix();
        }
    }
    k = n - 1;
    while (k >= 0) {
        es("  @mem.load r"); en(k); es(", [r7+0]\n  @call.frame -8\n");
        k = k - 1;
    }
    es("  @call.call "); etok(t); ec(10);
    lvalue = 0; curelem = 8;
    callres(sfind(t));
    {
        int si; si = sfind(t);
        if (si >= 0) { if (symfpret[si]) { curfn = 1; curfnst = symrfst[si]; } }
        if (si >= 0) { if (symkind[si] == 2) { if (symstruct[si] >= 0) {
            if (symptr[si] == 0) { curstruct = symstruct[si]; curelem = 0; curptr = 0; }
            /* a pointer to a struct: `get()->f` needs to know which */
            else { curstruct = symstruct[si]; curptr = 1; curelem = stsize[symstruct[si]]; }
        } } }
    }
    return postfix();
}

/* ---- binary expressions --------------------------------------------- */
int BOP[16];
int BLEV[16];
int nbop;

int binop_level(int k) { int i; i = 0; while (i < nbop) { if (BOP[i] == k) return BLEV[i]; i = i + 1; } return 0 - 1; }

int emit_binop(int k) {
    pop1();
    /* narrow_pair on the Python side: an unsigned operation below 64 bits
       converts BOTH operands first, or (int)-1 != 0xffffffffu comes out true */
    if (binuns) { if (binwid < 8) {
        es("  @lit.imm r2, ");
        if (binwid == 1) en(255);
        if (binwid == 2) en(65535);
        if (binwid == 4) en(4294967295);
        es("\n  @alu.and r0, r0, r2\n  @alu.and r1, r1, r2\n");
    } }
    if (binuns) {
        if (k == vfind(TOKV, NTOKV, "/", 1))  { es("  .udiv r0, r1, r0\n"); return 0; }
        if (k == vfind(TOKV, NTOKV, "%", 1))  { es("  .umod r0, r1, r0\n"); return 0; }
        if (k == vfind(TOKV, NTOKV, "<", 1))  { es("  @alu.ult r0, r1, r0\n"); return 0; }
        if (k == vfind(TOKV, NTOKV, ">", 1))  { es("  @alu.ugt r0, r1, r0\n"); return 0; }
        if (k == vfind(TOKV, NTOKV, "<=", 2)) { es("  @alu.ule r0, r1, r0\n"); return 0; }
        if (k == vfind(TOKV, NTOKV, ">=", 2)) { es("  @alu.uge r0, r1, r0\n"); return 0; }
        if (k == vfind(TOKV, NTOKV, ">>", 2)) { es("  @alu.lshr r0, r1, r0\n"); return 0; }
    }
    if (k == vfind(TOKV, NTOKV, "+", 1))  { es("  @alu.add r0, r1, r0\n"); return 0; }
    if (k == vfind(TOKV, NTOKV, "-", 1))  { es("  @alu.sub r0, r1, r0\n"); return 0; }
    if (k == vfind(TOKV, NTOKV, "*", 1))  { es("  @alu.mul r0, r1, r0\n"); return 0; }
    if (k == vfind(TOKV, NTOKV, "/", 1))  { es("  .div r0, r1, r0\n"); return 0; }
    if (k == vfind(TOKV, NTOKV, "%", 1))  { es("  .mod r0, r1, r0\n"); return 0; }
    if (k == vfind(TOKV, NTOKV, "<", 1))  { es("  @alu.lt r0, r1, r0\n"); return 0; }
    if (k == vfind(TOKV, NTOKV, ">", 1))  { es("  @alu.gt r0, r1, r0\n"); return 0; }
    if (k == vfind(TOKV, NTOKV, "<=", 2)) { es("  @alu.le r0, r1, r0\n"); return 0; }
    if (k == vfind(TOKV, NTOKV, ">=", 2)) { es("  @alu.ge r0, r1, r0\n"); return 0; }
    if (k == vfind(TOKV, NTOKV, "==", 2)) { es("  @alu.eq r0, r1, r0\n"); return 0; }
    if (k == vfind(TOKV, NTOKV, "!=", 2)) { es("  @alu.ne r0, r1, r0\n"); return 0; }
    if (k == vfind(TOKV, NTOKV, "&", 1))  { es("  @alu.and r0, r1, r0\n"); return 0; }
    if (k == vfind(TOKV, NTOKV, "|", 1))  { es("  @alu.or r0, r1, r0\n"); return 0; }
    if (k == vfind(TOKV, NTOKV, "^", 1))  { es("  @alu.xor r0, r1, r0\n"); return 0; }
    if (k == vfind(TOKV, NTOKV, "<<", 2)) { es("  @alu.shl r0, r1, r0\n"); return 0; }
    es("  @alu.shr r0, r1, r0\n");
    return 0;
}

/* ---- the type table [W-4] ----------------------------------------------
   The result type of `t1 op t2` is the NET's answer, keyed exactly as the
   Python walker keys it: both operands projected onto the TYS axis, the
   operator onto the canonical TOPS axis.  Signedness and wrap width come
   from the `+` row, which is the usual arithmetic conversion.  Rules for
   these used to be written out here by hand; they were a second copy of the
   table, and a copy is exactly what this compiler is not supposed to have. */
/* ---- floating constants: decimal to binary, exactly --------------------
   A constant's bits must be the ones the Python front end gets from
   float(text): the value rounded ONCE, to nearest, ties to even.  There is
   no strtod to call, and a loop of multiplications by ten rounds at every
   step, so this is done in integers: the digits as a big number M and a
   power of ten, M * 10^e exactly when e >= 0, and when e < 0 the quotient
   M * 2^s / 10^-e with its remainder as the sticky bit.  One rounding, at
   the precision the result actually has -- a subnormal's included. */
#define FB_L 160                       /* 32-bit limbs: 5120 bits */
unsigned long fbA[FB_L]; int fbAn;     /* the working number */
unsigned long fbD[FB_L]; int fbDn;     /* the divisor, 10^k */
unsigned long fbQ[FB_L]; int fbQn;
int fb_bits(unsigned long *a, int n) {  /* bit length */
    unsigned long t; int b;
    while (n > 0) { if (a[n - 1] != 0) break; n = n - 1; }
    if (n == 0) return 0;
    t = a[n - 1]; b = 0;
    while (t) { b = b + 1; t = t >> 1; }
    return (n - 1) * 32 + b;
}
int fb_bit(unsigned long *a, int n, int i) {
    if (i < 0) return 0;
    if (i / 32 >= n) return 0;
    return (a[i / 32] >> (i % 32)) & 1;
}
int fb_mul(unsigned long *a, int n, unsigned long m) {   /* a *= m, m < 2^32 */
    unsigned long c; unsigned long t; int j;
    c = 0; j = 0;
    while (j < n) { t = a[j] * m + c; a[j] = t & 4294967295; c = t >> 32; j = j + 1; }
    if (c) { if (n < FB_L) { a[n] = c; n = n + 1; } }
    return n;
}
int fb_add(unsigned long *a, int n, unsigned long v) {   /* a += v, carried */
    int j; unsigned long t;
    j = 0;
    while (v) {
        if (j >= n) { if (n < FB_L) { a[n] = 0; n = n + 1; } else break; }
        t = a[j] + v; a[j] = t & 4294967295; v = t >> 32; j = j + 1;
    }
    return n;
}
int fb_shl1(unsigned long *a, int n) {                   /* a <<= 1 */
    unsigned long c; unsigned long t; int j;
    c = 0; j = 0;
    while (j < n) { t = (a[j] << 1) | c; c = t >> 32; a[j] = t & 4294967295; j = j + 1; }
    if (c) { if (n < FB_L) { a[n] = c; n = n + 1; } }
    return n;
}
int fb_cmp(unsigned long *a, int an, unsigned long *b, int bn) {
    int j;
    while (an > 0) { if (a[an - 1] != 0) break; an = an - 1; }
    while (bn > 0) { if (b[bn - 1] != 0) break; bn = bn - 1; }
    if (an != bn) return an > bn ? 1 : 0 - 1;
    j = an - 1;
    while (j >= 0) { if (a[j] != b[j]) return a[j] > b[j] ? 1 : 0 - 1; j = j - 1; }
    return 0;
}
int fb_sub(unsigned long *a, int an, unsigned long *b, int bn) {   /* a -= b, a >= b */
    long t; long br; int j;
    br = 0; j = 0;
    while (j < an) {
        t = (long)a[j] - br;
        if (j < bn) t = t - (long)b[j];
        if (t < 0) { t = t + 4294967296; br = 1; } else br = 0;
        a[j] = t; j = j + 1;
    }
    return an;
}
/* the bits of the constant in src[p..p+n): binary64, or binary32 if f32 */
/* A hexadecimal floating constant, C99 6.4.4.2: `0x1.8p1`.  Unlike a
   decimal one it names a binary value EXACTLY -- that is why it exists --
   so there is no long division here: the hex digits are the significand,
   `p` is a power of two, and the only rounding is the final fit into 52
   (or 23) bits, to nearest, ties to even. */
unsigned long fhex2bin(int p, int n, int f32) {
    int k; int c; int d; int fr; int nf; int sticky; int top; int e2;
    int mbits; int bias; int emax; int neg; int shift; int biased;
    long ev;
    unsigned long m; unsigned long half; unsigned long rem; unsigned long out;
    mbits = f32 ? 23 : 52; bias = f32 ? 127 : 1023; emax = f32 ? 255 : 2047;
    k = 2; m = 0; fr = 0; nf = 0; sticky = 0;
    while (k < n) {
        c = src[p + k] & 255;
        if (c == 46) { fr = 1; k = k + 1; continue; }
        d = 0 - 1;
        if (c >= 48 && c <= 57) d = c - 48;
        if (c >= 97 && c <= 102) d = c - 87;
        if (c >= 65 && c <= 70) d = c - 55;
        if (d < 0) break;
        /* keep the first sixteen hex digits exactly; any nonzero digit
           past them only matters as "something was below" for rounding */
        if ((m >> 60) == 0) { m = m * 16 + d; if (fr) nf = nf + 1; }
        else { if (d) sticky = 1; if (fr == 0) nf = nf - 1; }
        k = k + 1;
    }
    ev = 0; neg = 0;
    if (k < n) { if ((src[p + k] & 255) == 112 || (src[p + k] & 255) == 80) {
        k = k + 1;
        if (k < n) { if ((src[p + k] & 255) == 45) { neg = 1; k = k + 1; }
                     else { if ((src[p + k] & 255) == 43) k = k + 1; } }
        while (k < n) {
            c = src[p + k] & 255;
            if (c < 48 || c > 57) break;
            if (ev < 100000) ev = ev * 10 + (c - 48);
            k = k + 1;
        }
    } }
    if (neg) ev = 0 - ev;
    if (m == 0) return 0;
    /* value = m * 2^(ev - 4*nf); put the top bit of m at position mbits */
    top = 63; while (((m >> top) & 1) == 0) top = top - 1;
    e2 = (int)ev - 4 * nf + top;          /* the unbiased exponent */
    biased = e2 + bias;
    if (biased >= emax) return f32 ? 0x7F800000 : 0x7FF0000000000000;  /* inf */
    shift = top - mbits;                   /* >0: drop bits, <0: add zeros */
    if (biased <= 0) shift = shift + (1 - biased);   /* subnormal */
    if (shift > 0) {
        if (shift >= 64) { rem = m; m = 0; half = 0; }
        else {
            rem = m & (((unsigned long)1 << shift) - 1);
            half = (unsigned long)1 << (shift - 1);
            m = m >> shift;
        }
        if (shift < 64) {
            if (rem > half || (rem == half && (sticky || (m & 1)))) m = m + 1;
            else { if (rem == half) { if (sticky) m = m + 1; } }
        }
    } else { m = m << (0 - shift); }
    if (biased <= 0) {
        /* a subnormal: the exponent field is zero, and rounding may carry
           it into the smallest normal, which the addition does for free */
        return m;
    }
    /* rounding may have carried into a new top bit */
    if ((m >> (mbits + 1)) & 1) { m = m >> 1; biased = biased + 1; }
    if (biased >= emax) return f32 ? 0x7F800000 : 0x7FF0000000000000;
    out = ((unsigned long)biased << mbits) | (m & (((unsigned long)1 << mbits) - 1));
    return out;
}

unsigned long fdec2bin(int p, int n, int f32) {
    int e10; int k; int seen; int c; int fr; int neg; int j;
    int prec; int emin; int bias; int mbits; int lead; int keep; int drop;
    int s; int L; int sticky; int exp;
    unsigned long m; unsigned long bitsout;
    fbAn = 1; fbA[0] = 0; e10 = 0; fr = 0; seen = 0; k = 0;
    while (k < n) {                       /* the significand's digits */
        c = src[p + k] & 255;
        if (c == 46) { fr = 1; k = k + 1; continue; }
        if (c < 48 || c > 57) break;
        fbAn = fb_mul(fbA, fbAn, 10);
        fbAn = fb_add(fbA, fbAn, c - 48);
        if (fr) e10 = e10 - 1;
        seen = 1; k = k + 1;
    }
    if (k < n) { c = src[p + k] & 255;
        if (c == 101 || c == 69) {        /* the exponent */
            int ev; int es;
            k = k + 1; es = 1; ev = 0;
            if ((src[p + k] & 255) == 45) { es = 0 - 1; k = k + 1; }
            else { if ((src[p + k] & 255) == 43) k = k + 1; }
            while (k < n) { c = src[p + k] & 255; if (c < 48 || c > 57) break;
                            if (ev < 100000) ev = ev * 10 + (c - 48); k = k + 1; }
            e10 = e10 + es * ev;
        } }
    prec = 53; emin = 0 - 1022; bias = 1023; mbits = 52;
    if (f32) { prec = 24; emin = 0 - 126; bias = 127; mbits = 23; }
    if (fb_bits(fbA, fbAn) == 0) return 0;
    if (e10 > 400) e10 = 400;             /* past any double: overflows below */
    if (e10 < 0 - 800) return 0;           /* below any subnormal */
    s = 0;
    if (e10 >= 0) {
        j = 0; while (j < e10) { fbAn = fb_mul(fbA, fbAn, 10); j = j + 1; }
        sticky = 0;
        fbQn = fbAn; j = 0; while (j < fbAn) { fbQ[j] = fbA[j]; j = j + 1; }
    } else {
        /* Q = floor(M * 2^s / 10^k), s large enough for prec+2 bits */
        fbDn = 1; fbD[0] = 1;
        j = 0; while (j < 0 - e10) { fbDn = fb_mul(fbD, fbDn, 10); j = j + 1; }
        s = prec + 3 + fb_bits(fbD, fbDn) - fb_bits(fbA, fbAn);
        if (s < 0) s = 0;
        j = 0; while (j < s) { fbAn = fb_shl1(fbA, fbAn); j = j + 1; }
        /* long division, a bit at a time: R in fbA's place, Q built up */
        {   unsigned long R[FB_L]; int Rn; int i; int nb;
            Rn = 1; R[0] = 0; fbQn = fbAn; j = 0; while (j < fbQn) { fbQ[j] = 0; j = j + 1; }
            nb = fb_bits(fbA, fbAn); i = nb - 1;
            while (i >= 0) {
                Rn = fb_shl1(R, Rn);
                R[0] = R[0] | fb_bit(fbA, fbAn, i);
                if (fb_cmp(R, Rn, fbD, fbDn) >= 0) {
                    Rn = fb_sub(R, Rn, fbD, fbDn);
                    fbQ[i / 32] = fbQ[i / 32] | ((unsigned long)1 << (i % 32));
                }
                i = i - 1;
            }
            sticky = fb_bits(R, Rn) != 0;
        }
    }
    L = fb_bits(fbQ, fbQn);
    lead = L - 1 - s;                     /* the leading bit's binary exponent */
    keep = prec;
    if (lead < emin) keep = prec - (emin - lead);   /* subnormal: fewer bits */
    if (keep < 0) keep = 0 - 1;
    drop = L - keep;                      /* bits below the rounding point */
    m = 0; j = L - 1;
    while (j >= drop) { m = (m << 1) | fb_bit(fbQ, fbQn, j); j = j - 1; }   /* 0 below bit 0 */
    if (keep < 0) m = 0;
    {   int half; int rest; int jj;
        half = fb_bit(fbQ, fbQn, drop - 1);
        rest = sticky; jj = drop - 2;
        while (jj >= 0) { if (fb_bit(fbQ, fbQn, jj)) { rest = 1; break; } jj = jj - 1; }
        if (drop <= 0) { half = 0; rest = 0; }
        if (half) { if (rest || (m & 1)) m = m + 1; }
    }
    exp = drop - s;                       /* value = m * 2^exp */
    if (m >> prec) { m = m >> 1; exp = exp + 1; }     /* rounded up to 2^prec */
    if (m == 0) return 0;
    lead = exp + prec - 1;
    if (m < ((unsigned long)1 << (prec - 1))) {        /* subnormal */
        bitsout = m;
    } else {
        if (lead + bias >= 2 * bias + 1) {             /* overflow: inf */
            if (f32) return 2139095040;
            return 9218868437227405312;
        }
        bitsout = ((unsigned long)(lead + bias) << mbits) | (m & (((unsigned long)1 << mbits) - 1));
    }
    return bitsout;
}

/* is the NUM token t a floating constant?  0, 4 (float) or 8 (double) */
int fltlit(int t) {
    int k; int c; int hex;
    k = 0; hex = 0;
    if (tlen[t] > 1) { if ((src[tpos[t]] & 255) == 48) { c = src[tpos[t] + 1] & 255; if (c == 120 || c == 88) hex = 1; } }
    if (hex) {
        /* hex is an integer unless it has a binary exponent: `0x1.8p1` */
        while (k < tlen[t]) {
            c = src[tpos[t] + k] & 255;
            if (c == 112 || c == 80) {
                c = src[tpos[t] + tlen[t] - 1] & 255;
                if (c == 102 || c == 70) return 4;
                return 8;
            }
            k = k + 1;
        }
        return 0;
    }
    if ((src[tpos[t]] & 255) == 39) return 0;          /* a character constant */
    while (k < tlen[t]) {
        c = src[tpos[t] + k] & 255;
        if (c == 46 || c == 101 || c == 69) {
            c = src[tpos[t] + tlen[t] - 1] & 255;
            if (c == 102 || c == 70) return 4;
            return 8;
        }
        k = k + 1;
    }
    return 0;
}

int tyax(void) {                   /* the value in hand, on the TYS axis */
    if (curptr) return vfind(TYSV, NTYSV, "ptr", 3);
    if (curstruct >= 0) return vfind(TYSV, NTYSV, "struct", 6);
    if (curflt == 8) return vfind(TYSV, NTYSV, "f64", 3);
    if (curflt == 4) return vfind(TYSV, NTYSV, "f32", 3);
    if (curuns) {
        if (cursize == 1) return vfind(TYSV, NTYSV, "u8", 2);
        if (cursize == 2) return vfind(TYSV, NTYSV, "u16", 3);
        if (cursize == 4) return vfind(TYSV, NTYSV, "u32", 3);
        return vfind(TYSV, NTYSV, "u64", 3);
    }
    if (cursize == 1) return vfind(TYSV, NTYSV, "i8", 2);
    if (cursize == 2) return vfind(TYSV, NTYSV, "i16", 3);
    if (cursize == 4) return vfind(TYSV, NTYSV, "i32", 3);
    return vfind(TYSV, NTYSV, "i64", 3);
}

/* The value in hand as a conversion kind: 8 double, 4 float, 1 u64 (the
   one integer the signed conversions get wrong), 0 any other integer --
   narrower unsigned values are already zero-extended in the register. */
int fkind(void) {
    if (curptr) return 1;
    if (curflt) return curflt;
    if (curuns) { if (cursize == 8) return 1; }
    return 0;
}
/* r0 from kind `from` to kind `to` (C99 6.3.1.4-5); integer to integer is
   the store's business.  Every op is the irsel net's `fpu` family. */
int fconv(int from, int to) {
    /* Conversion kind 9 is "to _Bool": C99 6.3.1.2 makes it a COMPARISON,
       not a truncation -- 0 if the value compares equal to 0, else 1 --
       so it is handled before the float conversions, and after them, so
       that `_Bool b = 0.5;` is 1 rather than (int)0.5. */
    if (to == 9) {
        /* A float compares against 0.0, not against (int)value: C99 says
           `_Bool b = 0.5;` is 1, and truncating first would make it 0. */
        if (from == 8) {
            es("  @lit.imm r1, 0\n  @fpu.deq r0, r0, r1\n"
               "  @lit.imm r1, 1\n  @alu.xor r0, r0, r1\n");
            return 0;
        }
        if (from == 4) {
            es("  @lit.imm r1, 0\n  @fpu.seq r0, r0, r1\n"
               "  @lit.imm r1, 1\n  @alu.xor r0, r0, r1\n");
            return 0;
        }
        es("  @lit.imm r2, 0\n  @alu.ne r0, r0, r2\n");
        return 0;
    }
    if (from == 9) from = 0;
    if (from == to) return 0;
    if (from < 4) { if (to < 4) return 0; }
    if (from == 4) {
        es("  @fpu.s2d r0, r0\n");
        if (to == 8) return 0;
        from = 8;
    }
    if (from == 8) {
        if (to == 4) { es("  @fpu.d2s r0, r0\n"); return 0; }
        if (to == 1) es("  @fpu.d2u r0, r0\n"); else es("  @fpu.d2i r0, r0\n");
        return 0;
    }
    if (to == 8) { if (from == 1) es("  @fpu.u2d r0, r0\n"); else es("  @fpu.i2d r0, r0\n"); return 0; }
    if (from == 1) es("  @fpu.u2s r0, r0\n"); else es("  @fpu.i2s r0, r0\n");
    return 0;
}
/* ...and the value's description follows it */
int setkind(int k) {
    lvalue = 0; curptr = 0; curstruct = 0 - 1; curdim2 = 0; curdim3 = 0;
    if (k >= 4) { curflt = k; cursize = k; curelem = k; curuns = 0; return 0; }
    curflt = 0;
    if (k == 1) { curuns = 1; cursize = 8; curelem = 8; }
    return 0;
}
/* a floating value about to be TESTED becomes 0 or 1: 1 unless it compares
   equal to zero, so -0.0 is false and NaN is true (C99 6.8.4.1) */
int ftruthy(void) {
    if (curflt == 0) return 0;
    if (curptr) return 0;
    es("  @lit.imm r1, 0\n");
    if (curflt == 8) es("  @fpu.deq r0, r0, r1\n"); else es("  @fpu.seq r0, r0, r1\n");
    es("  @lit.imm r1, 1\n  @alu.xor r0, r0, r1\n");
    curflt = 0; cursize = 4; curelem = 4;
    return 0;
}
/* the bits of 1.0 in a floating kind */
long fone(int k) { if (k == 8) return 4607182418800017408; return 1065353216; }

/* the data label of global symbol i (token t): g_NAME, or a static local's */
int symlea(int i, int t, char *reg) {
    es("  @mem.lea "); es(reg);
    if (symlab[i] >= 0) { es(", ls"); en(symlab[i]); }
    else { es(", g_"); etok(t); }
    ec(10);
    return 0;
}

int tyask(int l, char *op, int ol, int r) {
    int key[4];
    key[0] = l; key[1] = vfind(TOPSV, NTOPSV, op, ol); key[2] = r; key[3] = 0;
    return inf(S_TYPE, key, 0);
}

int tyis(int t, char *nm, int L) { return t == vfind(TYOUTV, NTYOUTV, nm, L); }

/* a type's size and signedness: the tyinfo stage, as sema.py asks it */
int tyinfo(int t, int head) {
    int key[4]; key[0] = t; key[1] = 0; key[2] = 0; key[3] = 0;
    return inf(S_TYINFO, key, head);
}

int tysize(int t) {                /* bytes, for an integer result */
    int c;
    c = tyinfo(t, HD_TYINFO_SIZE);
    return BH_TYINFO_SIZE[voff(BH_TYINFO_SIZE, c)] - 48;
}

int tyuns(int t) {
    int c;
    c = tyinfo(t, HD_TYINFO_UNS);
    return BH_TYINFO_UNS[voff(BH_TYINFO_UNS, c)] - 48;
}

/* the operator token, projected onto the table's canonical TOPS axis */
int tycanon(int k, char *buf) {
    int p; int L;
    p = voff(TOKV, k); L = vlen(TOKV, k);
    if (k == tidx(">", 1)) { buf[0] = 60; return 1; }
    if (k == tidx("<=", 2)) { buf[0] = 60; return 1; }
    if (k == tidx(">=", 2)) { buf[0] = 60; return 1; }
    if (k == tidx("!=", 2)) { buf[0] = 61; buf[1] = 61; return 2; }
    buf[0] = TOKV[p];
    if (L > 1) buf[1] = TOKV[p + 1];
    return L;
}

int binary(int level) {
    int k; int e; int lp; int lax; int rax; int ck; int res; int cl;
    int lf; int rf; int lk; int lfr; int rfr; int re; int rp; int lpd; int rpd; int lbase; int rbase;
    char cb[4];
    if (level > 7) {
        if (havepre) { havepre = 0; return 0; }     /* parsed already, by expr */
        unary(); return 0;
    }
    binary(level + 1);
    while (1) {
        k = cur();
        if (binop_level(k) != level) break;
        loadval();
        e = curelem;
        lp = curptr;
        lfr = curflt;                              /* float, or a pointee's */
        lf = 0; if (curptr == 0) { if (curstruct < 0) lf = curflt; }
        lk = fkind();
        lpd = curpd; lbase = curbase;
        lax = tyax();
        adv();
        push();
        binary(level + 1);
        loadval();
        rf = 0; if (curptr == 0) { if (curstruct < 0) rf = curflt; }
        rfr = curflt; re = curelem; rp = curptr; rpd = curpd; rbase = curbase;
        rax = tyax();
        ck = tyask(lax, "+", 1, rax);              /* the conversion row */
        cl = tycanon(k, cb);
        res = tyask(lax, cb, cl, rax);             /* this operator's row */
        if (lf || rf) {
            /* A floating operand: both go to the common type the TYPE TABLE
               names in its `+` row (the usual arithmetic conversion), and
               the op is the irsel net's fpu family. */
            int cf; int isarith;
            if (tyis(res, "illegal", 7)) err_tok(tp, "this operator takes no floating operand");
            cf = 4; if (tyis(ck, "f64", 3)) cf = 8;
            fconv(fkind(), cf);                    /* rhs, in r0 */
            es("  @call.frame 8\n  @mem.store [r7+0], r0\n  @mem.load r0, [r7+8]\n");
            fconv(lk, cf);                         /* lhs, from under it */
            es("  mov r1, r0\n  @mem.load r0, [r7+0]\n  @call.frame -16\n");
            isarith = 0;
            if (k == tidx("+", 1)) { es(cf == 8 ? "  @fpu.dadd r0, r1, r0\n" : "  @fpu.sadd r0, r1, r0\n"); isarith = 1; }
            if (k == tidx("-", 1)) { es(cf == 8 ? "  @fpu.dsub r0, r1, r0\n" : "  @fpu.ssub r0, r1, r0\n"); isarith = 1; }
            if (k == tidx("*", 1)) { es(cf == 8 ? "  @fpu.dmul r0, r1, r0\n" : "  @fpu.smul r0, r1, r0\n"); isarith = 1; }
            if (k == tidx("/", 1)) { es(cf == 8 ? "  @fpu.ddiv r0, r1, r0\n" : "  @fpu.sdiv r0, r1, r0\n"); isarith = 1; }
            /* a > b is b < a; != is not == -- which is also NaN's answer */
            if (k == tidx("<", 1)) es(cf == 8 ? "  @fpu.dlt r0, r1, r0\n" : "  @fpu.slt r0, r1, r0\n");
            if (k == tidx(">", 1)) es(cf == 8 ? "  @fpu.dgt r0, r1, r0\n" : "  @fpu.sgt r0, r1, r0\n");
            if (k == tidx("<=", 2)) es(cf == 8 ? "  @fpu.dle r0, r1, r0\n" : "  @fpu.sle r0, r1, r0\n");
            if (k == tidx(">=", 2)) es(cf == 8 ? "  @fpu.dge r0, r1, r0\n" : "  @fpu.sge r0, r1, r0\n");
            if (k == tidx("==", 2)) es(cf == 8 ? "  @fpu.deq r0, r1, r0\n" : "  @fpu.seq r0, r1, r0\n");
            if (k == tidx("!=", 2)) { es(cf == 8 ? "  @fpu.deq r0, r1, r0\n" : "  @fpu.seq r0, r1, r0\n");
                                      es("  @lit.imm r1, 1\n  @alu.xor r0, r0, r1\n"); }
            if (isarith) setkind(cf);
            else { setkind(0); cursize = 4; curelem = 4; }
            continue;
        }
        binuns = tyuns(ck);
        binwid = tysize(ck);
        if (lp == 0) { if (rp) { if (re > 1) { if (k == tidx("+", 1)) {
            /* `n + p`: the INTEGER is on the stack; scale it there */
            es("  @call.frame 8\n  @mem.store [r7+0], r0\n  @mem.load r0, [r7+8]\n");
            es("  @lit.imm r2, "); en(re); es("\n  @alu.mul r0, r0, r2\n  @mem.store [r7+8], r0\n");
            es("  @mem.load r0, [r7+0]\n  @call.frame -8\n");
        } } } }
        if (lp) { if (e > 1) {
            if (k == tidx("+", 1)) { es("  @lit.imm r2, "); en(e); es("\n  @alu.mul r0, r0, r2\n"); }
            if (k == tidx("-", 1)) { if (curptr == 0) {
                es("  @lit.imm r2, "); en(e); es("\n  @alu.mul r0, r0, r2\n"); } }
        } }
        emit_binop(k);
        /* C99 6.5.6p9: the difference of two pointers counts ELEMENTS */
        if (lp) { if (curptr) { if (e > 1) { if (k == tidx("-", 1)) {
            es("  @lit.imm r2, "); en(e); es("\n  .div r0, r0, r2\n");
        } } } }
        binuns = 0; binwid = 8;
        lvalue = 0; curstruct = 0 - 1; curdim2 = 0; curdim3 = 0;
        if (tyis(res, "ptr", 3)) { curelem = e; curptr = lp; curuns = 0; cursize = 8;
                                   curflt = lfr; curpd = lpd; curbase = lbase;
                                   if (lp == 0) { curptr = 1; curelem = re; curflt = rfr;
                                                  curpd = rpd; curbase = rbase; } }
        else { curptr = 0; cursize = tysize(res); curelem = cursize;
               curuns = tyuns(res); curflt = 0; }
    }
    return 0;
}

int land(void) {
    int end;
    binary(0);
    while (cur() == vfind(TOKV, NTOKV, "&&", 2)) {
        loadval(); ftruthy(); adv();
        end = newlab();
        elab("  @ctrl.jumpz r0, L", end); ec(10);
        binary(0); loadval(); ftruthy();
        es("  @lit.imm r1, 0\n  @alu.ne r0, r0, r1\n");
        elab("L", end); es(":\n");
    }
    return 0;
}

int lor(void) {
    int end; int rhs;
    land();
    while (cur() == vfind(TOKV, NTOKV, "||", 2)) {
        loadval(); ftruthy(); adv();
        end = newlab(); rhs = newlab();
        elab("  @ctrl.jumpz r0, L", rhs); ec(10);
        es("  @lit.imm r0, 1\n");
        elab("  @ctrl.jump L", end); ec(10);
        elab("L", rhs); es(":\n");
        land(); loadval(); ftruthy();
        es("  @lit.imm r1, 0\n  @alu.ne r0, r0, r1\n");
        elab("L", end); es(":\n");
    }
    return 0;
}

/* `a ? b : c` -- only one arm is evaluated, so each gets its own label and
   the value they share is r0. */
int cond(void) {
    int els; int end;
    lor();
    if (cur() != tidx("?", 1)) return 0;
    loadval(); ftruthy(); adv();
    els = newlab(); end = newlab();
    elab("  @ctrl.jumpz r0, L", els); ec(10);
    {   int save; int nsave; int k1; int k2; int a1; int cf;
        save = tp; nsave = nout;
        expr(); loadval(); k1 = fkind(); a1 = tyax();
        elab("  @ctrl.jump L", end); ec(10);
        elab("L", els); es(":\n");
        need(tidx(":", 1), ":");
        cond(); loadval(); k2 = fkind();
        if ((k1 >= 4 || k2 >= 4) && k1 != k2) {
            /* C99 6.5.15p5: the arms meet in their common type.  The first
               was emitted before the second's type was known: again. */
            cf = tyis(tyask(a1, "+", 1, tyax()), "f64", 3) ? 8 : 4;
            tp = save; nout = nsave;
            expr(); loadval(); fconv(fkind(), cf);
            elab("  @ctrl.jump L", end); ec(10);
            elab("L", els); es(":\n");
            need(tidx(":", 1), ":");
            cond(); loadval(); fconv(fkind(), cf);
            setkind(cf);
        }
    }
    elab("L", end); es(":\n");
    lvalue = 0;
    return 0;
}

int exprc(void) {                   /* the comma operator */
    expr();
    while (cur() == tidx(",", 1)) { adv(); expr(); }
    return 0;
}

int aop(void) {                     /* += -= *= /= -> the plain operator */
    if (cur() == tidx("+=", 2)) return tidx("+", 1);
    if (cur() == tidx("-=", 2)) return tidx("-", 1);
    if (cur() == tidx("*=", 2)) return tidx("*", 1);
    if (cur() == tidx("/=", 2)) return tidx("/", 1);
    if (cur() == tidx("%=", 2)) return tidx("%", 1);
    if (cur() == tidx("&=", 2)) return tidx("&", 1);
    if (cur() == tidx("|=", 2)) return tidx("|", 1);
    if (cur() == tidx("^=", 2)) return tidx("^", 1);
    if (cur() == tidx("<<=", 3)) return tidx("<<", 2);
    if (cur() == tidx(">>=", 3)) return tidx(">>", 2);
    return 0 - 1;
}

int expr(void) {
    int save; int nsave; int e; int op; int isave; int psave; int pesave;
    int bl;                     /* the assignment target is _Bool */
    save = tp; nsave = nout; isave = nibuf; psave = npool; pesave = poolend;
    unary();
    if (lvalue) {
        op = aop();
        if (op >= 0) {
            int ptrl; int pel; int ak; int aax;
            adv();
            ptrl = curptr; pel = curelem;
            ak = fkind(); aax = tyax();
            e = stw();
            lvalue = 0;
            push();                                  /* address */
            eload(e);
            push();                                  /* old value */
            expr(); loadval();
            if (ak >= 4 || (curflt && curptr == 0)) {
                /* `x op= y` is `x = x op y` (6.5.16.2p3): in the common
                   type the table names, then back to x's */
                int cf;
                cf = tyis(tyask(aax, "+", 1, tyax()), "f64", 3) ? 8 : 4;
                fconv(fkind(), cf);
                es("  @call.frame 8\n  @mem.store [r7+0], r0\n  @mem.load r0, [r7+8]\n");
                fconv(ak, cf);
                es("  mov r1, r0\n  @mem.load r0, [r7+0]\n  @call.frame -16\n");
                if (op == tidx("+", 1)) es(cf == 8 ? "  @fpu.dadd r0, r1, r0\n" : "  @fpu.sadd r0, r1, r0\n");
                if (op == tidx("-", 1)) es(cf == 8 ? "  @fpu.dsub r0, r1, r0\n" : "  @fpu.ssub r0, r1, r0\n");
                if (op == tidx("*", 1)) es(cf == 8 ? "  @fpu.dmul r0, r1, r0\n" : "  @fpu.smul r0, r1, r0\n");
                if (op == tidx("/", 1)) es(cf == 8 ? "  @fpu.ddiv r0, r1, r0\n" : "  @fpu.sdiv r0, r1, r0\n");
                fconv(cf, ak);
                pop1();                              /* address */
                estore(e);
                setkind(ak);
                return 0;
            }
            /* `p += n` moves n ELEMENTS, as `p = p + n` does */
            if (ptrl) { if (pel > 1) {
                if (op == tidx("+", 1) || op == tidx("-", 1)) {
                    es("  @lit.imm r2, "); en(pel); es("\n  @alu.mul r0, r0, r2\n");
                }
            } }
            emit_binop(op);                          /* pops old value */
            pop1();                                  /* address */
            estore(e);
            curelem = e;
            if (ptrl) { curptr = 1; curelem = pel; }
            return 0;
        }
        if (cur() == vfind(TOKV, NTOKV, "=", 1)) {
            int ak;
            adv();
            ak = fkind();
            if (curptr == 0) { if (curflt) ak = curflt; }
            e = stw();
            bl = curbool;               /* the TARGET's type, before the RHS */
            lvalue = 0;
            if (e == 0) { if (curstruct >= 0) {
                int ast; ast = curstruct;
                push();                              /* destination */
                expr(); loadval();
                es("  mov r1, r0\n  @mem.load r0, [r7+0]\n  @call.frame -8\n");
                scopy(stsize[ast]);
                lvalue = 0; curstruct = ast; curelem = 0; curptr = 0;
                return 0;
            } }
            push();
            expr(); loadval();
            fconv(fkind(), ak);                      /* C99 6.5.16.1p2 */
            /* C99 6.3.1.2: converting to _Bool gives 0 if the value
               compares equal to 0, and 1 otherwise -- it is not a
               truncation, which is what storing one byte would be. */
            if (bl) es("  @lit.imm r2, 0\n  @alu.ne r0, r0, r2\n");
            pop1();
            estore(e);
            if (ak >= 4) setkind(ak);
            return 0;
        }
    }
    /* Not an assignment: what unary() just parsed is the LEFTMOST operand
       of the conditional expression.  Hand it down rather than rewinding
       and parsing it again -- the rewind re-parsed every operand once per
       enclosing parenthesis, 2^depth, and c-testsuite 00200 took 14 s in
       the Linux VM, past selfgap's limit.  The Python walker had the same
       rewind and the same fix. */
    havepre = 1;
    return cond();
}

/* ---- statements and declarations ------------------------------------- */
int brkstack[32]; int cntstack[32]; int nloop;
/* the block depth each break / continue target lives at: jumping out of a
   block that allocated a VLA has to give the stack back first */
int brkdep[32]; int cntdep[32];
int vlaback(int dep) {
    int d;
    d = dep + 1;
    while (d <= bdepth) {
        if (vlaslot[d]) { es("  @mem.load r7, [r6-"); en(vlaslot[d]); es("]\n"); return 0; }
        d = d + 1;
    }
    return 0;
}
/* ---- switch ----------------------------------------------------------
   The dispatch chain is emitted AFTER the body, because a case label is only
   known once the body has been walked.  The control value goes to a frame
   slot first: the chain reloads it for every comparison, and the body may
   have clobbered every register by then. */
int swval[256]; int swlab[256]; int nswv;
int swdef[16]; int swslot[16]; int nsw;

int patchnum(int at, int w, int v) {
    int k; int d;
    k = w - 1;
    if (v == 0) { out[at + k] = 48; k = k - 1; }
    while (v > 0) { if (k >= 0) out[at + k] = 48 + (v % 10); v = v / 10; k = k - 1; }
    while (k >= 0) { out[at + k] = 32; k = k - 1; }
    return 0;
}

int cexpr(void);

int catom(void) {
    int v; int k; int i;
    if (cur() == T_NUM) {
        v = 0; k = 0;
        v = numval(tp);
        adv();
        return v;
    }
    if (cur() == tidx("(", 1)) { adv(); v = cexpr(); need(tidx(")", 1), ")"); return v; }
    if (cur() == T_ID) {
        i = mfindt(tp);
        if (i >= 0) { if (machas[i]) { adv(); return macval[i]; } }
        i = sfind(tp);
        if (i >= 0) { if (symkind[i] == 4) { adv(); return symoff[i]; } }
    }
    err_tok(tp, "a constant is required here");
    __exit(1);
    return 0;
}

/* An integer constant expression (C99 6.6), with C's precedence.  It was
   a left-to-right chain of + - * /, so `N + 1 * 2` in an array bound was
   (N + 1) * 2, and `[1 && 1]` or `[1 ? 3 : 9]` were refused outright. */
int cprec(int k) {
    if (k == tidx("||", 2)) return 1;
    if (k == tidx("&&", 2)) return 2;
    if (k == tidx("|", 1)) return 3;
    if (k == tidx("^", 1)) return 4;
    if (k == tidx("&", 1)) return 5;
    if (k == tidx("==", 2)) return 6;
    if (k == tidx("!=", 2)) return 6;
    if (k == tidx("<", 1)) return 7;
    if (k == tidx(">", 1)) return 7;
    if (k == tidx("<=", 2)) return 7;
    if (k == tidx(">=", 2)) return 7;
    if (k == tidx("<<", 2)) return 8;
    if (k == tidx(">>", 2)) return 8;
    if (k == tidx("+", 1)) return 9;
    if (k == tidx("-", 1)) return 9;
    if (k == tidx("*", 1)) return 10;
    if (k == tidx("/", 1)) return 10;
    if (k == tidx("%", 1)) return 10;
    return 0;
}
long cunary(void) {
    int w;
    if (eat(tidx("-", 1))) return 0 - cunary();
    if (eat(tidx("+", 1))) return cunary();
    if (eat(tidx("!", 1))) { if (cunary()) return 0; return 1; }
    if (eat(tidx("~", 1))) return (0 - cunary()) - 1;
    if (cur() == tidx("sizeof", 6)) { if (kind(tp + 1) == tidx("(", 1)) { if (is_typeat(tp + 2)) {
        adv(); adv();
        w = declspec(); w = declsz;
        while (eatstar()) w = 8;
        need(tidx(")", 1), ")");
        return w;
    } } }
    /* a cast inside a constant expression: `(int)7` */
    if (cur() == tidx("(", 1)) { if (is_typeat(tp + 1)) {
        adv(); declspec(); while (eatstar()) { }
        need(tidx(")", 1), ")");
        return cunary();
    } }
    return catom();
}
long cbin(int minp) {
    long v; long r; int k; int pr;
    v = cunary();
    while (1) {
        k = cur(); pr = cprec(k);
        if (pr == 0) break;
        if (pr < minp) break;
        adv();
        r = cbin(pr + 1);
        if (pr == 1) { if (v) v = 1; else { if (r) v = 1; else v = 0; } }
        else { if (pr == 2) { if (v) { if (r) v = 1; else v = 0; } else v = 0; }
        else { if (k == tidx("|", 1)) v = v | r;
        else { if (k == tidx("^", 1)) v = v ^ r;
        else { if (k == tidx("&", 1)) v = v & r;
        else { if (k == tidx("==", 2)) v = v == r;
        else { if (k == tidx("!=", 2)) v = v != r;
        else { if (k == tidx("<", 1)) v = v < r;
        else { if (k == tidx(">", 1)) v = v > r;
        else { if (k == tidx("<=", 2)) v = v <= r;
        else { if (k == tidx(">=", 2)) v = v >= r;
        else { if (k == tidx("<<", 2)) v = v << r;
        else { if (k == tidx(">>", 2)) v = v >> r;
        else { if (k == tidx("+", 1)) v = v + r;
        else { if (k == tidx("-", 1)) v = v - r;
        else { if (k == tidx("*", 1)) v = v * r;
        else { if (k == tidx("/", 1)) v = v / r;
        else v = v % r; } } } } } } } } } } } } } } } }
    }
    return v;
}
/* Is the bound that starts at token j (up to its `]`) a constant
   expression?  Anything naming an object makes the array variable-length;
   `[1 && 1]` does not. */
int isconstdim(int j) {
    int depth; int k; int i;
    depth = 0;
    while (j < ntok) {
        k = kind(j);
        if (k == tidx("[", 1)) depth = depth + 1;
        if (k == tidx("]", 1)) { if (depth == 0) return 1; depth = depth - 1; }
        if (k == T_ID) {
            i = mfindt(j);
            if (i >= 0) { if (machas[i]) { j = j + 1; continue; } }
            i = sfind(j);
            if (i < 0) return 0;
            if (symkind[i] != 4) return 0;          /* not an enum constant */
        }
        j = j + 1;
    }
    return 1;
}

int cexpr(void) {
    long c; long a; long b;
    c = cbin(1);
    if (eat(tidx("?", 1))) {
        a = cexpr(); need(tidx(":", 1), ":"); b = cexpr();
        if (c) return a;
        return b;
    }
    return c;
}

/* `[k]` after `a[n][m]`: record k, make the row m*k, and refuse a fourth
   dimension out loud -- one was silently dropped, and sizeof came out 24
   for an int[2][3][5]. */
int dim3n;
int dim3decl(void) {
    dim3n = 1; decldim3 = 0;
    if (cur() != tidx("[", 1)) return 0;
    adv(); decldim3 = cexpr(); need(tidx("]", 1), "]");
    dim3n = decldim3;
    decldim2 = decldim2 * decldim3;
    if (cur() == tidx("[", 1)) { printf("arrays of more than three dimensions are not supported\n"); __exit(1); }
    return 0;
}

int alloc_local(int n) { frameoff = frameoff + n; if (frameoff > framemax) framemax = frameoff; return frameoff; }

int is_typetok(void) {
    if (cur() == T_TYPE) return 1;
    if (cur() == vfind(TOKV, NTOKV, "struct", 6)) return 1;
    if (cur() == vfind(TOKV, NTOKV, "union", 5)) return 1;
    return 0;
}

int stbody(int si);

int tdfind(int t) {
    int i; int k; int ok;
    if (kind(t) != T_ID) return 0 - 1;
    i = ntd - 1;                       /* backwards: an inner one shadows */
    while (i >= 0) {
        ok = 1; k = 0;
        while (k < tlen[t]) {
            if (k > 30) ok = 0;
            else { if (tdname[i * 32 + k] != src[tpos[t] + k]) ok = 0; }
            k = k + 1;
        }
        if (ok) { if (tdname[i * 32 + tlen[t]] == 0) return i; }
        i = i - 1;
    }
    return 0 - 1;
}

int tdadd(int t, int w, int sz, int si, int isptr) {
    int k;
    if (ntd >= MAXTD) { __write(2, "too many typedefs\n", 18); __exit(1); }
    k = 0;
    while (k < tlen[t]) { if (k < 31) tdname[ntd * 32 + k] = src[tpos[t] + k]; k = k + 1; }
    if (k > 31) k = 31;
    tdname[ntd * 32 + k] = 0;
    tdw[ntd] = w; tdsz[ntd] = sz; tdstruct[ntd] = si; tdptr[ntd] = isptr;
    tduns[ntd] = declunsigned;
    tdfp[ntd] = 0; tdfpst[ntd] = 0 - 1; tdflt[ntd] = declflt;
    ntd = ntd + 1;
    return ntd - 1;
}

int stfind(int t) {
    int i; int k; int ok;
    i = nstruct - 1;                     /* newest first: the innermost wins */
    while (i >= 0) {
        if (stdead[i]) { i = i - 1; continue; }
        ok = 1; k = 0;
        while (k < tlen[t]) {
            if (k > 30) ok = 0;
            else { if (stname[i * 32 + k] != src[tpos[t] + k]) ok = 0; }
            k = k + 1;
        }
        if (ok) { if (stname[i * 32 + tlen[t]] == 0) return i; }
        i = i - 1;
    }
    return 0 - 1;
}

int stnew(int t, int isunion) {
    int k;
    if (nstruct >= MAXSTRUCT) { __write(2, "too many structs\n", 17); __exit(1); }
    k = 0;
    if (t >= 0) {
        while (k < tlen[t]) { if (k < 31) stname[nstruct * 32 + k] = src[tpos[t] + k]; k = k + 1; }
    }
    if (k > 31) k = 31;
    stname[nstruct * 32 + k] = 0;
    stfirst[nstruct] = nmemb; stcount[nstruct] = 0;
    stdepth[nstruct] = bdepth; stdead[nstruct] = 0;
    stsize[nstruct] = 0; stalign[nstruct] = 1; stunion[nstruct] = isunion;
    nstruct = nstruct + 1;
    return nstruct - 1;
}

/* `struct` or `union`, with or without a tag, with or without a body. */
int stparse(int isunion) {
    int si; int t;
    adv();
    si = 0 - 1;
    if (cur() == T_ID) {
        t = tp;
        si = stfind(t);
        if (si < 0) si = stnew(t, isunion);
        /* a DEFINITION in a deeper block shadows the outer tag */
        else { if (kind(tp + 1) == tidx("{", 1)) { if (stdepth[si] < bdepth) si = stnew(t, isunion); } }
        adv();
    } else si = stnew(0 - 1, isunion);
    if (cur() == tidx("{", 1)) stbody(si);
    return si;
}

int mbfind(int si, int t) {
    int i; int e; int k; int ok;
    i = stfirst[si]; e = i + stcount[si];
    while (i < e) {
        ok = 1; k = 0;
        while (k < tlen[t]) {
            if (k > 30) ok = 0;
            else { if (mbname[i * 32 + k] != src[tpos[t] + k]) ok = 0; }
            k = k + 1;
        }
        if (ok) { if (mbname[i * 32 + tlen[t]] == 0) return i; }
        i = i + 1;
    }
    return 0 - 1;
}

int is_typeat(int i) {
    if (kind(i) == T_TYPE) return 1;
    if (kind(i) == vfind(TOKV, NTOKV, "struct", 6)) return 1;
    if (kind(i) == vfind(TOKV, NTOKV, "union", 5)) return 1;
    if (kind(i) == vfind(TOKV, NTOKV, "enum", 4)) return 1;   /* `(enum E) x` */
    if (tdfind(i) >= 0) return 1;
    return 0;
}

/* The size `sizeof` reports, which is NOT the storage width this compiler
   uses: locals live in 8-byte slots whatever their type, but `sizeof(int)`
   is 4 because that is what the type is.  [G-2] is about the width
   arithmetic is EVALUATED at, and says nothing about this. */
/* specifier keywords -> a type KIND (parsing, as sema.py's declspec does);
   the kind's size is the tyinfo stage's answer, not a number written here.
   kb: 0 void, 1 char, 2 short, 3 int, 4 long, 5 float, 6 double */
int kindsize(int kb, int un) {
    char *nm; int L;
    nm = un ? "u32" : "i32";
    if (kb == 0) nm = "void";
    if (kb == 1) nm = un ? "u8" : "i8";
    if (kb == 2) nm = un ? "u16" : "i16";
    if (kb == 4) nm = un ? "u64" : "i64";
    if (kb == 5) nm = "f32";
    if (kb == 6) nm = "f64";
    L = 0; while (nm[L]) L = L + 1;
    return tysize(vfind(TYOUTV, NTYOUTV, nm, L));
}

int typesize(void) {
    int kb; int un;
    kb = 3; un = 0;
    while (is_typeat(tp)) {
        if (srcis(tpos[tp], tlen[tp], "char")) kb = 1;
        if (srcis(tpos[tp], tlen[tp], "short")) kb = 2;
        if (srcis(tpos[tp], tlen[tp], "long")) kb = 4;
        if (srcis(tpos[tp], tlen[tp], "void")) kb = 0;
        if (srcis(tpos[tp], tlen[tp], "unsigned")) un = 1;
        adv();
    }
    return kindsize(kb, un);
}

/* `enum [tag] { a, b = 3, c }` -- the constants go into the symbol table and
   the type itself is just an int. */
int enumspec(void) {
    int v; int t; int k; int neg;
    adv();
    if (cur() == T_ID) { if (kind(tp) != tidx("{", 1)) adv(); }
    if (cur() != tidx("{", 1)) return 4;          /* `enum E x;` -- a use */
    adv();
    v = 0;
    while (cur() != tidx("}", 1)) {
        t = adv();
        if (eat(tidx("=", 1))) {
            /* a constant expression: `B = A + 1`, `C = LAST_OTHER_CODE` */
            v = cexpr();
            if (v < 0) enumneg = 1;
        }
        declbytes = 4; declstruct = 0 - 1;
        sadd(t, 4, v, 8);                          /* 4 = enum constant */
        v = v + 1;
        if (eat(tidx(",", 1)) == 0) break;
    }
    need(tidx("}", 1), "}");
    return 4;
}

/* `*`, and the qualifiers that may follow it: `char *const p`,
   `int (*const x)`.  They change nothing this compiler tracks. */
int isqual(int t) {
    if (kind(t) != T_TYPE) return 0;
    if (srcis(tpos[t], tlen[t], "const")) return 1;
    if (srcis(tpos[t], tlen[t], "volatile")) return 1;
    if (srcis(tpos[t], tlen[t], "restrict")) return 1;
    return 0;
}
int eatstar(void) {
    if (eat(tidx("*", 1)) == 0) return 0;
    declpd = declpd + 1;
    while (isqual(tp)) adv();
    return 1;
}

/* Words that qualify a declaration without naming its type: they may come
   before a typedef name or `struct` (`const wchar_t *s`, `static struct S
   x`) and after one (`wchar_t const`).  Each is still a type word to the
   scope table, and is asked as one. */
int isspecq(int t) {
    if (kind(t) != T_TYPE) return 0;
    if (isqual(t)) return 1;
    if (srcis(tpos[t], tlen[t], "static")) return 1;
    if (srcis(tpos[t], tlen[t], "extern")) return 1;
    if (srcis(tpos[t], tlen[t], "register")) return 1;
    if (srcis(tpos[t], tlen[t], "inline")) return 1;
    if (srcis(tpos[t], tlen[t], "auto")) return 1;
    return 0;
}
int skipspecq(void) {
    while (isspecq(tp)) {
        if (srcis(tpos[tp], tlen[tp], "static")) declstatic = 1;
        if (infunc) scopewant("local", 5, tp, "type_name", 9);
        else scopewant("top", 3, tp, "type_name", 9);
        adv();
    }
    return 0;
}

int declspec(void) {                       /* -> element width */
    int w; int td; int kb;
    w = 8; kb = 3;
    declsz = 4;                            /* the size `sizeof` reports */
    declstruct = 0 - 1;
    declspecptr = 0;
    declunsigned = 0;
    declspecfp = 0; declspecfpst = 0 - 1;
    declenum = 0; declflt = 0; declspecpd = 0; declstatic = 0; declbool = 0;
    skipspecq();
    td = tdfind(tp);
    if (td >= 0) {
        adv();
        declsz = tdsz[td]; declstruct = tdstruct[td]; declspecptr = tdptr[td];
        declunsigned = tduns[td];
        declspecfp = tdfp[td];
        declspecfpst = tdfpst[td];
        declflt = tdflt[td];
        declspecpd = tdptr[td] ? tdpd[td] : 0;
        declbase = tdw[td];
        if (declstruct >= 0) declbase = stsize[declstruct];
        skipspecq();
        return tdw[td];
    }
    if (cur() == tidx("struct", 6)) {
        declstruct = stparse(0);
        declsz = stsize[declstruct];
        declbase = declsz;
        skipspecq();
        return 8;
    }
    if (cur() == tidx("union", 5)) {
        declstruct = stparse(1);
        declsz = stsize[declstruct];
        declbase = declsz;
        skipspecq();
        return 8;
    }
    if (cur() == tidx("enum", 4)) { declenum = 1; declsz = enumspec(); declbase = declsz; skipspecq(); return declsz; }
    while (is_typetok()) {
        if (infunc) scopewant("local", 5, tp, "type_name", 9);
        else scopewant("top", 3, tp, "type_name", 9);
        if (tlen[tp] == 4) { if (src[tpos[tp]] == 99) w = 1; }   /* char */
        if (srcis(tpos[tp], tlen[tp], "char")) kb = 1;
        if (srcis(tpos[tp], tlen[tp], "short")) kb = 2;
        if (srcis(tpos[tp], tlen[tp], "long")) kb = 4;
        if (srcis(tpos[tp], tlen[tp], "void")) kb = 0;
        /* C99 6.2.5p2: _Bool holds 0 or 1 and nothing else.  One byte and
           unsigned; what makes it a boolean rather than a narrow integer
           is the CONVERSION rule, not the width. */
        if (srcis(tpos[tp], tlen[tp], "_Bool")) { kb = 1; declunsigned = 1; declbool = 1; }
        if (srcis(tpos[tp], tlen[tp], "unsigned")) declunsigned = 1;
        if (srcis(tpos[tp], tlen[tp], "float")) { kb = 5; declflt = 4; }
        if (srcis(tpos[tp], tlen[tp], "double")) { kb = 6; declflt = 8; }  /* long double too */
        adv();
    }
    declsz = kindsize(kb, declunsigned);   /* the size: tyinfo's answer */
    /* The element width IS the type's size.  It used to be 1 for char and 8
       for everything else, which made an `int` array eight bytes per element
       and left no room for a struct member to be four. */
    w = declsz;
    declbase = w;
    return w;
}

/* The member list.  Alignment is the C rule -- each member starts on a
   boundary of its own alignment, the struct's alignment is the widest of
   them, and the total is rounded up to that -- because a struct's layout is
   observable through `sizeof` and through every pointer into it. */
int stbody(int si) {
    int off; int al; int w; int sz; int n; int t; int k;
    int msz; int mal; int mw; int mel; int mst; int mo; int muns;
    int own[256]; int nown; int j; int bitpos; int bw; int isbf; int menum; int mflt;
    int flex;                   /* this member is `name[]`: a flexible array */
    int mbl;                    /* ...and this one is _Bool */
    nown = 0; bitpos = 0; flex = 0;
    stopen[si] = 1;             /* this tag is INCOMPLETE until the `}` */
    need(tidx("{", 1), "{");
    stfirst[si] = nmemb; stcount[si] = 0;
    off = 0; al = 1;
    while (cur() != tidx("}", 1)) {
        w = declspec();
        sz = declsz; mst = declstruct; muns = declunsigned; menum = declenum; mflt = declflt;

        mbl = declbool;   /* saved like muns: declspec runs again per member */
        if (cur() == tidx(";", 1)) { if (mst >= 0) {
            /* An anonymous member (C11 6.7.2.1p13): its members are members
               of this aggregate, at its offset.  Spliced in by copy. */
            int a; int e; int first;
            msz = stsize[mst]; mal = stalign[mst];
            if (mal > 8) mal = 8;
            if ((bitpos + 7) / 8 > off) off = (bitpos + 7) / 8;
            if (stunion[si]) mo = 0;
            else {
                while (off - (off / mal) * mal) off = off + 1;
                mo = off; off = off + msz;
            }
            if (stunion[si]) { if (msz > off) off = msz; }
            if (mal > al) al = mal;
            bitpos = off * 8;
            a = stfirst[mst]; e = a + stcount[mst]; first = 1;
            while (a < e) {
                if (nmemb >= MAXMEMB) { __write(2, "too many members\n", 17); __exit(1); }
                k = 0;
                while (k < 32) { mbname[nmemb * 32 + k] = mbname[a * 32 + k]; k = k + 1; }
                mboff[nmemb] = mo + mboff[a]; mbbytes[nmemb] = mbbytes[a];
                mbwidth[nmemb] = mbwidth[a]; mbelem[nmemb] = mbelem[a];
                mbptr[nmemb] = mbptr[a]; mbstruct[nmemb] = mbstruct[a];
                mbuns[nmemb] = mbuns[a];
                mbskip[nmemb] = mbskip[a];
                mbpst[nmemb] = mbpst[a];
                mbflt[nmemb] = mbflt[a];
                mbptrd[nmemb] = mbptrd[a];
                if (stunion[mst]) { if (first == 0) mbskip[nmemb] = 1; }
                first = 0;
                if (nown >= 256) { __write(2, "too many members\n", 17); __exit(1); }
                own[nown] = nmemb; nown = nown + 1;
                nmemb = nmemb + 1;
                stcount[si] = stcount[si] + 1;
                a = a + 1;
            }
            adv();
            continue;
        } }
        while (1) {
            declptr = declspecptr; declpd = declspecpd;
            while (eatstar()) declptr = 1;
            t = 0 - 1;
            n = 1;
            if (cur() == tidx("(", 1)) { if (kind(tp + 1) == tidx("*", 1)) {
                /* `int (*fptr)();` -- a pointer member, called through
                   its value; `(*f[4])()` is an array of them */
                t = fpdecl(); declptr = 1; mst = 0 - 1;
                if (fpdim > 0) n = fpdim;
            } }
            flex = 0;
            if (t < 0) { if (cur() != tidx(":", 1)) t = adv(); }   /* `unsigned : 2;` names nothing */
            if (cur() == tidx("[", 1)) {
                /* C99 6.7.2.1p16: the LAST member of a struct may have an
                   incomplete array type -- `char d[];` -- and contributes
                   nothing to sizeof.  The bytes are whatever the caller
                   allocated past the struct, so the member is an offset
                   with a length of zero. */
                adv();
                if (cur() == tidx("]", 1)) { n = 0; flex = 1; } else n = cexpr();
                need(tidx("]", 1), "]");
            }
            isbf = 0;
            if (eat(tidx(":", 1))) {
                /* A bit-field.  C99 6.7.2.1 leaves the layout to the
                   implementation; this is what both our targets' ABIs do,
                   and what the Python walker does: pack in declaration
                   order, start a new storage unit when the field would
                   straddle one, and a width of 0 forces that break. */
                int unit; int pos; int uoff; int sig;
                bw = cexpr(); isbf = 1;
                unit = sz * 8;
                if (sz > al) al = sz;
                if (stunion[si]) {
                    if (sz > off) off = sz;
                    pos = 0;
                } else {
                    pos = bitpos;
                    if (off * 8 > pos) pos = off * 8;
                    if (bw == 0) {
                        pos = (pos + unit - 1) / unit * unit;
                        bitpos = pos;
                        if ((bitpos + 7) / 8 > off) off = (bitpos + 7) / 8;
                    } else {
                        if (pos % unit + bw > unit) pos = (pos + unit - 1) / unit * unit;
                        bitpos = pos + bw;
                        if ((bitpos + 7) / 8 > off) off = (bitpos + 7) / 8;
                    }
                }
                if (t < 0 || bw == 0) {
                    if (eat(tidx(",", 1)) == 0) break;
                    continue;
                }
                uoff = pos / unit * sz;
                /* plain int is signed here, as in gcc; an enum is unsigned
                   unless an enumerator is negative, or 148 in eight bits
                   reads back as -108 */
                sig = 1;
                if (muns) sig = 0;
                if (menum) { if (enumneg == 0) sig = 0; }
                mo = uoff; msz = sz; mw = bfenc(bw, pos - uoff * 8, sz, sig); mel = sz;
            }
            /* C99 6.7.2.1p2: a member cannot have an incomplete type, and
               the struct being defined is incomplete until its `}`.
               `struct S { struct S inner; }` used to be accepted and
               sizeof was whatever the half-built entry held.  Checked HERE,
               after the declarator: a POINTER to the same tag is how every
               list is written, and declptr is only known once the stars
               have been eaten. */
            if (isbf == 0) { if (mst >= 0) { if (declptr == 0) {
                if (stopen[mst]) {
                    err_tok(t, "a struct cannot contain itself by value");
                    __exit(1);
                } } } }
            if (isbf == 0) {
            msz = sz; mal = sz; mw = sz; mel = sz;
            if (mst >= 0) { msz = stsize[mst]; mal = stalign[mst]; mw = 0; mel = msz; }
            if (declptr) { msz = 8; mal = 8; mw = 8; mel = sz; if (mst >= 0) mel = stsize[mst]; }
            if (mal > 8) mal = 8;
            if (n > 1) { mel = msz; msz = msz * n; mw = 0; }
            /* The flexible member is an ARRAY of length zero: `mw = 0` is
               what marks a member as "its name is its address", and its
               size contributes nothing to the struct (C99 6.7.2.1p16).
               Without this it stayed a scalar and `s->d[0]` dereferenced
               the member's VALUE as a pointer. */
            if (flex) { mel = msz; msz = 0; mw = 0; }
            /* a plain member starts at the next byte, whatever bits precede it */
            if ((bitpos + 7) / 8 > off) off = (bitpos + 7) / 8;
            if (stunion[si]) mo = 0;
            else {
                while (off - (off / mal) * mal) off = off + 1;
                mo = off; off = off + msz;
            }
            if (stunion[si]) { if (msz > off) off = msz; }
            if (mal > al) al = mal;
            bitpos = off * 8;
            }
            if (nmemb >= MAXMEMB) { __write(2, "too many members\n", 17); __exit(1); }
            k = 0;
            while (k < tlen[t]) { if (k < 31) mbname[nmemb * 32 + k] = src[tpos[t] + k]; k = k + 1; }
            if (k > 31) k = 31;
            mbname[nmemb * 32 + k] = 0;
            mboff[nmemb] = mo; mbbytes[nmemb] = msz; mbwidth[nmemb] = mw;
            mbelem[nmemb] = mel; mbptr[nmemb] = declptr;
            mbstruct[nmemb] = 0 - 1;
            if (declptr == 0) { if (isbf == 0) mbstruct[nmemb] = mst; }
            mbpst[nmemb] = 0 - 1;
            if (declptr) mbpst[nmemb] = mst;
            mbflt[nmemb] = mflt;
            mbptrd[nmemb] = declptr ? (declpd > 0 ? declpd : 1) : 0;
            mbuns[nmemb] = muns; mbbool[nmemb] = mbl;
            mbskip[nmemb] = 0;
            if (stunion[si]) { if (stcount[si] > 0) mbskip[nmemb] = 1; }
            if (nown >= 256) { __write(2, "too many members\n", 17); __exit(1); }
            own[nown] = nmemb; nown = nown + 1;
            nmemb = nmemb + 1;
            stcount[si] = stcount[si] + 1;
            if (eat(tidx(",", 1)) == 0) break;
        }
        need(tidx(";", 1), ";");
    }
    need(tidx("}", 1), "}");
    /* A struct's members are the range [stfirst, stfirst + stcount).  A
       member whose type is DEFINED inline -- `union { ... } u;` -- put its
       own members in the middle of that range, and `u` fell off the end.
       Re-append ours as one block; the scattered originals are dead. */
    stopen[si] = 0;             /* complete from here on */
    stfirst[si] = nmemb;
    j = 0;
    while (j < nown) {
        if (nmemb >= MAXMEMB) { __write(2, "too many members\n", 17); __exit(1); }
        k = 0;
        while (k < 32) { mbname[nmemb * 32 + k] = mbname[own[j] * 32 + k]; k = k + 1; }
        mboff[nmemb] = mboff[own[j]]; mbbytes[nmemb] = mbbytes[own[j]];
        mbwidth[nmemb] = mbwidth[own[j]]; mbelem[nmemb] = mbelem[own[j]];
        mbptr[nmemb] = mbptr[own[j]]; mbstruct[nmemb] = mbstruct[own[j]];
        mbuns[nmemb] = mbuns[own[j]];
        mbbool[nmemb] = mbbool[own[j]];
        mbskip[nmemb] = mbskip[own[j]];
        mbpst[nmemb] = mbpst[own[j]];
        mbflt[nmemb] = mbflt[own[j]];
        mbptrd[nmemb] = mbptrd[own[j]];
        nmemb = nmemb + 1;
        j = j + 1;
    }
    if ((bitpos + 7) / 8 > off) off = (bitpos + 7) / 8;
    while (off - (off / al) * al) off = off + 1;
    stsize[si] = off; stalign[si] = al;
    return si;
}

int stmt(void);

int block(void) {
    int savesym; int saveoff; int savetd; int savest;
    need(vfind(TOKV, NTOKV, "{", 1), "{");
    savesym = nsym; saveoff = frameoff; savetd = ntd; savest = nstruct;
    bdepth = bdepth + 1;
    vlaslot[bdepth] = 0;
    while (cur() != vfind(TOKV, NTOKV, "}", 1)) {
        if (cur() == T_EOF) err_tok(tp, "unterminated block: the file ends inside it");
        stmt();
    }
    adv();
    if (vlaslot[bdepth]) {
        es("  @mem.load r7, [r6-"); en(vlaslot[bdepth]); es("]\n");
        vlaslot[bdepth] = 0;
    }
    nsym = savesym; frameoff = saveoff; ntd = savetd;
    bdepth = bdepth - 1;
    while (savest < nstruct) { stdead[savest] = 1; savest = savest + 1; }
    return 0;
}

/* `typedef TYPE name, *other;` -- one entry per declarator. */
int do_typedef(void) {
    int tw; int tsz; int tsi; int tptr; int nt;
    adv();
    tw = declspec(); tsz = declsz; tsi = declstruct;
    while (1) {
        tptr = declspecptr; declpd = declspecpd;
        while (eatstar()) tptr = 1;
        /* `typedef int (*binop)(int, int);` -- a pointer to a function */
        if (cur() == tidx("(", 1)) { if (kind(tp + 1) == tidx("*", 1)) {
            nt = fpdecl();
            tdadd(nt, 8, 8, 0 - 1, 1);
            tdfp[ntd - 1] = declfp;
            if (tptr) tdfpst[ntd - 1] = tsi;      /* `struct S *(*fty)()` */
            if (eat(tidx(",", 1))) continue;
            break;
        } }
        nt = adv();
        if (cur() == tidx("(", 1)) {          /* a function-pointer typedef */
            while (cur() != tidx(";", 1)) adv();
            tdadd(nt, 8, 8, 0 - 1, 1);
            break;
        }
        if (cur() == tidx("[", 1)) {
            adv(); tsz = tsz * cexpr(); need(tidx("]", 1), "]");
        }
        if (tptr) { tdadd(nt, tw, 8, tsi, 1); tdpd[ntd - 1] = declpd > 0 ? declpd : 1; }
        else tdadd(nt, tw, tsz, tsi, 0);
        if (eat(tidx(",", 1)) == 0) break;
    }
    need(tidx(";", 1), ";");
    return 0;
}

/* ---- aggregate initialisers -----------------------------------------
   `int a[] = {1,2,3}`, `char s[] = "hi"`, `struct P p = {1,2}`, for locals
   and for globals alike -- a global's stores go into `__init`, which is why
   both cases are one function with a different way of naming the base. */
/* Brace elision (C99 6.7.8p17): an aggregate element takes its SHARE of a
   flat list, so `PT a[] = {1,2,3, 4,5,6}` is two PTs, not six.  The list is
   therefore walked as a sequence of SCALAR SLOTS -- element index times the
   element's size, plus the member's offset, plus the sub-index when the
   member is itself an array. */
int slotoff; int slotw;

int structslots(int sst) {
    int per; int mi; int e;
    per = 0; mi = stfirst[sst]; e = stfirst[sst] + stcount[sst];
    while (mi < e) {
        if (mbskip[mi]) { mi = mi + 1; continue; }
        if (mbstruct[mi] >= 0) {
            /* a struct member takes its own scalars' share, per element */
            per = per + (mbbytes[mi] / stsize[mbstruct[mi]]) * structslots(mbstruct[mi]);
        } else { if (mbwidth[mi] == 0) {
            if (mbelem[mi] > 0) per = per + mbbytes[mi] / mbelem[mi];
            else per = per + 1;
        } else per = per + 1; }
        mi = mi + 1;
    }
    if (per <= 0) per = 1;
    return per;
}

int slotat(int i, int w, int sst) {
    int per; int el; int k; int mi; int e; int cnt; int sub;
    slotflt = initflt;
    if (sst < 0) { slotoff = i * w; slotw = w; return 0; }
    per = structslots(sst);
    el = i / per; k = i - el * per;
    mi = stfirst[sst]; e = stfirst[sst] + stcount[sst]; cnt = 0;
    while (mi < e) {
        if (mbskip[mi]) { mi = mi + 1; continue; }
        if (mbstruct[mi] >= 0) {
            sub = (mbbytes[mi] / stsize[mbstruct[mi]]) * structslots(mbstruct[mi]);
            if (k < cnt + sub) {
                int base; base = el * stsize[sst] + mboff[mi];
                slotat(k - cnt, 0, mbstruct[mi]);      /* recurse into it */
                slotoff = base + slotoff;
                return 0;
            }
            cnt = cnt + sub;
            mi = mi + 1;
            continue;
        }
        if (mbwidth[mi] == 0) {
            sub = 1;
            if (mbelem[mi] > 0) sub = mbbytes[mi] / mbelem[mi];
            if (k < cnt + sub) {
                slotoff = el * stsize[sst] + mboff[mi] + (k - cnt) * mbelem[mi];
                slotflt = mbflt[mi];
                slotw = mbelem[mi];
                if (slotw == 0) slotw = 8;
                return 0;
            }
            cnt = cnt + sub;
        } else {
            if (k == cnt) {
                slotoff = el * stsize[sst] + mboff[mi];
                slotflt = mbflt[mi];
                if (mbptr[mi]) slotflt = 0;
                slotw = mbwidth[mi];
                return 0;
            }
            cnt = cnt + 1;
        }
        mi = mi + 1;
    }
    slotoff = el * stsize[sst]; slotw = 8;
    return 0;
}

int initaddr(int isglobal, int gt, int off, int delta) {
    if (isglobal) {
        /* 2: an unnamed static object -- a compound literal at file scope */
        if (isglobal == 2) { es("  @mem.lea r1, __cl"); en(gt); }
        else { if (isglobal == 3) { es("  @mem.lea r1, ls"); en(gt); }   /* a static local */
               else { es("  @mem.lea r1, g_"); etok(gt); } }
        if (delta) { es("\n  @lit.imm r2, "); en(delta); es("\n  @alu.add r1, r1, r2"); }
        ec(10);
    } else {
        es("  @lit.imm r2, "); en(off - delta); es("\n  @alu.sub r1, r6, r2\n");
    }
    return 0;
}

/* How many elements the initialiser supplies, for an unsized `[]`.  The
   cursor is on the `]`. */
int initcount(void) {
    int j; int depth; int n; int k; int c; int pos;
    char buf[4096];
    j = tp;
    while (j < ntok) { if (kind(j) == tidx("=", 1)) break; j = j + 1; }
    j = j + 1;
    if (iswide(j)) return wdecode(j, wcp) + 1;
    if (kind(j) == T_STR) { return decode(j, buf) + 1; }
    return initcountat(j);
}

/* The same, for the braced list that starts at token j. */
int initcountat(int j) {
    int depth; int n; int k; int c; int pos;
    if (kind(j) != tidx("{", 1)) return 1;
    depth = 0; n = 0; k = 0; pos = 0;
    while (j < ntok) {
        c = kind(j);
        if (c == tidx("{", 1)) { depth = depth + 1; j = j + 1; continue; }
        if (c == tidx("}", 1)) {
            depth = depth - 1;
            if (depth == 0) { if (k) pos = pos + 1; break; }
            j = j + 1; continue;
        }
        if (c == tidx(",", 1)) {
            if (k) { pos = pos + 1; k = 0; }
            if (pos > n) n = pos;
            j = j + 1; continue;
        }
        /* `[k] =`: the next element is element k (C99 6.7.8p6) */
        if (depth == 1) { if (c == tidx("[", 1)) { if (kind(j + 1) == T_NUM) {
            pos = numval(j + 1); j = j + 4; continue;
        } } }
        k = 1; j = j + 1;
    }
    if (pos > n) n = pos;
    return n;
}

/* ---- wide string literals ---------------------------------------------
   `L"..."`: the source is read a byte at a time, so the literal is still
   UTF-8 here; it decodes to code points, and each element of the array is
   four bytes -- wchar_t is four bytes on every target, so one tape still
   lowers to six.  Adjacent literals are one token with seams, as for
   narrow ones.  Returns the number of code points written to cp. */
int iswide(int t) {
    if (kind(t) != T_STR) return 0;
    if ((src[tpos[t]] & 255) == 76) return 1;             /* L */
    return 0;
}
int strw(int t) { if (iswide(t)) return 4; return 1; }
int hexv(int c) {
    if (c >= 97) return c - 87;
    if (c >= 65) return c - 55;
    return c - 48;
}
int wdecode(int t, int *cp) {
    int k; int e; int n; int c; int m; int need;
    k = 0; e = tlen[t]; n = 0;
    while (k < e) {
        /* to the next opening quote: past `L`, blanks and a seam */
        while (k < e) { if ((src[tpos[t] + k] & 255) == 34) break; k = k + 1; }
        k = k + 1;
        while (k < e) {
            c = src[tpos[t] + k] & 255;
            if (c == 34) { k = k + 1; break; }
            if (c == 92) {
                k = k + 1; c = src[tpos[t] + k] & 255;
                if (c == 110) c = 10;
                else { if (c == 116) c = 9;
                else { if (c == 114) c = 13;
                else { if (c == 48) { c = 0; }
                else { if (c == 120) {
                    c = 0; k = k + 1;
                    while (k < e) {
                        m = src[tpos[t] + k] & 255;
                        if (isdi(m) == 0) { if (m < 65 || m > 102) break; if (m > 70) { if (m < 97) break; } }
                        c = c * 16 + hexv(m); k = k + 1;
                    }
                    k = k - 1;
                } } } } }
                cp[n] = c; n = n + 1; k = k + 1;
                continue;
            }
            /* UTF-8: the lead byte says how many continuation bytes follow */
            need = 0;
            if (c >= 240) { need = 3; c = c & 7; }
            else { if (c >= 224) { need = 2; c = c & 15; }
            else { if (c >= 192) { need = 1; c = c & 31; } } }
            k = k + 1;
            while (need > 0) { c = c * 64 + (src[tpos[t] + k] & 63); k = k + 1; need = need - 1; }
            cp[n] = c; n = n + 1;
        }
    }
    return n;
}

int initstr(int isglobal, int gt, int off, int cap) {
    int t; int n; int k;
    char buf[4096];
    if (iswide(tp)) {
        /* four bytes an element; cap counts ELEMENTS */
        t = adv();
        n = wdecode(t, wcp);
        if (cap > 0) {
            initaddr(isglobal, gt, off, 0);
            es("  @mem.zero r1, 0, "); en(cap * 4); ec(10);
        }
        k = 0;
        while (k < n) {
            if (k >= cap) break;
            es("  @lit.imm r0, "); en(wcp[k]); ec(10);
            initaddr(isglobal, gt, off, k * 4);
            estore(4);
            k = k + 1;
        }
        return 0;
    }
    t = adv();
    n = decode(t, buf);
    if (cap > 0) {
        initaddr(isglobal, gt, off, 0);
        es("  @mem.zero r1, 0, "); en(cap); ec(10);
    }
    k = 0;
    while (k <= n) {
        int c;
        if (k >= cap) break;
        /* `decode` fills buf[0..n) and does not terminate it; the NUL is
           part of the object, so write it explicitly. */
        c = 0;
        if (k < n) c = buf[k] & 255;
        es("  @lit.imm r0, "); en(c); ec(10);
        initaddr(isglobal, gt, off, k);
        estore(1);
        k = k + 1;
    }
    return 0;
}

/* Braces are FLATTENED: C lets an aggregate element take its share of a flat
   list, and this subset has no multi-dimensional declarator to tell the
   shapes apart anyway. */
/* `(T){...}` -- or `((T){...})` -- in initialiser position is the braced
   list itself (C99 6.5.2.5).  On a match the cursor is left on the `{` and
   the number of extra `(` to close afterwards is returned; else -1. */
int cplit(void) {
    int j; int k; int depth;
    j = tp; k = 0;
    while (kind(j) == tidx("(", 1)) { j = j + 1; k = k + 1; }
    if (k == 0) return 0 - 1;
    if (is_typeat(j) == 0) return 0 - 1;
    depth = 0;
    while (j < ntok) {
        if (kind(j) == tidx("(", 1)) depth = depth + 1;
        if (kind(j) == tidx(")", 1)) { if (depth == 0) break; depth = depth - 1; }
        j = j + 1;
    }
    if (kind(j + 1) != tidx("{", 1)) return 0 - 1;
    tp = j + 1;
    return k - 1;
}

/* The slots one member takes in the flat list, and where a member starts. */
int mbslots(int mi) {
    if (mbskip[mi]) return 0;
    if (mbstruct[mi] >= 0) return (mbbytes[mi] / stsize[mbstruct[mi]]) * structslots(mbstruct[mi]);
    if (mbwidth[mi] == 0) { if (mbelem[mi] > 0) return mbbytes[mi] / mbelem[mi]; return 1; }
    return 1;
}
int membstart(int sst, int mt) {
    int mi; int e; int n;
    mi = stfirst[sst]; e = mi + stcount[sst]; n = 0;
    while (mi < e) { if (mi == mt) return n; n = n + mbslots(mi); mi = mi + 1; }
    return n;
}
/* the member of sst holding relative slot rel; its first slot in *ms */
int memberat(int sst, int rel, int *ms) {
    int mi; int e; int n; int c;
    mi = stfirst[sst]; e = mi + stcount[sst]; n = 0;
    while (mi < e) {
        c = mbslots(mi);
        if (rel < n + c) { *ms = n; return mi; }
        n = n + c; mi = mi + 1;
    }
    *ms = n;
    return 0 - 1;
}

/* Set by a caller right before initaggr: the object is an ARRAY (an array
   of one struct is the same size as the struct, so the size cannot tell),
   and its rows are that many elements long for `a[n][m]`. */

/* An initialiser list, walked as SCALAR SLOTS with a context per brace
   level: which sub-aggregate the level is (its first slot, how many slots,
   and a struct or an array's element share).  A designator resolves in its
   level's context, and a closing brace moves the cursor to the END of its
   sub-aggregate -- C99 6.7.8p20: `{1, {4}, 9}` puts the 9 in the member after
   the braced one, whatever the braced list left out. */
int initaggr(int isglobal, int gt, int off, int w, int sst, int nbytes) {
    int i; int depth; int delta; int ew; int isarr; int rows; int per; int rows3;
    int myflt; int sk;
    int cxbase[32]; int cxslots[32]; int cxst[32]; int cxel[32]; int cxelst[32]; int cxrow[32];
    int cxsub[32];
    isarr = initisarr; rows = initrows; rows3 = initrows3;
    myflt = initflt;          /* nested literals set it for themselves */
    initisarr = 0; initrows = 0; initrows3 = 0;
    /* C99 6.7.8p21: what the initialiser does not mention is ZERO.  Clearing
       the object first is the whole of that rule, and the tape has an op for
       it -- element-wise stores would also have to know which elements were
       skipped. */
    if (nbytes > 0) {
        initaddr(isglobal, gt, off, 0);
        es("  @mem.zero r1, 0, "); en(nbytes); ec(10);
    }
    per = 1;
    if (sst >= 0) per = structslots(sst);
    /* level 1: the object itself */
    cxbase[1] = 0; cxrow[1] = 0; cxst[1] = 0 - 1; cxel[1] = 0; cxelst[1] = 0 - 1; cxsub[1] = 0;
    if (isarr) {
        cxel[1] = per; cxelst[1] = sst;
        if (rows > 0) { cxel[1] = per * rows; cxrow[1] = rows; cxsub[1] = rows3; }
        cxslots[1] = 1000000;
    } else {
        if (sst >= 0) { cxst[1] = sst; cxslots[1] = per; }
        else { cxel[1] = 1; cxslots[1] = 1000000; }   /* a scalar, or a flat array */
    }
    i = 0; depth = 0;
    while (1) {
        if (cur() == tidx("{", 1)) {
            adv(); depth = depth + 1;
            if (depth >= 32) { printf("initialiser nested too deeply\n"); __exit(1); }
            if (depth > 1) {
                int d; int ms; int mi; int el;
                d = depth - 1;
                /* what the cursor is at, in the enclosing level */
                cxst[depth] = 0 - 1; cxel[depth] = 0; cxelst[depth] = 0 - 1; cxrow[depth] = 0;
                cxsub[depth] = 0;
                cxbase[depth] = i; cxslots[depth] = 1;          /* a braced scalar */
                if (cxst[d] >= 0) {
                    mi = memberat(cxst[d], i - cxbase[d], &ms);
                    if (mi >= 0) {
                        cxbase[depth] = cxbase[d] + ms; cxslots[depth] = mbslots(mi);
                        if (mbstruct[mi] >= 0) {
                            if (mbbytes[mi] == stsize[mbstruct[mi]]) cxst[depth] = mbstruct[mi];
                            else { cxel[depth] = structslots(mbstruct[mi]); cxelst[depth] = mbstruct[mi]; }
                        } else { if (mbslots(mi) > 1) cxel[depth] = 1;
                                 else { cxbase[depth] = i; cxslots[depth] = 1; } }
                    }
                } else { if (cxel[d] > 0) {
                    el = (i - cxbase[d]) / cxel[d];
                    cxbase[depth] = cxbase[d] + el * cxel[d];
                    cxslots[depth] = cxel[d];
                    if (cxrow[d] > 0) {                  /* a row of a[n][m] */
                        cxel[depth] = cxel[d] / cxrow[d]; cxelst[depth] = cxelst[d];
                        if (cxsub[d] > 0) {              /* ...whose elements are rows */
                            cxel[depth] = (cxel[d] / cxrow[d]) * cxsub[d];
                            cxrow[depth] = cxsub[d];
                        }
                    } else { if (cxelst[d] >= 0) cxst[depth] = cxelst[d];
                             else { cxbase[depth] = i; cxslots[depth] = 1; } }
                } }
                i = cxbase[depth];
            }
            continue;
        }
        if (cur() == tidx("}", 1)) {
            adv();
            if (depth <= 1) break;
            i = cxbase[depth] + cxslots[depth];
            depth = depth - 1;
            continue;
        }
        if (cur() == tidx(",", 1)) { adv(); continue; }
        if (cur() == T_EOF) break;
        /* C99 6.7.8p17: a designator moves the cursor within ITS level, and
           the elements after it continue from there */
        if (cur() == tidx("[", 1)) {
            int k;
            adv(); k = cexpr(); need(tidx("]", 1), "]"); need(tidx("=", 1), "=");
            if (cxel[depth] > 0) i = cxbase[depth] + k * cxel[depth];
            continue;
        }
        if (cur() == tidx(".", 1)) { if (cxst[depth] >= 0) {
            int mi;
            adv();
            mi = mbfind(cxst[depth], tp);
            if (mi < 0) err_tok(tp, "no such member");
            adv(); need(tidx("=", 1), "=");
            i = cxbase[depth] + membstart(cxst[depth], mi);
            continue;
        } }
        initflt = myflt;
        slotat(i, w, sst);
        delta = slotoff; ew = slotw; sk = slotflt;
        expr(); loadval();
        fconv(fkind(), sk);                      /* to the slot's type */
        initaddr(isglobal, gt, off, delta);
        estore(ew);
        i = i + 1;
    }
    return 0;
}

/* `(*name)(params)` -- a pointer to a function.  The cursor is on the `(`;
   returns the name's token and leaves declfp saying which calling
   convention the pointee uses, because an indirect call has to know it. */
int skipparen(void) {                 /* over a balanced (...) at the cursor */
    int depth; int var;
    depth = 0; var = 0;
    while (cur() != T_EOF) {
        if (cur() == tidx("(", 1)) depth = depth + 1;
        if (cur() == tidx(")", 1)) { depth = depth - 1; if (depth == 0) { adv(); break; } }
        if (cur() == tidx("...", 3)) var = 1;
        adv();
    }
    return var;
}
int fpdecl(void) {
    int t; int var;
    adv();
    while (eatstar()) { }
    /* the name may be absent: `int (*[4])(int)` as a parameter type */
    t = 0 - 1;
    if (cur() == tidx("(", 1)) { if (kind(tp + 1) == tidx("*", 1)) {
        /* `(* (*p)(int a, int b))(int c, int d)`: the declarator nests.  The
           inner one is p, a pointer to a function; this level's suffix says
           what THAT function returns -- another function pointer. */
        t = fpdecl();
        need(tidx(")", 1), ")");
        if (cur() == tidx("(", 1)) { skipparen(); fpretfp = 1; }
        return t;
    } }
    if (cur() == T_ID) t = adv();
    fpdim = 0; fpadim = 0; fpfn = 0 - 1; fpretfp = 0;
    /* `(*pick(int which))(int, int)`: pick takes (int which) and RETURNS
       the pointer -- the declarator nests, and the inner list is pick's */
    if (cur() == tidx("(", 1)) { fpfn = tp; skipparen(); }
    while (cur() == tidx("[", 1)) {             /* an array of pointers */
        adv(); fpdim = 1;
        if (cur() != tidx("]", 1)) fpdim = cexpr();
        need(tidx("]", 1), "]");
    }
    need(tidx(")", 1), ")");
    declfp = 0;
    if (cur() == tidx("(", 1)) {
        var = skipparen();
        declfp = 1;
        if (var) declfp = 2;
    } else { if (cur() == tidx("[", 1)) {
        /* `(*p)[4]`: a pointer to arrays of 4 -- p[1] strides a whole row */
        adv(); fpadim = cexpr(); need(tidx("]", 1), "]");
    } }
    /* `(*const x)` is just a parenthesised pointer: declfp stays 0 */
    return t;
}

int lfp; int lfpret; int lflt0; int gflt0;
/* the conversion kind of the object being declared */
int dkind(int flt) {
    if (declbool) { if (declptr == 0) return 9; }   /* the _Bool conversion */
    if (declptr) return 1;
    if (flt) return flt;
    if (declunsigned) { if (declsz == 8) return 1; }
    return 0;
}
int local_decl(void) {
    int w; int t; int off; int n; int nelem; int sst; int isarr; int apd; int lstat;
    if (cur() == tidx("typedef", 7)) return do_typedef();
    w = declspec();
    sst = declstruct;
    lflt0 = declflt;          /* an initialiser's casts would overwrite it */
    lstat = declstatic;
    if (cur() == tidx(";", 1)) { adv(); return 0; }  /* `struct X { ... };` */
    while (1) {
        declstruct = sst;
        decldim2 = 0; decldim3 = 0; declfp = declspecfp;
        declptr = declspecptr; declpd = declspecpd;
        declflt = lflt0;
        while (eatstar()) { declptr = 1; }
        if (cur() == tidx("(", 1)) { if (kind(tp + 1) == tidx("*", 1)) {
            t = fpdecl(); declptr = 1; lfpret = fpretfp; sst = 0 - 1; declstruct = 0 - 1;
            if (fpdim > 0) {
                /* `int (*fs[2])(int, int)`: an array of pointers */
                lbind = scopebind("local", 5, t);
                off = alloc_local(fpdim * 8);
                declbytes = fpdim * 8; declfp = 0;
                sadd(t, lbind, off, 8);
                symkind[nsym - 1] = 3;
                if (eat(tidx("=", 1))) { initisarr = 1; initaggr(0, 0, off, 8, 0 - 1, fpdim * 8); }
                if (eat(tidx(",", 1))) continue;
                break;
            }
            if (fpadim > 0) { decldim2 = fpadim; declptr = 1; }
        } else t = adv(); }
        else t = adv();
        /* `int f(char *);` in a block: a prototype, not an object.  Calls
           resolve by name, so there is nothing to allocate. */
        if (cur() == tidx("(", 1)) {
            int depth; depth = 0;
            while (cur() != T_EOF) {
                if (cur() == tidx("(", 1)) depth = depth + 1;
                if (cur() == tidx(")", 1)) { depth = depth - 1; if (depth == 0) { adv(); break; } }
                adv();
            }
            if (eat(tidx(",", 1))) continue;
            need(tidx(";", 1), ";");
            return 0;
        }
        lbind = scopebind("local", 5, t);
        n = 1; isarr = 0;
        lfp = declfp;
        if (lstat) {
            int ew; long nb; int lk2;
            if (cur() == tidx("[", 1)) {
                adv(); isarr = 1;
                if (cur() == tidx("]", 1)) {
                    n = initcount();
                    if (sst >= 0) { int per; per = structslots(sst); n = (n + per - 1) / per; }
                } else n = cexpr();
                need(tidx("]", 1), "]");
            }
            ew = w;
            if (sst >= 0) ew = declsz;
            if (declptr) { if (isarr) { if (declpd > 0) ew = 8; } else ew = 8; }
            nb = n * ew;
            if (declptr == 0) { if (sst >= 0) { if (isarr == 0) nb = declsz; } }
            es(".bss ls"); en(t); ec(32); en(nb < 8 ? 8 : nb); ec(10);
            declbytes = nb;
            sadd(t, 0, 0, isarr ? ew : w);
            symlab[nsym - 1] = t;
            if (isarr) { symkind[nsym - 1] = 5; symptr[nsym - 1] = 1; symptrd[nsym - 1] = declpd + 1; }
            else { if (declptr == 0) { if (sst >= 0) {
                symkind[nsym - 1] = 5; symptr[nsym - 1] = 1; symelem[nsym - 1] = declsz; } } }
            if (eat(tidx("=", 1))) {
                /* once, at program start: into __init, like a global's */
                lk2 = dkind(lflt0);
                initflt = lflt0;
                toinit = 1; hasinit = 1;
                if (cur() == tidx("{", 1)) {
                    if (isarr) { initisarr = 1; }
                    initaggr(3, t, 0, isarr ? ew : w, sst, nb);
                } else { if (cur() == T_STR) { if (isarr) { initstr(3, t, 0, n); }
                    else { expr(); loadval(); es("  @mem.lea r1, ls"); en(t); ec(10); estore(8); } }
                else { int sptr; sptr = declptr;   /* before the RHS */
                    expr(); loadval(); fconv(fkind(), lk2);
                    es("  @mem.lea r1, ls"); en(t); ec(10);
                    if (sptr) estore(8); else estore(w); } }
                toinit = 0;
            }
            if (eat(tidx(",", 1))) continue;
            break;
        }
        if (cur() == vfind(TOKV, NTOKV, "[", 1)) { if (isconstdim(tp + 1) == 0) {
            /* A variable-length array (C99 6.7.5.2).  Its size is known only
               now, so its storage comes off the tape stack here; the name is
               a pointer to it, and a second slot keeps its byte count for
               `sizeof`.  The first one in a block saves the stack pointer,
               and the block's end -- or a break/continue out of it -- puts
               it back, or a loop would eat the stack. */
            int el; int szs;
            adv(); expr(); loadval(); need(tidx("]", 1), "]");
            el = w;
            if (sst >= 0) el = declsz;
            if (declptr) el = 8;
            es("  @lit.imm r2, "); en(el); es("\n  @alu.mul r0, r0, r2\n");
            szs = alloc_local(8);
            es("  @mem.store [r6-"); en(szs); es("], r0\n");
            if (vlaslot[bdepth] == 0) {
                vlaslot[bdepth] = alloc_local(8);
                es("  @mem.store [r6-"); en(vlaslot[bdepth]); es("], r7\n");
            }
            es("  @lit.imm r2, 7\n  @alu.add r0, r0, r2\n  @lit.imm r2, -8\n"
               "  @alu.and r0, r0, r2\n  @alu.sub r7, r7, r0\n");
            off = alloc_local(8);
            es("  @mem.store [r6-"); en(off); es("], r7\n");
            declptr = 1; declbytes = 8;
            sadd(t, lbind, off, el);
            symvla[nsym - 1] = szs;
            if (eat(tidx(",", 1))) continue;
            break;
        } }
        if (cur() == vfind(TOKV, NTOKV, "[", 1)) {
            adv();
            isarr = 1;
            /* `int a[] = {1,2,3}` -- the initialiser says how long it is,
               and for an array of structs it says how many SCALARS */
            if (cur() == vfind(TOKV, NTOKV, "]", 1)) {
                n = initcount();
                if (sst >= 0) {
                    int per; per = structslots(sst);
                    n = (n + per - 1) / per;
                }
            }
            else n = cexpr();
            need(vfind(TOKV, NTOKV, "]", 1), "]");
            /* `a[n][m]` is n*m elements in a row; the FIRST index strides a
               whole row, which is what decldim2 records */
            decldim2 = 0; decldim3 = 0;
            if (cur() == vfind(TOKV, NTOKV, "[", 1)) {
                adv();
                decldim2 = cexpr();
                need(vfind(TOKV, NTOKV, "]", 1), "]");
                n = n * decldim2;
                dim3decl();
                n = n * dim3n;
            }
            if (sst >= 0) w = declsz;
            apd = declpd;
            if (apd > 0) w = 8;            /* an array of POINTERS: 8 each */
            off = alloc_local(n * w);
            declptr = 1;
            declbytes = n * declsz;
            if (apd > 0) declbytes = n * 8;
            sadd(t, lbind, off, w);
            symkind[nsym - 1] = 3;         /* an array name denotes its address */
            symptrd[nsym - 1] = apd + 1;
        } else {
            /* a struct variable needs its whole body, not one slot, and its
               NAME denotes its address the way an array's does */
            if (declptr == 0) { if (sst >= 0) {
                off = alloc_local(declsz);
                declbytes = declsz;
                sadd(t, lbind, off, w);
                symkind[nsym - 1] = 3;
                if (eat(tidx("=", 1))) {
                    int cpn; cpn = 0 - 1;
                    if (cur() == tidx("(", 1)) cpn = cplit();
                    if (cpn >= 0 || cur() == tidx("{", 1)) {
                        initaggr(0, 0, off, w, sst, declsz);
                        while (cpn > 0) { need(tidx(")", 1), ")"); cpn = cpn - 1; }
                    } else {
                        /* `struct S b = a;` -- a whole-struct copy */
                        es("  @lit.imm r0, "); en(off); es("\n  @alu.sub r0, r6, r0\n");
                        push(); expr(); loadval();
                        es("  mov r1, r0\n  @mem.load r0, [r7+0]\n  @call.frame -8\n");
                        scopy(declsz);
                    }
                }
                if (eat(tidx(",", 1))) continue;
                break;
            } }
            off = alloc_local(8);
            declbytes = declsz;
            if (declptr) declbytes = 8;
            sadd(t, lbind, off, w);
            if (lfp) { symfpret[nsym - 1] = lfpret; symcst[nsym - 1] = declspecfpst; }
            lfpret = 0;
        }
        if (eat(vfind(TOKV, NTOKV, "=", 1))) {
            int lk; int lptr;
            lk = dkind(lflt0);
            /* Whether the thing being initialised is a POINTER, taken now:
               the initialiser can contain a type name of its own -- a
               compound literal `(int[]){5,6,7}`, a cast, a sizeof -- and
               parsing it rewrites the global `declptr`.  `int *a =
               (int[]){...}` stored the pointer 4 bytes wide, the element
               width, and read it back 8: the top half was whatever the
               stack held.  It passed here by luck and printed garbage on
               a GitHub runner. */
            lptr = declptr;
            initflt = lflt0;
            if (cur() == tidx("{", 1)) {
                if (isarr) { initisarr = 1; initrows = decldim2; initrows3 = decldim3; }
                initaggr(0, 0, off, w, sst, n * w);
            }
            else { if (cur() == T_STR) { if (isarr) { if (w == strw(tp)) {
                initstr(0, 0, off, n);
            } else { expr(); loadval();
                es("  @lit.imm r2, "); en(off); es("\n  @alu.sub r1, r6, r2\n");
                estore(8); } }
            else { expr(); loadval();
                fconv(fkind(), lk);                  /* C99 6.7.8p11 */
                es("  @lit.imm r2, "); en(off); es("\n  @alu.sub r1, r6, r2\n");
                if (lptr) estore(8); else estore(w); } }
            else { expr(); loadval();
                fconv(fkind(), lk);                  /* C99 6.7.8p11 */
                es("  @lit.imm r2, "); en(off); es("\n  @alu.sub r1, r6, r2\n");
                if (lptr) estore(8); else estore(w); } }
        }
        if (eat(vfind(TOKV, NTOKV, ",", 1)) == 0) break;
    }
    need(vfind(TOKV, NTOKV, ";", 1), ";");
    return 0;
}

int stmt(void) {
    int p; int a; int b; int c; int top;
    /* C99 6.8.1: a label prefixes a STATEMENT.  It is spotted before the
       table is asked, because `name :` is not a production -- the grammar
       sees an identifier and would call it an expression. */
    if (kind(tp) == T_ID) {
        if (kind(tp + 1) == tidx(":", 1)) {
            int lt;
            lt = adv(); adv();
            es("u_"); etok(lt); es(":\n");
            if (cur() != tidx("}", 1)) stmt();
            return 0;
        }
    }
    p = ask(1);
    if (p == P_BLOCK) return block();
    if (p == P_DECL) return local_decl();
    if (p == P_IF) {
        adv(); need(vfind(TOKV, NTOKV, "(", 1), "(");
        expr(); loadval(); ftruthy(); need(vfind(TOKV, NTOKV, ")", 1), ")");
        a = newlab();
        elab("  @ctrl.jumpz r0, L", a); ec(10);
        stmt();
        if (cur() == vfind(TOKV, NTOKV, "else", 4)) {
            b = newlab();
            elab("  @ctrl.jump L", b); ec(10);
            elab("L", a); es(":\n");
            adv(); stmt();
            elab("L", b); es(":\n");
        } else { elab("L", a); es(":\n"); }
        return 0;
    }
    if (p == P_WHILE) {
        adv();
        top = newlab(); a = newlab();
        elab("L", top); es(":\n");
        need(vfind(TOKV, NTOKV, "(", 1), "(");
        expr(); loadval(); ftruthy(); need(vfind(TOKV, NTOKV, ")", 1), ")");
        elab("  @ctrl.jumpz r0, L", a); ec(10);
        brkstack[nloop] = a; cntstack[nloop] = top;
        brkdep[nloop] = bdepth; cntdep[nloop] = bdepth; nloop = nloop + 1;
        stmt();
        nloop = nloop - 1;
        elab("  @ctrl.jump L", top); ec(10);
        elab("L", a); es(":\n");
        return 0;
    }
    if (p == P_FOR) {
        int stept; int bodyt; int aftert;
        adv(); need(tidx("(", 1), "(");
        if (eat(tidx(";", 1)) == 0) {
            if (is_typetok()) local_decl();
            else { exprc(); need(tidx(";", 1), ";"); }
        }
        top = newlab(); a = newlab(); c = newlab();
        elab("L", top); es(":\n");
        if (cur() != tidx(";", 1)) {
            expr(); loadval(); ftruthy();
            elab("  @ctrl.jumpz r0, L", a); ec(10);
        }
        need(tidx(";", 1), ";");
        stept = tp;
        b = 0;
        while (1) {                                  /* skip the step clause */
            if (cur() == tidx("(", 1)) b = b + 1;
            if (cur() == tidx(")", 1)) { if (b == 0) break; b = b - 1; }
            adv();
        }
        adv();
        bodyt = tp;
        brkstack[nloop] = a; cntstack[nloop] = c;
        brkdep[nloop] = bdepth; cntdep[nloop] = bdepth; nloop = nloop + 1;
        stmt();
        nloop = nloop - 1;
        aftert = tp;
        elab("L", c); es(":\n");
        if (stept != bodyt - 1) { tp = stept; exprc(); }
        tp = aftert;
        elab("  @ctrl.jump L", top); ec(10);
        elab("L", a); es(":\n");
        return 0;
    }
    if (p == P_SWITCH) {
        int slot; int disp; int end; int k; int cbase; int mysw;
        adv(); need(tidx("(", 1), "(");
        expr(); loadval();
        need(tidx(")", 1), ")");
        slot = alloc_local(8);
        es("  @lit.imm r2, "); en(slot);
        es("\n  @alu.sub r1, r6, r2\n  @mem.store [r1+0], r0\n");
        disp = newlab(); end = newlab();
        elab("  @ctrl.jump L", disp); ec(10);
        cbase = nswv; mysw = nsw;
        swdef[mysw] = 0 - 1; swslot[mysw] = slot;
        nsw = nsw + 1;
        /* C99 6.8.6.2p1: `continue` belongs to the enclosing ITERATION
           statement.  A switch takes over `break` and nothing else. */
        brkstack[nloop] = end; brkdep[nloop] = bdepth;
        if (nloop > 0) { cntstack[nloop] = cntstack[nloop - 1]; cntdep[nloop] = cntdep[nloop - 1]; }
        else { cntstack[nloop] = end; cntdep[nloop] = bdepth; }
        nloop = nloop + 1;
        stmt();
        nloop = nloop - 1;
        nsw = nsw - 1;
        elab("  @ctrl.jump L", end); ec(10);
        elab("L", disp); es(":\n");
        k = cbase;
        while (k < nswv) {
            es("  @lit.imm r2, "); en(slot);
            es("\n  @alu.sub r1, r6, r2\n  @mem.load r0, [r1+0]\n");
            es("  @lit.imm r1, "); en(swval[k]); ec(10);
            es("  @alu.ne r0, r0, r1\n");
            elab("  @ctrl.jumpz r0, L", swlab[k]); ec(10);
            k = k + 1;
        }
        nswv = cbase;
        if (swdef[mysw] >= 0) { elab("  @ctrl.jump L", swdef[mysw]); ec(10); }
        else { elab("  @ctrl.jump L", end); ec(10); }
        elab("L", end); es(":\n");
        return 0;
    }
    if (p == P_CASE) {
        int v; int lab;
        adv(); v = cexpr(); need(tidx(":", 1), ":");
        lab = newlab();
        swval[nswv] = v; swlab[nswv] = lab; nswv = nswv + 1;
        elab("L", lab); es(":\n");
        /* C99 6.8.1: a label prefixes a STATEMENT -- but `case 1: }` is
           common enough in the wild to tolerate. */
        if (cur() != tidx("}", 1)) stmt();
        return 0;
    }
    if (p == P_DEFAULT) {
        int lab;
        adv(); need(tidx(":", 1), ":");
        lab = newlab();
        swdef[nsw - 1] = lab;
        elab("L", lab); es(":\n");
        if (cur() != tidx("}", 1)) stmt();
        return 0;
    }
    if (p == P_RETURN) {
        adv();
        if (cur() != vfind(TOKV, NTOKV, ";", 1)) { expr(); loadval();
            if (retst < 0) {
                fconv(fkind(), retkind);
                /* a uint32_t function must not hand back 64 bits of whatever
                   the arithmetic left above its width */
                if (retkind == 0) { if (retsz < 8) { if (1) {
                    if (retuns) {
                        if (retsz == 1) es("  @lit.imm r2, 255\n  @alu.and r0, r0, r2\n");
                        if (retsz == 2) es("  @lit.imm r2, 65535\n  @alu.and r0, r0, r2\n");
                        if (retsz == 4) es("  @lit.imm r2, 4294967295\n  @alu.and r0, r0, r2\n");
                    } else {
                        es("  @call.frame 8\n  @mem.st [r7+0], r0, "); en(retsz);
                        es("\n  @mem.ld r0, [r7+0], "); en(retsz);
                        es("\n  @call.frame -8\n");
                    }
                } } }
            }
        }
        if (retst >= 0) {
            es("  mov r1, r0\n  @mem.lea r0, __rv_"); etok(rett); ec(10);
            scopy(stsize[retst]);
        }
        need(vfind(TOKV, NTOKV, ";", 1), ";");
        elab("  @ctrl.jump R", retlab); ec(10);
        return 0;
    }
    if (p == P_GOTO) {
        int gt;
        adv(); gt = adv();
        es("  @ctrl.jump u_"); etok(gt); ec(10);
        need(tidx(";", 1), ";");
        return 0;
    }
    if (p == P_BREAK) {
        adv(); need(vfind(TOKV, NTOKV, ";", 1), ";");
        vlaback(brkdep[nloop - 1]);
        elab("  @ctrl.jump L", brkstack[nloop - 1]); ec(10);
        return 0;
    }
    if (p == P_CONTINUE) {
        adv(); need(vfind(TOKV, NTOKV, ";", 1), ";");
        vlaback(cntdep[nloop - 1]);
        elab("  @ctrl.jump L", cntstack[nloop - 1]); ec(10);
        return 0;
    }
    if (p == P_DO) {
        adv();
        top = newlab(); a = newlab(); c = newlab();
        elab("L", top); es(":\n");
        brkstack[nloop] = a; cntstack[nloop] = c;
        brkdep[nloop] = bdepth; cntdep[nloop] = bdepth; nloop = nloop + 1;
        stmt();
        nloop = nloop - 1;
        elab("L", c); es(":\n");
        need(tidx("while", 5), "while");
        need(tidx("(", 1), "(");
        expr(); loadval(); ftruthy();
        need(tidx(")", 1), ")");
        need(tidx(";", 1), ";");
        elab("  @ctrl.jumpz r0, L", a); ec(10);
        elab("  @ctrl.jump L", top); ec(10);
        elab("L", a); es(":\n");
        return 0;
    }
    if (eat(vfind(TOKV, NTOKV, ";", 1))) return 0;
    exprc();
    need(vfind(TOKV, NTOKV, ";", 1), ";");
    return 0;
}


int function(int t, int w) {
    int np; int pw; int pt; int off; int fpatch; int k; int start;
    int fsym; int stacked; int npar; int depth; int c; int any; int havename;
    int pst; int nsp; int spsym[16]; int pfl;
    /* `static int helper(...)` in the second unit is not the `helper` in
       the first: recorded here, before the label is emitted */
    if (declstatic) ustat_add(t);
    fntok = t;
    start = nout; nsp = 0; pst = 0 - 1;
    fsym = nsym - 1;
    scopewant("top", 3, tp, "fn_name", 7);  /* lparen -> fn_name */
    need(vfind(TOKV, NTOKV, "(", 1), "(");
    /* Look ahead at the whole parameter list before emitting a byte of it:
       a variadic function, or one with more parameters than there are
       argument registers, takes EVERY argument on the tape stack, arg[k] at
       [FP + 16 + 8k] [W-13] [W-15].  That has to be known before the first
       parameter is stored. */
    fnvar = 0; npar = 0; depth = 0; any = 0; k = tp;
    while (k < ntok) {
        c = kind(k);
        if (c == tidx("(", 1)) depth = depth + 1;
        if (c == tidx(")", 1)) { if (depth == 0) break; depth = depth - 1; }
        if (c == tidx("...", 3)) fnvar = 1;
        else { if (c == tidx(",", 1)) { if (depth == 0) npar = npar + 1; }
               else any = 1; }
        k = k + 1;
    }
    if (any) npar = npar + 1;
    if (fnvar) npar = npar - 1;              /* the `...` is not a parameter */
    stacked = 0;
    if (fnvar) stacked = 1;
    if (npar > 6) stacked = 1;
    fnnfixed = npar;
    if (fsym >= 0) symvar[fsym] = stacked;
    scopebase = nsym;
    frameoff = 0; framemax = 0;
    np = 0;
    etok(t); es(":\n");
    es("  @call.frame 8\n  @mem.store [r7+0], r6\n  mov r6, r7\n  @call.frame ");
    fpatch = nout; es("      "); ec(10);
    while (cur() != vfind(TOKV, NTOKV, ")", 1)) {
        if (eat(tidx("...", 3))) break;
        pw = declspec();
        pst = declstruct; pfl = declflt;
        declptr = declspecptr; declpd = declspecpd; declfp = declspecfp;
        while (eatstar()) declptr = 1;
        havename = 0;
        if (cur() == tidx("(", 1)) {
            if (kind(tp + 1) == tidx("*", 1)) {
                pt = fpdecl(); declptr = 1; pw = 8;
                if (pt >= 0) havename = 1;
                if (fpdim > 0) declfp = 0;       /* an array of them decays */
            } else {
                /* `int f1(int (), int)`: a function type, adjusted to a
                   pointer to it (C99 6.7.5.3p8) */
                skipparen(); declptr = 1; pw = 8;
            }
        }
        if (cur() == T_ID) { pt = adv(); havename = 1; }
        /* `int a[n]`, `int a[static 5]`: an array parameter IS a pointer
           (C99 6.7.5.3p7), whatever the brackets say */
        while (cur() == tidx("[", 1)) {
            while (cur() != tidx("]", 1)) { if (cur() == T_EOF) break; adv(); }
            adv(); declptr = 1;
        }
        if (havename) {
            if (scopebind("param", 5, pt) != 1) scopefail("a parameter", pt);
            off = alloc_local(8);
            declbytes = 8;
            sadd(pt, 1, off, pw);
            if (pst >= 0) { if (declptr == 0) {
                if (nsp >= 16) { printf("more than 16 struct parameters\n"); __exit(1); }
                spsym[nsp] = nsym - 1; nsp = nsp + 1;
            } }
            if (stacked) {
                /* the registers are free in this convention */
                es("  @mem.load r1, [r6+"); en(16 + 8 * np); es("]\n");
                es("  @lit.imm r5, "); en(off); es("\n  @alu.sub r5, r6, r5\n  @mem.store [r5+0], r1\n");
            } else {
                /* Straight into the slot: the tape takes a negative
                   displacement, so no scratch register is needed.  There was
                   one -- r5, "free" -- until a function had six parameters
                   and r5 WAS the sixth, overwritten before it was stored. */
                es("  @mem.store [r6-"); en(off); es("], r"); en(np); ec(10);
            }
        }
        /* the parameter's kind, for callers to convert to */
        if (fsym >= 0) { if (np < 8) {
            int pk; pk = 0;
            if (declptr) pk = 1;
            else { if (pfl) pk = pfl; else { if (declunsigned) { if (declsz == 8) pk = 1; } } }
            sympk[fsym * 8 + np] = pk;
        } }
        np = np + 1;
        if (eat(vfind(TOKV, NTOKV, ",", 1)) == 0) break;
    }
    if (fsym >= 0) symnpk[fsym] = np;
    need(vfind(TOKV, NTOKV, ")", 1), ")");
    /* `int (*pick(int w))(int, int) {`: the body follows the OUTER list */
    if (fnresume >= 0) { tp = fnresume; fnresume = 0 - 1; }
    /* a prototype, not a definition -- `int f(int), g(int), gv;` lists
       several, and the caller carries on after a comma */
    if (cur() == tidx(";", 1) || cur() == tidx(",", 1)) {
        if (cur() == tidx(",", 1)) { nout = start; nsym = scopebase; return 2; }
        adv();
        nout = start;                     /* unemit the prologue */
        nsym = scopebase;
        return 0;
    }
    /* A struct parameter arrived as the address of the caller's copy; take
       one of our own, so writing to it does not reach the caller. */
    k = 0;
    while (k < nsp) {
        off = alloc_local(stsize[symstruct[spsym[k]]]);
        es("  @mem.load r1, [r6-"); en(symoff[spsym[k]]); es("]\n");
        es("  @lit.imm r0, "); en(off); es("\n  @alu.sub r0, r6, r0\n");
        scopy(stsize[symstruct[spsym[k]]]);
        symoff[spsym[k]] = off;
        k = k + 1;
    }
    retst = 0 - 1;
    if (fsym >= 0) { if (symstruct[fsym] >= 0) { if (symptr[fsym] == 0) retst = symstruct[fsym]; } }
    /* what `return` converts to (C99 6.8.6.4p3) */
    retkind = 0; retsz = w; retuns = 0;
    if (fsym >= 0) {
        retuns = symuns[fsym];
        if (symptr[fsym]) { retkind = 1; retsz = 8; }
        else { if (symflt[fsym]) retkind = symflt[fsym];
               else { if (retuns) { if (w == 8) retkind = 1; } } }
    }
    rett = t;
    retlab = newlab();
    infunc = 1;
    block();
    infunc = 0;
    elab("R", retlab); es(":\n");
    es("  mov r7, r6\n  @mem.load r6, [r7+0]\n  @call.frame -8\n  @ctrl.ret\n");
    patchnum(fpatch, 6, (framemax + 7) / 8 * 8);
    if (retst >= 0) { es(".bss __rv_"); etok(t); ec(32); en(stsize[retst]); ec(10); }
    nsym = scopebase;
    return 0;
}

int unit(void) {
    int p; int w; int t; int n; int k; int isarr; int gstruct; int cpn; int gfpfn; int gk; int gpd;
    while (1) {
        p = ask(0);
        if (p == P_END) break;
        if (p == P_TYPEDEF) { do_typedef(); continue; }
        /* P_ENUM: `enum E { ... };`, `enum E x = C;` and `enum { ... } x;`
           are all declarations, and declspec's enumspec takes each of them.
           This branch used to insist on a body, so a USE was refused. */
        w = declspec();
        gstruct = declstruct;
        gflt0 = declflt;
        if (cur() == tidx(";", 1)) { adv(); continue; }  /* `struct X {...};` */
        while (1) {
            declstruct = gstruct;
            decldim2 = 0; decldim3 = 0; declfp = declspecfp;
            declptr = declspecptr; declpd = declspecpd;
            declflt = gflt0;
            while (eatstar()) declptr = 1;
            gfpfn = 0;
            if (cur() == tidx("(", 1)) { if (kind(tp + 1) == tidx("*", 1)) {
                t = fpdecl(); declptr = 1; gstruct = 0 - 1; declstruct = 0 - 1;
                if (fpfn >= 0) { fnresume = tp; tp = fpfn; gfpfn = 1; }
            } else t = adv(); }
            else t = adv();
            gbind = scopebind("top", 3, t);
            p = ask(4);
            if (p == P_FNSIG) {
                declbytes = 8;
                declfp = 0;
                sadd(t, 2, 0, 8);
                /* `binop pick(void)`, `int (*f1(int, int))(int, int)`: a call
                   of it yields a function pointer */
                if (declspecfp || gfpfn) symfpret[nsym - 1] = 1;
                symrfst[nsym - 1] = declspecfpst;
                if (function(t, w) == 2) { adv(); continue; }
                break;
            }
            n = 1;
            isarr = 0;
            if (cur() == vfind(TOKV, NTOKV, "[", 1)) {
                adv();
                if (cur() == vfind(TOKV, NTOKV, "]", 1)) {
                    n = initcount();
                    if (gstruct >= 0) {
                        int per; per = structslots(gstruct);
                        n = (n + per - 1) / per;
                    }
                }
                else n = cexpr();
                need(vfind(TOKV, NTOKV, "]", 1), "]");
                isarr = 1;
                decldim2 = 0; decldim3 = 0;
                if (cur() == vfind(TOKV, NTOKV, "[", 1)) {
                    adv();
                    decldim2 = cexpr();
                    need(vfind(TOKV, NTOKV, "]", 1), "]");
                    n = n * decldim2;
                    dim3decl();
                    n = n * dim3n;
                }
                if (gstruct >= 0) w = declsz;
            }
            gpd = declpd;
            if (isarr) { if (gpd > 0) w = 8; }          /* an array of pointers */
            declbytes = n * declsz;
            if (isarr) { if (gpd > 0) declbytes = n * 8; }
            if (declptr) { if (isarr == 0) declbytes = 8; }
            /* `int x;` followed by `int x = 5;` is ONE object: C calls the
               first a tentative definition and the second completes it.
               Emitting `.bss g_x` twice reserved space nobody uses -- both
               back ends intern the name, so the second blob is dead -- and
               it put a symbol out of address order, which is the shape that
               took the back end down on the compiler itself [E-61]. */
            /* a file-scope static belongs to THIS unit; record it before
               anything spells the name, so the definition already carries
               the suffix */
            if (declstatic) ustat_add(t);
            /* ...which also means a second unit's `static hidden` is NOT a
               redeclaration of the first unit's: it needs its own storage,
               under its own name */
            k = sfind(t);
            gdup = k >= 0 && symunit[k] == curunit;
            sadd(t, gbind, 0, w);
            /* a struct global is an aggregate: its name is its address */
            if (declptr == 0) { if (gstruct >= 0) { if (isarr == 0) {
                symkind[nsym - 1] = 5; symptr[nsym - 1] = 1;
                symelem[nsym - 1] = declsz; } } }
            /* a global array name denotes its address, exactly like a local
               one -- without this `read(fd, src, n)` passes the first eight
               BYTES OF src as the pointer */
            if (isarr) { symkind[nsym - 1] = 5; symptr[nsym - 1] = 1; symptrd[nsym - 1] = gpd + 1; }
            if (gdup == 0) {
                es(".bss g_"); etok(t); ec(32);
                /* an ARRAY needs its full storage; a bare pointer needs 8.
                   Do not conflate the two -- `char src[MAXSRC]` getting 8
                   bytes puts the next global straight on top of the source
                   buffer. */
                if (isarr) { if (gstruct >= 0) en(n * declsz); else en(n * w); }
                else { if (declptr) en(8); else {
                    if (gstruct >= 0) en(declsz); else en(n * w); } }
                ec(10);
            }
            if (cur() == tidx("=", 1)) {
                adv();
                toinit = 1; hasinit = 1;
                gk = dkind(gflt0);
                initflt = gflt0;
                cpn = 0 - 1;
                if (cur() == tidx("(", 1)) cpn = cplit();
                if (cur() == tidx("{", 1)) {
                    if (isarr) { initisarr = 1; initrows = decldim2; initrows3 = decldim3; initaggr(1, t, 0, w, gstruct, n * w); }
                    else { if (gstruct >= 0) initaggr(1, t, 0, w, gstruct, declsz);
                           else initaggr(1, t, 0, w, 0 - 1, n * w); }
                    while (cpn > 0) { need(tidx(")", 1), ")"); cpn = cpn - 1; }
                }
                else { if (cur() == T_STR) { if (isarr) { if (w == strw(tp)) {
                    initstr(1, t, 0, n);
                } else { expr(); loadval();
                    es("  @mem.lea r1, g_"); etok(t); ec(10); estore(8); } }
                else { expr(); loadval();
                    fconv(fkind(), gk);
                    es("  @mem.lea r1, g_"); etok(t); ec(10);
                    if (declptr) estore(8); else estore(w); } }
                else { expr(); loadval();
                    fconv(fkind(), gk);
                    es("  @mem.lea r1, g_"); etok(t); ec(10);
                    if (declptr) estore(8); else estore(w); } }
                toinit = 0;
            }
            if (eat(vfind(TOKV, NTOKV, ",", 1)) == 0) break;
        }
        eat(vfind(TOKV, NTOKV, ";", 1));
    }
    return 0;
}

int bop(char *n, int L, int lev) { BOP[nbop] = tidx(n, L); BLEV[nbop] = lev; nbop = nbop + 1; return 0; }

int setup_tables(void) {
    P_END = pidx("end", 3);          P_GLOBAL = pidx("global", 6);
    P_TYPEDEF = pidx("typedef", 7);  P_STRUCT = pidx("struct", 6);
    P_ENUM = pidx("enum", 4);        P_DECL = pidx("decl", 4);
    P_IF = pidx("if", 2);            P_WHILE = pidx("while", 5);
    P_FOR = pidx("for", 3);          P_DO = pidx("do", 2);
    P_SWITCH = pidx("switch", 6);    P_CASE = pidx("case", 4);
    P_DEFAULT = pidx("default", 7);  P_RETURN = pidx("return", 6);
    P_BREAK = pidx("break", 5);      P_CONTINUE = pidx("continue", 8);
    P_BLOCK = pidx("block", 5);      P_EXPR = pidx("expr", 4);
    P_NEG = pidx("neg", 3);          P_NOT = pidx("not", 3);
    P_DEREF = pidx("deref", 5);      P_ADDR = pidx("addr", 4);
    P_SIZEOF = pidx("sizeof", 6);    P_PRIM = pidx("prim", 4);
    P_INDEX = pidx("index", 5);      P_CALL = pidx("call", 4);
    P_INC = pidx("inc", 3);          P_FIELD = pidx("field", 5);
    P_DONE = pidx("done", 4);        P_FNSIG = pidx("fn_sig", 6);
    P_VARDEF = pidx("var_def", 7);   P_GOTO = pidx("goto", 4);
    P_BNOT = pidx("bnot", 4);        P_UPLUS = pidx("uplus", 5);
    P_PREINC = pidx("preinc", 6);
    T_EOF = tidx("eof", 3);          T_TYPE = tidx("type", 4);
    T_ID = tidx("id", 2);            T_NUM = tidx("num", 3);
    T_STR = tidx("str", 3);
    nbop = 0;
    bop("|", 1, 0);  bop("^", 1, 1);  bop("&", 1, 2);
    bop("==", 2, 3); bop("!=", 2, 3);
    bop("<", 1, 4);  bop(">", 1, 4);  bop("<=", 2, 4); bop(">=", 2, 4);
    bop("<<", 2, 5); bop(">>", 2, 5);
    bop("+", 1, 6);  bop("-", 1, 6);
    bop("*", 1, 7);  bop("/", 1, 7);  bop("%", 1, 7);
    return 0;
}

int setup(void) {
    int i;
    setup_tables();
    i = 0;
    while (i < 128) { OPCH[i] = 0; i = i + 1; }
    i = 0;
    while (i < NTOKV) {
        int p; p = voff(TOKV, i);
        if (isal(TOKV[p] & 255) == 0) {
            if ((TOKV[p] & 255) != 0) OPCH[TOKV[p] & 255] = 1;
        }
        i = i + 1;
    }
    OPCH[47] = 1; OPCH[42] = 1;
    return 0;
}

/* The front end as a FUNCTION: read `path`, compile it for target `t`, and
   leave the tape text in out[0..nout).  unisacc's own main calls it, and so
   does unisaccrun, which then runs the tape instead of writing it out. */
/* A tape, read as it stands.  `unisacc x.tape -b os/arch` puts the back end
   under test on its own: the layout suite enumerates tapes that no C program
   would produce, and a tape is the only input both back ends take. */
int fe_read(char *path) {
    int fd;
    /* the back end asks the model too (isel, abi, reloc), and the model is
       what fe_tape sets up on the way past */
    model_dims();
    setup();
    fd = ropen(path);
    if (fd < 0) { printf("cannot open %s\n", path); return 1; }
    nout = __read(fd, out, MAXOUT);
    __close(fd);
    if (nout < 0) { printf("cannot read %s\n", path); return 1; }
    if (nout >= MAXOUT) { __write(2, "tape too large\n", 15); __exit(1); }
    return 0;
}

/* Does the path end in ".c"?  Under `-run` this is what separates the
   inputs from the program's own arguments. */
int isdotc(char *p) {
    int n;
    n = 0; while (p[n]) n = n + 1;
    if (n < 2) return 0;
    if (p[n - 2] == 46 && p[n - 1] == 99) return 1;     /* .c */
    if (n >= 5) { if (p[n - 5] == 46 && p[n - 4] == 116 && p[n - 3] == 97
                   && p[n - 2] == 112 && p[n - 1] == 101) return 1; }  /* .tape */
    return 0;
}

/* Does the path end in ".tape"? */
int istape(char *p) {
    int n;
    n = 0; while (p[n]) n = n + 1;
    if (n < 5) return 0;
    return p[n - 5] == 46 && p[n - 4] == 116 && p[n - 3] == 97
        && p[n - 2] == 112 && p[n - 1] == 101;
}

/* Read, preprocess and lex ONE file.  Split out of fe_tape so that several
   files can be walked into one tape: preprocessing is per file (include
   guards, `#define` state, `__FILE__`), only the walk is shared -- the same
   division driver.compile_sources makes on the Python side. */
int fe_load(char *path, char *t) {
    int fd; int k;
    srcpath = path;
    optincdl = 0;
    if (optinc) {
        k = 0;
        while (optinc[k] && k < 500) { optincdir[k] = optinc[k]; k = k + 1; }
        if (k > 0 && optincdir[k - 1] != 47) { optincdir[k] = 47; k = k + 1; }
        optincdir[k] = 0; optincdl = k;
    }
    toinit = 0; hasinit = 0;
    fnresume = 0 - 1;
    fd = ropen(path);
    if (fd < 0) { printf("cannot open input\n"); return 1; }
    nsrc = __read(fd, src, MAXSRC);
    __close(fd);
    if (nsrc >= MAXSRC - 1) { printf("source too large\n"); return 1; }
    /* a shebang line belongs to the shell, not to C: blank it, keeping the
       newline so every later position still reports the right line */
    if (nsrc > 1) { if (src[0] == 35) { if (src[1] == 33) {
        k = 0;
        while (k < nsrc && src[k] != 10) { src[k] = 32; k = k + 1; }
    } } }
    tgt = t;
    splice();
    decomment();
    autoinc();
    preprocess();
    expandsrc();
    if (pponly) {                       /* -E: the text, not a program */
        __write(bkfd, src, nsrc);
        return 2;
    }
    if (lex() < 0) return 1;
    tp = 0;
    return 0;
}

/* The whole front end: the prologue, every unit, the epilogue.  `paths` is
   one file or several, and several make ONE program -- there is no linker,
   so a call in the first unit reaches a definition in the last the same way
   it reaches one further down its own file. */
int fe_units(char **paths, int npath, char *t) {
    int k; int u; int r;
    /* The model answers the `@stage.op` forms the prologue itself contains,
       so it is set up BEFORE anything is emitted.  With this after the
       first file was loaded, `@call.call __init` came out as `add64` -- a
       wrong tape, quietly. */
    model_dims();
    setup();
    nout = 0; nsym = 0; nlab = 0; npool = 0;
    poolend = 0; nloop = 0;
    /* `__init` ACCUMULATES: every unit's global initialisers run there, so
       this is reset once for the program, not once per file.  Resetting it
       per file silently dropped unit one's initialisers -- the program ran
       and printed zeros. */
    nibuf = 0; nustat = 0;
    es("_start:\n  @call.call __init\n");
    es("  .argc r0\n  .lea r1, __argvv\n  imm r2, 0\n__argv_top:\n"
       "  slt64 r3, r2, r0\n  jumpz r3, __argv_done\n  .argv r4, r2\n"
       "  imm r5, 8\n  mul64 r5, r2, r5\n  add64 r5, r1, r5\n"
       "  store64 [r5+0], r4\n  imm r5, 1\n  add64 r2, r2, r5\n"
       "  jump __argv_top\n__argv_done:\n");
    es("  @call.call main\n  @lit.exit r0\n.bss __argvv 32768\n");
    u = 0;
    while (u < npath) {
        curunit = u;
        r = fe_load(paths[u], t);
        if (r) return r;
        unit();
        u = u + 1;
    }
    es("__init:\n");
    k = 0; while (k < nibuf) { out[nout] = ibuf[k]; nout = nout + 1; k = k + 1; }
    es("  @ctrl.ret\n");
    if (needslen) {
        es("__slen:\n  mov r2, r0\n  @lit.imm r1, 0\n"
           "__slen_top:\n  @alu.add r4, r2, r1\n  @mem.ld r5, [r4+0], 1\n"
           "  @ctrl.jumpz r5, __slen_end\n  @lit.imm r5, 1\n  @alu.add r1, r1, r5\n"
           "  @ctrl.jump __slen_top\n__slen_end:\n  mov r0, r1\n  @ctrl.ret\n");
    }
    if (needchb) es(".bss __chb 8\n");
    if (needxb) {
        es(".bss __xbuf 24\n"
           "__itoab:\n  @call.frame 16\n  @mem.store [r7+0], r1\n"
           "  @mem.store [r7+8], r2\n  mov r2, r0\n  @mem.lea r1, __xbuf\n"
           "  @lit.imm r3, 24\n  @alu.add r1, r1, r3\n  @lit.imm r4, 0\n"
           "itoab_loop:\n  @mem.load r3, [r7+0]\n  .umod r5, r2, r3\n"
           "  .udiv r2, r2, r3\n  @lit.imm r3, 10\n  @alu.lt r0, r5, r3\n"
           "  @ctrl.jumpz r0, itoab_alpha\n  @lit.imm r3, 48\n  @ctrl.jump itoab_add\n"
           "itoab_alpha:\n  @mem.load r3, [r7+8]\n  @lit.imm r0, 10\n"
           "  @alu.sub r5, r5, r0\n"
           "itoab_add:\n  @alu.add r5, r5, r3\n  @lit.imm r3, 1\n"
           "  @alu.sub r1, r1, r3\n  @mem.st [r1+0], r5, 1\n  @alu.add r4, r4, r3\n"
           "  @ctrl.jumpz r2, itoab_done\n  @ctrl.jump itoab_loop\n"
           "itoab_done:\n  @call.frame -16\n  mov r0, r1\n  mov r1, r4\n  @ctrl.ret\n");
    }
    emit_pool();
    return 0;
}

#ifndef UNISACC_NO_MAIN
/* The command line, tinycc-shaped:

     unisacc -run FILE.c [args...]     compile and run, nothing on disk
     unisacc FILE.c -b os/arch         write the executable
     unisacc FILE.c -c                 write the tape
     unisacc FILE.c -t os/arch         the tape for a target
     unisacc FILE.c                    the token dump (the lexer's instrument)
     -I dir, -D name[=n]               as everywhere else

   Flags are taken from anywhere on the line, because this tool grew up
   writing them AFTER the file and its own suites still spell it that way;
   the first argument that is not a flag is the input, and for `-run` what
   follows the input belongs to the PROGRAM. */
int main(void) {
    int fd; int i; int p; int L; int k; int fi; int runit; int dump; int verb;
    char *a; char *t; long e; int n;
    char *outpath;
    int (*entry)(long, long);
    t = "lnx/x86_64"; fi = 0; runit = 0; dump = 0; verb = 0; outpath = 0;
    ninput = 0;
    i = 1;
    while (i < __argc()) {
        a = __argv(i);
        if (a[0] == 45 && a[1] == 45 && a[1 + 1] == 0) {   /* `--`: argv starts */
            i = i + 1; break;
        }
        if (strsame(a, "--check-oracle")) {
            int b1; int b2;
            model_dims(); setup();
            b1 = oracle_pass(1); b2 = oracle_pass(0 - 1);
            printf("oracle  questions %d   cached answers that differ from the net: %d\n",
                   oracle_n, b1 + b2);
            return (b1 + b2) ? 1 : 0;
        }
        /* `-version` / `--version`: which build is this.  `-v` is taken --
           it prints how many times each stage was asked. */
        if (strsame(a, "-version") || strsame(a, "--version")) {
            printf("unisacc %s\n", UNISACC_VERSION);
            return 0;
        }
        if (a[0] == 45 && a[1]) {
            if (a[1] == 73) {                              /* -I */
                if (a[2]) optinc = a + 2; else { i = i + 1; optinc = __argv(i); }
            } else { if (a[1] == 68) {                     /* -D */
                if (noptd < 16) {
                    if (a[2]) optd[noptd] = a + 2; else { i = i + 1; optd[noptd] = __argv(i); }
                    noptd = noptd + 1;
                }
            } else { if (a[1] == 114) { runit = 1;         /* -run */
            /* -S writes the tape: the tape IS this compiler's assembly-level
               IR, the same level gcc's -S stops at.  -c is kept as a synonym
               because the suites have always spelled it that way -- but
               there are no object files and no linker here, so `-c` never
               means what it means to gcc, and the usage line says so. */
            } else { if (a[1] == 99 || a[1] == 83) { dump = 1;   /* -c, -S */
            } else { if (a[1] == 118) { verb = 1;          /* -v */
            } else { if (a[1] == 111) {                    /* -o */
                if (a[2]) outpath = a + 2; else { i = i + 1; outpath = __argv(i); }
            } else { if (a[1] == 69) { pponly = 1; dump = 1;  /* -E */
            } else { if (a[1] == 98 || a[1] == 116) {      /* -b, -t */
                if (a[1] == 98) dump = 2; else dump = 1;
                i = i + 1; t = __argv(i);
            /* Flags a build system passes that mean nothing here: there is
               one dialect (C99), one optimisation level, and no separate
               debug info.  A compiler that REFUSES them cannot be dropped
               into an existing Makefile, which is most of what `CC=` is. */
            } else { if (a[1] == 87 || a[1] == 119 || a[1] == 103
                      || a[1] == 79 || a[1] == 102 || a[1] == 115
                      || a[1] == 112 || a[1] == 109) {    /* -W -w -g -O -f -std -pipe -m */
            } else { printf("unisacc: unknown option %s\n", a); return 1; } } } } } } } } }
        } else {
            /* Several inputs make ONE program.  Under `-run` the line also
               carries the PROGRAM's arguments, so the inputs are the `.c`
               files at the front: the first argument that is not one ends
               the list and begins argv.  `--` ends it explicitly, for a
               program whose own first argument is a .c file. */
            if (fi == 0) fi = i;
            if (runit) {
                if (isdotc(a) == 0) break;
            }
            if (ninput < 64) { inputs[ninput] = a; ninput = ninput + 1; }
        }
        i = i + 1;
    }
    if (fi == 0) {
        model_dims(); setup();
        printf("usage: unisacc [-run] [-E] [-I dir] [-D name[=n]]"
               " FILE.c [FILE.c...] [-S | -b os/arch] [-o out]"
               " [-- args...]\n"
               "  -S  write the tape, this compiler's assembly-level IR"
               " (-c is a synonym: there are no object files)\n");
        return 1;
    }
    if (runit) {
        if (fe_units(inputs, ninput, HOST_TARGET)) return 1;
        /* argv[0] is the program, which is its first source file; the rest
           of the line follows the inputs */
        n = __argc() - (fi + ninput) + 1;
        if (n > 255) n = 255;
        if (n < 1) n = 1;
        runargv[0] = __argv(fi);
        k = 1;
        while (k < n) { runargv[k] = __argv(fi + ninput + k - 1); k = k + 1; }
        runargv[n] = 0;
        /* bk_run writes argc/argv into the program's own cells, so this call
           assumes nobody's calling convention */
        e = bk_run(out, nout, n, (long)runargv);
        entry = (int (*)(long, long))e;
        return entry(0, 0);
    }
    if (dump) {
        int ofd; int r;
        /* the destination is opened FIRST: `-E -o x.i` writes from inside
           the front end, before there is a tape to write */
        ofd = 1;
        if (outpath) {
            ofd = wopen(outpath);
            if (ofd < 0) { printf("cannot write %s\n", outpath); return 1; }
        }
        bkfd = ofd;
        if (istape(__argv(fi))) { if (fe_read(__argv(fi))) return 1; }
        else {
            r = fe_units(inputs, ninput, t);
            if (r == 2) { if (ofd != 1) __close(ofd); return 0; }  /* -E is done */
            if (r) return 1;
        }
        if (dump == 2) { bk_build(out, nout, t); if (ofd != 1) __close(ofd); return 0; }
        __write(ofd, out, nout);
        if (ofd != 1) __close(ofd);
        /* `-c -v`: how many times each stage was asked, so a test can check
           that no table-shaped stage is decided in code */
        if (verb) {
            nout = 0;
            es("asked pp "); en(nask[S_PP]); es(" lex "); en(nask[S_LEX]);
            es(" parse "); en(nask[S_PARSE]); es(" type "); en(nask[S_TYPE]);
            es(" scope "); en(nask[S_SCOPE]); es(" irsel "); en(nask[S_IRSEL]);
            es(" tyinfo "); en(nask[S_TYINFO]); es(" pfconv "); en(nask[S_PFCONV]);
            ec(10);
            __write(2, out, nout);
        }
        return 0;
    }
    /* the token dump: the lexer's instrument.  No header selection here --
       the Python side it is compared with does that in its driver. */
    nibuf = 0; toinit = 0; hasinit = 0;
    fnresume = 0 - 1;
    model_dims();
    setup();
    srcpath = __argv(fi);
    fd = ropen(srcpath);
    if (fd < 0) { printf("cannot open input\n"); return 1; }
    nsrc = __read(fd, src, MAXSRC);
    __close(fd);
    if (nsrc >= MAXSRC - 1) { printf("source too large\n"); return 1; }
    tgt = "lnx/x86_64";
    splice();
    decomment();
    preprocess();
    expandsrc();
    if (lex() < 0) return 1;
    i = 0;
    while (i < ntok) {
        p = voff(TOKV, tkind[i]);
        L = vlen(TOKV, tkind[i]);
        __write(1, TOKV + p, L);
        if (tkind[i] == 2) { __write(1, "=", 1); __write(1, src + tpos[i], tlen[i]); }
        if (tkind[i] == 3) { __write(1, "=", 1); __write(1, src + tpos[i], tlen[i]); }
        if (tkind[i] == 4) { __write(1, "=", 1); __write(1, src + tpos[i], tlen[i]); }
        __write(1, "\n", 1);
        i = i + 1;
    }
    printf("%d tokens\n", ntok);
    return 0;
}
#endif
/* ==== the back end: tape -> lowered program -> machine code -> image ======
   The self-hosting closure [S-6] [S-7 item 7].  This is unisa/lower.py,
   assemble.py, emit_arm.py, emit_x86.py and image/{elf,macho,pe}.py, carried
   into the subset, so unisacc can go from C to an executable with no Python
   at all.  It is a PORT: every byte must be the one the Python back end
   writes for the same tape, and tests/closure.sh checks exactly that, for
   every probe on every target.

   What is table-shaped is still asked of the nets, as lower.py asks them:
   isel (op, arch) -> symbol, abi (op, os, arch) -> sysno, argument and
   return registers, gate, and enc (op, os, arch) -> form, which wins.  The
   rest -- register maps, instruction bytes, header layouts, the relocation
   arithmetic -- is structure [T-1], and is classic code here as there.

   Zero data is never held: a `.bss` is a length, and the image writer emits
   its zeros as it goes.  A compiler that stored its own zero-filled globals
   could not compile itself -- the buffer would be part of what it stores. */

#define BK_DATA_BASE 256            /* tape.DATA_BASE */
/* Which target this very binary runs on, for run mode [S-9], and the
   anonymous-mapping flags of that OS (MAP_PRIVATE | MAP_ANON). */
#ifdef __linux__
#define BK_HOST_OS 0
#define BK_MAP_ANON 34
#else
#ifdef _WIN32
#define BK_HOST_OS 2
#define BK_MAP_ANON 0
#else
#define BK_HOST_OS 1
#define BK_MAP_ANON 4098
#endif
#endif
#ifdef __aarch64__
#define BK_HOST_ARCH 1
#else
#define BK_HOST_ARCH 0
#endif

#define BK_MAXI 262144              /* tape instructions */
#define BK_MAXT 524288              /* lowered instructions */
#define BK_MAXN 131072              /* names: labels and data symbols */
#define BK_NPOOL 2097152            /* their spellings */
#define BK_MAXDATA 4194304          /* initialised data bytes (zeros are not stored) */
#define BK_MAXZ 65536               /* zero runs */
#define BK_MAXTEXT 8388608          /* machine code */

/* ---- names ------------------------------------------------------------- */
char bkpool[BK_NPOOL]; int bkpoolend;
int bkname_at[BK_MAXN]; int bkname_len[BK_MAXN]; int bknn;
int bksym_addr[BK_MAXN];            /* a data symbol's address, or -1 */
int bklab_pc[BK_MAXN];              /* a code label's tape pc, or -1 */
int bkhash[262144];                 /* open addressing: name id + 1, or 0 */

int bk_hashof(char *s, int n) {
    unsigned long h; int k;
    h = 5381; k = 0;
    while (k < n) { h = (h * 33 + (s[k] & 255)) & 4294967295; k = k + 1; }
    return h & 262143;
}
int bk_same(int id, char *s, int n) {
    int k;
    if (bkname_len[id] != n) return 0;
    k = 0;
    while (k < n) { if (bkpool[bkname_at[id] + k] != s[k]) return 0; k = k + 1; }
    return 1;
}
/* the id of a name, made if new */
int bk_name(char *s, int n) {
    int h; int id; int k;
    h = bk_hashof(s, n);
    while (bkhash[h]) {
        if (bk_same(bkhash[h] - 1, s, n)) return bkhash[h] - 1;
        h = (h + 1) & 262143;
    }
    if (bknn >= BK_MAXN || bkpoolend + n >= BK_NPOOL) { __write(2, "back end: too many names\n", 25); __exit(1); }
    id = bknn; bknn = bknn + 1;
    bkname_at[id] = bkpoolend; bkname_len[id] = n;
    k = 0; while (k < n) { bkpool[bkpoolend] = s[k]; bkpoolend = bkpoolend + 1; k = k + 1; }
    bksym_addr[id] = 0 - 1; bklab_pc[id] = 0 - 1;
    bkhash[h] = id + 1;
    return id;
}
int bk_find(char *s, int n) {       /* -1 when absent */
    int h;
    h = bk_hashof(s, n);
    while (bkhash[h]) {
        if (bk_same(bkhash[h] - 1, s, n)) return bkhash[h] - 1;
        h = (h + 1) & 262143;
    }
    return 0 - 1;
}

/* ---- the tape's data: initialised bytes, and runs of zeros ------------- */
char bkdata[BK_MAXDATA];
long bkdlen;                        /* the data's full length, zeros included */
int bkstored;                       /* how much of bkdata is in use */
long bkz_at[BK_MAXZ]; long bkz_len[BK_MAXZ]; int bknz;
long bkd_at[BK_MAXZ]; int bkd_off[BK_MAXZ]; int bkd_len[BK_MAXZ]; int bknd;
int bkds_id[BK_MAXZ]; int bknds;     /* data symbols, each one ONCE */
int bk_dsym(int id) {
    int i;
    /* lower.zero_last reads a DICT of symbols, so a name appears once there
       however many times the tape names it.  A tentative definition that is
       later completed reaches this twice; the second registration used to
       make bk_repack rewrite the same symbol's address twice, the second
       time from an address it had already moved. */
    i = 0; while (i < bknds) { if (bkds_id[i] == id) return 0; i = i + 1; }
    if (bknds >= BK_MAXZ) { __write(2, "back end: too many data symbols\n", 32); __exit(1); }
    bkds_id[bknds] = id; bknds = bknds + 1; return 0;
}

int bk_zeros(long n) {
    if (n <= 0) return 0;
    if (bknz > 0) { if (bkz_at[bknz - 1] + bkz_len[bknz - 1] == bkdlen) {
        bkz_len[bknz - 1] = bkz_len[bknz - 1] + n; bkdlen = bkdlen + n; return 0; } }
    if (bknz >= BK_MAXZ) { __write(2, "back end: too many zero runs\n", 29); __exit(1); }
    bkz_at[bknz] = bkdlen; bkz_len[bknz] = n; bknz = bknz + 1;
    bkdlen = bkdlen + n;
    return 0;
}
int bk_bytes(char *b, int n) {
    int k;
    if (n <= 0) return 0;
    if (bkstored + n >= BK_MAXDATA || bknd >= BK_MAXZ) { __write(2, "back end: data too large\n", 25); __exit(1); }
    bkd_at[bknd] = bkdlen; bkd_off[bknd] = bkstored; bkd_len[bknd] = n; bknd = bknd + 1;
    k = 0; while (k < n) { bkdata[bkstored + k] = b[k]; k = k + 1; }
    bkstored = bkstored + n; bkdlen = bkdlen + n;
    return 0;
}

/* Initialised blobs first, all-zero blobs after, each keeping its address
   mod 8 -- lower.zero_last, the same rule on the same blobs (a symbol's
   bytes up to the next symbol).  A stored run lies inside its own symbol's
   blob, so a blob is nonzero exactly when one of its runs has a nonzero
   byte.  The zeros end up as one tail the image does not store. */
long bkb_s[BK_MAXZ]; long bkb_e[BK_MAXZ]; long bkb_new[BK_MAXZ];
int bkb_nz[BK_MAXZ]; int bkb_r0[BK_MAXZ]; int bkb_r1[BK_MAXZ]; int bknb;
long bkt_at[BK_MAXZ]; int bkt_off[BK_MAXZ]; int bkt_len[BK_MAXZ];
int bk_repack(void) {
    int i; int b; int a; int r; int pass; int nt; long o; long cur; long k; long at;
    /* The blob starts are the symbols' offsets, SORTED and deduplicated --
       lower.zero_last says `sorted(set(...))` and means it.  A symbol is
       allocated in declaration order, which is address order only until a
       later declaration lands earlier; on a program this size it does (the
       first descent in unisacc's own 1874 data symbols is at 282), and the
       walk that used to assume the order ran off the end of bkb_s. */
    bknb = 0;
    i = 0;
    while (i < bknds) {
        o = bksym_addr[bkds_id[i]] - BK_DATA_BASE;
        b = bknb;                           /* insertion sort: nearly sorted */
        while (b > 0 && bkb_s[b - 1] > o) b = b - 1;
        if (b == 0 || bkb_s[b - 1] != o) {  /* a repeat is not a new blob */
            if (bknb >= BK_MAXZ) { __write(2, "back end: too many blobs\n", 25); __exit(1); }
            k = bknb;
            while (k > b) { bkb_s[k] = bkb_s[k - 1]; k = k - 1; }
            bkb_s[b] = o; bknb = bknb + 1;
        }
        i = i + 1;
    }
    if (bknb == 0 || bkb_s[0] != 0) {       /* the bytes before the first one */
        b = bknb;
        while (b > 0) { bkb_s[b] = bkb_s[b - 1]; b = b - 1; }
        bkb_s[0] = 0; bknb = bknb + 1;
    }
    b = 0; a = 0;
    while (b < bknb) {
        if (b + 1 < bknb) bkb_e[b] = bkb_s[b + 1]; else bkb_e[b] = bkdlen;
        bkb_nz[b] = 0; bkb_r0[b] = a;
        while (a < bknd && bkd_at[a] < bkb_e[b]) {
            k = 0;
            while (k < bkd_len[a]) { if (bkdata[bkd_off[a] + k]) { bkb_nz[b] = 1; break; } k = k + 1; }
            a = a + 1;
        }
        bkb_r1[b] = a;
        b = b + 1;
    }
    nt = bknd; r = 0;
    while (r < nt) { bkt_at[r] = bkd_at[r]; bkt_off[r] = bkd_off[r]; bkt_len[r] = bkd_len[r]; r = r + 1; }
    cur = 0; pass = 1;
    while (pass >= 0) {
        b = 0;
        while (b < bknb) {
            if (bkb_nz[b] == pass) {
                cur = cur + ((bkb_s[b] - cur) % 8 + 8) % 8;
                bkb_new[b] = cur; cur = cur + bkb_e[b] - bkb_s[b];
            }
            b = b + 1;
        }
        pass = pass - 1;
    }
    bknd = 0; bknz = 0; bkdlen = 0; pass = 1;
    while (pass >= 0) {
        b = 0;
        while (b < bknb) {
            if (bkb_nz[b] == pass) {
                r = bkb_r0[b];
                while (r < bkb_r1[b]) {
                    at = bkb_new[b] + bkt_at[r] - bkb_s[b];
                    bk_zeros(at - bkdlen);
                    bkd_at[bknd] = at; bkd_off[bknd] = bkt_off[r]; bkd_len[bknd] = bkt_len[r];
                    bknd = bknd + 1; bkdlen = at + bkt_len[r];
                    r = r + 1;
                }
            }
            b = b + 1;
        }
        pass = pass - 1;
    }
    bk_zeros(cur - bkdlen);
    /* bkb_s is sorted, and the symbols are not, so each one is looked up --
       a binary search, because 1874 symbols against 1874 blobs is a walk
       long enough to notice. */
    i = 0;
    while (i < bknds) {
        int lo; int hi;
        o = bksym_addr[bkds_id[i]] - BK_DATA_BASE;
        lo = 0; hi = bknb - 1; b = 0 - 1;
        while (lo <= hi) {
            int mid;
            mid = lo + (hi - lo) / 2;
            if (bkb_s[mid] == o) { b = mid; lo = hi + 1; }
            else { if (bkb_s[mid] < o) lo = mid + 1; else hi = mid - 1; }
        }
        if (b < 0) { __write(2, "back end: lost a data symbol\n", 29); __exit(1); }
        bksym_addr[bkds_id[i]] = BK_DATA_BASE + bkb_new[b];
        i = i + 1;
    }
    return 0;
}
/* the data up to its last nonzero byte: what an image stores */
long bk_nzlen(void) {
    int a; long k;
    a = bknd - 1;
    while (a >= 0) {
        k = bkd_len[a] - 1;
        while (k >= 0) { if (bkdata[bkd_off[a] + k]) return bkd_at[a] + k + 1; k = k - 1; }
        a = a - 1;
    }
    return 0;
}

/* ---- the tape's code -------------------------------------------------- */
/* operand kinds */
#define BK_R 1                      /* a tape register, value 0..7 */
#define BK_I 2                      /* an immediate */
#define BK_N 3                      /* a name: label or data symbol */
int bkop[BK_MAXI];
int bkak[BK_MAXI * 8]; long bkav[BK_MAXI * 8];   /* up to 8: `.sys6` */
int bkni;
int bkentry;                        /* the _start label's pc */

/* the tape's op names, in one packed list; an op is its index here */
char *BKOPS = "imm\000mov\000add64\000sub64\000mul64\000xor64\000and64\000or64\000shl64\000shr64\000lshr64\000.div\000.mod\000.udiv\000.umod\000slt64\000sle64\000ult64\000ule64\000eq\000ne\000load64\000store64\000.ld\000.st\000.lea\000.zero\000jump\000jumpz\000call\000callr\000ret\000.frame\000.arg\000.print\000.write\000.exit\000.sys\000.sys6\000.argc\000.argv\000nop\000fadd64\000fsub64\000fmul64\000fdiv64\000flt64\000fle64\000feq64\000fadd32\000fsub32\000fmul32\000fdiv32\000flt32\000fle32\000feq32\000cvtid\000cvtud\000cvtis\000cvtus\000cvtdi\000cvtdu\000cvtsd\000cvtds\000fsqrt64\000fsqrt32\000";
#define BKNOPS 66              /* BKOPS entries: `.sys6` made it 66 */
/* operand shapes, one char per operand: r i L s */
char *BKSHAPE = "ri\000rr\000rrr\000rrr\000rrr\000rrr\000rrr\000rrr\000rrr\000rrr\000rrr\000rrr\000rrr\000rrr\000rrr\000rrr\000rrr\000rrr\000rrr\000rrr\000rrr\000rri\000rir\000rrii\000riri\000rs\000rii\000L\000rL\000L\000r\000\000i\000ir\000r\000rr\000r\000srrr\000srrrrrr\000r\000rr\000\000rrr\000rrr\000rrr\000rrr\000rrr\000rrr\000rrr\000rrr\000rrr\000rrr\000rrr\000rrr\000rrr\000rrr\000rr\000rr\000rr\000rr\000rr\000rr\000rr\000rr\000rr\000rr\000";

/* the i-th entry of a packed list: its start */
/* A catalog is a run of NUL-separated names.  Walking it from the front on
   every lookup made this the hottest thing in the compiler: `bk_cop` scans
   all 70 catalog ops and calls bk_nth for each, so one op lookup costs
   O(n^2) character scanning -- and there is one per lowered instruction.
   A sampling profile of the self-compile put 57% of the time inside the
   strlen the inner loop compiles to.
   So each list is indexed ONCE, the first time it is asked for, and the
   lists are few enough (nine) to find by pointer in a linear scan. */
#define BK_NLISTS 16
#define BK_NIDX 1024
char *bk_lists[BK_NLISTS]; int bk_idx[BK_NLISTS * BK_NIDX];
int bk_idxn[BK_NLISTS]; int bk_nlists;

char *bk_lastlist; int bk_lastslot;  /* calls cluster: the same list, again */
int bk_index(char *list) {           /* the slot holding this list's offsets */
    int i; int k; int n;
    if (list == bk_lastlist) return bk_lastslot;
    i = 0;
    while (i < bk_nlists) {
        if (bk_lists[i] == list) { bk_lastlist = list; bk_lastslot = i; return i; }
        i = i + 1;
    }
    if (bk_nlists >= BK_NLISTS) return 0 - 1;   /* fall back to the walk */
    i = bk_nlists; bk_nlists = bk_nlists + 1;
    bk_lists[i] = list;
    k = 0; n = 0;
    /* the catalog ends where an empty name would start: two NULs in a row */
    while (n < BK_NIDX) {
        bk_idx[i * BK_NIDX + n] = k; n = n + 1;
        while (list[k]) k = k + 1;
        k = k + 1;
        if (list[k] == 0) break;
    }
    bk_idxn[i] = n;
    bk_lastlist = list; bk_lastslot = i;
    return i;
}

char *bk_nth(char *list, int i) {
    int s; int k;
    s = bk_index(list);
    if (s >= 0 && i >= 0 && i < bk_idxn[s]) return list + bk_idx[s * BK_NIDX + i];
    k = 0;
    while (i > 0) { while (list[k]) k = k + 1; k = k + 1; i = i - 1; }
    return list + k;
}
int bk_opof(char *s, int n) {
    int i; int k; char *e;
    i = 0;
    while (i < BKNOPS) {
        e = bk_nth(BKOPS, i); k = 0;
        while (k < n) { if (e[k] != s[k]) break; k = k + 1; }
        if (k == n) { if (e[n] == 0) return i; }
        i = i + 1;
    }
    return 0 - 1;
}
int bk_is(int op, char *nm) {       /* is op the tape op spelled nm? */
    char *e; int k;
    e = bk_nth(BKOPS, op); k = 0;
    while (nm[k]) { if (e[k] != nm[k]) return 0; k = k + 1; }
    return e[k] == 0;
}

/* ---- parse the tape text ---------------------------------------------- */
long bk_num(char *s, int n) {       /* int(tok, 0): decimal, 0x, a sign */
    long v; int k; int neg; int c; int base;
    v = 0; k = 0; neg = 0; base = 10;
    if (k < n) { if (s[k] == 45) { neg = 1; k = k + 1; } else { if (s[k] == 43) k = k + 1; } }
    if (k + 1 < n) { if (s[k] == 48) { if ((s[k + 1] | 32) == 120) { base = 16; k = k + 2; } } }
    while (k < n) {
        c = s[k] & 255;
        if (c >= 48 && c <= 57) c = c - 48;
        else { if ((c | 32) >= 97 && (c | 32) <= 102) c = (c | 32) - 87; else break; }
        v = v * base + c; k = k + 1;
    }
    if (neg) v = 0 - v;
    return v;
}
int bk_hex(int c) { if (c >= 48 && c <= 57) return c - 48; return (c | 32) - 87; }
int bk_isreg(char *s, int n) {
    if (n == 2) { if (s[0] == 114) { if (s[1] >= 48 && s[1] <= 55) return s[1] - 48 + 1; } }
    return 0;
}
char bkstrbuf[1048576];
int bk_parse(char *t, int n) {
    int i; int e; int j; int k; int op; int na; int s0; int s1; char *sh; int id;
    i = 0; bkni = 0; bkentry = 0 - 1;
    while (i < n) {
        e = i; while (e < n) { if (t[e] == 10) break; e = e + 1; }
        j = i; while (j < e) { if (t[j] != 32 && t[j] != 9) break; j = j + 1; }
        if (j >= e) { i = e + 1; continue; }
        if (t[j] == 46 && t[j + 1] == 98 && t[j + 2] == 115 && t[j + 3] == 115 && t[j + 4] == 32) {
            /* .bss NAME N: zeros, 8-aligned */
            long cnt;
            j = j + 5; s0 = j; while (t[j] != 32) j = j + 1; s1 = j;
            cnt = bk_num(t + j + 1, e - j - 1);
            id = bk_name(t + s0, s1 - s0);
            /* Tape.string interns: a name already known keeps its address
               and reserves NOTHING the second time.  This used to allocate
               again and move the symbol, so a global defined twice -- which
               is what a tentative definition completed later looks like --
               put the two back ends 8 bytes apart. */
            if (bksym_addr[id] < 0) {
                bk_zeros((8 - bkdlen % 8) % 8);
                bksym_addr[id] = BK_DATA_BASE + bkdlen; bk_dsym(id);
                bk_zeros(cnt);
            }
            i = e + 1; continue;
        }
        if (t[j] == 46 && t[j + 1] == 115 && t[j + 2] == 116 && t[j + 3] == 114 && t[j + 4] == 32) {
            /* .str NAME "..." */
            int m;
            j = j + 5; s0 = j; while (t[j] != 32) j = j + 1; s1 = j;
            while (t[j] != 34) j = j + 1;
            j = j + 1; m = 0;
            while (j < e) {
                if (t[j] == 34) break;
                if (t[j] == 92) {
                    int c; c = t[j + 1];
                    if (c == 120) { bkstrbuf[m] = bk_hex(t[j + 2]) * 16 + bk_hex(t[j + 3]); j = j + 4; }
                    else {
                        if (c == 110) bkstrbuf[m] = 10;
                        else { if (c == 116) bkstrbuf[m] = 9; else { if (c == 114) bkstrbuf[m] = 13;
                        else { if (c == 48) bkstrbuf[m] = 0; else bkstrbuf[m] = c; } } }
                        j = j + 2;
                    }
                    m = m + 1; continue;
                }
                bkstrbuf[m] = t[j]; m = m + 1; j = j + 1;
            }
            id = bk_name(t + s0, s1 - s0);
            if (bksym_addr[id] < 0) {
                bksym_addr[id] = BK_DATA_BASE + bkdlen; bk_dsym(id);
                bk_bytes(bkstrbuf, m);
            }
            i = e + 1; continue;
        }
        if (t[e - 1] == 58) {               /* NAME: */
            id = bk_name(t + j, e - 1 - j);
            bklab_pc[id] = bkni;
            if (e - 1 - j == 6) { if (bk_same(id, "_start", 6)) bkentry = bkni; }
            i = e + 1; continue;
        }
        /* an instruction: the op, then operands split on space , [ ] and +/- in [r+K] */
        s0 = j; while (j < e && t[j] != 32) j = j + 1;
        op = bk_opof(t + s0, j - s0);
        if (op < 0) { __write(2, "back end: unknown tape op\n", 26); __exit(1); }
        if (bkni >= BK_MAXI) { __write(2, "back end: tape too long\n", 24); __exit(1); }
        sh = bk_nth(BKSHAPE, op);
        na = 0;
        while (sh[na]) {
            int q;
            while (j < e && (t[j] == 32 || t[j] == 44 || t[j] == 91 || t[j] == 93)) j = j + 1;
            q = j;
            if (sh[na] == 114) {             /* a register: r0..r7 */
                bkak[bkni * 8 + na] = BK_R; bkav[bkni * 8 + na] = t[j + 1] - 48;
                j = j + 2;
            } else { if (sh[na] == 105) {    /* an immediate, maybe +K/-K after a register */
                while (j < e && t[j] != 32 && t[j] != 44 && t[j] != 93) j = j + 1;
                bkak[bkni * 8 + na] = BK_I; bkav[bkni * 8 + na] = bk_num(t + q, j - q);
            } else {                         /* L or s: a name, or a number */
                while (j < e && t[j] != 32 && t[j] != 44) j = j + 1;
                if ((t[q] >= 48 && t[q] <= 57) || t[q] == 45) {
                    bkak[bkni * 8 + na] = BK_I; bkav[bkni * 8 + na] = bk_num(t + q, j - q);
                } else {
                    bkak[bkni * 8 + na] = BK_N; bkav[bkni * 8 + na] = bk_name(t + q, j - q);
                }
            } }
            na = na + 1;
        }
        bkop[bkni] = op;
        bkni = bkni + 1;
        i = e + 1;
    }
    if (bkentry < 0) bkentry = 0;
    return bkni;
}

/* ---- facts from the nets, as lower.facts() asks them ------------------- */
int bkos; int bkarch;               /* 0 lnx 1 osx 2 win; 0 x86_64 1 arm64 */
int bkrel;                          /* the reloc answer for the branch being lowered */
/* run mode [S-9]: the program is assembled AT the addresses it will run at,
   in memory this process maps, instead of into an image on disk.  Nothing
   about the code changes -- the same encoders, the same tables -- only where
   text and data are placed and the fact that nobody writes a header. */
long bk_impval[16];                 /* run mode on Windows: the real routines */
int bk_runmode; long bk_runtext; long bk_rundata; long bk_runtsz; long bk_rundsz;
int bkf_nr;                         /* the syscall-number register (abi nrreg) */
int bkf_form; int bkf_gate; long bkf_sysno; int bkf_hasno;
int bkf_arg[6]; int bkf_ret;        /* machine register numbers, -1 none */
int bkf_sym;                        /* the symbol class index (isel), unused in bytes */

/* a class index's spelling -> a machine register number (-1 for none) */
int bk_regnum(char *nm) {
    char *x86; int i; int k; char *e;
    if (nm[0] == 120) {               /* x0..x8 */
        return bk_num(nm + 1, 2);
    }
    x86 = "rax\000rcx\000rdx\000rbx\000rsp\000rbp\000rsi\000rdi\000r8\000r9\000r10\000r11\000r12\000r13\000r14\000r15\000";
    i = 0;
    while (i < 16) {
        e = bk_nth(x86, i); k = 0;
        while (e[k] && nm[k] == e[k]) k = k + 1;
        if (e[k] == 0 && nm[k] == 0) return i;
        i = i + 1;
    }
    return 0 - 1;                     /* none */
}
/* ask abi and enc for catalog op `cop` (an index into BF_ABI_0) -- only
   what the bytes use; isel is not a question the lowering obeys */
int bk_facts(int cop) {
    int key[4]; int c; char *nm;
    key[0] = cop; key[1] = bkos; key[2] = bkarch; key[3] = 0;
    c = inf(S_ABI, key, HD_ABI_SYSNO);
    nm = bk_nth(BH_ABI_SYSNO, c);
    bkf_hasno = 1;
    if (nm[0] == 110) bkf_hasno = 0;  /* none */
    else bkf_sysno = bk_num(nm, 64);
    bkf_arg[0] = bk_regnum(bk_nth(BH_ABI_ARG0, inf(S_ABI, key, HD_ABI_ARG0)));
    bkf_arg[1] = bk_regnum(bk_nth(BH_ABI_ARG1, inf(S_ABI, key, HD_ABI_ARG1)));
    bkf_arg[2] = bk_regnum(bk_nth(BH_ABI_ARG2, inf(S_ABI, key, HD_ABI_ARG2)));
    bkf_arg[3] = bk_regnum(bk_nth(BH_ABI_ARG3, inf(S_ABI, key, HD_ABI_ARG3)));
    bkf_arg[4] = bk_regnum(bk_nth(BH_ABI_ARG4, inf(S_ABI, key, HD_ABI_ARG4)));
    bkf_arg[5] = bk_regnum(bk_nth(BH_ABI_ARG5, inf(S_ABI, key, HD_ABI_ARG5)));
    bkf_ret = bk_regnum(bk_nth(BH_ABI_RET, inf(S_ABI, key, HD_ABI_RET)));
    bkf_gate = inf(S_ABI, key, HD_ABI_GATE);
    bkf_nr = bk_regnum(bk_nth(BH_ABI_NRREG, inf(S_ABI, key, HD_ABI_NRREG)));
    bkf_form = inf(S_ENC, key, 0);        /* enc is os-aware, and wins */
    return 0;
}
int bk_cop(char *nm) {                  /* a catalog op's index */
    int i; int k; char *e;
    i = 0;
    while (i < NBF_ABI_0) {
        e = bk_nth(BF_ABI_0, i); k = 0;
        while (e[k] && nm[k] == e[k]) k = k + 1;
        if (e[k] == 0 && nm[k] == 0) return i;
        i = i + 1;
    }
    return 0 - 1;
}
int bk_gateis(char *nm) { char *e; int k; e = bk_nth(BH_ABI_GATE, bkf_gate); k = 0;
    while (nm[k]) { if (e[k] != nm[k]) return 0; k = k + 1; } return e[k] == 0; }
int bk_formis(char *nm) { char *e; int k; e = bk_nth(BH_ENC_Y, bkf_form); k = 0;
    while (nm[k]) { if (e[k] != nm[k]) return 0; k = k + 1; } return e[k] == 0; }

/* ---- lowering: lower.py ------------------------------------------------ */
/* A lowered instruction: tape ops keep their index; the target's own are
   numbered past them. */
#define TO_SETREG 100
#define TO_SETMEM 101
#define TO_ITOA 102
#define TO_GATE 103
#define TO_WINSAVE 104
#define TO_WINREST 105
#define TO_WINSTDH 106
#define TO_SPINIT 107
#define TO_ARGSAVE 108
#define TO_ARGVGET 109
#define TO_WINARGS 110
/* setreg's source kinds */
#define SK_IMM 1
#define SK_REG 2
#define SK_MEM 3
#define SK_ADDR 4
int tkop[BK_MAXT]; long tka[BK_MAXT * 4]; int tkk[BK_MAXT * 4]; int tkn;
/* gate metadata: form, gate, catalog op, return register */
int tkg_rel[BK_MAXT]; int tkg_form[BK_MAXT]; int tkg_gate[BK_MAXT]; int tkg_cop[BK_MAXT]; int tkg_ret[BK_MAXT];
int bklab_tpc[BK_MAXN];            /* a label's lowered pc */
int bklab_first[BK_MAXI + 1]; int bklab_next[BK_MAXN];
long bk_scr0; long bk_scr1; long bk_plen; long bk_pbuf; long bk_argc; long bk_argv;
long bk_sysa; long bk_sysfp; long bk_syssp; long bk_argva; long bk_hstd; long bk_written; long bk_save; long bk_stacktop; long bk_bss;
int bk_rmap[8];                     /* tape register -> machine register */

int tk(int op, long a0, long a1, long a2, long a3) {
    if (tkn >= BK_MAXT) { __write(2, "back end: lowered program too long\n", 35); __exit(1); }
    tkop[tkn] = op; tka[tkn * 4] = a0; tka[tkn * 4 + 1] = a1; tka[tkn * 4 + 2] = a2; tka[tkn * 4 + 3] = a3;
    tkk[tkn * 4] = BK_I; tkk[tkn * 4 + 1] = BK_I; tkk[tkn * 4 + 2] = BK_I; tkk[tkn * 4 + 3] = BK_I;
    tkg_rel[tkn] = 0 - 1; tkg_form[tkn] = 0; tkg_gate[tkn] = 0; tkg_cop[tkn] = 0 - 1; tkg_ret[tkn] = 0 - 1;
    tkn = tkn + 1;
    return tkn - 1;
}
/* setreg dst, (kind, value) -- the kind rides in a3 */
int tk_setreg(int dst, int kind, long v) { return tk(TO_SETREG, dst, v, 0, kind); }

/* lower.syscall_seq */
int bk_syscall6(int cop, long cell) {      /* six arguments, all spilled */
    int g; int i;
    bk_facts(cop);
    if (bkf_hasno) tk_setreg(bkf_nr, SK_IMM, bkf_sysno);
    /* a WinAPI call clobbers every tape register, the tape STACK POINTER
       included, so it is bracketed here exactly as the three-argument gate
       is.  Without this the compiler returned from VirtualAlloc with a
       garbage stack and fetched its next instruction from nowhere. */
    if (bkos == 2) tk(TO_WINSAVE, bk_save, 0, 0, 0);
    i = 0;
    while (i < 6) {
        if (bkf_arg[i] < 0) break;         /* Win64: the rest go on the stack */
        tk_setreg(bkf_arg[i], SK_MEM, cell + 8 * i);
        i = i + 1;
    }
    g = tk(TO_GATE, 0, 0, 0, 0);
    tkg_form[g] = bkf_form; tkg_gate[g] = bkf_gate; tkg_cop[g] = cop; tkg_ret[g] = bkf_ret;
    if (bkos == 2) tk(TO_WINREST, bk_save, bkf_ret, 0, 0);
    return 0;
}

int bk_syscall(int cop, int k0, long v0, int k1, long v1, int k2, long v2, int k3, long v3) {
    int g;
    bk_facts(cop);
    if (bkf_hasno) tk_setreg(bkf_nr, SK_IMM, bkf_sysno);
    if (bkos == 2) tk(TO_WINSAVE, bk_save, 0, 0, 0);
    tk_setreg(bkf_arg[0], k0, v0);
    tk_setreg(bkf_arg[1], k1, v1);
    tk_setreg(bkf_arg[2], k2, v2);
    if (k3 >= 0) tk_setreg(bkf_arg[3], k3, v3);
    g = tk(TO_GATE, 0, 0, 0, 0);
    tkg_form[g] = bkf_form; tkg_gate[g] = bkf_gate; tkg_cop[g] = cop; tkg_ret[g] = bkf_ret;
    if (bkos == 2) tk(TO_WINREST, bk_save, bkf_ret, 0, 0);
    return 0;
}

int bk_lower(void) {
    long base; int pc; int op; int k; int cw;
    int j;
    bkrel = 0 - 1;
    /* data: pad to 8, then the scratch cells -- and on Windows the save area
       and the tape's own stack (that one bss, not file) */
    bk_zeros((8 - bkdlen % 8) % 8);
    base = BK_DATA_BASE + bkdlen;
    bk_scr0 = base; bk_scr1 = base + 8; bk_plen = base + 16; bk_pbuf = base + 24;
    bk_argc = base + 48; bk_argv = base + 56;
    bk_sysa = base + 80;                        /* six syscall spill cells */
    bk_sysfp = base + 128; bk_syssp = base + 136;   /* ...and the tape FP/SP */
    bk_hstd = base + 168; bk_written = base + 192; bk_save = base + 200;
    bk_argva = base + 264;                      /* argv[64] on Windows */
    bk_stacktop = base + 776 + 65536;
    if (bkos == 2) bk_zeros(776); else bk_zeros(168);
    bk_bss = 0; if (bkos == 2) bk_bss = 65536;
    /* tape register -> machine register: the regmap stage decides */
    j = 0;
    while (j < 8) {
        int key[4]; key[0] = j; key[1] = bkarch; key[2] = 0; key[3] = 0;
        bk_rmap[j] = bk_regnum(bk_nth(BH_REGMAP_Y, inf(S_REGMAP, key, 0)));
        j = j + 1;
    }
    tkn = 0;
    /* for each tape pc, the labels that point at it: one chain per pc,
       built once -- a scan of every name per instruction is quadratic */
    j = 0; while (j <= bkni) { bklab_first[j] = 0 - 1; j = j + 1; }
    j = 0;
    while (j < bknn) {
        bklab_tpc[j] = 0 - 1;
        if (bklab_pc[j] >= 0) { bklab_next[j] = bklab_first[bklab_pc[j]]; bklab_first[bklab_pc[j]] = j; }
        j = j + 1;
    }
    pc = 0;
    while (pc <= bkni) {
        j = bklab_first[pc];
        while (j >= 0) { bklab_tpc[j] = tkn; j = bklab_next[j]; }
        if (pc == bkni) break;
        if (pc == bkentry) {
            /* bind the tape SP at the ENTRY: a real process has a real stack */
            if (bkos == 2) tk(TO_WINSTDH, bk_hstd, 0, 0, 0);
            if (bkos == 2 && bk_runmode == 0)
                tk(TO_WINARGS, bk_argc, bk_argv, bk_argva, 0);
            tk(TO_SPINIT, bk_rmap[7], bkos == 2 ? bk_stacktop : 0 - 1, 0, 0);
            /* In run mode nobody hands over argc/argv: the loader writes
               them into the two cells below before it jumps, so the entry
               takes no arguments and no calling convention is assumed --
               the caller may be a C compiler's or our own. [S-9] */
            if (bkos != 2 && bk_runmode == 0)
                tk(TO_ARGSAVE, bk_argc, bk_argv, bkos == 0, 0);
        }
        op = bkop[pc];
        if (bk_is(op, ".write")) {
            tk(TO_SETMEM, bk_scr0, bk_rmap[bkav[pc * 8]], 0, 0);
            tk(TO_SETMEM, bk_scr1, bk_rmap[bkav[pc * 8 + 1]], 0, 0);
            bk_syscall(bk_cop("write"), SK_IMM, 1, SK_MEM, bk_scr0, SK_MEM, bk_scr1, 0 - 1, 0);
        } else { if (bk_is(op, ".print")) {
            tk(TO_SETMEM, bk_scr0, bk_rmap[bkav[pc * 8]], 0, 0);
            tk(TO_ITOA, bk_scr0, bk_pbuf, bk_plen, 0);
            bk_syscall(bk_cop("write"), SK_IMM, 1, SK_ADDR, bk_pbuf, SK_MEM, bk_plen, 0 - 1, 0);
        } else { if (bk_is(op, ".sys")) {
            char nm[32]; int id; int L;
            tk(TO_SETMEM, bk_scr0, bk_rmap[bkav[pc * 8 + 1]], 0, 0);
            tk(TO_SETMEM, bk_scr1, bk_rmap[bkav[pc * 8 + 2]], 0, 0);
            tk(TO_SETMEM, bk_plen, bk_rmap[bkav[pc * 8 + 3]], 0, 0);
            id = bkav[pc * 8]; L = bkname_len[id]; if (L > 31) L = 31;
            k = 0; while (k < L) { nm[k] = bkpool[bkname_at[id] + k]; k = k + 1; } nm[L] = 0;
            cw = bk_cop(nm);
            if (bkos == 0 && bkarch == 1 && bk_same(id, "open", 4)) {
                /* Linux/arm64 has no `open`: the number is openat's, whose
                   first argument is a directory fd, AT_FDCWD */
                bk_syscall(cw, SK_IMM, 0 - 100, SK_MEM, bk_scr0, SK_MEM, bk_scr1, SK_MEM, bk_plen);
            } else {
                bk_syscall(cw, SK_MEM, bk_scr0, SK_MEM, bk_scr1, SK_MEM, bk_plen, 0 - 1, 0);
            }
            bk_facts(cw);
            tk(bk_opof("mov", 3), bk_rmap[0], bkf_ret < 0 ? 31 : bkf_ret, 0, 0);
        } else { if (bk_is(op, ".sys6")) {
            char nm[32]; int id; int L;
            k = 0;
            while (k < 6) {
                tk(TO_SETMEM, bk_sysa + 8 * k, bk_rmap[bkav[pc * 8 + 1 + k]], 0, 0);
                k = k + 1;
            }
            id = bkav[pc * 8]; L = bkname_len[id]; if (L > 31) L = 31;
            k = 0; while (k < L) { nm[k] = bkpool[bkname_at[id] + k]; k = k + 1; } nm[L] = 0;
            cw = bk_cop(nm);
            /* on x86-64 two of the six argument registers ARE the tape's
               frame and stack pointers: save them across the call [S-9] */
            tk(TO_SETMEM, bk_sysfp, bk_rmap[6], 0, 0);
            tk(TO_SETMEM, bk_syssp, bk_rmap[7], 0, 0);
            bk_syscall6(cw, bk_sysa);
            bk_facts(cw);
            tk(bk_opof("mov", 3), bk_rmap[0], bkf_ret < 0 ? 31 : bkf_ret, 0, 0);
            tk_setreg(bk_rmap[6], SK_MEM, bk_sysfp);
            tk_setreg(bk_rmap[7], SK_MEM, bk_syssp);
        } else { if (bk_is(op, ".exit")) {
            tk(TO_SETMEM, bk_scr0, bk_rmap[bkav[pc * 8]], 0, 0);
            bk_syscall(bk_cop("exit"), SK_MEM, bk_scr0, SK_IMM, 0, SK_IMM, 0, 0 - 1, 0);
        } else { if (bk_is(op, ".argc")) {
            tk_setreg(bk_rmap[bkav[pc * 8]], SK_MEM, bk_argc);
        } else { if (bk_is(op, ".argv")) {
            tk(TO_ARGVGET, bk_rmap[bkav[pc * 8]], bk_rmap[bkav[pc * 8 + 1]], bk_argv, 0);
        } else { if (bk_is(op, ".arg")) {
            bk_facts(bk_cop("add64"));                /* a plain move */
            tk(bk_opof("mov", 3), bk_rmap[bkav[pc * 8]], bk_rmap[bkav[pc * 8 + 1]], 0, 0);
        } else {
            /* every other op, with its registers mapped; its facts are asked
               as lower.py asks them (jumps also ask reloc) */
            char *sh; int n; int key[4];
            sh = bk_nth(BKSHAPE, op);
            if (bk_is(op, "jump") || bk_is(op, "jumpz") || bk_is(op, "call")) {
                key[0] = bk_is(op, "jump") ? 0 : (bk_is(op, "jumpz") ? 1 : 2); key[1] = bkarch; key[2] = 0; key[3] = 0;
                bkrel = inf(S_RELOC, key, 0);
                bk_facts(bk_cop(bk_is(op, "call") ? "call" : (bk_is(op, "jumpz") ? "jumpz" : "jump")));
            } else {
                char nm2[16]; char *e; int L2;
                e = bk_nth(BKOPS, op); L2 = 0;
                while (e[L2] && L2 < 15) { nm2[L2] = e[L2]; L2 = L2 + 1; } nm2[L2] = 0;
                if (bk_cop(nm2) >= 0) bk_facts(bk_cop(nm2));
            }
            n = tk(op, 0, 0, 0, 0);
            tkg_rel[n] = bkrel; bkrel = 0 - 1;
            k = 0;
            while (sh[k]) {
                if (bkak[pc * 8 + k] == BK_R) tka[n * 4 + k] = bk_rmap[bkav[pc * 8 + k]];
                else tka[n * 4 + k] = bkav[pc * 8 + k];
                tkk[n * 4 + k] = bkak[pc * 8 + k];
                k = k + 1;
            }
        } } } } } } } }
        pc = pc + 1;
    }
    return tkn;
}

/* ---- encoding, shared ------------------------------------------------- */
char *bkout;                        /* where the current instruction's bytes go */
int bkol;                           /* how many so far */
long bk_textva; long bk_shift; int bk_sizing;
#define BK_NIMP 11                  /* pe.IMPORTS */
long bk_imp[BK_NIMP];               /* Windows: the IAT slot of each import */
long toff[BK_MAXT + 1];             /* each lowered instruction's byte offset */
/* Branch relaxation, the same rounds as assemble.py [S-10 #1]: tshort[i]
   says instruction i is a branch encoded in its short form; tjk[i] is that
   form's length (0: not a relaxable branch) and tjt[i] its target label. */
char tshort[BK_MAXT]; char tfit[BK_MAXT]; int tjk[BK_MAXT]; int tjt[BK_MAXT];
long tsz[BK_MAXT];

int ob(int b) { bkout[bkol] = b; bkol = bkol + 1; return 0; }
int ow(unsigned long v) {           /* a 32-bit little-endian word */
    ob(v & 255); ob((v >> 8) & 255); ob((v >> 16) & 255); ob((v >> 24) & 255); return 0;
}
int oq(unsigned long v) { ow(v & 0xFFFFFFFF); ow(v >> 32); return 0; }
int bk_str_is(char *a, char *b) {
    int k; k = 0;
    while (a[k] && b[k]) { if (a[k] != b[k]) return 0; k = k + 1; }
    return a[k] == b[k];
}
/* a label's byte offset -- 0 while sizing, as size() passes {k: 0} */
long bk_label(int id) {
    int t;
    if (bk_sizing) return 0;
    t = bklab_tpc[id];
    if (t < 0) return 0;
    return toff[t];
}
/* the address `.lea` names: a data symbol, a code label, or a number */
long bk_leaaddr(int i) {
    int id;
    if (bk_sizing) return 0;
    if (tkk[i * 4 + 1] == BK_N) {
        id = tka[i * 4 + 1];
        if (bksym_addr[id] >= 0) return bksym_addr[id] + bk_shift;
        if (bklab_tpc[id] >= 0) return bk_textva + bk_label(id);
        return 0;
    }
    return tka[i * 4 + 1] + bk_shift;
}

/* ---- arm64: emit_arm.py, line for line ---------------------------------- */
#define A_IP0 16
#define A_IP1 17
unsigned long a_ls(int store, int wd, int scaled) {  /* LDS STS LDU STU */
    if (scaled) {
        if (store) { if (wd == 8) return 0xF9000000; if (wd == 4) return 0xB9000000; if (wd == 2) return 0x79000000; return 0x39000000; }
        if (wd == 8) return 0xF9400000; if (wd == 4) return 0xB9800000; if (wd == 2) return 0x79800000; return 0x39800000;
    }
    if (store) { if (wd == 8) return 0xF8000000; if (wd == 4) return 0xB8000000; if (wd == 2) return 0x78000000; return 0x38000000; }
    if (wd == 8) return 0xF8400000; if (wd == 4) return 0xB8800000; if (wd == 2) return 0x78800000; return 0x38800000;
}
int a_movimm(int d, unsigned long v, int fixed);
int a_mem(int store, int rt, int rn, long off, int wd) {
    long a;
    if (off >= 0) { if (off % wd == 0) { if (off / wd < 4096) {
        ow(a_ls(store, wd, 1) | ((off / wd) << 10) | (rn << 5) | rt); return 0; } } }
    if (off >= 0 - 256) { if (off < 256) {
        ow(a_ls(store, wd, 0) | ((off & 0x1FF) << 12) | (rn << 5) | rt); return 0; } }
    a = off; if (a < 0) a = 0 - a;                   /* past both: via IP0 [I-22] */
    a_movimm(A_IP0, a, 0);
    ow((off < 0 ? 0xCB000000 : 0x8B000000) | (A_IP0 << 16) | (rn << 5) | A_IP0);
    ow(a_ls(store, wd, 1) | (A_IP0 << 5) | rt);
    return 0;
}
int a_movimm(int d, unsigned long v, int fixed) {
    int n; int sh; unsigned long part;
    ow(0xD2800000 | ((v & 0xFFFF) << 5) | d);
    n = 1; sh = 1;
    while (sh <= 3) {
        part = (v >> (16 * sh)) & 0xFFFF;
        if (part || (fixed && n < fixed)) { ow(0xF2800000 | (sh << 21) | (part << 5) | d); n = n + 1; }
        sh = sh + 1;
    }
    return 0;
}
int a_adr(int d, long pc, long target) {
    long imm; imm = target - pc;
    ow(0x10000000 | ((imm & 3) << 29) | (((imm >> 2) & 0x7FFFF) << 5) | d);
    return 0;
}
int a_adrp_add(int d, long pc, long target) {
    long page; long lo12;
    page = (target >> 12) - (pc >> 12);
    lo12 = target & 0xFFF;
    ow(0x90000000 | ((page & 3) << 29) | (((page >> 2) & 0x7FFFF) << 5) | d);
    ow(0x91000000 | (lo12 << 10) | (d << 5) | d);
    return 0;
}
long a_disp(long bytes, int bits) {
    long v; long lim;
    v = bytes >> 2;
    lim = (long)1 << (bits - 1);
    if (v < 0 - lim || v >= lim) { __write(2, "arm64: branch does not fit\n", 27); __exit(1); }
    return v;
}
/* the reloc stage's answer IS the displacement field (emit_arm.RELFIELD) */
long a_relf(int i, long d) {
    char *r;
    if (tkg_rel[i] < 0) { __write(2, "back end: branch without a reloc answer\n", 40); __exit(1); }
    r = bk_nth(BH_RELOC_Y, tkg_rel[i]);
    if (bk_str_is(r, "arm26")) return a_disp(d, 26) & 0x3FFFFFF;
    if (bk_str_is(r, "arm19")) return (a_disp(d, 19) & 0x7FFFF) << 5;
    __write(2, "back end: reloc class has no arm field\n", 39); __exit(1);
    return 0;
}
int a_ldr(int rt, int rn, long off) { ow(0xF9400000 | ((off / 8) << 10) | (rn << 5) | rt); return 0; }
int a_str(int rt, int rn, long off) { ow(0xF9000000 | ((off / 8) << 10) | (rn << 5) | rt); return 0; }
int a_movz(int d, long v) { ow(0xD2800000 | ((v & 0xFFFF) << 5) | d); return 0; }
int a_movn(int d, long v) { ow(0x92800000 | (((0 - v - 1) & 0xFFFF) << 5) | d); return 0; }
/* the Windows command-line splitter, the same words emit_arm/emit_x86 hold */
long BK_WA_ARM[34] = {0x39400004, 0x7100809F, 0x54000060, 0x7100249F, 0x54000061, 0x91000400, 0x17FFFFFA, 0x34000364, 0xF100FC5F, 0x5400032A, 0xF8227861, 0x91000442, 0xD2800005, 0x39400004, 0x34000264, 0x7100889F, 0x54000081, 0xD24000A5, 0x91000400, 0x17FFFFFA, 0xB50000A5, 0x7100809F, 0x540000E0, 0x7100249F, 0x540000A0, 0x39000024, 0x91000421, 0x91000400, 0x17FFFFF1, 0x3900003F, 0x91000421, 0x91000400, 0x17FFFFE0, 0x3900003F};
char BK_WA_X86[93] = {15, 182, 6, 60, 32, 116, 4, 60, 9, 117, 5, 72, 255, 198, 235, 240, 132, 192, 116, 73, 72, 131, 249, 63, 125, 67, 73, 137, 60, 200, 72, 255, 193, 69, 49, 201, 15, 182, 6, 132, 192, 116, 47, 60, 34, 117, 9, 65, 131, 241, 1, 72, 255, 198, 235, 236, 69, 133, 201, 117, 8, 60, 32, 116, 14, 60, 9, 116, 10, 136, 7, 72, 255, 199, 72, 255, 198, 235, 213, 198, 7, 0, 72, 255, 199, 72, 255, 198, 235, 166, 198, 7, 0};
int a_callimp(long pc, int k) {
    a_adrp_add(A_IP1, pc, bk_sizing ? 0 : bk_imp[k]);
    a_ldr(A_IP1, A_IP1, 0);
    ow(0xD63F0000 | (A_IP1 << 5));
    return 0;
}
int a_fd2handle(long pc, long hstd) {
    ow(0xF1000C1F);                                  /* cmp x0, #3 */
    ow(0x54000002 | (4 << 5));                       /* b.hs over 12 bytes (+1) */
    a_adrp_add(A_IP0, pc + 8, hstd);
    ow(0xF8607800 | (0 << 16) | (A_IP0 << 5) | 0);   /* ldr x0, [ip0, x0, lsl 3] */
    return 0;
}
int a_winapi(int i, long off) {
    long pc; long hstd; long written; char *nm; int s;
    pc = bk_textva + off;
    hstd = bk_hstd + bk_shift; written = bk_written + bk_shift;
    nm = bk_nth(BF_ABI_0, tkg_cop[i]);
    s = bkol;
    if (bk_str_is(nm, "exit")) { a_callimp(pc, 5); return 1; }
    if (bk_str_is(nm, "write") || bk_str_is(nm, "read")) {
        a_fd2handle(pc, hstd);
        a_adrp_add(3, pc + (bkol - s), written);
        ow(0xAA1F03E4);                              /* mov x4, xzr */
        a_callimp(pc + (bkol - s), bk_str_is(nm, "write") ? 1 : 2);
        a_adrp_add(A_IP0, pc + (bkol - s), written);
        a_ldr(0, A_IP0, 0);
        return 1;
    }
    if (bk_str_is(nm, "mmap")) {          /* VirtualAlloc, four args in x0..x3 */
        a_callimp(pc, 7);
        return 1;
    }
    if (bk_str_is(nm, "mprotect")) {      /* VirtualProtect(addr,n,prot,&old) */
        long scr0; long scr1;
        scr0 = bk_scr0 + bk_shift; scr1 = bk_scr1 + bk_shift;
        a_adrp_add(3, pc, written);
        a_callimp(pc + (bkol - s), 8);
        /* arm64 Windows will not execute code that is only in the data
           cache, and a protection change does not flush it.  The current
           process is the pseudo-handle -1. [S-9] */
        a_movn(0, 0 - 1);
        a_adrp_add(A_IP0, pc + (bkol - s), scr0); a_ldr(1, A_IP0, 0);
        a_adrp_add(A_IP0, pc + (bkol - s), scr1); a_ldr(2, A_IP0, 0);
        a_callimp(pc + (bkol - s), 10);
        ow(0xF100001F);                   /* cmp x0, #0 -- POSIX wants 0 = ok */
        ow(0x9A9F17E0);                   /* cset x0, eq */
        return 1;
    }
    if (bk_str_is(nm, "munmap")) {        /* VirtualFree(addr, 0, MEM_RELEASE) */
        ow(0xD2900002);
        ow(0xAA1F03E1);
        a_callimp(pc + (bkol - s), 9);
        ow(0xF100001F);                   /* POSIX wants 0 = ok */
        ow(0x9A9F17E0);
        return 1;
    }
    if (bk_str_is(nm, "close")) {
        a_fd2handle(pc, hstd);
        a_callimp(pc + (bkol - s), 3);
        return 1;
    }
    if (bk_str_is(nm, "open")) {
        ow(0xAA0203E4);                              /* x4 = x2 */
        a_movz(2, 3);
        ow(0xAA1F03E3);
        a_movz(5, 0x80);
        ow(0xAA1F03E6);
        a_callimp(pc + (bkol - s), 4);
        return 1;
    }
    bkol = s;
    return 0;
}
int a_itoa(long pc, long src, long buf, long lenp) {
    int s; s = bkol;
    a_adrp_add(9, pc, src); a_ldr(10, 9, 0);
    a_movz(11, 0);
    ow(0xF100001F | (10 << 5));
    ow(0x54000000 | (3 << 5) | 0xA);
    ow(0xCB000000 | (10 << 16) | (31 << 5) | 10);
    a_movz(11, 1);
    a_movz(12, 10);
    ow(0xAA0003E0 | (10 << 16) | 13);
    a_movz(14, 0);
    ow(0x9AC00800 | (12 << 16) | (13 << 5) | 13);
    ow(0x91000400 | (14 << 5) | 14);
    ow(0xB5000000 | ((((long)0 - 2) & 0x7FFFF) << 5) | 13);
    ow(0x8B000000 | (11 << 16) | (14 << 5) | 14);
    a_adrp_add(9, pc + (bkol - s), lenp); a_str(14, 9, 0);
    a_adrp_add(9, pc + (bkol - s), buf);
    ow(0x8B000000 | (14 << 16) | (9 << 5) | 13);
    ow(0x9AC00800 | (12 << 16) | (10 << 5) | 15);
    ow(0x9B008000 | (12 << 16) | (10 << 10) | (15 << 5) | 17);
    ow(0x91000000 | (48 << 10) | (17 << 5) | 17);
    ow(0xD1000400 | (13 << 5) | 13);
    ow(0x39000000 | (13 << 5) | 17);
    ow(0xAA0003E0 | (15 << 16) | 10);
    ow(0xB5000000 | ((((long)0 - 6) & 0x7FFFF) << 5) | 10);
    ow(0xB4000000 | (3 << 5) | 11);
    a_movz(17, 45);
    ow(0x39000000 | (9 << 5) | 17);
    return 0;
}
/* floating point: through v16/v17 */
int a_fmov_to(int v, int x, int dbl) { ow((dbl ? 0x9E670000 : 0x1E270000) | (x << 5) | v); return 0; }
int a_fmov_from(int x, int v, int dbl) { ow((dbl ? 0x9E660000 : 0x1E260000) | (v << 5) | x); return 0; }
int a_fp(char *o, long *a) {
    int dbl; unsigned long ty; unsigned long fa; int fc;
    fa = 0; fc = 0 - 1;
    if (o[0] == 102 && o[1] == 97) fa = 0x1E202800;               /* fadd */
    if (o[0] == 102 && o[1] == 115 && o[2] == 117) fa = 0x1E203800;  /* fsub */
    if (o[0] == 102 && o[1] == 109) fa = 0x1E200800;              /* fmul */
    if (o[0] == 102 && o[1] == 100) fa = 0x1E201800;              /* fdiv */
    if (o[0] == 102 && o[1] == 108 && o[2] == 116) fc = 0x5;      /* flt: PL */
    if (o[0] == 102 && o[1] == 108 && o[2] == 101) fc = 0x8;      /* fle: HI */
    if (o[0] == 102 && o[1] == 101) fc = 0x1;                     /* feq: NE */
    if (fa || fc >= 0) {
        {   int L; L = 0; while (o[L]) L = L + 1;
            dbl = L >= 2 && o[L - 2] == 54 && o[L - 1] == 52; }  /* ...64 */
        ty = dbl ? 0x00400000 : 0;
        a_fmov_to(16, a[1], dbl); a_fmov_to(17, a[2], dbl);
        if (fa) { ow(fa | ty | (17 << 16) | (16 << 5) | 16); a_fmov_from(a[0], 16, dbl); return 1; }
        ow(0x1E202000 | ty | (17 << 16) | (16 << 5));
        ow(0x9A9F07E0 | (fc << 12) | a[0]);
        return 1;
    }
    if (bk_str_is(o, "cvtid")) { ow(0x9E620000 | (a[1] << 5) | 16); a_fmov_from(a[0], 16, 1); return 1; }
    if (bk_str_is(o, "cvtud")) { ow(0x9E630000 | (a[1] << 5) | 16); a_fmov_from(a[0], 16, 1); return 1; }
    if (bk_str_is(o, "cvtis")) { ow(0x9E220000 | (a[1] << 5) | 16); a_fmov_from(a[0], 16, 0); return 1; }
    if (bk_str_is(o, "cvtus")) { ow(0x9E230000 | (a[1] << 5) | 16); a_fmov_from(a[0], 16, 0); return 1; }
    if (bk_str_is(o, "cvtdi")) { a_fmov_to(16, a[1], 1); ow(0x9E780000 | (16 << 5) | a[0]); return 1; }
    if (bk_str_is(o, "cvtdu")) { a_fmov_to(16, a[1], 1); ow(0x9E790000 | (16 << 5) | a[0]); return 1; }
    if (bk_str_is(o, "cvtsd")) { a_fmov_to(16, a[1], 0); ow(0x1E22C000 | (16 << 5) | 16); a_fmov_from(a[0], 16, 1); return 1; }
    if (bk_str_is(o, "cvtds")) { a_fmov_to(16, a[1], 1); ow(0x1E624000 | (16 << 5) | 16); a_fmov_from(a[0], 16, 0); return 1; }
    if (bk_str_is(o, "fsqrt64")) { a_fmov_to(16, a[1], 1); ow(0x1E61C000 | (16 << 5) | 16); a_fmov_from(a[0], 16, 1); return 1; }
    if (bk_str_is(o, "fsqrt32")) { a_fmov_to(16, a[1], 0); ow(0x1E21C000 | (16 << 5) | 16); a_fmov_from(a[0], 16, 0); return 1; }
    return 0;
}

/* one lowered instruction -> bytes at bkout; 0 when it has no encoding */
int bk_arm(int i, long off) {
    int op; long *a; char *o; long pc; long v; int k; int d; int n;
    op = tkop[i]; a = tka + i * 4;
    pc = bk_textva + off;
    if (op == TO_SETREG) {
        if (a[3] == SK_IMM) { a_movimm(a[0], a[1], 0); return 1; }
        if (a[3] == SK_REG) { ow(0xAA0003E0 | (a[1] << 16) | a[0]); return 1; }
        if (a[3] == SK_ADDR) { a_adrp_add(a[0], pc, a[1] + bk_shift); return 1; }
        a_adrp_add(A_IP1, pc, a[1] + bk_shift); ow(0xF9400000 | (A_IP1 << 5) | a[0]);
        return 1;
    }
    if (op == TO_SETMEM) { a_adrp_add(A_IP1, pc, a[0] + bk_shift); ow(0xF9000000 | (A_IP1 << 5) | a[1]); return 1; }
    if (op == TO_ITOA) { a_itoa(pc, a[0] + bk_shift, a[1] + bk_shift, a[2] + bk_shift); return 1; }
    if (op == TO_ARGSAVE) {
        /* Linux leaves argc at [sp] and argv at sp+8; Darwin hands x0, x1 */
        if (a[2]) { ow(0xF94003E0); ow(0x910023E1); pc = pc + 8; }
        a_adrp_add(A_IP1, pc, a[0] + bk_shift); ow(0xF9000000 | (A_IP1 << 5) | 0);
        a_adrp_add(A_IP1, pc + 12, a[1] + bk_shift); ow(0xF9000000 | (A_IP1 << 5) | 1);
        return 1;
    }
    if (op == TO_ARGVGET) {
        a_adrp_add(A_IP1, pc, a[2] + bk_shift);
        ow(0xF9400000 | (A_IP1 << 5) | A_IP1);
        ow(0x8B000000 | (a[1] << 16) | (3 << 10) | (A_IP1 << 5) | A_IP1);
        ow(0xF9400000 | (A_IP1 << 5) | a[0]);
        return 1;
    }
    if (op == TO_SPINIT) {
        if (a[1] >= 0) { a_adrp_add(a[0], pc, a[1] + bk_shift); return 1; }
        ow(0x91000000 | (31 << 5) | a[0]);
        return 1;
    }
    if (op == TO_WINSAVE) {
        a_adrp_add(A_IP0, pc, a[0] + bk_shift);
        k = 0; while (k < 8) { a_str(k, A_IP0, 8 * k); k = k + 1; }
        return 1;
    }
    if (op == TO_WINREST) {
        int s; s = bkol;
        ow(0xAA000000 | (0 << 16) | (31 << 5) | A_IP1);
        a_adrp_add(A_IP0, pc + (bkol - s), a[0] + bk_shift);
        k = 1; while (k < 8) { a_ldr(k, A_IP0, 8 * k); k = k + 1; }
        ow(0xAA000000 | (A_IP1 << 16) | (31 << 5) | (a[1] < 0 ? 31 : a[1]));
        return 1;
    }
    if (op == TO_WINARGS) {
        int s; s = bkol;
        a_callimp(pc, 6);                                        /* GetCommandLineA */
        ow(0xAA0003E1); ow(0xD2800002);
        a_adrp_add(3, pc + (bkol - s), a[2] + bk_shift);
        k = 0; while (k < 34) { ow(BK_WA_ARM[k]); k = k + 1; }
        a_adrp_add(A_IP0, pc + (bkol - s), a[0] + bk_shift); a_str(2, A_IP0, 0);
        a_adrp_add(A_IP0, pc + (bkol - s), a[1] + bk_shift); a_str(3, A_IP0, 0);
        return 1;
    }
    if (op == TO_WINSTDH) {
        int s; s = bkol;
        k = 0;
        while (k < 3) {
            a_movn(0, 0 - 10 - k);
            a_callimp(pc + (bkol - s), 0);
            a_adrp_add(A_IP0, pc + (bkol - s), a[0] + bk_shift);
            a_str(0, A_IP0, 8 * k);
            k = k + 1;
        }
        return 1;
    }
    if (op == TO_GATE) {
        char *g; g = bk_nth(BH_ABI_GATE, tkg_gate[i]);
        if (bk_str_is(g, "winapi")) return a_winapi(i, off);
        if (bk_str_is(g, "svc80")) ow(0xD4001001); else ow(0xD4000001);
        /* Darwin puts a failed syscall in the CARRY flag and returns errno
           POSITIVE: `b.cc +8` over `neg x0, x0`, so the caller sees -errno
           the way it does everywhere else [I-20] */
        if (bkos == 1) { ow(0x54000043); ow(0xCB0003E0); }
        return 1;
    }
    o = bk_nth(BKOPS, op);
    if (bk_str_is(o, "mov")) { ow(0xAA0003E0 | (a[1] << 16) | a[0]); return 1; }
    if (bk_str_is(o, "imm")) {
        unsigned long u; u = a[1];
        ow(0xD2800000 | ((u & 0xFFFF) << 5) | a[0]);
        k = 1;
        while (k <= 3) { v = (u >> (16 * k)) & 0xFFFF;
            if (v) ow(0xF2800000 | (k << 21) | (v << 5) | a[0]); k = k + 1; }
        return 1;
    }
    {   unsigned long alu; alu = 0;
        if (bk_str_is(o, "add64")) alu = 0x8B000000;
        if (bk_str_is(o, "sub64")) alu = 0xCB000000;
        if (bk_str_is(o, "xor64")) alu = 0xCA000000;
        if (bk_str_is(o, "and64")) alu = 0x8A000000;
        if (bk_str_is(o, "or64")) alu = 0xAA000000;
        if (bk_str_is(o, "shl64")) alu = 0x9AC02000;
        if (bk_str_is(o, "shr64")) alu = 0x9AC02800;
        if (bk_str_is(o, "lshr64")) alu = 0x9AC02400;
        if (alu) { ow(alu | (a[2] << 16) | (a[1] << 5) | a[0]); return 1; }
    }
    if (bk_str_is(o, "mul64")) { ow(0x9B007C00 | (a[2] << 16) | (a[1] << 5) | a[0]); return 1; }
    if (bk_str_is(o, "load64")) { a_mem(0, a[0], a[1], a[2], 8); return 1; }
    if (bk_str_is(o, "store64")) { a_mem(1, a[2], a[0], a[1], 8); return 1; }
    {   int cc; cc = 0 - 1;
        if (bk_str_is(o, "slt64")) cc = 0xA;
        if (bk_str_is(o, "sle64")) cc = 0xC;
        if (bk_str_is(o, "eq")) cc = 0x1;
        if (bk_str_is(o, "ne")) cc = 0x0;
        if (bk_str_is(o, "ult64")) cc = 0x2;
        if (bk_str_is(o, "ule64")) cc = 0x8;
        if (cc >= 0) {
            ow(0xEB00001F | (a[2] << 16) | (a[1] << 5));
            ow(0x9A9F07E0 | (cc << 12) | a[0]);
            return 1;
        }
    }
    if (bk_str_is(o, ".frame")) {
        n = a[0];
        if (n > 0 - 4096 && n < 4096) {
            ow((n >= 0 ? 0xD1000000 : 0x91000000) | ((n >= 0 ? n : 0 - n) << 10) | (7 << 5) | 7);
            return 1;
        }
        a_movimm(A_IP0, n >= 0 ? n : 0 - n, 0);
        ow((n >= 0 ? 0xCB000000 : 0x8B000000) | (A_IP0 << 16) | (7 << 5) | 7);
        return 1;
    }
    if (bk_str_is(o, ".lea")) { a_adrp_add(a[0], pc, bk_leaaddr(i)); return 1; }
    if (bk_str_is(o, ".ld")) { a_mem(0, a[0], a[1], a[2], a[3]); return 1; }
    if (bk_str_is(o, ".st")) { a_mem(1, a[2], a[0], a[1], a[3]); return 1; }
    if (a_fp(o, a)) return 1;
    if (bk_str_is(o, ".zero")) {
        long kk; int wd;
        kk = 0;
        while (kk < a[2]) {
            wd = 8; while (kk + wd > a[2]) wd = wd / 2;
            a_mem(1, 31, a[0], a[1] + kk, wd);
            kk = kk + wd;
        }
        return 1;
    }
    if (bk_str_is(o, "callr")) {
        a_adr(A_IP1, pc, pc + 16);
        ow(0xD1002000 | (7 << 5) | 7);
        ow(0xF9000000 | (7 << 5) | A_IP1);
        ow(0xD61F0000 | (a[0] << 5));
        return 1;
    }
    if (bk_str_is(o, ".div") || bk_str_is(o, ".udiv")) {
        ow((bk_str_is(o, ".div") ? 0x9AC00C00 : 0x9AC00800) | (a[2] << 16) | (a[1] << 5) | a[0]);
        return 1;
    }
    if (bk_str_is(o, ".mod") || bk_str_is(o, ".umod")) {
        ow((bk_str_is(o, ".mod") ? 0x9AC00C00 : 0x9AC00800) | (a[2] << 16) | (a[1] << 5) | A_IP1);
        ow(0x9B008000 | (a[2] << 16) | (a[1] << 10) | (A_IP1 << 5) | a[0]);
        return 1;
    }
    if (bk_str_is(o, "ret")) {
        ow(0xF9400000 | (7 << 5) | A_IP1);
        ow(0x91002000 | (7 << 5) | 7);
        ow(0xD61F0000 | (A_IP1 << 5));
        return 1;
    }
    if (bk_str_is(o, "nop")) { ow(0xD503201F); return 1; }
    if (bk_str_is(o, "jump")) {
        ow(0x14000000 | a_relf(i, bk_label(a[0]) - off));
        return 1;
    }
    if (bk_str_is(o, "call")) {
        a_adr(A_IP1, pc, pc + 16);
        ow(0xD1002000 | (7 << 5) | 7);
        ow(0xF9000000 | (7 << 5) | A_IP1);
        ow(0x14000000 | a_relf(i, bk_label(a[0]) - (off + 12)));
        return 1;
    }
    if (bk_str_is(o, "jumpz")) {
        ow(0xB4000000 | a_relf(i, bk_label(a[1]) - off) | a[0]);
        return 1;
    }
    return 0;
}

/* ---- x86_64: emit_x86.py, line for line ------------------------------- */
#define X_RAX 0
#define X_RCX 1
#define X_RDX 2
#define X_RBX 3
#define X_RSP 4
#define X_R8 8
#define X_R9 9
#define X_R10 10
#define X_R11 11
int x_rex(int w, int r, int x, int b) { ob(64 | (w << 3) | (r << 2) | (x << 1) | b); return 0; }
int x_modrm(int mod, int reg, int rm) { ob((mod << 6) | ((reg & 7) << 3) | (rm & 7)); return 0; }
int x_alu(int opc, int d, int s) { x_rex(1, s >> 3, 0, d >> 3); ob(opc); x_modrm(3, s, d); return 0; }
int x_movrr(int d, int s) { return x_alu(0x89, d, s); }
int x_movri(int d, unsigned long imm) {
    /* SHORT form -- see emit_x86.mov_ri: mov r32, imm32 zero-extends. */
    if ((imm >> 32) == 0) {
        if (d >= 8) ob(0x41);
        ob(0xB8 + (d & 7)); ow(imm & 0xFFFFFFFF);
        return 0;
    }
    x_rex(1, 0, 0, d >> 3); ob(0xB8 + (d & 7));
    ow(imm & 0xFFFFFFFF); ow(imm >> 32);
    return 0;
}
int x_d32(long v) { ow(v & 0xFFFFFFFF); return 0; }
int x_rel8(long d) {                  /* a short branch's displacement */
    if (bk_sizing == 0) { if (d < 0 - 128 || d > 127) {
        __write(2, "back end: rel8 out of range\n", 28); __exit(1); } }
    ob(d & 255);
    return 0;
}
int x_rel(int i, long d) {          /* emit_x86.RELBYTES */
    char *r;
    if (tkg_rel[i] < 0) { __write(2, "back end: branch without a reloc answer\n", 40); __exit(1); }
    r = bk_nth(BH_RELOC_Y, tkg_rel[i]);
    if (bk_str_is(r, "rel32")) { x_d32(d); return 0; }
    __write(2, "back end: reloc class has no x86 field\n", 39); __exit(1);
    return 0;
}
/* mem: opc may be two bytes (0x0F 0xBE); w is REX.W */
int x_mem(int opc, int opc2, int r, int b, long disp, int w) {
    x_rex(w, r >> 3, 0, b >> 3);
    ob(opc); if (opc2 >= 0) ob(opc2);
    /* SHORT forms -- see emit_x86.mem.  disp is a frame offset or a small
       literal, never an address, so the width is final in the sizing pass. */
    if (disp == 0 && (b & 7) != 5) { x_modrm(0, r, b); return 0; }
    if (disp >= 0 - 128 && disp <= 127) { x_modrm(1, r, b); ob(disp & 255); return 0; }
    x_modrm(2, r, b); x_d32(disp);
    return 0;
}
int x_load(int r, int b, long disp, int wd) {
    if (wd == 8) return x_mem(0x8B, 0 - 1, r, b, disp, 1);
    if (wd == 4) return x_mem(0x63, 0 - 1, r, b, disp, 1);
    if (wd == 1) return x_mem(0x0F, 0xBE, r, b, disp, 1);
    return x_mem(0x0F, 0xBF, r, b, disp, 1);
}
int x_store(int r, int b, long disp, int wd) {
    if (wd == 8) return x_mem(0x89, 0 - 1, r, b, disp, 1);
    if (wd == 4) return x_mem(0x89, 0 - 1, r, b, disp, 0);
    if (wd == 2) { ob(0x66); return x_mem(0x89, 0 - 1, r, b, disp, 0); }
    return x_mem(0x88, 0 - 1, r, b, disp, 0);
}
/* [rip+disp32], 7 bytes fixed */
int x_rip(int opc, int r, long pcnext, long target) {
    x_rex(1, r >> 3, 0, 0); ob(opc); x_modrm(0, r, 5); x_d32(target - pcnext);
    return 0;
}
int x_cmpset(int cc, int d, int ra, int rb) {
    x_alu(0x39, ra, rb);
    ob(0x41); ob(0x0F); ob(cc); x_modrm(3, 0, X_R11);
    x_rex(1, d >> 3, 0, 1); ob(0x0F); ob(0xB6); x_modrm(3, d, X_R11);
    return 0;
}
/* `op r64, imm` with /opc -- see emit_x86.alu_imm.  SHORT form: 0x83 takes a
   sign-extended imm8, four bytes rather than seven.  n is a frame size or a
   literal, never an address, so the width is final in the sizing pass. */
int x_aluimm(int d, int opc, long n) {
    x_rex(1, 0, 0, d >> 3);
    if (n >= 0 - 128 && n <= 127) { ob(0x83); x_modrm(3, opc, d); ob(n & 255); return 0; }
    ob(0x81); x_modrm(3, opc, d); x_d32(n);
    return 0;
}
int x_spadj(long n, int opc) {                  /* on the tape SP, r10 */
    return x_aluimm(X_R10, opc, n);
}
int x_spsub(int n) { x_rex(1, 0, 0, 0); ob(0x83); x_modrm(3, 5, 4); ob(n); return 0; }
int x_alignpre(int extra) {
    int n; n = 32 + ((extra * 8 + 15) / 16) * 16;
    x_movrr(X_RBX, X_RSP);
    x_rex(1, 0, 0, 0); ob(0x83); x_modrm(3, 4, 4); ob(0xF0);
    x_spsub(n);
    return 0;
}
int x_alignpost(void) { return x_movrr(X_RSP, X_RBX); }
int x_stackarg(int slot, long val) {
    x_rex(1, 0, 0, 0); ob(0xC7); x_modrm(1, 0, 4); ob(0x24); ob(slot); x_d32(val);
    return 0;
}
int x_callimp(long pc, int k) {
    x_rip(0x8B, X_RAX, pc + 7, bk_sizing ? 0 : bk_imp[k]);
    ob(0xFF); ob(0xD0);
    return 0;
}
int x_fd2handle(long pc, long hstd) {
    x_rex(1, 0, 0, 0); ob(0x83); x_modrm(3, 7, 1); ob(0x03);    /* cmp rcx, 3 */
    ob(0x73); ob(7 + 4);                                          /* jae over the body */
    x_rip(0x8D, X_R11, pc + 4 + 2 + 7, hstd);
    x_rex(1, 0, 0, 1); ob(0x8B); x_modrm(0, 1, 4); ob(0xCB);
    return 0;
}
int x_winapi(int i, long off) {
    long pc; long hstd; long written; char *nm; int s;
    pc = bk_textva + off;
    hstd = bk_hstd + bk_shift; written = bk_written + bk_shift;
    nm = bk_nth(BF_ABI_0, tkg_cop[i]);
    s = bkol;
    if (bk_str_is(nm, "exit")) {
        x_alignpre(0); x_callimp(pc + (bkol - s), 5); x_alignpost();
        return 1;
    }
    if (bk_str_is(nm, "write") || bk_str_is(nm, "read")) {
        x_fd2handle(pc, hstd);
        x_rip(0x8D, X_R9, pc + (bkol - s) + 7, written);
        x_alignpre(1);
        x_stackarg(32, 0);
        x_callimp(pc + (bkol - s), bk_str_is(nm, "write") ? 1 : 2);
        x_alignpost();
        x_rip(0x8B, X_RAX, pc + (bkol - s) + 7, written);
        return 1;
    }
    if (bk_str_is(nm, "mmap")) {
        x_alignpre(0); x_callimp(pc + (bkol - s), 7); x_alignpost();
        return 1;
    }
    if (bk_str_is(nm, "mprotect")) {
        long scr0; long scr1;
        scr0 = bk_scr0 + bk_shift; scr1 = bk_scr1 + bk_shift;
        x_rip(0x8D, X_R9, pc + (bkol - s) + 7, written);   /* r9 = &old */
        x_alignpre(0);
        x_callimp(pc + (bkol - s), 8);
        x_alignpost();
        /* flush the instruction cache -- see the arm64 gate */
        x_movri(X_RCX, 0 - 1);
        x_rip(0x8B, X_RDX, pc + (bkol - s) + 7, scr0);
        x_rip(0x8B, X_R8, pc + (bkol - s) + 7, scr1);
        x_alignpre(0);
        x_callimp(pc + (bkol - s), 10);
        x_alignpost();
        x_rex(1, 0, 0, 0); ob(0x83); x_modrm(3, 7, 0); ob(0);   /* cmp rax, 0 */
        ob(0x0F); ob(0x94); ob(0xC0);                          /* sete al */
        x_rex(1, 0, 0, 0); ob(0x0F); ob(0xB6); ob(0xC0);       /* movzx rax, al */
        return 1;
    }
    if (bk_str_is(nm, "munmap")) {
        x_movri(X_R8, 0x8000);            /* MEM_RELEASE */
        x_movri(X_RDX, 0);                /* dwSize must be 0 */
        x_alignpre(0); x_callimp(pc + (bkol - s), 9); x_alignpost();
        x_rex(1, 0, 0, 0); ob(0x83); x_modrm(3, 7, 0); ob(0);   /* cmp rax,0 */
        ob(0x0F); ob(0x94); ob(0xC0);                          /* sete al */
        x_rex(1, 0, 0, 0); ob(0x0F); ob(0xB6); ob(0xC0);       /* movzx */
        return 1;
    }
    if (bk_str_is(nm, "close")) {
        x_fd2handle(pc, hstd);
        x_alignpre(0);
        x_callimp(pc + (bkol - s), 3);
        x_alignpost();
        return 1;
    }
    if (bk_str_is(nm, "open")) {
        x_movrr(X_RAX, X_R8);
        x_alignpre(3);
        x_rex(1, 0, 0, 0); ob(0x89); x_modrm(1, 0, 4); ob(0x24); ob(0x20);
        x_movri(X_R8, 3);
        x_movri(X_R9, 0);
        x_stackarg(40, 0x80);
        x_stackarg(48, 0);
        x_callimp(pc + (bkol - s), 4);
        x_alignpost();
        return 1;
    }
    bkol = s;
    return 0;
}
int x_itoa(long pc, long src, long buf, long lenp) {
    int s; int l0; int l1;
    s = bkol;
    x_rip(0x8B, X_RAX, pc + (bkol - s) + 7, src);
    ob(0x4D); ob(0x31); ob(0xE4);                    /* xor r12, r12 */
    ob(0x48); ob(0x85); ob(0xC0);                    /* test rax, rax */
    {   int jp;                                      /* jns over neg + mov */
        ob(0x79); jp = bkol; ob(0);                  /* the mov's width is a
                                                        SHORT-form choice, so
                                                        measure, never count */
        ob(0x48); ob(0xF7); ob(0xD8);                /* neg rax */
        x_movri(12, 1);
        bkout[jp] = bkol - jp - 1;
    }
    x_movrr(15, X_RAX); x_movri(X_R11, 10);
    x_movrr(13, X_RAX); ob(0x4D); ob(0x31); ob(0xF6);  /* xor r14, r14 */
    l0 = bkol;
    x_movrr(X_RAX, 13); ob(0x48); ob(0x31); ob(0xD2); ob(0x49); ob(0xF7); ob(0xF3);
    x_movrr(13, X_RAX); ob(0x49); ob(0xFF); ob(0xC6);
    ob(0x4D); ob(0x85); ob(0xED);
    {   int back; back = (0 - (bkol - l0 + 2)) & 255; ob(0x75); ob(back); }
    ob(0x4D); ob(0x01); ob(0xE6);                    /* r14 += r12 */
    x_rip(0x89, 14, pc + (bkol - s) + 7, lenp);
    x_rip(0x8D, X_RBX, pc + (bkol - s) + 7, buf);
    ob(0x4E); ob(0x8D); ob(0x2C); ob(0x33);          /* lea r13, [rbx+r14] */
    l1 = bkol;
    x_movrr(X_RAX, 15); ob(0x48); ob(0x31); ob(0xD2); ob(0x49); ob(0xF7); ob(0xF3);
    x_movrr(15, X_RAX); ob(0x48); ob(0x83); ob(0xC2); ob(0x30);
    ob(0x49); ob(0xFF); ob(0xCD); ob(0x41); ob(0x88); ob(0x55); ob(0x00);
    ob(0x4D); ob(0x85); ob(0xFF);
    {   int back; back = (0 - (bkol - l1 + 2)) & 255; ob(0x75); ob(back); }
    ob(0x4D); ob(0x85); ob(0xE4); ob(0x74); ob(3);
    ob(0xC6); ob(0x03); ob(0x2D);
    return 0;
}
/* SSE: the mandatory prefix, then REX (only if needed), then 0F opc */
int x_sseg(int pfx, int opc, int xmm, int gpr, int w, int gpr_in_reg) {
    int r;
    ob(pfx);
    if (gpr_in_reg) r = 64 | (w << 3) | ((gpr >> 3) << 2);
    else r = 64 | (w << 3) | (gpr >> 3);
    if (r != 64) ob(r);
    ob(0x0F); ob(opc);
    if (gpr_in_reg) x_modrm(3, gpr, xmm); else x_modrm(3, xmm, gpr);
    return 0;
}
int x_ssex(int pfx, int opc, int xd, int xs, int imm) {
    if (pfx) ob(pfx);
    ob(0x0F); ob(opc); x_modrm(3, xd, xs);
    if (imm >= 0) ob(imm);
    return 0;
}
int x_movqx(int x, int g) { return x_sseg(0x66, 0x6E, x, g, 1, 0); }
int x_movqg(int g, int x) { return x_sseg(0x66, 0x7E, x, g, 1, 0); }
int x_movdx(int x, int g) { return x_sseg(0x66, 0x6E, x, g, 0, 0); }
int x_movdg(int g, int x) { return x_sseg(0x66, 0x7E, x, g, 0, 0); }
int x_and1(int g) { x_rex(1, 0, 0, g >> 3); ob(0x83); x_modrm(3, 4, g); ob(1); return 0; }
int x_u2f(int ra, int dbl) {
    int pfx; int bigstart; int bigl; char save[64]; int k; int s;
    pfx = dbl ? 0xF2 : 0xF3;
    x_rex(1, ra >> 3, 0, ra >> 3); ob(0x85); x_modrm(3, ra, ra);     /* test */
    /* js over small (cvtsi2s + jmp) -- sizes are fixed: sse_g with REX.W = 5, jmp = 2 */
    ob(0x78); ob(5 + 2);
    x_sseg(pfx, 0x2A, 0, ra, 1, 0);
    s = bkol;
    ob(0xEB); ob(0);                                  /* patched below */
    bigstart = bkol;
    x_movrr(X_R11, ra); x_rex(1, 0, 0, 1); ob(0xD1); x_modrm(3, 5, 11);
    x_movrr(X_RBX, ra); x_and1(X_RBX); x_alu(0x09, X_R11, X_RBX);
    x_sseg(pfx, 0x2A, 0, X_R11, 1, 0); x_ssex(pfx, 0x58, 0, 0, 0 - 1);
    bigl = bkol - bigstart;
    bkout[s + 1] = bigl;
    return 0;
}
int x_fp(char *o, long *a) {
    int dbl; int pfx; int fa; int fc; int L;
    fa = 0; fc = 0 - 1;
    if (o[0] == 102 && o[1] == 97) fa = 0x58;
    if (o[0] == 102 && o[1] == 115 && o[2] == 117) fa = 0x5C;
    if (o[0] == 102 && o[1] == 109) fa = 0x59;
    if (o[0] == 102 && o[1] == 100) fa = 0x5E;
    if (o[0] == 102 && o[1] == 101) fc = 0;
    if (o[0] == 102 && o[1] == 108 && o[2] == 116) fc = 1;
    if (o[0] == 102 && o[1] == 108 && o[2] == 101) fc = 2;
    L = 0; while (o[L]) L = L + 1;
    dbl = L >= 2 && o[L - 2] == 54 && o[L - 1] == 52;
    if (fa || fc >= 0) {
        pfx = dbl ? 0xF2 : 0xF3;
        if (dbl) { x_movqx(0, a[1]); x_movqx(1, a[2]); } else { x_movdx(0, a[1]); x_movdx(1, a[2]); }
        if (fa) { x_ssex(pfx, fa, 0, 1, 0 - 1); if (dbl) x_movqg(a[0], 0); else x_movdg(a[0], 0); return 1; }
        x_ssex(pfx, 0xC2, 0, 1, fc);
        if (dbl) x_movqg(a[0], 0); else x_movdg(a[0], 0);
        x_and1(a[0]);
        return 1;
    }
    if (bk_str_is(o, "cvtid")) { x_sseg(0xF2, 0x2A, 0, a[1], 1, 0); x_movqg(a[0], 0); return 1; }
    if (bk_str_is(o, "cvtis")) { x_sseg(0xF3, 0x2A, 0, a[1], 1, 0); x_movdg(a[0], 0); return 1; }
    if (bk_str_is(o, "cvtud")) { x_u2f(a[1], 1); x_movqg(a[0], 0); return 1; }
    if (bk_str_is(o, "cvtus")) { x_u2f(a[1], 0); x_movdg(a[0], 0); return 1; }
    if (bk_str_is(o, "cvtdi")) { x_movqx(0, a[1]); x_sseg(0xF2, 0x2C, 0, a[0], 1, 1); return 1; }
    if (bk_str_is(o, "cvtdu")) {
        int s; int bigstart;
        x_movqx(0, a[1]); x_movri(X_R11, 0x43E0000000000000); x_movqx(1, X_R11);
        x_ssex(0x66, 0x2E, 0, 1, 0 - 1);                                /* ucomisd */
        s = bkol; ob(0x73); ob(0);                                       /* jae big */
        x_sseg(0xF2, 0x2C, 0, a[0], 1, 1);
        ob(0xEB); ob(0);
        bigstart = bkol;
        bkout[s + 1] = bigstart - (s + 2);
        x_ssex(0xF2, 0x5C, 0, 1, 0 - 1); x_sseg(0xF2, 0x2C, 0, a[0], 1, 1);
        x_movri(X_R11, (unsigned long)1 << 63); x_alu(0x31, a[0], X_R11);
        bkout[bigstart - 1] = bkol - bigstart;
        return 1;
    }
    if (bk_str_is(o, "cvtsd")) { x_movdx(0, a[1]); x_ssex(0xF3, 0x5A, 0, 0, 0 - 1); x_movqg(a[0], 0); return 1; }
    if (bk_str_is(o, "cvtds")) { x_movqx(0, a[1]); x_ssex(0xF2, 0x5A, 0, 0, 0 - 1); x_movdg(a[0], 0); return 1; }
    if (bk_str_is(o, "fsqrt64")) { x_movqx(0, a[1]); x_ssex(0xF2, 0x51, 0, 0, 0 - 1); x_movqg(a[0], 0); return 1; }
    if (bk_str_is(o, "fsqrt32")) { x_movdx(0, a[1]); x_ssex(0xF3, 0x51, 0, 0, 0 - 1); x_movdg(a[0], 0); return 1; }
    return 0;
}
/* x86's two-operand ALU: dst = s1 op s2 via mov dst,s1 -- unless dst IS s2 */
int x_alias(int d, int s1, int s2) {
    if (d == s1) return s2;
    if (s2 == d) { x_movrr(X_R11, s2); return X_R11; }
    return s2;
}

int bk_x86(int i, long off) {
    int op; long *a; char *o; long pc; int s2; int k;
    op = tkop[i]; a = tka + i * 4;
    pc = bk_textva + off;
    if (op == TO_SETREG) {
        if (a[3] == SK_IMM) { x_movri(a[0], a[1]); return 1; }
        if (a[3] == SK_REG) { x_movrr(a[0], a[1]); return 1; }
        if (a[3] == SK_ADDR) { x_rip(0x8D, a[0], pc + 7, a[1] + bk_shift); return 1; }
        x_rip(0x8B, a[0], pc + 7, a[1] + bk_shift);
        return 1;
    }
    if (op == TO_SETMEM) { x_rip(0x89, a[1], pc + 7, a[0] + bk_shift); return 1; }
    if (op == TO_ITOA) { x_itoa(pc, a[0] + bk_shift, a[1] + bk_shift, a[2] + bk_shift); return 1; }
    if (op == TO_ARGSAVE) {
        int s; s = bkol;
        if (a[2] == 0) {                /* Darwin: dyld calls us, rdi/rsi */
            x_rip(0x89, 7, pc + 7, a[0] + bk_shift);
            x_rip(0x89, 6, pc + 14, a[1] + bk_shift);
            return 1;
        }
        x_rex(1, 0, 0, 0); ob(0x8B); x_modrm(0, 0, 4); ob(0x24);
        x_rip(0x89, X_RAX, pc + (bkol - s) + 7, a[0] + bk_shift);
        x_rex(1, 0, 0, 0); ob(0x8D); x_modrm(1, 0, 4); ob(0x24); ob(0x08);
        x_rip(0x89, X_RAX, pc + (bkol - s) + 7, a[1] + bk_shift);
        return 1;
    }
    if (op == TO_ARGVGET) {
        int t;
        x_rip(0x8B, X_R11, pc + 7, a[2] + bk_shift);
        t = a[1];
        x_rex(1, 1, t >> 3, 1); ob(0x8B); x_modrm(0, 11, 4); ob(0xC3 | ((t & 7) << 3));
        x_movrr(a[0], X_R11);
        return 1;
    }
    if (op == TO_SPINIT) {
        if (a[1] >= 0) { x_rip(0x8D, a[0], pc + 7, a[1] + bk_shift); return 1; }
        x_movrr(a[0], X_RSP);
        return 1;
    }
    if (op == TO_WINSAVE) {
        x_rip(0x8D, X_R11, pc + 7, a[0] + bk_shift);
        k = 0; while (k < 8) { x_mem(0x89, 0 - 1, bk_rmap[k], X_R11, 8 * k, 1); k = k + 1; }
        return 1;
    }
    if (op == TO_WINREST) {
        int s; s = bkol;
        x_movrr(X_R11, X_RAX);
        x_rip(0x8D, X_RBX, pc + (bkol - s) + 7, a[0] + bk_shift);
        k = 1; while (k < 8) { x_mem(0x8B, 0 - 1, bk_rmap[k], X_RBX, 8 * k, 1); k = k + 1; }
        x_movrr(a[1], X_R11);
        return 1;
    }
    if (op == TO_WINARGS) {
        int s; s = bkol;
        x_alignpre(0);
        x_callimp(pc + (bkol - s), 6);
        x_alignpost();
        ob(0x48); ob(0x89); ob(0xC6); ob(0x48); ob(0x89); ob(0xC7); ob(0x31); ob(0xC9);
        x_rip(0x8D, 8, pc + (bkol - s) + 7, a[2] + bk_shift);
        k = 0; while (k < 93) { ob(BK_WA_X86[k] & 255); k = k + 1; }
        x_rip(0x89, 1, pc + (bkol - s) + 7, a[0] + bk_shift);
        x_rip(0x89, 8, pc + (bkol - s) + 7, a[1] + bk_shift);
        return 1;
    }
    if (op == TO_WINSTDH) {
        int s; s = bkol;
        k = 0;
        while (k < 3) {
            x_movri(X_RCX, (0 - 10 - k) & 0xFFFFFFFFFFFFFFFF);
            x_alignpre(0);
            x_callimp(pc + (bkol - s), 0);
            x_alignpost();
            x_rip(0x8D, X_R11, pc + (bkol - s) + 7, a[0] + bk_shift);
            x_mem(0x89, 0 - 1, X_RAX, X_R11, 8 * k, 1);
            k = k + 1;
        }
        return 1;
    }
    if (op == TO_GATE) {
        if (bk_str_is(bk_nth(BH_ENC_Y, tkg_form[i]), "winapi")) return x_winapi(i, off);
        ob(0x0F); ob(0x05);
        /* Darwin: CF set means failure, rax holds errno -- `jnc +3` over
           `neg rax` [I-20] */
        if (bkos == 1) { ob(0x73); ob(0x03); ob(0x48); ob(0xF7); ob(0xD8); }
        return 1;
    }
    o = bk_nth(BKOPS, op);
    if (bk_str_is(o, "mov")) { x_movrr(a[0], a[1]); return 1; }
    if (bk_str_is(o, "imm")) { x_movri(a[0], a[1]); return 1; }
    {   int alu; alu = 0 - 1;
        if (bk_str_is(o, "add64")) alu = 0x01;
        if (bk_str_is(o, "sub64")) alu = 0x29;
        if (bk_str_is(o, "xor64")) alu = 0x31;
        if (bk_str_is(o, "and64")) alu = 0x21;
        if (bk_str_is(o, "or64")) alu = 0x09;
        if (alu >= 0) {
            s2 = x_alias(a[0], a[1], a[2]);
            if (a[0] != a[1]) x_movrr(a[0], a[1]);
            x_alu(alu, a[0], s2);
            return 1;
        }
    }
    if (bk_str_is(o, "shl64") || bk_str_is(o, "shr64") || bk_str_is(o, "lshr64")) {
        x_movrr(X_R11, a[1]); x_movrr(X_RBX, a[2]);
        x_spadj(8, 5); x_mem(0x89, 0 - 1, X_RCX, X_R10, 0, 1);
        x_movrr(X_RCX, X_RBX);
        x_rex(1, 0, 0, 1); ob(0xD3);
        x_modrm(3, bk_str_is(o, "shl64") ? 4 : (bk_str_is(o, "shr64") ? 7 : 5), X_R11);
        x_mem(0x8B, 0 - 1, X_RCX, X_R10, 0, 1); x_spadj(8, 0);
        x_movrr(a[0], X_R11);
        return 1;
    }
    if (bk_str_is(o, "mul64")) {
        s2 = x_alias(a[0], a[1], a[2]);
        if (a[0] != a[1]) x_movrr(a[0], a[1]);
        x_rex(1, a[0] >> 3, 0, s2 >> 3); ob(0x0F); ob(0xAF); x_modrm(3, a[0], s2);
        return 1;
    }
    if (bk_str_is(o, "load64")) { x_load(a[0], a[1], a[2], 8); return 1; }
    if (bk_str_is(o, "store64")) { x_store(a[2], a[0], a[1], 8); return 1; }
    {   int cc; cc = 0 - 1;
        if (bk_str_is(o, "slt64")) cc = 0x9C;
        if (bk_str_is(o, "sle64")) cc = 0x9E;
        if (bk_str_is(o, "eq")) cc = 0x94;
        if (bk_str_is(o, "ne")) cc = 0x95;
        if (bk_str_is(o, "ult64")) cc = 0x92;
        if (bk_str_is(o, "ule64")) cc = 0x96;
        if (cc >= 0) { x_cmpset(cc, a[0], a[1], a[2]); return 1; }
    }
    if (bk_str_is(o, ".frame")) {
        long n; n = a[0];
        x_aluimm(X_R10, n >= 0 ? 5 : 0, n >= 0 ? n : 0 - n);
        return 1;
    }
    if (bk_str_is(o, ".lea")) { x_rip(0x8D, a[0], pc + 7, bk_leaaddr(i)); return 1; }
    if (bk_str_is(o, ".ld")) { x_load(a[0], a[1], a[2], a[3]); return 1; }
    if (bk_str_is(o, ".st")) { x_store(a[2], a[0], a[1], a[3]); return 1; }
    if (x_fp(o, a)) return 1;
    if (bk_str_is(o, ".zero")) {
        long kk; int wd;
        ob(0x4D); ob(0x31); ob(0xDB);
        kk = 0;
        while (kk < a[2]) {
            wd = 8; while (kk + wd > a[2]) wd = wd / 2;
            x_store(X_R11, a[0], a[1] + kk, wd);
            kk = kk + wd;
        }
        return 1;
    }
    if (bk_str_is(o, "callr")) {
        x_rip(0x8D, X_R11, pc + 7, pc + 17);
        x_aluimm(X_R10, 5, 8);
        x_rex(1, 1, 0, 1); ob(0x89); x_modrm(0, 11, 10);
        x_rex(0, 0, 0, a[0] >> 3); ob(0xFF); x_modrm(3, 4, a[0]);
        return 1;
    }
    if (bk_str_is(o, ".div") || bk_str_is(o, ".mod") || bk_str_is(o, ".udiv") || bk_str_is(o, ".umod")) {
        x_spadj(16, 5);
        x_mem(0x89, 0 - 1, X_RAX, X_R10, 0, 1);
        x_mem(0x89, 0 - 1, X_RDX, X_R10, 8, 1);
        x_movrr(X_R11, a[2]);
        x_movrr(X_RAX, a[1]);
        if (o[1] == 117) {                            /* .udiv .umod */
            x_rex(1, 0, 0, 0); ob(0x31); x_modrm(3, 2, 2);
            x_rex(1, 0, 0, 1); ob(0xF7); x_modrm(3, 6, 11);
        } else {
            ob(0x48); ob(0x99);
            x_rex(1, 0, 0, 1); ob(0xF7); x_modrm(3, 7, 11);
        }
        x_movrr(X_R11, (bk_str_is(o, ".div") || bk_str_is(o, ".udiv")) ? X_RAX : X_RDX);
        x_mem(0x8B, 0 - 1, X_RAX, X_R10, 0, 1);
        x_mem(0x8B, 0 - 1, X_RDX, X_R10, 8, 1);
        x_spadj(16, 0);
        x_movrr(a[0], X_R11);
        return 1;
    }
    if (bk_str_is(o, "ret")) {
        x_rex(1, 1, 0, 1); ob(0x8B); x_modrm(0, 11, 10);
        x_aluimm(X_R10, 0, 8);
        x_rex(0, 0, 0, 1); ob(0xFF); x_modrm(3, 4, 11);
        return 1;
    }
    if (bk_str_is(o, "nop")) { ob(0x90); return 1; }
    if (bk_str_is(o, "jump")) {
        tjk[i] = 2; tjt[i] = a[0];
        if (tshort[i]) { ob(0xEB); x_rel8(bk_label(a[0]) - (off + 2)); return 1; }
        ob(0xE9); x_rel(i, bk_label(a[0]) - (off + 5)); return 1;
    }
    if (bk_str_is(o, "call")) {
        x_rip(0x8D, X_R11, pc + 7, pc + 19);
        x_aluimm(X_R10, 5, 8);
        x_rex(1, 1, 0, 1); ob(0x89); x_modrm(0, 11, 10);
        ob(0xE9); x_rel(i, bk_label(a[0]) - (off + 19));
        return 1;
    }
    if (bk_str_is(o, "jumpz")) {
        int r; r = a[0];
        x_rex(1, r >> 3, 0, r >> 3); ob(0x85); x_modrm(3, r, r);
        tjk[i] = 3 + 2; tjt[i] = a[1];
        if (tshort[i]) { ob(0x74); x_rel8(bk_label(a[1]) - (off + 3 + 2)); return 1; }
        ob(0x0F); ob(0x84); x_rel(i, bk_label(a[1]) - (off + 3 + 6));
        return 1;
    }
    return 0;
}

/* ---- the assembler: assemble.py ---------------------------------------- */
char bktext[BK_MAXTEXT]; long bktlen;
char bkscr[8192];
long bk_datava; long bk_entry;
int bk_enc(int i, long off) { if (bkarch) return bk_arm(i, off); return bk_x86(i, off); }
long bk_round(long v, long a) { return (v + a - 1) / a * a; }

/* Windows' import section layout (pe._idata) -- the same arithmetic */
char *BK_IMPS = "GetStdHandle\000WriteFile\000ReadFile\000CloseHandle\000CreateFileA\000ExitProcess\000GetCommandLineA\000VirtualAlloc\000VirtualProtect\000VirtualFree\000FlushInstructionCache\000";
long bk_idata_len; long bk_iat_off; long bk_cfg_off;
int bk_idata_layout(void) {
    long off; int k; int L; char *e;
    off = 40 + (BK_NIMP + 1) * 8 * 2;               /* desc + ILT + IAT */
    k = 0;
    while (k < BK_NIMP) {
        e = bk_nth(BK_IMPS, k); L = 0; while (e[L]) L = L + 1;
        L = 2 + L + 1; if (L % 2) L = L + 1;
        off = off + L; k = k + 1;
    }
    off = off + 13;                                  /* KERNEL32.dll and its NUL */
    off = (off + 7) / 8 * 8;
    bk_cfg_off = off; bk_iat_off = 40 + (BK_NIMP + 1) * 8;   /* after the ILT */
    bk_idata_len = off + 320;                        /* LOADCFG 0x140 */
    return 0;
}
long bk_macho_hdrs(void) { return 32 + (72 + 152 + 232 + 72 + 32 + 56 + 24 + 24 + 48 + 24 + 80 + 16) + 156; }

int bk_assemble(void) {
    long off; int i; int ok; int id;
    bk_sizing = 1; bk_textva = 0; bk_shift = 0;
    i = 0;
    while (i < tkn) { tshort[i] = 0; tfit[i] = 0; tjk[i] = 0; i = i + 1; }
    /* every size once, long forms */
    i = 0;
    while (i < tkn) {
        bkout = bkscr; bkol = 0;
        ok = bk_enc(i, 0);
        if (ok) tsz[i] = bkol; else tsz[i] = bkarch ? 4 : 2;
        i = i + 1;
    }
    /* rounds: lay out, mark every branch whose short form reaches, repeat */
    while (1) {
        int nfit; long d; int t;
        off = 0; i = 0;
        while (i < tkn) { toff[i] = off; off = off + tsz[i]; i = i + 1; }
        toff[tkn] = off;
        nfit = 0; i = 0;
        while (i < tkn) {
            if (tjk[i]) { if (tshort[i] == 0) {
                t = bklab_tpc[tjt[i]];
                d = (t < 0 ? 0 : toff[t]) - (toff[i] + tjk[i]);
                if (d >= 0 - 128 && d <= 127) { tfit[i] = 1; nfit = nfit + 1; }
            } }
            i = i + 1;
        }
        if (nfit == 0) break;
        i = 0;
        while (i < tkn) {
            if (tfit[i]) { tshort[i] = 1; tfit[i] = 0; tsz[i] = tjk[i]; }
            i = i + 1;
        }
    }
    bktlen = off;
    /* image.layout: where text and data land, known before encoding */
    bk_idata_layout();
    if (bk_runmode) {
        /* two mappings: text goes read-execute once it is written, data
           stays writable, so nothing is ever both [macOS forbids W^X] */
        /* room for the import slots at the end of the text: they must be
           within reach of a rip-relative call, and read-only suits them */
        bk_runtsz = bk_round((bktlen > 1 ? bktlen : 1) + 128, 16384);
        bk_rundsz = bk_round(bkdlen + 65536, 16384);
#ifdef _WIN32
        /* ONE region, PAGE_EXECUTE_READWRITE: the gate calls its imports
           rip-relative, and two separate allocations can land more than
           2 GB apart -- which is an access violation, not a bad call. */
        bk_runtext = __mmap(0, bk_runtsz + bk_rundsz, 0x3000, 4, 0, 0);
        bk_rundata = bk_runtext + bk_runtsz;
        {   long tbl; int q;
            tbl = bk_runtext + bk_runtsz - 8 * 16;   /* the import slots */
            q = 0;
            while (q < BK_NIMP) {
                char *c; long v; int b;
                c = (char *)(tbl + 8 * q); v = bk_impval[q]; b = 0;
                while (b < 8) { c[b] = (v >> (8 * b)) & 255; b = b + 1; }
                bk_imp[q] = tbl + 8 * q;
                q = q + 1;
            }
        }
#else
        bk_runtext = __mmap(0, bk_runtsz, 3, BK_MAP_ANON, 0 - 1, 0);
        bk_rundata = __mmap(0, bk_rundsz, 3, BK_MAP_ANON, 0 - 1, 0);
#endif
        if (bk_runtext == 0 - 1 || bk_rundata == 0 - 1 ||
            bk_runtext == 0 || bk_rundata == 0) {
            __write(2, "run: cannot map memory\n", 23); __exit(1);
        }
        bk_textva = bk_runtext;
        bk_datava = bk_rundata;
    } else { if (bkos == 1) {
        long h; h = bk_macho_hdrs();
        bk_textva = 4294967296 + h;
        bk_datava = 4294967296 + bk_round(h + bktlen, 16384);
    } else { if (bkos == 0) {
        bk_textva = 4194304 + 176;
        bk_datava = 4194304 + bk_round(176 + bktlen, 4096);
    } else {
        long rd;
        bk_textva = 5368709120 + 4096;
        rd = 4096 + bk_round(bktlen, 4096);
        bk_datava = 5368709120 + rd + bk_round(bk_idata_len, 4096);
        i = 0; while (i < BK_NIMP) { bk_imp[i] = 5368709120 + rd + bk_iat_off + 8 * i; i = i + 1; }
    } } }
    bk_shift = bk_datava - BK_DATA_BASE;
    bk_sizing = 0;
    bkout = bktext; bkol = 0;
    i = 0;
    while (i < tkn) {
        int st; st = bkol;
        ok = bk_enc(i, toff[i]);
        if (ok == 0) {                               /* no encoding: brk / ud2 */
            bkol = st;
            if (bkarch) ow(0xD4200000); else { ob(0x0F); ob(0x0B); }
        }
        i = i + 1;
    }
    if (bkol != bktlen) { __write(2, "back end: sizes moved between passes\n", 37); __exit(1); }
    id = bk_find("_start", 6);
    bk_entry = 0; if (id >= 0) bk_entry = bk_label(id);
    return 0;
}

/* ---- the image, streamed to fd 1 ------------------------------------- */
char bkwb[65536]; int bkwn; long bkwtot;

/* ---- SHA-256, for the Mach-O ad-hoc signature [I-19] -------------------
   Only what a signature needs: feed the image's bytes through, take a digest
   every 4 KB page.  Everything is masked to 32 bits by hand -- this subset
   has no uint32_t arithmetic of its own. */
long SHA_K[64] = {
    1116352408, 1899447441, 3049323471, 3921009573,
    961987163, 1508970993, 2453635748, 2870763221,
    3624381080, 310598401, 607225278, 1426881987,
    1925078388, 2162078206, 2614888103, 3248222580,
    3835390401, 4022224774, 264347078, 604807628,
    770255983, 1249150122, 1555081692, 1996064986,
    2554220882, 2821834349, 2952996808, 3210313671,
    3336571891, 3584528711, 113926993, 338241895,
    666307205, 773529912, 1294757372, 1396182291,
    1695183700, 1986661051, 2177026350, 2456956037,
    2730485921, 2820302411, 3259730800, 3345764771,
    3516065817, 3600352804, 4094571909, 275423344,
    430227734, 506948616, 659060556, 883997877,
    958139571, 1322822218, 1537002063, 1747873779,
    1955562222, 2024104815, 2227730452, 2361852424,
    2428436474, 2756734187, 3204031479, 3329325298
};
long sha_h[8]; char sha_blk[64]; int sha_bn; long sha_tot;

long sh_rr(long x, int n) {          /* rotate right, 32-bit */
    return ((x >> n) | (x << (32 - n))) & 4294967295;
}

int sha_init(void) {
    sha_h[0] = 1779033703; sha_h[1] = 3144134277; sha_h[2] = 1013904242;
    sha_h[3] = 2773480762; sha_h[4] = 1359893119; sha_h[5] = 2600822924;
    sha_h[6] = 528734635; sha_h[7] = 1541459225;
    sha_bn = 0; sha_tot = 0;
    return 0;
}

int sha_block(char *p) {
    long w[64]; long a; long b; long c; long d; long e; long f; long g; long h;
    long s0; long s1; long ch; long maj; long t1; long t2;
    int i;
    i = 0;
    while (i < 16) {
        /* through longs: a byte over 127 shifted left 24 overflows a 32-bit
           int, and the reference compiler's int IS 32 bits */
        long b0; long b1; long b2; long b3;
        b0 = p[i * 4] & 255; b1 = p[i * 4 + 1] & 255;
        b2 = p[i * 4 + 2] & 255; b3 = p[i * 4 + 3] & 255;
        w[i] = (b0 << 24) | (b1 << 16) | (b2 << 8) | b3;
        i = i + 1;
    }
    while (i < 64) {
        s0 = sh_rr(w[i - 15], 7) ^ sh_rr(w[i - 15], 18) ^ (w[i - 15] >> 3);
        s1 = sh_rr(w[i - 2], 17) ^ sh_rr(w[i - 2], 19) ^ (w[i - 2] >> 10);
        w[i] = (w[i - 16] + s0 + w[i - 7] + s1) & 4294967295;
        i = i + 1;
    }
    a = sha_h[0]; b = sha_h[1]; c = sha_h[2]; d = sha_h[3];
    e = sha_h[4]; f = sha_h[5]; g = sha_h[6]; h = sha_h[7];
    i = 0;
    while (i < 64) {
        s1 = sh_rr(e, 6) ^ sh_rr(e, 11) ^ sh_rr(e, 25);
        ch = (e & f) ^ ((e ^ 4294967295) & g);
        t1 = (h + s1 + ch + SHA_K[i] + w[i]) & 4294967295;
        s0 = sh_rr(a, 2) ^ sh_rr(a, 13) ^ sh_rr(a, 22);
        maj = (a & b) ^ (a & c) ^ (b & c);
        t2 = (s0 + maj) & 4294967295;
        h = g; g = f; f = e; e = (d + t1) & 4294967295;
        d = c; c = b; b = a; a = (t1 + t2) & 4294967295;
        i = i + 1;
    }
    sha_h[0] = (sha_h[0] + a) & 4294967295; sha_h[1] = (sha_h[1] + b) & 4294967295;
    sha_h[2] = (sha_h[2] + c) & 4294967295; sha_h[3] = (sha_h[3] + d) & 4294967295;
    sha_h[4] = (sha_h[4] + e) & 4294967295; sha_h[5] = (sha_h[5] + f) & 4294967295;
    sha_h[6] = (sha_h[6] + g) & 4294967295; sha_h[7] = (sha_h[7] + h) & 4294967295;
    return 0;
}

int sha_byte(int v) {
    sha_blk[sha_bn] = v; sha_bn = sha_bn + 1; sha_tot = sha_tot + 1;
    if (sha_bn == 64) { sha_block(sha_blk); sha_bn = 0; }
    return 0;
}

int sha_final(char *out) {            /* 32 bytes */
    long bits; int i;
    bits = sha_tot * 8;
    sha_byte(128);
    while (sha_bn != 56) sha_byte(0);
    i = 7;
    while (i >= 0) { sha_byte((bits >> (8 * i)) & 255); i = i - 1; }
    i = 0;
    while (i < 8) {
        out[i * 4] = (sha_h[i] >> 24) & 255; out[i * 4 + 1] = (sha_h[i] >> 16) & 255;
        out[i * 4 + 2] = (sha_h[i] >> 8) & 255; out[i * 4 + 3] = sha_h[i] & 255;
        i = i + 1;
    }
    return 0;
}

int wflush(void) { if (bkwn) __write(bkfd, bkwb, bkwn); bkwn = 0; return 0; }
/* while signing, every byte written also goes through SHA-256, and each
   4 KB page's digest is kept: the signature is the last thing in the file,
   so it can be written from these once the rest is out [I-19] */
#define BK_MAXPAGE 8192
int bk_sign; int bk_npage; int bk_pagen; char bk_hashes[BK_MAXPAGE * 32];

int wb(int b) {
    bkwb[bkwn] = b; bkwn = bkwn + 1; bkwtot = bkwtot + 1;
    if (bk_sign) {
        sha_byte(b & 255);
        bk_pagen = bk_pagen + 1;
        if (bk_pagen == 4096) {
            if (bk_npage >= BK_MAXPAGE) { __write(2, "sign: image too large\n", 22); __exit(1); }
            sha_final(bk_hashes + bk_npage * 32);
            bk_npage = bk_npage + 1; bk_pagen = 0; sha_init();
        }
    }
    if (bkwn == 65536) wflush();
    return 0;
}

int bk_sign_end(void) {               /* the partial last page, if any */
    if (bk_pagen > 0) {
        if (bk_npage >= BK_MAXPAGE) { __write(2, "sign: image too large\n", 22); __exit(1); }
        sha_final(bk_hashes + bk_npage * 32);
        bk_npage = bk_npage + 1; bk_pagen = 0;
    }
    bk_sign = 0;
    return 0;
}

/* big-endian, for the signature blob (everything else here is little) */
int wb32(long v) { wb((v >> 24) & 255); wb((v >> 16) & 255); wb((v >> 8) & 255); wb(v & 255); return 0; }
int wb64(long v) { wb32((v >> 32) & 4294967295); wb32(v & 4294967295); return 0; }
int wz(long n) { while (n > 0) { wb(0); n = n - 1; } return 0; }
int w16(long v) { wb(v & 255); wb((v >> 8) & 255); return 0; }
int w32(long v) { w16(v & 65535); w16((v >> 16) & 65535); return 0; }
int w64(long v) { w32(v & 4294967295); w32((v >> 32) & 4294967295); return 0; }
int wname(char *s, int n) {                       /* s padded with NULs to n */
    int k; k = 0;
    while (s[k] && k < n) { wb(s[k]); k = k + 1; }
    while (k < n) { wb(0); k = k + 1; }
    return 0;
}
int wtext(void) { long k; k = 0; while (k < bktlen) { wb(bktext[k]); k = k + 1; } return 0; }
/* the data, in address order: stored runs and zero runs interleave */
int wdata(long lim) {                /* the data's first lim bytes */
    int a; int z; long p; long k;
    a = 0; z = 0; p = 0;
    while (p < lim) {
        if (a < bknd && bkd_at[a] == p) {
            k = 0; while (k < bkd_len[a] && p + k < lim) { wb(bkdata[bkd_off[a] + k]); k = k + 1; }
            p = p + bkd_len[a]; a = a + 1; continue;
        }
        if (z < bknz && bkz_at[z] == p) {
            k = bkz_len[z]; if (p + k > lim) k = lim - p;
            wz(k); p = p + bkz_len[z]; z = z + 1; continue;
        }
        __write(2, "back end: data gap\n", 19); __exit(1);
    }
    return 0;
}

int bk_elf(void) {
    long tend; long doff; long L;
    L = bk_nzlen();
    tend = 176 + bktlen;
    doff = bk_round(tend, 4096);
    wb(127); wb(69); wb(76); wb(70); wb(2); wb(1); wb(1); wb(0); wz(8);
    w16(2); w16(bkarch ? 183 : 62); w32(1);
    w64(4194304 + 176 + bk_entry); w64(64); w64(0);
    w32(0); w16(64); w16(56); w16(2); w16(0); w16(0); w16(0);
    w32(1); w32(5); w64(0); w64(4194304); w64(4194304); w64(tend); w64(tend); w64(4096);
    w32(1); w32(6); w64(doff); w64(4194304 + doff); w64(4194304 + doff); w64(L); w64(bkdlen); w64(4096);
    wtext(); wz(doff - tend); wdata(L);
    return 0;
}

int bk_seg(char *name, long vmaddr, long vmsize, long fileoff, long filesize, int maxp, int initp, int nsects) {
    w32(25); w32(72 + 80 * nsects); wname(name, 16);
    w64(vmaddr); w64(vmsize); w64(fileoff); w64(filesize);
    w32(maxp); w32(initp); w32(nsects); w32(0);
    return 0;
}
int bk_sect(char *sect, char *seg, long addr, long size, long off, long flags) {
    wname(sect, 16); wname(seg, 16); w64(addr); w64(size);
    w32(off); w32(2); w32(0); w32(0); w32(flags); w32(0); w32(0); w32(0);
    return 0;
}
int bk_macho(void) {
    long hdrs; long textsz; long datasz; long datavm; long link; long v; long L;
    long sigoff; long siglen; long linksz; long slots; long cdlen; int i;
    hdrs = bk_macho_hdrs();
    L = bk_nzlen();
    textsz = bk_round(hdrs + bktlen, 16384);
    datavm = bk_round(bkdlen > 1 ? bkdlen : 1, 16384);   /* mapped */
    datasz = bk_round(L, 16384);                         /* stored */
    link = textsz + datasz;
    v = 4294967296;
    w32(0xFEEDFACF); w32(bkarch ? 0x0100000C : 0x01000007); w32(bkarch ? 0 : 3);
    w32(2); w32(12); w32(hdrs - 32 - 156); w32(0x200085); w32(0);
    bk_seg("__PAGEZERO", 0, v, 0, 0, 0, 0, 0);
    bk_seg("__TEXT", v, textsz, 0, textsz, 5, 5, 1);
    bk_sect("__text", "__TEXT", v + hdrs, bktlen, hdrs, 0x80000400);
    bk_seg("__DATA", v + textsz, datavm, textsz, datasz, 3, 3, 2);
    bk_sect("__data", "__DATA", v + textsz, L, textsz, 0);
    bk_sect("__bss", "__DATA", v + textsz + L, bkdlen - L, 0, 1);      /* S_ZEROFILL */
    /* __LINKEDIT holds the string table, then the ad-hoc signature */
    sigoff = (link + 8 + 15) / 16 * 16;
    slots = (sigoff + 4095) / 4096;
    cdlen = 88 + 6;                                  /* fixed part + "unisa\0" */
    siglen = 12 + 8 + cdlen + 32 * slots;
    linksz = sigoff - link + siglen;
    bk_seg("__LINKEDIT", v + textsz + datavm, bk_round(linksz, 16384), link, linksz, 1, 1, 0);
    w32(0xE); w32(32); w32(12); wname("/usr/lib/dyld", 20);
    w32(0xC); w32(56); w32(24); w32(0); w32(0x10000); w32(0x10000); wname("/usr/lib/libSystem.B.dylib", 32);
    w32(0x80000028); w32(24); w64(hdrs + bk_entry); w64(0);
    w32(0x32); w32(24); w32(1); w32(13 << 16); w32(13 << 16); w32(0);
    w32(0x80000022); w32(48); wz(40);
    w32(2); w32(24); w32(link); w32(0); w32(link); w32(8);
    w32(0xB); w32(80); wz(72);
    w32(0x1D); w32(16); w32(sigoff); w32(siglen);    /* LC_CODE_SIGNATURE */
    wz(156);
    wtext(); wz(textsz - hdrs - bktlen);
    wdata(L); wz(link - textsz - L);
    wz(8);
    wz(sigoff - bkwtot);
    /* the hashes cover everything written so far -- this header included */
    bk_sign_end();
    wb32(0xFADE0CC0); wb32(12 + 8 + cdlen + 32 * slots); wb32(1);   /* SuperBlob */
    wb32(0); wb32(20);                                              /* slot 0 */
    wb32(0xFADE0C02); wb32(cdlen + 32 * slots); wb32(0x20400); wb32(2);
    wb32(cdlen); wb32(88); wb32(0); wb32(slots); wb32(sigoff);
    wb(32); wb(2); wb(0); wb(12); wb32(0);
    wb32(0); wb32(0); wb32(0); wb64(0);
    wb64(0); wb64(textsz); wb64(1);
    wb(117); wb(110); wb(105); wb(115); wb(97); wb(0);              /* "unisa" */
    i = 0;
    while (i < slots * 32) { wb(bk_hashes[i] & 255); i = i + 1; }
    return 0;
}

int bk_pesect(char *name, long rva, long vsize, long foff, long fsize, long flags) {
    wname(name, 8); w32(vsize); w32(rva); w32(bk_round(fsize, 512)); w32(foff);
    w32(0); w32(0); w16(0); w16(0); w32(flags);
    return 0;
}
int bk_pe(void) {
    long rd_rva; long dt_rva; long cookie_rva; long rd_file; long dt_file; long dlen2;
    long dvs; long rl_rva; long rl_file; long img; long reloc_rva; long page; long k;
    long nmrva[BK_NIMP]; long off; long dllrva; int j; int L; char *e; long cfgstart; long nzl; long raw;
    rd_rva = 4096 + bk_round(bktlen, 4096);
    dt_rva = rd_rva + bk_round(bk_idata_len, 4096);
    cookie_rva = dt_rva + bk_round(bkdlen > 1 ? bkdlen : 1, 8);
    rd_file = 1024 + bk_round(bktlen, 512);
    dt_file = rd_file + bk_round(bk_idata_len, 512);
    dlen2 = bk_round(bkdlen > 1 ? bkdlen : 1, 8) + 8;
    dvs = dlen2 + bk_bss;
    /* stored: up to the last nonzero byte; the rest and the cookie are zero-filled */
    nzl = bk_nzlen(); raw = bk_round(nzl > 1 ? nzl : 1, 8);
    rl_rva = dt_rva + bk_round(dvs, 4096);
    rl_file = dt_file + bk_round(raw, 512);
    img = rl_rva + 4096;                            /* the .reloc is 12 bytes */
    /* DOS stub and PE header */
    wb(77); wb(90); wz(58); w32(64);
    wb(80); wb(69); wb(0); wb(0);
    w16(bkarch ? 0xAA64 : 0x8664); w16(4); w32(0); w32(0); w32(0); w16(240); w16(0x22);
    w16(0x20B); wb(14); wb(0); w32(bk_round(bktlen, 512)); w32(0); w32(0); w32(4096 + bk_entry); w32(4096);
    w64(5368709120); w32(4096); w32(512);
    w16(4); w16(0); w16(0); w16(0); w16(4); w16(0); w32(0);
    w32(img); w32(1024); w32(0); w16(3); w16(0x8160);
    w64(0x100000); w64(0x1000); w64(0x100000); w64(0x1000); w32(0); w32(16);
    j = 0;
    while (j < 16) {
        if (j == 1) { w32(rd_rva); w32(40); }
        else { if (j == 5) { w32(rl_rva); w32(12); }
        else { if (j == 10) { w32(rd_rva + bk_cfg_off); w32(320); }
        else { if (j == 12) { w32(rd_rva + bk_iat_off); w32((BK_NIMP + 1) * 8); }
        else { w32(0); w32(0); } } } }
        j = j + 1;
    }
    bk_pesect(".text", 4096, bktlen, 1024, bktlen, 0x60000020);
    bk_pesect(".rdata", rd_rva, bk_idata_len, rd_file, bk_idata_len, 0x40000040);
    bk_pesect(".data", dt_rva, dvs, dt_file, raw, 0xC0000040);
    bk_pesect(".reloc", rl_rva, 12, rl_file, 12, 0x42000040);
    wz(1024 - bkwtot);
    wtext(); wz(bk_round(bktlen, 512) - bktlen);
    /* the import section, at rd_rva */
    off = 40 + (BK_NIMP + 1) * 8 * 2; j = 0;
    while (j < BK_NIMP) {
        e = bk_nth(BK_IMPS, j); L = 0; while (e[L]) L = L + 1;
        nmrva[j] = rd_rva + off;
        L = 2 + L + 1; if (L % 2) L = L + 1;
        off = off + L; j = j + 1;
    }
    dllrva = rd_rva + off;
    w32(rd_rva + 40); w32(0); w32(0); w32(dllrva);
    w32(rd_rva + 40 + (BK_NIMP + 1) * 8);           /* the IAT */
    wz(20);
    j = 0; while (j < BK_NIMP) { w64(nmrva[j]); j = j + 1; } w64(0);
    j = 0; while (j < BK_NIMP) { w64(nmrva[j]); j = j + 1; } w64(0);
    j = 0;
    while (j < BK_NIMP) {
        e = bk_nth(BK_IMPS, j); L = 0; while (e[L]) L = L + 1;
        w16(0); k = 0; while (k < L) { wb(e[k]); k = k + 1; } wb(0);
        if ((2 + L + 1) % 2) wb(0);
        j = j + 1;
    }
    wname("KERNEL32.dll", 13);
    wz(bk_cfg_off - (off + 13));
    cfgstart = bkwtot;
    w32(320); wz(0x58 - 4); w64(5368709120 + cookie_rva); wz(320 - 0x58 - 8);
    wz(bk_round(bk_idata_len, 512) - bk_idata_len);
    /* the stored data, 8-padded */
    wdata(nzl); wz(raw - nzl);
    wz(bk_round(raw, 512) - raw);
    /* .reloc: one block, the cookie pointer in the load config, DIR64 */
    reloc_rva = rd_rva + bk_cfg_off + 0x58;
    page = reloc_rva / 4096 * 4096;
    w32(page); w32(12); w16((10 << 12) | (reloc_rva - page)); w16(0);
    wz(512 - 12);
    return 0;
}

/* `unisacc FILE -b os/arch`: the tape in t[0..n), as an image on fd 1 */
/* ---- Windows: where are WriteFile and friends? -------------------------
   Code in memory has no import table, so the gate's `call [slot]` needs real
   slots.  This process HAS them: it is a PE with the same imports, so we find
   our own image, walk its import descriptors and take the address of each
   slot BY NAME -- by name, because the order is only ours if the compiler
   that built this binary was ours. [S-9] */
long bk_rd32(long p) {
    char *c; c = (char *)p;
    return (c[0] & 255) | ((c[1] & 255) << 8) | ((c[2] & 255) << 16) | ((long)(c[3] & 255) << 24);
}
long bk_rd64(long p) { return bk_rd32(p) | (bk_rd32(p + 4) << 32); }

int bk_win_imports(long here) {
    long base; long pe; long dd; long imp; long d; long ilt; long iat; long k;
    long nrva; char *nm; int i; int j; int ok;
    base = here & (0 - 4096);
    while (base > 65536) {                     /* the MZ our image starts with */
        char *c; c = (char *)base;
        if (c[0] == 77 && c[1] == 90) {
            pe = base + bk_rd32(base + 0x3C);
            if (bk_rd32(pe) == 0x00004550) break;      /* "PE\0\0" */
        }
        base = base - 4096;
    }
    if (base <= 65536) { __write(2, "run: cannot find this image\n", 28); __exit(1); }
    dd = pe + 24 + 112;                        /* the data directories */
    imp = base + bk_rd32(dd + 8);              /* entry 1: the import table */
    d = imp;
    while (bk_rd32(d + 12)) {                  /* until the null descriptor */
        ilt = bk_rd32(d);                      /* OriginalFirstThunk */
        if (ilt == 0) ilt = bk_rd32(d + 16);
        ilt = base + ilt;
        iat = base + bk_rd32(d + 16);
        k = 0;
        while (bk_rd64(ilt + 8 * k)) {
            nrva = bk_rd64(ilt + 8 * k);
            if (nrva > 0) { if ((nrva >> 63) == 0) {
                nm = (char *)(base + nrva + 2);         /* past the hint */
                i = 0;
                while (i < BK_NIMP) {
                    char *e; e = bk_nth(BK_IMPS, i);
                    ok = 1; j = 0;
                    while (e[j] || nm[j]) {
                        if (e[j] != nm[j]) { ok = 0; break; }
                        j = j + 1;
                    }
                    if (ok) bk_impval[i] = bk_rd64(iat + 8 * k);
                    i = i + 1;
                }
            } }
            k = k + 1;
        }
        d = d + 20;
    }
    i = 0;
    while (i < BK_NIMP) {
        if (bk_impval[i] == 0) {
            __write(2, "run: this image does not import ", 32);
            __write(2, bk_nth(BK_IMPS, i), 12); __write(2, "\n", 1);
            __exit(1);
        }
        i = i + 1;
    }
    return 0;
}

/* Compile the tape into memory and hand back the entry address. [S-9] */
long bk_run(char *t, int n, long argc, long argv) {
    int a; long k; char *d; char *c;
    bkos = BK_HOST_OS; bkarch = BK_HOST_ARCH; bk_runmode = 1;
#ifdef _WIN32
    /* the gate calls through import slots; in memory there is no import
       table, so it uses this process's own [S-9] */
    bk_win_imports((long)bk_win_imports);
#endif
    bk_parse(t, n);
    bk_repack();
    bk_lower();
    bk_assemble();
    /* the data: mapped pages are already zero, so only the stored runs move */
    a = 0;
    while (a < bknd) {
        d = (char *)(bk_rundata + bkd_at[a]);
        k = 0; while (k < bkd_len[a]) { d[k] = bkdata[bkd_off[a] + k]; k = k + 1; }
        a = a + 1;
    }
    /* argc and argv, straight into the program's own cells */
    c = (char *)(bk_rundata + bk_argc - BK_DATA_BASE);
    k = 0; while (k < 8) { c[k] = (argc >> (8 * k)) & 255; k = k + 1; }
    c = (char *)(bk_rundata + bk_argv - BK_DATA_BASE);
    k = 0; while (k < 8) { c[k] = (argv >> (8 * k)) & 255; k = k + 1; }
    d = (char *)bk_runtext;
    k = 0; while (k < bktlen) { d[k] = bktext[k]; k = k + 1; }
#ifdef _WIN32
    /* PAGE_EXECUTE_READ over the TEXT only, which is the sequence Windows
       expects: newly written code is still in the data cache, and on arm64
       the first instruction raises STATUS_ILLEGAL_INSTRUCTION unless the
       range is both re-protected and flushed (the gate does the flush).
       The data half stays writable -- the program's stack is in it. */
    if (__mprotect(bk_runtext, bk_runtsz, 0x20) != 0) {
#else
    if (__mprotect(bk_runtext, bk_runtsz, 5) != 0) {      /* READ | EXEC */
#endif
        __write(2, "run: cannot make the code executable\n", 37); __exit(1);
    }
    return bk_runtext + bk_entry;
}

int bk_build(char *t, int n, char *target) {
    bkos = 0;
    if (target[0] == 111) bkos = 1;                  /* osx */
    if (target[0] == 119) bkos = 2;                  /* win */
    bkarch = 0; if (target[4] == 97) bkarch = 1;     /* .../arm64 */
    bk_parse(t, n);
    bk_repack();
    bk_lower();
    bk_assemble();
    bkwn = 0; bkwtot = 0;
    if (bkos == 1) { bk_sign = 1; bk_npage = 0; bk_pagen = 0; sha_init(); }
    if (bkos == 0) bk_elf();
    if (bkos == 1) bk_macho();
    if (bkos == 2) bk_pe();
    wflush();
    return 0;
}
