/* GENERATED -- do not edit.  `python3 -m unisa emit-kernel` writes this
 * file; tests/kernel.sh fails when it differs from a fresh run.
 * The C library the compiler carries: each include/*.h packed as a string,
 * because a shipped binary has no include/ to read.
 * Inputs (sha256, first 12 hex digits):
 *   include/assert.h             e4b58ce8a0dc
 *   include/ctype.h              13a77bed5f8b
 *   include/dirent.h             79cc4eb41df2
 *   include/errno.h              536764fde9de
 *   include/fcntl.h              78115a5f4b26
 *   include/float.h              c5198c773fd1
 *   include/inttypes.h           78d4ee506fcf
 *   include/iso646.h             c9d66e990051
 *   include/limits.h             15f329ea9a23
 *   include/locale.h             9a445af1752f
 *   include/math.h               736b03e45478
 *   include/memory.h             475071be206c
 *   include/poll.h               388c54dafbcc
 *   include/signal.h             800c50c111b7
 *   include/stdarg.h             4ad3dd31b0be
 *   include/stdbool.h            edcaec44f749
 *   include/stddef.h             300d37d792f8
 *   include/stdint.h             0ed3a3089465
 *   include/stdio.h              40b305d2fd21
 *   include/stdlib.h             aff053d1283d
 *   include/string.h             62d4d8e69df4
 *   include/sys/ioctl.h          32b10daf4062
 *   include/sys/stat.h           ec80fd5d4e33
 *   include/sys/time.h           31cf27302658
 *   include/sys/types.h          0bf53a8cf108
 *   include/termios.h            e8a18949424c
 *   include/time.h               83f4bbbd0bd4
 *   include/unisacc_ffi.h        897295026e75
 *   include/unistd.h             9143084f491d
 *   include/wchar.h              cd3af2277e65 */

char *HDR_NAMES = "assert.h\000ctype.h\000dirent.h\000errno.h\000fcntl.h\000float.h\000inttypes.h\000iso646.h\000limits.h\000locale.h\000math.h\000memory.h\000poll.h\000signal.h\000stdarg.h\000stdbool.h\000stddef.h\000stdint.h\000stdio.h\000stdlib.h\000string.h\000sys/ioctl.h\000sys/stat.h\000sys/time.h\000sys/types.h\000termios.h\000time.h\000unisacc_ffi.h\000unistd.h\000wchar.h\000";
#define NHDR 30

/* HDR_0: include/assert.h, verbatim */
char *HDR_0 =
  "\x2f\x2a\x20\x3c\x61\x73\x73\x65\x72\x74\x2e\x68\x3e\x20\x66\x6f\x72\x20\x74\x68"
  "\x65\x20\x75\x6e\x69\x73\x61\x20\x43\x20\x73\x75\x62\x73\x65\x74\x2e\x0a\x20\x2a"
  "\x0a\x20\x2a\x20\x54\x68\x65\x20\x6d\x65\x73\x73\x61\x67\x65\x20\x63\x61\x72\x72"
  "\x69\x65\x73\x20\x74\x68\x65\x20\x65\x78\x70\x72\x65\x73\x73\x69\x6f\x6e\x20\x62"
  "\x75\x74\x20\x4e\x4f\x54\x20\x74\x68\x65\x20\x66\x69\x6c\x65\x20\x61\x6e\x64\x20"
  "\x6c\x69\x6e\x65\x3a\x20\x74\x68\x69\x73\x0a\x20\x2a\x20\x70\x72\x65\x70\x72\x6f"
  "\x63\x65\x73\x73\x6f\x72\x20\x68\x61\x73\x20\x6e\x6f\x20\x60\x5f\x5f\x46\x49\x4c"
  "\x45\x5f\x5f\x60\x20\x6f\x72\x20\x60\x5f\x5f\x4c\x49\x4e\x45\x5f\x5f\x60\x2c\x20"
  "\x62\x65\x63\x61\x75\x73\x65\x20\x69\x6e\x63\x6c\x75\x64\x65\x73\x20\x61\x72\x65"
  "\x20\x73\x70\x6c\x69\x63\x65\x64\x0a\x20\x2a\x20\x69\x6e\x6c\x69\x6e\x65\x20\x77"
  "\x69\x74\x68\x6f\x75\x74\x20\x6c\x69\x6e\x65\x20\x6d\x61\x72\x6b\x65\x72\x73\x2c"
  "\x20\x73\x6f\x20\x62\x6f\x74\x68\x20\x77\x6f\x75\x6c\x64\x20\x62\x65\x20\x77\x72"
  "\x6f\x6e\x67\x20\x61\x66\x74\x65\x72\x20\x74\x68\x65\x20\x66\x69\x72\x73\x74\x0a"
  "\x20\x2a\x20\x60\x23\x69\x6e\x63\x6c\x75\x64\x65\x60\x2e\x20\x20\x41\x20\x77\x72"
  "\x6f\x6e\x67\x20\x6c\x69\x6e\x65\x20\x6e\x75\x6d\x62\x65\x72\x20\x69\x73\x20\x77"
  "\x6f\x72\x73\x65\x20\x74\x68\x61\x6e\x20\x6e\x6f\x6e\x65\x2e\x20\x2a\x2f\x0a\x23"
  "\x69\x66\x6e\x64\x65\x66\x20\x5f\x55\x4e\x49\x53\x41\x5f\x41\x53\x53\x45\x52\x54"
  "\x5f\x48\x0a\x23\x64\x65\x66\x69\x6e\x65\x20\x5f\x55\x4e\x49\x53\x41\x5f\x41\x53"
  "\x53\x45\x52\x54\x5f\x48\x0a\x23\x69\x6e\x63\x6c\x75\x64\x65\x20\x3c\x73\x74\x64"
  "\x69\x6f\x2e\x68\x3e\x0a\x23\x69\x6e\x63\x6c\x75\x64\x65\x20\x3c\x73\x74\x64\x6c"
  "\x69\x62\x2e\x68\x3e\x0a\x0a\x23\x75\x6e\x64\x65\x66\x20\x61\x73\x73\x65\x72\x74"
  "\x0a\x23\x69\x66\x64\x65\x66\x20\x4e\x44\x45\x42\x55\x47\x0a\x23\x64\x65\x66\x69"
  "\x6e\x65\x20\x61\x73\x73\x65\x72\x74\x28\x65\x29\x20\x30\x0a\x23\x65\x6c\x73\x65"
  "\x0a\x23\x64\x65\x66\x69\x6e\x65\x20\x61\x73\x73\x65\x72\x74\x28\x65\x29\x20\x64"
  "\x6f\x20\x7b\x20\x69\x66\x20\x28\x21\x28\x65\x29\x29\x20\x7b\x20\x70\x72\x69\x6e"
  "\x74\x66\x28\x22\x61\x73\x73\x65\x72\x74\x69\x6f\x6e\x20\x66\x61\x69\x6c\x65\x64"
  "\x3a\x20\x25\x73\x5c\x6e\x22\x2c\x20\x23\x65\x29\x3b\x20\x5c\x0a\x20\x20\x20\x20"
  "\x20\x20\x20\x20\x20\x20\x20\x20\x20\x20\x20\x20\x20\x20\x20\x20\x20\x20\x20\x20"
  "\x20\x20\x20\x20\x20\x20\x20\x20\x20\x20\x20\x65\x78\x69\x74\x28\x31\x29\x3b\x20"
  "\x7d\x20\x7d\x20\x77\x68\x69\x6c\x65\x20\x28\x30\x29\x0a\x23\x65\x6e\x64\x69\x66"
  "\x0a\x0a\x23\x65\x6e\x64\x69\x66\x0a";

/* HDR_1: include/ctype.h, verbatim */
char *HDR_1 =
  "\x2f\x2a\x20\x3c\x63\x74\x79\x70\x65\x2e\x68\x3e\x20\x66\x6f\x72\x20\x74\x68\x65"
  "\x20\x75\x6e\x69\x73\x61\x20\x43\x20\x73\x75\x62\x73\x65\x74\x2e\x20\x20\x41\x53"
  "\x43\x49\x49\x20\x6f\x6e\x6c\x79\x3a\x20\x74\x68\x65\x72\x65\x20\x69\x73\x20\x6e"
  "\x6f\x20\x6c\x6f\x63\x61\x6c\x65\x2c\x20\x61\x6e\x64\x0a\x20\x2a\x20\x60\x63\x68"
  "\x61\x72\x60\x20\x69\x73\x20\x73\x69\x67\x6e\x65\x64\x2c\x20\x73\x6f\x20\x65\x76"
  "\x65\x72\x79\x20\x66\x75\x6e\x63\x74\x69\x6f\x6e\x20\x74\x61\x6b\x65\x73\x20\x74"
  "\x68\x65\x20\x76\x61\x6c\x75\x65\x20\x61\x73\x20\x61\x6e\x20\x69\x6e\x74\x20\x74"
  "\x68\x65\x20\x77\x61\x79\x20\x43\x39\x39\x0a\x20\x2a\x20\x73\x61\x79\x73\x20\x61"
  "\x6e\x64\x20\x63\x6f\x6d\x70\x61\x72\x65\x73\x20\x69\x74\x20\x64\x69\x72\x65\x63"
  "\x74\x6c\x79\x2e\x20\x2a\x2f\x0a\x23\x69\x66\x6e\x64\x65\x66\x20\x5f\x55\x4e\x49"
  "\x53\x41\x5f\x43\x54\x59\x50\x45\x5f\x48\x0a\x23\x64\x65\x66\x69\x6e\x65\x20\x5f"
  "\x55\x4e\x49\x53\x41\x5f\x43\x54\x59\x50\x45\x5f\x48\x0a\x0a\x23\x69\x66\x20\x21"
  "\x5f\x5f\x55\x4e\x49\x53\x41\x5f\x46\x54\x52\x49\x4d\x5f\x4c\x49\x42\x43\x20\x7c"
  "\x7c\x20\x5f\x5f\x55\x4e\x5f\x69\x73\x64\x69\x67\x69\x74\x0a\x73\x74\x61\x74\x69"
  "\x63\x20\x69\x6e\x74\x20\x69\x73\x64\x69\x67\x69\x74\x28\x69\x6e\x74\x20\x5f\x5f"
  "\x75\x5f\x63\x29\x20\x7b\x20\x72\x65\x74\x75\x72\x6e\x20\x5f\x5f\x75\x5f\x63\x20"
  "\x3e\x3d\x20\x27\x30\x27\x20\x26\x26\x20\x5f\x5f\x75\x5f\x63\x20\x3c\x3d\x20\x27"
  "\x39\x27\x3b\x20\x7d\x0a\x23\x65\x6e\x64\x69\x66\x0a\x23\x69\x66\x20\x21\x5f\x5f"
  "\x55\x4e\x49\x53\x41\x5f\x46\x54\x52\x49\x4d\x5f\x4c\x49\x42\x43\x20\x7c\x7c\x20"
  "\x5f\x5f\x55\x4e\x5f\x69\x73\x78\x64\x69\x67\x69\x74\x0a\x73\x74\x61\x74\x69\x63"
  "\x20\x69\x6e\x74\x20\x69\x73\x78\x64\x69\x67\x69\x74\x28\x69\x6e\x74\x20\x5f\x5f"
  "\x75\x5f\x63\x29\x20\x7b\x0a\x20\x20\x20\x20\x72\x65\x74\x75\x72\x6e\x20\x28\x5f"
  "\x5f\x75\x5f\x63\x20\x3e\x3d\x20\x27\x30\x27\x20\x26\x26\x20\x5f\x5f\x75\x5f\x63"
  "\x20\x3c\x3d\x20\x27\x39\x27\x29\x20\x7c\x7c\x20\x28\x5f\x5f\x75\x5f\x63\x20\x3e"
  "\x3d\x20\x27\x61\x27\x20\x26\x26\x20\x5f\x5f\x75\x5f\x63\x20\x3c\x3d\x20\x27\x66"
  "\x27\x29\x0a\x20\x20\x20\x20\x20\x20\x20\x20\x7c\x7c\x20\x28\x5f\x5f\x75\x5f\x63"
  "\x20\x3e\x3d\x20\x27\x41\x27\x20\x26\x26\x20\x5f\x5f\x75\x5f\x63\x20\x3c\x3d\x20"
  "\x27\x46\x27\x29\x3b\x0a\x7d\x0a\x23\x65\x6e\x64\x69\x66\x0a\x23\x69\x66\x20\x21"
  "\x5f\x5f\x55\x4e\x49\x53\x41\x5f\x46\x54\x52\x49\x4d\x5f\x4c\x49\x42\x43\x20\x7c"
  "\x7c\x20\x5f\x5f\x55\x4e\x5f\x69\x73\x6c\x6f\x77\x65\x72\x0a\x73\x74\x61\x74\x69"
  "\x63\x20\x69\x6e\x74\x20\x69\x73\x6c\x6f\x77\x65\x72\x28\x69\x6e\x74\x20\x5f\x5f"
  "\x75\x5f\x63\x29\x20\x7b\x20\x72\x65\x74\x75\x72\x6e\x20\x5f\x5f\x75\x5f\x63\x20"
  "\x3e\x3d\x20\x27\x61\x27\x20\x26\x26\x20\x5f\x5f\x75\x5f\x63\x20\x3c\x3d\x20\x27"
  "\x7a\x27\x3b\x20\x7d\x0a\x23\x65\x6e\x64\x69\x66\x0a\x23\x69\x66\x20\x21\x5f\x5f"
  "\x55\x4e\x49\x53\x41\x5f\x46\x54\x52\x49\x4d\x5f\x4c\x49\x42\x43\x20\x7c\x7c\x20"
  "\x5f\x5f\x55\x4e\x5f\x69\x73\x75\x70\x70\x65\x72\x0a\x73\x74\x61\x74\x69\x63\x20"
  "\x69\x6e\x74\x20\x69\x73\x75\x70\x70\x65\x72\x28\x69\x6e\x74\x20\x5f\x5f\x75\x5f"
  "\x63\x29\x20\x7b\x20\x72\x65\x74\x75\x72\x6e\x20\x5f\x5f\x75\x5f\x63\x20\x3e\x3d"
  "\x20\x27\x41\x27\x20\x26\x26\x20\x5f\x5f\x75\x5f\x63\x20\x3c\x3d\x20\x27\x5a\x27"
  "\x3b\x20\x7d\x0a\x23\x65\x6e\x64\x69\x66\x0a\x23\x69\x66\x20\x21\x5f\x5f\x55\x4e"
  "\x49\x53\x41\x5f\x46\x54\x52\x49\x4d\x5f\x4c\x49\x42\x43\x20\x7c\x7c\x20\x5f\x5f"
  "\x55\x4e\x5f\x69\x73\x61\x6c\x70\x68\x61\x0a\x73\x74\x61\x74\x69\x63\x20\x69\x6e"
  "\x74\x20\x69\x73\x61\x6c\x70\x68\x61\x28\x69\x6e\x74\x20\x5f\x5f\x75\x5f\x63\x29"
  "\x20\x7b\x20\x72\x65\x74\x75\x72\x6e\x20\x69\x73\x6c\x6f\x77\x65\x72\x28\x5f\x5f"
  "\x75\x5f\x63\x29\x20\x7c\x7c\x20\x69\x73\x75\x70\x70\x65\x72\x28\x5f\x5f\x75\x5f"
  "\x63\x29\x3b\x20\x7d\x0a\x23\x65\x6e\x64\x69\x66\x0a\x23\x69\x66\x20\x21\x5f\x5f"
  "\x55\x4e\x49\x53\x41\x5f\x46\x54\x52\x49\x4d\x5f\x4c\x49\x42\x43\x20\x7c\x7c\x20"
  "\x5f\x5f\x55\x4e\x5f\x69\x73\x61\x6c\x6e\x75\x6d\x0a\x73\x74\x61\x74\x69\x63\x20"
  "\x69\x6e\x74\x20\x69\x73\x61\x6c\x6e\x75\x6d\x28\x69\x6e\x74\x20\x5f\x5f\x75\x5f"
  "\x63\x29\x20\x7b\x20\x72\x65\x74\x75\x72\x6e\x20\x69\x73\x61\x6c\x70\x68\x61\x28"
  "\x5f\x5f\x75\x5f\x63\x29\x20\x7c\x7c\x20\x69\x73\x64\x69\x67\x69\x74\x28\x5f\x5f"
  "\x75\x5f\x63\x29\x3b\x20\x7d\x0a\x23\x65\x6e\x64\x69\x66\x0a\x23\x69\x66\x20\x21"
  "\x5f\x5f\x55\x4e\x49\x53\x41\x5f\x46\x54\x52\x49\x4d\x5f\x4c\x49\x42\x43\x20\x7c"
  "\x7c\x20\x5f\x5f\x55\x4e\x5f\x69\x73\x73\x70\x61\x63\x65\x0a\x73\x74\x61\x74\x69"
  "\x63\x20\x69\x6e\x74\x20\x69\x73\x73\x70\x61\x63\x65\x28\x69\x6e\x74\x20\x5f\x5f"
  "\x75\x5f\x63\x29\x20\x7b\x0a\x20\x20\x20\x20\x72\x65\x74\x75\x72\x6e\x20\x5f\x5f"
  "\x75\x5f\x63\x20\x3d\x3d\x20\x27\x20\x27\x20\x7c\x7c\x20\x5f\x5f\x75\x5f\x63\x20"
  "\x3d\x3d\x20\x27\x5c\x74\x27\x20\x7c\x7c\x20\x5f\x5f\x75\x5f\x63\x20\x3d\x3d\x20"
  "\x27\x5c\x6e\x27\x20\x7c\x7c\x20\x5f\x5f\x75\x5f\x63\x20\x3d\x3d\x20\x27\x5c\x76"
  "\x27\x0a\x20\x20\x20\x20\x20\x20\x20\x20\x7c\x7c\x20\x5f\x5f\x75\x5f\x63\x20\x3d"
  "\x3d\x20\x27\x5c\x66\x27\x20\x7c\x7c\x20\x5f\x5f\x75\x5f\x63\x20\x3d\x3d\x20\x27"
  "\x5c\x72\x27\x3b\x0a\x7d\x0a\x23\x65\x6e\x64\x69\x66\x0a\x23\x69\x66\x20\x21\x5f"
  "\x5f\x55\x4e\x49\x53\x41\x5f\x46\x54\x52\x49\x4d\x5f\x4c\x49\x42\x43\x20\x7c\x7c"
  "\x20\x5f\x5f\x55\x4e\x5f\x69\x73\x62\x6c\x61\x6e\x6b\x0a\x73\x74\x61\x74\x69\x63"
  "\x20\x69\x6e\x74\x20\x69\x73\x62\x6c\x61\x6e\x6b\x28\x69\x6e\x74\x20\x5f\x5f\x75"
  "\x5f\x63\x29\x20\x7b\x20\x72\x65\x74\x75\x72\x6e\x20\x5f\x5f\x75\x5f\x63\x20\x3d"
  "\x3d\x20\x27\x20\x27\x20\x7c\x7c\x20\x5f\x5f\x75\x5f\x63\x20\x3d\x3d\x20\x27\x5c"
  "\x74\x27\x3b\x20\x7d\x0a\x23\x65\x6e\x64\x69\x66\x0a\x23\x69\x66\x20\x21\x5f\x5f"
  "\x55\x4e\x49\x53\x41\x5f\x46\x54\x52\x49\x4d\x5f\x4c\x49\x42\x43\x20\x7c\x7c\x20"
  "\x5f\x5f\x55\x4e\x5f\x69\x73\x63\x6e\x74\x72\x6c\x0a\x73\x74\x61\x74\x69\x63\x20"
  "\x69\x6e\x74\x20\x69\x73\x63\x6e\x74\x72\x6c\x28\x69\x6e\x74\x20\x5f\x5f\x75\x5f"
  "\x63\x29\x20\x7b\x20\x72\x65\x74\x75\x72\x6e\x20\x28\x5f\x5f\x75\x5f\x63\x20\x3e"
  "\x3d\x20\x30\x20\x26\x26\x20\x5f\x5f\x75\x5f\x63\x20\x3c\x20\x33\x32\x29\x20\x7c"
  "\x7c\x20\x5f\x5f\x75\x5f\x63\x20\x3d\x3d\x20\x31\x32\x37\x3b\x20\x7d\x0a\x23\x65"
  "\x6e\x64\x69\x66\x0a\x23\x69\x66\x20\x21\x5f\x5f\x55\x4e\x49\x53\x41\x5f\x46\x54"
  "\x52\x49\x4d\x5f\x4c\x49\x42\x43\x20\x7c\x7c\x20\x5f\x5f\x55\x4e\x5f\x69\x73\x70"
  "\x72\x69\x6e\x74\x0a\x73\x74\x61\x74\x69\x63\x20\x69\x6e\x74\x20\x69\x73\x70\x72"
  "\x69\x6e\x74\x28\x69\x6e\x74\x20\x5f\x5f\x75\x5f\x63\x29\x20\x7b\x20\x72\x65\x74"
  "\x75\x72\x6e\x20\x5f\x5f\x75\x5f\x63\x20\x3e\x3d\x20\x33\x32\x20\x26\x26\x20\x5f"
  "\x5f\x75\x5f\x63\x20\x3c\x20\x31\x32\x37\x3b\x20\x7d\x0a\x23\x65\x6e\x64\x69\x66"
  "\x0a\x23\x69\x66\x20\x21\x5f\x5f\x55\x4e\x49\x53\x41\x5f\x46\x54\x52\x49\x4d\x5f"
  "\x4c\x49\x42\x43\x20\x7c\x7c\x20\x5f\x5f\x55\x4e\x5f\x69\x73\x67\x72\x61\x70\x68"
  "\x0a\x73\x74\x61\x74\x69\x63\x20\x69\x6e\x74\x20\x69\x73\x67\x72\x61\x70\x68\x28"
  "\x69\x6e\x74\x20\x5f\x5f\x75\x5f\x63\x29\x20\x7b\x20\x72\x65\x74\x75\x72\x6e\x20"
  "\x5f\x5f\x75\x5f\x63\x20\x3e\x20\x33\x32\x20\x26\x26\x20\x5f\x5f\x75\x5f\x63\x20"
  "\x3c\x20\x31\x32\x37\x3b\x20\x7d\x0a\x23\x65\x6e\x64\x69\x66\x0a\x23\x69\x66\x20"
  "\x21\x5f\x5f\x55\x4e\x49\x53\x41\x5f\x46\x54\x52\x49\x4d\x5f\x4c\x49\x42\x43\x20"
  "\x7c\x7c\x20\x5f\x5f\x55\x4e\x5f\x69\x73\x70\x75\x6e\x63\x74\x0a\x73\x74\x61\x74"
  "\x69\x63\x20\x69\x6e\x74\x20\x69\x73\x70\x75\x6e\x63\x74\x28\x69\x6e\x74\x20\x5f"
  "\x5f\x75\x5f\x63\x29\x20\x7b\x20\x72\x65\x74\x75\x72\x6e\x20\x69\x73\x67\x72\x61"
  "\x70\x68\x28\x5f\x5f\x75\x5f\x63\x29\x20\x26\x26\x20\x21\x69\x73\x61\x6c\x6e\x75"
  "\x6d\x28\x5f\x5f\x75\x5f\x63\x29\x3b\x20\x7d\x0a\x23\x65\x6e\x64\x69\x66\x0a\x23"
  "\x69\x66\x20\x21\x5f\x5f\x55\x4e\x49\x53\x41\x5f\x46\x54\x52\x49\x4d\x5f\x4c\x49"
  "\x42\x43\x20\x7c\x7c\x20\x5f\x5f\x55\x4e\x5f\x74\x6f\x75\x70\x70\x65\x72\x0a\x73"
  "\x74\x61\x74\x69\x63\x20\x69\x6e\x74\x20\x74\x6f\x75\x70\x70\x65\x72\x28\x69\x6e"
  "\x74\x20\x5f\x5f\x75\x5f\x63\x29\x20\x7b\x20\x69\x66\x20\x28\x69\x73\x6c\x6f\x77"
  "\x65\x72\x28\x5f\x5f\x75\x5f\x63\x29\x29\x20\x72\x65\x74\x75\x72\x6e\x20\x5f\x5f"
  "\x75\x5f\x63\x20\x2d\x20\x33\x32\x3b\x20\x72\x65\x74\x75\x72\x6e\x20\x5f\x5f\x75"
  "\x5f\x63\x3b\x20\x7d\x0a\x23\x65\x6e\x64\x69\x66\x0a\x23\x69\x66\x20\x21\x5f\x5f"
  "\x55\x4e\x49\x53\x41\x5f\x46\x54\x52\x49\x4d\x5f\x4c\x49\x42\x43\x20\x7c\x7c\x20"
  "\x5f\x5f\x55\x4e\x5f\x74\x6f\x6c\x6f\x77\x65\x72\x0a\x73\x74\x61\x74\x69\x63\x20"
  "\x69\x6e\x74\x20\x74\x6f\x6c\x6f\x77\x65\x72\x28\x69\x6e\x74\x20\x5f\x5f\x75\x5f"
  "\x63\x29\x20\x7b\x20\x69\x66\x20\x28\x69\x73\x75\x70\x70\x65\x72\x28\x5f\x5f\x75"
  "\x5f\x63\x29\x29\x20\x72\x65\x74\x75\x72\x6e\x20\x5f\x5f\x75\x5f\x63\x20\x2b\x20"
  "\x33\x32\x3b\x20\x72\x65\x74\x75\x72\x6e\x20\x5f\x5f\x75\x5f\x63\x3b\x20\x7d\x0a"
  "\x23\x65\x6e\x64\x69\x66\x0a\x0a\x23\x65\x6e\x64\x69\x66\x0a";

/* HDR_2: include/dirent.h, verbatim */
char *HDR_2 =
  "\x2f\x2a\x20\x4d\x69\x6e\x69\x6d\x61\x6c\x20\x64\x69\x72\x65\x63\x74\x6f\x72\x79"
  "\x20\x41\x50\x49\x3a\x20\x4c\x69\x6e\x75\x78\x20\x67\x65\x74\x64\x65\x6e\x74\x73"
  "\x36\x34\x2c\x20\x6d\x61\x63\x4f\x53\x20\x67\x65\x74\x64\x69\x72\x65\x6e\x74\x72"
  "\x69\x65\x73\x36\x34\x20\x28\x30\x2e\x30\x2e\x31\x38\x29\x3b\x20\x57\x69\x6e\x64"
  "\x6f\x77\x73\x20\x72\x65\x6a\x65\x63\x74\x73\x20\x69\x74\x2e\x0a\x20\x2a\x20\x45"
  "\x4f\x46\x20\x73\x65\x74\x73\x20\x65\x72\x72\x6e\x6f\x3d\x30\x3b\x20\x6d\x61\x6c"
  "\x66\x6f\x72\x6d\x65\x64\x20\x6b\x65\x72\x6e\x65\x6c\x20\x72\x65\x63\x6f\x72\x64"
  "\x73\x20\x73\x65\x74\x20\x45\x49\x4f\x20\x61\x6e\x64\x20\x73\x74\x6f\x70\x20\x74"
  "\x68\x69\x73\x20\x73\x74\x72\x65\x61\x6d\x2e\x20\x2a\x2f\x0a\x23\x69\x66\x6e\x64"
  "\x65\x66\x20\x5f\x55\x4e\x49\x53\x41\x5f\x44\x49\x52\x45\x4e\x54\x5f\x48\x0a\x23"
  "\x64\x65\x66\x69\x6e\x65\x20\x5f\x55\x4e\x49\x53\x41\x5f\x44\x49\x52\x45\x4e\x54"
  "\x5f\x48\x0a\x23\x69\x6e\x63\x6c\x75\x64\x65\x20\x3c\x73\x74\x64\x6c\x69\x62\x2e"
  "\x68\x3e\x0a\x23\x69\x6e\x63\x6c\x75\x64\x65\x20\x3c\x65\x72\x72\x6e\x6f\x2e\x68"
  "\x3e\x0a\x73\x74\x72\x75\x63\x74\x20\x64\x69\x72\x65\x6e\x74\x20\x7b\x0a\x20\x20"
  "\x20\x20\x75\x6e\x73\x69\x67\x6e\x65\x64\x20\x6c\x6f\x6e\x67\x20\x64\x5f\x69\x6e"
  "\x6f\x3b\x0a\x20\x20\x20\x20\x75\x6e\x73\x69\x67\x6e\x65\x64\x20\x63\x68\x61\x72"
  "\x20\x64\x5f\x74\x79\x70\x65\x3b\x0a\x20\x20\x20\x20\x63\x68\x61\x72\x20\x64\x5f"
  "\x6e\x61\x6d\x65\x5b\x32\x35\x36\x5d\x3b\x0a\x7d\x3b\x0a\x23\x64\x65\x66\x69\x6e"
  "\x65\x20\x5f\x55\x4e\x49\x53\x41\x5f\x44\x49\x52\x42\x55\x46\x20\x34\x30\x39\x36"
  "\x0a\x23\x69\x66\x64\x65\x66\x20\x5f\x5f\x41\x50\x50\x4c\x45\x5f\x5f\x0a\x23\x64"
  "\x65\x66\x69\x6e\x65\x20\x5f\x55\x4e\x49\x53\x41\x5f\x44\x49\x52\x4e\x41\x4d\x45"
  "\x20\x32\x31\x0a\x23\x65\x6c\x73\x65\x0a\x23\x64\x65\x66\x69\x6e\x65\x20\x5f\x55"
  "\x4e\x49\x53\x41\x5f\x44\x49\x52\x4e\x41\x4d\x45\x20\x31\x39\x0a\x23\x65\x6e\x64"
  "\x69\x66\x0a\x74\x79\x70\x65\x64\x65\x66\x20\x73\x74\x72\x75\x63\x74\x20\x7b\x0a"
  "\x20\x20\x20\x20\x69\x6e\x74\x20\x66\x64\x2c\x20\x70\x6f\x73\x2c\x20\x6c\x65\x6e"
  "\x2c\x20\x66\x61\x69\x6c\x65\x64\x3b\x0a\x20\x20\x20\x20\x6c\x6f\x6e\x67\x20\x62"
  "\x61\x73\x65\x70\x3b\x20\x20\x20\x20\x20\x20\x20\x20\x20\x20\x20\x20\x20\x20\x20"
  "\x20\x20\x20\x20\x20\x20\x20\x20\x20\x20\x20\x20\x20\x20\x20\x20\x20\x20\x20\x2f"
  "\x2a\x20\x6d\x61\x63\x4f\x53\x20\x67\x65\x74\x64\x69\x72\x65\x6e\x74\x72\x69\x65"
  "\x73\x36\x34\x20\x70\x6f\x73\x69\x74\x69\x6f\x6e\x20\x2a\x2f\x0a\x20\x20\x20\x20"
  "\x73\x74\x72\x75\x63\x74\x20\x64\x69\x72\x65\x6e\x74\x20\x65\x6e\x74\x3b\x0a\x20"
  "\x20\x20\x20\x75\x6e\x73\x69\x67\x6e\x65\x64\x20\x63\x68\x61\x72\x20\x62\x75\x66"
  "\x5b\x5f\x55\x4e\x49\x53\x41\x5f\x44\x49\x52\x42\x55\x46\x5d\x3b\x0a\x7d\x20\x44"
  "\x49\x52\x3b\x0a\x23\x69\x66\x20\x21\x5f\x5f\x55\x4e\x49\x53\x41\x5f\x46\x54\x52"
  "\x49\x4d\x5f\x4c\x49\x42\x43\x20\x7c\x7c\x20\x5f\x5f\x55\x4e\x5f\x6f\x70\x65\x6e"
  "\x64\x69\x72\x0a\x73\x74\x61\x74\x69\x63\x20\x44\x49\x52\x20\x2a\x6f\x70\x65\x6e"
  "\x64\x69\x72\x28\x63\x6f\x6e\x73\x74\x20\x63\x68\x61\x72\x20\x2a\x5f\x5f\x75\x5f"
  "\x70\x61\x74\x68\x29\x20\x7b\x0a\x20\x20\x20\x20\x44\x49\x52\x20\x2a\x5f\x5f\x75"
  "\x5f\x64\x3b\x20\x6c\x6f\x6e\x67\x20\x5f\x5f\x75\x5f\x66\x64\x3b\x0a\x23\x69\x66"
  "\x64\x65\x66\x20\x5f\x5f\x41\x50\x50\x4c\x45\x5f\x5f\x0a\x20\x20\x20\x20\x5f\x5f"
  "\x75\x5f\x66\x64\x20\x3d\x20\x5f\x5f\x6f\x70\x65\x6e\x28\x28\x63\x68\x61\x72\x20"
  "\x2a\x29\x5f\x5f\x75\x5f\x70\x61\x74\x68\x2c\x20\x30\x78\x31\x30\x30\x30\x30\x30"
  "\x2c\x20\x30\x29\x3b\x20\x2f\x2a\x20\x6d\x61\x63\x4f\x53\x20\x4f\x5f\x44\x49\x52"
  "\x45\x43\x54\x4f\x52\x59\x20\x2a\x2f\x0a\x23\x65\x6c\x73\x65\x0a\x23\x69\x66\x64"
  "\x65\x66\x20\x5f\x5f\x61\x61\x72\x63\x68\x36\x34\x5f\x5f\x0a\x20\x20\x20\x20\x5f"
  "\x5f\x75\x5f\x66\x64\x20\x3d\x20\x5f\x5f\x6f\x70\x65\x6e\x28\x28\x63\x68\x61\x72"
  "\x20\x2a\x29\x5f\x5f\x75\x5f\x70\x61\x74\x68\x2c\x20\x31\x36\x33\x38\x34\x2c\x20"
  "\x30\x29\x3b\x20\x2f\x2a\x20\x4c\x69\x6e\x75\x78\x20\x61\x72\x6d\x36\x34\x20\x4f"
  "\x5f\x44\x49\x52\x45\x43\x54\x4f\x52\x59\x20\x2a\x2f\x0a\x23\x65\x6c\x73\x65\x0a"
  "\x20\x20\x20\x20\x5f\x5f\x75\x5f\x66\x64\x20\x3d\x20\x5f\x5f\x6f\x70\x65\x6e\x28"
  "\x28\x63\x68\x61\x72\x20\x2a\x29\x5f\x5f\x75\x5f\x70\x61\x74\x68\x2c\x20\x36\x35"
  "\x35\x33\x36\x2c\x20\x30\x29\x3b\x20\x2f\x2a\x20\x4c\x69\x6e\x75\x78\x20\x78\x38"
  "\x36\x5f\x36\x34\x20\x4f\x5f\x44\x49\x52\x45\x43\x54\x4f\x52\x59\x20\x2a\x2f\x0a"
  "\x23\x65\x6e\x64\x69\x66\x0a\x23\x65\x6e\x64\x69\x66\x0a\x20\x20\x20\x20\x69\x66"
  "\x20\x28\x5f\x5f\x75\x5f\x66\x64\x20\x3c\x20\x30\x29\x20\x7b\x20\x65\x72\x72\x6e"
  "\x6f\x20\x3d\x20\x28\x69\x6e\x74\x29\x28\x30\x20\x2d\x20\x5f\x5f\x75\x5f\x66\x64"
  "\x29\x3b\x20\x72\x65\x74\x75\x72\x6e\x20\x30\x3b\x20\x7d\x0a\x20\x20\x20\x20\x5f"
  "\x5f\x75\x5f\x64\x20\x3d\x20\x28\x44\x49\x52\x20\x2a\x29\x6d\x61\x6c\x6c\x6f\x63"
  "\x28\x73\x69\x7a\x65\x6f\x66\x28\x44\x49\x52\x29\x29\x3b\x0a\x20\x20\x20\x20\x69"
  "\x66\x20\x28\x5f\x5f\x75\x5f\x64\x20\x3d\x3d\x20\x30\x29\x20\x7b\x20\x5f\x5f\x63"
  "\x6c\x6f\x73\x65\x28\x5f\x5f\x75\x5f\x66\x64\x29\x3b\x20\x65\x72\x72\x6e\x6f\x20"
  "\x3d\x20\x45\x4e\x4f\x4d\x45\x4d\x3b\x20\x72\x65\x74\x75\x72\x6e\x20\x30\x3b\x20"
  "\x7d\x0a\x20\x20\x20\x20\x5f\x5f\x75\x5f\x64\x2d\x3e\x66\x64\x20\x3d\x20\x28\x69"
  "\x6e\x74\x29\x5f\x5f\x75\x5f\x66\x64\x3b\x20\x5f\x5f\x75\x5f\x64\x2d\x3e\x70\x6f"
  "\x73\x20\x3d\x20\x30\x3b\x20\x5f\x5f\x75\x5f\x64\x2d\x3e\x6c\x65\x6e\x20\x3d\x20"
  "\x30\x3b\x20\x5f\x5f\x75\x5f\x64\x2d\x3e\x66\x61\x69\x6c\x65\x64\x20\x3d\x20\x30"
  "\x3b\x0a\x20\x20\x20\x20\x65\x72\x72\x6e\x6f\x20\x3d\x20\x30\x3b\x20\x72\x65\x74"
  "\x75\x72\x6e\x20\x5f\x5f\x75\x5f\x64\x3b\x0a\x7d\x0a\x23\x65\x6e\x64\x69\x66\x0a"
  "\x23\x69\x66\x20\x21\x5f\x5f\x55\x4e\x49\x53\x41\x5f\x46\x54\x52\x49\x4d\x5f\x4c"
  "\x49\x42\x43\x20\x7c\x7c\x20\x5f\x5f\x55\x4e\x5f\x72\x65\x61\x64\x64\x69\x72\x0a"
  "\x73\x74\x61\x74\x69\x63\x20\x73\x74\x72\x75\x63\x74\x20\x64\x69\x72\x65\x6e\x74"
  "\x20\x2a\x72\x65\x61\x64\x64\x69\x72\x28\x44\x49\x52\x20\x2a\x5f\x5f\x75\x5f\x64"
  "\x29\x20\x7b\x0a\x20\x20\x20\x20\x75\x6e\x73\x69\x67\x6e\x65\x64\x20\x63\x68\x61"
  "\x72\x20\x2a\x5f\x5f\x75\x5f\x72\x3b\x20\x69\x6e\x74\x20\x5f\x5f\x75\x5f\x72\x6c"
  "\x2c\x20\x5f\x5f\x75\x5f\x69\x2c\x20\x5f\x5f\x75\x5f\x6c\x65\x66\x74\x3b\x20\x6c"
  "\x6f\x6e\x67\x20\x5f\x5f\x75\x5f\x6e\x3b\x0a\x20\x20\x20\x20\x65\x72\x72\x6e\x6f"
  "\x20\x3d\x20\x30\x3b\x0a\x20\x20\x20\x20\x69\x66\x20\x28\x5f\x5f\x75\x5f\x64\x20"
  "\x3d\x3d\x20\x30\x29\x20\x7b\x20\x65\x72\x72\x6e\x6f\x20\x3d\x20\x45\x42\x41\x44"
  "\x46\x3b\x20\x72\x65\x74\x75\x72\x6e\x20\x30\x3b\x20\x7d\x0a\x20\x20\x20\x20\x69"
  "\x66\x20\x28\x5f\x5f\x75\x5f\x64\x2d\x3e\x66\x61\x69\x6c\x65\x64\x29\x20\x7b\x20"
  "\x65\x72\x72\x6e\x6f\x20\x3d\x20\x5f\x5f\x75\x5f\x64\x2d\x3e\x66\x61\x69\x6c\x65"
  "\x64\x3b\x20\x72\x65\x74\x75\x72\x6e\x20\x30\x3b\x20\x7d\x0a\x20\x20\x20\x20\x69"
  "\x66\x20\x28\x5f\x5f\x75\x5f\x64\x2d\x3e\x70\x6f\x73\x20\x3d\x3d\x20\x5f\x5f\x75"
  "\x5f\x64\x2d\x3e\x6c\x65\x6e\x29\x20\x7b\x0a\x23\x69\x66\x64\x65\x66\x20\x5f\x5f"
  "\x41\x50\x50\x4c\x45\x5f\x5f\x0a\x20\x20\x20\x20\x20\x20\x20\x20\x5f\x5f\x75\x5f"
  "\x6e\x20\x3d\x20\x5f\x5f\x67\x65\x74\x64\x69\x72\x65\x6e\x74\x72\x69\x65\x73\x36"
  "\x34\x28\x5f\x5f\x75\x5f\x64\x2d\x3e\x66\x64\x2c\x20\x5f\x5f\x75\x5f\x64\x2d\x3e"
  "\x62\x75\x66\x2c\x20\x5f\x55\x4e\x49\x53\x41\x5f\x44\x49\x52\x42\x55\x46\x2c\x20"
  "\x28\x63\x68\x61\x72\x20\x2a\x29\x26\x5f\x5f\x75\x5f\x64\x2d\x3e\x62\x61\x73\x65"
  "\x70\x2c\x20\x30\x2c\x20\x30\x29\x3b\x20\x20\x20\x2f\x2a\x20\x52\x31\x38\x2d\x31"
  "\x30\x20\x2a\x2f\x0a\x23\x65\x6c\x73\x65\x0a\x20\x20\x20\x20\x20\x20\x20\x20\x5f"
  "\x5f\x75\x5f\x6e\x20\x3d\x20\x5f\x5f\x67\x65\x74\x64\x65\x6e\x74\x73\x36\x34\x28"
  "\x5f\x5f\x75\x5f\x64\x2d\x3e\x66\x64\x2c\x20\x5f\x5f\x75\x5f\x64\x2d\x3e\x62\x75"
  "\x66\x2c\x20\x5f\x55\x4e\x49\x53\x41\x5f\x44\x49\x52\x42\x55\x46\x29\x3b\x0a\x23"
  "\x65\x6e\x64\x69\x66\x0a\x20\x20\x20\x20\x20\x20\x20\x20\x69\x66\x20\x28\x5f\x5f"
  "\x75\x5f\x6e\x20\x3c\x20\x30\x29\x20\x7b\x20\x5f\x5f\x75\x5f\x64\x2d\x3e\x66\x61"
  "\x69\x6c\x65\x64\x20\x3d\x20\x28\x69\x6e\x74\x29\x28\x30\x20\x2d\x20\x5f\x5f\x75"
  "\x5f\x6e\x29\x3b\x20\x65\x72\x72\x6e\x6f\x20\x3d\x20\x5f\x5f\x75\x5f\x64\x2d\x3e"
  "\x66\x61\x69\x6c\x65\x64\x3b\x20\x72\x65\x74\x75\x72\x6e\x20\x30\x3b\x20\x7d\x0a"
  "\x20\x20\x20\x20\x20\x20\x20\x20\x69\x66\x20\x28\x5f\x5f\x75\x5f\x6e\x20\x3d\x3d"
  "\x20\x30\x29\x20\x72\x65\x74\x75\x72\x6e\x20\x30\x3b\x0a\x20\x20\x20\x20\x20\x20"
  "\x20\x20\x69\x66\x20\x28\x5f\x5f\x75\x5f\x6e\x20\x3e\x20\x5f\x55\x4e\x49\x53\x41"
  "\x5f\x44\x49\x52\x42\x55\x46\x29\x20\x7b\x20\x5f\x5f\x75\x5f\x64\x2d\x3e\x66\x61"
  "\x69\x6c\x65\x64\x20\x3d\x20\x45\x49\x4f\x3b\x20\x65\x72\x72\x6e\x6f\x20\x3d\x20"
  "\x45\x49\x4f\x3b\x20\x72\x65\x74\x75\x72\x6e\x20\x30\x3b\x20\x7d\x0a\x20\x20\x20"
  "\x20\x20\x20\x20\x20\x5f\x5f\x75\x5f\x64\x2d\x3e\x6c\x65\x6e\x20\x3d\x20\x28\x69"
  "\x6e\x74\x29\x5f\x5f\x75\x5f\x6e\x3b\x20\x5f\x5f\x75\x5f\x64\x2d\x3e\x70\x6f\x73"
  "\x20\x3d\x20\x30\x3b\x0a\x20\x20\x20\x20\x7d\x0a\x20\x20\x20\x20\x5f\x5f\x75\x5f"
  "\x6c\x65\x66\x74\x20\x3d\x20\x5f\x5f\x75\x5f\x64\x2d\x3e\x6c\x65\x6e\x20\x2d\x20"
  "\x5f\x5f\x75\x5f\x64\x2d\x3e\x70\x6f\x73\x3b\x0a\x20\x20\x20\x20\x69\x66\x20\x28"
  "\x5f\x5f\x75\x5f\x6c\x65\x66\x74\x20\x3c\x20\x32\x34\x29\x20\x7b\x20\x5f\x5f\x75"
  "\x5f\x64\x2d\x3e\x66\x61\x69\x6c\x65\x64\x20\x3d\x20\x45\x49\x4f\x3b\x20\x65\x72"
  "\x72\x6e\x6f\x20\x3d\x20\x45\x49\x4f\x3b\x20\x72\x65\x74\x75\x72\x6e\x20\x30\x3b"
  "\x20\x7d\x0a\x20\x20\x20\x20\x5f\x5f\x75\x5f\x72\x20\x3d\x20\x5f\x5f\x75\x5f\x64"
  "\x2d\x3e\x62\x75\x66\x20\x2b\x20\x5f\x5f\x75\x5f\x64\x2d\x3e\x70\x6f\x73\x3b\x0a"
  "\x20\x20\x20\x20\x5f\x5f\x75\x5f\x72\x6c\x20\x3d\x20\x5f\x5f\x75\x5f\x72\x5b\x31"
  "\x36\x5d\x20\x7c\x20\x28\x5f\x5f\x75\x5f\x72\x5b\x31\x37\x5d\x20\x3c\x3c\x20\x38"
  "\x29\x3b\x0a\x20\x20\x20\x20\x2f\x2a\x20\x6c\x69\x6e\x75\x78\x5f\x64\x69\x72\x65"
  "\x6e\x74\x36\x34\x3a\x20\x64\x5f\x74\x79\x70\x65\x20\x61\x74\x20\x31\x38\x2c\x20"
  "\x6e\x61\x6d\x65\x20\x61\x74\x20\x31\x39\x2c\x20\x72\x65\x63\x6f\x72\x64\x73\x20"
  "\x38\x2d\x61\x6c\x69\x67\x6e\x65\x64\x3b\x20\x6d\x61\x63\x4f\x53\x0a\x20\x20\x20"
  "\x20\x20\x20\x20\x73\x74\x72\x75\x63\x74\x20\x64\x69\x72\x65\x6e\x74\x72\x79\x3a"
  "\x20\x64\x5f\x6e\x61\x6d\x6c\x65\x6e\x20\x61\x74\x20\x31\x38\x2c\x20\x64\x5f\x74"
  "\x79\x70\x65\x20\x61\x74\x20\x32\x30\x2c\x20\x6e\x61\x6d\x65\x20\x61\x74\x20\x32"
  "\x31\x2c\x20\x34\x2d\x61\x6c\x69\x67\x6e\x65\x64\x20\x2a\x2f\x0a\x20\x20\x20\x20"
  "\x69\x66\x20\x28\x5f\x5f\x75\x5f\x72\x6c\x20\x3c\x20\x32\x34\x20\x7c\x7c\x20\x28"
  "\x5f\x5f\x75\x5f\x72\x6c\x20\x26\x20\x28\x5f\x55\x4e\x49\x53\x41\x5f\x44\x49\x52"
  "\x4e\x41\x4d\x45\x20\x3d\x3d\x20\x32\x31\x20\x3f\x20\x33\x20\x3a\x20\x37\x29\x29"
  "\x20\x7c\x7c\x20\x5f\x5f\x75\x5f\x72\x6c\x20\x3e\x20\x5f\x5f\x75\x5f\x6c\x65\x66"
  "\x74\x29\x20\x7b\x0a\x20\x20\x20\x20\x20\x20\x20\x20\x5f\x5f\x75\x5f\x64\x2d\x3e"
  "\x66\x61\x69\x6c\x65\x64\x20\x3d\x20\x45\x49\x4f\x3b\x20\x65\x72\x72\x6e\x6f\x20"
  "\x3d\x20\x45\x49\x4f\x3b\x20\x72\x65\x74\x75\x72\x6e\x20\x30\x3b\x0a\x20\x20\x20"
  "\x20\x7d\x0a\x20\x20\x20\x20\x66\x6f\x72\x20\x28\x5f\x5f\x75\x5f\x69\x20\x3d\x20"
  "\x30\x3b\x20\x5f\x5f\x75\x5f\x69\x20\x3c\x20\x32\x35\x36\x20\x26\x26\x20\x5f\x55"
  "\x4e\x49\x53\x41\x5f\x44\x49\x52\x4e\x41\x4d\x45\x20\x2b\x20\x5f\x5f\x75\x5f\x69"
  "\x20\x3c\x20\x5f\x5f\x75\x5f\x72\x6c\x20\x26\x26\x20\x5f\x5f\x75\x5f\x72\x5b\x5f"
  "\x55\x4e\x49\x53\x41\x5f\x44\x49\x52\x4e\x41\x4d\x45\x20\x2b\x20\x5f\x5f\x75\x5f"
  "\x69\x5d\x3b\x20\x5f\x5f\x75\x5f\x69\x2b\x2b\x29\x20\x3b\x0a\x20\x20\x20\x20\x69"
  "\x66\x20\x28\x5f\x5f\x75\x5f\x69\x20\x3d\x3d\x20\x30\x20\x7c\x7c\x20\x5f\x5f\x75"
  "\x5f\x69\x20\x3e\x3d\x20\x32\x35\x36\x20\x7c\x7c\x20\x5f\x55\x4e\x49\x53\x41\x5f"
  "\x44\x49\x52\x4e\x41\x4d\x45\x20\x2b\x20\x5f\x5f\x75\x5f\x69\x20\x3e\x3d\x20\x5f"
  "\x5f\x75\x5f\x72\x6c\x29\x20\x7b\x0a\x20\x20\x20\x20\x20\x20\x20\x20\x5f\x5f\x75"
  "\x5f\x64\x2d\x3e\x66\x61\x69\x6c\x65\x64\x20\x3d\x20\x45\x49\x4f\x3b\x20\x65\x72"
  "\x72\x6e\x6f\x20\x3d\x20\x45\x49\x4f\x3b\x20\x72\x65\x74\x75\x72\x6e\x20\x30\x3b"
  "\x0a\x20\x20\x20\x20\x7d\x0a\x20\x20\x20\x20\x5f\x5f\x75\x5f\x64\x2d\x3e\x65\x6e"
  "\x74\x2e\x64\x5f\x6e\x61\x6d\x65\x5b\x5f\x5f\x75\x5f\x69\x5d\x20\x3d\x20\x30\x3b"
  "\x0a\x20\x20\x20\x20\x77\x68\x69\x6c\x65\x20\x28\x5f\x5f\x75\x5f\x69\x20\x3e\x20"
  "\x30\x29\x20\x7b\x20\x5f\x5f\x75\x5f\x69\x2d\x2d\x3b\x20\x5f\x5f\x75\x5f\x64\x2d"
  "\x3e\x65\x6e\x74\x2e\x64\x5f\x6e\x61\x6d\x65\x5b\x5f\x5f\x75\x5f\x69\x5d\x20\x3d"
  "\x20\x28\x63\x68\x61\x72\x29\x5f\x5f\x75\x5f\x72\x5b\x5f\x55\x4e\x49\x53\x41\x5f"
  "\x44\x49\x52\x4e\x41\x4d\x45\x20\x2b\x20\x5f\x5f\x75\x5f\x69\x5d\x3b\x20\x7d\x0a"
  "\x20\x20\x20\x20\x5f\x5f\x75\x5f\x64\x2d\x3e\x65\x6e\x74\x2e\x64\x5f\x69\x6e\x6f"
  "\x20\x3d\x20\x30\x3b\x0a\x20\x20\x20\x20\x66\x6f\x72\x20\x28\x5f\x5f\x75\x5f\x69"
  "\x20\x3d\x20\x37\x3b\x20\x5f\x5f\x75\x5f\x69\x20\x3e\x3d\x20\x30\x3b\x20\x5f\x5f"
  "\x75\x5f\x69\x2d\x2d\x29\x0a\x20\x20\x20\x20\x20\x20\x20\x20\x5f\x5f\x75\x5f\x64"
  "\x2d\x3e\x65\x6e\x74\x2e\x64\x5f\x69\x6e\x6f\x20\x3d\x20\x28\x5f\x5f\x75\x5f\x64"
  "\x2d\x3e\x65\x6e\x74\x2e\x64\x5f\x69\x6e\x6f\x20\x3c\x3c\x20\x38\x29\x20\x7c\x20"
  "\x5f\x5f\x75\x5f\x72\x5b\x5f\x5f\x75\x5f\x69\x5d\x3b\x0a\x20\x20\x20\x20\x5f\x5f"
  "\x75\x5f\x64\x2d\x3e\x65\x6e\x74\x2e\x64\x5f\x74\x79\x70\x65\x20\x3d\x20\x5f\x5f"
  "\x75\x5f\x72\x5b\x5f\x55\x4e\x49\x53\x41\x5f\x44\x49\x52\x4e\x41\x4d\x45\x20\x2d"
  "\x20\x31\x5d\x3b\x20\x5f\x5f\x75\x5f\x64\x2d\x3e\x70\x6f\x73\x20\x2b\x3d\x20\x5f"
  "\x5f\x75\x5f\x72\x6c\x3b\x0a\x20\x20\x20\x20\x72\x65\x74\x75\x72\x6e\x20\x26\x5f"
  "\x5f\x75\x5f\x64\x2d\x3e\x65\x6e\x74\x3b\x0a\x7d\x0a\x23\x65\x6e\x64\x69\x66\x0a"
  "\x23\x69\x66\x20\x21\x5f\x5f\x55\x4e\x49\x53\x41\x5f\x46\x54\x52\x49\x4d\x5f\x4c"
  "\x49\x42\x43\x20\x7c\x7c\x20\x5f\x5f\x55\x4e\x5f\x63\x6c\x6f\x73\x65\x64\x69\x72"
  "\x0a\x73\x74\x61\x74\x69\x63\x20\x69\x6e\x74\x20\x63\x6c\x6f\x73\x65\x64\x69\x72"
  "\x28\x44\x49\x52\x20\x2a\x5f\x5f\x75\x5f\x64\x29\x20\x7b\x0a\x20\x20\x20\x20\x6c"
  "\x6f\x6e\x67\x20\x5f\x5f\x75\x5f\x72\x3b\x0a\x20\x20\x20\x20\x69\x66\x20\x28\x5f"
  "\x5f\x75\x5f\x64\x20\x3d\x3d\x20\x30\x29\x20\x7b\x20\x65\x72\x72\x6e\x6f\x20\x3d"
  "\x20\x45\x42\x41\x44\x46\x3b\x20\x72\x65\x74\x75\x72\x6e\x20\x2d\x31\x3b\x20\x7d"
  "\x0a\x20\x20\x20\x20\x5f\x5f\x75\x5f\x72\x20\x3d\x20\x5f\x5f\x63\x6c\x6f\x73\x65"
  "\x28\x5f\x5f\x75\x5f\x64\x2d\x3e\x66\x64\x29\x3b\x20\x66\x72\x65\x65\x28\x5f\x5f"
  "\x75\x5f\x64\x29\x3b\x0a\x20\x20\x20\x20\x69\x66\x20\x28\x5f\x5f\x75\x5f\x72\x20"
  "\x3c\x20\x30\x29\x20\x7b\x20\x65\x72\x72\x6e\x6f\x20\x3d\x20\x28\x69\x6e\x74\x29"
  "\x28\x30\x20\x2d\x20\x5f\x5f\x75\x5f\x72\x29\x3b\x20\x72\x65\x74\x75\x72\x6e\x20"
  "\x2d\x31\x3b\x20\x7d\x0a\x20\x20\x20\x20\x72\x65\x74\x75\x72\x6e\x20\x30\x3b\x0a"
  "\x7d\x0a\x23\x65\x6e\x64\x69\x66\x0a\x23\x65\x6e\x64\x69\x66\x0a";

/* HDR_3: include/errno.h, verbatim */
char *HDR_3 =
  "\x2f\x2a\x20\x3c\x65\x72\x72\x6e\x6f\x2e\x68\x3e\x20\x66\x6f\x72\x20\x74\x68\x65"
  "\x20\x75\x6e\x69\x73\x61\x20\x43\x20\x73\x75\x62\x73\x65\x74\x2e\x20\x20\x60\x65"
  "\x72\x72\x6e\x6f\x60\x20\x69\x73\x20\x61\x6e\x20\x6f\x72\x64\x69\x6e\x61\x72\x79"
  "\x20\x69\x6e\x74\x20\x69\x6e\x20\x74\x68\x65\x0a\x20\x2a\x20\x69\x6d\x61\x67\x65"
  "\x3a\x20\x74\x68\x65\x20\x6c\x69\x62\x72\x61\x72\x79\x20\x66\x75\x6e\x63\x74\x69"
  "\x6f\x6e\x73\x20\x68\x65\x72\x65\x20\x73\x65\x74\x20\x69\x74\x20\x77\x68\x65\x72"
  "\x65\x20\x43\x20\x73\x61\x79\x73\x20\x74\x68\x65\x79\x20\x6d\x75\x73\x74\x20\x28"
  "\x73\x74\x72\x74\x6f\x6c\x0a\x20\x2a\x20\x6f\x6e\x20\x6f\x76\x65\x72\x66\x6c\x6f"
  "\x77\x2c\x20\x74\x68\x65\x20\x6d\x61\x74\x68\x20\x66\x75\x6e\x63\x74\x69\x6f\x6e"
  "\x73\x20\x6f\x6e\x20\x61\x20\x64\x6f\x6d\x61\x69\x6e\x20\x65\x72\x72\x6f\x72\x29"
  "\x2c\x20\x61\x6e\x64\x20\x6e\x6f\x74\x68\x69\x6e\x67\x20\x65\x6c\x73\x65\x0a\x20"
  "\x2a\x20\x64\x6f\x65\x73\x20\x2d\x2d\x20\x61\x20\x73\x79\x73\x74\x65\x6d\x20\x63"
  "\x61\x6c\x6c\x20\x74\x68\x61\x74\x20\x66\x61\x69\x6c\x73\x20\x72\x65\x74\x75\x72"
  "\x6e\x73\x20\x69\x74\x73\x20\x65\x72\x72\x6f\x72\x20\x74\x6f\x20\x74\x68\x65\x20"
  "\x63\x61\x6c\x6c\x65\x72\x2c\x20\x61\x6e\x64\x0a\x20\x2a\x20\x74\x68\x65\x20\x68"
  "\x65\x61\x64\x65\x72\x20\x74\x68\x61\x74\x20\x77\x72\x61\x70\x73\x20\x69\x74\x20"
  "\x69\x73\x20\x77\x68\x61\x74\x20\x74\x75\x72\x6e\x73\x20\x74\x68\x61\x74\x20\x69"
  "\x6e\x74\x6f\x20\x65\x72\x72\x6e\x6f\x2e\x20\x2a\x2f\x0a\x23\x69\x66\x6e\x64\x65"
  "\x66\x20\x5f\x55\x4e\x49\x53\x41\x5f\x45\x52\x52\x4e\x4f\x5f\x48\x0a\x23\x64\x65"
  "\x66\x69\x6e\x65\x20\x5f\x55\x4e\x49\x53\x41\x5f\x45\x52\x52\x4e\x4f\x5f\x48\x0a"
  "\x73\x74\x61\x74\x69\x63\x20\x69\x6e\x74\x20\x65\x72\x72\x6e\x6f\x20\x3d\x20\x30"
  "\x3b\x0a\x23\x64\x65\x66\x69\x6e\x65\x20\x45\x50\x45\x52\x4d\x20\x20\x20\x31\x0a"
  "\x23\x64\x65\x66\x69\x6e\x65\x20\x45\x4e\x4f\x45\x4e\x54\x20\x20\x32\x0a\x23\x64"
  "\x65\x66\x69\x6e\x65\x20\x45\x49\x4f\x20\x20\x20\x20\x20\x35\x0a\x23\x64\x65\x66"
  "\x69\x6e\x65\x20\x45\x42\x41\x44\x46\x20\x20\x20\x39\x0a\x23\x64\x65\x66\x69\x6e"
  "\x65\x20\x45\x4e\x4f\x4d\x45\x4d\x20\x20\x31\x32\x0a\x23\x64\x65\x66\x69\x6e\x65"
  "\x20\x45\x41\x43\x43\x45\x53\x20\x20\x31\x33\x0a\x23\x64\x65\x66\x69\x6e\x65\x20"
  "\x45\x45\x58\x49\x53\x54\x20\x20\x31\x37\x0a\x23\x64\x65\x66\x69\x6e\x65\x20\x45"
  "\x4e\x4f\x54\x54\x59\x20\x20\x32\x35\x0a\x23\x64\x65\x66\x69\x6e\x65\x20\x45\x49"
  "\x4e\x56\x41\x4c\x20\x20\x32\x32\x0a\x23\x64\x65\x66\x69\x6e\x65\x20\x45\x4e\x4f"
  "\x53\x50\x43\x20\x20\x32\x38\x0a\x23\x64\x65\x66\x69\x6e\x65\x20\x45\x44\x4f\x4d"
  "\x20\x20\x20\x20\x33\x33\x0a\x23\x64\x65\x66\x69\x6e\x65\x20\x45\x52\x41\x4e\x47"
  "\x45\x20\x20\x33\x34\x0a\x23\x65\x6e\x64\x69\x66\x0a";

/* HDR_4: include/fcntl.h, verbatim */
char *HDR_4 =
  "\x2f\x2a\x20\x3c\x66\x63\x6e\x74\x6c\x2e\x68\x3e\x20\x28\x30\x2e\x30\x2e\x31\x38"
  "\x20\x52\x31\x38\x2d\x31\x30\x29\x3a\x20\x74\x68\x65\x20\x4f\x5f\x2a\x20\x61\x6e"
  "\x64\x20\x46\x5f\x2a\x20\x63\x6f\x6e\x73\x74\x61\x6e\x74\x73\x20\x6f\x66\x20\x65"
  "\x61\x63\x68\x20\x74\x61\x72\x67\x65\x74\x27\x73\x0a\x20\x2a\x20\x6b\x65\x72\x6e"
  "\x65\x6c\x2c\x20\x6f\x70\x65\x6e\x28\x29\x20\x61\x6e\x64\x20\x66\x63\x6e\x74\x6c"
  "\x28\x29\x20\x6f\x76\x65\x72\x20\x69\x74\x73\x20\x6f\x77\x6e\x20\x63\x61\x6c\x6c"
  "\x73\x2e\x20\x20\x57\x69\x6e\x64\x6f\x77\x73\x3a\x20\x6e\x6f\x74\x20\x79\x65\x74"
  "\x2e\x20\x2a\x2f\x0a\x23\x69\x66\x6e\x64\x65\x66\x20\x5f\x55\x4e\x49\x53\x41\x5f"
  "\x46\x43\x4e\x54\x4c\x5f\x48\x0a\x23\x64\x65\x66\x69\x6e\x65\x20\x5f\x55\x4e\x49"
  "\x53\x41\x5f\x46\x43\x4e\x54\x4c\x5f\x48\x0a\x23\x69\x6e\x63\x6c\x75\x64\x65\x20"
  "\x3c\x73\x79\x73\x2f\x74\x79\x70\x65\x73\x2e\x68\x3e\x0a\x23\x69\x6e\x63\x6c\x75"
  "\x64\x65\x20\x3c\x65\x72\x72\x6e\x6f\x2e\x68\x3e\x0a\x23\x69\x66\x6e\x64\x65\x66"
  "\x20\x5f\x57\x49\x4e\x33\x32\x0a\x23\x64\x65\x66\x69\x6e\x65\x20\x4f\x5f\x52\x44"
  "\x4f\x4e\x4c\x59\x20\x30\x0a\x23\x64\x65\x66\x69\x6e\x65\x20\x4f\x5f\x57\x52\x4f"
  "\x4e\x4c\x59\x20\x31\x0a\x23\x64\x65\x66\x69\x6e\x65\x20\x4f\x5f\x52\x44\x57\x52"
  "\x20\x20\x20\x32\x0a\x23\x64\x65\x66\x69\x6e\x65\x20\x4f\x5f\x41\x43\x43\x4d\x4f"
  "\x44\x45\x20\x33\x0a\x23\x69\x66\x64\x65\x66\x20\x5f\x5f\x41\x50\x50\x4c\x45\x5f"
  "\x5f\x0a\x23\x64\x65\x66\x69\x6e\x65\x20\x4f\x5f\x4e\x4f\x4e\x42\x4c\x4f\x43\x4b"
  "\x20\x20\x30\x78\x34\x0a\x23\x64\x65\x66\x69\x6e\x65\x20\x4f\x5f\x41\x50\x50\x45"
  "\x4e\x44\x20\x20\x20\x20\x30\x78\x38\x0a\x23\x64\x65\x66\x69\x6e\x65\x20\x4f\x5f"
  "\x43\x52\x45\x41\x54\x20\x20\x20\x20\x20\x30\x78\x32\x30\x30\x0a\x23\x64\x65\x66"
  "\x69\x6e\x65\x20\x4f\x5f\x54\x52\x55\x4e\x43\x20\x20\x20\x20\x20\x30\x78\x34\x30"
  "\x30\x0a\x23\x64\x65\x66\x69\x6e\x65\x20\x4f\x5f\x45\x58\x43\x4c\x20\x20\x20\x20"
  "\x20\x20\x30\x78\x38\x30\x30\x0a\x23\x64\x65\x66\x69\x6e\x65\x20\x4f\x5f\x4e\x4f"
  "\x46\x4f\x4c\x4c\x4f\x57\x20\x20\x30\x78\x31\x30\x30\x0a\x23\x64\x65\x66\x69\x6e"
  "\x65\x20\x4f\x5f\x44\x49\x52\x45\x43\x54\x4f\x52\x59\x20\x30\x78\x31\x30\x30\x30"
  "\x30\x30\x0a\x23\x64\x65\x66\x69\x6e\x65\x20\x4f\x5f\x43\x4c\x4f\x45\x58\x45\x43"
  "\x20\x20\x20\x30\x78\x31\x30\x30\x30\x30\x30\x30\x0a\x23\x65\x6c\x73\x65\x0a\x23"
  "\x64\x65\x66\x69\x6e\x65\x20\x4f\x5f\x43\x52\x45\x41\x54\x20\x20\x20\x20\x20\x30"
  "\x31\x30\x30\x0a\x23\x64\x65\x66\x69\x6e\x65\x20\x4f\x5f\x45\x58\x43\x4c\x20\x20"
  "\x20\x20\x20\x20\x30\x32\x30\x30\x0a\x23\x64\x65\x66\x69\x6e\x65\x20\x4f\x5f\x4e"
  "\x4f\x43\x54\x54\x59\x20\x20\x20\x20\x30\x34\x30\x30\x0a\x23\x64\x65\x66\x69\x6e"
  "\x65\x20\x4f\x5f\x54\x52\x55\x4e\x43\x20\x20\x20\x20\x20\x30\x31\x30\x30\x30\x0a"
  "\x23\x64\x65\x66\x69\x6e\x65\x20\x4f\x5f\x41\x50\x50\x45\x4e\x44\x20\x20\x20\x20"
  "\x30\x32\x30\x30\x30\x0a\x23\x64\x65\x66\x69\x6e\x65\x20\x4f\x5f\x4e\x4f\x4e\x42"
  "\x4c\x4f\x43\x4b\x20\x20\x30\x34\x30\x30\x30\x0a\x23\x64\x65\x66\x69\x6e\x65\x20"
  "\x4f\x5f\x43\x4c\x4f\x45\x58\x45\x43\x20\x20\x20\x30\x32\x30\x30\x30\x30\x30\x30"
  "\x0a\x23\x69\x66\x64\x65\x66\x20\x5f\x5f\x61\x61\x72\x63\x68\x36\x34\x5f\x5f\x0a"
  "\x23\x64\x65\x66\x69\x6e\x65\x20\x4f\x5f\x44\x49\x52\x45\x43\x54\x4f\x52\x59\x20"
  "\x30\x34\x30\x30\x30\x30\x0a\x23\x64\x65\x66\x69\x6e\x65\x20\x4f\x5f\x4e\x4f\x46"
  "\x4f\x4c\x4c\x4f\x57\x20\x20\x30\x31\x30\x30\x30\x30\x30\x0a\x23\x65\x6c\x73\x65"
  "\x0a\x23\x64\x65\x66\x69\x6e\x65\x20\x4f\x5f\x44\x49\x52\x45\x43\x54\x4f\x52\x59"
  "\x20\x30\x32\x30\x30\x30\x30\x30\x0a\x23\x64\x65\x66\x69\x6e\x65\x20\x4f\x5f\x4e"
  "\x4f\x46\x4f\x4c\x4c\x4f\x57\x20\x20\x30\x34\x30\x30\x30\x30\x30\x0a\x23\x65\x6e"
  "\x64\x69\x66\x0a\x23\x65\x6e\x64\x69\x66\x0a\x23\x64\x65\x66\x69\x6e\x65\x20\x46"
  "\x5f\x44\x55\x50\x46\x44\x20\x30\x0a\x23\x64\x65\x66\x69\x6e\x65\x20\x46\x5f\x47"
  "\x45\x54\x46\x44\x20\x31\x0a\x23\x64\x65\x66\x69\x6e\x65\x20\x46\x5f\x53\x45\x54"
  "\x46\x44\x20\x32\x0a\x23\x64\x65\x66\x69\x6e\x65\x20\x46\x5f\x47\x45\x54\x46\x4c"
  "\x20\x33\x0a\x23\x64\x65\x66\x69\x6e\x65\x20\x46\x5f\x53\x45\x54\x46\x4c\x20\x34"
  "\x0a\x23\x64\x65\x66\x69\x6e\x65\x20\x46\x44\x5f\x43\x4c\x4f\x45\x58\x45\x43\x20"
  "\x31\x0a\x23\x69\x66\x20\x21\x5f\x5f\x55\x4e\x49\x53\x41\x5f\x46\x54\x52\x49\x4d"
  "\x5f\x4c\x49\x42\x43\x20\x7c\x7c\x20\x5f\x5f\x55\x4e\x5f\x6f\x70\x65\x6e\x0a\x73"
  "\x74\x61\x74\x69\x63\x20\x69\x6e\x74\x20\x6f\x70\x65\x6e\x28\x63\x6f\x6e\x73\x74"
  "\x20\x63\x68\x61\x72\x20\x2a\x5f\x5f\x75\x5f\x70\x2c\x20\x69\x6e\x74\x20\x5f\x5f"
  "\x75\x5f\x66\x6c\x61\x67\x73\x2c\x20\x69\x6e\x74\x20\x5f\x5f\x75\x5f\x6d\x6f\x64"
  "\x65\x29\x20\x7b\x0a\x20\x20\x20\x20\x6c\x6f\x6e\x67\x20\x5f\x5f\x75\x5f\x72\x3b"
  "\x20\x5f\x5f\x75\x5f\x72\x20\x3d\x20\x5f\x5f\x6f\x70\x65\x6e\x28\x28\x63\x68\x61"
  "\x72\x20\x2a\x29\x5f\x5f\x75\x5f\x70\x2c\x20\x5f\x5f\x75\x5f\x66\x6c\x61\x67\x73"
  "\x2c\x20\x5f\x5f\x75\x5f\x6d\x6f\x64\x65\x29\x3b\x0a\x20\x20\x20\x20\x69\x66\x20"
  "\x28\x5f\x5f\x75\x5f\x72\x20\x3c\x20\x30\x29\x20\x7b\x20\x65\x72\x72\x6e\x6f\x20"
  "\x3d\x20\x28\x69\x6e\x74\x29\x28\x30\x20\x2d\x20\x5f\x5f\x75\x5f\x72\x29\x3b\x20"
  "\x72\x65\x74\x75\x72\x6e\x20\x2d\x31\x3b\x20\x7d\x20\x72\x65\x74\x75\x72\x6e\x20"
  "\x28\x69\x6e\x74\x29\x5f\x5f\x75\x5f\x72\x3b\x0a\x7d\x0a\x23\x65\x6e\x64\x69\x66"
  "\x0a\x23\x69\x66\x20\x21\x5f\x5f\x55\x4e\x49\x53\x41\x5f\x46\x54\x52\x49\x4d\x5f"
  "\x4c\x49\x42\x43\x20\x7c\x7c\x20\x5f\x5f\x55\x4e\x5f\x66\x63\x6e\x74\x6c\x0a\x73"
  "\x74\x61\x74\x69\x63\x20\x69\x6e\x74\x20\x66\x63\x6e\x74\x6c\x28\x69\x6e\x74\x20"
  "\x5f\x5f\x75\x5f\x66\x64\x2c\x20\x69\x6e\x74\x20\x5f\x5f\x75\x5f\x63\x6d\x64\x2c"
  "\x20\x6c\x6f\x6e\x67\x20\x5f\x5f\x75\x5f\x61\x72\x67\x29\x20\x7b\x0a\x20\x20\x20"
  "\x20\x6c\x6f\x6e\x67\x20\x5f\x5f\x75\x5f\x72\x3b\x20\x5f\x5f\x75\x5f\x72\x20\x3d"
  "\x20\x5f\x5f\x66\x63\x6e\x74\x6c\x28\x5f\x5f\x75\x5f\x66\x64\x2c\x20\x5f\x5f\x75"
  "\x5f\x63\x6d\x64\x2c\x20\x5f\x5f\x75\x5f\x61\x72\x67\x29\x3b\x0a\x20\x20\x20\x20"
  "\x69\x66\x20\x28\x5f\x5f\x75\x5f\x72\x20\x3c\x20\x30\x29\x20\x7b\x20\x65\x72\x72"
  "\x6e\x6f\x20\x3d\x20\x28\x69\x6e\x74\x29\x28\x30\x20\x2d\x20\x5f\x5f\x75\x5f\x72"
  "\x29\x3b\x20\x72\x65\x74\x75\x72\x6e\x20\x2d\x31\x3b\x20\x7d\x20\x72\x65\x74\x75"
  "\x72\x6e\x20\x28\x69\x6e\x74\x29\x5f\x5f\x75\x5f\x72\x3b\x0a\x7d\x0a\x23\x65\x6e"
  "\x64\x69\x66\x0a\x23\x65\x6e\x64\x69\x66\x0a\x23\x65\x6e\x64\x69\x66\x0a";

/* HDR_5: include/float.h, verbatim */
char *HDR_5 =
  "\x2f\x2a\x20\x3c\x66\x6c\x6f\x61\x74\x2e\x68\x3e\x20\x66\x6f\x72\x20\x74\x68\x65"
  "\x20\x75\x6e\x69\x73\x61\x20\x43\x20\x73\x75\x62\x73\x65\x74\x3a\x20\x49\x45\x45"
  "\x45\x20\x62\x69\x6e\x61\x72\x79\x33\x32\x20\x61\x6e\x64\x20\x62\x69\x6e\x61\x72"
  "\x79\x36\x34\x2c\x20\x77\x68\x69\x63\x68\x20\x69\x73\x0a\x20\x2a\x20\x77\x68\x61"
  "\x74\x20\x65\x76\x65\x72\x79\x20\x74\x61\x72\x67\x65\x74\x20\x68\x65\x72\x65\x20"
  "\x68\x61\x73\x2e\x20\x20\x57\x72\x69\x74\x74\x65\x6e\x20\x61\x73\x20\x74\x68\x65"
  "\x20\x73\x74\x61\x6e\x64\x61\x72\x64\x20\x6e\x61\x6d\x65\x73\x20\x74\x68\x65\x6d"
  "\x20\x28\x43\x39\x39\x0a\x20\x2a\x20\x35\x2e\x32\x2e\x34\x2e\x32\x2e\x32\x29\x2c"
  "\x20\x77\x69\x74\x68\x20\x74\x68\x65\x20\x6c\x69\x74\x65\x72\x61\x6c\x73\x20\x63"
  "\x63\x27\x73\x20\x6f\x77\x6e\x20\x3c\x66\x6c\x6f\x61\x74\x2e\x68\x3e\x20\x75\x73"
  "\x65\x73\x20\x73\x6f\x20\x61\x20\x70\x72\x6f\x67\x72\x61\x6d\x20\x74\x68\x61\x74"
  "\x0a\x20\x2a\x20\x70\x72\x69\x6e\x74\x73\x20\x74\x68\x65\x6d\x20\x61\x67\x72\x65"
  "\x65\x73\x20\x77\x69\x74\x68\x20\x74\x68\x65\x20\x73\x79\x73\x74\x65\x6d\x20\x63"
  "\x6f\x6d\x70\x69\x6c\x65\x72\x2e\x20\x2a\x2f\x0a\x23\x69\x66\x6e\x64\x65\x66\x20"
  "\x5f\x55\x4e\x49\x53\x41\x5f\x46\x4c\x4f\x41\x54\x5f\x48\x0a\x23\x64\x65\x66\x69"
  "\x6e\x65\x20\x5f\x55\x4e\x49\x53\x41\x5f\x46\x4c\x4f\x41\x54\x5f\x48\x0a\x23\x64"
  "\x65\x66\x69\x6e\x65\x20\x46\x4c\x54\x5f\x52\x41\x44\x49\x58\x20\x20\x20\x20\x20"
  "\x20\x20\x20\x32\x0a\x23\x64\x65\x66\x69\x6e\x65\x20\x46\x4c\x54\x5f\x52\x4f\x55"
  "\x4e\x44\x53\x20\x20\x20\x20\x20\x20\x20\x31\x0a\x23\x64\x65\x66\x69\x6e\x65\x20"
  "\x46\x4c\x54\x5f\x45\x56\x41\x4c\x5f\x4d\x45\x54\x48\x4f\x44\x20\x20\x30\x0a\x23"
  "\x64\x65\x66\x69\x6e\x65\x20\x46\x4c\x54\x5f\x4d\x41\x4e\x54\x5f\x44\x49\x47\x20"
  "\x20\x20\x20\x20\x32\x34\x0a\x23\x64\x65\x66\x69\x6e\x65\x20\x46\x4c\x54\x5f\x44"
  "\x49\x47\x20\x20\x20\x20\x20\x20\x20\x20\x20\x20\x36\x0a\x23\x64\x65\x66\x69\x6e"
  "\x65\x20\x46\x4c\x54\x5f\x4d\x49\x4e\x5f\x45\x58\x50\x20\x20\x20\x20\x20\x20\x28"
  "\x2d\x31\x32\x35\x29\x0a\x23\x64\x65\x66\x69\x6e\x65\x20\x46\x4c\x54\x5f\x4d\x49"
  "\x4e\x5f\x31\x30\x5f\x45\x58\x50\x20\x20\x20\x28\x2d\x33\x37\x29\x0a\x23\x64\x65"
  "\x66\x69\x6e\x65\x20\x46\x4c\x54\x5f\x4d\x41\x58\x5f\x45\x58\x50\x20\x20\x20\x20"
  "\x20\x20\x31\x32\x38\x0a\x23\x64\x65\x66\x69\x6e\x65\x20\x46\x4c\x54\x5f\x4d\x41"
  "\x58\x5f\x31\x30\x5f\x45\x58\x50\x20\x20\x20\x33\x38\x0a\x23\x64\x65\x66\x69\x6e"
  "\x65\x20\x46\x4c\x54\x5f\x4d\x41\x58\x20\x20\x20\x20\x20\x20\x20\x20\x20\x20\x33"
  "\x2e\x34\x30\x32\x38\x32\x33\x34\x37\x65\x2b\x33\x38\x46\x0a\x23\x64\x65\x66\x69"
  "\x6e\x65\x20\x46\x4c\x54\x5f\x45\x50\x53\x49\x4c\x4f\x4e\x20\x20\x20\x20\x20\x20"
  "\x31\x2e\x31\x39\x32\x30\x39\x32\x39\x30\x65\x2d\x30\x37\x46\x0a\x23\x64\x65\x66"
  "\x69\x6e\x65\x20\x46\x4c\x54\x5f\x4d\x49\x4e\x20\x20\x20\x20\x20\x20\x20\x20\x20"
  "\x20\x31\x2e\x31\x37\x35\x34\x39\x34\x33\x35\x65\x2d\x33\x38\x46\x0a\x23\x64\x65"
  "\x66\x69\x6e\x65\x20\x44\x42\x4c\x5f\x4d\x41\x4e\x54\x5f\x44\x49\x47\x20\x20\x20"
  "\x20\x20\x35\x33\x0a\x23\x64\x65\x66\x69\x6e\x65\x20\x44\x42\x4c\x5f\x44\x49\x47"
  "\x20\x20\x20\x20\x20\x20\x20\x20\x20\x20\x31\x35\x0a\x23\x64\x65\x66\x69\x6e\x65"
  "\x20\x44\x42\x4c\x5f\x4d\x49\x4e\x5f\x45\x58\x50\x20\x20\x20\x20\x20\x20\x28\x2d"
  "\x31\x30\x32\x31\x29\x0a\x23\x64\x65\x66\x69\x6e\x65\x20\x44\x42\x4c\x5f\x4d\x49"
  "\x4e\x5f\x31\x30\x5f\x45\x58\x50\x20\x20\x20\x28\x2d\x33\x30\x37\x29\x0a\x23\x64"
  "\x65\x66\x69\x6e\x65\x20\x44\x42\x4c\x5f\x4d\x41\x58\x5f\x45\x58\x50\x20\x20\x20"
  "\x20\x20\x20\x31\x30\x32\x34\x0a\x23\x64\x65\x66\x69\x6e\x65\x20\x44\x42\x4c\x5f"
  "\x4d\x41\x58\x5f\x31\x30\x5f\x45\x58\x50\x20\x20\x20\x33\x30\x38\x0a\x23\x64\x65"
  "\x66\x69\x6e\x65\x20\x44\x42\x4c\x5f\x4d\x41\x58\x20\x20\x20\x20\x20\x20\x20\x20"
  "\x20\x20\x31\x2e\x37\x39\x37\x36\x39\x33\x31\x33\x34\x38\x36\x32\x33\x31\x35\x37"
  "\x65\x2b\x33\x30\x38\x0a\x23\x64\x65\x66\x69\x6e\x65\x20\x44\x42\x4c\x5f\x45\x50"
  "\x53\x49\x4c\x4f\x4e\x20\x20\x20\x20\x20\x20\x32\x2e\x32\x32\x30\x34\x34\x36\x30"
  "\x34\x39\x32\x35\x30\x33\x31\x33\x31\x65\x2d\x31\x36\x0a\x23\x64\x65\x66\x69\x6e"
  "\x65\x20\x44\x42\x4c\x5f\x4d\x49\x4e\x20\x20\x20\x20\x20\x20\x20\x20\x20\x20\x32"
  "\x2e\x32\x32\x35\x30\x37\x33\x38\x35\x38\x35\x30\x37\x32\x30\x31\x34\x65\x2d\x33"
  "\x30\x38\x0a\x23\x64\x65\x66\x69\x6e\x65\x20\x4c\x44\x42\x4c\x5f\x4d\x41\x4e\x54"
  "\x5f\x44\x49\x47\x20\x20\x20\x20\x44\x42\x4c\x5f\x4d\x41\x4e\x54\x5f\x44\x49\x47"
  "\x0a\x23\x64\x65\x66\x69\x6e\x65\x20\x4c\x44\x42\x4c\x5f\x44\x49\x47\x20\x20\x20"
  "\x20\x20\x20\x20\x20\x20\x44\x42\x4c\x5f\x44\x49\x47\x0a\x23\x64\x65\x66\x69\x6e"
  "\x65\x20\x4c\x44\x42\x4c\x5f\x4d\x49\x4e\x5f\x45\x58\x50\x20\x20\x20\x20\x20\x44"
  "\x42\x4c\x5f\x4d\x49\x4e\x5f\x45\x58\x50\x0a\x23\x64\x65\x66\x69\x6e\x65\x20\x4c"
  "\x44\x42\x4c\x5f\x4d\x49\x4e\x5f\x31\x30\x5f\x45\x58\x50\x20\x20\x44\x42\x4c\x5f"
  "\x4d\x49\x4e\x5f\x31\x30\x5f\x45\x58\x50\x0a\x23\x64\x65\x66\x69\x6e\x65\x20\x4c"
  "\x44\x42\x4c\x5f\x4d\x41\x58\x5f\x45\x58\x50\x20\x20\x20\x20\x20\x44\x42\x4c\x5f"
  "\x4d\x41\x58\x5f\x45\x58\x50\x0a\x23\x64\x65\x66\x69\x6e\x65\x20\x4c\x44\x42\x4c"
  "\x5f\x4d\x41\x58\x5f\x31\x30\x5f\x45\x58\x50\x20\x20\x44\x42\x4c\x5f\x4d\x41\x58"
  "\x5f\x31\x30\x5f\x45\x58\x50\x0a\x23\x64\x65\x66\x69\x6e\x65\x20\x4c\x44\x42\x4c"
  "\x5f\x4d\x41\x58\x20\x20\x20\x20\x20\x20\x20\x20\x20\x44\x42\x4c\x5f\x4d\x41\x58"
  "\x0a\x23\x64\x65\x66\x69\x6e\x65\x20\x4c\x44\x42\x4c\x5f\x45\x50\x53\x49\x4c\x4f"
  "\x4e\x20\x20\x20\x20\x20\x44\x42\x4c\x5f\x45\x50\x53\x49\x4c\x4f\x4e\x0a\x23\x64"
  "\x65\x66\x69\x6e\x65\x20\x4c\x44\x42\x4c\x5f\x4d\x49\x4e\x20\x20\x20\x20\x20\x20"
  "\x20\x20\x20\x44\x42\x4c\x5f\x4d\x49\x4e\x0a\x23\x64\x65\x66\x69\x6e\x65\x20\x44"
  "\x45\x43\x49\x4d\x41\x4c\x5f\x44\x49\x47\x20\x20\x20\x20\x20\x20\x31\x37\x0a\x23"
  "\x65\x6e\x64\x69\x66\x0a";

/* HDR_6: include/inttypes.h, verbatim */
char *HDR_6 =
  "\x2f\x2a\x20\x3c\x69\x6e\x74\x74\x79\x70\x65\x73\x2e\x68\x3e\x20\x66\x6f\x72\x20"
  "\x74\x68\x65\x20\x75\x6e\x69\x73\x61\x20\x43\x20\x73\x75\x62\x73\x65\x74\x3a\x20"
  "\x74\x68\x65\x20\x70\x72\x69\x6e\x74\x66\x2f\x73\x63\x61\x6e\x66\x20\x6c\x65\x6e"
  "\x67\x74\x68\x20\x70\x72\x65\x66\x69\x78\x65\x73\x0a\x20\x2a\x20\x43\x39\x39\x20"
  "\x61\x64\x64\x65\x64\x2c\x20\x6f\x6e\x20\x74\x6f\x70\x20\x6f\x66\x20\x3c\x73\x74"
  "\x64\x69\x6e\x74\x2e\x68\x3e\x27\x73\x20\x74\x79\x70\x65\x73\x2e\x0a\x20\x2a\x0a"
  "\x20\x2a\x20\x4f\x6e\x20\x65\x76\x65\x72\x79\x20\x74\x61\x72\x67\x65\x74\x20\x74"
  "\x68\x69\x73\x20\x63\x6f\x6d\x70\x69\x6c\x65\x72\x20\x68\x61\x73\x2c\x20\x60\x6c"
  "\x6f\x6e\x67\x60\x20\x69\x73\x20\x36\x34\x20\x62\x69\x74\x73\x20\x61\x6e\x64\x20"
  "\x60\x69\x6e\x74\x60\x20\x69\x73\x20\x33\x32\x2c\x20\x73\x6f\x0a\x20\x2a\x20\x74"
  "\x68\x65\x20\x36\x34\x2d\x62\x69\x74\x20\x70\x72\x65\x66\x69\x78\x20\x69\x73\x20"
  "\x22\x6c\x22\x20\x61\x6e\x64\x20\x74\x68\x65\x20\x33\x32\x2d\x62\x69\x74\x20\x6f"
  "\x6e\x65\x20\x69\x73\x20\x65\x6d\x70\x74\x79\x20\x2d\x2d\x20\x74\x68\x65\x20\x73"
  "\x61\x6d\x65\x20\x63\x68\x6f\x69\x63\x65\x0a\x20\x2a\x20\x61\x6e\x20\x4c\x50\x36"
  "\x34\x20\x70\x6c\x61\x74\x66\x6f\x72\x6d\x27\x73\x20\x6f\x77\x6e\x20\x68\x65\x61"
  "\x64\x65\x72\x20\x6d\x61\x6b\x65\x73\x2e\x0a\x20\x2a\x2f\x0a\x23\x69\x66\x6e\x64"
  "\x65\x66\x20\x5f\x55\x4e\x49\x53\x41\x5f\x49\x4e\x54\x54\x59\x50\x45\x53\x5f\x48"
  "\x0a\x23\x64\x65\x66\x69\x6e\x65\x20\x5f\x55\x4e\x49\x53\x41\x5f\x49\x4e\x54\x54"
  "\x59\x50\x45\x53\x5f\x48\x0a\x23\x69\x6e\x63\x6c\x75\x64\x65\x20\x3c\x73\x74\x64"
  "\x69\x6e\x74\x2e\x68\x3e\x0a\x0a\x23\x64\x65\x66\x69\x6e\x65\x20\x50\x52\x49\x64"
  "\x38\x20\x20\x20\x22\x64\x22\x0a\x23\x64\x65\x66\x69\x6e\x65\x20\x50\x52\x49\x64"
  "\x31\x36\x20\x20\x22\x64\x22\x0a\x23\x64\x65\x66\x69\x6e\x65\x20\x50\x52\x49\x64"
  "\x33\x32\x20\x20\x22\x64\x22\x0a\x23\x64\x65\x66\x69\x6e\x65\x20\x50\x52\x49\x64"
  "\x36\x34\x20\x20\x22\x6c\x64\x22\x0a\x23\x64\x65\x66\x69\x6e\x65\x20\x50\x52\x49"
  "\x69\x38\x20\x20\x20\x22\x69\x22\x0a\x23\x64\x65\x66\x69\x6e\x65\x20\x50\x52\x49"
  "\x69\x31\x36\x20\x20\x22\x69\x22\x0a\x23\x64\x65\x66\x69\x6e\x65\x20\x50\x52\x49"
  "\x69\x33\x32\x20\x20\x22\x69\x22\x0a\x23\x64\x65\x66\x69\x6e\x65\x20\x50\x52\x49"
  "\x69\x36\x34\x20\x20\x22\x6c\x69\x22\x0a\x23\x64\x65\x66\x69\x6e\x65\x20\x50\x52"
  "\x49\x75\x38\x20\x20\x20\x22\x75\x22\x0a\x23\x64\x65\x66\x69\x6e\x65\x20\x50\x52"
  "\x49\x75\x31\x36\x20\x20\x22\x75\x22\x0a\x23\x64\x65\x66\x69\x6e\x65\x20\x50\x52"
  "\x49\x75\x33\x32\x20\x20\x22\x75\x22\x0a\x23\x64\x65\x66\x69\x6e\x65\x20\x50\x52"
  "\x49\x75\x36\x34\x20\x20\x22\x6c\x75\x22\x0a\x23\x64\x65\x66\x69\x6e\x65\x20\x50"
  "\x52\x49\x78\x38\x20\x20\x20\x22\x78\x22\x0a\x23\x64\x65\x66\x69\x6e\x65\x20\x50"
  "\x52\x49\x78\x31\x36\x20\x20\x22\x78\x22\x0a\x23\x64\x65\x66\x69\x6e\x65\x20\x50"
  "\x52\x49\x78\x33\x32\x20\x20\x22\x78\x22\x0a\x23\x64\x65\x66\x69\x6e\x65\x20\x50"
  "\x52\x49\x78\x36\x34\x20\x20\x22\x6c\x78\x22\x0a\x23\x64\x65\x66\x69\x6e\x65\x20"
  "\x50\x52\x49\x58\x36\x34\x20\x20\x22\x6c\x58\x22\x0a\x23\x64\x65\x66\x69\x6e\x65"
  "\x20\x50\x52\x49\x6f\x36\x34\x20\x20\x22\x6c\x6f\x22\x0a\x23\x64\x65\x66\x69\x6e"
  "\x65\x20\x50\x52\x49\x64\x50\x54\x52\x20\x22\x6c\x64\x22\x0a\x23\x64\x65\x66\x69"
  "\x6e\x65\x20\x50\x52\x49\x75\x50\x54\x52\x20\x22\x6c\x75\x22\x0a\x23\x64\x65\x66"
  "\x69\x6e\x65\x20\x50\x52\x49\x78\x50\x54\x52\x20\x22\x6c\x78\x22\x0a\x23\x64\x65"
  "\x66\x69\x6e\x65\x20\x50\x52\x49\x64\x4d\x41\x58\x20\x22\x6c\x64\x22\x0a\x23\x64"
  "\x65\x66\x69\x6e\x65\x20\x50\x52\x49\x75\x4d\x41\x58\x20\x22\x6c\x75\x22\x0a\x0a"
  "\x23\x64\x65\x66\x69\x6e\x65\x20\x53\x43\x4e\x64\x33\x32\x20\x20\x22\x64\x22\x0a"
  "\x23\x64\x65\x66\x69\x6e\x65\x20\x53\x43\x4e\x64\x36\x34\x20\x20\x22\x6c\x64\x22"
  "\x0a\x23\x64\x65\x66\x69\x6e\x65\x20\x53\x43\x4e\x75\x33\x32\x20\x20\x22\x75\x22"
  "\x0a\x23\x64\x65\x66\x69\x6e\x65\x20\x53\x43\x4e\x75\x36\x34\x20\x20\x22\x6c\x75"
  "\x22\x0a\x23\x64\x65\x66\x69\x6e\x65\x20\x53\x43\x4e\x78\x36\x34\x20\x20\x22\x6c"
  "\x78\x22\x0a\x0a\x74\x79\x70\x65\x64\x65\x66\x20\x6c\x6f\x6e\x67\x20\x69\x6e\x74"
  "\x6d\x61\x78\x5f\x74\x3b\x0a\x74\x79\x70\x65\x64\x65\x66\x20\x75\x6e\x73\x69\x67"
  "\x6e\x65\x64\x20\x6c\x6f\x6e\x67\x20\x75\x69\x6e\x74\x6d\x61\x78\x5f\x74\x3b\x0a"
  "\x23\x69\x66\x20\x21\x5f\x5f\x55\x4e\x49\x53\x41\x5f\x46\x54\x52\x49\x4d\x5f\x4c"
  "\x49\x42\x43\x20\x7c\x7c\x20\x5f\x5f\x55\x4e\x5f\x69\x6d\x61\x78\x61\x62\x73\x0a"
  "\x73\x74\x61\x74\x69\x63\x20\x6c\x6f\x6e\x67\x20\x69\x6d\x61\x78\x61\x62\x73\x28"
  "\x6c\x6f\x6e\x67\x20\x5f\x5f\x75\x5f\x76\x29\x20\x7b\x20\x69\x66\x20\x28\x5f\x5f"
  "\x75\x5f\x76\x20\x3c\x20\x30\x29\x20\x72\x65\x74\x75\x72\x6e\x20\x30\x20\x2d\x20"
  "\x5f\x5f\x75\x5f\x76\x3b\x20\x72\x65\x74\x75\x72\x6e\x20\x5f\x5f\x75\x5f\x76\x3b"
  "\x20\x7d\x0a\x23\x65\x6e\x64\x69\x66\x0a\x23\x65\x6e\x64\x69\x66\x0a";

/* HDR_7: include/iso646.h, verbatim */
char *HDR_7 =
  "\x2f\x2a\x20\x3c\x69\x73\x6f\x36\x34\x36\x2e\x68\x3e\x3a\x20\x65\x6c\x65\x76\x65"
  "\x6e\x20\x73\x70\x65\x6c\x6c\x69\x6e\x67\x73\x2c\x20\x6e\x6f\x74\x68\x69\x6e\x67"
  "\x20\x65\x6c\x73\x65\x20\x28\x43\x39\x39\x20\x37\x2e\x39\x29\x2e\x20\x2a\x2f\x0a"
  "\x23\x69\x66\x6e\x64\x65\x66\x20\x5f\x55\x4e\x49\x53\x41\x5f\x49\x53\x4f\x36\x34"
  "\x36\x5f\x48\x0a\x23\x64\x65\x66\x69\x6e\x65\x20\x5f\x55\x4e\x49\x53\x41\x5f\x49"
  "\x53\x4f\x36\x34\x36\x5f\x48\x0a\x23\x64\x65\x66\x69\x6e\x65\x20\x61\x6e\x64\x20"
  "\x20\x20\x20\x20\x26\x26\x0a\x23\x64\x65\x66\x69\x6e\x65\x20\x61\x6e\x64\x5f\x65"
  "\x71\x20\x20\x26\x3d\x0a\x23\x64\x65\x66\x69\x6e\x65\x20\x62\x69\x74\x61\x6e\x64"
  "\x20\x20\x26\x0a\x23\x64\x65\x66\x69\x6e\x65\x20\x62\x69\x74\x6f\x72\x20\x20\x20"
  "\x7c\x0a\x23\x64\x65\x66\x69\x6e\x65\x20\x63\x6f\x6d\x70\x6c\x20\x20\x20\x7e\x0a"
  "\x23\x64\x65\x66\x69\x6e\x65\x20\x6e\x6f\x74\x20\x20\x20\x20\x20\x21\x0a\x23\x64"
  "\x65\x66\x69\x6e\x65\x20\x6e\x6f\x74\x5f\x65\x71\x20\x20\x21\x3d\x0a\x23\x64\x65"
  "\x66\x69\x6e\x65\x20\x6f\x72\x20\x20\x20\x20\x20\x20\x7c\x7c\x0a\x23\x64\x65\x66"
  "\x69\x6e\x65\x20\x6f\x72\x5f\x65\x71\x20\x20\x20\x7c\x3d\x0a\x23\x64\x65\x66\x69"
  "\x6e\x65\x20\x78\x6f\x72\x20\x20\x20\x20\x20\x5e\x0a\x23\x64\x65\x66\x69\x6e\x65"
  "\x20\x78\x6f\x72\x5f\x65\x71\x20\x20\x5e\x3d\x0a\x23\x65\x6e\x64\x69\x66\x0a";

/* HDR_8: include/limits.h, verbatim */
char *HDR_8 =
  "\x2f\x2a\x20\x3c\x6c\x69\x6d\x69\x74\x73\x2e\x68\x3e\x20\x66\x6f\x72\x20\x74\x68"
  "\x65\x20\x75\x6e\x69\x73\x61\x20\x43\x20\x73\x75\x62\x73\x65\x74\x2e\x0a\x20\x2a"
  "\x0a\x20\x2a\x20\x54\x68\x65\x73\x65\x20\x61\x72\x65\x20\x74\x68\x65\x20\x4c\x49"
  "\x4d\x49\x54\x53\x20\x4f\x46\x20\x54\x48\x45\x20\x54\x59\x50\x45\x53\x2c\x20\x77"
  "\x68\x69\x63\x68\x20\x69\x73\x20\x77\x68\x61\x74\x20\x61\x20\x70\x72\x6f\x67\x72"
  "\x61\x6d\x20\x61\x73\x6b\x73\x20\x66\x6f\x72\x2e\x20\x20\x54\x68\x65\x79\x0a\x20"
  "\x2a\x20\x61\x72\x65\x20\x6e\x6f\x74\x20\x61\x20\x64\x65\x73\x63\x72\x69\x70\x74"
  "\x69\x6f\x6e\x20\x6f\x66\x20\x68\x6f\x77\x20\x74\x68\x69\x73\x20\x63\x6f\x6d\x70"
  "\x69\x6c\x65\x72\x20\x65\x76\x61\x6c\x75\x61\x74\x65\x73\x20\x61\x72\x69\x74\x68"
  "\x6d\x65\x74\x69\x63\x3a\x20\x5b\x47\x2d\x32\x5d\x20\x73\x61\x79\x73\x0a\x20\x2a"
  "\x20\x60\x69\x6e\x74\x60\x20\x65\x78\x70\x72\x65\x73\x73\x69\x6f\x6e\x73\x20\x61"
  "\x72\x65\x20\x65\x76\x61\x6c\x75\x61\x74\x65\x64\x20\x61\x74\x20\x36\x34\x20\x62"
  "\x69\x74\x73\x2c\x20\x73\x6f\x20\x60\x49\x4e\x54\x5f\x4d\x41\x58\x20\x2b\x20\x31"
  "\x60\x20\x64\x6f\x65\x73\x20\x6e\x6f\x74\x20\x77\x72\x61\x70\x0a\x20\x2a\x20\x68"
  "\x65\x72\x65\x20\x74\x68\x65\x20\x77\x61\x79\x20\x69\x74\x20\x64\x6f\x65\x73\x20"
  "\x65\x6c\x73\x65\x77\x68\x65\x72\x65\x2e\x20\x20\x54\x68\x61\x74\x20\x69\x73\x20"
  "\x61\x20\x64\x6f\x63\x75\x6d\x65\x6e\x74\x65\x64\x20\x64\x65\x76\x69\x61\x74\x69"
  "\x6f\x6e\x20\x6f\x66\x20\x74\x68\x65\x0a\x20\x2a\x20\x73\x75\x62\x73\x65\x74\x2c"
  "\x20\x61\x6e\x64\x20\x69\x74\x20\x64\x6f\x65\x73\x20\x6e\x6f\x74\x20\x63\x68\x61"
  "\x6e\x67\x65\x20\x77\x68\x61\x74\x20\x49\x4e\x54\x5f\x4d\x41\x58\x20\x69\x73\x2e"
  "\x20\x2a\x2f\x0a\x23\x69\x66\x6e\x64\x65\x66\x20\x5f\x55\x4e\x49\x53\x41\x5f\x4c"
  "\x49\x4d\x49\x54\x53\x5f\x48\x0a\x23\x64\x65\x66\x69\x6e\x65\x20\x5f\x55\x4e\x49"
  "\x53\x41\x5f\x4c\x49\x4d\x49\x54\x53\x5f\x48\x0a\x0a\x23\x64\x65\x66\x69\x6e\x65"
  "\x20\x43\x48\x41\x52\x5f\x42\x49\x54\x20\x20\x20\x20\x38\x0a\x23\x64\x65\x66\x69"
  "\x6e\x65\x20\x53\x43\x48\x41\x52\x5f\x4d\x49\x4e\x20\x20\x20\x28\x2d\x31\x32\x38"
  "\x29\x0a\x23\x64\x65\x66\x69\x6e\x65\x20\x53\x43\x48\x41\x52\x5f\x4d\x41\x58\x20"
  "\x20\x20\x31\x32\x37\x0a\x23\x64\x65\x66\x69\x6e\x65\x20\x55\x43\x48\x41\x52\x5f"
  "\x4d\x41\x58\x20\x20\x20\x32\x35\x35\x0a\x23\x64\x65\x66\x69\x6e\x65\x20\x43\x48"
  "\x41\x52\x5f\x4d\x49\x4e\x20\x20\x20\x20\x53\x43\x48\x41\x52\x5f\x4d\x49\x4e\x20"
  "\x20\x20\x20\x20\x20\x20\x2f\x2a\x20\x70\x6c\x61\x69\x6e\x20\x63\x68\x61\x72\x20"
  "\x69\x73\x20\x73\x69\x67\x6e\x65\x64\x20\x68\x65\x72\x65\x20\x2a\x2f\x0a\x23\x64"
  "\x65\x66\x69\x6e\x65\x20\x43\x48\x41\x52\x5f\x4d\x41\x58\x20\x20\x20\x20\x53\x43"
  "\x48\x41\x52\x5f\x4d\x41\x58\x0a\x23\x64\x65\x66\x69\x6e\x65\x20\x4d\x42\x5f\x4c"
  "\x45\x4e\x5f\x4d\x41\x58\x20\x20\x31\x0a\x0a\x23\x64\x65\x66\x69\x6e\x65\x20\x53"
  "\x48\x52\x54\x5f\x4d\x49\x4e\x20\x20\x20\x20\x28\x2d\x33\x32\x37\x36\x38\x29\x0a"
  "\x23\x64\x65\x66\x69\x6e\x65\x20\x53\x48\x52\x54\x5f\x4d\x41\x58\x20\x20\x20\x20"
  "\x33\x32\x37\x36\x37\x0a\x23\x64\x65\x66\x69\x6e\x65\x20\x55\x53\x48\x52\x54\x5f"
  "\x4d\x41\x58\x20\x20\x20\x36\x35\x35\x33\x35\x0a\x0a\x23\x64\x65\x66\x69\x6e\x65"
  "\x20\x49\x4e\x54\x5f\x4d\x49\x4e\x20\x20\x20\x20\x20\x28\x2d\x32\x31\x34\x37\x34"
  "\x38\x33\x36\x34\x37\x20\x2d\x20\x31\x29\x0a\x23\x64\x65\x66\x69\x6e\x65\x20\x49"
  "\x4e\x54\x5f\x4d\x41\x58\x20\x20\x20\x20\x20\x32\x31\x34\x37\x34\x38\x33\x36\x34"
  "\x37\x0a\x2f\x2a\x20\x55\x3a\x20\x43\x39\x39\x20\x35\x2e\x32\x2e\x34\x2e\x32\x2e"
  "\x31\x20\x67\x69\x76\x65\x73\x20\x55\x49\x4e\x54\x5f\x4d\x41\x58\x20\x74\x68\x65"
  "\x20\x74\x79\x70\x65\x20\x75\x6e\x73\x69\x67\x6e\x65\x64\x20\x69\x6e\x74\x2e\x20"
  "\x20\x57\x69\x74\x68\x6f\x75\x74\x20\x74\x68\x65\x0a\x20\x20\x20\x73\x75\x66\x66"
  "\x69\x78\x20\x74\x68\x65\x20\x6c\x69\x74\x65\x72\x61\x6c\x20\x64\x6f\x65\x73\x20"
  "\x6e\x6f\x74\x20\x66\x69\x74\x20\x69\x6e\x74\x20\x61\x6e\x64\x20\x62\x65\x63\x6f"
  "\x6d\x65\x73\x20\x6c\x6f\x6e\x67\x2c\x20\x73\x6f\x20\x60\x55\x49\x4e\x54\x5f\x4d"
  "\x41\x58\x20\x2b\x20\x31\x60\x0a\x20\x20\x20\x77\x61\x73\x20\x34\x32\x39\x34\x39"
  "\x36\x37\x32\x39\x36\x20\x77\x68\x65\x72\x65\x20\x67\x63\x63\x20\x77\x72\x61\x70"
  "\x73\x20\x74\x6f\x20\x30\x20\x28\x66\x62\x31\x32\x2d\x30\x38\x62\x29\x2e\x20\x2a"
  "\x2f\x0a\x23\x64\x65\x66\x69\x6e\x65\x20\x55\x49\x4e\x54\x5f\x4d\x41\x58\x20\x20"
  "\x20\x20\x34\x32\x39\x34\x39\x36\x37\x32\x39\x35\x55\x0a\x0a\x23\x64\x65\x66\x69"
  "\x6e\x65\x20\x4c\x4f\x4e\x47\x5f\x4d\x49\x4e\x20\x20\x20\x20\x28\x2d\x39\x32\x32"
  "\x33\x33\x37\x32\x30\x33\x36\x38\x35\x34\x37\x37\x35\x38\x30\x37\x20\x2d\x20\x31"
  "\x29\x0a\x23\x64\x65\x66\x69\x6e\x65\x20\x4c\x4f\x4e\x47\x5f\x4d\x41\x58\x20\x20"
  "\x20\x20\x39\x32\x32\x33\x33\x37\x32\x30\x33\x36\x38\x35\x34\x37\x37\x35\x38\x30"
  "\x37\x0a\x2f\x2a\x20\x54\x68\x65\x20\x55\x4c\x20\x73\x75\x66\x66\x69\x78\x20\x6d"
  "\x61\x74\x74\x65\x72\x73\x3a\x20\x77\x69\x74\x68\x6f\x75\x74\x20\x69\x74\x20\x74"
  "\x68\x69\x73\x20\x6c\x69\x74\x65\x72\x61\x6c\x20\x64\x6f\x65\x73\x20\x6e\x6f\x74"
  "\x20\x66\x69\x74\x20\x61\x6e\x79\x20\x73\x69\x67\x6e\x65\x64\x0a\x20\x20\x20\x74"
  "\x79\x70\x65\x2c\x20\x61\x6e\x64\x20\x74\x68\x65\x20\x72\x65\x66\x65\x72\x65\x6e"
  "\x63\x65\x20\x72\x65\x66\x75\x73\x65\x73\x20\x74\x6f\x20\x66\x6f\x6c\x64\x20\x61"
  "\x6e\x20\x65\x78\x70\x72\x65\x73\x73\x69\x6f\x6e\x20\x63\x6f\x6e\x74\x61\x69\x6e"
  "\x69\x6e\x67\x20\x69\x74\x0a\x20\x20\x20\x28\x66\x62\x31\x32\x2d\x30\x38\x2c\x20"
  "\x66\x62\x31\x32\x2d\x30\x38\x62\x29\x2e\x20\x20\x67\x63\x63\x27\x73\x20\x6f\x77"
  "\x6e\x20\x3c\x6c\x69\x6d\x69\x74\x73\x2e\x68\x3e\x20\x77\x72\x69\x74\x65\x73\x20"
  "\x69\x74\x20\x74\x68\x65\x20\x73\x61\x6d\x65\x20\x77\x61\x79\x2e\x20\x20\x54\x68"
  "\x65\x0a\x20\x20\x20\x76\x61\x6c\x75\x65\x20\x69\x73\x20\x75\x6e\x63\x68\x61\x6e"
  "\x67\x65\x64\x20\x2d\x2d\x20\x6d\x65\x61\x73\x75\x72\x65\x64\x20\x65\x71\x75\x61"
  "\x6c\x20\x74\x6f\x20\x67\x63\x63\x20\x62\x65\x66\x6f\x72\x65\x20\x61\x6e\x64\x20"
  "\x61\x66\x74\x65\x72\x2e\x20\x2a\x2f\x0a\x23\x64\x65\x66\x69\x6e\x65\x20\x55\x4c"
  "\x4f\x4e\x47\x5f\x4d\x41\x58\x20\x20\x20\x31\x38\x34\x34\x36\x37\x34\x34\x30\x37"
  "\x33\x37\x30\x39\x35\x35\x31\x36\x31\x35\x55\x4c\x0a\x0a\x23\x64\x65\x66\x69\x6e"
  "\x65\x20\x4c\x4c\x4f\x4e\x47\x5f\x4d\x49\x4e\x20\x20\x20\x4c\x4f\x4e\x47\x5f\x4d"
  "\x49\x4e\x0a\x23\x64\x65\x66\x69\x6e\x65\x20\x4c\x4c\x4f\x4e\x47\x5f\x4d\x41\x58"
  "\x20\x20\x20\x4c\x4f\x4e\x47\x5f\x4d\x41\x58\x0a\x23\x64\x65\x66\x69\x6e\x65\x20"
  "\x55\x4c\x4c\x4f\x4e\x47\x5f\x4d\x41\x58\x20\x20\x55\x4c\x4f\x4e\x47\x5f\x4d\x41"
  "\x58\x0a\x0a\x23\x65\x6e\x64\x69\x66\x0a";

/* HDR_9: include/locale.h, verbatim */
char *HDR_9 =
  "\x2f\x2a\x20\x3c\x6c\x6f\x63\x61\x6c\x65\x2e\x68\x3e\x20\x66\x6f\x72\x20\x74\x68"
  "\x65\x20\x75\x6e\x69\x73\x61\x20\x43\x20\x73\x75\x62\x73\x65\x74\x2e\x20\x20\x54"
  "\x68\x65\x72\x65\x20\x69\x73\x20\x65\x78\x61\x63\x74\x6c\x79\x20\x6f\x6e\x65\x20"
  "\x6c\x6f\x63\x61\x6c\x65\x2c\x20\x74\x68\x65\x20\x43\x0a\x20\x2a\x20\x6c\x6f\x63"
  "\x61\x6c\x65\x3a\x20\x74\x68\x69\x73\x20\x69\x73\x20\x6e\x6f\x74\x20\x61\x20\x6c"
  "\x69\x6d\x69\x74\x61\x74\x69\x6f\x6e\x20\x74\x6f\x20\x62\x65\x20\x77\x6f\x72\x6b"
  "\x65\x64\x20\x61\x72\x6f\x75\x6e\x64\x2c\x20\x69\x74\x20\x69\x73\x20\x77\x68\x61"
  "\x74\x20\x61\x20\x63\x6f\x6d\x70\x69\x6c\x65\x72\x0a\x20\x2a\x20\x77\x69\x74\x68"
  "\x20\x6e\x6f\x20\x6c\x6f\x63\x61\x6c\x65\x20\x64\x61\x74\x61\x62\x61\x73\x65\x20"
  "\x63\x61\x6e\x20\x68\x6f\x6e\x65\x73\x74\x6c\x79\x20\x6f\x66\x66\x65\x72\x2e\x20"
  "\x20\x54\x68\x65\x20\x63\x61\x74\x65\x67\x6f\x72\x79\x20\x6e\x75\x6d\x62\x65\x72"
  "\x73\x20\x61\x72\x65\x0a\x20\x2a\x20\x67\x6c\x69\x62\x63\x27\x73\x2c\x20\x73\x6f"
  "\x20\x61\x20\x70\x72\x6f\x67\x72\x61\x6d\x20\x74\x68\x61\x74\x20\x70\x61\x73\x73"
  "\x65\x73\x20\x4c\x43\x5f\x41\x4c\x4c\x20\x74\x6f\x20\x73\x65\x74\x6c\x6f\x63\x61"
  "\x6c\x65\x20\x62\x65\x68\x61\x76\x65\x73\x20\x74\x68\x65\x20\x73\x61\x6d\x65\x20"
  "\x77\x61\x79\x0a\x20\x2a\x20\x69\x74\x20\x77\x6f\x75\x6c\x64\x20\x74\x68\x65\x72"
  "\x65\x2e\x20\x2a\x2f\x0a\x23\x69\x66\x6e\x64\x65\x66\x20\x5f\x55\x4e\x49\x53\x41"
  "\x5f\x4c\x4f\x43\x41\x4c\x45\x5f\x48\x0a\x23\x64\x65\x66\x69\x6e\x65\x20\x5f\x55"
  "\x4e\x49\x53\x41\x5f\x4c\x4f\x43\x41\x4c\x45\x5f\x48\x0a\x0a\x23\x69\x6e\x63\x6c"
  "\x75\x64\x65\x20\x3c\x6c\x69\x6d\x69\x74\x73\x2e\x68\x3e\x20\x20\x20\x20\x20\x2f"
  "\x2a\x20\x43\x48\x41\x52\x5f\x4d\x41\x58\x2c\x20\x66\x6f\x72\x20\x74\x68\x65\x20"
  "\x6c\x63\x6f\x6e\x76\x20\x66\x69\x65\x6c\x64\x73\x20\x74\x68\x61\x74\x20\x6d\x65"
  "\x61\x6e\x20\x22\x6e\x6f\x20\x76\x61\x6c\x75\x65\x22\x20\x2a\x2f\x0a\x0a\x23\x64"
  "\x65\x66\x69\x6e\x65\x20\x4c\x43\x5f\x43\x54\x59\x50\x45\x20\x20\x20\x20\x20\x30"
  "\x0a\x23\x64\x65\x66\x69\x6e\x65\x20\x4c\x43\x5f\x4e\x55\x4d\x45\x52\x49\x43\x20"
  "\x20\x20\x31\x0a\x23\x64\x65\x66\x69\x6e\x65\x20\x4c\x43\x5f\x54\x49\x4d\x45\x20"
  "\x20\x20\x20\x20\x20\x32\x0a\x23\x64\x65\x66\x69\x6e\x65\x20\x4c\x43\x5f\x43\x4f"
  "\x4c\x4c\x41\x54\x45\x20\x20\x20\x33\x0a\x23\x64\x65\x66\x69\x6e\x65\x20\x4c\x43"
  "\x5f\x4d\x4f\x4e\x45\x54\x41\x52\x59\x20\x20\x34\x0a\x23\x64\x65\x66\x69\x6e\x65"
  "\x20\x4c\x43\x5f\x41\x4c\x4c\x20\x20\x20\x20\x20\x20\x20\x36\x0a\x0a\x73\x74\x72"
  "\x75\x63\x74\x20\x6c\x63\x6f\x6e\x76\x20\x7b\x0a\x20\x20\x20\x20\x63\x68\x61\x72"
  "\x20\x2a\x64\x65\x63\x69\x6d\x61\x6c\x5f\x70\x6f\x69\x6e\x74\x3b\x0a\x20\x20\x20"
  "\x20\x63\x68\x61\x72\x20\x2a\x74\x68\x6f\x75\x73\x61\x6e\x64\x73\x5f\x73\x65\x70"
  "\x3b\x0a\x20\x20\x20\x20\x63\x68\x61\x72\x20\x2a\x67\x72\x6f\x75\x70\x69\x6e\x67"
  "\x3b\x0a\x20\x20\x20\x20\x63\x68\x61\x72\x20\x2a\x69\x6e\x74\x5f\x63\x75\x72\x72"
  "\x5f\x73\x79\x6d\x62\x6f\x6c\x3b\x0a\x20\x20\x20\x20\x63\x68\x61\x72\x20\x2a\x63"
  "\x75\x72\x72\x65\x6e\x63\x79\x5f\x73\x79\x6d\x62\x6f\x6c\x3b\x0a\x20\x20\x20\x20"
  "\x63\x68\x61\x72\x20\x2a\x6d\x6f\x6e\x5f\x64\x65\x63\x69\x6d\x61\x6c\x5f\x70\x6f"
  "\x69\x6e\x74\x3b\x0a\x20\x20\x20\x20\x63\x68\x61\x72\x20\x2a\x6d\x6f\x6e\x5f\x74"
  "\x68\x6f\x75\x73\x61\x6e\x64\x73\x5f\x73\x65\x70\x3b\x0a\x20\x20\x20\x20\x63\x68"
  "\x61\x72\x20\x2a\x6d\x6f\x6e\x5f\x67\x72\x6f\x75\x70\x69\x6e\x67\x3b\x0a\x20\x20"
  "\x20\x20\x63\x68\x61\x72\x20\x2a\x70\x6f\x73\x69\x74\x69\x76\x65\x5f\x73\x69\x67"
  "\x6e\x3b\x0a\x20\x20\x20\x20\x63\x68\x61\x72\x20\x2a\x6e\x65\x67\x61\x74\x69\x76"
  "\x65\x5f\x73\x69\x67\x6e\x3b\x0a\x20\x20\x20\x20\x63\x68\x61\x72\x20\x69\x6e\x74"
  "\x5f\x66\x72\x61\x63\x5f\x64\x69\x67\x69\x74\x73\x3b\x0a\x20\x20\x20\x20\x63\x68"
  "\x61\x72\x20\x66\x72\x61\x63\x5f\x64\x69\x67\x69\x74\x73\x3b\x0a\x20\x20\x20\x20"
  "\x63\x68\x61\x72\x20\x70\x5f\x63\x73\x5f\x70\x72\x65\x63\x65\x64\x65\x73\x3b\x0a"
  "\x20\x20\x20\x20\x63\x68\x61\x72\x20\x70\x5f\x73\x65\x70\x5f\x62\x79\x5f\x73\x70"
  "\x61\x63\x65\x3b\x0a\x20\x20\x20\x20\x63\x68\x61\x72\x20\x6e\x5f\x63\x73\x5f\x70"
  "\x72\x65\x63\x65\x64\x65\x73\x3b\x0a\x20\x20\x20\x20\x63\x68\x61\x72\x20\x6e\x5f"
  "\x73\x65\x70\x5f\x62\x79\x5f\x73\x70\x61\x63\x65\x3b\x0a\x20\x20\x20\x20\x63\x68"
  "\x61\x72\x20\x70\x5f\x73\x69\x67\x6e\x5f\x70\x6f\x73\x6e\x3b\x0a\x20\x20\x20\x20"
  "\x63\x68\x61\x72\x20\x6e\x5f\x73\x69\x67\x6e\x5f\x70\x6f\x73\x6e\x3b\x0a\x20\x20"
  "\x20\x20\x63\x68\x61\x72\x20\x69\x6e\x74\x5f\x70\x5f\x63\x73\x5f\x70\x72\x65\x63"
  "\x65\x64\x65\x73\x3b\x0a\x20\x20\x20\x20\x63\x68\x61\x72\x20\x69\x6e\x74\x5f\x70"
  "\x5f\x73\x65\x70\x5f\x62\x79\x5f\x73\x70\x61\x63\x65\x3b\x0a\x20\x20\x20\x20\x63"
  "\x68\x61\x72\x20\x69\x6e\x74\x5f\x6e\x5f\x63\x73\x5f\x70\x72\x65\x63\x65\x64\x65"
  "\x73\x3b\x0a\x20\x20\x20\x20\x63\x68\x61\x72\x20\x69\x6e\x74\x5f\x6e\x5f\x73\x65"
  "\x70\x5f\x62\x79\x5f\x73\x70\x61\x63\x65\x3b\x0a\x20\x20\x20\x20\x63\x68\x61\x72"
  "\x20\x69\x6e\x74\x5f\x70\x5f\x73\x69\x67\x6e\x5f\x70\x6f\x73\x6e\x3b\x0a\x20\x20"
  "\x20\x20\x63\x68\x61\x72\x20\x69\x6e\x74\x5f\x6e\x5f\x73\x69\x67\x6e\x5f\x70\x6f"
  "\x73\x6e\x3b\x0a\x7d\x3b\x0a\x0a\x23\x69\x66\x20\x21\x5f\x5f\x55\x4e\x49\x53\x41"
  "\x5f\x46\x54\x52\x49\x4d\x5f\x4c\x49\x42\x43\x20\x7c\x7c\x20\x5f\x5f\x55\x4e\x5f"
  "\x73\x65\x74\x6c\x6f\x63\x61\x6c\x65\x0a\x73\x74\x61\x74\x69\x63\x20\x63\x68\x61"
  "\x72\x20\x2a\x73\x65\x74\x6c\x6f\x63\x61\x6c\x65\x28\x69\x6e\x74\x20\x5f\x5f\x75"
  "\x5f\x63\x61\x74\x2c\x20\x63\x6f\x6e\x73\x74\x20\x63\x68\x61\x72\x20\x2a\x5f\x5f"
  "\x75\x5f\x6c\x6f\x63\x29\x20\x7b\x0a\x20\x20\x20\x20\x28\x76\x6f\x69\x64\x29\x5f"
  "\x5f\x75\x5f\x63\x61\x74\x3b\x0a\x20\x20\x20\x20\x2f\x2a\x20\x4e\x55\x4c\x4c\x20"
  "\x61\x73\x6b\x73\x20\x22\x77\x68\x61\x74\x20\x69\x73\x20\x69\x74\x20\x6e\x6f\x77"
  "\x22\x2c\x20\x61\x6e\x64\x20\x22\x22\x20\x61\x73\x6b\x73\x20\x66\x6f\x72\x20\x74"
  "\x68\x65\x20\x65\x6e\x76\x69\x72\x6f\x6e\x6d\x65\x6e\x74\x27\x73\x20\x63\x68\x6f"
  "\x69\x63\x65\x2e\x0a\x20\x20\x20\x20\x20\x2a\x20\x57\x69\x74\x68\x20\x6e\x6f\x20"
  "\x6c\x6f\x63\x61\x6c\x65\x20\x64\x61\x74\x61\x62\x61\x73\x65\x20\x74\x68\x65\x20"
  "\x61\x6e\x73\x77\x65\x72\x20\x69\x73\x20\x74\x68\x65\x20\x43\x20\x6c\x6f\x63\x61"
  "\x6c\x65\x20\x65\x69\x74\x68\x65\x72\x20\x77\x61\x79\x3b\x20\x61\x6e\x79\x20\x6e"
  "\x61\x6d\x65\x0a\x20\x20\x20\x20\x20\x2a\x20\x74\x68\x61\x74\x20\x69\x73\x20\x6e"
  "\x6f\x74\x20\x74\x68\x65\x20\x43\x20\x6c\x6f\x63\x61\x6c\x65\x20\x69\x73\x20\x61"
  "\x20\x72\x65\x71\x75\x65\x73\x74\x20\x74\x68\x69\x73\x20\x6c\x69\x62\x72\x61\x72"
  "\x79\x20\x63\x61\x6e\x6e\x6f\x74\x20\x68\x6f\x6e\x6f\x75\x72\x2c\x20\x61\x6e\x64"
  "\x20\x43\x0a\x20\x20\x20\x20\x20\x2a\x20\x73\x61\x79\x73\x20\x61\x20\x66\x61\x69"
  "\x6c\x65\x64\x20\x73\x65\x74\x6c\x6f\x63\x61\x6c\x65\x20\x72\x65\x74\x75\x72\x6e"
  "\x73\x20\x4e\x55\x4c\x4c\x2e\x20\x2a\x2f\x0a\x20\x20\x20\x20\x69\x66\x20\x28\x5f"
  "\x5f\x75\x5f\x6c\x6f\x63\x20\x3d\x3d\x20\x30\x29\x20\x72\x65\x74\x75\x72\x6e\x20"
  "\x22\x43\x22\x3b\x0a\x20\x20\x20\x20\x69\x66\x20\x28\x5f\x5f\x75\x5f\x6c\x6f\x63"
  "\x5b\x30\x5d\x20\x3d\x3d\x20\x30\x29\x20\x72\x65\x74\x75\x72\x6e\x20\x22\x43\x22"
  "\x3b\x0a\x20\x20\x20\x20\x69\x66\x20\x28\x5f\x5f\x75\x5f\x6c\x6f\x63\x5b\x30\x5d"
  "\x20\x3d\x3d\x20\x27\x43\x27\x20\x26\x26\x20\x5f\x5f\x75\x5f\x6c\x6f\x63\x5b\x31"
  "\x5d\x20\x3d\x3d\x20\x30\x29\x20\x72\x65\x74\x75\x72\x6e\x20\x22\x43\x22\x3b\x0a"
  "\x20\x20\x20\x20\x69\x66\x20\x28\x5f\x5f\x75\x5f\x6c\x6f\x63\x5b\x30\x5d\x20\x3d"
  "\x3d\x20\x27\x50\x27\x20\x26\x26\x20\x5f\x5f\x75\x5f\x6c\x6f\x63\x5b\x31\x5d\x20"
  "\x3d\x3d\x20\x27\x4f\x27\x20\x26\x26\x20\x5f\x5f\x75\x5f\x6c\x6f\x63\x5b\x32\x5d"
  "\x20\x3d\x3d\x20\x27\x53\x27\x0a\x20\x20\x20\x20\x20\x20\x20\x20\x26\x26\x20\x5f"
  "\x5f\x75\x5f\x6c\x6f\x63\x5b\x33\x5d\x20\x3d\x3d\x20\x27\x49\x27\x20\x26\x26\x20"
  "\x5f\x5f\x75\x5f\x6c\x6f\x63\x5b\x34\x5d\x20\x3d\x3d\x20\x27\x58\x27\x20\x26\x26"
  "\x20\x5f\x5f\x75\x5f\x6c\x6f\x63\x5b\x35\x5d\x20\x3d\x3d\x20\x30\x29\x20\x72\x65"
  "\x74\x75\x72\x6e\x20\x22\x43\x22\x3b\x0a\x20\x20\x20\x20\x72\x65\x74\x75\x72\x6e"
  "\x20\x30\x3b\x0a\x7d\x0a\x23\x65\x6e\x64\x69\x66\x0a\x0a\x23\x69\x66\x20\x21\x5f"
  "\x5f\x55\x4e\x49\x53\x41\x5f\x46\x54\x52\x49\x4d\x5f\x4c\x49\x42\x43\x20\x7c\x7c"
  "\x20\x5f\x5f\x55\x4e\x5f\x6c\x6f\x63\x61\x6c\x65\x63\x6f\x6e\x76\x0a\x73\x74\x61"
  "\x74\x69\x63\x20\x73\x74\x72\x75\x63\x74\x20\x6c\x63\x6f\x6e\x76\x20\x2a\x6c\x6f"
  "\x63\x61\x6c\x65\x63\x6f\x6e\x76\x28\x76\x6f\x69\x64\x29\x20\x7b\x0a\x20\x20\x20"
  "\x20\x2f\x2a\x20\x54\x68\x65\x20\x43\x20\x6c\x6f\x63\x61\x6c\x65\x3a\x20\x61\x20"
  "\x64\x65\x63\x69\x6d\x61\x6c\x20\x70\x6f\x69\x6e\x74\x20\x61\x6e\x64\x20\x6e\x6f"
  "\x74\x68\x69\x6e\x67\x20\x65\x6c\x73\x65\x2e\x20\x20\x43\x48\x41\x52\x5f\x4d\x41"
  "\x58\x20\x69\x6e\x20\x61\x20\x63\x68\x61\x72\x0a\x20\x20\x20\x20\x20\x2a\x20\x66"
  "\x69\x65\x6c\x64\x20\x6d\x65\x61\x6e\x73\x20\x22\x74\x68\x69\x73\x20\x69\x6e\x66"
  "\x6f\x72\x6d\x61\x74\x69\x6f\x6e\x20\x69\x73\x20\x6e\x6f\x74\x20\x61\x76\x61\x69"
  "\x6c\x61\x62\x6c\x65\x22\x2c\x20\x77\x68\x69\x63\x68\x20\x69\x73\x20\x65\x78\x61"
  "\x63\x74\x6c\x79\x20\x74\x72\x75\x65\x0a\x20\x20\x20\x20\x20\x2a\x20\x68\x65\x72"
  "\x65\x2c\x20\x61\x6e\x64\x20\x69\x74\x20\x69\x73\x20\x77\x68\x61\x74\x20\x74\x68"
  "\x65\x20\x73\x74\x61\x6e\x64\x61\x72\x64\x20\x70\x72\x65\x73\x63\x72\x69\x62\x65"
  "\x73\x20\x66\x6f\x72\x20\x74\x68\x65\x20\x43\x20\x6c\x6f\x63\x61\x6c\x65\x2e\x20"
  "\x2a\x2f\x0a\x20\x20\x20\x20\x73\x74\x61\x74\x69\x63\x20\x73\x74\x72\x75\x63\x74"
  "\x20\x6c\x63\x6f\x6e\x76\x20\x5f\x5f\x75\x5f\x6c\x63\x3b\x0a\x20\x20\x20\x20\x73"
  "\x74\x61\x74\x69\x63\x20\x69\x6e\x74\x20\x5f\x5f\x75\x5f\x64\x6f\x6e\x65\x3b\x0a"
  "\x20\x20\x20\x20\x69\x66\x20\x28\x21\x5f\x5f\x75\x5f\x64\x6f\x6e\x65\x29\x20\x7b"
  "\x0a\x20\x20\x20\x20\x20\x20\x20\x20\x5f\x5f\x75\x5f\x6c\x63\x2e\x64\x65\x63\x69"
  "\x6d\x61\x6c\x5f\x70\x6f\x69\x6e\x74\x20\x3d\x20\x22\x2e\x22\x3b\x0a\x20\x20\x20"
  "\x20\x20\x20\x20\x20\x5f\x5f\x75\x5f\x6c\x63\x2e\x74\x68\x6f\x75\x73\x61\x6e\x64"
  "\x73\x5f\x73\x65\x70\x20\x3d\x20\x22\x22\x3b\x0a\x20\x20\x20\x20\x20\x20\x20\x20"
  "\x5f\x5f\x75\x5f\x6c\x63\x2e\x67\x72\x6f\x75\x70\x69\x6e\x67\x20\x3d\x20\x22\x22"
  "\x3b\x0a\x20\x20\x20\x20\x20\x20\x20\x20\x5f\x5f\x75\x5f\x6c\x63\x2e\x69\x6e\x74"
  "\x5f\x63\x75\x72\x72\x5f\x73\x79\x6d\x62\x6f\x6c\x20\x3d\x20\x22\x22\x3b\x0a\x20"
  "\x20\x20\x20\x20\x20\x20\x20\x5f\x5f\x75\x5f\x6c\x63\x2e\x63\x75\x72\x72\x65\x6e"
  "\x63\x79\x5f\x73\x79\x6d\x62\x6f\x6c\x20\x3d\x20\x22\x22\x3b\x0a\x20\x20\x20\x20"
  "\x20\x20\x20\x20\x5f\x5f\x75\x5f\x6c\x63\x2e\x6d\x6f\x6e\x5f\x64\x65\x63\x69\x6d"
  "\x61\x6c\x5f\x70\x6f\x69\x6e\x74\x20\x3d\x20\x22\x22\x3b\x0a\x20\x20\x20\x20\x20"
  "\x20\x20\x20\x5f\x5f\x75\x5f\x6c\x63\x2e\x6d\x6f\x6e\x5f\x74\x68\x6f\x75\x73\x61"
  "\x6e\x64\x73\x5f\x73\x65\x70\x20\x3d\x20\x22\x22\x3b\x0a\x20\x20\x20\x20\x20\x20"
  "\x20\x20\x5f\x5f\x75\x5f\x6c\x63\x2e\x6d\x6f\x6e\x5f\x67\x72\x6f\x75\x70\x69\x6e"
  "\x67\x20\x3d\x20\x22\x22\x3b\x0a\x20\x20\x20\x20\x20\x20\x20\x20\x5f\x5f\x75\x5f"
  "\x6c\x63\x2e\x70\x6f\x73\x69\x74\x69\x76\x65\x5f\x73\x69\x67\x6e\x20\x3d\x20\x22"
  "\x22\x3b\x0a\x20\x20\x20\x20\x20\x20\x20\x20\x5f\x5f\x75\x5f\x6c\x63\x2e\x6e\x65"
  "\x67\x61\x74\x69\x76\x65\x5f\x73\x69\x67\x6e\x20\x3d\x20\x22\x22\x3b\x0a\x20\x20"
  "\x20\x20\x20\x20\x20\x20\x5f\x5f\x75\x5f\x6c\x63\x2e\x69\x6e\x74\x5f\x66\x72\x61"
  "\x63\x5f\x64\x69\x67\x69\x74\x73\x20\x3d\x20\x43\x48\x41\x52\x5f\x4d\x41\x58\x3b"
  "\x0a\x20\x20\x20\x20\x20\x20\x20\x20\x5f\x5f\x75\x5f\x6c\x63\x2e\x66\x72\x61\x63"
  "\x5f\x64\x69\x67\x69\x74\x73\x20\x3d\x20\x43\x48\x41\x52\x5f\x4d\x41\x58\x3b\x0a"
  "\x20\x20\x20\x20\x20\x20\x20\x20\x5f\x5f\x75\x5f\x6c\x63\x2e\x70\x5f\x63\x73\x5f"
  "\x70\x72\x65\x63\x65\x64\x65\x73\x20\x3d\x20\x43\x48\x41\x52\x5f\x4d\x41\x58\x3b"
  "\x0a\x20\x20\x20\x20\x20\x20\x20\x20\x5f\x5f\x75\x5f\x6c\x63\x2e\x70\x5f\x73\x65"
  "\x70\x5f\x62\x79\x5f\x73\x70\x61\x63\x65\x20\x3d\x20\x43\x48\x41\x52\x5f\x4d\x41"
  "\x58\x3b\x0a\x20\x20\x20\x20\x20\x20\x20\x20\x5f\x5f\x75\x5f\x6c\x63\x2e\x6e\x5f"
  "\x63\x73\x5f\x70\x72\x65\x63\x65\x64\x65\x73\x20\x3d\x20\x43\x48\x41\x52\x5f\x4d"
  "\x41\x58\x3b\x0a\x20\x20\x20\x20\x20\x20\x20\x20\x5f\x5f\x75\x5f\x6c\x63\x2e\x6e"
  "\x5f\x73\x65\x70\x5f\x62\x79\x5f\x73\x70\x61\x63\x65\x20\x3d\x20\x43\x48\x41\x52"
  "\x5f\x4d\x41\x58\x3b\x0a\x20\x20\x20\x20\x20\x20\x20\x20\x5f\x5f\x75\x5f\x6c\x63"
  "\x2e\x70\x5f\x73\x69\x67\x6e\x5f\x70\x6f\x73\x6e\x20\x3d\x20\x43\x48\x41\x52\x5f"
  "\x4d\x41\x58\x3b\x0a\x20\x20\x20\x20\x20\x20\x20\x20\x5f\x5f\x75\x5f\x6c\x63\x2e"
  "\x6e\x5f\x73\x69\x67\x6e\x5f\x70\x6f\x73\x6e\x20\x3d\x20\x43\x48\x41\x52\x5f\x4d"
  "\x41\x58\x3b\x0a\x20\x20\x20\x20\x20\x20\x20\x20\x5f\x5f\x75\x5f\x6c\x63\x2e\x69"
  "\x6e\x74\x5f\x70\x5f\x63\x73\x5f\x70\x72\x65\x63\x65\x64\x65\x73\x20\x3d\x20\x43"
  "\x48\x41\x52\x5f\x4d\x41\x58\x3b\x0a\x20\x20\x20\x20\x20\x20\x20\x20\x5f\x5f\x75"
  "\x5f\x6c\x63\x2e\x69\x6e\x74\x5f\x70\x5f\x73\x65\x70\x5f\x62\x79\x5f\x73\x70\x61"
  "\x63\x65\x20\x3d\x20\x43\x48\x41\x52\x5f\x4d\x41\x58\x3b\x0a\x20\x20\x20\x20\x20"
  "\x20\x20\x20\x5f\x5f\x75\x5f\x6c\x63\x2e\x69\x6e\x74\x5f\x6e\x5f\x63\x73\x5f\x70"
  "\x72\x65\x63\x65\x64\x65\x73\x20\x3d\x20\x43\x48\x41\x52\x5f\x4d\x41\x58\x3b\x0a"
  "\x20\x20\x20\x20\x20\x20\x20\x20\x5f\x5f\x75\x5f\x6c\x63\x2e\x69\x6e\x74\x5f\x6e"
  "\x5f\x73\x65\x70\x5f\x62\x79\x5f\x73\x70\x61\x63\x65\x20\x3d\x20\x43\x48\x41\x52"
  "\x5f\x4d\x41\x58\x3b\x0a\x20\x20\x20\x20\x20\x20\x20\x20\x5f\x5f\x75\x5f\x6c\x63"
  "\x2e\x69\x6e\x74\x5f\x70\x5f\x73\x69\x67\x6e\x5f\x70\x6f\x73\x6e\x20\x3d\x20\x43"
  "\x48\x41\x52\x5f\x4d\x41\x58\x3b\x0a\x20\x20\x20\x20\x20\x20\x20\x20\x5f\x5f\x75"
  "\x5f\x6c\x63\x2e\x69\x6e\x74\x5f\x6e\x5f\x73\x69\x67\x6e\x5f\x70\x6f\x73\x6e\x20"
  "\x3d\x20\x43\x48\x41\x52\x5f\x4d\x41\x58\x3b\x0a\x20\x20\x20\x20\x20\x20\x20\x20"
  "\x5f\x5f\x75\x5f\x64\x6f\x6e\x65\x20\x3d\x20\x31\x3b\x0a\x20\x20\x20\x20\x7d\x0a"
  "\x20\x20\x20\x20\x72\x65\x74\x75\x72\x6e\x20\x26\x5f\x5f\x75\x5f\x6c\x63\x3b\x0a"
  "\x7d\x0a\x23\x65\x6e\x64\x69\x66\x0a\x0a\x23\x65\x6e\x64\x69\x66\x0a";

/* HDR_10: include/math.h, verbatim */
char *HDR_10 =
  "\x2f\x2a\x20\x3c\x6d\x61\x74\x68\x2e\x68\x3e\x20\x66\x6f\x72\x20\x74\x68\x65\x20"
  "\x75\x6e\x69\x73\x61\x20\x43\x20\x73\x75\x62\x73\x65\x74\x3a\x20\x72\x65\x61\x6c"
  "\x20\x69\x6d\x70\x6c\x65\x6d\x65\x6e\x74\x61\x74\x69\x6f\x6e\x73\x2c\x20\x63\x6f"
  "\x6d\x70\x69\x6c\x65\x64\x20\x66\x72\x6f\x6d\x20\x73\x6f\x75\x72\x63\x65\x2c\x0a"
  "\x20\x2a\x20\x62\x65\x63\x61\x75\x73\x65\x20\x74\x68\x65\x72\x65\x20\x69\x73\x20"
  "\x6e\x6f\x20\x6c\x69\x62\x6d\x20\x74\x6f\x20\x6c\x69\x6e\x6b\x20\x61\x67\x61\x69"
  "\x6e\x73\x74\x2e\x0a\x20\x2a\x0a\x20\x2a\x20\x54\x68\x65\x20\x61\x6c\x67\x6f\x72"
  "\x69\x74\x68\x6d\x73\x20\x61\x72\x65\x20\x66\x64\x6c\x69\x62\x6d\x27\x73\x20\x28"
  "\x53\x75\x6e\x20\x4d\x69\x63\x72\x6f\x73\x79\x73\x74\x65\x6d\x73\x2c\x20\x31\x39"
  "\x39\x33\x3a\x20\x22\x50\x65\x72\x6d\x69\x73\x73\x69\x6f\x6e\x20\x74\x6f\x20\x75"
  "\x73\x65\x2c\x0a\x20\x2a\x20\x63\x6f\x70\x79\x2c\x20\x6d\x6f\x64\x69\x66\x79\x2c"
  "\x20\x61\x6e\x64\x20\x64\x69\x73\x74\x72\x69\x62\x75\x74\x65\x20\x74\x68\x69\x73"
  "\x20\x73\x6f\x66\x74\x77\x61\x72\x65\x20\x69\x73\x20\x66\x72\x65\x65\x6c\x79\x20"
  "\x67\x72\x61\x6e\x74\x65\x64\x2c\x20\x70\x72\x6f\x76\x69\x64\x65\x64\x20\x74\x68"
  "\x61\x74\x0a\x20\x2a\x20\x74\x68\x69\x73\x20\x6e\x6f\x74\x69\x63\x65\x20\x69\x73"
  "\x20\x70\x72\x65\x73\x65\x72\x76\x65\x64\x2e\x22\x29\x2c\x20\x77\x68\x6f\x73\x65"
  "\x20\x72\x65\x73\x75\x6c\x74\x73\x20\x61\x72\x65\x20\x77\x69\x74\x68\x69\x6e\x20"
  "\x6f\x6e\x65\x20\x75\x6c\x70\x20\x2d\x2d\x20\x77\x68\x69\x63\x68\x20\x69\x73\x0a"
  "\x20\x2a\x20\x77\x68\x61\x74\x20\x6d\x61\x6b\x65\x73\x20\x61\x20\x70\x72\x69\x6e"
  "\x74\x65\x64\x20\x72\x65\x73\x75\x6c\x74\x20\x61\x67\x72\x65\x65\x20\x77\x69\x74"
  "\x68\x20\x74\x68\x65\x20\x70\x6c\x61\x74\x66\x6f\x72\x6d\x27\x73\x20\x6c\x69\x62"
  "\x6d\x2e\x20\x20\x73\x71\x72\x74\x20\x69\x73\x20\x74\x68\x65\x0a\x20\x2a\x20\x68"
  "\x61\x72\x64\x77\x61\x72\x65\x20\x69\x6e\x73\x74\x72\x75\x63\x74\x69\x6f\x6e\x2c"
  "\x20\x63\x6f\x72\x72\x65\x63\x74\x6c\x79\x20\x72\x6f\x75\x6e\x64\x65\x64\x3b\x20"
  "\x66\x61\x62\x73\x2c\x20\x63\x6f\x70\x79\x73\x69\x67\x6e\x2c\x20\x66\x6c\x6f\x6f"
  "\x72\x2c\x20\x63\x65\x69\x6c\x2c\x0a\x20\x2a\x20\x74\x72\x75\x6e\x63\x2c\x20\x72"
  "\x6f\x75\x6e\x64\x2c\x20\x66\x72\x65\x78\x70\x2c\x20\x6c\x64\x65\x78\x70\x20\x61"
  "\x6e\x64\x20\x6d\x6f\x64\x66\x20\x61\x72\x65\x20\x65\x78\x61\x63\x74\x20\x62\x69"
  "\x74\x20\x6d\x61\x6e\x69\x70\x75\x6c\x61\x74\x69\x6f\x6e\x2e\x0a\x20\x2a\x0a\x20"
  "\x2a\x20\x57\x6f\x72\x64\x73\x20\x6f\x66\x20\x61\x20\x64\x6f\x75\x62\x6c\x65\x20"
  "\x61\x72\x65\x20\x72\x65\x61\x64\x20\x61\x6e\x64\x20\x77\x72\x69\x74\x74\x65\x6e"
  "\x20\x74\x68\x72\x6f\x75\x67\x68\x20\x69\x74\x73\x20\x61\x64\x64\x72\x65\x73\x73"
  "\x3a\x20\x74\x68\x65\x20\x6c\x6f\x77\x20\x77\x6f\x72\x64\x0a\x20\x2a\x20\x66\x69"
  "\x72\x73\x74\x2c\x20\x62\x6f\x74\x68\x20\x6f\x75\x72\x20\x49\x53\x41\x73\x20\x62"
  "\x65\x69\x6e\x67\x20\x6c\x69\x74\x74\x6c\x65\x2d\x65\x6e\x64\x69\x61\x6e\x2e\x0a"
  "\x20\x2a\x2f\x0a\x23\x69\x66\x6e\x64\x65\x66\x20\x5f\x55\x4e\x49\x53\x41\x5f\x4d"
  "\x41\x54\x48\x5f\x48\x0a\x23\x64\x65\x66\x69\x6e\x65\x20\x5f\x55\x4e\x49\x53\x41"
  "\x5f\x4d\x41\x54\x48\x5f\x48\x0a\x0a\x23\x64\x65\x66\x69\x6e\x65\x20\x48\x55\x47"
  "\x45\x5f\x56\x41\x4c\x20\x28\x31\x2e\x30\x20\x2f\x20\x30\x2e\x30\x29\x0a\x23\x64"
  "\x65\x66\x69\x6e\x65\x20\x49\x4e\x46\x49\x4e\x49\x54\x59\x20\x28\x31\x2e\x30\x66"
  "\x20\x2f\x20\x30\x2e\x30\x66\x29\x0a\x23\x64\x65\x66\x69\x6e\x65\x20\x4e\x41\x4e"
  "\x20\x28\x30\x2e\x30\x66\x20\x2f\x20\x30\x2e\x30\x66\x29\x0a\x23\x64\x65\x66\x69"
  "\x6e\x65\x20\x4d\x5f\x45\x20\x20\x20\x20\x20\x20\x20\x20\x32\x2e\x37\x31\x38\x32"
  "\x38\x31\x38\x32\x38\x34\x35\x39\x30\x34\x35\x32\x33\x35\x33\x36\x0a\x23\x64\x65"
  "\x66\x69\x6e\x65\x20\x4d\x5f\x4c\x4f\x47\x32\x45\x20\x20\x20\x20\x31\x2e\x34\x34"
  "\x32\x36\x39\x35\x30\x34\x30\x38\x38\x38\x39\x36\x33\x34\x30\x37\x33\x36\x0a\x23"
  "\x64\x65\x66\x69\x6e\x65\x20\x4d\x5f\x4c\x4f\x47\x31\x30\x45\x20\x20\x20\x30\x2e"
  "\x34\x33\x34\x32\x39\x34\x34\x38\x31\x39\x30\x33\x32\x35\x31\x38\x32\x37\x36\x35"
  "\x31\x0a\x23\x64\x65\x66\x69\x6e\x65\x20\x4d\x5f\x4c\x4e\x32\x20\x20\x20\x20\x20"
  "\x20\x30\x2e\x36\x39\x33\x31\x34\x37\x31\x38\x30\x35\x35\x39\x39\x34\x35\x33\x30"
  "\x39\x34\x31\x37\x0a\x23\x64\x65\x66\x69\x6e\x65\x20\x4d\x5f\x4c\x4e\x31\x30\x20"
  "\x20\x20\x20\x20\x32\x2e\x33\x30\x32\x35\x38\x35\x30\x39\x32\x39\x39\x34\x30\x34"
  "\x35\x36\x38\x34\x30\x32\x0a\x23\x64\x65\x66\x69\x6e\x65\x20\x4d\x5f\x50\x49\x20"
  "\x20\x20\x20\x20\x20\x20\x33\x2e\x31\x34\x31\x35\x39\x32\x36\x35\x33\x35\x38\x39"
  "\x37\x39\x33\x32\x33\x38\x34\x36\x0a\x23\x64\x65\x66\x69\x6e\x65\x20\x4d\x5f\x50"
  "\x49\x5f\x32\x20\x20\x20\x20\x20\x31\x2e\x35\x37\x30\x37\x39\x36\x33\x32\x36\x37"
  "\x39\x34\x38\x39\x36\x36\x31\x39\x32\x33\x0a\x23\x64\x65\x66\x69\x6e\x65\x20\x4d"
  "\x5f\x50\x49\x5f\x34\x20\x20\x20\x20\x20\x30\x2e\x37\x38\x35\x33\x39\x38\x31\x36"
  "\x33\x33\x39\x37\x34\x34\x38\x33\x30\x39\x36\x31\x36\x0a\x23\x64\x65\x66\x69\x6e"
  "\x65\x20\x4d\x5f\x31\x5f\x50\x49\x20\x20\x20\x20\x20\x30\x2e\x33\x31\x38\x33\x30"
  "\x39\x38\x38\x36\x31\x38\x33\x37\x39\x30\x36\x37\x31\x35\x33\x38\x0a\x23\x64\x65"
  "\x66\x69\x6e\x65\x20\x4d\x5f\x32\x5f\x50\x49\x20\x20\x20\x20\x20\x30\x2e\x36\x33"
  "\x36\x36\x31\x39\x37\x37\x32\x33\x36\x37\x35\x38\x31\x33\x34\x33\x30\x37\x36\x0a"
  "\x23\x64\x65\x66\x69\x6e\x65\x20\x4d\x5f\x53\x51\x52\x54\x32\x20\x20\x20\x20\x31"
  "\x2e\x34\x31\x34\x32\x31\x33\x35\x36\x32\x33\x37\x33\x30\x39\x35\x30\x34\x38\x38"
  "\x30\x0a\x23\x64\x65\x66\x69\x6e\x65\x20\x4d\x5f\x53\x51\x52\x54\x31\x5f\x32\x20"
  "\x20\x30\x2e\x37\x30\x37\x31\x30\x36\x37\x38\x31\x31\x38\x36\x35\x34\x37\x35\x32"
  "\x34\x34\x30\x31\x0a\x0a\x23\x69\x66\x20\x21\x5f\x5f\x55\x4e\x49\x53\x41\x5f\x46"
  "\x54\x52\x49\x4d\x5f\x4c\x49\x42\x43\x20\x7c\x7c\x20\x5f\x5f\x55\x4e\x5f\x5f\x6d"
  "\x5f\x68\x69\x0a\x73\x74\x61\x74\x69\x63\x20\x69\x6e\x74\x20\x5f\x6d\x5f\x68\x69"
  "\x28\x64\x6f\x75\x62\x6c\x65\x20\x5f\x5f\x75\x5f\x78\x29\x20\x7b\x20\x72\x65\x74"
  "\x75\x72\x6e\x20\x2a\x28\x31\x20\x2b\x20\x28\x69\x6e\x74\x20\x2a\x29\x26\x5f\x5f"
  "\x75\x5f\x78\x29\x3b\x20\x7d\x0a\x23\x65\x6e\x64\x69\x66\x0a\x23\x69\x66\x20\x21"
  "\x5f\x5f\x55\x4e\x49\x53\x41\x5f\x46\x54\x52\x49\x4d\x5f\x4c\x49\x42\x43\x20\x7c"
  "\x7c\x20\x5f\x5f\x55\x4e\x5f\x5f\x6d\x5f\x6c\x6f\x0a\x73\x74\x61\x74\x69\x63\x20"
  "\x75\x6e\x73\x69\x67\x6e\x65\x64\x20\x69\x6e\x74\x20\x5f\x6d\x5f\x6c\x6f\x28\x64"
  "\x6f\x75\x62\x6c\x65\x20\x5f\x5f\x75\x5f\x78\x29\x20\x7b\x20\x72\x65\x74\x75\x72"
  "\x6e\x20\x2a\x28\x75\x6e\x73\x69\x67\x6e\x65\x64\x20\x69\x6e\x74\x20\x2a\x29\x26"
  "\x5f\x5f\x75\x5f\x78\x3b\x20\x7d\x0a\x23\x65\x6e\x64\x69\x66\x0a\x23\x69\x66\x20"
  "\x21\x5f\x5f\x55\x4e\x49\x53\x41\x5f\x46\x54\x52\x49\x4d\x5f\x4c\x49\x42\x43\x20"
  "\x7c\x7c\x20\x5f\x5f\x55\x4e\x5f\x5f\x6d\x5f\x6d\x6b\x0a\x73\x74\x61\x74\x69\x63"
  "\x20\x64\x6f\x75\x62\x6c\x65\x20\x5f\x6d\x5f\x6d\x6b\x28\x69\x6e\x74\x20\x5f\x5f"
  "\x75\x5f\x68\x69\x2c\x20\x75\x6e\x73\x69\x67\x6e\x65\x64\x20\x69\x6e\x74\x20\x5f"
  "\x5f\x75\x5f\x6c\x6f\x29\x20\x7b\x0a\x20\x20\x20\x20\x64\x6f\x75\x62\x6c\x65\x20"
  "\x5f\x5f\x75\x5f\x72\x3b\x0a\x20\x20\x20\x20\x2a\x28\x75\x6e\x73\x69\x67\x6e\x65"
  "\x64\x20\x69\x6e\x74\x20\x2a\x29\x26\x5f\x5f\x75\x5f\x72\x20\x3d\x20\x5f\x5f\x75"
  "\x5f\x6c\x6f\x3b\x0a\x20\x20\x20\x20\x2a\x28\x31\x20\x2b\x20\x28\x69\x6e\x74\x20"
  "\x2a\x29\x26\x5f\x5f\x75\x5f\x72\x29\x20\x3d\x20\x5f\x5f\x75\x5f\x68\x69\x3b\x0a"
  "\x20\x20\x20\x20\x72\x65\x74\x75\x72\x6e\x20\x5f\x5f\x75\x5f\x72\x3b\x0a\x7d\x0a"
  "\x23\x65\x6e\x64\x69\x66\x0a\x23\x69\x66\x20\x21\x5f\x5f\x55\x4e\x49\x53\x41\x5f"
  "\x46\x54\x52\x49\x4d\x5f\x4c\x49\x42\x43\x20\x7c\x7c\x20\x5f\x5f\x55\x4e\x5f\x5f"
  "\x6d\x5f\x73\x65\x74\x68\x69\x0a\x73\x74\x61\x74\x69\x63\x20\x64\x6f\x75\x62\x6c"
  "\x65\x20\x5f\x6d\x5f\x73\x65\x74\x68\x69\x28\x64\x6f\x75\x62\x6c\x65\x20\x5f\x5f"
  "\x75\x5f\x78\x2c\x20\x69\x6e\x74\x20\x5f\x5f\x75\x5f\x68\x69\x29\x20\x7b\x20\x72"
  "\x65\x74\x75\x72\x6e\x20\x5f\x6d\x5f\x6d\x6b\x28\x5f\x5f\x75\x5f\x68\x69\x2c\x20"
  "\x5f\x6d\x5f\x6c\x6f\x28\x5f\x5f\x75\x5f\x78\x29\x29\x3b\x20\x7d\x0a\x23\x65\x6e"
  "\x64\x69\x66\x0a\x0a\x23\x69\x66\x20\x21\x5f\x5f\x55\x4e\x49\x53\x41\x5f\x46\x54"
  "\x52\x49\x4d\x5f\x4c\x49\x42\x43\x20\x7c\x7c\x20\x5f\x5f\x55\x4e\x5f\x73\x71\x72"
  "\x74\x0a\x73\x74\x61\x74\x69\x63\x20\x64\x6f\x75\x62\x6c\x65\x20\x73\x71\x72\x74"
  "\x28\x64\x6f\x75\x62\x6c\x65\x20\x5f\x5f\x75\x5f\x78\x29\x20\x7b\x20\x72\x65\x74"
  "\x75\x72\x6e\x20\x5f\x5f\x62\x75\x69\x6c\x74\x69\x6e\x5f\x73\x71\x72\x74\x28\x5f"
  "\x5f\x75\x5f\x78\x29\x3b\x20\x7d\x0a\x23\x65\x6e\x64\x69\x66\x0a\x23\x69\x66\x20"
  "\x21\x5f\x5f\x55\x4e\x49\x53\x41\x5f\x46\x54\x52\x49\x4d\x5f\x4c\x49\x42\x43\x20"
  "\x7c\x7c\x20\x5f\x5f\x55\x4e\x5f\x73\x71\x72\x74\x66\x0a\x73\x74\x61\x74\x69\x63"
  "\x20\x66\x6c\x6f\x61\x74\x20\x73\x71\x72\x74\x66\x28\x66\x6c\x6f\x61\x74\x20\x5f"
  "\x5f\x75\x5f\x78\x29\x20\x7b\x20\x72\x65\x74\x75\x72\x6e\x20\x5f\x5f\x62\x75\x69"
  "\x6c\x74\x69\x6e\x5f\x73\x71\x72\x74\x66\x28\x5f\x5f\x75\x5f\x78\x29\x3b\x20\x7d"
  "\x0a\x23\x65\x6e\x64\x69\x66\x0a\x0a\x23\x69\x66\x20\x21\x5f\x5f\x55\x4e\x49\x53"
  "\x41\x5f\x46\x54\x52\x49\x4d\x5f\x4c\x49\x42\x43\x20\x7c\x7c\x20\x5f\x5f\x55\x4e"
  "\x5f\x66\x61\x62\x73\x0a\x73\x74\x61\x74\x69\x63\x20\x64\x6f\x75\x62\x6c\x65\x20"
  "\x66\x61\x62\x73\x28\x64\x6f\x75\x62\x6c\x65\x20\x5f\x5f\x75\x5f\x78\x29\x20\x7b"
  "\x20\x72\x65\x74\x75\x72\x6e\x20\x5f\x6d\x5f\x6d\x6b\x28\x5f\x6d\x5f\x68\x69\x28"
  "\x5f\x5f\x75\x5f\x78\x29\x20\x26\x20\x32\x31\x34\x37\x34\x38\x33\x36\x34\x37\x2c"
  "\x20\x5f\x6d\x5f\x6c\x6f\x28\x5f\x5f\x75\x5f\x78\x29\x29\x3b\x20\x7d\x0a\x23\x65"
  "\x6e\x64\x69\x66\x0a\x23\x69\x66\x20\x21\x5f\x5f\x55\x4e\x49\x53\x41\x5f\x46\x54"
  "\x52\x49\x4d\x5f\x4c\x49\x42\x43\x20\x7c\x7c\x20\x5f\x5f\x55\x4e\x5f\x66\x61\x62"
  "\x73\x66\x0a\x73\x74\x61\x74\x69\x63\x20\x66\x6c\x6f\x61\x74\x20\x66\x61\x62\x73"
  "\x66\x28\x66\x6c\x6f\x61\x74\x20\x5f\x5f\x75\x5f\x78\x29\x20\x7b\x20\x72\x65\x74"
  "\x75\x72\x6e\x20\x28\x66\x6c\x6f\x61\x74\x29\x66\x61\x62\x73\x28\x28\x64\x6f\x75"
  "\x62\x6c\x65\x29\x5f\x5f\x75\x5f\x78\x29\x3b\x20\x7d\x0a\x23\x65\x6e\x64\x69\x66"
  "\x0a\x23\x69\x66\x20\x21\x5f\x5f\x55\x4e\x49\x53\x41\x5f\x46\x54\x52\x49\x4d\x5f"
  "\x4c\x49\x42\x43\x20\x7c\x7c\x20\x5f\x5f\x55\x4e\x5f\x63\x6f\x70\x79\x73\x69\x67"
  "\x6e\x0a\x73\x74\x61\x74\x69\x63\x20\x64\x6f\x75\x62\x6c\x65\x20\x63\x6f\x70\x79"
  "\x73\x69\x67\x6e\x28\x64\x6f\x75\x62\x6c\x65\x20\x5f\x5f\x75\x5f\x78\x2c\x20\x64"
  "\x6f\x75\x62\x6c\x65\x20\x5f\x5f\x75\x5f\x79\x29\x20\x7b\x0a\x20\x20\x20\x20\x72"
  "\x65\x74\x75\x72\x6e\x20\x5f\x6d\x5f\x6d\x6b\x28\x28\x5f\x6d\x5f\x68\x69\x28\x5f"
  "\x5f\x75\x5f\x78\x29\x20\x26\x20\x32\x31\x34\x37\x34\x38\x33\x36\x34\x37\x29\x20"
  "\x7c\x20\x28\x5f\x6d\x5f\x68\x69\x28\x5f\x5f\x75\x5f\x79\x29\x20\x26\x20\x28\x30"
  "\x20\x2d\x20\x32\x31\x34\x37\x34\x38\x33\x36\x34\x37\x20\x2d\x20\x31\x29\x29\x2c"
  "\x20\x5f\x6d\x5f\x6c\x6f\x28\x5f\x5f\x75\x5f\x78\x29\x29\x3b\x0a\x7d\x0a\x23\x65"
  "\x6e\x64\x69\x66\x0a\x0a\x23\x69\x66\x20\x21\x5f\x5f\x55\x4e\x49\x53\x41\x5f\x46"
  "\x54\x52\x49\x4d\x5f\x4c\x49\x42\x43\x20\x7c\x7c\x20\x5f\x5f\x55\x4e\x5f\x69\x73"
  "\x6e\x61\x6e\x0a\x73\x74\x61\x74\x69\x63\x20\x69\x6e\x74\x20\x69\x73\x6e\x61\x6e"
  "\x28\x64\x6f\x75\x62\x6c\x65\x20\x5f\x5f\x75\x5f\x78\x29\x20\x7b\x20\x72\x65\x74"
  "\x75\x72\x6e\x20\x5f\x5f\x75\x5f\x78\x20\x21\x3d\x20\x5f\x5f\x75\x5f\x78\x3b\x20"
  "\x7d\x0a\x23\x65\x6e\x64\x69\x66\x0a\x23\x69\x66\x20\x21\x5f\x5f\x55\x4e\x49\x53"
  "\x41\x5f\x46\x54\x52\x49\x4d\x5f\x4c\x49\x42\x43\x20\x7c\x7c\x20\x5f\x5f\x55\x4e"
  "\x5f\x69\x73\x69\x6e\x66\x0a\x73\x74\x61\x74\x69\x63\x20\x69\x6e\x74\x20\x69\x73"
  "\x69\x6e\x66\x28\x64\x6f\x75\x62\x6c\x65\x20\x5f\x5f\x75\x5f\x78\x29\x20\x7b\x20"
  "\x72\x65\x74\x75\x72\x6e\x20\x28\x5f\x6d\x5f\x68\x69\x28\x5f\x5f\x75\x5f\x78\x29"
  "\x20\x26\x20\x32\x31\x34\x37\x34\x38\x33\x36\x34\x37\x29\x20\x3d\x3d\x20\x32\x31"
  "\x34\x36\x34\x33\x35\x30\x37\x32\x20\x26\x26\x20\x5f\x6d\x5f\x6c\x6f\x28\x5f\x5f"
  "\x75\x5f\x78\x29\x20\x3d\x3d\x20\x30\x3b\x20\x7d\x0a\x23\x65\x6e\x64\x69\x66\x0a"
  "\x23\x69\x66\x20\x21\x5f\x5f\x55\x4e\x49\x53\x41\x5f\x46\x54\x52\x49\x4d\x5f\x4c"
  "\x49\x42\x43\x20\x7c\x7c\x20\x5f\x5f\x55\x4e\x5f\x69\x73\x66\x69\x6e\x69\x74\x65"
  "\x0a\x73\x74\x61\x74\x69\x63\x20\x69\x6e\x74\x20\x69\x73\x66\x69\x6e\x69\x74\x65"
  "\x28\x64\x6f\x75\x62\x6c\x65\x20\x5f\x5f\x75\x5f\x78\x29\x20\x7b\x20\x72\x65\x74"
  "\x75\x72\x6e\x20\x28\x5f\x6d\x5f\x68\x69\x28\x5f\x5f\x75\x5f\x78\x29\x20\x26\x20"
  "\x32\x31\x34\x36\x34\x33\x35\x30\x37\x32\x29\x20\x21\x3d\x20\x32\x31\x34\x36\x34"
  "\x33\x35\x30\x37\x32\x3b\x20\x7d\x0a\x23\x65\x6e\x64\x69\x66\x0a\x23\x69\x66\x20"
  "\x21\x5f\x5f\x55\x4e\x49\x53\x41\x5f\x46\x54\x52\x49\x4d\x5f\x4c\x49\x42\x43\x20"
  "\x7c\x7c\x20\x5f\x5f\x55\x4e\x5f\x73\x69\x67\x6e\x62\x69\x74\x0a\x73\x74\x61\x74"
  "\x69\x63\x20\x69\x6e\x74\x20\x73\x69\x67\x6e\x62\x69\x74\x28\x64\x6f\x75\x62\x6c"
  "\x65\x20\x5f\x5f\x75\x5f\x78\x29\x20\x7b\x20\x72\x65\x74\x75\x72\x6e\x20\x5f\x6d"
  "\x5f\x68\x69\x28\x5f\x5f\x75\x5f\x78\x29\x20\x3c\x20\x30\x3b\x20\x7d\x0a\x23\x65"
  "\x6e\x64\x69\x66\x0a\x0a\x2f\x2a\x20\x69\x6e\x74\x65\x67\x72\x61\x6c\x20\x70\x61"
  "\x72\x74\x73\x3a\x20\x65\x78\x61\x63\x74\x2e\x20\x20\x50\x61\x73\x74\x20\x32\x5e"
  "\x35\x32\x20\x65\x76\x65\x72\x79\x20\x64\x6f\x75\x62\x6c\x65\x20\x69\x73\x20\x61"
  "\x6c\x72\x65\x61\x64\x79\x20\x61\x6e\x20\x69\x6e\x74\x65\x67\x65\x72\x2e\x20\x2a"
  "\x2f\x0a\x23\x69\x66\x20\x21\x5f\x5f\x55\x4e\x49\x53\x41\x5f\x46\x54\x52\x49\x4d"
  "\x5f\x4c\x49\x42\x43\x20\x7c\x7c\x20\x5f\x5f\x55\x4e\x5f\x74\x72\x75\x6e\x63\x0a"
  "\x73\x74\x61\x74\x69\x63\x20\x64\x6f\x75\x62\x6c\x65\x20\x74\x72\x75\x6e\x63\x28"
  "\x64\x6f\x75\x62\x6c\x65\x20\x5f\x5f\x75\x5f\x78\x29\x20\x7b\x0a\x20\x20\x20\x20"
  "\x64\x6f\x75\x62\x6c\x65\x20\x5f\x5f\x75\x5f\x61\x3b\x0a\x20\x20\x20\x20\x5f\x5f"
  "\x75\x5f\x61\x20\x3d\x20\x66\x61\x62\x73\x28\x5f\x5f\x75\x5f\x78\x29\x3b\x0a\x20"
  "\x20\x20\x20\x69\x66\x20\x28\x5f\x5f\x75\x5f\x61\x20\x3e\x3d\x20\x34\x35\x30\x33"
  "\x35\x39\x39\x36\x32\x37\x33\x37\x30\x34\x39\x36\x2e\x30\x20\x7c\x7c\x20\x5f\x5f"
  "\x75\x5f\x78\x20\x21\x3d\x20\x5f\x5f\x75\x5f\x78\x29\x20\x72\x65\x74\x75\x72\x6e"
  "\x20\x5f\x5f\x75\x5f\x78\x3b\x0a\x20\x20\x20\x20\x72\x65\x74\x75\x72\x6e\x20\x63"
  "\x6f\x70\x79\x73\x69\x67\x6e\x28\x28\x64\x6f\x75\x62\x6c\x65\x29\x28\x6c\x6f\x6e"
  "\x67\x29\x5f\x5f\x75\x5f\x78\x2c\x20\x5f\x5f\x75\x5f\x78\x29\x3b\x0a\x7d\x0a\x23"
  "\x65\x6e\x64\x69\x66\x0a\x23\x69\x66\x20\x21\x5f\x5f\x55\x4e\x49\x53\x41\x5f\x46"
  "\x54\x52\x49\x4d\x5f\x4c\x49\x42\x43\x20\x7c\x7c\x20\x5f\x5f\x55\x4e\x5f\x66\x6c"
  "\x6f\x6f\x72\x0a\x73\x74\x61\x74\x69\x63\x20\x64\x6f\x75\x62\x6c\x65\x20\x66\x6c"
  "\x6f\x6f\x72\x28\x64\x6f\x75\x62\x6c\x65\x20\x5f\x5f\x75\x5f\x78\x29\x20\x7b\x0a"
  "\x20\x20\x20\x20\x64\x6f\x75\x62\x6c\x65\x20\x5f\x5f\x75\x5f\x74\x3b\x0a\x20\x20"
  "\x20\x20\x5f\x5f\x75\x5f\x74\x20\x3d\x20\x74\x72\x75\x6e\x63\x28\x5f\x5f\x75\x5f"
  "\x78\x29\x3b\x0a\x20\x20\x20\x20\x69\x66\x20\x28\x5f\x5f\x75\x5f\x74\x20\x3e\x20"
  "\x5f\x5f\x75\x5f\x78\x29\x20\x5f\x5f\x75\x5f\x74\x20\x3d\x20\x5f\x5f\x75\x5f\x74"
  "\x20\x2d\x20\x31\x2e\x30\x3b\x0a\x20\x20\x20\x20\x69\x66\x20\x28\x5f\x5f\x75\x5f"
  "\x74\x20\x3d\x3d\x20\x30\x2e\x30\x29\x20\x72\x65\x74\x75\x72\x6e\x20\x63\x6f\x70"
  "\x79\x73\x69\x67\x6e\x28\x30\x2e\x30\x2c\x20\x5f\x5f\x75\x5f\x78\x29\x3b\x20\x20"
  "\x20\x20\x20\x20\x20\x20\x2f\x2a\x20\x66\x6c\x6f\x6f\x72\x28\x2d\x30\x2e\x30\x29"
  "\x20\x69\x73\x20\x2d\x30\x2e\x30\x20\x2a\x2f\x0a\x20\x20\x20\x20\x72\x65\x74\x75"
  "\x72\x6e\x20\x5f\x5f\x75\x5f\x74\x3b\x0a\x7d\x0a\x23\x65\x6e\x64\x69\x66\x0a\x23"
  "\x69\x66\x20\x21\x5f\x5f\x55\x4e\x49\x53\x41\x5f\x46\x54\x52\x49\x4d\x5f\x4c\x49"
  "\x42\x43\x20\x7c\x7c\x20\x5f\x5f\x55\x4e\x5f\x63\x65\x69\x6c\x0a\x73\x74\x61\x74"
  "\x69\x63\x20\x64\x6f\x75\x62\x6c\x65\x20\x63\x65\x69\x6c\x28\x64\x6f\x75\x62\x6c"
  "\x65\x20\x5f\x5f\x75\x5f\x78\x29\x20\x7b\x0a\x20\x20\x20\x20\x64\x6f\x75\x62\x6c"
  "\x65\x20\x5f\x5f\x75\x5f\x74\x3b\x0a\x20\x20\x20\x20\x5f\x5f\x75\x5f\x74\x20\x3d"
  "\x20\x74\x72\x75\x6e\x63\x28\x5f\x5f\x75\x5f\x78\x29\x3b\x0a\x20\x20\x20\x20\x69"
  "\x66\x20\x28\x5f\x5f\x75\x5f\x74\x20\x3c\x20\x5f\x5f\x75\x5f\x78\x29\x20\x5f\x5f"
  "\x75\x5f\x74\x20\x3d\x20\x5f\x5f\x75\x5f\x74\x20\x2b\x20\x31\x2e\x30\x3b\x0a\x20"
  "\x20\x20\x20\x69\x66\x20\x28\x5f\x5f\x75\x5f\x74\x20\x3d\x3d\x20\x30\x2e\x30\x29"
  "\x20\x72\x65\x74\x75\x72\x6e\x20\x63\x6f\x70\x79\x73\x69\x67\x6e\x28\x30\x2e\x30"
  "\x2c\x20\x5f\x5f\x75\x5f\x78\x29\x3b\x0a\x20\x20\x20\x20\x72\x65\x74\x75\x72\x6e"
  "\x20\x5f\x5f\x75\x5f\x74\x3b\x0a\x7d\x0a\x23\x65\x6e\x64\x69\x66\x0a\x23\x69\x66"
  "\x20\x21\x5f\x5f\x55\x4e\x49\x53\x41\x5f\x46\x54\x52\x49\x4d\x5f\x4c\x49\x42\x43"
  "\x20\x7c\x7c\x20\x5f\x5f\x55\x4e\x5f\x72\x6f\x75\x6e\x64\x0a\x73\x74\x61\x74\x69"
  "\x63\x20\x64\x6f\x75\x62\x6c\x65\x20\x72\x6f\x75\x6e\x64\x28\x64\x6f\x75\x62\x6c"
  "\x65\x20\x5f\x5f\x75\x5f\x78\x29\x20\x7b\x20\x20\x20\x20\x20\x20\x20\x20\x20\x20"
  "\x20\x20\x20\x20\x20\x20\x20\x20\x2f\x2a\x20\x68\x61\x6c\x66\x77\x61\x79\x20\x61"
  "\x77\x61\x79\x20\x66\x72\x6f\x6d\x20\x7a\x65\x72\x6f\x20\x2a\x2f\x0a\x20\x20\x20"
  "\x20\x64\x6f\x75\x62\x6c\x65\x20\x5f\x5f\x75\x5f\x74\x3b\x0a\x20\x20\x20\x20\x5f"
  "\x5f\x75\x5f\x74\x20\x3d\x20\x74\x72\x75\x6e\x63\x28\x5f\x5f\x75\x5f\x78\x29\x3b"
  "\x0a\x20\x20\x20\x20\x69\x66\x20\x28\x66\x61\x62\x73\x28\x5f\x5f\x75\x5f\x78\x20"
  "\x2d\x20\x5f\x5f\x75\x5f\x74\x29\x20\x3e\x3d\x20\x30\x2e\x35\x29\x20\x5f\x5f\x75"
  "\x5f\x74\x20\x3d\x20\x5f\x5f\x75\x5f\x74\x20\x2b\x20\x63\x6f\x70\x79\x73\x69\x67"
  "\x6e\x28\x31\x2e\x30\x2c\x20\x5f\x5f\x75\x5f\x78\x29\x3b\x0a\x20\x20\x20\x20\x69"
  "\x66\x20\x28\x5f\x5f\x75\x5f\x74\x20\x3d\x3d\x20\x30\x2e\x30\x29\x20\x72\x65\x74"
  "\x75\x72\x6e\x20\x63\x6f\x70\x79\x73\x69\x67\x6e\x28\x30\x2e\x30\x2c\x20\x5f\x5f"
  "\x75\x5f\x78\x29\x3b\x0a\x20\x20\x20\x20\x72\x65\x74\x75\x72\x6e\x20\x5f\x5f\x75"
  "\x5f\x74\x3b\x0a\x7d\x0a\x23\x65\x6e\x64\x69\x66\x0a\x23\x69\x66\x20\x21\x5f\x5f"
  "\x55\x4e\x49\x53\x41\x5f\x46\x54\x52\x49\x4d\x5f\x4c\x49\x42\x43\x20\x7c\x7c\x20"
  "\x5f\x5f\x55\x4e\x5f\x6c\x72\x6f\x75\x6e\x64\x0a\x73\x74\x61\x74\x69\x63\x20\x6c"
  "\x6f\x6e\x67\x20\x6c\x72\x6f\x75\x6e\x64\x28\x64\x6f\x75\x62\x6c\x65\x20\x5f\x5f"
  "\x75\x5f\x78\x29\x20\x7b\x20\x72\x65\x74\x75\x72\x6e\x20\x28\x6c\x6f\x6e\x67\x29"
  "\x72\x6f\x75\x6e\x64\x28\x5f\x5f\x75\x5f\x78\x29\x3b\x20\x7d\x0a\x23\x65\x6e\x64"
  "\x69\x66\x0a\x23\x69\x66\x20\x21\x5f\x5f\x55\x4e\x49\x53\x41\x5f\x46\x54\x52\x49"
  "\x4d\x5f\x4c\x49\x42\x43\x20\x7c\x7c\x20\x5f\x5f\x55\x4e\x5f\x66\x6c\x6f\x6f\x72"
  "\x66\x0a\x73\x74\x61\x74\x69\x63\x20\x66\x6c\x6f\x61\x74\x20\x66\x6c\x6f\x6f\x72"
  "\x66\x28\x66\x6c\x6f\x61\x74\x20\x5f\x5f\x75\x5f\x78\x29\x20\x7b\x20\x72\x65\x74"
  "\x75\x72\x6e\x20\x28\x66\x6c\x6f\x61\x74\x29\x66\x6c\x6f\x6f\x72\x28\x28\x64\x6f"
  "\x75\x62\x6c\x65\x29\x5f\x5f\x75\x5f\x78\x29\x3b\x20\x7d\x0a\x23\x65\x6e\x64\x69"
  "\x66\x0a\x23\x69\x66\x20\x21\x5f\x5f\x55\x4e\x49\x53\x41\x5f\x46\x54\x52\x49\x4d"
  "\x5f\x4c\x49\x42\x43\x20\x7c\x7c\x20\x5f\x5f\x55\x4e\x5f\x63\x65\x69\x6c\x66\x0a"
  "\x73\x74\x61\x74\x69\x63\x20\x66\x6c\x6f\x61\x74\x20\x63\x65\x69\x6c\x66\x28\x66"
  "\x6c\x6f\x61\x74\x20\x5f\x5f\x75\x5f\x78\x29\x20\x7b\x20\x72\x65\x74\x75\x72\x6e"
  "\x20\x28\x66\x6c\x6f\x61\x74\x29\x63\x65\x69\x6c\x28\x28\x64\x6f\x75\x62\x6c\x65"
  "\x29\x5f\x5f\x75\x5f\x78\x29\x3b\x20\x7d\x0a\x23\x65\x6e\x64\x69\x66\x0a\x0a\x23"
  "\x69\x66\x20\x21\x5f\x5f\x55\x4e\x49\x53\x41\x5f\x46\x54\x52\x49\x4d\x5f\x4c\x49"
  "\x42\x43\x20\x7c\x7c\x20\x5f\x5f\x55\x4e\x5f\x6d\x6f\x64\x66\x0a\x73\x74\x61\x74"
  "\x69\x63\x20\x64\x6f\x75\x62\x6c\x65\x20\x6d\x6f\x64\x66\x28\x64\x6f\x75\x62\x6c"
  "\x65\x20\x5f\x5f\x75\x5f\x78\x2c\x20\x64\x6f\x75\x62\x6c\x65\x20\x2a\x5f\x5f\x75"
  "\x5f\x69\x70\x29\x20\x7b\x0a\x20\x20\x20\x20\x64\x6f\x75\x62\x6c\x65\x20\x5f\x5f"
  "\x75\x5f\x74\x3b\x0a\x20\x20\x20\x20\x5f\x5f\x75\x5f\x74\x20\x3d\x20\x74\x72\x75"
  "\x6e\x63\x28\x5f\x5f\x75\x5f\x78\x29\x3b\x0a\x20\x20\x20\x20\x2a\x5f\x5f\x75\x5f"
  "\x69\x70\x20\x3d\x20\x5f\x5f\x75\x5f\x74\x3b\x0a\x20\x20\x20\x20\x69\x66\x20\x28"
  "\x69\x73\x69\x6e\x66\x28\x5f\x5f\x75\x5f\x78\x29\x29\x20\x72\x65\x74\x75\x72\x6e"
  "\x20\x63\x6f\x70\x79\x73\x69\x67\x6e\x28\x30\x2e\x30\x2c\x20\x5f\x5f\x75\x5f\x78"
  "\x29\x3b\x0a\x20\x20\x20\x20\x72\x65\x74\x75\x72\x6e\x20\x63\x6f\x70\x79\x73\x69"
  "\x67\x6e\x28\x5f\x5f\x75\x5f\x78\x20\x2d\x20\x5f\x5f\x75\x5f\x74\x2c\x20\x5f\x5f"
  "\x75\x5f\x78\x29\x3b\x0a\x7d\x0a\x23\x65\x6e\x64\x69\x66\x0a\x0a\x2f\x2a\x20\x78"
  "\x20\x3d\x20\x6d\x20\x2a\x20\x32\x5e\x65\x20\x77\x69\x74\x68\x20\x30\x2e\x35\x20"
  "\x3c\x3d\x20\x7c\x6d\x7c\x20\x3c\x20\x31\x20\x2a\x2f\x0a\x23\x69\x66\x20\x21\x5f"
  "\x5f\x55\x4e\x49\x53\x41\x5f\x46\x54\x52\x49\x4d\x5f\x4c\x49\x42\x43\x20\x7c\x7c"
  "\x20\x5f\x5f\x55\x4e\x5f\x66\x72\x65\x78\x70\x0a\x73\x74\x61\x74\x69\x63\x20\x64"
  "\x6f\x75\x62\x6c\x65\x20\x66\x72\x65\x78\x70\x28\x64\x6f\x75\x62\x6c\x65\x20\x5f"
  "\x5f\x75\x5f\x78\x2c\x20\x69\x6e\x74\x20\x2a\x5f\x5f\x75\x5f\x65\x29\x20\x7b\x0a"
  "\x20\x20\x20\x20\x69\x6e\x74\x20\x5f\x5f\x75\x5f\x68\x78\x3b\x20\x69\x6e\x74\x20"
  "\x5f\x5f\x75\x5f\x69\x78\x3b\x0a\x20\x20\x20\x20\x5f\x5f\x75\x5f\x68\x78\x20\x3d"
  "\x20\x5f\x6d\x5f\x68\x69\x28\x5f\x5f\x75\x5f\x78\x29\x3b\x20\x5f\x5f\x75\x5f\x69"
  "\x78\x20\x3d\x20\x5f\x5f\x75\x5f\x68\x78\x20\x26\x20\x32\x31\x34\x37\x34\x38\x33"
  "\x36\x34\x37\x3b\x0a\x20\x20\x20\x20\x2a\x5f\x5f\x75\x5f\x65\x20\x3d\x20\x30\x3b"
  "\x0a\x20\x20\x20\x20\x69\x66\x20\x28\x5f\x5f\x75\x5f\x69\x78\x20\x3e\x3d\x20\x32"
  "\x31\x34\x36\x34\x33\x35\x30\x37\x32\x20\x7c\x7c\x20\x28\x5f\x5f\x75\x5f\x69\x78"
  "\x20\x7c\x20\x28\x69\x6e\x74\x29\x5f\x6d\x5f\x6c\x6f\x28\x5f\x5f\x75\x5f\x78\x29"
  "\x29\x20\x3d\x3d\x20\x30\x29\x20\x72\x65\x74\x75\x72\x6e\x20\x5f\x5f\x75\x5f\x78"
  "\x3b\x20\x20\x20\x2f\x2a\x20\x30\x2c\x20\x69\x6e\x66\x2c\x20\x6e\x61\x6e\x20\x2a"
  "\x2f\x0a\x20\x20\x20\x20\x69\x66\x20\x28\x5f\x5f\x75\x5f\x69\x78\x20\x3c\x20\x31"
  "\x30\x34\x38\x35\x37\x36\x29\x20\x7b\x20\x20\x20\x20\x20\x20\x20\x20\x20\x20\x20"
  "\x20\x20\x20\x20\x20\x20\x20\x20\x20\x20\x20\x20\x20\x20\x20\x20\x20\x20\x20\x20"
  "\x20\x20\x2f\x2a\x20\x73\x75\x62\x6e\x6f\x72\x6d\x61\x6c\x20\x2a\x2f\x0a\x20\x20"
  "\x20\x20\x20\x20\x20\x20\x5f\x5f\x75\x5f\x78\x20\x3d\x20\x5f\x5f\x75\x5f\x78\x20"
  "\x2a\x20\x31\x38\x30\x31\x34\x33\x39\x38\x35\x30\x39\x34\x38\x31\x39\x38\x34\x2e"
  "\x30\x3b\x20\x20\x20\x20\x20\x20\x20\x20\x20\x20\x20\x20\x20\x20\x20\x20\x20\x20"
  "\x20\x20\x2f\x2a\x20\x32\x5e\x35\x34\x20\x2a\x2f\x0a\x20\x20\x20\x20\x20\x20\x20"
  "\x20\x5f\x5f\x75\x5f\x68\x78\x20\x3d\x20\x5f\x6d\x5f\x68\x69\x28\x5f\x5f\x75\x5f"
  "\x78\x29\x3b\x20\x5f\x5f\x75\x5f\x69\x78\x20\x3d\x20\x5f\x5f\x75\x5f\x68\x78\x20"
  "\x26\x20\x32\x31\x34\x37\x34\x38\x33\x36\x34\x37\x3b\x20\x2a\x5f\x5f\x75\x5f\x65"
  "\x20\x3d\x20\x30\x20\x2d\x20\x35\x34\x3b\x0a\x20\x20\x20\x20\x7d\x0a\x20\x20\x20"
  "\x20\x2a\x5f\x5f\x75\x5f\x65\x20\x3d\x20\x2a\x5f\x5f\x75\x5f\x65\x20\x2b\x20\x28"
  "\x5f\x5f\x75\x5f\x69\x78\x20\x3e\x3e\x20\x32\x30\x29\x20\x2d\x20\x31\x30\x32\x32"
  "\x3b\x0a\x20\x20\x20\x20\x72\x65\x74\x75\x72\x6e\x20\x5f\x6d\x5f\x73\x65\x74\x68"
  "\x69\x28\x5f\x5f\x75\x5f\x78\x2c\x20\x28\x5f\x5f\x75\x5f\x68\x78\x20\x26\x20\x28"
  "\x30\x20\x2d\x20\x32\x31\x34\x36\x34\x33\x35\x30\x37\x33\x29\x29\x20\x7c\x20\x31"
  "\x30\x37\x31\x36\x34\x34\x36\x37\x32\x29\x3b\x0a\x7d\x0a\x23\x65\x6e\x64\x69\x66"
  "\x0a\x23\x69\x66\x20\x21\x5f\x5f\x55\x4e\x49\x53\x41\x5f\x46\x54\x52\x49\x4d\x5f"
  "\x4c\x49\x42\x43\x20\x7c\x7c\x20\x5f\x5f\x55\x4e\x5f\x6c\x64\x65\x78\x70\x0a\x73"
  "\x74\x61\x74\x69\x63\x20\x64\x6f\x75\x62\x6c\x65\x20\x6c\x64\x65\x78\x70\x28\x64"
  "\x6f\x75\x62\x6c\x65\x20\x5f\x5f\x75\x5f\x78\x2c\x20\x69\x6e\x74\x20\x5f\x5f\x75"
  "\x5f\x6e\x29\x20\x7b\x0a\x20\x20\x20\x20\x2f\x2a\x20\x62\x79\x20\x65\x78\x61\x63"
  "\x74\x20\x70\x6f\x77\x65\x72\x73\x20\x6f\x66\x20\x74\x77\x6f\x2c\x20\x69\x6e\x20"
  "\x73\x74\x65\x70\x73\x20\x74\x68\x61\x74\x20\x63\x61\x6e\x6e\x6f\x74\x20\x6f\x76"
  "\x65\x72\x66\x6c\x6f\x77\x20\x74\x68\x65\x20\x65\x78\x70\x6f\x6e\x65\x6e\x74\x20"
  "\x2a\x2f\x0a\x20\x20\x20\x20\x77\x68\x69\x6c\x65\x20\x28\x5f\x5f\x75\x5f\x6e\x20"
  "\x3e\x20\x31\x30\x30\x30\x29\x20\x7b\x20\x5f\x5f\x75\x5f\x78\x20\x3d\x20\x5f\x5f"
  "\x75\x5f\x78\x20\x2a\x20\x31\x2e\x30\x37\x31\x35\x30\x38\x36\x30\x37\x31\x38\x36"
  "\x32\x36\x37\x33\x65\x33\x30\x31\x3b\x20\x5f\x5f\x75\x5f\x6e\x20\x3d\x20\x5f\x5f"
  "\x75\x5f\x6e\x20\x2d\x20\x31\x30\x30\x30\x3b\x20\x7d\x20\x20\x20\x20\x20\x20\x20"
  "\x2f\x2a\x20\x32\x5e\x31\x30\x30\x30\x20\x2a\x2f\x0a\x20\x20\x20\x20\x77\x68\x69"
  "\x6c\x65\x20\x28\x5f\x5f\x75\x5f\x6e\x20\x3c\x20\x30\x20\x2d\x20\x31\x30\x30\x30"
  "\x29\x20\x7b\x20\x5f\x5f\x75\x5f\x78\x20\x3d\x20\x5f\x5f\x75\x5f\x78\x20\x2a\x20"
  "\x39\x2e\x33\x33\x32\x36\x33\x36\x31\x38\x35\x30\x33\x32\x31\x38\x38\x38\x65\x2d"
  "\x33\x30\x32\x3b\x20\x5f\x5f\x75\x5f\x6e\x20\x3d\x20\x5f\x5f\x75\x5f\x6e\x20\x2b"
  "\x20\x31\x30\x30\x30\x3b\x20\x7d\x20\x20\x2f\x2a\x20\x32\x5e\x2d\x31\x30\x30\x30"
  "\x20\x2a\x2f\x0a\x20\x20\x20\x20\x69\x66\x20\x28\x5f\x5f\x75\x5f\x6e\x20\x3e\x3d"
  "\x20\x30\x29\x20\x72\x65\x74\x75\x72\x6e\x20\x5f\x5f\x75\x5f\x78\x20\x2a\x20\x5f"
  "\x6d\x5f\x6d\x6b\x28\x28\x5f\x5f\x75\x5f\x6e\x20\x2b\x20\x31\x30\x32\x33\x29\x20"
  "\x3c\x3c\x20\x32\x30\x2c\x20\x30\x29\x3b\x0a\x20\x20\x20\x20\x69\x66\x20\x28\x5f"
  "\x5f\x75\x5f\x6e\x20\x3e\x20\x30\x20\x2d\x20\x31\x30\x32\x32\x29\x20\x72\x65\x74"
  "\x75\x72\x6e\x20\x5f\x5f\x75\x5f\x78\x20\x2a\x20\x5f\x6d\x5f\x6d\x6b\x28\x28\x5f"
  "\x5f\x75\x5f\x6e\x20\x2b\x20\x31\x30\x32\x33\x29\x20\x3c\x3c\x20\x32\x30\x2c\x20"
  "\x30\x29\x3b\x0a\x20\x20\x20\x20\x72\x65\x74\x75\x72\x6e\x20\x5f\x5f\x75\x5f\x78"
  "\x20\x2a\x20\x5f\x6d\x5f\x6d\x6b\x28\x28\x5f\x5f\x75\x5f\x6e\x20\x2b\x20\x31\x30"
  "\x32\x33\x20\x2b\x20\x36\x30\x29\x20\x3c\x3c\x20\x32\x30\x2c\x20\x30\x29\x20\x2a"
  "\x20\x38\x2e\x36\x37\x33\x36\x31\x37\x33\x37\x39\x38\x38\x34\x30\x33\x35\x65\x2d"
  "\x31\x39\x3b\x20\x20\x20\x20\x2f\x2a\x20\x32\x5e\x2d\x36\x30\x20\x2a\x2f\x0a\x7d"
  "\x0a\x23\x65\x6e\x64\x69\x66\x0a\x23\x69\x66\x20\x21\x5f\x5f\x55\x4e\x49\x53\x41"
  "\x5f\x46\x54\x52\x49\x4d\x5f\x4c\x49\x42\x43\x20\x7c\x7c\x20\x5f\x5f\x55\x4e\x5f"
  "\x73\x63\x61\x6c\x62\x6e\x0a\x73\x74\x61\x74\x69\x63\x20\x64\x6f\x75\x62\x6c\x65"
  "\x20\x73\x63\x61\x6c\x62\x6e\x28\x64\x6f\x75\x62\x6c\x65\x20\x5f\x5f\x75\x5f\x78"
  "\x2c\x20\x69\x6e\x74\x20\x5f\x5f\x75\x5f\x6e\x29\x20\x7b\x20\x72\x65\x74\x75\x72"
  "\x6e\x20\x6c\x64\x65\x78\x70\x28\x5f\x5f\x75\x5f\x78\x2c\x20\x5f\x5f\x75\x5f\x6e"
  "\x29\x3b\x20\x7d\x0a\x23\x65\x6e\x64\x69\x66\x0a\x0a\x2f\x2a\x20\x66\x6d\x6f\x64"
  "\x2c\x20\x65\x78\x61\x63\x74\x6c\x79\x3a\x20\x43\x39\x39\x20\x37\x2e\x31\x32\x2e"
  "\x31\x30\x2e\x31\x20\x2d\x2d\x20\x74\x68\x65\x20\x72\x65\x73\x75\x6c\x74\x20\x69"
  "\x73\x20\x78\x20\x2d\x20\x6e\x2a\x79\x20\x66\x6f\x72\x20\x74\x68\x65\x20\x69\x6e"
  "\x74\x65\x67\x65\x72\x20\x6e\x0a\x20\x20\x20\x74\x68\x61\x74\x20\x6d\x61\x6b\x65"
  "\x73\x20\x69\x74\x20\x68\x61\x76\x65\x20\x78\x27\x73\x20\x73\x69\x67\x6e\x20\x61"
  "\x6e\x64\x20\x62\x65\x20\x73\x6d\x61\x6c\x6c\x65\x72\x20\x74\x68\x61\x6e\x20\x7c"
  "\x79\x7c\x2c\x20\x61\x6e\x64\x20\x69\x74\x20\x69\x73\x20\x65\x78\x61\x63\x74\x2e"
  "\x20\x2a\x2f\x0a\x23\x69\x66\x20\x21\x5f\x5f\x55\x4e\x49\x53\x41\x5f\x46\x54\x52"
  "\x49\x4d\x5f\x4c\x49\x42\x43\x20\x7c\x7c\x20\x5f\x5f\x55\x4e\x5f\x66\x6d\x6f\x64"
  "\x0a\x73\x74\x61\x74\x69\x63\x20\x64\x6f\x75\x62\x6c\x65\x20\x66\x6d\x6f\x64\x28"
  "\x64\x6f\x75\x62\x6c\x65\x20\x5f\x5f\x75\x5f\x78\x2c\x20\x64\x6f\x75\x62\x6c\x65"
  "\x20\x5f\x5f\x75\x5f\x79\x29\x20\x7b\x0a\x20\x20\x20\x20\x69\x6e\x74\x20\x5f\x5f"
  "\x75\x5f\x65\x78\x3b\x20\x69\x6e\x74\x20\x5f\x5f\x75\x5f\x65\x79\x3b\x0a\x20\x20"
  "\x20\x20\x64\x6f\x75\x62\x6c\x65\x20\x5f\x5f\x75\x5f\x61\x78\x3b\x20\x64\x6f\x75"
  "\x62\x6c\x65\x20\x5f\x5f\x75\x5f\x61\x79\x3b\x20\x64\x6f\x75\x62\x6c\x65\x20\x5f"
  "\x5f\x75\x5f\x72\x3b\x0a\x20\x20\x20\x20\x69\x66\x20\x28\x5f\x5f\x75\x5f\x79\x20"
  "\x21\x3d\x20\x5f\x5f\x75\x5f\x79\x20\x7c\x7c\x20\x5f\x5f\x75\x5f\x78\x20\x21\x3d"
  "\x20\x5f\x5f\x75\x5f\x78\x20\x7c\x7c\x20\x69\x73\x69\x6e\x66\x28\x5f\x5f\x75\x5f"
  "\x78\x29\x20\x7c\x7c\x20\x5f\x5f\x75\x5f\x79\x20\x3d\x3d\x20\x30\x2e\x30\x29\x20"
  "\x72\x65\x74\x75\x72\x6e\x20\x28\x5f\x5f\x75\x5f\x78\x20\x2a\x20\x5f\x5f\x75\x5f"
  "\x79\x29\x20\x2f\x20\x28\x5f\x5f\x75\x5f\x78\x20\x2a\x20\x5f\x5f\x75\x5f\x79\x29"
  "\x3b\x0a\x20\x20\x20\x20\x5f\x5f\x75\x5f\x61\x78\x20\x3d\x20\x66\x61\x62\x73\x28"
  "\x5f\x5f\x75\x5f\x78\x29\x3b\x20\x5f\x5f\x75\x5f\x61\x79\x20\x3d\x20\x66\x61\x62"
  "\x73\x28\x5f\x5f\x75\x5f\x79\x29\x3b\x0a\x20\x20\x20\x20\x69\x66\x20\x28\x5f\x5f"
  "\x75\x5f\x61\x78\x20\x3c\x20\x5f\x5f\x75\x5f\x61\x79\x29\x20\x72\x65\x74\x75\x72"
  "\x6e\x20\x5f\x5f\x75\x5f\x78\x3b\x0a\x20\x20\x20\x20\x66\x72\x65\x78\x70\x28\x5f"
  "\x5f\x75\x5f\x61\x78\x2c\x20\x26\x5f\x5f\x75\x5f\x65\x78\x29\x3b\x20\x66\x72\x65"
  "\x78\x70\x28\x5f\x5f\x75\x5f\x61\x79\x2c\x20\x26\x5f\x5f\x75\x5f\x65\x79\x29\x3b"
  "\x0a\x20\x20\x20\x20\x5f\x5f\x75\x5f\x72\x20\x3d\x20\x5f\x5f\x75\x5f\x61\x78\x3b"
  "\x0a\x20\x20\x20\x20\x77\x68\x69\x6c\x65\x20\x28\x5f\x5f\x75\x5f\x65\x78\x20\x3e"
  "\x3d\x20\x5f\x5f\x75\x5f\x65\x79\x29\x20\x7b\x0a\x20\x20\x20\x20\x20\x20\x20\x20"
  "\x64\x6f\x75\x62\x6c\x65\x20\x5f\x5f\x75\x5f\x74\x3b\x0a\x20\x20\x20\x20\x20\x20"
  "\x20\x20\x5f\x5f\x75\x5f\x74\x20\x3d\x20\x6c\x64\x65\x78\x70\x28\x5f\x5f\x75\x5f"
  "\x61\x79\x2c\x20\x5f\x5f\x75\x5f\x65\x78\x20\x2d\x20\x5f\x5f\x75\x5f\x65\x79\x29"
  "\x3b\x0a\x20\x20\x20\x20\x20\x20\x20\x20\x69\x66\x20\x28\x5f\x5f\x75\x5f\x74\x20"
  "\x3e\x20\x5f\x5f\x75\x5f\x72\x29\x20\x7b\x20\x69\x66\x20\x28\x5f\x5f\x75\x5f\x65"
  "\x78\x20\x3d\x3d\x20\x5f\x5f\x75\x5f\x65\x79\x29\x20\x62\x72\x65\x61\x6b\x3b\x20"
  "\x5f\x5f\x75\x5f\x74\x20\x3d\x20\x6c\x64\x65\x78\x70\x28\x5f\x5f\x75\x5f\x61\x79"
  "\x2c\x20\x5f\x5f\x75\x5f\x65\x78\x20\x2d\x20\x5f\x5f\x75\x5f\x65\x79\x20\x2d\x20"
  "\x31\x29\x3b\x20\x7d\x0a\x20\x20\x20\x20\x20\x20\x20\x20\x69\x66\x20\x28\x5f\x5f"
  "\x75\x5f\x74\x20\x3c\x3d\x20\x5f\x5f\x75\x5f\x72\x29\x20\x5f\x5f\x75\x5f\x72\x20"
  "\x3d\x20\x5f\x5f\x75\x5f\x72\x20\x2d\x20\x5f\x5f\x75\x5f\x74\x3b\x20\x20\x20\x20"
  "\x20\x20\x20\x20\x20\x20\x20\x20\x20\x20\x20\x20\x20\x20\x20\x2f\x2a\x20\x65\x78"
  "\x61\x63\x74\x3a\x20\x73\x61\x6d\x65\x20\x62\x69\x6e\x61\x64\x65\x20\x6f\x72\x20"
  "\x62\x65\x6c\x6f\x77\x20\x2a\x2f\x0a\x20\x20\x20\x20\x20\x20\x20\x20\x69\x66\x20"
  "\x28\x5f\x5f\x75\x5f\x72\x20\x3c\x20\x5f\x5f\x75\x5f\x61\x79\x29\x20\x62\x72\x65"
  "\x61\x6b\x3b\x0a\x20\x20\x20\x20\x20\x20\x20\x20\x66\x72\x65\x78\x70\x28\x5f\x5f"
  "\x75\x5f\x72\x2c\x20\x26\x5f\x5f\x75\x5f\x65\x78\x29\x3b\x0a\x20\x20\x20\x20\x7d"
  "\x0a\x20\x20\x20\x20\x72\x65\x74\x75\x72\x6e\x20\x63\x6f\x70\x79\x73\x69\x67\x6e"
  "\x28\x5f\x5f\x75\x5f\x72\x2c\x20\x5f\x5f\x75\x5f\x78\x29\x3b\x0a\x7d\x0a\x23\x65"
  "\x6e\x64\x69\x66\x0a\x0a\x2f\x2a\x20\x2d\x2d\x2d\x2d\x20\x65\x78\x70\x20\x28\x66"
  "\x64\x6c\x69\x62\x6d\x20\x65\x5f\x65\x78\x70\x2e\x63\x29\x20\x2d\x2d\x2d\x2d\x2d"
  "\x2d\x2d\x2d\x2d\x2d\x2d\x2d\x2d\x2d\x2d\x2d\x2d\x2d\x2d\x2d\x2d\x2d\x2d\x2d\x2d"
  "\x2d\x2d\x2d\x2d\x2d\x2d\x2d\x2d\x2d\x2d\x2d\x2d\x2d\x2d\x2d\x2d\x2d\x2d\x2d\x2d"
  "\x2d\x20\x2a\x2f\x0a\x23\x69\x66\x20\x21\x5f\x5f\x55\x4e\x49\x53\x41\x5f\x46\x54"
  "\x52\x49\x4d\x5f\x4c\x49\x42\x43\x20\x7c\x7c\x20\x5f\x5f\x55\x4e\x5f\x65\x78\x70"
  "\x0a\x73\x74\x61\x74\x69\x63\x20\x64\x6f\x75\x62\x6c\x65\x20\x65\x78\x70\x28\x64"
  "\x6f\x75\x62\x6c\x65\x20\x5f\x5f\x75\x5f\x78\x29\x20\x7b\x0a\x20\x20\x20\x20\x64"
  "\x6f\x75\x62\x6c\x65\x20\x5f\x5f\x75\x5f\x68\x69\x3b\x20\x64\x6f\x75\x62\x6c\x65"
  "\x20\x5f\x5f\x75\x5f\x6c\x6f\x3b\x20\x64\x6f\x75\x62\x6c\x65\x20\x5f\x5f\x75\x5f"
  "\x63\x3b\x20\x64\x6f\x75\x62\x6c\x65\x20\x5f\x5f\x75\x5f\x74\x3b\x20\x64\x6f\x75"
  "\x62\x6c\x65\x20\x5f\x5f\x75\x5f\x79\x3b\x0a\x20\x20\x20\x20\x69\x6e\x74\x20\x5f"
  "\x5f\x75\x5f\x6b\x3b\x20\x69\x6e\x74\x20\x5f\x5f\x75\x5f\x78\x73\x62\x3b\x20\x69"
  "\x6e\x74\x20\x5f\x5f\x75\x5f\x68\x78\x3b\x0a\x20\x20\x20\x20\x75\x6e\x73\x69\x67"
  "\x6e\x65\x64\x20\x69\x6e\x74\x20\x5f\x5f\x75\x5f\x75\x78\x3b\x0a\x20\x20\x20\x20"
  "\x5f\x5f\x75\x5f\x68\x69\x20\x3d\x20\x30\x2e\x30\x3b\x20\x5f\x5f\x75\x5f\x6c\x6f"
  "\x20\x3d\x20\x30\x2e\x30\x3b\x20\x5f\x5f\x75\x5f\x6b\x20\x3d\x20\x30\x3b\x0a\x20"
  "\x20\x20\x20\x5f\x5f\x75\x5f\x68\x78\x20\x3d\x20\x5f\x6d\x5f\x68\x69\x28\x5f\x5f"
  "\x75\x5f\x78\x29\x3b\x0a\x20\x20\x20\x20\x5f\x5f\x75\x5f\x78\x73\x62\x20\x3d\x20"
  "\x28\x5f\x5f\x75\x5f\x68\x78\x20\x3e\x3e\x20\x33\x31\x29\x20\x26\x20\x31\x3b\x0a"
  "\x20\x20\x20\x20\x5f\x5f\x75\x5f\x75\x78\x20\x3d\x20\x5f\x5f\x75\x5f\x68\x78\x20"
  "\x26\x20\x32\x31\x34\x37\x34\x38\x33\x36\x34\x37\x3b\x0a\x20\x20\x20\x20\x69\x66"
  "\x20\x28\x5f\x5f\x75\x5f\x75\x78\x20\x3e\x3d\x20\x31\x30\x38\x32\x35\x33\x35\x34"
  "\x39\x30\x29\x20\x7b\x20\x20\x20\x20\x20\x20\x20\x20\x20\x20\x20\x20\x20\x20\x20"
  "\x20\x20\x20\x20\x20\x20\x20\x20\x20\x20\x20\x20\x20\x20\x20\x20\x2f\x2a\x20\x7c"
  "\x78\x7c\x20\x3e\x3d\x20\x37\x30\x39\x2e\x37\x38\x20\x2a\x2f\x0a\x20\x20\x20\x20"
  "\x20\x20\x20\x20\x69\x66\x20\x28\x5f\x5f\x75\x5f\x75\x78\x20\x3e\x3d\x20\x32\x31"
  "\x34\x36\x34\x33\x35\x30\x37\x32\x29\x20\x7b\x0a\x20\x20\x20\x20\x20\x20\x20\x20"
  "\x20\x20\x20\x20\x69\x66\x20\x28\x28\x28\x5f\x5f\x75\x5f\x75\x78\x20\x26\x20\x31"
  "\x30\x34\x38\x35\x37\x35\x29\x20\x7c\x20\x5f\x6d\x5f\x6c\x6f\x28\x5f\x5f\x75\x5f"
  "\x78\x29\x29\x20\x21\x3d\x20\x30\x29\x20\x72\x65\x74\x75\x72\x6e\x20\x5f\x5f\x75"
  "\x5f\x78\x20\x2b\x20\x5f\x5f\x75\x5f\x78\x3b\x20\x20\x20\x2f\x2a\x20\x6e\x61\x6e"
  "\x20\x2a\x2f\x0a\x20\x20\x20\x20\x20\x20\x20\x20\x20\x20\x20\x20\x72\x65\x74\x75"
  "\x72\x6e\x20\x5f\x5f\x75\x5f\x78\x73\x62\x20\x3d\x3d\x20\x30\x20\x3f\x20\x5f\x5f"
  "\x75\x5f\x78\x20\x3a\x20\x30\x2e\x30\x3b\x20\x20\x20\x20\x20\x20\x20\x20\x20\x20"
  "\x20\x20\x20\x20\x20\x20\x20\x20\x20\x20\x20\x20\x20\x20\x20\x20\x20\x2f\x2a\x20"
  "\x65\x78\x70\x28\x2b\x2d\x69\x6e\x66\x29\x20\x2a\x2f\x0a\x20\x20\x20\x20\x20\x20"
  "\x20\x20\x7d\x0a\x20\x20\x20\x20\x20\x20\x20\x20\x69\x66\x20\x28\x5f\x5f\x75\x5f"
  "\x78\x20\x3e\x20\x37\x2e\x30\x39\x37\x38\x32\x37\x31\x32\x38\x39\x33\x33\x38\x33"
  "\x39\x37\x33\x30\x39\x36\x65\x2b\x30\x32\x29\x20\x72\x65\x74\x75\x72\x6e\x20\x31"
  "\x2e\x30\x65\x33\x30\x30\x20\x2a\x20\x31\x2e\x30\x65\x33\x30\x30\x3b\x0a\x20\x20"
  "\x20\x20\x20\x20\x20\x20\x69\x66\x20\x28\x5f\x5f\x75\x5f\x78\x20\x3c\x20\x30\x20"
  "\x2d\x20\x37\x2e\x34\x35\x31\x33\x33\x32\x31\x39\x31\x30\x31\x39\x34\x31\x31\x30"
  "\x38\x34\x32\x30\x65\x2b\x30\x32\x29\x20\x72\x65\x74\x75\x72\x6e\x20\x31\x2e\x30"
  "\x65\x2d\x33\x30\x30\x20\x2a\x20\x31\x2e\x30\x65\x2d\x33\x30\x30\x3b\x0a\x20\x20"
  "\x20\x20\x7d\x0a\x20\x20\x20\x20\x69\x66\x20\x28\x5f\x5f\x75\x5f\x75\x78\x20\x3e"
  "\x20\x31\x30\x37\x31\x30\x30\x31\x31\x35\x34\x29\x20\x7b\x20\x20\x20\x20\x20\x20"
  "\x20\x20\x20\x20\x20\x20\x20\x20\x20\x20\x20\x20\x20\x20\x20\x20\x20\x20\x20\x20"
  "\x20\x20\x20\x20\x20\x20\x2f\x2a\x20\x7c\x78\x7c\x20\x3e\x20\x30\x2e\x35\x20\x6c"
  "\x6e\x32\x20\x2a\x2f\x0a\x20\x20\x20\x20\x20\x20\x20\x20\x69\x66\x20\x28\x5f\x5f"
  "\x75\x5f\x75\x78\x20\x3c\x20\x31\x30\x37\x32\x37\x33\x34\x38\x39\x38\x29\x20\x7b"
  "\x20\x20\x20\x20\x20\x20\x20\x20\x20\x20\x20\x20\x20\x20\x20\x20\x20\x20\x20\x20"
  "\x20\x20\x20\x20\x20\x20\x20\x20\x2f\x2a\x20\x7c\x78\x7c\x20\x3c\x20\x31\x2e\x35"
  "\x20\x6c\x6e\x32\x20\x2a\x2f\x0a\x20\x20\x20\x20\x20\x20\x20\x20\x20\x20\x20\x20"
  "\x69\x66\x20\x28\x5f\x5f\x75\x5f\x78\x73\x62\x20\x3d\x3d\x20\x30\x29\x20\x7b\x20"
  "\x5f\x5f\x75\x5f\x68\x69\x20\x3d\x20\x5f\x5f\x75\x5f\x78\x20\x2d\x20\x36\x2e\x39"
  "\x33\x31\x34\x37\x31\x38\x30\x33\x36\x39\x31\x32\x33\x38\x31\x36\x34\x39\x30\x65"
  "\x2d\x30\x31\x3b\x20\x5f\x5f\x75\x5f\x6c\x6f\x20\x3d\x20\x31\x2e\x39\x30\x38\x32"
  "\x31\x34\x39\x32\x39\x32\x37\x30\x35\x38\x37\x37\x30\x30\x30\x32\x65\x2d\x31\x30"
  "\x3b\x20\x5f\x5f\x75\x5f\x6b\x20\x3d\x20\x31\x3b\x20\x7d\x0a\x20\x20\x20\x20\x20"
  "\x20\x20\x20\x20\x20\x20\x20\x65\x6c\x73\x65\x20\x7b\x20\x5f\x5f\x75\x5f\x68\x69"
  "\x20\x3d\x20\x5f\x5f\x75\x5f\x78\x20\x2b\x20\x36\x2e\x39\x33\x31\x34\x37\x31\x38"
  "\x30\x33\x36\x39\x31\x32\x33\x38\x31\x36\x34\x39\x30\x65\x2d\x30\x31\x3b\x20\x5f"
  "\x5f\x75\x5f\x6c\x6f\x20\x3d\x20\x30\x20\x2d\x20\x31\x2e\x39\x30\x38\x32\x31\x34"
  "\x39\x32\x39\x32\x37\x30\x35\x38\x37\x37\x30\x30\x30\x32\x65\x2d\x31\x30\x3b\x20"
  "\x5f\x5f\x75\x5f\x6b\x20\x3d\x20\x30\x20\x2d\x20\x31\x3b\x20\x7d\x0a\x20\x20\x20"
  "\x20\x20\x20\x20\x20\x7d\x20\x65\x6c\x73\x65\x20\x7b\x0a\x20\x20\x20\x20\x20\x20"
  "\x20\x20\x20\x20\x20\x20\x5f\x5f\x75\x5f\x6b\x20\x3d\x20\x28\x69\x6e\x74\x29\x28"
  "\x31\x2e\x34\x34\x32\x36\x39\x35\x30\x34\x30\x38\x38\x38\x39\x36\x33\x33\x38\x37"
  "\x30\x30\x65\x2b\x30\x30\x20\x2a\x20\x5f\x5f\x75\x5f\x78\x20\x2b\x20\x28\x5f\x5f"
  "\x75\x5f\x78\x73\x62\x20\x3f\x20\x30\x20\x2d\x20\x30\x2e\x35\x20\x3a\x20\x30\x2e"
  "\x35\x29\x29\x3b\x0a\x20\x20\x20\x20\x20\x20\x20\x20\x20\x20\x20\x20\x5f\x5f\x75"
  "\x5f\x74\x20\x3d\x20\x5f\x5f\x75\x5f\x6b\x3b\x0a\x20\x20\x20\x20\x20\x20\x20\x20"
  "\x20\x20\x20\x20\x5f\x5f\x75\x5f\x68\x69\x20\x3d\x20\x5f\x5f\x75\x5f\x78\x20\x2d"
  "\x20\x5f\x5f\x75\x5f\x74\x20\x2a\x20\x36\x2e\x39\x33\x31\x34\x37\x31\x38\x30\x33"
  "\x36\x39\x31\x32\x33\x38\x31\x36\x34\x39\x30\x65\x2d\x30\x31\x3b\x0a\x20\x20\x20"
  "\x20\x20\x20\x20\x20\x20\x20\x20\x20\x5f\x5f\x75\x5f\x6c\x6f\x20\x3d\x20\x5f\x5f"
  "\x75\x5f\x74\x20\x2a\x20\x31\x2e\x39\x30\x38\x32\x31\x34\x39\x32\x39\x32\x37\x30"
  "\x35\x38\x37\x37\x30\x30\x30\x32\x65\x2d\x31\x30\x3b\x0a\x20\x20\x20\x20\x20\x20"
  "\x20\x20\x7d\x0a\x20\x20\x20\x20\x20\x20\x20\x20\x5f\x5f\x75\x5f\x78\x20\x3d\x20"
  "\x5f\x5f\x75\x5f\x68\x69\x20\x2d\x20\x5f\x5f\x75\x5f\x6c\x6f\x3b\x0a\x20\x20\x20"
  "\x20\x7d\x20\x65\x6c\x73\x65\x20\x7b\x0a\x20\x20\x20\x20\x20\x20\x20\x20\x69\x66"
  "\x20\x28\x5f\x5f\x75\x5f\x75\x78\x20\x3c\x20\x31\x30\x34\x33\x33\x33\x33\x31\x32"
  "\x30\x29\x20\x7b\x20\x20\x20\x20\x20\x20\x20\x20\x20\x20\x20\x20\x20\x20\x20\x20"
  "\x20\x20\x20\x20\x20\x20\x20\x20\x20\x20\x20\x20\x2f\x2a\x20\x7c\x78\x7c\x20\x3c"
  "\x20\x32\x5e\x2d\x32\x38\x20\x2a\x2f\x0a\x20\x20\x20\x20\x20\x20\x20\x20\x20\x20"
  "\x20\x20\x69\x66\x20\x28\x31\x2e\x30\x65\x33\x30\x30\x20\x2b\x20\x5f\x5f\x75\x5f"
  "\x78\x20\x3e\x20\x31\x2e\x30\x29\x20\x72\x65\x74\x75\x72\x6e\x20\x31\x2e\x30\x20"
  "\x2b\x20\x5f\x5f\x75\x5f\x78\x3b\x0a\x20\x20\x20\x20\x20\x20\x20\x20\x7d\x20\x65"
  "\x6c\x73\x65\x20\x5f\x5f\x75\x5f\x6b\x20\x3d\x20\x30\x3b\x0a\x20\x20\x20\x20\x7d"
  "\x0a\x20\x20\x20\x20\x5f\x5f\x75\x5f\x74\x20\x3d\x20\x5f\x5f\x75\x5f\x78\x20\x2a"
  "\x20\x5f\x5f\x75\x5f\x78\x3b\x0a\x20\x20\x20\x20\x5f\x5f\x75\x5f\x63\x20\x3d\x20"
  "\x5f\x5f\x75\x5f\x78\x20\x2d\x20\x5f\x5f\x75\x5f\x74\x20\x2a\x20\x28\x31\x2e\x36"
  "\x36\x36\x36\x36\x36\x36\x36\x36\x36\x36\x36\x36\x36\x30\x31\x39\x30\x33\x37\x65"
  "\x2d\x30\x31\x20\x2b\x20\x5f\x5f\x75\x5f\x74\x20\x2a\x20\x28\x30\x20\x2d\x20\x32"
  "\x2e\x37\x37\x37\x37\x37\x37\x37\x37\x37\x37\x30\x31\x35\x35\x39\x33\x33\x38\x34"
  "\x32\x65\x2d\x30\x33\x0a\x20\x20\x20\x20\x20\x20\x20\x20\x2b\x20\x5f\x5f\x75\x5f"
  "\x74\x20\x2a\x20\x28\x36\x2e\x36\x31\x33\x37\x35\x36\x33\x32\x31\x34\x33\x37\x39"
  "\x33\x34\x33\x36\x31\x31\x37\x65\x2d\x30\x35\x20\x2b\x20\x5f\x5f\x75\x5f\x74\x20"
  "\x2a\x20\x28\x30\x20\x2d\x20\x31\x2e\x36\x35\x33\x33\x39\x30\x32\x32\x30\x35\x34"
  "\x36\x35\x32\x35\x31\x35\x33\x39\x30\x65\x2d\x30\x36\x0a\x20\x20\x20\x20\x20\x20"
  "\x20\x20\x2b\x20\x5f\x5f\x75\x5f\x74\x20\x2a\x20\x34\x2e\x31\x33\x38\x31\x33\x36"
  "\x37\x39\x37\x30\x35\x37\x32\x33\x38\x34\x36\x30\x33\x39\x65\x2d\x30\x38\x29\x29"
  "\x29\x29\x3b\x0a\x20\x20\x20\x20\x69\x66\x20\x28\x5f\x5f\x75\x5f\x6b\x20\x3d\x3d"
  "\x20\x30\x29\x20\x72\x65\x74\x75\x72\x6e\x20\x31\x2e\x30\x20\x2d\x20\x28\x28\x5f"
  "\x5f\x75\x5f\x78\x20\x2a\x20\x5f\x5f\x75\x5f\x63\x29\x20\x2f\x20\x28\x5f\x5f\x75"
  "\x5f\x63\x20\x2d\x20\x32\x2e\x30\x29\x20\x2d\x20\x5f\x5f\x75\x5f\x78\x29\x3b\x0a"
  "\x20\x20\x20\x20\x5f\x5f\x75\x5f\x79\x20\x3d\x20\x31\x2e\x30\x20\x2d\x20\x28\x28"
  "\x5f\x5f\x75\x5f\x6c\x6f\x20\x2d\x20\x28\x5f\x5f\x75\x5f\x78\x20\x2a\x20\x5f\x5f"
  "\x75\x5f\x63\x29\x20\x2f\x20\x28\x32\x2e\x30\x20\x2d\x20\x5f\x5f\x75\x5f\x63\x29"
  "\x29\x20\x2d\x20\x5f\x5f\x75\x5f\x68\x69\x29\x3b\x0a\x20\x20\x20\x20\x69\x66\x20"
  "\x28\x5f\x5f\x75\x5f\x6b\x20\x3e\x3d\x20\x30\x20\x2d\x20\x31\x30\x32\x31\x29\x20"
  "\x72\x65\x74\x75\x72\x6e\x20\x5f\x6d\x5f\x73\x65\x74\x68\x69\x28\x5f\x5f\x75\x5f"
  "\x79\x2c\x20\x5f\x6d\x5f\x68\x69\x28\x5f\x5f\x75\x5f\x79\x29\x20\x2b\x20\x28\x5f"
  "\x5f\x75\x5f\x6b\x20\x3c\x3c\x20\x32\x30\x29\x29\x3b\x0a\x20\x20\x20\x20\x5f\x5f"
  "\x75\x5f\x79\x20\x3d\x20\x5f\x6d\x5f\x73\x65\x74\x68\x69\x28\x5f\x5f\x75\x5f\x79"
  "\x2c\x20\x5f\x6d\x5f\x68\x69\x28\x5f\x5f\x75\x5f\x79\x29\x20\x2b\x20\x28\x28\x5f"
  "\x5f\x75\x5f\x6b\x20\x2b\x20\x31\x30\x30\x30\x29\x20\x3c\x3c\x20\x32\x30\x29\x29"
  "\x3b\x0a\x20\x20\x20\x20\x72\x65\x74\x75\x72\x6e\x20\x5f\x5f\x75\x5f\x79\x20\x2a"
  "\x20\x39\x2e\x33\x33\x32\x36\x33\x36\x31\x38\x35\x30\x33\x32\x31\x38\x38\x37\x38"
  "\x39\x39\x30\x65\x2d\x33\x30\x32\x3b\x20\x20\x20\x20\x20\x20\x20\x20\x20\x20\x20"
  "\x20\x20\x20\x20\x2f\x2a\x20\x32\x5e\x2d\x31\x30\x30\x30\x20\x2a\x2f\x0a\x7d\x0a"
  "\x23\x65\x6e\x64\x69\x66\x0a\x23\x69\x66\x20\x21\x5f\x5f\x55\x4e\x49\x53\x41\x5f"
  "\x46\x54\x52\x49\x4d\x5f\x4c\x49\x42\x43\x20\x7c\x7c\x20\x5f\x5f\x55\x4e\x5f\x65"
  "\x78\x70\x66\x0a\x73\x74\x61\x74\x69\x63\x20\x66\x6c\x6f\x61\x74\x20\x65\x78\x70"
  "\x66\x28\x66\x6c\x6f\x61\x74\x20\x5f\x5f\x75\x5f\x78\x29\x20\x7b\x20\x72\x65\x74"
  "\x75\x72\x6e\x20\x28\x66\x6c\x6f\x61\x74\x29\x65\x78\x70\x28\x28\x64\x6f\x75\x62"
  "\x6c\x65\x29\x5f\x5f\x75\x5f\x78\x29\x3b\x20\x7d\x0a\x23\x65\x6e\x64\x69\x66\x0a"
  "\x23\x69\x66\x20\x21\x5f\x5f\x55\x4e\x49\x53\x41\x5f\x46\x54\x52\x49\x4d\x5f\x4c"
  "\x49\x42\x43\x20\x7c\x7c\x20\x5f\x5f\x55\x4e\x5f\x65\x78\x70\x32\x0a\x73\x74\x61"
  "\x74\x69\x63\x20\x64\x6f\x75\x62\x6c\x65\x20\x65\x78\x70\x32\x28\x64\x6f\x75\x62"
  "\x6c\x65\x20\x5f\x5f\x75\x5f\x78\x29\x20\x7b\x20\x72\x65\x74\x75\x72\x6e\x20\x65"
  "\x78\x70\x28\x5f\x5f\x75\x5f\x78\x20\x2a\x20\x36\x2e\x39\x33\x31\x34\x37\x31\x38"
  "\x30\x35\x35\x39\x39\x34\x35\x32\x38\x36\x32\x32\x37\x65\x2d\x30\x31\x29\x3b\x20"
  "\x7d\x0a\x23\x65\x6e\x64\x69\x66\x0a\x0a\x2f\x2a\x20\x2d\x2d\x2d\x2d\x20\x6c\x6f"
  "\x67\x20\x28\x66\x64\x6c\x69\x62\x6d\x20\x65\x5f\x6c\x6f\x67\x2e\x63\x29\x20\x2d"
  "\x2d\x2d\x2d\x2d\x2d\x2d\x2d\x2d\x2d\x2d\x2d\x2d\x2d\x2d\x2d\x2d\x2d\x2d\x2d\x2d"
  "\x2d\x2d\x2d\x2d\x2d\x2d\x2d\x2d\x2d\x2d\x2d\x2d\x2d\x2d\x2d\x2d\x2d\x2d\x2d\x2d"
  "\x2d\x2d\x2d\x2d\x2d\x20\x2a\x2f\x0a\x23\x69\x66\x20\x21\x5f\x5f\x55\x4e\x49\x53"
  "\x41\x5f\x46\x54\x52\x49\x4d\x5f\x4c\x49\x42\x43\x20\x7c\x7c\x20\x5f\x5f\x55\x4e"
  "\x5f\x6c\x6f\x67\x0a\x73\x74\x61\x74\x69\x63\x20\x64\x6f\x75\x62\x6c\x65\x20\x6c"
  "\x6f\x67\x28\x64\x6f\x75\x62\x6c\x65\x20\x5f\x5f\x75\x5f\x78\x29\x20\x7b\x0a\x20"
  "\x20\x20\x20\x64\x6f\x75\x62\x6c\x65\x20\x5f\x5f\x75\x5f\x68\x66\x73\x71\x3b\x20"
  "\x64\x6f\x75\x62\x6c\x65\x20\x5f\x5f\x75\x5f\x66\x3b\x20\x64\x6f\x75\x62\x6c\x65"
  "\x20\x5f\x5f\x75\x5f\x73\x3b\x20\x64\x6f\x75\x62\x6c\x65\x20\x5f\x5f\x75\x5f\x7a"
  "\x3b\x20\x64\x6f\x75\x62\x6c\x65\x20\x5f\x5f\x75\x5f\x52\x3b\x20\x64\x6f\x75\x62"
  "\x6c\x65\x20\x5f\x5f\x75\x5f\x77\x3b\x20\x64\x6f\x75\x62\x6c\x65\x20\x5f\x5f\x75"
  "\x5f\x74\x31\x3b\x0a\x20\x20\x20\x20\x64\x6f\x75\x62\x6c\x65\x20\x5f\x5f\x75\x5f"
  "\x74\x32\x3b\x20\x64\x6f\x75\x62\x6c\x65\x20\x5f\x5f\x75\x5f\x64\x6b\x3b\x0a\x20"
  "\x20\x20\x20\x69\x6e\x74\x20\x5f\x5f\x75\x5f\x6b\x3b\x20\x69\x6e\x74\x20\x5f\x5f"
  "\x75\x5f\x68\x78\x3b\x20\x69\x6e\x74\x20\x5f\x5f\x75\x5f\x69\x3b\x20\x69\x6e\x74"
  "\x20\x5f\x5f\x75\x5f\x6a\x3b\x0a\x20\x20\x20\x20\x75\x6e\x73\x69\x67\x6e\x65\x64"
  "\x20\x69\x6e\x74\x20\x5f\x5f\x75\x5f\x6c\x78\x3b\x0a\x20\x20\x20\x20\x5f\x5f\x75"
  "\x5f\x68\x78\x20\x3d\x20\x5f\x6d\x5f\x68\x69\x28\x5f\x5f\x75\x5f\x78\x29\x3b\x20"
  "\x5f\x5f\x75\x5f\x6c\x78\x20\x3d\x20\x5f\x6d\x5f\x6c\x6f\x28\x5f\x5f\x75\x5f\x78"
  "\x29\x3b\x0a\x20\x20\x20\x20\x5f\x5f\x75\x5f\x6b\x20\x3d\x20\x30\x3b\x0a\x20\x20"
  "\x20\x20\x69\x66\x20\x28\x5f\x5f\x75\x5f\x68\x78\x20\x3c\x20\x31\x30\x34\x38\x35"
  "\x37\x36\x29\x20\x7b\x20\x20\x20\x20\x20\x20\x20\x20\x20\x20\x20\x20\x20\x20\x20"
  "\x20\x20\x20\x20\x20\x20\x20\x20\x20\x20\x20\x20\x20\x20\x20\x20\x20\x20\x20\x20"
  "\x2f\x2a\x20\x78\x20\x3c\x20\x32\x5e\x2d\x31\x30\x32\x32\x20\x2a\x2f\x0a\x20\x20"
  "\x20\x20\x20\x20\x20\x20\x69\x66\x20\x28\x28\x28\x5f\x5f\x75\x5f\x68\x78\x20\x26"
  "\x20\x32\x31\x34\x37\x34\x38\x33\x36\x34\x37\x29\x20\x7c\x20\x5f\x5f\x75\x5f\x6c"
  "\x78\x29\x20\x3d\x3d\x20\x30\x29\x20\x72\x65\x74\x75\x72\x6e\x20\x28\x30\x20\x2d"
  "\x20\x31\x2e\x38\x30\x31\x34\x33\x39\x38\x35\x30\x39\x34\x38\x31\x39\x38\x34\x30"
  "\x30\x30\x30\x65\x2b\x31\x36\x29\x20\x2f\x20\x30\x2e\x30\x3b\x0a\x20\x20\x20\x20"
  "\x20\x20\x20\x20\x69\x66\x20\x28\x5f\x5f\x75\x5f\x68\x78\x20\x3c\x20\x30\x29\x20"
  "\x72\x65\x74\x75\x72\x6e\x20\x28\x5f\x5f\x75\x5f\x78\x20\x2d\x20\x5f\x5f\x75\x5f"
  "\x78\x29\x20\x2f\x20\x30\x2e\x30\x3b\x0a\x20\x20\x20\x20\x20\x20\x20\x20\x5f\x5f"
  "\x75\x5f\x6b\x20\x3d\x20\x5f\x5f\x75\x5f\x6b\x20\x2d\x20\x35\x34\x3b\x20\x5f\x5f"
  "\x75\x5f\x78\x20\x3d\x20\x5f\x5f\x75\x5f\x78\x20\x2a\x20\x31\x2e\x38\x30\x31\x34"
  "\x33\x39\x38\x35\x30\x39\x34\x38\x31\x39\x38\x34\x30\x30\x30\x30\x65\x2b\x31\x36"
  "\x3b\x0a\x20\x20\x20\x20\x20\x20\x20\x20\x5f\x5f\x75\x5f\x68\x78\x20\x3d\x20\x5f"
  "\x6d\x5f\x68\x69\x28\x5f\x5f\x75\x5f\x78\x29\x3b\x0a\x20\x20\x20\x20\x7d\x0a\x20"
  "\x20\x20\x20\x69\x66\x20\x28\x5f\x5f\x75\x5f\x68\x78\x20\x3e\x3d\x20\x32\x31\x34"
  "\x36\x34\x33\x35\x30\x37\x32\x29\x20\x72\x65\x74\x75\x72\x6e\x20\x5f\x5f\x75\x5f"
  "\x78\x20\x2b\x20\x5f\x5f\x75\x5f\x78\x3b\x0a\x20\x20\x20\x20\x5f\x5f\x75\x5f\x6b"
  "\x20\x3d\x20\x5f\x5f\x75\x5f\x6b\x20\x2b\x20\x28\x5f\x5f\x75\x5f\x68\x78\x20\x3e"
  "\x3e\x20\x32\x30\x29\x20\x2d\x20\x31\x30\x32\x33\x3b\x0a\x20\x20\x20\x20\x5f\x5f"
  "\x75\x5f\x68\x78\x20\x3d\x20\x5f\x5f\x75\x5f\x68\x78\x20\x26\x20\x31\x30\x34\x38"
  "\x35\x37\x35\x3b\x0a\x20\x20\x20\x20\x5f\x5f\x75\x5f\x69\x20\x3d\x20\x28\x5f\x5f"
  "\x75\x5f\x68\x78\x20\x2b\x20\x36\x31\x34\x32\x34\x34\x29\x20\x26\x20\x31\x30\x34"
  "\x38\x35\x37\x36\x3b\x0a\x20\x20\x20\x20\x5f\x5f\x75\x5f\x78\x20\x3d\x20\x5f\x6d"
  "\x5f\x73\x65\x74\x68\x69\x28\x5f\x5f\x75\x5f\x78\x2c\x20\x5f\x5f\x75\x5f\x68\x78"
  "\x20\x7c\x20\x28\x5f\x5f\x75\x5f\x69\x20\x5e\x20\x31\x30\x37\x32\x36\x39\x33\x32"
  "\x34\x38\x29\x29\x3b\x0a\x20\x20\x20\x20\x5f\x5f\x75\x5f\x6b\x20\x3d\x20\x5f\x5f"
  "\x75\x5f\x6b\x20\x2b\x20\x28\x5f\x5f\x75\x5f\x69\x20\x3e\x3e\x20\x32\x30\x29\x3b"
  "\x0a\x20\x20\x20\x20\x5f\x5f\x75\x5f\x66\x20\x3d\x20\x5f\x5f\x75\x5f\x78\x20\x2d"
  "\x20\x31\x2e\x30\x3b\x0a\x20\x20\x20\x20\x69\x66\x20\x28\x28\x31\x30\x34\x38\x35"
  "\x37\x35\x20\x26\x20\x28\x32\x20\x2b\x20\x5f\x5f\x75\x5f\x68\x78\x29\x29\x20\x3c"
  "\x20\x33\x29\x20\x7b\x0a\x20\x20\x20\x20\x20\x20\x20\x20\x69\x66\x20\x28\x5f\x5f"
  "\x75\x5f\x66\x20\x3d\x3d\x20\x30\x2e\x30\x29\x20\x7b\x0a\x20\x20\x20\x20\x20\x20"
  "\x20\x20\x20\x20\x20\x20\x69\x66\x20\x28\x5f\x5f\x75\x5f\x6b\x20\x3d\x3d\x20\x30"
  "\x29\x20\x72\x65\x74\x75\x72\x6e\x20\x30\x2e\x30\x3b\x0a\x20\x20\x20\x20\x20\x20"
  "\x20\x20\x20\x20\x20\x20\x5f\x5f\x75\x5f\x64\x6b\x20\x3d\x20\x5f\x5f\x75\x5f\x6b"
  "\x3b\x20\x72\x65\x74\x75\x72\x6e\x20\x5f\x5f\x75\x5f\x64\x6b\x20\x2a\x20\x36\x2e"
  "\x39\x33\x31\x34\x37\x31\x38\x30\x33\x36\x39\x31\x32\x33\x38\x31\x36\x34\x39\x30"
  "\x65\x2d\x30\x31\x20\x2b\x20\x5f\x5f\x75\x5f\x64\x6b\x20\x2a\x20\x31\x2e\x39\x30"
  "\x38\x32\x31\x34\x39\x32\x39\x32\x37\x30\x35\x38\x37\x37\x30\x30\x30\x32\x65\x2d"
  "\x31\x30\x3b\x0a\x20\x20\x20\x20\x20\x20\x20\x20\x7d\x0a\x20\x20\x20\x20\x20\x20"
  "\x20\x20\x5f\x5f\x75\x5f\x52\x20\x3d\x20\x5f\x5f\x75\x5f\x66\x20\x2a\x20\x5f\x5f"
  "\x75\x5f\x66\x20\x2a\x20\x28\x30\x2e\x35\x20\x2d\x20\x30\x2e\x33\x33\x33\x33\x33"
  "\x33\x33\x33\x33\x33\x33\x33\x33\x33\x33\x33\x33\x20\x2a\x20\x5f\x5f\x75\x5f\x66"
  "\x29\x3b\x0a\x20\x20\x20\x20\x20\x20\x20\x20\x69\x66\x20\x28\x5f\x5f\x75\x5f\x6b"
  "\x20\x3d\x3d\x20\x30\x29\x20\x72\x65\x74\x75\x72\x6e\x20\x5f\x5f\x75\x5f\x66\x20"
  "\x2d\x20\x5f\x5f\x75\x5f\x52\x3b\x0a\x20\x20\x20\x20\x20\x20\x20\x20\x5f\x5f\x75"
  "\x5f\x64\x6b\x20\x3d\x20\x5f\x5f\x75\x5f\x6b\x3b\x20\x72\x65\x74\x75\x72\x6e\x20"
  "\x5f\x5f\x75\x5f\x64\x6b\x20\x2a\x20\x36\x2e\x39\x33\x31\x34\x37\x31\x38\x30\x33"
  "\x36\x39\x31\x32\x33\x38\x31\x36\x34\x39\x30\x65\x2d\x30\x31\x20\x2d\x20\x28\x28"
  "\x5f\x5f\x75\x5f\x52\x20\x2d\x20\x5f\x5f\x75\x5f\x64\x6b\x20\x2a\x20\x31\x2e\x39"
  "\x30\x38\x32\x31\x34\x39\x32\x39\x32\x37\x30\x35\x38\x37\x37\x30\x30\x30\x32\x65"
  "\x2d\x31\x30\x29\x20\x2d\x20\x5f\x5f\x75\x5f\x66\x29\x3b\x0a\x20\x20\x20\x20\x7d"
  "\x0a\x20\x20\x20\x20\x5f\x5f\x75\x5f\x73\x20\x3d\x20\x5f\x5f\x75\x5f\x66\x20\x2f"
  "\x20\x28\x32\x2e\x30\x20\x2b\x20\x5f\x5f\x75\x5f\x66\x29\x3b\x0a\x20\x20\x20\x20"
  "\x5f\x5f\x75\x5f\x64\x6b\x20\x3d\x20\x5f\x5f\x75\x5f\x6b\x3b\x0a\x20\x20\x20\x20"
  "\x5f\x5f\x75\x5f\x7a\x20\x3d\x20\x5f\x5f\x75\x5f\x73\x20\x2a\x20\x5f\x5f\x75\x5f"
  "\x73\x3b\x0a\x20\x20\x20\x20\x5f\x5f\x75\x5f\x69\x20\x3d\x20\x5f\x5f\x75\x5f\x68"
  "\x78\x20\x2d\x20\x33\x39\x38\x34\x35\x38\x3b\x0a\x20\x20\x20\x20\x5f\x5f\x75\x5f"
  "\x77\x20\x3d\x20\x5f\x5f\x75\x5f\x7a\x20\x2a\x20\x5f\x5f\x75\x5f\x7a\x3b\x0a\x20"
  "\x20\x20\x20\x5f\x5f\x75\x5f\x6a\x20\x3d\x20\x34\x34\x30\x34\x30\x31\x20\x2d\x20"
  "\x5f\x5f\x75\x5f\x68\x78\x3b\x0a\x20\x20\x20\x20\x5f\x5f\x75\x5f\x74\x31\x20\x3d"
  "\x20\x5f\x5f\x75\x5f\x77\x20\x2a\x20\x28\x33\x2e\x39\x39\x39\x39\x39\x39\x39\x39"
  "\x39\x39\x34\x30\x39\x34\x31\x39\x30\x38\x65\x2d\x30\x31\x20\x2b\x20\x5f\x5f\x75"
  "\x5f\x77\x20\x2a\x20\x28\x32\x2e\x32\x32\x32\x32\x31\x39\x38\x34\x33\x32\x31\x34"
  "\x39\x37\x38\x33\x39\x36\x65\x2d\x30\x31\x20\x2b\x20\x5f\x5f\x75\x5f\x77\x20\x2a"
  "\x20\x31\x2e\x35\x33\x31\x33\x38\x33\x37\x36\x39\x39\x32\x30\x39\x33\x37\x33\x33"
  "\x32\x65\x2d\x30\x31\x29\x29\x3b\x0a\x20\x20\x20\x20\x5f\x5f\x75\x5f\x74\x32\x20"
  "\x3d\x20\x5f\x5f\x75\x5f\x7a\x20\x2a\x20\x28\x36\x2e\x36\x36\x36\x36\x36\x36\x36"
  "\x36\x36\x36\x36\x36\x37\x33\x35\x31\x33\x30\x65\x2d\x30\x31\x20\x2b\x20\x5f\x5f"
  "\x75\x5f\x77\x20\x2a\x20\x28\x32\x2e\x38\x35\x37\x31\x34\x32\x38\x37\x34\x33\x36"
  "\x36\x32\x33\x39\x31\x34\x39\x65\x2d\x30\x31\x20\x2b\x20\x5f\x5f\x75\x5f\x77\x20"
  "\x2a\x20\x28\x31\x2e\x38\x31\x38\x33\x35\x37\x32\x31\x36\x31\x36\x31\x38\x30\x35"
  "\x30\x31\x32\x65\x2d\x30\x31\x0a\x20\x20\x20\x20\x20\x20\x20\x20\x20\x2b\x20\x5f"
  "\x5f\x75\x5f\x77\x20\x2a\x20\x31\x2e\x34\x37\x39\x38\x31\x39\x38\x36\x30\x35\x31"
  "\x31\x36\x35\x38\x35\x39\x31\x65\x2d\x30\x31\x29\x29\x29\x3b\x0a\x20\x20\x20\x20"
  "\x5f\x5f\x75\x5f\x69\x20\x3d\x20\x5f\x5f\x75\x5f\x69\x20\x7c\x20\x5f\x5f\x75\x5f"
  "\x6a\x3b\x0a\x20\x20\x20\x20\x5f\x5f\x75\x5f\x52\x20\x3d\x20\x5f\x5f\x75\x5f\x74"
  "\x32\x20\x2b\x20\x5f\x5f\x75\x5f\x74\x31\x3b\x0a\x20\x20\x20\x20\x69\x66\x20\x28"
  "\x5f\x5f\x75\x5f\x69\x20\x3e\x20\x30\x29\x20\x7b\x0a\x20\x20\x20\x20\x20\x20\x20"
  "\x20\x5f\x5f\x75\x5f\x68\x66\x73\x71\x20\x3d\x20\x30\x2e\x35\x20\x2a\x20\x5f\x5f"
  "\x75\x5f\x66\x20\x2a\x20\x5f\x5f\x75\x5f\x66\x3b\x0a\x20\x20\x20\x20\x20\x20\x20"
  "\x20\x69\x66\x20\x28\x5f\x5f\x75\x5f\x6b\x20\x3d\x3d\x20\x30\x29\x20\x72\x65\x74"
  "\x75\x72\x6e\x20\x5f\x5f\x75\x5f\x66\x20\x2d\x20\x28\x5f\x5f\x75\x5f\x68\x66\x73"
  "\x71\x20\x2d\x20\x5f\x5f\x75\x5f\x73\x20\x2a\x20\x28\x5f\x5f\x75\x5f\x68\x66\x73"
  "\x71\x20\x2b\x20\x5f\x5f\x75\x5f\x52\x29\x29\x3b\x0a\x20\x20\x20\x20\x20\x20\x20"
  "\x20\x72\x65\x74\x75\x72\x6e\x20\x5f\x5f\x75\x5f\x64\x6b\x20\x2a\x20\x36\x2e\x39"
  "\x33\x31\x34\x37\x31\x38\x30\x33\x36\x39\x31\x32\x33\x38\x31\x36\x34\x39\x30\x65"
  "\x2d\x30\x31\x20\x2d\x20\x28\x28\x5f\x5f\x75\x5f\x68\x66\x73\x71\x20\x2d\x20\x28"
  "\x5f\x5f\x75\x5f\x73\x20\x2a\x20\x28\x5f\x5f\x75\x5f\x68\x66\x73\x71\x20\x2b\x20"
  "\x5f\x5f\x75\x5f\x52\x29\x20\x2b\x20\x5f\x5f\x75\x5f\x64\x6b\x20\x2a\x20\x31\x2e"
  "\x39\x30\x38\x32\x31\x34\x39\x32\x39\x32\x37\x30\x35\x38\x37\x37\x30\x30\x30\x32"
  "\x65\x2d\x31\x30\x29\x29\x20\x2d\x20\x5f\x5f\x75\x5f\x66\x29\x3b\x0a\x20\x20\x20"
  "\x20\x7d\x0a\x20\x20\x20\x20\x69\x66\x20\x28\x5f\x5f\x75\x5f\x6b\x20\x3d\x3d\x20"
  "\x30\x29\x20\x72\x65\x74\x75\x72\x6e\x20\x5f\x5f\x75\x5f\x66\x20\x2d\x20\x5f\x5f"
  "\x75\x5f\x73\x20\x2a\x20\x28\x5f\x5f\x75\x5f\x66\x20\x2d\x20\x5f\x5f\x75\x5f\x52"
  "\x29\x3b\x0a\x20\x20\x20\x20\x72\x65\x74\x75\x72\x6e\x20\x5f\x5f\x75\x5f\x64\x6b"
  "\x20\x2a\x20\x36\x2e\x39\x33\x31\x34\x37\x31\x38\x30\x33\x36\x39\x31\x32\x33\x38"
  "\x31\x36\x34\x39\x30\x65\x2d\x30\x31\x20\x2d\x20\x28\x28\x5f\x5f\x75\x5f\x73\x20"
  "\x2a\x20\x28\x5f\x5f\x75\x5f\x66\x20\x2d\x20\x5f\x5f\x75\x5f\x52\x29\x20\x2d\x20"
  "\x5f\x5f\x75\x5f\x64\x6b\x20\x2a\x20\x31\x2e\x39\x30\x38\x32\x31\x34\x39\x32\x39"
  "\x32\x37\x30\x35\x38\x37\x37\x30\x30\x30\x32\x65\x2d\x31\x30\x29\x20\x2d\x20\x5f"
  "\x5f\x75\x5f\x66\x29\x3b\x0a\x7d\x0a\x23\x65\x6e\x64\x69\x66\x0a\x23\x69\x66\x20"
  "\x21\x5f\x5f\x55\x4e\x49\x53\x41\x5f\x46\x54\x52\x49\x4d\x5f\x4c\x49\x42\x43\x20"
  "\x7c\x7c\x20\x5f\x5f\x55\x4e\x5f\x6c\x6f\x67\x66\x0a\x73\x74\x61\x74\x69\x63\x20"
  "\x66\x6c\x6f\x61\x74\x20\x6c\x6f\x67\x66\x28\x66\x6c\x6f\x61\x74\x20\x5f\x5f\x75"
  "\x5f\x78\x29\x20\x7b\x20\x72\x65\x74\x75\x72\x6e\x20\x28\x66\x6c\x6f\x61\x74\x29"
  "\x6c\x6f\x67\x28\x28\x64\x6f\x75\x62\x6c\x65\x29\x5f\x5f\x75\x5f\x78\x29\x3b\x20"
  "\x7d\x0a\x23\x65\x6e\x64\x69\x66\x0a\x23\x69\x66\x20\x21\x5f\x5f\x55\x4e\x49\x53"
  "\x41\x5f\x46\x54\x52\x49\x4d\x5f\x4c\x49\x42\x43\x20\x7c\x7c\x20\x5f\x5f\x55\x4e"
  "\x5f\x6c\x6f\x67\x31\x30\x0a\x73\x74\x61\x74\x69\x63\x20\x64\x6f\x75\x62\x6c\x65"
  "\x20\x6c\x6f\x67\x31\x30\x28\x64\x6f\x75\x62\x6c\x65\x20\x5f\x5f\x75\x5f\x78\x29"
  "\x20\x7b\x20\x20\x20\x20\x20\x20\x20\x20\x20\x20\x20\x20\x20\x20\x20\x20\x20\x20"
  "\x20\x20\x20\x20\x20\x20\x20\x20\x20\x20\x2f\x2a\x20\x66\x64\x6c\x69\x62\x6d\x20"
  "\x65\x5f\x6c\x6f\x67\x31\x30\x2e\x63\x20\x2a\x2f\x0a\x20\x20\x20\x20\x64\x6f\x75"
  "\x62\x6c\x65\x20\x5f\x5f\x75\x5f\x79\x3b\x20\x64\x6f\x75\x62\x6c\x65\x20\x5f\x5f"
  "\x75\x5f\x7a\x3b\x0a\x20\x20\x20\x20\x69\x6e\x74\x20\x5f\x5f\x75\x5f\x68\x78\x3b"
  "\x20\x69\x6e\x74\x20\x5f\x5f\x75\x5f\x6b\x3b\x20\x69\x6e\x74\x20\x5f\x5f\x75\x5f"
  "\x69\x3b\x0a\x20\x20\x20\x20\x75\x6e\x73\x69\x67\x6e\x65\x64\x20\x69\x6e\x74\x20"
  "\x5f\x5f\x75\x5f\x6c\x78\x3b\x0a\x20\x20\x20\x20\x5f\x5f\x75\x5f\x68\x78\x20\x3d"
  "\x20\x5f\x6d\x5f\x68\x69\x28\x5f\x5f\x75\x5f\x78\x29\x3b\x20\x5f\x5f\x75\x5f\x6c"
  "\x78\x20\x3d\x20\x5f\x6d\x5f\x6c\x6f\x28\x5f\x5f\x75\x5f\x78\x29\x3b\x0a\x20\x20"
  "\x20\x20\x5f\x5f\x75\x5f\x6b\x20\x3d\x20\x30\x3b\x0a\x20\x20\x20\x20\x69\x66\x20"
  "\x28\x5f\x5f\x75\x5f\x68\x78\x20\x3c\x20\x31\x30\x34\x38\x35\x37\x36\x29\x20\x7b"
  "\x0a\x20\x20\x20\x20\x20\x20\x20\x20\x69\x66\x20\x28\x28\x28\x5f\x5f\x75\x5f\x68"
  "\x78\x20\x26\x20\x32\x31\x34\x37\x34\x38\x33\x36\x34\x37\x29\x20\x7c\x20\x5f\x5f"
  "\x75\x5f\x6c\x78\x29\x20\x3d\x3d\x20\x30\x29\x20\x72\x65\x74\x75\x72\x6e\x20\x28"
  "\x30\x20\x2d\x20\x31\x2e\x38\x30\x31\x34\x33\x39\x38\x35\x30\x39\x34\x38\x31\x39"
  "\x38\x34\x30\x30\x30\x30\x65\x2b\x31\x36\x29\x20\x2f\x20\x30\x2e\x30\x3b\x0a\x20"
  "\x20\x20\x20\x20\x20\x20\x20\x69\x66\x20\x28\x5f\x5f\x75\x5f\x68\x78\x20\x3c\x20"
  "\x30\x29\x20\x72\x65\x74\x75\x72\x6e\x20\x28\x5f\x5f\x75\x5f\x78\x20\x2d\x20\x5f"
  "\x5f\x75\x5f\x78\x29\x20\x2f\x20\x30\x2e\x30\x3b\x0a\x20\x20\x20\x20\x20\x20\x20"
  "\x20\x5f\x5f\x75\x5f\x6b\x20\x3d\x20\x5f\x5f\x75\x5f\x6b\x20\x2d\x20\x35\x34\x3b"
  "\x20\x5f\x5f\x75\x5f\x78\x20\x3d\x20\x5f\x5f\x75\x5f\x78\x20\x2a\x20\x31\x2e\x38"
  "\x30\x31\x34\x33\x39\x38\x35\x30\x39\x34\x38\x31\x39\x38\x34\x30\x30\x30\x30\x65"
  "\x2b\x31\x36\x3b\x0a\x20\x20\x20\x20\x20\x20\x20\x20\x5f\x5f\x75\x5f\x68\x78\x20"
  "\x3d\x20\x5f\x6d\x5f\x68\x69\x28\x5f\x5f\x75\x5f\x78\x29\x3b\x0a\x20\x20\x20\x20"
  "\x7d\x0a\x20\x20\x20\x20\x69\x66\x20\x28\x5f\x5f\x75\x5f\x68\x78\x20\x3e\x3d\x20"
  "\x32\x31\x34\x36\x34\x33\x35\x30\x37\x32\x29\x20\x72\x65\x74\x75\x72\x6e\x20\x5f"
  "\x5f\x75\x5f\x78\x20\x2b\x20\x5f\x5f\x75\x5f\x78\x3b\x0a\x20\x20\x20\x20\x5f\x5f"
  "\x75\x5f\x6b\x20\x3d\x20\x5f\x5f\x75\x5f\x6b\x20\x2b\x20\x28\x5f\x5f\x75\x5f\x68"
  "\x78\x20\x3e\x3e\x20\x32\x30\x29\x20\x2d\x20\x31\x30\x32\x33\x3b\x0a\x20\x20\x20"
  "\x20\x5f\x5f\x75\x5f\x69\x20\x3d\x20\x28\x5f\x5f\x75\x5f\x6b\x20\x26\x20\x28\x30"
  "\x20\x2d\x20\x32\x31\x34\x37\x34\x38\x33\x36\x34\x37\x20\x2d\x20\x31\x29\x29\x20"
  "\x3e\x3e\x20\x33\x31\x3b\x0a\x20\x20\x20\x20\x5f\x5f\x75\x5f\x69\x20\x3d\x20\x5f"
  "\x5f\x75\x5f\x69\x20\x26\x20\x31\x3b\x0a\x20\x20\x20\x20\x5f\x5f\x75\x5f\x68\x78"
  "\x20\x3d\x20\x28\x5f\x5f\x75\x5f\x68\x78\x20\x26\x20\x31\x30\x34\x38\x35\x37\x35"
  "\x29\x20\x7c\x20\x28\x28\x31\x30\x32\x33\x20\x2d\x20\x5f\x5f\x75\x5f\x69\x29\x20"
  "\x3c\x3c\x20\x32\x30\x29\x3b\x0a\x20\x20\x20\x20\x5f\x5f\x75\x5f\x79\x20\x3d\x20"
  "\x28\x64\x6f\x75\x62\x6c\x65\x29\x28\x5f\x5f\x75\x5f\x6b\x20\x2b\x20\x5f\x5f\x75"
  "\x5f\x69\x29\x3b\x0a\x20\x20\x20\x20\x5f\x5f\x75\x5f\x78\x20\x3d\x20\x5f\x6d\x5f"
  "\x73\x65\x74\x68\x69\x28\x5f\x5f\x75\x5f\x78\x2c\x20\x5f\x5f\x75\x5f\x68\x78\x29"
  "\x3b\x0a\x20\x20\x20\x20\x5f\x5f\x75\x5f\x7a\x20\x3d\x20\x5f\x5f\x75\x5f\x79\x20"
  "\x2a\x20\x33\x2e\x36\x39\x34\x32\x33\x39\x30\x37\x37\x31\x35\x38\x39\x33\x30\x37"
  "\x38\x36\x31\x36\x65\x2d\x31\x33\x20\x2b\x20\x34\x2e\x33\x34\x32\x39\x34\x34\x38"
  "\x31\x39\x30\x33\x32\x35\x31\x38\x31\x36\x36\x36\x38\x65\x2d\x30\x31\x20\x2a\x20"
  "\x6c\x6f\x67\x28\x5f\x5f\x75\x5f\x78\x29\x3b\x0a\x20\x20\x20\x20\x72\x65\x74\x75"
  "\x72\x6e\x20\x5f\x5f\x75\x5f\x7a\x20\x2b\x20\x5f\x5f\x75\x5f\x79\x20\x2a\x20\x33"
  "\x2e\x30\x31\x30\x32\x39\x39\x39\x35\x36\x36\x33\x36\x31\x31\x37\x37\x31\x33\x30"
  "\x36\x65\x2d\x30\x31\x3b\x0a\x7d\x0a\x23\x65\x6e\x64\x69\x66\x0a\x23\x69\x66\x20"
  "\x21\x5f\x5f\x55\x4e\x49\x53\x41\x5f\x46\x54\x52\x49\x4d\x5f\x4c\x49\x42\x43\x20"
  "\x7c\x7c\x20\x5f\x5f\x55\x4e\x5f\x6c\x6f\x67\x32\x0a\x73\x74\x61\x74\x69\x63\x20"
  "\x64\x6f\x75\x62\x6c\x65\x20\x6c\x6f\x67\x32\x28\x64\x6f\x75\x62\x6c\x65\x20\x5f"
  "\x5f\x75\x5f\x78\x29\x20\x7b\x20\x72\x65\x74\x75\x72\x6e\x20\x6c\x6f\x67\x28\x5f"
  "\x5f\x75\x5f\x78\x29\x20\x2a\x20\x31\x2e\x34\x34\x32\x36\x39\x35\x30\x34\x30\x38"
  "\x38\x38\x39\x36\x33\x33\x38\x37\x30\x30\x65\x2b\x30\x30\x3b\x20\x7d\x0a\x23\x65"
  "\x6e\x64\x69\x66\x0a\x2f\x2a\x20\x6c\x6f\x67\x28\x31\x2b\x78\x29\x20\x61\x63\x63"
  "\x75\x72\x61\x74\x65\x6c\x79\x20\x66\x6f\x72\x20\x73\x6d\x61\x6c\x6c\x20\x78\x3a"
  "\x20\x74\x68\x65\x20\x72\x6f\x75\x6e\x64\x69\x6e\x67\x20\x65\x72\x72\x6f\x72\x20"
  "\x6f\x66\x20\x31\x2b\x78\x20\x69\x73\x20\x63\x6f\x72\x72\x65\x63\x74\x65\x64\x0a"
  "\x20\x20\x20\x62\x79\x20\x74\x68\x65\x20\x72\x61\x74\x69\x6f\x20\x78\x20\x2f\x20"
  "\x28\x28\x31\x2b\x78\x29\x20\x2d\x20\x31\x29\x20\x28\x47\x6f\x6c\x64\x62\x65\x72"
  "\x67\x2c\x20\x22\x57\x68\x61\x74\x20\x65\x76\x65\x72\x79\x20\x63\x6f\x6d\x70\x75"
  "\x74\x65\x72\x20\x73\x63\x69\x65\x6e\x74\x69\x73\x74\x0a\x20\x20\x20\x73\x68\x6f"
  "\x75\x6c\x64\x20\x6b\x6e\x6f\x77\x20\x61\x62\x6f\x75\x74\x20\x66\x6c\x6f\x61\x74"
  "\x69\x6e\x67\x2d\x70\x6f\x69\x6e\x74\x20\x61\x72\x69\x74\x68\x6d\x65\x74\x69\x63"
  "\x22\x2c\x20\x74\x68\x6d\x2e\x20\x34\x29\x20\x2a\x2f\x0a\x23\x69\x66\x20\x21\x5f"
  "\x5f\x55\x4e\x49\x53\x41\x5f\x46\x54\x52\x49\x4d\x5f\x4c\x49\x42\x43\x20\x7c\x7c"
  "\x20\x5f\x5f\x55\x4e\x5f\x6c\x6f\x67\x31\x70\x0a\x73\x74\x61\x74\x69\x63\x20\x64"
  "\x6f\x75\x62\x6c\x65\x20\x6c\x6f\x67\x31\x70\x28\x64\x6f\x75\x62\x6c\x65\x20\x5f"
  "\x5f\x75\x5f\x78\x29\x20\x7b\x0a\x20\x20\x20\x20\x64\x6f\x75\x62\x6c\x65\x20\x5f"
  "\x5f\x75\x5f\x75\x3b\x0a\x20\x20\x20\x20\x5f\x5f\x75\x5f\x75\x20\x3d\x20\x31\x2e"
  "\x30\x20\x2b\x20\x5f\x5f\x75\x5f\x78\x3b\x0a\x20\x20\x20\x20\x69\x66\x20\x28\x5f"
  "\x5f\x75\x5f\x75\x20\x3d\x3d\x20\x31\x2e\x30\x29\x20\x72\x65\x74\x75\x72\x6e\x20"
  "\x5f\x5f\x75\x5f\x78\x3b\x0a\x20\x20\x20\x20\x72\x65\x74\x75\x72\x6e\x20\x6c\x6f"
  "\x67\x28\x5f\x5f\x75\x5f\x75\x29\x20\x2a\x20\x5f\x5f\x75\x5f\x78\x20\x2f\x20\x28"
  "\x5f\x5f\x75\x5f\x75\x20\x2d\x20\x31\x2e\x30\x29\x3b\x0a\x7d\x0a\x23\x65\x6e\x64"
  "\x69\x66\x0a\x0a\x2f\x2a\x20\x2d\x2d\x2d\x2d\x20\x73\x69\x6e\x2c\x20\x63\x6f\x73"
  "\x2c\x20\x74\x61\x6e\x20\x28\x66\x64\x6c\x69\x62\x6d\x20\x6b\x5f\x73\x69\x6e\x2e"
  "\x63\x2c\x20\x6b\x5f\x63\x6f\x73\x2e\x63\x2c\x20\x65\x5f\x72\x65\x6d\x5f\x70\x69"
  "\x6f\x32\x2e\x63\x29\x20\x2d\x2d\x2d\x2d\x2d\x2d\x2d\x2d\x2d\x2d\x2d\x2d\x2d\x2d"
  "\x20\x2a\x2f\x0a\x23\x69\x66\x20\x21\x5f\x5f\x55\x4e\x49\x53\x41\x5f\x46\x54\x52"
  "\x49\x4d\x5f\x4c\x49\x42\x43\x20\x7c\x7c\x20\x5f\x5f\x55\x4e\x5f\x5f\x6d\x5f\x6b"
  "\x73\x69\x6e\x0a\x73\x74\x61\x74\x69\x63\x20\x64\x6f\x75\x62\x6c\x65\x20\x5f\x6d"
  "\x5f\x6b\x73\x69\x6e\x28\x64\x6f\x75\x62\x6c\x65\x20\x5f\x5f\x75\x5f\x78\x2c\x20"
  "\x64\x6f\x75\x62\x6c\x65\x20\x5f\x5f\x75\x5f\x79\x2c\x20\x69\x6e\x74\x20\x5f\x5f"
  "\x75\x5f\x69\x79\x29\x20\x7b\x0a\x20\x20\x20\x20\x64\x6f\x75\x62\x6c\x65\x20\x5f"
  "\x5f\x75\x5f\x7a\x3b\x20\x64\x6f\x75\x62\x6c\x65\x20\x5f\x5f\x75\x5f\x72\x3b\x20"
  "\x64\x6f\x75\x62\x6c\x65\x20\x5f\x5f\x75\x5f\x76\x3b\x0a\x20\x20\x20\x20\x69\x6e"
  "\x74\x20\x5f\x5f\x75\x5f\x69\x78\x3b\x0a\x20\x20\x20\x20\x5f\x5f\x75\x5f\x69\x78"
  "\x20\x3d\x20\x5f\x6d\x5f\x68\x69\x28\x5f\x5f\x75\x5f\x78\x29\x20\x26\x20\x32\x31"
  "\x34\x37\x34\x38\x33\x36\x34\x37\x3b\x0a\x20\x20\x20\x20\x69\x66\x20\x28\x5f\x5f"
  "\x75\x5f\x69\x78\x20\x3c\x20\x31\x30\x34\x34\x33\x38\x31\x36\x39\x36\x29\x20\x7b"
  "\x20\x69\x66\x20\x28\x28\x69\x6e\x74\x29\x5f\x5f\x75\x5f\x78\x20\x3d\x3d\x20\x30"
  "\x29\x20\x72\x65\x74\x75\x72\x6e\x20\x5f\x5f\x75\x5f\x78\x3b\x20\x7d\x20\x20\x20"
  "\x20\x20\x20\x20\x20\x2f\x2a\x20\x7c\x78\x7c\x20\x3c\x20\x32\x5e\x2d\x32\x37\x20"
  "\x2a\x2f\x0a\x20\x20\x20\x20\x5f\x5f\x75\x5f\x7a\x20\x3d\x20\x5f\x5f\x75\x5f\x78"
  "\x20\x2a\x20\x5f\x5f\x75\x5f\x78\x3b\x0a\x20\x20\x20\x20\x5f\x5f\x75\x5f\x76\x20"
  "\x3d\x20\x5f\x5f\x75\x5f\x7a\x20\x2a\x20\x5f\x5f\x75\x5f\x78\x3b\x0a\x20\x20\x20"
  "\x20\x5f\x5f\x75\x5f\x72\x20\x3d\x20\x38\x2e\x33\x33\x33\x33\x33\x33\x33\x33\x33"
  "\x33\x32\x32\x34\x38\x39\x34\x36\x31\x32\x34\x65\x2d\x30\x33\x20\x2b\x20\x5f\x5f"
  "\x75\x5f\x7a\x20\x2a\x20\x28\x30\x20\x2d\x20\x31\x2e\x39\x38\x34\x31\x32\x36\x39"
  "\x38\x32\x39\x38\x35\x37\x39\x34\x39\x33\x31\x33\x34\x65\x2d\x30\x34\x20\x2b\x20"
  "\x5f\x5f\x75\x5f\x7a\x20\x2a\x20\x28\x32\x2e\x37\x35\x35\x37\x33\x31\x33\x37\x30"
  "\x37\x30\x37\x30\x30\x36\x37\x36\x37\x38\x39\x65\x2d\x30\x36\x0a\x20\x20\x20\x20"
  "\x20\x20\x20\x20\x2b\x20\x5f\x5f\x75\x5f\x7a\x20\x2a\x20\x28\x30\x20\x2d\x20\x32"
  "\x2e\x35\x30\x35\x30\x37\x36\x30\x32\x35\x33\x34\x30\x36\x38\x36\x33\x34\x31\x39"
  "\x35\x65\x2d\x30\x38\x20\x2b\x20\x5f\x5f\x75\x5f\x7a\x20\x2a\x20\x31\x2e\x35\x38"
  "\x39\x36\x39\x30\x39\x39\x35\x32\x31\x31\x35\x35\x30\x31\x30\x32\x32\x31\x65\x2d"
  "\x31\x30\x29\x29\x29\x3b\x0a\x20\x20\x20\x20\x69\x66\x20\x28\x5f\x5f\x75\x5f\x69"
  "\x79\x20\x3d\x3d\x20\x30\x29\x20\x72\x65\x74\x75\x72\x6e\x20\x5f\x5f\x75\x5f\x78"
  "\x20\x2b\x20\x5f\x5f\x75\x5f\x76\x20\x2a\x20\x28\x30\x20\x2d\x20\x31\x2e\x36\x36"
  "\x36\x36\x36\x36\x36\x36\x36\x36\x36\x36\x36\x36\x33\x32\x34\x33\x34\x38\x65\x2d"
  "\x30\x31\x20\x2b\x20\x5f\x5f\x75\x5f\x7a\x20\x2a\x20\x5f\x5f\x75\x5f\x72\x29\x3b"
  "\x0a\x20\x20\x20\x20\x72\x65\x74\x75\x72\x6e\x20\x5f\x5f\x75\x5f\x78\x20\x2d\x20"
  "\x28\x28\x5f\x5f\x75\x5f\x7a\x20\x2a\x20\x28\x30\x2e\x35\x20\x2a\x20\x5f\x5f\x75"
  "\x5f\x79\x20\x2d\x20\x5f\x5f\x75\x5f\x76\x20\x2a\x20\x5f\x5f\x75\x5f\x72\x29\x20"
  "\x2d\x20\x5f\x5f\x75\x5f\x79\x29\x20\x2d\x20\x5f\x5f\x75\x5f\x76\x20\x2a\x20\x28"
  "\x30\x20\x2d\x20\x31\x2e\x36\x36\x36\x36\x36\x36\x36\x36\x36\x36\x36\x36\x36\x36"
  "\x33\x32\x34\x33\x34\x38\x65\x2d\x30\x31\x29\x29\x3b\x0a\x7d\x0a\x23\x65\x6e\x64"
  "\x69\x66\x0a\x23\x69\x66\x20\x21\x5f\x5f\x55\x4e\x49\x53\x41\x5f\x46\x54\x52\x49"
  "\x4d\x5f\x4c\x49\x42\x43\x20\x7c\x7c\x20\x5f\x5f\x55\x4e\x5f\x5f\x6d\x5f\x6b\x63"
  "\x6f\x73\x0a\x73\x74\x61\x74\x69\x63\x20\x64\x6f\x75\x62\x6c\x65\x20\x5f\x6d\x5f"
  "\x6b\x63\x6f\x73\x28\x64\x6f\x75\x62\x6c\x65\x20\x5f\x5f\x75\x5f\x78\x2c\x20\x64"
  "\x6f\x75\x62\x6c\x65\x20\x5f\x5f\x75\x5f\x79\x29\x20\x7b\x0a\x20\x20\x20\x20\x64"
  "\x6f\x75\x62\x6c\x65\x20\x5f\x5f\x75\x5f\x61\x3b\x20\x64\x6f\x75\x62\x6c\x65\x20"
  "\x5f\x5f\x75\x5f\x68\x7a\x3b\x20\x64\x6f\x75\x62\x6c\x65\x20\x5f\x5f\x75\x5f\x7a"
  "\x3b\x20\x64\x6f\x75\x62\x6c\x65\x20\x5f\x5f\x75\x5f\x72\x3b\x20\x64\x6f\x75\x62"
  "\x6c\x65\x20\x5f\x5f\x75\x5f\x71\x78\x3b\x0a\x20\x20\x20\x20\x69\x6e\x74\x20\x5f"
  "\x5f\x75\x5f\x69\x78\x3b\x0a\x20\x20\x20\x20\x5f\x5f\x75\x5f\x69\x78\x20\x3d\x20"
  "\x5f\x6d\x5f\x68\x69\x28\x5f\x5f\x75\x5f\x78\x29\x20\x26\x20\x32\x31\x34\x37\x34"
  "\x38\x33\x36\x34\x37\x3b\x0a\x20\x20\x20\x20\x69\x66\x20\x28\x5f\x5f\x75\x5f\x69"
  "\x78\x20\x3c\x20\x31\x30\x34\x34\x33\x38\x31\x36\x39\x36\x29\x20\x7b\x20\x69\x66"
  "\x20\x28\x28\x69\x6e\x74\x29\x5f\x5f\x75\x5f\x78\x20\x3d\x3d\x20\x30\x29\x20\x72"
  "\x65\x74\x75\x72\x6e\x20\x31\x2e\x30\x3b\x20\x7d\x0a\x20\x20\x20\x20\x5f\x5f\x75"
  "\x5f\x7a\x20\x3d\x20\x5f\x5f\x75\x5f\x78\x20\x2a\x20\x5f\x5f\x75\x5f\x78\x3b\x0a"
  "\x20\x20\x20\x20\x5f\x5f\x75\x5f\x72\x20\x3d\x20\x5f\x5f\x75\x5f\x7a\x20\x2a\x20"
  "\x28\x34\x2e\x31\x36\x36\x36\x36\x36\x36\x36\x36\x36\x36\x36\x36\x36\x30\x31\x39"
  "\x30\x33\x37\x65\x2d\x30\x32\x20\x2b\x20\x5f\x5f\x75\x5f\x7a\x20\x2a\x20\x28\x30"
  "\x20\x2d\x20\x31\x2e\x33\x38\x38\x38\x38\x38\x38\x38\x38\x38\x38\x37\x34\x31\x30"
  "\x39\x35\x37\x34\x39\x65\x2d\x30\x33\x20\x2b\x20\x5f\x5f\x75\x5f\x7a\x20\x2a\x20"
  "\x28\x32\x2e\x34\x38\x30\x31\x35\x38\x37\x32\x38\x39\x34\x37\x36\x37\x32\x39\x34"
  "\x31\x37\x38\x65\x2d\x30\x35\x0a\x20\x20\x20\x20\x20\x20\x20\x20\x2b\x20\x5f\x5f"
  "\x75\x5f\x7a\x20\x2a\x20\x28\x30\x20\x2d\x20\x32\x2e\x37\x35\x35\x37\x33\x31\x34"
  "\x33\x35\x31\x33\x39\x30\x36\x36\x33\x33\x30\x33\x35\x65\x2d\x30\x37\x20\x2b\x20"
  "\x5f\x5f\x75\x5f\x7a\x20\x2a\x20\x28\x32\x2e\x30\x38\x37\x35\x37\x32\x33\x32\x31"
  "\x32\x39\x38\x31\x37\x34\x38\x32\x37\x39\x30\x65\x2d\x30\x39\x0a\x20\x20\x20\x20"
  "\x20\x20\x20\x20\x2b\x20\x5f\x5f\x75\x5f\x7a\x20\x2a\x20\x28\x30\x20\x2d\x20\x31"
  "\x2e\x31\x33\x35\x39\x36\x34\x37\x35\x35\x37\x37\x38\x38\x31\x39\x34\x38\x32\x36"
  "\x35\x65\x2d\x31\x31\x29\x29\x29\x29\x29\x29\x3b\x0a\x20\x20\x20\x20\x69\x66\x20"
  "\x28\x5f\x5f\x75\x5f\x69\x78\x20\x3c\x20\x31\x30\x37\x30\x38\x30\x35\x38\x31\x31"
  "\x29\x20\x72\x65\x74\x75\x72\x6e\x20\x31\x2e\x30\x20\x2d\x20\x28\x30\x2e\x35\x20"
  "\x2a\x20\x5f\x5f\x75\x5f\x7a\x20\x2d\x20\x28\x5f\x5f\x75\x5f\x7a\x20\x2a\x20\x5f"
  "\x5f\x75\x5f\x72\x20\x2d\x20\x5f\x5f\x75\x5f\x78\x20\x2a\x20\x5f\x5f\x75\x5f\x79"
  "\x29\x29\x3b\x20\x20\x20\x2f\x2a\x20\x7c\x78\x7c\x20\x3c\x20\x30\x2e\x33\x20\x2a"
  "\x2f\x0a\x20\x20\x20\x20\x69\x66\x20\x28\x5f\x5f\x75\x5f\x69\x78\x20\x3e\x20\x31"
  "\x30\x37\x32\x32\x33\x34\x34\x39\x36\x29\x20\x5f\x5f\x75\x5f\x71\x78\x20\x3d\x20"
  "\x30\x2e\x32\x38\x31\x32\x35\x3b\x20\x20\x20\x20\x20\x20\x20\x20\x20\x20\x20\x20"
  "\x20\x20\x20\x20\x20\x20\x20\x20\x20\x20\x20\x20\x20\x20\x20\x20\x20\x20\x20\x2f"
  "\x2a\x20\x7c\x78\x7c\x20\x3e\x20\x30\x2e\x37\x38\x31\x32\x35\x20\x2a\x2f\x0a\x20"
  "\x20\x20\x20\x65\x6c\x73\x65\x20\x5f\x5f\x75\x5f\x71\x78\x20\x3d\x20\x5f\x6d\x5f"
  "\x6d\x6b\x28\x5f\x5f\x75\x5f\x69\x78\x20\x2d\x20\x32\x30\x39\x37\x31\x35\x32\x2c"
  "\x20\x30\x29\x3b\x0a\x20\x20\x20\x20\x5f\x5f\x75\x5f\x68\x7a\x20\x3d\x20\x30\x2e"
  "\x35\x20\x2a\x20\x5f\x5f\x75\x5f\x7a\x20\x2d\x20\x5f\x5f\x75\x5f\x71\x78\x3b\x0a"
  "\x20\x20\x20\x20\x5f\x5f\x75\x5f\x61\x20\x3d\x20\x31\x2e\x30\x20\x2d\x20\x5f\x5f"
  "\x75\x5f\x71\x78\x3b\x0a\x20\x20\x20\x20\x72\x65\x74\x75\x72\x6e\x20\x5f\x5f\x75"
  "\x5f\x61\x20\x2d\x20\x28\x5f\x5f\x75\x5f\x68\x7a\x20\x2d\x20\x28\x5f\x5f\x75\x5f"
  "\x7a\x20\x2a\x20\x5f\x5f\x75\x5f\x72\x20\x2d\x20\x5f\x5f\x75\x5f\x78\x20\x2a\x20"
  "\x5f\x5f\x75\x5f\x79\x29\x29\x3b\x0a\x7d\x0a\x23\x65\x6e\x64\x69\x66\x0a\x2f\x2a"
  "\x20\x78\x20\x3d\x20\x6e\x2a\x28\x70\x69\x2f\x32\x29\x20\x2b\x20\x28\x79\x5b\x30"
  "\x5d\x20\x2b\x20\x79\x5b\x31\x5d\x29\x3b\x20\x72\x65\x74\x75\x72\x6e\x73\x20\x6e"
  "\x2e\x20\x20\x54\x68\x65\x20\x6d\x65\x64\x69\x75\x6d\x20\x72\x61\x6e\x67\x65\x20"
  "\x69\x73\x20\x66\x64\x6c\x69\x62\x6d\x27\x73\x3b\x0a\x20\x20\x20\x62\x65\x79\x6f"
  "\x6e\x64\x20\x7c\x78\x7c\x20\x7e\x20\x32\x5e\x32\x30\x2a\x70\x69\x2f\x32\x20\x74"
  "\x68\x65\x20\x72\x65\x64\x75\x63\x74\x69\x6f\x6e\x20\x69\x73\x20\x6f\x6e\x6c\x79"
  "\x20\x61\x73\x20\x67\x6f\x6f\x64\x20\x61\x73\x20\x74\x68\x72\x65\x65\x20\x74\x65"
  "\x72\x6d\x73\x20\x6f\x66\x0a\x20\x20\x20\x70\x69\x2f\x32\x20\x6d\x61\x6b\x65\x20"
  "\x69\x74\x20\x28\x66\x64\x6c\x69\x62\x6d\x27\x73\x20\x50\x61\x79\x6e\x65\x2d\x48"
  "\x61\x6e\x65\x6b\x20\x70\x61\x74\x68\x20\x69\x73\x20\x6e\x6f\x74\x20\x63\x61\x72"
  "\x72\x69\x65\x64\x29\x2e\x20\x2a\x2f\x0a\x23\x69\x66\x20\x21\x5f\x5f\x55\x4e\x49"
  "\x53\x41\x5f\x46\x54\x52\x49\x4d\x5f\x4c\x49\x42\x43\x20\x7c\x7c\x20\x5f\x5f\x55"
  "\x4e\x5f\x5f\x6d\x5f\x72\x65\x6d\x70\x69\x6f\x32\x0a\x73\x74\x61\x74\x69\x63\x20"
  "\x69\x6e\x74\x20\x5f\x6d\x5f\x72\x65\x6d\x70\x69\x6f\x32\x28\x64\x6f\x75\x62\x6c"
  "\x65\x20\x5f\x5f\x75\x5f\x78\x2c\x20\x64\x6f\x75\x62\x6c\x65\x20\x2a\x5f\x5f\x75"
  "\x5f\x79\x29\x20\x7b\x0a\x20\x20\x20\x20\x64\x6f\x75\x62\x6c\x65\x20\x5f\x5f\x75"
  "\x5f\x7a\x3b\x20\x64\x6f\x75\x62\x6c\x65\x20\x5f\x5f\x75\x5f\x77\x3b\x20\x64\x6f"
  "\x75\x62\x6c\x65\x20\x5f\x5f\x75\x5f\x74\x3b\x20\x64\x6f\x75\x62\x6c\x65\x20\x5f"
  "\x5f\x75\x5f\x72\x3b\x20\x64\x6f\x75\x62\x6c\x65\x20\x5f\x5f\x75\x5f\x66\x6e\x3b"
  "\x0a\x20\x20\x20\x20\x69\x6e\x74\x20\x5f\x5f\x75\x5f\x69\x3b\x20\x69\x6e\x74\x20"
  "\x5f\x5f\x75\x5f\x6a\x3b\x20\x69\x6e\x74\x20\x5f\x5f\x75\x5f\x6e\x3b\x20\x69\x6e"
  "\x74\x20\x5f\x5f\x75\x5f\x69\x78\x3b\x20\x69\x6e\x74\x20\x5f\x5f\x75\x5f\x68\x78"
  "\x3b\x0a\x20\x20\x20\x20\x5f\x5f\x75\x5f\x68\x78\x20\x3d\x20\x5f\x6d\x5f\x68\x69"
  "\x28\x5f\x5f\x75\x5f\x78\x29\x3b\x0a\x20\x20\x20\x20\x5f\x5f\x75\x5f\x69\x78\x20"
  "\x3d\x20\x5f\x5f\x75\x5f\x68\x78\x20\x26\x20\x32\x31\x34\x37\x34\x38\x33\x36\x34"
  "\x37\x3b\x0a\x20\x20\x20\x20\x69\x66\x20\x28\x5f\x5f\x75\x5f\x69\x78\x20\x3c\x3d"
  "\x20\x31\x30\x37\x32\x32\x34\x33\x31\x39\x35\x29\x20\x7b\x20\x5f\x5f\x75\x5f\x79"
  "\x5b\x30\x5d\x20\x3d\x20\x5f\x5f\x75\x5f\x78\x3b\x20\x5f\x5f\x75\x5f\x79\x5b\x31"
  "\x5d\x20\x3d\x20\x30\x2e\x30\x3b\x20\x72\x65\x74\x75\x72\x6e\x20\x30\x3b\x20\x7d"
  "\x20\x20\x20\x20\x20\x20\x20\x20\x2f\x2a\x20\x7c\x78\x7c\x20\x3c\x3d\x20\x70\x69"
  "\x2f\x34\x20\x2a\x2f\x0a\x20\x20\x20\x20\x69\x66\x20\x28\x5f\x5f\x75\x5f\x69\x78"
  "\x20\x3c\x20\x31\x30\x37\x33\x39\x32\x38\x35\x37\x32\x29\x20\x7b\x20\x20\x20\x20"
  "\x20\x20\x20\x20\x20\x20\x20\x20\x20\x20\x20\x20\x20\x20\x20\x20\x20\x20\x20\x20"
  "\x20\x20\x20\x20\x20\x20\x20\x20\x20\x20\x20\x20\x20\x20\x20\x20\x20\x20\x20\x2f"
  "\x2a\x20\x7c\x78\x7c\x20\x3c\x20\x33\x70\x69\x2f\x34\x20\x2a\x2f\x0a\x20\x20\x20"
  "\x20\x20\x20\x20\x20\x69\x66\x20\x28\x5f\x5f\x75\x5f\x68\x78\x20\x3e\x20\x30\x29"
  "\x20\x7b\x0a\x20\x20\x20\x20\x20\x20\x20\x20\x20\x20\x20\x20\x5f\x5f\x75\x5f\x7a"
  "\x20\x3d\x20\x5f\x5f\x75\x5f\x78\x20\x2d\x20\x31\x2e\x35\x37\x30\x37\x39\x36\x33"
  "\x32\x36\x37\x33\x34\x31\x32\x35\x36\x31\x34\x31\x37\x65\x2b\x30\x30\x3b\x0a\x20"
  "\x20\x20\x20\x20\x20\x20\x20\x20\x20\x20\x20\x69\x66\x20\x28\x5f\x5f\x75\x5f\x69"
  "\x78\x20\x21\x3d\x20\x31\x30\x37\x33\x32\x39\x31\x37\x37\x31\x29\x20\x7b\x0a\x20"
  "\x20\x20\x20\x20\x20\x20\x20\x20\x20\x20\x20\x20\x20\x20\x20\x5f\x5f\x75\x5f\x79"
  "\x5b\x30\x5d\x20\x3d\x20\x5f\x5f\x75\x5f\x7a\x20\x2d\x20\x36\x2e\x30\x37\x37\x31"
  "\x30\x30\x35\x30\x36\x35\x30\x36\x31\x39\x32\x32\x34\x39\x33\x32\x65\x2d\x31\x31"
  "\x3b\x0a\x20\x20\x20\x20\x20\x20\x20\x20\x20\x20\x20\x20\x20\x20\x20\x20\x5f\x5f"
  "\x75\x5f\x79\x5b\x31\x5d\x20\x3d\x20\x28\x5f\x5f\x75\x5f\x7a\x20\x2d\x20\x5f\x5f"
  "\x75\x5f\x79\x5b\x30\x5d\x29\x20\x2d\x20\x36\x2e\x30\x37\x37\x31\x30\x30\x35\x30"
  "\x36\x35\x30\x36\x31\x39\x32\x32\x34\x39\x33\x32\x65\x2d\x31\x31\x3b\x0a\x20\x20"
  "\x20\x20\x20\x20\x20\x20\x20\x20\x20\x20\x7d\x20\x65\x6c\x73\x65\x20\x7b\x0a\x20"
  "\x20\x20\x20\x20\x20\x20\x20\x20\x20\x20\x20\x20\x20\x20\x20\x5f\x5f\x75\x5f\x7a"
  "\x20\x3d\x20\x5f\x5f\x75\x5f\x7a\x20\x2d\x20\x36\x2e\x30\x37\x37\x31\x30\x30\x35"
  "\x30\x36\x33\x30\x33\x39\x36\x35\x39\x37\x36\x36\x30\x65\x2d\x31\x31\x3b\x0a\x20"
  "\x20\x20\x20\x20\x20\x20\x20\x20\x20\x20\x20\x20\x20\x20\x20\x5f\x5f\x75\x5f\x79"
  "\x5b\x30\x5d\x20\x3d\x20\x5f\x5f\x75\x5f\x7a\x20\x2d\x20\x32\x2e\x30\x32\x32\x32"
  "\x36\x36\x32\x34\x38\x37\x39\x35\x39\x35\x30\x36\x33\x31\x35\x34\x65\x2d\x32\x31"
  "\x3b\x0a\x20\x20\x20\x20\x20\x20\x20\x20\x20\x20\x20\x20\x20\x20\x20\x20\x5f\x5f"
  "\x75\x5f\x79\x5b\x31\x5d\x20\x3d\x20\x28\x5f\x5f\x75\x5f\x7a\x20\x2d\x20\x5f\x5f"
  "\x75\x5f\x79\x5b\x30\x5d\x29\x20\x2d\x20\x32\x2e\x30\x32\x32\x32\x36\x36\x32\x34"
  "\x38\x37\x39\x35\x39\x35\x30\x36\x33\x31\x35\x34\x65\x2d\x32\x31\x3b\x0a\x20\x20"
  "\x20\x20\x20\x20\x20\x20\x20\x20\x20\x20\x7d\x0a\x20\x20\x20\x20\x20\x20\x20\x20"
  "\x20\x20\x20\x20\x72\x65\x74\x75\x72\x6e\x20\x31\x3b\x0a\x20\x20\x20\x20\x20\x20"
  "\x20\x20\x7d\x0a\x20\x20\x20\x20\x20\x20\x20\x20\x5f\x5f\x75\x5f\x7a\x20\x3d\x20"
  "\x5f\x5f\x75\x5f\x78\x20\x2b\x20\x31\x2e\x35\x37\x30\x37\x39\x36\x33\x32\x36\x37"
  "\x33\x34\x31\x32\x35\x36\x31\x34\x31\x37\x65\x2b\x30\x30\x3b\x0a\x20\x20\x20\x20"
  "\x20\x20\x20\x20\x69\x66\x20\x28\x5f\x5f\x75\x5f\x69\x78\x20\x21\x3d\x20\x31\x30"
  "\x37\x33\x32\x39\x31\x37\x37\x31\x29\x20\x7b\x0a\x20\x20\x20\x20\x20\x20\x20\x20"
  "\x20\x20\x20\x20\x5f\x5f\x75\x5f\x79\x5b\x30\x5d\x20\x3d\x20\x5f\x5f\x75\x5f\x7a"
  "\x20\x2b\x20\x36\x2e\x30\x37\x37\x31\x30\x30\x35\x30\x36\x35\x30\x36\x31\x39\x32"
  "\x32\x34\x39\x33\x32\x65\x2d\x31\x31\x3b\x0a\x20\x20\x20\x20\x20\x20\x20\x20\x20"
  "\x20\x20\x20\x5f\x5f\x75\x5f\x79\x5b\x31\x5d\x20\x3d\x20\x28\x5f\x5f\x75\x5f\x7a"
  "\x20\x2d\x20\x5f\x5f\x75\x5f\x79\x5b\x30\x5d\x29\x20\x2b\x20\x36\x2e\x30\x37\x37"
  "\x31\x30\x30\x35\x30\x36\x35\x30\x36\x31\x39\x32\x32\x34\x39\x33\x32\x65\x2d\x31"
  "\x31\x3b\x0a\x20\x20\x20\x20\x20\x20\x20\x20\x7d\x20\x65\x6c\x73\x65\x20\x7b\x0a"
  "\x20\x20\x20\x20\x20\x20\x20\x20\x20\x20\x20\x20\x5f\x5f\x75\x5f\x7a\x20\x3d\x20"
  "\x5f\x5f\x75\x5f\x7a\x20\x2b\x20\x36\x2e\x30\x37\x37\x31\x30\x30\x35\x30\x36\x33"
  "\x30\x33\x39\x36\x35\x39\x37\x36\x36\x30\x65\x2d\x31\x31\x3b\x0a\x20\x20\x20\x20"
  "\x20\x20\x20\x20\x20\x20\x20\x20\x5f\x5f\x75\x5f\x79\x5b\x30\x5d\x20\x3d\x20\x5f"
  "\x5f\x75\x5f\x7a\x20\x2b\x20\x32\x2e\x30\x32\x32\x32\x36\x36\x32\x34\x38\x37\x39"
  "\x35\x39\x35\x30\x36\x33\x31\x35\x34\x65\x2d\x32\x31\x3b\x0a\x20\x20\x20\x20\x20"
  "\x20\x20\x20\x20\x20\x20\x20\x5f\x5f\x75\x5f\x79\x5b\x31\x5d\x20\x3d\x20\x28\x5f"
  "\x5f\x75\x5f\x7a\x20\x2d\x20\x5f\x5f\x75\x5f\x79\x5b\x30\x5d\x29\x20\x2b\x20\x32"
  "\x2e\x30\x32\x32\x32\x36\x36\x32\x34\x38\x37\x39\x35\x39\x35\x30\x36\x33\x31\x35"
  "\x34\x65\x2d\x32\x31\x3b\x0a\x20\x20\x20\x20\x20\x20\x20\x20\x7d\x0a\x20\x20\x20"
  "\x20\x20\x20\x20\x20\x72\x65\x74\x75\x72\x6e\x20\x30\x20\x2d\x20\x31\x3b\x0a\x20"
  "\x20\x20\x20\x7d\x0a\x20\x20\x20\x20\x5f\x5f\x75\x5f\x74\x20\x3d\x20\x66\x61\x62"
  "\x73\x28\x5f\x5f\x75\x5f\x78\x29\x3b\x0a\x20\x20\x20\x20\x5f\x5f\x75\x5f\x6e\x20"
  "\x3d\x20\x28\x69\x6e\x74\x29\x28\x5f\x5f\x75\x5f\x74\x20\x2a\x20\x36\x2e\x33\x36"
  "\x36\x31\x39\x37\x37\x32\x33\x36\x37\x35\x38\x31\x33\x38\x32\x34\x33\x33\x65\x2d"
  "\x30\x31\x20\x2b\x20\x30\x2e\x35\x29\x3b\x0a\x20\x20\x20\x20\x5f\x5f\x75\x5f\x66"
  "\x6e\x20\x3d\x20\x28\x64\x6f\x75\x62\x6c\x65\x29\x5f\x5f\x75\x5f\x6e\x3b\x0a\x20"
  "\x20\x20\x20\x5f\x5f\x75\x5f\x72\x20\x3d\x20\x5f\x5f\x75\x5f\x74\x20\x2d\x20\x5f"
  "\x5f\x75\x5f\x66\x6e\x20\x2a\x20\x31\x2e\x35\x37\x30\x37\x39\x36\x33\x32\x36\x37"
  "\x33\x34\x31\x32\x35\x36\x31\x34\x31\x37\x65\x2b\x30\x30\x3b\x0a\x20\x20\x20\x20"
  "\x5f\x5f\x75\x5f\x77\x20\x3d\x20\x5f\x5f\x75\x5f\x66\x6e\x20\x2a\x20\x36\x2e\x30"
  "\x37\x37\x31\x30\x30\x35\x30\x36\x35\x30\x36\x31\x39\x32\x32\x34\x39\x33\x32\x65"
  "\x2d\x31\x31\x3b\x0a\x20\x20\x20\x20\x5f\x5f\x75\x5f\x6a\x20\x3d\x20\x5f\x5f\x75"
  "\x5f\x69\x78\x20\x3e\x3e\x20\x32\x30\x3b\x0a\x20\x20\x20\x20\x5f\x5f\x75\x5f\x79"
  "\x5b\x30\x5d\x20\x3d\x20\x5f\x5f\x75\x5f\x72\x20\x2d\x20\x5f\x5f\x75\x5f\x77\x3b"
  "\x0a\x20\x20\x20\x20\x5f\x5f\x75\x5f\x69\x20\x3d\x20\x5f\x5f\x75\x5f\x6a\x20\x2d"
  "\x20\x28\x28\x5f\x6d\x5f\x68\x69\x28\x5f\x5f\x75\x5f\x79\x5b\x30\x5d\x29\x20\x3e"
  "\x3e\x20\x32\x30\x29\x20\x26\x20\x32\x30\x34\x37\x29\x3b\x0a\x20\x20\x20\x20\x69"
  "\x66\x20\x28\x5f\x5f\x75\x5f\x69\x20\x3e\x20\x31\x36\x29\x20\x7b\x0a\x20\x20\x20"
  "\x20\x20\x20\x20\x20\x5f\x5f\x75\x5f\x74\x20\x3d\x20\x5f\x5f\x75\x5f\x72\x3b\x0a"
  "\x20\x20\x20\x20\x20\x20\x20\x20\x5f\x5f\x75\x5f\x77\x20\x3d\x20\x5f\x5f\x75\x5f"
  "\x66\x6e\x20\x2a\x20\x36\x2e\x30\x37\x37\x31\x30\x30\x35\x30\x36\x33\x30\x33\x39"
  "\x36\x35\x39\x37\x36\x36\x30\x65\x2d\x31\x31\x3b\x0a\x20\x20\x20\x20\x20\x20\x20"
  "\x20\x5f\x5f\x75\x5f\x72\x20\x3d\x20\x5f\x5f\x75\x5f\x74\x20\x2d\x20\x5f\x5f\x75"
  "\x5f\x77\x3b\x0a\x20\x20\x20\x20\x20\x20\x20\x20\x5f\x5f\x75\x5f\x77\x20\x3d\x20"
  "\x5f\x5f\x75\x5f\x66\x6e\x20\x2a\x20\x32\x2e\x30\x32\x32\x32\x36\x36\x32\x34\x38"
  "\x37\x39\x35\x39\x35\x30\x36\x33\x31\x35\x34\x65\x2d\x32\x31\x20\x2d\x20\x28\x28"
  "\x5f\x5f\x75\x5f\x74\x20\x2d\x20\x5f\x5f\x75\x5f\x72\x29\x20\x2d\x20\x5f\x5f\x75"
  "\x5f\x77\x29\x3b\x0a\x20\x20\x20\x20\x20\x20\x20\x20\x5f\x5f\x75\x5f\x79\x5b\x30"
  "\x5d\x20\x3d\x20\x5f\x5f\x75\x5f\x72\x20\x2d\x20\x5f\x5f\x75\x5f\x77\x3b\x0a\x20"
  "\x20\x20\x20\x20\x20\x20\x20\x5f\x5f\x75\x5f\x69\x20\x3d\x20\x5f\x5f\x75\x5f\x6a"
  "\x20\x2d\x20\x28\x28\x5f\x6d\x5f\x68\x69\x28\x5f\x5f\x75\x5f\x79\x5b\x30\x5d\x29"
  "\x20\x3e\x3e\x20\x32\x30\x29\x20\x26\x20\x32\x30\x34\x37\x29\x3b\x0a\x20\x20\x20"
  "\x20\x20\x20\x20\x20\x69\x66\x20\x28\x5f\x5f\x75\x5f\x69\x20\x3e\x20\x34\x39\x29"
  "\x20\x7b\x0a\x20\x20\x20\x20\x20\x20\x20\x20\x20\x20\x20\x20\x5f\x5f\x75\x5f\x74"
  "\x20\x3d\x20\x5f\x5f\x75\x5f\x72\x3b\x0a\x20\x20\x20\x20\x20\x20\x20\x20\x20\x20"
  "\x20\x20\x5f\x5f\x75\x5f\x77\x20\x3d\x20\x5f\x5f\x75\x5f\x66\x6e\x20\x2a\x20\x32"
  "\x2e\x30\x32\x32\x32\x36\x36\x32\x34\x38\x37\x31\x31\x31\x36\x36\x34\x35\x35\x38"
  "\x30\x65\x2d\x32\x31\x3b\x0a\x20\x20\x20\x20\x20\x20\x20\x20\x20\x20\x20\x20\x5f"
  "\x5f\x75\x5f\x72\x20\x3d\x20\x5f\x5f\x75\x5f\x74\x20\x2d\x20\x5f\x5f\x75\x5f\x77"
  "\x3b\x0a\x20\x20\x20\x20\x20\x20\x20\x20\x20\x20\x20\x20\x5f\x5f\x75\x5f\x77\x20"
  "\x3d\x20\x5f\x5f\x75\x5f\x66\x6e\x20\x2a\x20\x38\x2e\x34\x37\x38\x34\x32\x37\x36"
  "\x36\x30\x33\x36\x38\x38\x39\x39\x35\x36\x39\x39\x37\x65\x2d\x33\x32\x20\x2d\x20"
  "\x28\x28\x5f\x5f\x75\x5f\x74\x20\x2d\x20\x5f\x5f\x75\x5f\x72\x29\x20\x2d\x20\x5f"
  "\x5f\x75\x5f\x77\x29\x3b\x0a\x20\x20\x20\x20\x20\x20\x20\x20\x20\x20\x20\x20\x5f"
  "\x5f\x75\x5f\x79\x5b\x30\x5d\x20\x3d\x20\x5f\x5f\x75\x5f\x72\x20\x2d\x20\x5f\x5f"
  "\x75\x5f\x77\x3b\x0a\x20\x20\x20\x20\x20\x20\x20\x20\x7d\x0a\x20\x20\x20\x20\x7d"
  "\x0a\x20\x20\x20\x20\x5f\x5f\x75\x5f\x79\x5b\x31\x5d\x20\x3d\x20\x28\x5f\x5f\x75"
  "\x5f\x72\x20\x2d\x20\x5f\x5f\x75\x5f\x79\x5b\x30\x5d\x29\x20\x2d\x20\x5f\x5f\x75"
  "\x5f\x77\x3b\x0a\x20\x20\x20\x20\x69\x66\x20\x28\x5f\x5f\x75\x5f\x68\x78\x20\x3c"
  "\x20\x30\x29\x20\x7b\x20\x5f\x5f\x75\x5f\x79\x5b\x30\x5d\x20\x3d\x20\x30\x20\x2d"
  "\x20\x5f\x5f\x75\x5f\x79\x5b\x30\x5d\x3b\x20\x5f\x5f\x75\x5f\x79\x5b\x31\x5d\x20"
  "\x3d\x20\x30\x20\x2d\x20\x5f\x5f\x75\x5f\x79\x5b\x31\x5d\x3b\x20\x72\x65\x74\x75"
  "\x72\x6e\x20\x30\x20\x2d\x20\x5f\x5f\x75\x5f\x6e\x3b\x20\x7d\x0a\x20\x20\x20\x20"
  "\x72\x65\x74\x75\x72\x6e\x20\x5f\x5f\x75\x5f\x6e\x3b\x0a\x7d\x0a\x23\x65\x6e\x64"
  "\x69\x66\x0a\x23\x69\x66\x20\x21\x5f\x5f\x55\x4e\x49\x53\x41\x5f\x46\x54\x52\x49"
  "\x4d\x5f\x4c\x49\x42\x43\x20\x7c\x7c\x20\x5f\x5f\x55\x4e\x5f\x73\x69\x6e\x0a\x73"
  "\x74\x61\x74\x69\x63\x20\x64\x6f\x75\x62\x6c\x65\x20\x73\x69\x6e\x28\x64\x6f\x75"
  "\x62\x6c\x65\x20\x5f\x5f\x75\x5f\x78\x29\x20\x7b\x0a\x20\x20\x20\x20\x64\x6f\x75"
  "\x62\x6c\x65\x20\x5f\x5f\x75\x5f\x79\x5b\x32\x5d\x3b\x0a\x20\x20\x20\x20\x69\x6e"
  "\x74\x20\x5f\x5f\x75\x5f\x6e\x3b\x20\x69\x6e\x74\x20\x5f\x5f\x75\x5f\x69\x78\x3b"
  "\x0a\x20\x20\x20\x20\x5f\x5f\x75\x5f\x69\x78\x20\x3d\x20\x5f\x6d\x5f\x68\x69\x28"
  "\x5f\x5f\x75\x5f\x78\x29\x20\x26\x20\x32\x31\x34\x37\x34\x38\x33\x36\x34\x37\x3b"
  "\x0a\x20\x20\x20\x20\x69\x66\x20\x28\x5f\x5f\x75\x5f\x69\x78\x20\x3c\x3d\x20\x31"
  "\x30\x37\x32\x32\x34\x33\x31\x39\x35\x29\x20\x72\x65\x74\x75\x72\x6e\x20\x5f\x6d"
  "\x5f\x6b\x73\x69\x6e\x28\x5f\x5f\x75\x5f\x78\x2c\x20\x30\x2e\x30\x2c\x20\x30\x29"
  "\x3b\x0a\x20\x20\x20\x20\x69\x66\x20\x28\x5f\x5f\x75\x5f\x69\x78\x20\x3e\x3d\x20"
  "\x32\x31\x34\x36\x34\x33\x35\x30\x37\x32\x29\x20\x72\x65\x74\x75\x72\x6e\x20\x5f"
  "\x5f\x75\x5f\x78\x20\x2d\x20\x5f\x5f\x75\x5f\x78\x3b\x0a\x20\x20\x20\x20\x5f\x5f"
  "\x75\x5f\x6e\x20\x3d\x20\x5f\x6d\x5f\x72\x65\x6d\x70\x69\x6f\x32\x28\x5f\x5f\x75"
  "\x5f\x78\x2c\x20\x5f\x5f\x75\x5f\x79\x29\x3b\x0a\x20\x20\x20\x20\x5f\x5f\x75\x5f"
  "\x6e\x20\x3d\x20\x5f\x5f\x75\x5f\x6e\x20\x26\x20\x33\x3b\x0a\x20\x20\x20\x20\x69"
  "\x66\x20\x28\x5f\x5f\x75\x5f\x6e\x20\x3d\x3d\x20\x30\x29\x20\x72\x65\x74\x75\x72"
  "\x6e\x20\x5f\x6d\x5f\x6b\x73\x69\x6e\x28\x5f\x5f\x75\x5f\x79\x5b\x30\x5d\x2c\x20"
  "\x5f\x5f\x75\x5f\x79\x5b\x31\x5d\x2c\x20\x31\x29\x3b\x0a\x20\x20\x20\x20\x69\x66"
  "\x20\x28\x5f\x5f\x75\x5f\x6e\x20\x3d\x3d\x20\x31\x29\x20\x72\x65\x74\x75\x72\x6e"
  "\x20\x5f\x6d\x5f\x6b\x63\x6f\x73\x28\x5f\x5f\x75\x5f\x79\x5b\x30\x5d\x2c\x20\x5f"
  "\x5f\x75\x5f\x79\x5b\x31\x5d\x29\x3b\x0a\x20\x20\x20\x20\x69\x66\x20\x28\x5f\x5f"
  "\x75\x5f\x6e\x20\x3d\x3d\x20\x32\x29\x20\x72\x65\x74\x75\x72\x6e\x20\x30\x20\x2d"
  "\x20\x5f\x6d\x5f\x6b\x73\x69\x6e\x28\x5f\x5f\x75\x5f\x79\x5b\x30\x5d\x2c\x20\x5f"
  "\x5f\x75\x5f\x79\x5b\x31\x5d\x2c\x20\x31\x29\x3b\x0a\x20\x20\x20\x20\x72\x65\x74"
  "\x75\x72\x6e\x20\x30\x20\x2d\x20\x5f\x6d\x5f\x6b\x63\x6f\x73\x28\x5f\x5f\x75\x5f"
  "\x79\x5b\x30\x5d\x2c\x20\x5f\x5f\x75\x5f\x79\x5b\x31\x5d\x29\x3b\x0a\x7d\x0a\x23"
  "\x65\x6e\x64\x69\x66\x0a\x23\x69\x66\x20\x21\x5f\x5f\x55\x4e\x49\x53\x41\x5f\x46"
  "\x54\x52\x49\x4d\x5f\x4c\x49\x42\x43\x20\x7c\x7c\x20\x5f\x5f\x55\x4e\x5f\x63\x6f"
  "\x73\x0a\x73\x74\x61\x74\x69\x63\x20\x64\x6f\x75\x62\x6c\x65\x20\x63\x6f\x73\x28"
  "\x64\x6f\x75\x62\x6c\x65\x20\x5f\x5f\x75\x5f\x78\x29\x20\x7b\x0a\x20\x20\x20\x20"
  "\x64\x6f\x75\x62\x6c\x65\x20\x5f\x5f\x75\x5f\x79\x5b\x32\x5d\x3b\x0a\x20\x20\x20"
  "\x20\x69\x6e\x74\x20\x5f\x5f\x75\x5f\x6e\x3b\x20\x69\x6e\x74\x20\x5f\x5f\x75\x5f"
  "\x69\x78\x3b\x0a\x20\x20\x20\x20\x5f\x5f\x75\x5f\x69\x78\x20\x3d\x20\x5f\x6d\x5f"
  "\x68\x69\x28\x5f\x5f\x75\x5f\x78\x29\x20\x26\x20\x32\x31\x34\x37\x34\x38\x33\x36"
  "\x34\x37\x3b\x0a\x20\x20\x20\x20\x69\x66\x20\x28\x5f\x5f\x75\x5f\x69\x78\x20\x3c"
  "\x3d\x20\x31\x30\x37\x32\x32\x34\x33\x31\x39\x35\x29\x20\x72\x65\x74\x75\x72\x6e"
  "\x20\x5f\x6d\x5f\x6b\x63\x6f\x73\x28\x5f\x5f\x75\x5f\x78\x2c\x20\x30\x2e\x30\x29"
  "\x3b\x0a\x20\x20\x20\x20\x69\x66\x20\x28\x5f\x5f\x75\x5f\x69\x78\x20\x3e\x3d\x20"
  "\x32\x31\x34\x36\x34\x33\x35\x30\x37\x32\x29\x20\x72\x65\x74\x75\x72\x6e\x20\x5f"
  "\x5f\x75\x5f\x78\x20\x2d\x20\x5f\x5f\x75\x5f\x78\x3b\x0a\x20\x20\x20\x20\x5f\x5f"
  "\x75\x5f\x6e\x20\x3d\x20\x5f\x6d\x5f\x72\x65\x6d\x70\x69\x6f\x32\x28\x5f\x5f\x75"
  "\x5f\x78\x2c\x20\x5f\x5f\x75\x5f\x79\x29\x3b\x0a\x20\x20\x20\x20\x5f\x5f\x75\x5f"
  "\x6e\x20\x3d\x20\x5f\x5f\x75\x5f\x6e\x20\x26\x20\x33\x3b\x0a\x20\x20\x20\x20\x69"
  "\x66\x20\x28\x5f\x5f\x75\x5f\x6e\x20\x3d\x3d\x20\x30\x29\x20\x72\x65\x74\x75\x72"
  "\x6e\x20\x5f\x6d\x5f\x6b\x63\x6f\x73\x28\x5f\x5f\x75\x5f\x79\x5b\x30\x5d\x2c\x20"
  "\x5f\x5f\x75\x5f\x79\x5b\x31\x5d\x29\x3b\x0a\x20\x20\x20\x20\x69\x66\x20\x28\x5f"
  "\x5f\x75\x5f\x6e\x20\x3d\x3d\x20\x31\x29\x20\x72\x65\x74\x75\x72\x6e\x20\x30\x20"
  "\x2d\x20\x5f\x6d\x5f\x6b\x73\x69\x6e\x28\x5f\x5f\x75\x5f\x79\x5b\x30\x5d\x2c\x20"
  "\x5f\x5f\x75\x5f\x79\x5b\x31\x5d\x2c\x20\x31\x29\x3b\x0a\x20\x20\x20\x20\x69\x66"
  "\x20\x28\x5f\x5f\x75\x5f\x6e\x20\x3d\x3d\x20\x32\x29\x20\x72\x65\x74\x75\x72\x6e"
  "\x20\x30\x20\x2d\x20\x5f\x6d\x5f\x6b\x63\x6f\x73\x28\x5f\x5f\x75\x5f\x79\x5b\x30"
  "\x5d\x2c\x20\x5f\x5f\x75\x5f\x79\x5b\x31\x5d\x29\x3b\x0a\x20\x20\x20\x20\x72\x65"
  "\x74\x75\x72\x6e\x20\x5f\x6d\x5f\x6b\x73\x69\x6e\x28\x5f\x5f\x75\x5f\x79\x5b\x30"
  "\x5d\x2c\x20\x5f\x5f\x75\x5f\x79\x5b\x31\x5d\x2c\x20\x31\x29\x3b\x0a\x7d\x0a\x23"
  "\x65\x6e\x64\x69\x66\x0a\x23\x69\x66\x20\x21\x5f\x5f\x55\x4e\x49\x53\x41\x5f\x46"
  "\x54\x52\x49\x4d\x5f\x4c\x49\x42\x43\x20\x7c\x7c\x20\x5f\x5f\x55\x4e\x5f\x74\x61"
  "\x6e\x0a\x73\x74\x61\x74\x69\x63\x20\x64\x6f\x75\x62\x6c\x65\x20\x74\x61\x6e\x28"
  "\x64\x6f\x75\x62\x6c\x65\x20\x5f\x5f\x75\x5f\x78\x29\x20\x7b\x20\x72\x65\x74\x75"
  "\x72\x6e\x20\x73\x69\x6e\x28\x5f\x5f\x75\x5f\x78\x29\x20\x2f\x20\x63\x6f\x73\x28"
  "\x5f\x5f\x75\x5f\x78\x29\x3b\x20\x7d\x0a\x23\x65\x6e\x64\x69\x66\x0a\x23\x69\x66"
  "\x20\x21\x5f\x5f\x55\x4e\x49\x53\x41\x5f\x46\x54\x52\x49\x4d\x5f\x4c\x49\x42\x43"
  "\x20\x7c\x7c\x20\x5f\x5f\x55\x4e\x5f\x73\x69\x6e\x66\x0a\x73\x74\x61\x74\x69\x63"
  "\x20\x66\x6c\x6f\x61\x74\x20\x73\x69\x6e\x66\x28\x66\x6c\x6f\x61\x74\x20\x5f\x5f"
  "\x75\x5f\x78\x29\x20\x7b\x20\x72\x65\x74\x75\x72\x6e\x20\x28\x66\x6c\x6f\x61\x74"
  "\x29\x73\x69\x6e\x28\x28\x64\x6f\x75\x62\x6c\x65\x29\x5f\x5f\x75\x5f\x78\x29\x3b"
  "\x20\x7d\x0a\x23\x65\x6e\x64\x69\x66\x0a\x23\x69\x66\x20\x21\x5f\x5f\x55\x4e\x49"
  "\x53\x41\x5f\x46\x54\x52\x49\x4d\x5f\x4c\x49\x42\x43\x20\x7c\x7c\x20\x5f\x5f\x55"
  "\x4e\x5f\x63\x6f\x73\x66\x0a\x73\x74\x61\x74\x69\x63\x20\x66\x6c\x6f\x61\x74\x20"
  "\x63\x6f\x73\x66\x28\x66\x6c\x6f\x61\x74\x20\x5f\x5f\x75\x5f\x78\x29\x20\x7b\x20"
  "\x72\x65\x74\x75\x72\x6e\x20\x28\x66\x6c\x6f\x61\x74\x29\x63\x6f\x73\x28\x28\x64"
  "\x6f\x75\x62\x6c\x65\x29\x5f\x5f\x75\x5f\x78\x29\x3b\x20\x7d\x0a\x23\x65\x6e\x64"
  "\x69\x66\x0a\x23\x69\x66\x20\x21\x5f\x5f\x55\x4e\x49\x53\x41\x5f\x46\x54\x52\x49"
  "\x4d\x5f\x4c\x49\x42\x43\x20\x7c\x7c\x20\x5f\x5f\x55\x4e\x5f\x74\x61\x6e\x66\x0a"
  "\x73\x74\x61\x74\x69\x63\x20\x66\x6c\x6f\x61\x74\x20\x74\x61\x6e\x66\x28\x66\x6c"
  "\x6f\x61\x74\x20\x5f\x5f\x75\x5f\x78\x29\x20\x7b\x20\x72\x65\x74\x75\x72\x6e\x20"
  "\x28\x66\x6c\x6f\x61\x74\x29\x74\x61\x6e\x28\x28\x64\x6f\x75\x62\x6c\x65\x29\x5f"
  "\x5f\x75\x5f\x78\x29\x3b\x20\x7d\x0a\x23\x65\x6e\x64\x69\x66\x0a\x0a\x2f\x2a\x20"
  "\x2d\x2d\x2d\x2d\x20\x61\x74\x61\x6e\x2c\x20\x61\x74\x61\x6e\x32\x2c\x20\x61\x73"
  "\x69\x6e\x2c\x20\x61\x63\x6f\x73\x20\x28\x66\x64\x6c\x69\x62\x6d\x20\x73\x5f\x61"
  "\x74\x61\x6e\x2e\x63\x2c\x20\x65\x5f\x61\x74\x61\x6e\x32\x2e\x63\x29\x20\x2d\x2d"
  "\x2d\x2d\x2d\x2d\x2d\x2d\x2d\x2d\x2d\x2d\x2d\x2d\x2d\x20\x2a\x2f\x0a\x23\x69\x66"
  "\x20\x21\x5f\x5f\x55\x4e\x49\x53\x41\x5f\x46\x54\x52\x49\x4d\x5f\x4c\x49\x42\x43"
  "\x20\x7c\x7c\x20\x5f\x5f\x55\x4e\x5f\x61\x74\x61\x6e\x0a\x73\x74\x61\x74\x69\x63"
  "\x20\x64\x6f\x75\x62\x6c\x65\x20\x61\x74\x61\x6e\x28\x64\x6f\x75\x62\x6c\x65\x20"
  "\x5f\x5f\x75\x5f\x78\x29\x20\x7b\x0a\x20\x20\x20\x20\x64\x6f\x75\x62\x6c\x65\x20"
  "\x5f\x5f\x75\x5f\x77\x3b\x20\x64\x6f\x75\x62\x6c\x65\x20\x5f\x5f\x75\x5f\x73\x31"
  "\x3b\x20\x64\x6f\x75\x62\x6c\x65\x20\x5f\x5f\x75\x5f\x73\x32\x3b\x20\x64\x6f\x75"
  "\x62\x6c\x65\x20\x5f\x5f\x75\x5f\x7a\x3b\x20\x64\x6f\x75\x62\x6c\x65\x20\x5f\x5f"
  "\x75\x5f\x68\x69\x3b\x20\x64\x6f\x75\x62\x6c\x65\x20\x5f\x5f\x75\x5f\x6c\x6f\x3b"
  "\x0a\x20\x20\x20\x20\x69\x6e\x74\x20\x5f\x5f\x75\x5f\x69\x78\x3b\x20\x69\x6e\x74"
  "\x20\x5f\x5f\x75\x5f\x68\x78\x3b\x20\x69\x6e\x74\x20\x5f\x5f\x75\x5f\x69\x64\x3b"
  "\x0a\x20\x20\x20\x20\x5f\x5f\x75\x5f\x68\x78\x20\x3d\x20\x5f\x6d\x5f\x68\x69\x28"
  "\x5f\x5f\x75\x5f\x78\x29\x3b\x0a\x20\x20\x20\x20\x5f\x5f\x75\x5f\x69\x78\x20\x3d"
  "\x20\x5f\x5f\x75\x5f\x68\x78\x20\x26\x20\x32\x31\x34\x37\x34\x38\x33\x36\x34\x37"
  "\x3b\x0a\x20\x20\x20\x20\x69\x66\x20\x28\x5f\x5f\x75\x5f\x69\x78\x20\x3e\x3d\x20"
  "\x31\x31\x34\x31\x38\x39\x39\x32\x36\x34\x29\x20\x7b\x20\x20\x20\x20\x20\x20\x20"
  "\x20\x20\x20\x20\x20\x20\x20\x20\x20\x20\x20\x20\x20\x20\x20\x20\x20\x20\x20\x20"
  "\x20\x20\x20\x20\x20\x2f\x2a\x20\x7c\x78\x7c\x20\x3e\x3d\x20\x32\x5e\x36\x36\x20"
  "\x2a\x2f\x0a\x20\x20\x20\x20\x20\x20\x20\x20\x69\x66\x20\x28\x5f\x5f\x75\x5f\x69"
  "\x78\x20\x3e\x20\x32\x31\x34\x36\x34\x33\x35\x30\x37\x32\x20\x7c\x7c\x20\x28\x5f"
  "\x5f\x75\x5f\x69\x78\x20\x3d\x3d\x20\x32\x31\x34\x36\x34\x33\x35\x30\x37\x32\x20"
  "\x26\x26\x20\x5f\x6d\x5f\x6c\x6f\x28\x5f\x5f\x75\x5f\x78\x29\x20\x21\x3d\x20\x30"
  "\x29\x29\x20\x72\x65\x74\x75\x72\x6e\x20\x5f\x5f\x75\x5f\x78\x20\x2b\x20\x5f\x5f"
  "\x75\x5f\x78\x3b\x0a\x20\x20\x20\x20\x20\x20\x20\x20\x69\x66\x20\x28\x5f\x5f\x75"
  "\x5f\x68\x78\x20\x3e\x20\x30\x29\x20\x72\x65\x74\x75\x72\x6e\x20\x31\x2e\x35\x37"
  "\x30\x37\x39\x36\x33\x32\x36\x37\x39\x34\x38\x39\x36\x35\x35\x38\x30\x30\x65\x2b"
  "\x30\x30\x20\x2b\x20\x36\x2e\x31\x32\x33\x32\x33\x33\x39\x39\x35\x37\x33\x36\x37"
  "\x36\x36\x30\x33\x35\x38\x37\x65\x2d\x31\x37\x3b\x0a\x20\x20\x20\x20\x20\x20\x20"
  "\x20\x72\x65\x74\x75\x72\x6e\x20\x30\x20\x2d\x20\x31\x2e\x35\x37\x30\x37\x39\x36"
  "\x33\x32\x36\x37\x39\x34\x38\x39\x36\x35\x35\x38\x30\x30\x65\x2b\x30\x30\x20\x2d"
  "\x20\x36\x2e\x31\x32\x33\x32\x33\x33\x39\x39\x35\x37\x33\x36\x37\x36\x36\x30\x33"
  "\x35\x38\x37\x65\x2d\x31\x37\x3b\x0a\x20\x20\x20\x20\x7d\x0a\x20\x20\x20\x20\x69"
  "\x66\x20\x28\x5f\x5f\x75\x5f\x69\x78\x20\x3c\x20\x31\x30\x37\x31\x33\x38\x32\x35"
  "\x32\x38\x29\x20\x7b\x20\x20\x20\x20\x20\x20\x20\x20\x20\x20\x20\x20\x20\x20\x20"
  "\x20\x20\x20\x20\x20\x20\x20\x20\x20\x20\x20\x20\x20\x20\x20\x20\x20\x20\x2f\x2a"
  "\x20\x7c\x78\x7c\x20\x3c\x20\x30\x2e\x34\x33\x37\x35\x20\x2a\x2f\x0a\x20\x20\x20"
  "\x20\x20\x20\x20\x20\x69\x66\x20\x28\x5f\x5f\x75\x5f\x69\x78\x20\x3c\x20\x31\x30"
  "\x34\x32\x32\x38\x34\x35\x34\x34\x29\x20\x7b\x20\x69\x66\x20\x28\x31\x2e\x30\x65"
  "\x33\x30\x30\x20\x2b\x20\x5f\x5f\x75\x5f\x78\x20\x3e\x20\x31\x2e\x30\x29\x20\x72"
  "\x65\x74\x75\x72\x6e\x20\x5f\x5f\x75\x5f\x78\x3b\x20\x7d\x0a\x20\x20\x20\x20\x20"
  "\x20\x20\x20\x5f\x5f\x75\x5f\x69\x64\x20\x3d\x20\x30\x20\x2d\x20\x31\x3b\x0a\x20"
  "\x20\x20\x20\x7d\x20\x65\x6c\x73\x65\x20\x7b\x0a\x20\x20\x20\x20\x20\x20\x20\x20"
  "\x5f\x5f\x75\x5f\x78\x20\x3d\x20\x66\x61\x62\x73\x28\x5f\x5f\x75\x5f\x78\x29\x3b"
  "\x0a\x20\x20\x20\x20\x20\x20\x20\x20\x69\x66\x20\x28\x5f\x5f\x75\x5f\x69\x78\x20"
  "\x3c\x20\x31\x30\x37\x32\x38\x38\x39\x38\x35\x36\x29\x20\x7b\x20\x20\x20\x20\x20"
  "\x20\x20\x20\x20\x20\x20\x20\x20\x20\x20\x20\x20\x20\x20\x20\x20\x20\x20\x20\x20"
  "\x20\x20\x20\x20\x2f\x2a\x20\x7c\x78\x7c\x20\x3c\x20\x31\x2e\x31\x38\x37\x35\x20"
  "\x2a\x2f\x0a\x20\x20\x20\x20\x20\x20\x20\x20\x20\x20\x20\x20\x69\x66\x20\x28\x5f"
  "\x5f\x75\x5f\x69\x78\x20\x3c\x20\x31\x30\x37\x32\x30\x33\x37\x38\x38\x38\x29\x20"
  "\x7b\x20\x5f\x5f\x75\x5f\x69\x64\x20\x3d\x20\x30\x3b\x20\x5f\x5f\x75\x5f\x78\x20"
  "\x3d\x20\x28\x32\x2e\x30\x20\x2a\x20\x5f\x5f\x75\x5f\x78\x20\x2d\x20\x31\x2e\x30"
  "\x29\x20\x2f\x20\x28\x32\x2e\x30\x20\x2b\x20\x5f\x5f\x75\x5f\x78\x29\x3b\x20\x7d"
  "\x0a\x20\x20\x20\x20\x20\x20\x20\x20\x20\x20\x20\x20\x65\x6c\x73\x65\x20\x7b\x20"
  "\x5f\x5f\x75\x5f\x69\x64\x20\x3d\x20\x31\x3b\x20\x5f\x5f\x75\x5f\x78\x20\x3d\x20"
  "\x28\x5f\x5f\x75\x5f\x78\x20\x2d\x20\x31\x2e\x30\x29\x20\x2f\x20\x28\x5f\x5f\x75"
  "\x5f\x78\x20\x2b\x20\x31\x2e\x30\x29\x3b\x20\x7d\x0a\x20\x20\x20\x20\x20\x20\x20"
  "\x20\x7d\x20\x65\x6c\x73\x65\x20\x7b\x0a\x20\x20\x20\x20\x20\x20\x20\x20\x20\x20"
  "\x20\x20\x69\x66\x20\x28\x5f\x5f\x75\x5f\x69\x78\x20\x3c\x20\x31\x30\x37\x33\x39"
  "\x37\x31\x32\x30\x30\x29\x20\x7b\x20\x5f\x5f\x75\x5f\x69\x64\x20\x3d\x20\x32\x3b"
  "\x20\x5f\x5f\x75\x5f\x78\x20\x3d\x20\x28\x5f\x5f\x75\x5f\x78\x20\x2d\x20\x31\x2e"
  "\x35\x29\x20\x2f\x20\x28\x31\x2e\x30\x20\x2b\x20\x31\x2e\x35\x20\x2a\x20\x5f\x5f"
  "\x75\x5f\x78\x29\x3b\x20\x7d\x0a\x20\x20\x20\x20\x20\x20\x20\x20\x20\x20\x20\x20"
  "\x65\x6c\x73\x65\x20\x7b\x20\x5f\x5f\x75\x5f\x69\x64\x20\x3d\x20\x33\x3b\x20\x5f"
  "\x5f\x75\x5f\x78\x20\x3d\x20\x28\x30\x20\x2d\x20\x31\x2e\x30\x29\x20\x2f\x20\x5f"
  "\x5f\x75\x5f\x78\x3b\x20\x7d\x0a\x20\x20\x20\x20\x20\x20\x20\x20\x7d\x0a\x20\x20"
  "\x20\x20\x7d\x0a\x20\x20\x20\x20\x5f\x5f\x75\x5f\x7a\x20\x3d\x20\x5f\x5f\x75\x5f"
  "\x78\x20\x2a\x20\x5f\x5f\x75\x5f\x78\x3b\x0a\x20\x20\x20\x20\x5f\x5f\x75\x5f\x77"
  "\x20\x3d\x20\x5f\x5f\x75\x5f\x7a\x20\x2a\x20\x5f\x5f\x75\x5f\x7a\x3b\x0a\x20\x20"
  "\x20\x20\x5f\x5f\x75\x5f\x73\x31\x20\x3d\x20\x5f\x5f\x75\x5f\x7a\x20\x2a\x20\x28"
  "\x33\x2e\x33\x33\x33\x33\x33\x33\x33\x33\x33\x33\x33\x33\x32\x39\x33\x31\x38\x30"
  "\x32\x37\x65\x2d\x30\x31\x20\x2b\x20\x5f\x5f\x75\x5f\x77\x20\x2a\x20\x28\x31\x2e"
  "\x34\x32\x38\x35\x37\x31\x34\x32\x37\x32\x35\x30\x33\x34\x36\x36\x33\x37\x31\x31"
  "\x65\x2d\x30\x31\x20\x2b\x20\x5f\x5f\x75\x5f\x77\x20\x2a\x20\x28\x39\x2e\x30\x39"
  "\x30\x38\x38\x37\x31\x33\x33\x34\x33\x36\x35\x30\x36\x35\x36\x31\x39\x36\x65\x2d"
  "\x30\x32\x0a\x20\x20\x20\x20\x20\x20\x20\x20\x20\x2b\x20\x5f\x5f\x75\x5f\x77\x20"
  "\x2a\x20\x28\x36\x2e\x36\x36\x31\x30\x37\x33\x31\x33\x37\x33\x38\x37\x35\x33\x31"
  "\x32\x30\x36\x36\x39\x65\x2d\x30\x32\x20\x2b\x20\x5f\x5f\x75\x5f\x77\x20\x2a\x20"
  "\x28\x34\x2e\x39\x37\x36\x38\x37\x37\x39\x39\x34\x36\x31\x35\x39\x33\x32\x33\x36"
  "\x30\x31\x37\x65\x2d\x30\x32\x20\x2b\x20\x5f\x5f\x75\x5f\x77\x20\x2a\x20\x31\x2e"
  "\x36\x32\x38\x35\x38\x32\x30\x31\x31\x35\x33\x36\x35\x37\x38\x32\x33\x36\x32\x33"
  "\x65\x2d\x30\x32\x29\x29\x29\x29\x29\x3b\x0a\x20\x20\x20\x20\x5f\x5f\x75\x5f\x73"
  "\x32\x20\x3d\x20\x5f\x5f\x75\x5f\x77\x20\x2a\x20\x28\x30\x20\x2d\x20\x31\x2e\x39"
  "\x39\x39\x39\x39\x39\x39\x39\x39\x39\x38\x37\x36\x34\x38\x33\x32\x34\x37\x36\x65"
  "\x2d\x30\x31\x20\x2b\x20\x5f\x5f\x75\x5f\x77\x20\x2a\x20\x28\x30\x20\x2d\x20\x31"
  "\x2e\x31\x31\x31\x31\x31\x31\x30\x34\x30\x35\x34\x36\x32\x33\x35\x35\x37\x38\x38"
  "\x30\x65\x2d\x30\x31\x20\x2b\x20\x5f\x5f\x75\x5f\x77\x20\x2a\x20\x28\x30\x20\x2d"
  "\x20\x37\x2e\x36\x39\x31\x38\x37\x36\x32\x30\x35\x30\x34\x34\x38\x32\x39\x39\x39"
  "\x34\x39\x35\x65\x2d\x30\x32\x0a\x20\x20\x20\x20\x20\x20\x20\x20\x20\x2b\x20\x5f"
  "\x5f\x75\x5f\x77\x20\x2a\x20\x28\x30\x20\x2d\x20\x35\x2e\x38\x33\x33\x35\x37\x30"
  "\x31\x33\x33\x37\x39\x30\x35\x37\x33\x34\x38\x36\x34\x35\x65\x2d\x30\x32\x20\x2b"
  "\x20\x5f\x5f\x75\x5f\x77\x20\x2a\x20\x28\x30\x20\x2d\x20\x33\x2e\x36\x35\x33\x31"
  "\x35\x37\x32\x37\x34\x34\x32\x31\x36\x39\x31\x35\x35\x32\x37\x30\x65\x2d\x30\x32"
  "\x29\x29\x29\x29\x29\x3b\x0a\x20\x20\x20\x20\x69\x66\x20\x28\x5f\x5f\x75\x5f\x69"
  "\x64\x20\x3c\x20\x30\x29\x20\x72\x65\x74\x75\x72\x6e\x20\x5f\x5f\x75\x5f\x78\x20"
  "\x2d\x20\x5f\x5f\x75\x5f\x78\x20\x2a\x20\x28\x5f\x5f\x75\x5f\x73\x31\x20\x2b\x20"
  "\x5f\x5f\x75\x5f\x73\x32\x29\x3b\x0a\x20\x20\x20\x20\x69\x66\x20\x28\x5f\x5f\x75"
  "\x5f\x69\x64\x20\x3d\x3d\x20\x30\x29\x20\x7b\x20\x5f\x5f\x75\x5f\x68\x69\x20\x3d"
  "\x20\x34\x2e\x36\x33\x36\x34\x37\x36\x30\x39\x30\x30\x30\x38\x30\x36\x30\x39\x33"
  "\x35\x31\x35\x65\x2d\x30\x31\x3b\x20\x5f\x5f\x75\x5f\x6c\x6f\x20\x3d\x20\x32\x2e"
  "\x32\x36\x39\x38\x37\x37\x37\x34\x35\x32\x39\x36\x31\x36\x38\x37\x30\x39\x32\x34"
  "\x65\x2d\x31\x37\x3b\x20\x7d\x0a\x20\x20\x20\x20\x69\x66\x20\x28\x5f\x5f\x75\x5f"
  "\x69\x64\x20\x3d\x3d\x20\x31\x29\x20\x7b\x20\x5f\x5f\x75\x5f\x68\x69\x20\x3d\x20"
  "\x37\x2e\x38\x35\x33\x39\x38\x31\x36\x33\x33\x39\x37\x34\x34\x38\x32\x37\x38\x39"
  "\x39\x39\x65\x2d\x30\x31\x3b\x20\x5f\x5f\x75\x5f\x6c\x6f\x20\x3d\x20\x33\x2e\x30"
  "\x36\x31\x36\x31\x36\x39\x39\x37\x38\x36\x38\x33\x38\x33\x30\x31\x37\x39\x33\x65"
  "\x2d\x31\x37\x3b\x20\x7d\x0a\x20\x20\x20\x20\x69\x66\x20\x28\x5f\x5f\x75\x5f\x69"
  "\x64\x20\x3d\x3d\x20\x32\x29\x20\x7b\x20\x5f\x5f\x75\x5f\x68\x69\x20\x3d\x20\x39"
  "\x2e\x38\x32\x37\x39\x33\x37\x32\x33\x32\x34\x37\x33\x32\x39\x30\x35\x34\x30\x38"
  "\x32\x65\x2d\x30\x31\x3b\x20\x5f\x5f\x75\x5f\x6c\x6f\x20\x3d\x20\x31\x2e\x33\x39"
  "\x30\x33\x33\x31\x31\x30\x33\x31\x32\x33\x30\x39\x39\x38\x34\x35\x31\x36\x65\x2d"
  "\x31\x37\x3b\x20\x7d\x0a\x20\x20\x20\x20\x69\x66\x20\x28\x5f\x5f\x75\x5f\x69\x64"
  "\x20\x3d\x3d\x20\x33\x29\x20\x7b\x20\x5f\x5f\x75\x5f\x68\x69\x20\x3d\x20\x31\x2e"
  "\x35\x37\x30\x37\x39\x36\x33\x32\x36\x37\x39\x34\x38\x39\x36\x35\x35\x38\x30\x30"
  "\x65\x2b\x30\x30\x3b\x20\x5f\x5f\x75\x5f\x6c\x6f\x20\x3d\x20\x36\x2e\x31\x32\x33"
  "\x32\x33\x33\x39\x39\x35\x37\x33\x36\x37\x36\x36\x30\x33\x35\x38\x37\x65\x2d\x31"
  "\x37\x3b\x20\x7d\x0a\x20\x20\x20\x20\x5f\x5f\x75\x5f\x7a\x20\x3d\x20\x5f\x5f\x75"
  "\x5f\x68\x69\x20\x2d\x20\x28\x28\x5f\x5f\x75\x5f\x78\x20\x2a\x20\x28\x5f\x5f\x75"
  "\x5f\x73\x31\x20\x2b\x20\x5f\x5f\x75\x5f\x73\x32\x29\x20\x2d\x20\x5f\x5f\x75\x5f"
  "\x6c\x6f\x29\x20\x2d\x20\x5f\x5f\x75\x5f\x78\x29\x3b\x0a\x20\x20\x20\x20\x72\x65"
  "\x74\x75\x72\x6e\x20\x5f\x5f\x75\x5f\x68\x78\x20\x3c\x20\x30\x20\x3f\x20\x30\x20"
  "\x2d\x20\x5f\x5f\x75\x5f\x7a\x20\x3a\x20\x5f\x5f\x75\x5f\x7a\x3b\x0a\x7d\x0a\x23"
  "\x65\x6e\x64\x69\x66\x0a\x23\x69\x66\x20\x21\x5f\x5f\x55\x4e\x49\x53\x41\x5f\x46"
  "\x54\x52\x49\x4d\x5f\x4c\x49\x42\x43\x20\x7c\x7c\x20\x5f\x5f\x55\x4e\x5f\x61\x74"
  "\x61\x6e\x32\x0a\x73\x74\x61\x74\x69\x63\x20\x64\x6f\x75\x62\x6c\x65\x20\x61\x74"
  "\x61\x6e\x32\x28\x64\x6f\x75\x62\x6c\x65\x20\x5f\x5f\x75\x5f\x79\x2c\x20\x64\x6f"
  "\x75\x62\x6c\x65\x20\x5f\x5f\x75\x5f\x78\x29\x20\x7b\x0a\x20\x20\x20\x20\x64\x6f"
  "\x75\x62\x6c\x65\x20\x5f\x5f\x75\x5f\x7a\x3b\x0a\x20\x20\x20\x20\x69\x66\x20\x28"
  "\x5f\x5f\x75\x5f\x78\x20\x21\x3d\x20\x5f\x5f\x75\x5f\x78\x20\x7c\x7c\x20\x5f\x5f"
  "\x75\x5f\x79\x20\x21\x3d\x20\x5f\x5f\x75\x5f\x79\x29\x20\x72\x65\x74\x75\x72\x6e"
  "\x20\x5f\x5f\x75\x5f\x78\x20\x2b\x20\x5f\x5f\x75\x5f\x79\x3b\x0a\x20\x20\x20\x20"
  "\x69\x66\x20\x28\x5f\x5f\x75\x5f\x78\x20\x3d\x3d\x20\x31\x2e\x30\x29\x20\x72\x65"
  "\x74\x75\x72\x6e\x20\x61\x74\x61\x6e\x28\x5f\x5f\x75\x5f\x79\x29\x3b\x0a\x20\x20"
  "\x20\x20\x69\x66\x20\x28\x5f\x5f\x75\x5f\x79\x20\x3d\x3d\x20\x30\x2e\x30\x29\x20"
  "\x7b\x0a\x20\x20\x20\x20\x20\x20\x20\x20\x69\x66\x20\x28\x73\x69\x67\x6e\x62\x69"
  "\x74\x28\x5f\x5f\x75\x5f\x78\x29\x29\x20\x72\x65\x74\x75\x72\x6e\x20\x73\x69\x67"
  "\x6e\x62\x69\x74\x28\x5f\x5f\x75\x5f\x79\x29\x20\x3f\x20\x30\x20\x2d\x20\x33\x2e"
  "\x31\x34\x31\x35\x39\x32\x36\x35\x33\x35\x38\x39\x37\x39\x33\x31\x31\x36\x30\x30"
  "\x65\x2b\x30\x30\x20\x3a\x20\x33\x2e\x31\x34\x31\x35\x39\x32\x36\x35\x33\x35\x38"
  "\x39\x37\x39\x33\x31\x31\x36\x30\x30\x65\x2b\x30\x30\x3b\x0a\x20\x20\x20\x20\x20"
  "\x20\x20\x20\x72\x65\x74\x75\x72\x6e\x20\x5f\x5f\x75\x5f\x79\x3b\x0a\x20\x20\x20"
  "\x20\x7d\x0a\x20\x20\x20\x20\x69\x66\x20\x28\x5f\x5f\x75\x5f\x78\x20\x3d\x3d\x20"
  "\x30\x2e\x30\x29\x20\x72\x65\x74\x75\x72\x6e\x20\x5f\x5f\x75\x5f\x79\x20\x3e\x20"
  "\x30\x20\x3f\x20\x31\x2e\x35\x37\x30\x37\x39\x36\x33\x32\x36\x37\x39\x34\x38\x39"
  "\x36\x35\x35\x38\x30\x30\x65\x2b\x30\x30\x20\x3a\x20\x30\x20\x2d\x20\x31\x2e\x35"
  "\x37\x30\x37\x39\x36\x33\x32\x36\x37\x39\x34\x38\x39\x36\x35\x35\x38\x30\x30\x65"
  "\x2b\x30\x30\x3b\x0a\x20\x20\x20\x20\x69\x66\x20\x28\x69\x73\x69\x6e\x66\x28\x5f"
  "\x5f\x75\x5f\x78\x29\x29\x20\x7b\x0a\x20\x20\x20\x20\x20\x20\x20\x20\x69\x66\x20"
  "\x28\x69\x73\x69\x6e\x66\x28\x5f\x5f\x75\x5f\x79\x29\x29\x20\x7b\x0a\x20\x20\x20"
  "\x20\x20\x20\x20\x20\x20\x20\x20\x20\x69\x66\x20\x28\x5f\x5f\x75\x5f\x78\x20\x3e"
  "\x20\x30\x29\x20\x72\x65\x74\x75\x72\x6e\x20\x5f\x5f\x75\x5f\x79\x20\x3e\x20\x30"
  "\x20\x3f\x20\x37\x2e\x38\x35\x33\x39\x38\x31\x36\x33\x33\x39\x37\x34\x34\x38\x32"
  "\x37\x38\x39\x39\x39\x65\x2d\x30\x31\x20\x3a\x20\x30\x20\x2d\x20\x37\x2e\x38\x35"
  "\x33\x39\x38\x31\x36\x33\x33\x39\x37\x34\x34\x38\x32\x37\x38\x39\x39\x39\x65\x2d"
  "\x30\x31\x3b\x0a\x20\x20\x20\x20\x20\x20\x20\x20\x20\x20\x20\x20\x72\x65\x74\x75"
  "\x72\x6e\x20\x5f\x5f\x75\x5f\x79\x20\x3e\x20\x30\x20\x3f\x20\x32\x2e\x33\x35\x36"
  "\x31\x39\x34\x34\x39\x30\x31\x39\x32\x33\x34\x34\x39\x32\x38\x38\x35\x65\x2b\x30"
  "\x30\x20\x3a\x20\x30\x20\x2d\x20\x32\x2e\x33\x35\x36\x31\x39\x34\x34\x39\x30\x31"
  "\x39\x32\x33\x34\x34\x39\x32\x38\x38\x35\x65\x2b\x30\x30\x3b\x0a\x20\x20\x20\x20"
  "\x20\x20\x20\x20\x7d\x0a\x20\x20\x20\x20\x20\x20\x20\x20\x69\x66\x20\x28\x5f\x5f"
  "\x75\x5f\x78\x20\x3e\x20\x30\x29\x20\x72\x65\x74\x75\x72\x6e\x20\x63\x6f\x70\x79"
  "\x73\x69\x67\x6e\x28\x30\x2e\x30\x2c\x20\x5f\x5f\x75\x5f\x79\x29\x3b\x0a\x20\x20"
  "\x20\x20\x20\x20\x20\x20\x72\x65\x74\x75\x72\x6e\x20\x5f\x5f\x75\x5f\x79\x20\x3e"
  "\x20\x30\x20\x3f\x20\x33\x2e\x31\x34\x31\x35\x39\x32\x36\x35\x33\x35\x38\x39\x37"
  "\x39\x33\x31\x31\x36\x30\x30\x65\x2b\x30\x30\x20\x3a\x20\x30\x20\x2d\x20\x33\x2e"
  "\x31\x34\x31\x35\x39\x32\x36\x35\x33\x35\x38\x39\x37\x39\x33\x31\x31\x36\x30\x30"
  "\x65\x2b\x30\x30\x3b\x0a\x20\x20\x20\x20\x7d\x0a\x20\x20\x20\x20\x69\x66\x20\x28"
  "\x69\x73\x69\x6e\x66\x28\x5f\x5f\x75\x5f\x79\x29\x29\x20\x72\x65\x74\x75\x72\x6e"
  "\x20\x5f\x5f\x75\x5f\x79\x20\x3e\x20\x30\x20\x3f\x20\x31\x2e\x35\x37\x30\x37\x39"
  "\x36\x33\x32\x36\x37\x39\x34\x38\x39\x36\x35\x35\x38\x30\x30\x65\x2b\x30\x30\x20"
  "\x3a\x20\x30\x20\x2d\x20\x31\x2e\x35\x37\x30\x37\x39\x36\x33\x32\x36\x37\x39\x34"
  "\x38\x39\x36\x35\x35\x38\x30\x30\x65\x2b\x30\x30\x3b\x0a\x20\x20\x20\x20\x5f\x5f"
  "\x75\x5f\x7a\x20\x3d\x20\x61\x74\x61\x6e\x28\x66\x61\x62\x73\x28\x5f\x5f\x75\x5f"
  "\x79\x20\x2f\x20\x5f\x5f\x75\x5f\x78\x29\x29\x3b\x0a\x20\x20\x20\x20\x69\x66\x20"
  "\x28\x5f\x5f\x75\x5f\x78\x20\x3e\x20\x30\x29\x20\x72\x65\x74\x75\x72\x6e\x20\x5f"
  "\x5f\x75\x5f\x79\x20\x3e\x20\x30\x20\x3f\x20\x5f\x5f\x75\x5f\x7a\x20\x3a\x20\x30"
  "\x20\x2d\x20\x5f\x5f\x75\x5f\x7a\x3b\x0a\x20\x20\x20\x20\x5f\x5f\x75\x5f\x7a\x20"
  "\x3d\x20\x33\x2e\x31\x34\x31\x35\x39\x32\x36\x35\x33\x35\x38\x39\x37\x39\x33\x31"
  "\x31\x36\x30\x30\x65\x2b\x30\x30\x20\x2d\x20\x28\x5f\x5f\x75\x5f\x7a\x20\x2d\x20"
  "\x31\x2e\x32\x32\x34\x36\x34\x36\x37\x39\x39\x31\x34\x37\x33\x35\x33\x31\x37\x37"
  "\x32\x30\x65\x2d\x31\x36\x29\x3b\x0a\x20\x20\x20\x20\x72\x65\x74\x75\x72\x6e\x20"
  "\x5f\x5f\x75\x5f\x79\x20\x3e\x20\x30\x20\x3f\x20\x5f\x5f\x75\x5f\x7a\x20\x3a\x20"
  "\x30\x20\x2d\x20\x5f\x5f\x75\x5f\x7a\x3b\x0a\x7d\x0a\x23\x65\x6e\x64\x69\x66\x0a"
  "\x23\x69\x66\x20\x21\x5f\x5f\x55\x4e\x49\x53\x41\x5f\x46\x54\x52\x49\x4d\x5f\x4c"
  "\x49\x42\x43\x20\x7c\x7c\x20\x5f\x5f\x55\x4e\x5f\x61\x73\x69\x6e\x0a\x73\x74\x61"
  "\x74\x69\x63\x20\x64\x6f\x75\x62\x6c\x65\x20\x61\x73\x69\x6e\x28\x64\x6f\x75\x62"
  "\x6c\x65\x20\x5f\x5f\x75\x5f\x78\x29\x20\x7b\x0a\x20\x20\x20\x20\x69\x66\x20\x28"
  "\x5f\x5f\x75\x5f\x78\x20\x3e\x20\x31\x2e\x30\x20\x7c\x7c\x20\x5f\x5f\x75\x5f\x78"
  "\x20\x3c\x20\x30\x20\x2d\x20\x31\x2e\x30\x29\x20\x72\x65\x74\x75\x72\x6e\x20\x28"
  "\x5f\x5f\x75\x5f\x78\x20\x2d\x20\x5f\x5f\x75\x5f\x78\x29\x20\x2f\x20\x28\x5f\x5f"
  "\x75\x5f\x78\x20\x2d\x20\x5f\x5f\x75\x5f\x78\x29\x3b\x0a\x20\x20\x20\x20\x72\x65"
  "\x74\x75\x72\x6e\x20\x61\x74\x61\x6e\x32\x28\x5f\x5f\x75\x5f\x78\x2c\x20\x73\x71"
  "\x72\x74\x28\x28\x31\x2e\x30\x20\x2d\x20\x5f\x5f\x75\x5f\x78\x29\x20\x2a\x20\x28"
  "\x31\x2e\x30\x20\x2b\x20\x5f\x5f\x75\x5f\x78\x29\x29\x29\x3b\x0a\x7d\x0a\x23\x65"
  "\x6e\x64\x69\x66\x0a\x23\x69\x66\x20\x21\x5f\x5f\x55\x4e\x49\x53\x41\x5f\x46\x54"
  "\x52\x49\x4d\x5f\x4c\x49\x42\x43\x20\x7c\x7c\x20\x5f\x5f\x55\x4e\x5f\x61\x63\x6f"
  "\x73\x0a\x73\x74\x61\x74\x69\x63\x20\x64\x6f\x75\x62\x6c\x65\x20\x61\x63\x6f\x73"
  "\x28\x64\x6f\x75\x62\x6c\x65\x20\x5f\x5f\x75\x5f\x78\x29\x20\x7b\x0a\x20\x20\x20"
  "\x20\x69\x66\x20\x28\x5f\x5f\x75\x5f\x78\x20\x3e\x20\x31\x2e\x30\x20\x7c\x7c\x20"
  "\x5f\x5f\x75\x5f\x78\x20\x3c\x20\x30\x20\x2d\x20\x31\x2e\x30\x29\x20\x72\x65\x74"
  "\x75\x72\x6e\x20\x28\x5f\x5f\x75\x5f\x78\x20\x2d\x20\x5f\x5f\x75\x5f\x78\x29\x20"
  "\x2f\x20\x28\x5f\x5f\x75\x5f\x78\x20\x2d\x20\x5f\x5f\x75\x5f\x78\x29\x3b\x0a\x20"
  "\x20\x20\x20\x72\x65\x74\x75\x72\x6e\x20\x61\x74\x61\x6e\x32\x28\x73\x71\x72\x74"
  "\x28\x28\x31\x2e\x30\x20\x2d\x20\x5f\x5f\x75\x5f\x78\x29\x20\x2a\x20\x28\x31\x2e"
  "\x30\x20\x2b\x20\x5f\x5f\x75\x5f\x78\x29\x29\x2c\x20\x5f\x5f\x75\x5f\x78\x29\x3b"
  "\x0a\x7d\x0a\x23\x65\x6e\x64\x69\x66\x0a\x23\x69\x66\x20\x21\x5f\x5f\x55\x4e\x49"
  "\x53\x41\x5f\x46\x54\x52\x49\x4d\x5f\x4c\x49\x42\x43\x20\x7c\x7c\x20\x5f\x5f\x55"
  "\x4e\x5f\x61\x74\x61\x6e\x66\x0a\x73\x74\x61\x74\x69\x63\x20\x66\x6c\x6f\x61\x74"
  "\x20\x61\x74\x61\x6e\x66\x28\x66\x6c\x6f\x61\x74\x20\x5f\x5f\x75\x5f\x78\x29\x20"
  "\x7b\x20\x72\x65\x74\x75\x72\x6e\x20\x28\x66\x6c\x6f\x61\x74\x29\x61\x74\x61\x6e"
  "\x28\x28\x64\x6f\x75\x62\x6c\x65\x29\x5f\x5f\x75\x5f\x78\x29\x3b\x20\x7d\x0a\x23"
  "\x65\x6e\x64\x69\x66\x0a\x23\x69\x66\x20\x21\x5f\x5f\x55\x4e\x49\x53\x41\x5f\x46"
  "\x54\x52\x49\x4d\x5f\x4c\x49\x42\x43\x20\x7c\x7c\x20\x5f\x5f\x55\x4e\x5f\x61\x74"
  "\x61\x6e\x32\x66\x0a\x73\x74\x61\x74\x69\x63\x20\x66\x6c\x6f\x61\x74\x20\x61\x74"
  "\x61\x6e\x32\x66\x28\x66\x6c\x6f\x61\x74\x20\x5f\x5f\x75\x5f\x79\x2c\x20\x66\x6c"
  "\x6f\x61\x74\x20\x5f\x5f\x75\x5f\x78\x29\x20\x7b\x20\x72\x65\x74\x75\x72\x6e\x20"
  "\x28\x66\x6c\x6f\x61\x74\x29\x61\x74\x61\x6e\x32\x28\x28\x64\x6f\x75\x62\x6c\x65"
  "\x29\x5f\x5f\x75\x5f\x79\x2c\x20\x28\x64\x6f\x75\x62\x6c\x65\x29\x5f\x5f\x75\x5f"
  "\x78\x29\x3b\x20\x7d\x0a\x23\x65\x6e\x64\x69\x66\x0a\x0a\x2f\x2a\x20\x2d\x2d\x2d"
  "\x2d\x20\x65\x78\x70\x6d\x31\x2c\x20\x73\x69\x6e\x68\x2c\x20\x63\x6f\x73\x68\x2c"
  "\x20\x74\x61\x6e\x68\x20\x28\x66\x64\x6c\x69\x62\x6d\x20\x73\x5f\x65\x78\x70\x6d"
  "\x31\x2e\x63\x2c\x20\x65\x5f\x73\x69\x6e\x68\x2e\x63\x2c\x20\x65\x5f\x63\x6f\x73"
  "\x68\x2e\x63\x2c\x0a\x20\x2a\x20\x20\x20\x20\x20\x20\x73\x5f\x74\x61\x6e\x68\x2e"
  "\x63\x29\x20\x2d\x2d\x2d\x2d\x2d\x2d\x2d\x2d\x2d\x2d\x2d\x2d\x2d\x2d\x2d\x2d\x2d"
  "\x2d\x2d\x2d\x2d\x2d\x2d\x2d\x2d\x2d\x2d\x2d\x2d\x2d\x2d\x2d\x2d\x2d\x2d\x2d\x2d"
  "\x2d\x2d\x2d\x2d\x2d\x2d\x2d\x2d\x2d\x2d\x2d\x2d\x2d\x2d\x2d\x2d\x2d\x2d\x2d\x20"
  "\x2a\x2f\x0a\x23\x69\x66\x20\x21\x5f\x5f\x55\x4e\x49\x53\x41\x5f\x46\x54\x52\x49"
  "\x4d\x5f\x4c\x49\x42\x43\x20\x7c\x7c\x20\x5f\x5f\x55\x4e\x5f\x65\x78\x70\x6d\x31"
  "\x0a\x73\x74\x61\x74\x69\x63\x20\x64\x6f\x75\x62\x6c\x65\x20\x65\x78\x70\x6d\x31"
  "\x28\x64\x6f\x75\x62\x6c\x65\x20\x5f\x5f\x75\x5f\x78\x29\x20\x7b\x0a\x20\x20\x20"
  "\x20\x64\x6f\x75\x62\x6c\x65\x20\x5f\x5f\x75\x5f\x79\x3b\x20\x64\x6f\x75\x62\x6c"
  "\x65\x20\x5f\x5f\x75\x5f\x68\x69\x3b\x20\x64\x6f\x75\x62\x6c\x65\x20\x5f\x5f\x75"
  "\x5f\x6c\x6f\x3b\x20\x64\x6f\x75\x62\x6c\x65\x20\x5f\x5f\x75\x5f\x63\x3b\x20\x64"
  "\x6f\x75\x62\x6c\x65\x20\x5f\x5f\x75\x5f\x74\x3b\x20\x64\x6f\x75\x62\x6c\x65\x20"
  "\x5f\x5f\x75\x5f\x65\x3b\x20\x64\x6f\x75\x62\x6c\x65\x20\x5f\x5f\x75\x5f\x68\x78"
  "\x73\x3b\x0a\x20\x20\x20\x20\x64\x6f\x75\x62\x6c\x65\x20\x5f\x5f\x75\x5f\x68\x66"
  "\x78\x3b\x20\x64\x6f\x75\x62\x6c\x65\x20\x5f\x5f\x75\x5f\x72\x31\x3b\x0a\x20\x20"
  "\x20\x20\x69\x6e\x74\x20\x5f\x5f\x75\x5f\x6b\x3b\x20\x69\x6e\x74\x20\x5f\x5f\x75"
  "\x5f\x78\x73\x62\x3b\x0a\x20\x20\x20\x20\x75\x6e\x73\x69\x67\x6e\x65\x64\x20\x69"
  "\x6e\x74\x20\x5f\x5f\x75\x5f\x68\x78\x3b\x0a\x20\x20\x20\x20\x5f\x5f\x75\x5f\x63"
  "\x20\x3d\x20\x30\x2e\x30\x3b\x0a\x20\x20\x20\x20\x5f\x5f\x75\x5f\x68\x78\x20\x3d"
  "\x20\x5f\x6d\x5f\x68\x69\x28\x5f\x5f\x75\x5f\x78\x29\x3b\x0a\x20\x20\x20\x20\x5f"
  "\x5f\x75\x5f\x78\x73\x62\x20\x3d\x20\x5f\x5f\x75\x5f\x68\x78\x20\x26\x20\x32\x31"
  "\x34\x37\x34\x38\x33\x36\x34\x38\x3b\x0a\x20\x20\x20\x20\x69\x66\x20\x28\x5f\x5f"
  "\x75\x5f\x78\x73\x62\x20\x3d\x3d\x20\x30\x29\x20\x5f\x5f\x75\x5f\x79\x20\x3d\x20"
  "\x5f\x5f\x75\x5f\x78\x3b\x20\x65\x6c\x73\x65\x20\x5f\x5f\x75\x5f\x79\x20\x3d\x20"
  "\x30\x20\x2d\x20\x5f\x5f\x75\x5f\x78\x3b\x0a\x20\x20\x20\x20\x5f\x5f\x75\x5f\x68"
  "\x78\x20\x3d\x20\x5f\x5f\x75\x5f\x68\x78\x20\x26\x20\x32\x31\x34\x37\x34\x38\x33"
  "\x36\x34\x37\x3b\x0a\x20\x20\x20\x20\x69\x66\x20\x28\x5f\x5f\x75\x5f\x68\x78\x20"
  "\x3e\x3d\x20\x31\x30\x37\x38\x31\x35\x39\x34\x38\x32\x29\x20\x7b\x20\x20\x20\x20"
  "\x20\x20\x20\x20\x20\x20\x20\x20\x20\x20\x20\x20\x20\x20\x20\x20\x20\x20\x20\x20"
  "\x20\x20\x20\x20\x20\x20\x20\x20\x20\x2f\x2a\x20\x7c\x78\x7c\x20\x3e\x3d\x20\x35"
  "\x36\x20\x6c\x6e\x32\x20\x2a\x2f\x0a\x20\x20\x20\x20\x20\x20\x20\x20\x69\x66\x20"
  "\x28\x5f\x5f\x75\x5f\x68\x78\x20\x3e\x3d\x20\x31\x30\x38\x32\x35\x33\x35\x34\x39"
  "\x30\x29\x20\x7b\x20\x20\x20\x20\x20\x20\x20\x20\x20\x20\x20\x20\x20\x20\x20\x20"
  "\x20\x20\x20\x20\x20\x20\x20\x20\x20\x20\x20\x20\x20\x2f\x2a\x20\x7c\x78\x7c\x20"
  "\x3e\x3d\x20\x37\x30\x39\x2e\x37\x38\x20\x2a\x2f\x0a\x20\x20\x20\x20\x20\x20\x20"
  "\x20\x20\x20\x20\x20\x69\x66\x20\x28\x5f\x5f\x75\x5f\x68\x78\x20\x3e\x3d\x20\x32"
  "\x31\x34\x36\x34\x33\x35\x30\x37\x32\x29\x20\x7b\x0a\x20\x20\x20\x20\x20\x20\x20"
  "\x20\x20\x20\x20\x20\x20\x20\x20\x20\x69\x66\x20\x28\x28\x28\x5f\x5f\x75\x5f\x68"
  "\x78\x20\x26\x20\x31\x30\x34\x38\x35\x37\x35\x29\x20\x7c\x20\x5f\x6d\x5f\x6c\x6f"
  "\x28\x5f\x5f\x75\x5f\x78\x29\x29\x20\x21\x3d\x20\x30\x29\x20\x72\x65\x74\x75\x72"
  "\x6e\x20\x5f\x5f\x75\x5f\x78\x20\x2b\x20\x5f\x5f\x75\x5f\x78\x3b\x0a\x20\x20\x20"
  "\x20\x20\x20\x20\x20\x20\x20\x20\x20\x20\x20\x20\x20\x72\x65\x74\x75\x72\x6e\x20"
  "\x5f\x5f\x75\x5f\x78\x73\x62\x20\x3d\x3d\x20\x30\x20\x3f\x20\x5f\x5f\x75\x5f\x78"
  "\x20\x3a\x20\x30\x20\x2d\x20\x31\x2e\x30\x3b\x0a\x20\x20\x20\x20\x20\x20\x20\x20"
  "\x20\x20\x20\x20\x7d\x0a\x20\x20\x20\x20\x20\x20\x20\x20\x20\x20\x20\x20\x69\x66"
  "\x20\x28\x5f\x5f\x75\x5f\x78\x20\x3e\x20\x37\x2e\x30\x39\x37\x38\x32\x37\x31\x32"
  "\x38\x39\x33\x33\x38\x33\x39\x37\x33\x30\x39\x36\x65\x2b\x30\x32\x29\x20\x72\x65"
  "\x74\x75\x72\x6e\x20\x31\x2e\x30\x65\x33\x30\x30\x20\x2a\x20\x31\x2e\x30\x65\x33"
  "\x30\x30\x3b\x0a\x20\x20\x20\x20\x20\x20\x20\x20\x7d\x0a\x20\x20\x20\x20\x20\x20"
  "\x20\x20\x69\x66\x20\x28\x5f\x5f\x75\x5f\x78\x73\x62\x20\x21\x3d\x20\x30\x29\x20"
  "\x7b\x20\x69\x66\x20\x28\x5f\x5f\x75\x5f\x78\x20\x2b\x20\x31\x2e\x30\x65\x2d\x33"
  "\x30\x30\x20\x3c\x20\x30\x2e\x30\x29\x20\x72\x65\x74\x75\x72\x6e\x20\x31\x2e\x30"
  "\x65\x2d\x33\x30\x30\x20\x2d\x20\x31\x2e\x30\x3b\x20\x7d\x0a\x20\x20\x20\x20\x7d"
  "\x0a\x20\x20\x20\x20\x69\x66\x20\x28\x5f\x5f\x75\x5f\x68\x78\x20\x3e\x20\x31\x30"
  "\x37\x31\x30\x30\x31\x31\x35\x34\x29\x20\x7b\x20\x20\x20\x20\x20\x20\x20\x20\x20"
  "\x20\x20\x20\x20\x20\x20\x20\x20\x20\x20\x20\x20\x20\x20\x20\x20\x20\x20\x20\x20"
  "\x20\x20\x20\x20\x20\x2f\x2a\x20\x7c\x78\x7c\x20\x3e\x20\x30\x2e\x35\x20\x6c\x6e"
  "\x32\x20\x2a\x2f\x0a\x20\x20\x20\x20\x20\x20\x20\x20\x69\x66\x20\x28\x5f\x5f\x75"
  "\x5f\x68\x78\x20\x3c\x20\x31\x30\x37\x32\x37\x33\x34\x38\x39\x38\x29\x20\x7b\x20"
  "\x20\x20\x20\x20\x20\x20\x20\x20\x20\x20\x20\x20\x20\x20\x20\x20\x20\x20\x20\x20"
  "\x20\x20\x20\x20\x20\x20\x20\x20\x20\x2f\x2a\x20\x7c\x78\x7c\x20\x3c\x20\x31\x2e"
  "\x35\x20\x6c\x6e\x32\x20\x2a\x2f\x0a\x20\x20\x20\x20\x20\x20\x20\x20\x20\x20\x20"
  "\x20\x69\x66\x20\x28\x5f\x5f\x75\x5f\x78\x73\x62\x20\x3d\x3d\x20\x30\x29\x20\x7b"
  "\x20\x5f\x5f\x75\x5f\x68\x69\x20\x3d\x20\x5f\x5f\x75\x5f\x78\x20\x2d\x20\x36\x2e"
  "\x39\x33\x31\x34\x37\x31\x38\x30\x33\x36\x39\x31\x32\x33\x38\x31\x36\x34\x39\x30"
  "\x65\x2d\x30\x31\x3b\x20\x5f\x5f\x75\x5f\x6c\x6f\x20\x3d\x20\x31\x2e\x39\x30\x38"
  "\x32\x31\x34\x39\x32\x39\x32\x37\x30\x35\x38\x37\x37\x30\x30\x30\x32\x65\x2d\x31"
  "\x30\x3b\x20\x5f\x5f\x75\x5f\x6b\x20\x3d\x20\x31\x3b\x20\x7d\x0a\x20\x20\x20\x20"
  "\x20\x20\x20\x20\x20\x20\x20\x20\x65\x6c\x73\x65\x20\x7b\x20\x5f\x5f\x75\x5f\x68"
  "\x69\x20\x3d\x20\x5f\x5f\x75\x5f\x78\x20\x2b\x20\x36\x2e\x39\x33\x31\x34\x37\x31"
  "\x38\x30\x33\x36\x39\x31\x32\x33\x38\x31\x36\x34\x39\x30\x65\x2d\x30\x31\x3b\x20"
  "\x5f\x5f\x75\x5f\x6c\x6f\x20\x3d\x20\x30\x20\x2d\x20\x31\x2e\x39\x30\x38\x32\x31"
  "\x34\x39\x32\x39\x32\x37\x30\x35\x38\x37\x37\x30\x30\x30\x32\x65\x2d\x31\x30\x3b"
  "\x20\x5f\x5f\x75\x5f\x6b\x20\x3d\x20\x30\x20\x2d\x20\x31\x3b\x20\x7d\x0a\x20\x20"
  "\x20\x20\x20\x20\x20\x20\x7d\x20\x65\x6c\x73\x65\x20\x7b\x0a\x20\x20\x20\x20\x20"
  "\x20\x20\x20\x20\x20\x20\x20\x5f\x5f\x75\x5f\x6b\x20\x3d\x20\x28\x69\x6e\x74\x29"
  "\x28\x31\x2e\x34\x34\x32\x36\x39\x35\x30\x34\x30\x38\x38\x38\x39\x36\x33\x33\x38"
  "\x37\x30\x30\x65\x2b\x30\x30\x20\x2a\x20\x5f\x5f\x75\x5f\x78\x20\x2b\x20\x28\x5f"
  "\x5f\x75\x5f\x78\x73\x62\x20\x3d\x3d\x20\x30\x20\x3f\x20\x30\x2e\x35\x20\x3a\x20"
  "\x30\x20\x2d\x20\x30\x2e\x35\x29\x29\x3b\x0a\x20\x20\x20\x20\x20\x20\x20\x20\x20"
  "\x20\x20\x20\x5f\x5f\x75\x5f\x74\x20\x3d\x20\x5f\x5f\x75\x5f\x6b\x3b\x0a\x20\x20"
  "\x20\x20\x20\x20\x20\x20\x20\x20\x20\x20\x5f\x5f\x75\x5f\x68\x69\x20\x3d\x20\x5f"
  "\x5f\x75\x5f\x78\x20\x2d\x20\x5f\x5f\x75\x5f\x74\x20\x2a\x20\x36\x2e\x39\x33\x31"
  "\x34\x37\x31\x38\x30\x33\x36\x39\x31\x32\x33\x38\x31\x36\x34\x39\x30\x65\x2d\x30"
  "\x31\x3b\x0a\x20\x20\x20\x20\x20\x20\x20\x20\x20\x20\x20\x20\x5f\x5f\x75\x5f\x6c"
  "\x6f\x20\x3d\x20\x5f\x5f\x75\x5f\x74\x20\x2a\x20\x31\x2e\x39\x30\x38\x32\x31\x34"
  "\x39\x32\x39\x32\x37\x30\x35\x38\x37\x37\x30\x30\x30\x32\x65\x2d\x31\x30\x3b\x0a"
  "\x20\x20\x20\x20\x20\x20\x20\x20\x7d\x0a\x20\x20\x20\x20\x20\x20\x20\x20\x5f\x5f"
  "\x75\x5f\x78\x20\x3d\x20\x5f\x5f\x75\x5f\x68\x69\x20\x2d\x20\x5f\x5f\x75\x5f\x6c"
  "\x6f\x3b\x0a\x20\x20\x20\x20\x20\x20\x20\x20\x5f\x5f\x75\x5f\x63\x20\x3d\x20\x28"
  "\x5f\x5f\x75\x5f\x68\x69\x20\x2d\x20\x5f\x5f\x75\x5f\x78\x29\x20\x2d\x20\x5f\x5f"
  "\x75\x5f\x6c\x6f\x3b\x0a\x20\x20\x20\x20\x7d\x20\x65\x6c\x73\x65\x20\x7b\x0a\x20"
  "\x20\x20\x20\x20\x20\x20\x20\x69\x66\x20\x28\x5f\x5f\x75\x5f\x68\x78\x20\x3c\x20"
  "\x31\x30\x31\x36\x30\x37\x30\x31\x34\x34\x29\x20\x7b\x20\x20\x20\x20\x20\x20\x20"
  "\x20\x20\x20\x20\x20\x20\x20\x20\x20\x20\x20\x20\x20\x20\x20\x20\x20\x20\x20\x20"
  "\x20\x20\x20\x2f\x2a\x20\x7c\x78\x7c\x20\x3c\x20\x32\x5e\x2d\x35\x34\x20\x2a\x2f"
  "\x0a\x20\x20\x20\x20\x20\x20\x20\x20\x20\x20\x20\x20\x5f\x5f\x75\x5f\x74\x20\x3d"
  "\x20\x31\x2e\x30\x65\x33\x30\x30\x20\x2b\x20\x5f\x5f\x75\x5f\x78\x3b\x0a\x20\x20"
  "\x20\x20\x20\x20\x20\x20\x20\x20\x20\x20\x72\x65\x74\x75\x72\x6e\x20\x5f\x5f\x75"
  "\x5f\x78\x20\x2d\x20\x28\x5f\x5f\x75\x5f\x74\x20\x2d\x20\x28\x31\x2e\x30\x65\x33"
  "\x30\x30\x20\x2b\x20\x5f\x5f\x75\x5f\x78\x29\x29\x3b\x0a\x20\x20\x20\x20\x20\x20"
  "\x20\x20\x7d\x0a\x20\x20\x20\x20\x20\x20\x20\x20\x5f\x5f\x75\x5f\x6b\x20\x3d\x20"
  "\x30\x3b\x0a\x20\x20\x20\x20\x7d\x0a\x20\x20\x20\x20\x5f\x5f\x75\x5f\x68\x66\x78"
  "\x20\x3d\x20\x30\x2e\x35\x20\x2a\x20\x5f\x5f\x75\x5f\x78\x3b\x0a\x20\x20\x20\x20"
  "\x5f\x5f\x75\x5f\x68\x78\x73\x20\x3d\x20\x5f\x5f\x75\x5f\x78\x20\x2a\x20\x5f\x5f"
  "\x75\x5f\x68\x66\x78\x3b\x0a\x20\x20\x20\x20\x5f\x5f\x75\x5f\x72\x31\x20\x3d\x20"
  "\x31\x2e\x30\x20\x2b\x20\x5f\x5f\x75\x5f\x68\x78\x73\x20\x2a\x20\x28\x30\x20\x2d"
  "\x20\x33\x2e\x33\x33\x33\x33\x33\x33\x33\x33\x33\x33\x33\x33\x33\x31\x33\x31\x36"
  "\x34\x32\x38\x65\x2d\x30\x32\x20\x2b\x20\x5f\x5f\x75\x5f\x68\x78\x73\x20\x2a\x20"
  "\x28\x31\x2e\x35\x38\x37\x33\x30\x31\x35\x38\x37\x32\x35\x34\x38\x31\x34\x36\x30"
  "\x31\x36\x35\x65\x2d\x30\x33\x0a\x20\x20\x20\x20\x20\x20\x20\x20\x20\x2b\x20\x5f"
  "\x5f\x75\x5f\x68\x78\x73\x20\x2a\x20\x28\x30\x20\x2d\x20\x37\x2e\x39\x33\x36\x35"
  "\x30\x37\x35\x37\x38\x36\x37\x34\x38\x37\x39\x34\x32\x34\x37\x33\x65\x2d\x30\x35"
  "\x20\x2b\x20\x5f\x5f\x75\x5f\x68\x78\x73\x20\x2a\x20\x28\x34\x2e\x30\x30\x38\x32"
  "\x31\x37\x38\x32\x37\x33\x32\x39\x33\x36\x32\x33\x39\x35\x35\x32\x65\x2d\x30\x36"
  "\x0a\x20\x20\x20\x20\x20\x20\x20\x20\x20\x2b\x20\x5f\x5f\x75\x5f\x68\x78\x73\x20"
  "\x2a\x20\x28\x30\x20\x2d\x20\x32\x2e\x30\x31\x30\x39\x39\x32\x31\x38\x31\x38\x33"
  "\x36\x32\x34\x33\x37\x31\x33\x32\x36\x65\x2d\x30\x37\x29\x29\x29\x29\x29\x3b\x0a"
  "\x20\x20\x20\x20\x5f\x5f\x75\x5f\x74\x20\x3d\x20\x33\x2e\x30\x20\x2d\x20\x5f\x5f"
  "\x75\x5f\x72\x31\x20\x2a\x20\x5f\x5f\x75\x5f\x68\x66\x78\x3b\x0a\x20\x20\x20\x20"
  "\x5f\x5f\x75\x5f\x65\x20\x3d\x20\x5f\x5f\x75\x5f\x68\x78\x73\x20\x2a\x20\x28\x28"
  "\x5f\x5f\x75\x5f\x72\x31\x20\x2d\x20\x5f\x5f\x75\x5f\x74\x29\x20\x2f\x20\x28\x36"
  "\x2e\x30\x20\x2d\x20\x5f\x5f\x75\x5f\x78\x20\x2a\x20\x5f\x5f\x75\x5f\x74\x29\x29"
  "\x3b\x0a\x20\x20\x20\x20\x69\x66\x20\x28\x5f\x5f\x75\x5f\x6b\x20\x3d\x3d\x20\x30"
  "\x29\x20\x72\x65\x74\x75\x72\x6e\x20\x5f\x5f\x75\x5f\x78\x20\x2d\x20\x28\x5f\x5f"
  "\x75\x5f\x78\x20\x2a\x20\x5f\x5f\x75\x5f\x65\x20\x2d\x20\x5f\x5f\x75\x5f\x68\x78"
  "\x73\x29\x3b\x0a\x20\x20\x20\x20\x5f\x5f\x75\x5f\x65\x20\x3d\x20\x28\x5f\x5f\x75"
  "\x5f\x78\x20\x2a\x20\x28\x5f\x5f\x75\x5f\x65\x20\x2d\x20\x5f\x5f\x75\x5f\x63\x29"
  "\x20\x2d\x20\x5f\x5f\x75\x5f\x63\x29\x3b\x0a\x20\x20\x20\x20\x5f\x5f\x75\x5f\x65"
  "\x20\x3d\x20\x5f\x5f\x75\x5f\x65\x20\x2d\x20\x5f\x5f\x75\x5f\x68\x78\x73\x3b\x0a"
  "\x20\x20\x20\x20\x69\x66\x20\x28\x5f\x5f\x75\x5f\x6b\x20\x3d\x3d\x20\x30\x20\x2d"
  "\x20\x31\x29\x20\x72\x65\x74\x75\x72\x6e\x20\x30\x2e\x35\x20\x2a\x20\x28\x5f\x5f"
  "\x75\x5f\x78\x20\x2d\x20\x5f\x5f\x75\x5f\x65\x29\x20\x2d\x20\x30\x2e\x35\x3b\x0a"
  "\x20\x20\x20\x20\x69\x66\x20\x28\x5f\x5f\x75\x5f\x6b\x20\x3d\x3d\x20\x31\x29\x20"
  "\x7b\x0a\x20\x20\x20\x20\x20\x20\x20\x20\x69\x66\x20\x28\x5f\x5f\x75\x5f\x78\x20"
  "\x3c\x20\x30\x20\x2d\x20\x30\x2e\x32\x35\x29\x20\x72\x65\x74\x75\x72\x6e\x20\x30"
  "\x20\x2d\x20\x32\x2e\x30\x20\x2a\x20\x28\x5f\x5f\x75\x5f\x65\x20\x2d\x20\x28\x5f"
  "\x5f\x75\x5f\x78\x20\x2b\x20\x30\x2e\x35\x29\x29\x3b\x0a\x20\x20\x20\x20\x20\x20"
  "\x20\x20\x72\x65\x74\x75\x72\x6e\x20\x31\x2e\x30\x20\x2b\x20\x32\x2e\x30\x20\x2a"
  "\x20\x28\x5f\x5f\x75\x5f\x78\x20\x2d\x20\x5f\x5f\x75\x5f\x65\x29\x3b\x0a\x20\x20"
  "\x20\x20\x7d\x0a\x20\x20\x20\x20\x69\x66\x20\x28\x5f\x5f\x75\x5f\x6b\x20\x3c\x3d"
  "\x20\x30\x20\x2d\x20\x32\x20\x7c\x7c\x20\x5f\x5f\x75\x5f\x6b\x20\x3e\x20\x35\x36"
  "\x29\x20\x7b\x0a\x20\x20\x20\x20\x20\x20\x20\x20\x5f\x5f\x75\x5f\x79\x20\x3d\x20"
  "\x31\x2e\x30\x20\x2d\x20\x28\x5f\x5f\x75\x5f\x65\x20\x2d\x20\x5f\x5f\x75\x5f\x78"
  "\x29\x3b\x0a\x20\x20\x20\x20\x20\x20\x20\x20\x5f\x5f\x75\x5f\x79\x20\x3d\x20\x5f"
  "\x6d\x5f\x73\x65\x74\x68\x69\x28\x5f\x5f\x75\x5f\x79\x2c\x20\x5f\x6d\x5f\x68\x69"
  "\x28\x5f\x5f\x75\x5f\x79\x29\x20\x2b\x20\x28\x5f\x5f\x75\x5f\x6b\x20\x3c\x3c\x20"
  "\x32\x30\x29\x29\x3b\x0a\x20\x20\x20\x20\x20\x20\x20\x20\x72\x65\x74\x75\x72\x6e"
  "\x20\x5f\x5f\x75\x5f\x79\x20\x2d\x20\x31\x2e\x30\x3b\x0a\x20\x20\x20\x20\x7d\x0a"
  "\x20\x20\x20\x20\x5f\x5f\x75\x5f\x74\x20\x3d\x20\x31\x2e\x30\x3b\x0a\x20\x20\x20"
  "\x20\x69\x66\x20\x28\x5f\x5f\x75\x5f\x6b\x20\x3c\x20\x32\x30\x29\x20\x7b\x0a\x20"
  "\x20\x20\x20\x20\x20\x20\x20\x5f\x5f\x75\x5f\x74\x20\x3d\x20\x5f\x6d\x5f\x73\x65"
  "\x74\x68\x69\x28\x5f\x5f\x75\x5f\x74\x2c\x20\x31\x30\x37\x32\x36\x39\x33\x32\x34"
  "\x38\x20\x2d\x20\x28\x32\x30\x39\x37\x31\x35\x32\x20\x3e\x3e\x20\x5f\x5f\x75\x5f"
  "\x6b\x29\x29\x3b\x20\x20\x20\x20\x20\x20\x20\x2f\x2a\x20\x31\x20\x2d\x20\x32\x5e"
  "\x2d\x6b\x20\x2a\x2f\x0a\x20\x20\x20\x20\x20\x20\x20\x20\x5f\x5f\x75\x5f\x79\x20"
  "\x3d\x20\x5f\x5f\x75\x5f\x74\x20\x2d\x20\x28\x5f\x5f\x75\x5f\x65\x20\x2d\x20\x5f"
  "\x5f\x75\x5f\x78\x29\x3b\x0a\x20\x20\x20\x20\x20\x20\x20\x20\x5f\x5f\x75\x5f\x79"
  "\x20\x3d\x20\x5f\x6d\x5f\x73\x65\x74\x68\x69\x28\x5f\x5f\x75\x5f\x79\x2c\x20\x5f"
  "\x6d\x5f\x68\x69\x28\x5f\x5f\x75\x5f\x79\x29\x20\x2b\x20\x28\x5f\x5f\x75\x5f\x6b"
  "\x20\x3c\x3c\x20\x32\x30\x29\x29\x3b\x0a\x20\x20\x20\x20\x7d\x20\x65\x6c\x73\x65"
  "\x20\x7b\x0a\x20\x20\x20\x20\x20\x20\x20\x20\x5f\x5f\x75\x5f\x74\x20\x3d\x20\x5f"
  "\x6d\x5f\x73\x65\x74\x68\x69\x28\x5f\x5f\x75\x5f\x74\x2c\x20\x28\x31\x30\x32\x33"
  "\x20\x2d\x20\x5f\x5f\x75\x5f\x6b\x29\x20\x3c\x3c\x20\x32\x30\x29\x3b\x20\x20\x20"
  "\x20\x20\x20\x20\x20\x20\x20\x20\x20\x20\x20\x20\x20\x20\x20\x2f\x2a\x20\x32\x5e"
  "\x2d\x6b\x20\x2a\x2f\x0a\x20\x20\x20\x20\x20\x20\x20\x20\x5f\x5f\x75\x5f\x79\x20"
  "\x3d\x20\x5f\x5f\x75\x5f\x78\x20\x2d\x20\x28\x5f\x5f\x75\x5f\x65\x20\x2b\x20\x5f"
  "\x5f\x75\x5f\x74\x29\x3b\x0a\x20\x20\x20\x20\x20\x20\x20\x20\x5f\x5f\x75\x5f\x79"
  "\x20\x3d\x20\x5f\x5f\x75\x5f\x79\x20\x2b\x20\x31\x2e\x30\x3b\x0a\x20\x20\x20\x20"
  "\x20\x20\x20\x20\x5f\x5f\x75\x5f\x79\x20\x3d\x20\x5f\x6d\x5f\x73\x65\x74\x68\x69"
  "\x28\x5f\x5f\x75\x5f\x79\x2c\x20\x5f\x6d\x5f\x68\x69\x28\x5f\x5f\x75\x5f\x79\x29"
  "\x20\x2b\x20\x28\x5f\x5f\x75\x5f\x6b\x20\x3c\x3c\x20\x32\x30\x29\x29\x3b\x0a\x20"
  "\x20\x20\x20\x7d\x0a\x20\x20\x20\x20\x72\x65\x74\x75\x72\x6e\x20\x5f\x5f\x75\x5f"
  "\x79\x3b\x0a\x7d\x0a\x23\x65\x6e\x64\x69\x66\x0a\x23\x69\x66\x20\x21\x5f\x5f\x55"
  "\x4e\x49\x53\x41\x5f\x46\x54\x52\x49\x4d\x5f\x4c\x49\x42\x43\x20\x7c\x7c\x20\x5f"
  "\x5f\x55\x4e\x5f\x73\x69\x6e\x68\x0a\x73\x74\x61\x74\x69\x63\x20\x64\x6f\x75\x62"
  "\x6c\x65\x20\x73\x69\x6e\x68\x28\x64\x6f\x75\x62\x6c\x65\x20\x5f\x5f\x75\x5f\x78"
  "\x29\x20\x7b\x0a\x20\x20\x20\x20\x64\x6f\x75\x62\x6c\x65\x20\x5f\x5f\x75\x5f\x74"
  "\x3b\x20\x64\x6f\x75\x62\x6c\x65\x20\x5f\x5f\x75\x5f\x77\x3b\x20\x64\x6f\x75\x62"
  "\x6c\x65\x20\x5f\x5f\x75\x5f\x68\x3b\x0a\x20\x20\x20\x20\x69\x6e\x74\x20\x5f\x5f"
  "\x75\x5f\x69\x78\x3b\x20\x69\x6e\x74\x20\x5f\x5f\x75\x5f\x6a\x78\x3b\x0a\x20\x20"
  "\x20\x20\x75\x6e\x73\x69\x67\x6e\x65\x64\x20\x69\x6e\x74\x20\x5f\x5f\x75\x5f\x6c"
  "\x78\x3b\x0a\x20\x20\x20\x20\x5f\x5f\x75\x5f\x6a\x78\x20\x3d\x20\x5f\x6d\x5f\x68"
  "\x69\x28\x5f\x5f\x75\x5f\x78\x29\x3b\x0a\x20\x20\x20\x20\x5f\x5f\x75\x5f\x69\x78"
  "\x20\x3d\x20\x5f\x5f\x75\x5f\x6a\x78\x20\x26\x20\x32\x31\x34\x37\x34\x38\x33\x36"
  "\x34\x37\x3b\x0a\x20\x20\x20\x20\x69\x66\x20\x28\x5f\x5f\x75\x5f\x69\x78\x20\x3e"
  "\x3d\x20\x32\x31\x34\x36\x34\x33\x35\x30\x37\x32\x29\x20\x72\x65\x74\x75\x72\x6e"
  "\x20\x5f\x5f\x75\x5f\x78\x20\x2b\x20\x5f\x5f\x75\x5f\x78\x3b\x0a\x20\x20\x20\x20"
  "\x5f\x5f\x75\x5f\x68\x20\x3d\x20\x30\x2e\x35\x3b\x0a\x20\x20\x20\x20\x69\x66\x20"
  "\x28\x5f\x5f\x75\x5f\x6a\x78\x20\x3c\x20\x30\x29\x20\x5f\x5f\x75\x5f\x68\x20\x3d"
  "\x20\x30\x20\x2d\x20\x5f\x5f\x75\x5f\x68\x3b\x0a\x20\x20\x20\x20\x69\x66\x20\x28"
  "\x5f\x5f\x75\x5f\x69\x78\x20\x3c\x20\x31\x30\x37\x37\x32\x38\x30\x37\x36\x38\x29"
  "\x20\x7b\x20\x20\x20\x20\x20\x20\x20\x20\x20\x20\x20\x20\x20\x20\x20\x20\x20\x20"
  "\x20\x20\x20\x20\x20\x20\x20\x20\x20\x20\x20\x20\x20\x20\x20\x20\x2f\x2a\x20\x7c"
  "\x78\x7c\x20\x3c\x20\x32\x32\x20\x2a\x2f\x0a\x20\x20\x20\x20\x20\x20\x20\x20\x69"
  "\x66\x20\x28\x5f\x5f\x75\x5f\x69\x78\x20\x3c\x20\x31\x30\x34\x33\x33\x33\x33\x31"
  "\x32\x30\x29\x20\x7b\x20\x69\x66\x20\x28\x31\x2e\x30\x65\x33\x30\x37\x20\x2b\x20"
  "\x5f\x5f\x75\x5f\x78\x20\x3e\x20\x31\x2e\x30\x29\x20\x72\x65\x74\x75\x72\x6e\x20"
  "\x5f\x5f\x75\x5f\x78\x3b\x20\x7d\x20\x20\x20\x2f\x2a\x20\x7c\x78\x7c\x20\x3c\x20"
  "\x32\x5e\x2d\x32\x38\x20\x2a\x2f\x0a\x20\x20\x20\x20\x20\x20\x20\x20\x5f\x5f\x75"
  "\x5f\x74\x20\x3d\x20\x65\x78\x70\x6d\x31\x28\x66\x61\x62\x73\x28\x5f\x5f\x75\x5f"
  "\x78\x29\x29\x3b\x0a\x20\x20\x20\x20\x20\x20\x20\x20\x69\x66\x20\x28\x5f\x5f\x75"
  "\x5f\x69\x78\x20\x3c\x20\x31\x30\x37\x32\x36\x39\x33\x32\x34\x38\x29\x20\x72\x65"
  "\x74\x75\x72\x6e\x20\x5f\x5f\x75\x5f\x68\x20\x2a\x20\x28\x32\x2e\x30\x20\x2a\x20"
  "\x5f\x5f\x75\x5f\x74\x20\x2d\x20\x5f\x5f\x75\x5f\x74\x20\x2a\x20\x5f\x5f\x75\x5f"
  "\x74\x20\x2f\x20\x28\x5f\x5f\x75\x5f\x74\x20\x2b\x20\x31\x2e\x30\x29\x29\x3b\x0a"
  "\x20\x20\x20\x20\x20\x20\x20\x20\x72\x65\x74\x75\x72\x6e\x20\x5f\x5f\x75\x5f\x68"
  "\x20\x2a\x20\x28\x5f\x5f\x75\x5f\x74\x20\x2b\x20\x5f\x5f\x75\x5f\x74\x20\x2f\x20"
  "\x28\x5f\x5f\x75\x5f\x74\x20\x2b\x20\x31\x2e\x30\x29\x29\x3b\x0a\x20\x20\x20\x20"
  "\x7d\x0a\x20\x20\x20\x20\x69\x66\x20\x28\x5f\x5f\x75\x5f\x69\x78\x20\x3c\x20\x31"
  "\x30\x38\x32\x35\x33\x35\x34\x39\x30\x29\x20\x72\x65\x74\x75\x72\x6e\x20\x5f\x5f"
  "\x75\x5f\x68\x20\x2a\x20\x65\x78\x70\x28\x66\x61\x62\x73\x28\x5f\x5f\x75\x5f\x78"
  "\x29\x29\x3b\x20\x20\x20\x20\x20\x20\x20\x20\x20\x20\x20\x2f\x2a\x20\x7c\x78\x7c"
  "\x20\x3c\x20\x6c\x6f\x67\x28\x44\x42\x4c\x5f\x4d\x41\x58\x29\x20\x2a\x2f\x0a\x20"
  "\x20\x20\x20\x5f\x5f\x75\x5f\x6c\x78\x20\x3d\x20\x5f\x6d\x5f\x6c\x6f\x28\x5f\x5f"
  "\x75\x5f\x78\x29\x3b\x0a\x20\x20\x20\x20\x69\x66\x20\x28\x5f\x5f\x75\x5f\x69\x78"
  "\x20\x3c\x20\x31\x30\x38\x32\x35\x33\x36\x39\x31\x30\x20\x7c\x7c\x20\x28\x5f\x5f"
  "\x75\x5f\x69\x78\x20\x3d\x3d\x20\x31\x30\x38\x32\x35\x33\x36\x39\x31\x30\x20\x26"
  "\x26\x20\x5f\x5f\x75\x5f\x6c\x78\x20\x3c\x3d\x20\x32\x34\x31\x31\x33\x32\x39\x36"
  "\x36\x31\x29\x29\x20\x7b\x0a\x20\x20\x20\x20\x20\x20\x20\x20\x5f\x5f\x75\x5f\x77"
  "\x20\x3d\x20\x65\x78\x70\x28\x30\x2e\x35\x20\x2a\x20\x66\x61\x62\x73\x28\x5f\x5f"
  "\x75\x5f\x78\x29\x29\x3b\x0a\x20\x20\x20\x20\x20\x20\x20\x20\x5f\x5f\x75\x5f\x74"
  "\x20\x3d\x20\x5f\x5f\x75\x5f\x68\x20\x2a\x20\x5f\x5f\x75\x5f\x77\x3b\x0a\x20\x20"
  "\x20\x20\x20\x20\x20\x20\x72\x65\x74\x75\x72\x6e\x20\x5f\x5f\x75\x5f\x74\x20\x2a"
  "\x20\x5f\x5f\x75\x5f\x77\x3b\x0a\x20\x20\x20\x20\x7d\x0a\x20\x20\x20\x20\x72\x65"
  "\x74\x75\x72\x6e\x20\x5f\x5f\x75\x5f\x78\x20\x2a\x20\x31\x2e\x30\x65\x33\x30\x37"
  "\x3b\x0a\x7d\x0a\x23\x65\x6e\x64\x69\x66\x0a\x23\x69\x66\x20\x21\x5f\x5f\x55\x4e"
  "\x49\x53\x41\x5f\x46\x54\x52\x49\x4d\x5f\x4c\x49\x42\x43\x20\x7c\x7c\x20\x5f\x5f"
  "\x55\x4e\x5f\x63\x6f\x73\x68\x0a\x73\x74\x61\x74\x69\x63\x20\x64\x6f\x75\x62\x6c"
  "\x65\x20\x63\x6f\x73\x68\x28\x64\x6f\x75\x62\x6c\x65\x20\x5f\x5f\x75\x5f\x78\x29"
  "\x20\x7b\x0a\x20\x20\x20\x20\x64\x6f\x75\x62\x6c\x65\x20\x5f\x5f\x75\x5f\x74\x3b"
  "\x20\x64\x6f\x75\x62\x6c\x65\x20\x5f\x5f\x75\x5f\x77\x3b\x0a\x20\x20\x20\x20\x69"
  "\x6e\x74\x20\x5f\x5f\x75\x5f\x69\x78\x3b\x0a\x20\x20\x20\x20\x75\x6e\x73\x69\x67"
  "\x6e\x65\x64\x20\x69\x6e\x74\x20\x5f\x5f\x75\x5f\x6c\x78\x3b\x0a\x20\x20\x20\x20"
  "\x5f\x5f\x75\x5f\x69\x78\x20\x3d\x20\x5f\x6d\x5f\x68\x69\x28\x5f\x5f\x75\x5f\x78"
  "\x29\x20\x26\x20\x32\x31\x34\x37\x34\x38\x33\x36\x34\x37\x3b\x0a\x20\x20\x20\x20"
  "\x69\x66\x20\x28\x5f\x5f\x75\x5f\x69\x78\x20\x3e\x3d\x20\x32\x31\x34\x36\x34\x33"
  "\x35\x30\x37\x32\x29\x20\x72\x65\x74\x75\x72\x6e\x20\x5f\x5f\x75\x5f\x78\x20\x2a"
  "\x20\x5f\x5f\x75\x5f\x78\x3b\x0a\x20\x20\x20\x20\x69\x66\x20\x28\x5f\x5f\x75\x5f"
  "\x69\x78\x20\x3c\x20\x31\x30\x37\x31\x30\x30\x31\x31\x35\x35\x29\x20\x7b\x20\x20"
  "\x20\x20\x20\x20\x20\x20\x20\x20\x20\x20\x20\x20\x20\x20\x20\x20\x20\x20\x20\x20"
  "\x20\x20\x20\x20\x20\x20\x20\x20\x20\x20\x20\x20\x2f\x2a\x20\x7c\x78\x7c\x20\x3c"
  "\x20\x30\x2e\x35\x20\x6c\x6e\x32\x20\x2a\x2f\x0a\x20\x20\x20\x20\x20\x20\x20\x20"
  "\x5f\x5f\x75\x5f\x74\x20\x3d\x20\x65\x78\x70\x6d\x31\x28\x66\x61\x62\x73\x28\x5f"
  "\x5f\x75\x5f\x78\x29\x29\x3b\x0a\x20\x20\x20\x20\x20\x20\x20\x20\x5f\x5f\x75\x5f"
  "\x77\x20\x3d\x20\x31\x2e\x30\x20\x2b\x20\x5f\x5f\x75\x5f\x74\x3b\x0a\x20\x20\x20"
  "\x20\x20\x20\x20\x20\x69\x66\x20\x28\x5f\x5f\x75\x5f\x69\x78\x20\x3c\x20\x31\x30"
  "\x31\x35\x30\x32\x31\x35\x36\x38\x29\x20\x72\x65\x74\x75\x72\x6e\x20\x5f\x5f\x75"
  "\x5f\x77\x3b\x20\x20\x20\x20\x20\x20\x20\x20\x20\x20\x20\x20\x20\x20\x20\x20\x20"
  "\x20\x20\x20\x20\x20\x2f\x2a\x20\x7c\x78\x7c\x20\x3c\x20\x32\x5e\x2d\x35\x35\x20"
  "\x2a\x2f\x0a\x20\x20\x20\x20\x20\x20\x20\x20\x72\x65\x74\x75\x72\x6e\x20\x31\x2e"
  "\x30\x20\x2b\x20\x28\x5f\x5f\x75\x5f\x74\x20\x2a\x20\x5f\x5f\x75\x5f\x74\x29\x20"
  "\x2f\x20\x28\x5f\x5f\x75\x5f\x77\x20\x2b\x20\x5f\x5f\x75\x5f\x77\x29\x3b\x0a\x20"
  "\x20\x20\x20\x7d\x0a\x20\x20\x20\x20\x69\x66\x20\x28\x5f\x5f\x75\x5f\x69\x78\x20"
  "\x3c\x20\x31\x30\x37\x37\x32\x38\x30\x37\x36\x38\x29\x20\x7b\x20\x5f\x5f\x75\x5f"
  "\x74\x20\x3d\x20\x65\x78\x70\x28\x66\x61\x62\x73\x28\x5f\x5f\x75\x5f\x78\x29\x29"
  "\x3b\x20\x72\x65\x74\x75\x72\x6e\x20\x30\x2e\x35\x20\x2a\x20\x5f\x5f\x75\x5f\x74"
  "\x20\x2b\x20\x30\x2e\x35\x20\x2f\x20\x5f\x5f\x75\x5f\x74\x3b\x20\x7d\x0a\x20\x20"
  "\x20\x20\x69\x66\x20\x28\x5f\x5f\x75\x5f\x69\x78\x20\x3c\x20\x31\x30\x38\x32\x35"
  "\x33\x35\x34\x39\x30\x29\x20\x72\x65\x74\x75\x72\x6e\x20\x30\x2e\x35\x20\x2a\x20"
  "\x65\x78\x70\x28\x66\x61\x62\x73\x28\x5f\x5f\x75\x5f\x78\x29\x29\x3b\x0a\x20\x20"
  "\x20\x20\x5f\x5f\x75\x5f\x6c\x78\x20\x3d\x20\x5f\x6d\x5f\x6c\x6f\x28\x5f\x5f\x75"
  "\x5f\x78\x29\x3b\x0a\x20\x20\x20\x20\x69\x66\x20\x28\x5f\x5f\x75\x5f\x69\x78\x20"
  "\x3c\x20\x31\x30\x38\x32\x35\x33\x36\x39\x31\x30\x20\x7c\x7c\x20\x28\x5f\x5f\x75"
  "\x5f\x69\x78\x20\x3d\x3d\x20\x31\x30\x38\x32\x35\x33\x36\x39\x31\x30\x20\x26\x26"
  "\x20\x5f\x5f\x75\x5f\x6c\x78\x20\x3c\x3d\x20\x32\x34\x31\x31\x33\x32\x39\x36\x36"
  "\x31\x29\x29\x20\x7b\x0a\x20\x20\x20\x20\x20\x20\x20\x20\x5f\x5f\x75\x5f\x77\x20"
  "\x3d\x20\x65\x78\x70\x28\x30\x2e\x35\x20\x2a\x20\x66\x61\x62\x73\x28\x5f\x5f\x75"
  "\x5f\x78\x29\x29\x3b\x0a\x20\x20\x20\x20\x20\x20\x20\x20\x5f\x5f\x75\x5f\x74\x20"
  "\x3d\x20\x30\x2e\x35\x20\x2a\x20\x5f\x5f\x75\x5f\x77\x3b\x0a\x20\x20\x20\x20\x20"
  "\x20\x20\x20\x72\x65\x74\x75\x72\x6e\x20\x5f\x5f\x75\x5f\x74\x20\x2a\x20\x5f\x5f"
  "\x75\x5f\x77\x3b\x0a\x20\x20\x20\x20\x7d\x0a\x20\x20\x20\x20\x72\x65\x74\x75\x72"
  "\x6e\x20\x31\x2e\x30\x65\x33\x30\x30\x20\x2a\x20\x31\x2e\x30\x65\x33\x30\x30\x3b"
  "\x0a\x7d\x0a\x23\x65\x6e\x64\x69\x66\x0a\x23\x69\x66\x20\x21\x5f\x5f\x55\x4e\x49"
  "\x53\x41\x5f\x46\x54\x52\x49\x4d\x5f\x4c\x49\x42\x43\x20\x7c\x7c\x20\x5f\x5f\x55"
  "\x4e\x5f\x74\x61\x6e\x68\x0a\x73\x74\x61\x74\x69\x63\x20\x64\x6f\x75\x62\x6c\x65"
  "\x20\x74\x61\x6e\x68\x28\x64\x6f\x75\x62\x6c\x65\x20\x5f\x5f\x75\x5f\x78\x29\x20"
  "\x7b\x0a\x20\x20\x20\x20\x64\x6f\x75\x62\x6c\x65\x20\x5f\x5f\x75\x5f\x74\x3b\x20"
  "\x64\x6f\x75\x62\x6c\x65\x20\x5f\x5f\x75\x5f\x7a\x3b\x0a\x20\x20\x20\x20\x69\x6e"
  "\x74\x20\x5f\x5f\x75\x5f\x6a\x78\x3b\x20\x69\x6e\x74\x20\x5f\x5f\x75\x5f\x69\x78"
  "\x3b\x0a\x20\x20\x20\x20\x5f\x5f\x75\x5f\x6a\x78\x20\x3d\x20\x5f\x6d\x5f\x68\x69"
  "\x28\x5f\x5f\x75\x5f\x78\x29\x3b\x0a\x20\x20\x20\x20\x5f\x5f\x75\x5f\x69\x78\x20"
  "\x3d\x20\x5f\x5f\x75\x5f\x6a\x78\x20\x26\x20\x32\x31\x34\x37\x34\x38\x33\x36\x34"
  "\x37\x3b\x0a\x20\x20\x20\x20\x69\x66\x20\x28\x5f\x5f\x75\x5f\x69\x78\x20\x3e\x3d"
  "\x20\x32\x31\x34\x36\x34\x33\x35\x30\x37\x32\x29\x20\x7b\x20\x69\x66\x20\x28\x5f"
  "\x5f\x75\x5f\x6a\x78\x20\x3e\x3d\x20\x30\x29\x20\x72\x65\x74\x75\x72\x6e\x20\x31"
  "\x2e\x30\x20\x2f\x20\x5f\x5f\x75\x5f\x78\x20\x2b\x20\x31\x2e\x30\x3b\x20\x72\x65"
  "\x74\x75\x72\x6e\x20\x31\x2e\x30\x20\x2f\x20\x5f\x5f\x75\x5f\x78\x20\x2d\x20\x31"
  "\x2e\x30\x3b\x20\x7d\x0a\x20\x20\x20\x20\x69\x66\x20\x28\x5f\x5f\x75\x5f\x69\x78"
  "\x20\x3c\x20\x31\x30\x37\x37\x32\x38\x30\x37\x36\x38\x29\x20\x7b\x20\x20\x20\x20"
  "\x20\x20\x20\x20\x20\x20\x20\x20\x20\x20\x20\x20\x20\x20\x20\x20\x20\x20\x20\x20"
  "\x20\x20\x20\x20\x20\x20\x20\x20\x20\x20\x2f\x2a\x20\x7c\x78\x7c\x20\x3c\x20\x32"
  "\x32\x20\x2a\x2f\x0a\x20\x20\x20\x20\x20\x20\x20\x20\x69\x66\x20\x28\x5f\x5f\x75"
  "\x5f\x69\x78\x20\x3c\x20\x31\x30\x31\x35\x30\x32\x31\x35\x36\x38\x29\x20\x72\x65"
  "\x74\x75\x72\x6e\x20\x5f\x5f\x75\x5f\x78\x20\x2a\x20\x28\x31\x2e\x30\x20\x2b\x20"
  "\x5f\x5f\x75\x5f\x78\x29\x3b\x20\x20\x20\x20\x20\x20\x20\x20\x20\x20\x2f\x2a\x20"
  "\x7c\x78\x7c\x20\x3c\x20\x32\x5e\x2d\x35\x35\x20\x2a\x2f\x0a\x20\x20\x20\x20\x20"
  "\x20\x20\x20\x69\x66\x20\x28\x5f\x5f\x75\x5f\x69\x78\x20\x3e\x3d\x20\x31\x30\x37"
  "\x32\x36\x39\x33\x32\x34\x38\x29\x20\x7b\x20\x20\x20\x20\x20\x20\x20\x20\x20\x20"
  "\x20\x20\x20\x20\x20\x20\x20\x20\x20\x20\x20\x20\x20\x20\x20\x20\x20\x20\x20\x2f"
  "\x2a\x20\x7c\x78\x7c\x20\x3e\x3d\x20\x31\x20\x2a\x2f\x0a\x20\x20\x20\x20\x20\x20"
  "\x20\x20\x20\x20\x20\x20\x5f\x5f\x75\x5f\x74\x20\x3d\x20\x65\x78\x70\x6d\x31\x28"
  "\x32\x2e\x30\x20\x2a\x20\x66\x61\x62\x73\x28\x5f\x5f\x75\x5f\x78\x29\x29\x3b\x0a"
  "\x20\x20\x20\x20\x20\x20\x20\x20\x20\x20\x20\x20\x5f\x5f\x75\x5f\x7a\x20\x3d\x20"
  "\x31\x2e\x30\x20\x2d\x20\x32\x2e\x30\x20\x2f\x20\x28\x5f\x5f\x75\x5f\x74\x20\x2b"
  "\x20\x32\x2e\x30\x29\x3b\x0a\x20\x20\x20\x20\x20\x20\x20\x20\x7d\x20\x65\x6c\x73"
  "\x65\x20\x7b\x0a\x20\x20\x20\x20\x20\x20\x20\x20\x20\x20\x20\x20\x5f\x5f\x75\x5f"
  "\x74\x20\x3d\x20\x65\x78\x70\x6d\x31\x28\x30\x20\x2d\x20\x32\x2e\x30\x20\x2a\x20"
  "\x66\x61\x62\x73\x28\x5f\x5f\x75\x5f\x78\x29\x29\x3b\x0a\x20\x20\x20\x20\x20\x20"
  "\x20\x20\x20\x20\x20\x20\x5f\x5f\x75\x5f\x7a\x20\x3d\x20\x28\x30\x20\x2d\x20\x5f"
  "\x5f\x75\x5f\x74\x29\x20\x2f\x20\x28\x5f\x5f\x75\x5f\x74\x20\x2b\x20\x32\x2e\x30"
  "\x29\x3b\x0a\x20\x20\x20\x20\x20\x20\x20\x20\x7d\x0a\x20\x20\x20\x20\x7d\x20\x65"
  "\x6c\x73\x65\x20\x5f\x5f\x75\x5f\x7a\x20\x3d\x20\x31\x2e\x30\x20\x2d\x20\x31\x2e"
  "\x30\x65\x2d\x33\x30\x30\x3b\x0a\x20\x20\x20\x20\x72\x65\x74\x75\x72\x6e\x20\x5f"
  "\x5f\x75\x5f\x6a\x78\x20\x3e\x3d\x20\x30\x20\x3f\x20\x5f\x5f\x75\x5f\x7a\x20\x3a"
  "\x20\x30\x20\x2d\x20\x5f\x5f\x75\x5f\x7a\x3b\x0a\x7d\x0a\x23\x65\x6e\x64\x69\x66"
  "\x0a\x0a\x2f\x2a\x20\x2d\x2d\x2d\x2d\x20\x70\x6f\x77\x20\x28\x66\x64\x6c\x69\x62"
  "\x6d\x20\x65\x5f\x70\x6f\x77\x2e\x63\x29\x20\x2d\x2d\x2d\x2d\x2d\x2d\x2d\x2d\x2d"
  "\x2d\x2d\x2d\x2d\x2d\x2d\x2d\x2d\x2d\x2d\x2d\x2d\x2d\x2d\x2d\x2d\x2d\x2d\x2d\x2d"
  "\x2d\x2d\x2d\x2d\x2d\x2d\x2d\x2d\x2d\x2d\x2d\x2d\x2d\x2d\x2d\x2d\x2d\x2d\x20\x2a"
  "\x2f\x0a\x23\x69\x66\x20\x21\x5f\x5f\x55\x4e\x49\x53\x41\x5f\x46\x54\x52\x49\x4d"
  "\x5f\x4c\x49\x42\x43\x20\x7c\x7c\x20\x5f\x5f\x55\x4e\x5f\x70\x6f\x77\x0a\x73\x74"
  "\x61\x74\x69\x63\x20\x64\x6f\x75\x62\x6c\x65\x20\x70\x6f\x77\x28\x64\x6f\x75\x62"
  "\x6c\x65\x20\x5f\x5f\x75\x5f\x78\x2c\x20\x64\x6f\x75\x62\x6c\x65\x20\x5f\x5f\x75"
  "\x5f\x79\x29\x20\x7b\x0a\x20\x20\x20\x20\x64\x6f\x75\x62\x6c\x65\x20\x5f\x5f\x75"
  "\x5f\x7a\x3b\x20\x64\x6f\x75\x62\x6c\x65\x20\x5f\x5f\x75\x5f\x61\x78\x3b\x20\x64"
  "\x6f\x75\x62\x6c\x65\x20\x5f\x5f\x75\x5f\x7a\x5f\x68\x3b\x20\x64\x6f\x75\x62\x6c"
  "\x65\x20\x5f\x5f\x75\x5f\x7a\x5f\x6c\x3b\x20\x64\x6f\x75\x62\x6c\x65\x20\x5f\x5f"
  "\x75\x5f\x70\x5f\x68\x3b\x20\x64\x6f\x75\x62\x6c\x65\x20\x5f\x5f\x75\x5f\x70\x5f"
  "\x6c\x3b\x0a\x20\x20\x20\x20\x64\x6f\x75\x62\x6c\x65\x20\x5f\x5f\x75\x5f\x79\x31"
  "\x3b\x20\x64\x6f\x75\x62\x6c\x65\x20\x5f\x5f\x75\x5f\x74\x31\x3b\x20\x64\x6f\x75"
  "\x62\x6c\x65\x20\x5f\x5f\x75\x5f\x74\x32\x3b\x20\x64\x6f\x75\x62\x6c\x65\x20\x5f"
  "\x5f\x75\x5f\x72\x3b\x20\x64\x6f\x75\x62\x6c\x65\x20\x5f\x5f\x75\x5f\x73\x3b\x20"
  "\x64\x6f\x75\x62\x6c\x65\x20\x5f\x5f\x75\x5f\x74\x3b\x20\x64\x6f\x75\x62\x6c\x65"
  "\x20\x5f\x5f\x75\x5f\x75\x3b\x0a\x20\x20\x20\x20\x64\x6f\x75\x62\x6c\x65\x20\x5f"
  "\x5f\x75\x5f\x76\x3b\x20\x64\x6f\x75\x62\x6c\x65\x20\x5f\x5f\x75\x5f\x77\x3b\x0a"
  "\x20\x20\x20\x20\x64\x6f\x75\x62\x6c\x65\x20\x5f\x5f\x75\x5f\x73\x73\x3b\x20\x64"
  "\x6f\x75\x62\x6c\x65\x20\x5f\x5f\x75\x5f\x73\x32\x3b\x20\x64\x6f\x75\x62\x6c\x65"
  "\x20\x5f\x5f\x75\x5f\x73\x5f\x68\x3b\x20\x64\x6f\x75\x62\x6c\x65\x20\x5f\x5f\x75"
  "\x5f\x73\x5f\x6c\x3b\x20\x64\x6f\x75\x62\x6c\x65\x20\x5f\x5f\x75\x5f\x74\x5f\x68"
  "\x3b\x20\x64\x6f\x75\x62\x6c\x65\x20\x5f\x5f\x75\x5f\x74\x5f\x6c\x3b\x0a\x20\x20"
  "\x20\x20\x64\x6f\x75\x62\x6c\x65\x20\x5f\x5f\x75\x5f\x62\x70\x6b\x3b\x20\x64\x6f"
  "\x75\x62\x6c\x65\x20\x5f\x5f\x75\x5f\x64\x70\x68\x6b\x3b\x20\x64\x6f\x75\x62\x6c"
  "\x65\x20\x5f\x5f\x75\x5f\x64\x70\x6c\x6b\x3b\x0a\x20\x20\x20\x20\x69\x6e\x74\x20"
  "\x5f\x5f\x75\x5f\x69\x3b\x20\x69\x6e\x74\x20\x5f\x5f\x75\x5f\x6a\x3b\x20\x69\x6e"
  "\x74\x20\x5f\x5f\x75\x5f\x6b\x3b\x20\x69\x6e\x74\x20\x5f\x5f\x75\x5f\x79\x69\x73"
  "\x69\x6e\x74\x3b\x20\x69\x6e\x74\x20\x5f\x5f\x75\x5f\x6e\x3b\x0a\x20\x20\x20\x20"
  "\x69\x6e\x74\x20\x5f\x5f\x75\x5f\x68\x78\x3b\x20\x69\x6e\x74\x20\x5f\x5f\x75\x5f"
  "\x68\x79\x3b\x20\x69\x6e\x74\x20\x5f\x5f\x75\x5f\x69\x78\x3b\x20\x69\x6e\x74\x20"
  "\x5f\x5f\x75\x5f\x69\x79\x3b\x0a\x20\x20\x20\x20\x75\x6e\x73\x69\x67\x6e\x65\x64"
  "\x20\x69\x6e\x74\x20\x5f\x5f\x75\x5f\x6c\x78\x3b\x20\x75\x6e\x73\x69\x67\x6e\x65"
  "\x64\x20\x69\x6e\x74\x20\x5f\x5f\x75\x5f\x6c\x79\x3b\x0a\x20\x20\x20\x20\x5f\x5f"
  "\x75\x5f\x68\x78\x20\x3d\x20\x5f\x6d\x5f\x68\x69\x28\x5f\x5f\x75\x5f\x78\x29\x3b"
  "\x20\x5f\x5f\x75\x5f\x6c\x78\x20\x3d\x20\x5f\x6d\x5f\x6c\x6f\x28\x5f\x5f\x75\x5f"
  "\x78\x29\x3b\x0a\x20\x20\x20\x20\x5f\x5f\x75\x5f\x68\x79\x20\x3d\x20\x5f\x6d\x5f"
  "\x68\x69\x28\x5f\x5f\x75\x5f\x79\x29\x3b\x20\x5f\x5f\x75\x5f\x6c\x79\x20\x3d\x20"
  "\x5f\x6d\x5f\x6c\x6f\x28\x5f\x5f\x75\x5f\x79\x29\x3b\x0a\x20\x20\x20\x20\x5f\x5f"
  "\x75\x5f\x69\x78\x20\x3d\x20\x5f\x5f\x75\x5f\x68\x78\x20\x26\x20\x32\x31\x34\x37"
  "\x34\x38\x33\x36\x34\x37\x3b\x20\x5f\x5f\x75\x5f\x69\x79\x20\x3d\x20\x5f\x5f\x75"
  "\x5f\x68\x79\x20\x26\x20\x32\x31\x34\x37\x34\x38\x33\x36\x34\x37\x3b\x0a\x20\x20"
  "\x20\x20\x69\x66\x20\x28\x28\x5f\x5f\x75\x5f\x69\x79\x20\x7c\x20\x5f\x5f\x75\x5f"
  "\x6c\x79\x29\x20\x3d\x3d\x20\x30\x29\x20\x72\x65\x74\x75\x72\x6e\x20\x31\x2e\x30"
  "\x3b\x20\x20\x20\x20\x20\x20\x20\x20\x20\x20\x20\x20\x20\x20\x20\x20\x20\x20\x20"
  "\x20\x20\x20\x20\x20\x20\x2f\x2a\x20\x78\x2a\x2a\x30\x20\x3d\x20\x31\x20\x2a\x2f"
  "\x0a\x20\x20\x20\x20\x69\x66\x20\x28\x5f\x5f\x75\x5f\x69\x78\x20\x3e\x20\x32\x31"
  "\x34\x36\x34\x33\x35\x30\x37\x32\x20\x7c\x7c\x20\x28\x5f\x5f\x75\x5f\x69\x78\x20"
  "\x3d\x3d\x20\x32\x31\x34\x36\x34\x33\x35\x30\x37\x32\x20\x26\x26\x20\x5f\x5f\x75"
  "\x5f\x6c\x78\x20\x21\x3d\x20\x30\x29\x0a\x20\x20\x20\x20\x20\x20\x20\x20\x7c\x7c"
  "\x20\x5f\x5f\x75\x5f\x69\x79\x20\x3e\x20\x32\x31\x34\x36\x34\x33\x35\x30\x37\x32"
  "\x20\x7c\x7c\x20\x28\x5f\x5f\x75\x5f\x69\x79\x20\x3d\x3d\x20\x32\x31\x34\x36\x34"
  "\x33\x35\x30\x37\x32\x20\x26\x26\x20\x5f\x5f\x75\x5f\x6c\x79\x20\x21\x3d\x20\x30"
  "\x29\x29\x20\x72\x65\x74\x75\x72\x6e\x20\x5f\x5f\x75\x5f\x78\x20\x2b\x20\x5f\x5f"
  "\x75\x5f\x79\x3b\x0a\x20\x20\x20\x20\x2f\x2a\x20\x69\x73\x20\x79\x20\x61\x6e\x20"
  "\x6f\x64\x64\x20\x69\x6e\x74\x65\x67\x65\x72\x20\x28\x31\x29\x2c\x20\x61\x6e\x20"
  "\x65\x76\x65\x6e\x20\x6f\x6e\x65\x20\x28\x32\x29\x2c\x20\x6f\x72\x20\x6e\x6f\x74"
  "\x20\x6f\x6e\x65\x20\x28\x30\x29\x3f\x20\x66\x6f\x72\x20\x78\x20\x3c\x20\x30\x20"
  "\x2a\x2f\x0a\x20\x20\x20\x20\x5f\x5f\x75\x5f\x79\x69\x73\x69\x6e\x74\x20\x3d\x20"
  "\x30\x3b\x0a\x20\x20\x20\x20\x69\x66\x20\x28\x5f\x5f\x75\x5f\x68\x78\x20\x3c\x20"
  "\x30\x29\x20\x7b\x0a\x20\x20\x20\x20\x20\x20\x20\x20\x69\x66\x20\x28\x5f\x5f\x75"
  "\x5f\x69\x79\x20\x3e\x3d\x20\x31\x31\x32\x38\x32\x36\x37\x37\x37\x36\x29\x20\x5f"
  "\x5f\x75\x5f\x79\x69\x73\x69\x6e\x74\x20\x3d\x20\x32\x3b\x20\x20\x20\x20\x20\x20"
  "\x20\x20\x20\x20\x20\x20\x20\x20\x20\x20\x20\x20\x20\x2f\x2a\x20\x7c\x79\x7c\x20"
  "\x3e\x3d\x20\x32\x5e\x35\x33\x20\x2a\x2f\x0a\x20\x20\x20\x20\x20\x20\x20\x20\x65"
  "\x6c\x73\x65\x20\x7b\x20\x69\x66\x20\x28\x5f\x5f\x75\x5f\x69\x79\x20\x3e\x3d\x20"
  "\x31\x30\x37\x32\x36\x39\x33\x32\x34\x38\x29\x20\x7b\x0a\x20\x20\x20\x20\x20\x20"
  "\x20\x20\x20\x20\x20\x20\x5f\x5f\x75\x5f\x6b\x20\x3d\x20\x28\x5f\x5f\x75\x5f\x69"
  "\x79\x20\x3e\x3e\x20\x32\x30\x29\x20\x2d\x20\x31\x30\x32\x33\x3b\x0a\x20\x20\x20"
  "\x20\x20\x20\x20\x20\x20\x20\x20\x20\x69\x66\x20\x28\x5f\x5f\x75\x5f\x6b\x20\x3e"
  "\x20\x32\x30\x29\x20\x7b\x0a\x20\x20\x20\x20\x20\x20\x20\x20\x20\x20\x20\x20\x20"
  "\x20\x20\x20\x5f\x5f\x75\x5f\x6a\x20\x3d\x20\x5f\x5f\x75\x5f\x6c\x79\x20\x3e\x3e"
  "\x20\x28\x35\x32\x20\x2d\x20\x5f\x5f\x75\x5f\x6b\x29\x3b\x0a\x20\x20\x20\x20\x20"
  "\x20\x20\x20\x20\x20\x20\x20\x20\x20\x20\x20\x69\x66\x20\x28\x28\x75\x6e\x73\x69"
  "\x67\x6e\x65\x64\x20\x69\x6e\x74\x29\x28\x5f\x5f\x75\x5f\x6a\x20\x3c\x3c\x20\x28"
  "\x35\x32\x20\x2d\x20\x5f\x5f\x75\x5f\x6b\x29\x29\x20\x3d\x3d\x20\x5f\x5f\x75\x5f"
  "\x6c\x79\x29\x20\x5f\x5f\x75\x5f\x79\x69\x73\x69\x6e\x74\x20\x3d\x20\x32\x20\x2d"
  "\x20\x28\x5f\x5f\x75\x5f\x6a\x20\x26\x20\x31\x29\x3b\x0a\x20\x20\x20\x20\x20\x20"
  "\x20\x20\x20\x20\x20\x20\x7d\x20\x65\x6c\x73\x65\x20\x7b\x20\x69\x66\x20\x28\x5f"
  "\x5f\x75\x5f\x6c\x79\x20\x3d\x3d\x20\x30\x29\x20\x7b\x0a\x20\x20\x20\x20\x20\x20"
  "\x20\x20\x20\x20\x20\x20\x20\x20\x20\x20\x5f\x5f\x75\x5f\x6a\x20\x3d\x20\x5f\x5f"
  "\x75\x5f\x69\x79\x20\x3e\x3e\x20\x28\x32\x30\x20\x2d\x20\x5f\x5f\x75\x5f\x6b\x29"
  "\x3b\x0a\x20\x20\x20\x20\x20\x20\x20\x20\x20\x20\x20\x20\x20\x20\x20\x20\x69\x66"
  "\x20\x28\x28\x5f\x5f\x75\x5f\x6a\x20\x3c\x3c\x20\x28\x32\x30\x20\x2d\x20\x5f\x5f"
  "\x75\x5f\x6b\x29\x29\x20\x3d\x3d\x20\x5f\x5f\x75\x5f\x69\x79\x29\x20\x5f\x5f\x75"
  "\x5f\x79\x69\x73\x69\x6e\x74\x20\x3d\x20\x32\x20\x2d\x20\x28\x5f\x5f\x75\x5f\x6a"
  "\x20\x26\x20\x31\x29\x3b\x0a\x20\x20\x20\x20\x20\x20\x20\x20\x20\x20\x20\x20\x7d"
  "\x20\x7d\x0a\x20\x20\x20\x20\x20\x20\x20\x20\x7d\x20\x7d\x0a\x20\x20\x20\x20\x7d"
  "\x0a\x20\x20\x20\x20\x69\x66\x20\x28\x5f\x5f\x75\x5f\x6c\x79\x20\x3d\x3d\x20\x30"
  "\x29\x20\x7b\x0a\x20\x20\x20\x20\x20\x20\x20\x20\x69\x66\x20\x28\x5f\x5f\x75\x5f"
  "\x69\x79\x20\x3d\x3d\x20\x32\x31\x34\x36\x34\x33\x35\x30\x37\x32\x29\x20\x7b\x20"
  "\x20\x20\x20\x20\x20\x20\x20\x20\x20\x20\x20\x20\x20\x20\x20\x20\x20\x20\x20\x20"
  "\x20\x20\x20\x20\x20\x20\x20\x20\x2f\x2a\x20\x79\x20\x69\x73\x20\x2b\x2d\x69\x6e"
  "\x66\x20\x2a\x2f\x0a\x20\x20\x20\x20\x20\x20\x20\x20\x20\x20\x20\x20\x69\x66\x20"
  "\x28\x28\x28\x5f\x5f\x75\x5f\x69\x78\x20\x2d\x20\x31\x30\x37\x32\x36\x39\x33\x32"
  "\x34\x38\x29\x20\x7c\x20\x5f\x5f\x75\x5f\x6c\x78\x29\x20\x3d\x3d\x20\x30\x29\x20"
  "\x72\x65\x74\x75\x72\x6e\x20\x5f\x5f\x75\x5f\x79\x20\x2d\x20\x5f\x5f\x75\x5f\x79"
  "\x3b\x0a\x20\x20\x20\x20\x20\x20\x20\x20\x20\x20\x20\x20\x69\x66\x20\x28\x5f\x5f"
  "\x75\x5f\x69\x78\x20\x3e\x3d\x20\x31\x30\x37\x32\x36\x39\x33\x32\x34\x38\x29\x20"
  "\x72\x65\x74\x75\x72\x6e\x20\x5f\x5f\x75\x5f\x68\x79\x20\x3e\x3d\x20\x30\x20\x3f"
  "\x20\x5f\x5f\x75\x5f\x79\x20\x3a\x20\x30\x2e\x30\x3b\x0a\x20\x20\x20\x20\x20\x20"
  "\x20\x20\x20\x20\x20\x20\x72\x65\x74\x75\x72\x6e\x20\x5f\x5f\x75\x5f\x68\x79\x20"
  "\x3c\x20\x30\x20\x3f\x20\x30\x20\x2d\x20\x5f\x5f\x75\x5f\x79\x20\x3a\x20\x30\x2e"
  "\x30\x3b\x0a\x20\x20\x20\x20\x20\x20\x20\x20\x7d\x0a\x20\x20\x20\x20\x20\x20\x20"
  "\x20\x69\x66\x20\x28\x5f\x5f\x75\x5f\x69\x79\x20\x3d\x3d\x20\x31\x30\x37\x32\x36"
  "\x39\x33\x32\x34\x38\x29\x20\x7b\x20\x69\x66\x20\x28\x5f\x5f\x75\x5f\x68\x79\x20"
  "\x3c\x20\x30\x29\x20\x72\x65\x74\x75\x72\x6e\x20\x31\x2e\x30\x20\x2f\x20\x5f\x5f"
  "\x75\x5f\x78\x3b\x20\x72\x65\x74\x75\x72\x6e\x20\x5f\x5f\x75\x5f\x78\x3b\x20\x7d"
  "\x20\x20\x20\x2f\x2a\x20\x2b\x2d\x31\x20\x2a\x2f\x0a\x20\x20\x20\x20\x20\x20\x20"
  "\x20\x69\x66\x20\x28\x5f\x5f\x75\x5f\x68\x79\x20\x3d\x3d\x20\x31\x30\x37\x33\x37"
  "\x34\x31\x38\x32\x34\x29\x20\x72\x65\x74\x75\x72\x6e\x20\x5f\x5f\x75\x5f\x78\x20"
  "\x2a\x20\x5f\x5f\x75\x5f\x78\x3b\x20\x20\x20\x20\x20\x20\x20\x20\x20\x20\x20\x20"
  "\x20\x20\x20\x20\x20\x20\x20\x20\x20\x20\x20\x20\x20\x20\x20\x20\x20\x20\x2f\x2a"
  "\x20\x32\x20\x2a\x2f\x0a\x20\x20\x20\x20\x20\x20\x20\x20\x69\x66\x20\x28\x5f\x5f"
  "\x75\x5f\x68\x79\x20\x3d\x3d\x20\x31\x30\x37\x31\x36\x34\x34\x36\x37\x32\x29\x20"
  "\x7b\x20\x69\x66\x20\x28\x5f\x5f\x75\x5f\x68\x78\x20\x3e\x3d\x20\x30\x29\x20\x72"
  "\x65\x74\x75\x72\x6e\x20\x73\x71\x72\x74\x28\x5f\x5f\x75\x5f\x78\x29\x3b\x20\x7d"
  "\x20\x20\x20\x20\x20\x20\x20\x20\x20\x20\x20\x2f\x2a\x20\x30\x2e\x35\x20\x2a\x2f"
  "\x0a\x20\x20\x20\x20\x7d\x0a\x20\x20\x20\x20\x5f\x5f\x75\x5f\x61\x78\x20\x3d\x20"
  "\x66\x61\x62\x73\x28\x5f\x5f\x75\x5f\x78\x29\x3b\x0a\x20\x20\x20\x20\x69\x66\x20"
  "\x28\x5f\x5f\x75\x5f\x6c\x78\x20\x3d\x3d\x20\x30\x29\x20\x7b\x0a\x20\x20\x20\x20"
  "\x20\x20\x20\x20\x69\x66\x20\x28\x5f\x5f\x75\x5f\x69\x78\x20\x3d\x3d\x20\x32\x31"
  "\x34\x36\x34\x33\x35\x30\x37\x32\x20\x7c\x7c\x20\x5f\x5f\x75\x5f\x69\x78\x20\x3d"
  "\x3d\x20\x30\x20\x7c\x7c\x20\x5f\x5f\x75\x5f\x69\x78\x20\x3d\x3d\x20\x31\x30\x37"
  "\x32\x36\x39\x33\x32\x34\x38\x29\x20\x7b\x20\x20\x2f\x2a\x20\x2b\x2d\x30\x2c\x20"
  "\x2b\x2d\x69\x6e\x66\x2c\x20\x2b\x2d\x31\x20\x2a\x2f\x0a\x20\x20\x20\x20\x20\x20"
  "\x20\x20\x20\x20\x20\x20\x5f\x5f\x75\x5f\x7a\x20\x3d\x20\x5f\x5f\x75\x5f\x61\x78"
  "\x3b\x0a\x20\x20\x20\x20\x20\x20\x20\x20\x20\x20\x20\x20\x69\x66\x20\x28\x5f\x5f"
  "\x75\x5f\x68\x79\x20\x3c\x20\x30\x29\x20\x5f\x5f\x75\x5f\x7a\x20\x3d\x20\x31\x2e"
  "\x30\x20\x2f\x20\x5f\x5f\x75\x5f\x7a\x3b\x0a\x20\x20\x20\x20\x20\x20\x20\x20\x20"
  "\x20\x20\x20\x69\x66\x20\x28\x5f\x5f\x75\x5f\x68\x78\x20\x3c\x20\x30\x29\x20\x7b"
  "\x0a\x20\x20\x20\x20\x20\x20\x20\x20\x20\x20\x20\x20\x20\x20\x20\x20\x69\x66\x20"
  "\x28\x28\x28\x5f\x5f\x75\x5f\x69\x78\x20\x2d\x20\x31\x30\x37\x32\x36\x39\x33\x32"
  "\x34\x38\x29\x20\x7c\x20\x5f\x5f\x75\x5f\x79\x69\x73\x69\x6e\x74\x29\x20\x3d\x3d"
  "\x20\x30\x29\x20\x5f\x5f\x75\x5f\x7a\x20\x3d\x20\x28\x5f\x5f\x75\x5f\x7a\x20\x2d"
  "\x20\x5f\x5f\x75\x5f\x7a\x29\x20\x2f\x20\x28\x5f\x5f\x75\x5f\x7a\x20\x2d\x20\x5f"
  "\x5f\x75\x5f\x7a\x29\x3b\x0a\x20\x20\x20\x20\x20\x20\x20\x20\x20\x20\x20\x20\x20"
  "\x20\x20\x20\x65\x6c\x73\x65\x20\x7b\x20\x69\x66\x20\x28\x5f\x5f\x75\x5f\x79\x69"
  "\x73\x69\x6e\x74\x20\x3d\x3d\x20\x31\x29\x20\x5f\x5f\x75\x5f\x7a\x20\x3d\x20\x30"
  "\x20\x2d\x20\x5f\x5f\x75\x5f\x7a\x3b\x20\x7d\x0a\x20\x20\x20\x20\x20\x20\x20\x20"
  "\x20\x20\x20\x20\x7d\x0a\x20\x20\x20\x20\x20\x20\x20\x20\x20\x20\x20\x20\x72\x65"
  "\x74\x75\x72\x6e\x20\x5f\x5f\x75\x5f\x7a\x3b\x0a\x20\x20\x20\x20\x20\x20\x20\x20"
  "\x7d\x0a\x20\x20\x20\x20\x7d\x0a\x20\x20\x20\x20\x5f\x5f\x75\x5f\x6e\x20\x3d\x20"
  "\x5f\x5f\x75\x5f\x68\x78\x20\x3c\x20\x30\x20\x3f\x20\x30\x20\x3a\x20\x31\x3b\x20"
  "\x20\x20\x20\x20\x20\x20\x20\x20\x20\x20\x20\x20\x20\x20\x20\x20\x20\x20\x20\x20"
  "\x20\x20\x20\x20\x20\x20\x20\x20\x20\x20\x20\x20\x20\x20\x20\x20\x2f\x2a\x20\x28"
  "\x68\x78\x20\x3e\x3e\x20\x33\x31\x29\x20\x2b\x20\x31\x20\x2a\x2f\x0a\x20\x20\x20"
  "\x20\x69\x66\x20\x28\x28\x5f\x5f\x75\x5f\x6e\x20\x7c\x20\x5f\x5f\x75\x5f\x79\x69"
  "\x73\x69\x6e\x74\x29\x20\x3d\x3d\x20\x30\x29\x20\x72\x65\x74\x75\x72\x6e\x20\x28"
  "\x5f\x5f\x75\x5f\x78\x20\x2d\x20\x5f\x5f\x75\x5f\x78\x29\x20\x2f\x20\x28\x5f\x5f"
  "\x75\x5f\x78\x20\x2d\x20\x5f\x5f\x75\x5f\x78\x29\x3b\x20\x20\x20\x20\x20\x20\x20"
  "\x20\x20\x2f\x2a\x20\x28\x78\x3c\x30\x29\x2a\x2a\x6e\x6f\x6e\x2d\x69\x6e\x74\x20"
  "\x2a\x2f\x0a\x20\x20\x20\x20\x5f\x5f\x75\x5f\x73\x20\x3d\x20\x31\x2e\x30\x3b\x0a"
  "\x20\x20\x20\x20\x69\x66\x20\x28\x28\x5f\x5f\x75\x5f\x6e\x20\x7c\x20\x28\x5f\x5f"
  "\x75\x5f\x79\x69\x73\x69\x6e\x74\x20\x2d\x20\x31\x29\x29\x20\x3d\x3d\x20\x30\x29"
  "\x20\x5f\x5f\x75\x5f\x73\x20\x3d\x20\x30\x20\x2d\x20\x31\x2e\x30\x3b\x20\x20\x20"
  "\x20\x20\x20\x20\x20\x20\x20\x20\x20\x20\x20\x20\x20\x2f\x2a\x20\x28\x2d\x78\x29"
  "\x2a\x2a\x6f\x64\x64\x20\x2a\x2f\x0a\x20\x20\x20\x20\x69\x66\x20\x28\x5f\x5f\x75"
  "\x5f\x69\x79\x20\x3e\x20\x31\x31\x30\x35\x31\x39\x39\x31\x30\x34\x29\x20\x7b\x20"
  "\x20\x20\x20\x20\x20\x20\x20\x20\x20\x20\x20\x20\x20\x20\x20\x20\x20\x20\x20\x20"
  "\x20\x20\x20\x20\x20\x20\x20\x20\x20\x20\x20\x20\x20\x2f\x2a\x20\x7c\x79\x7c\x20"
  "\x3e\x20\x32\x5e\x33\x31\x20\x2a\x2f\x0a\x20\x20\x20\x20\x20\x20\x20\x20\x69\x66"
  "\x20\x28\x5f\x5f\x75\x5f\x69\x79\x20\x3e\x20\x31\x31\x33\x39\x38\x30\x32\x31\x31"
  "\x32\x29\x20\x7b\x20\x20\x20\x20\x20\x20\x20\x20\x20\x20\x20\x20\x20\x20\x20\x20"
  "\x20\x20\x20\x20\x20\x20\x20\x20\x20\x20\x20\x20\x20\x20\x2f\x2a\x20\x7c\x79\x7c"
  "\x20\x3e\x20\x32\x5e\x36\x34\x20\x2a\x2f\x0a\x20\x20\x20\x20\x20\x20\x20\x20\x20"
  "\x20\x20\x20\x69\x66\x20\x28\x5f\x5f\x75\x5f\x69\x78\x20\x3c\x3d\x20\x31\x30\x37"
  "\x32\x36\x39\x33\x32\x34\x37\x29\x20\x72\x65\x74\x75\x72\x6e\x20\x5f\x5f\x75\x5f"
  "\x68\x79\x20\x3c\x20\x30\x20\x3f\x20\x31\x2e\x30\x65\x33\x30\x30\x20\x2a\x20\x31"
  "\x2e\x30\x65\x33\x30\x30\x20\x3a\x20\x31\x2e\x30\x65\x2d\x33\x30\x30\x20\x2a\x20"
  "\x31\x2e\x30\x65\x2d\x33\x30\x30\x3b\x0a\x20\x20\x20\x20\x20\x20\x20\x20\x20\x20"
  "\x20\x20\x69\x66\x20\x28\x5f\x5f\x75\x5f\x69\x78\x20\x3e\x3d\x20\x31\x30\x37\x32"
  "\x36\x39\x33\x32\x34\x38\x29\x20\x72\x65\x74\x75\x72\x6e\x20\x5f\x5f\x75\x5f\x68"
  "\x79\x20\x3e\x20\x30\x20\x3f\x20\x31\x2e\x30\x65\x33\x30\x30\x20\x2a\x20\x31\x2e"
  "\x30\x65\x33\x30\x30\x20\x3a\x20\x31\x2e\x30\x65\x2d\x33\x30\x30\x20\x2a\x20\x31"
  "\x2e\x30\x65\x2d\x33\x30\x30\x3b\x0a\x20\x20\x20\x20\x20\x20\x20\x20\x7d\x0a\x20"
  "\x20\x20\x20\x20\x20\x20\x20\x69\x66\x20\x28\x5f\x5f\x75\x5f\x69\x78\x20\x3c\x20"
  "\x31\x30\x37\x32\x36\x39\x33\x32\x34\x37\x29\x20\x72\x65\x74\x75\x72\x6e\x20\x5f"
  "\x5f\x75\x5f\x68\x79\x20\x3c\x20\x30\x20\x3f\x20\x5f\x5f\x75\x5f\x73\x20\x2a\x20"
  "\x31\x2e\x30\x65\x33\x30\x30\x20\x2a\x20\x31\x2e\x30\x65\x33\x30\x30\x20\x3a\x20"
  "\x5f\x5f\x75\x5f\x73\x20\x2a\x20\x31\x2e\x30\x65\x2d\x33\x30\x30\x20\x2a\x20\x31"
  "\x2e\x30\x65\x2d\x33\x30\x30\x3b\x0a\x20\x20\x20\x20\x20\x20\x20\x20\x69\x66\x20"
  "\x28\x5f\x5f\x75\x5f\x69\x78\x20\x3e\x20\x31\x30\x37\x32\x36\x39\x33\x32\x34\x38"
  "\x29\x20\x72\x65\x74\x75\x72\x6e\x20\x5f\x5f\x75\x5f\x68\x79\x20\x3e\x20\x30\x20"
  "\x3f\x20\x5f\x5f\x75\x5f\x73\x20\x2a\x20\x31\x2e\x30\x65\x33\x30\x30\x20\x2a\x20"
  "\x31\x2e\x30\x65\x33\x30\x30\x20\x3a\x20\x5f\x5f\x75\x5f\x73\x20\x2a\x20\x31\x2e"
  "\x30\x65\x2d\x33\x30\x30\x20\x2a\x20\x31\x2e\x30\x65\x2d\x33\x30\x30\x3b\x0a\x20"
  "\x20\x20\x20\x20\x20\x20\x20\x5f\x5f\x75\x5f\x74\x20\x3d\x20\x5f\x5f\x75\x5f\x61"
  "\x78\x20\x2d\x20\x31\x2e\x30\x3b\x0a\x20\x20\x20\x20\x20\x20\x20\x20\x5f\x5f\x75"
  "\x5f\x77\x20\x3d\x20\x28\x5f\x5f\x75\x5f\x74\x20\x2a\x20\x5f\x5f\x75\x5f\x74\x29"
  "\x20\x2a\x20\x28\x30\x2e\x35\x20\x2d\x20\x5f\x5f\x75\x5f\x74\x20\x2a\x20\x28\x30"
  "\x2e\x33\x33\x33\x33\x33\x33\x33\x33\x33\x33\x33\x33\x33\x33\x33\x33\x33\x33\x33"
  "\x33\x33\x33\x20\x2d\x20\x5f\x5f\x75\x5f\x74\x20\x2a\x20\x30\x2e\x32\x35\x29\x29"
  "\x3b\x0a\x20\x20\x20\x20\x20\x20\x20\x20\x5f\x5f\x75\x5f\x75\x20\x3d\x20\x31\x2e"
  "\x34\x34\x32\x36\x39\x35\x30\x32\x31\x36\x32\x39\x33\x33\x33\x34\x39\x36\x30\x39"
  "\x65\x2b\x30\x30\x20\x2a\x20\x5f\x5f\x75\x5f\x74\x3b\x0a\x20\x20\x20\x20\x20\x20"
  "\x20\x20\x5f\x5f\x75\x5f\x76\x20\x3d\x20\x5f\x5f\x75\x5f\x74\x20\x2a\x20\x31\x2e"
  "\x39\x32\x35\x39\x36\x32\x39\x39\x31\x31\x32\x36\x36\x31\x37\x34\x36\x38\x38\x37"
  "\x65\x2d\x30\x38\x20\x2d\x20\x5f\x5f\x75\x5f\x77\x20\x2a\x20\x31\x2e\x34\x34\x32"
  "\x36\x39\x35\x30\x34\x30\x38\x38\x38\x39\x36\x33\x33\x38\x37\x30\x30\x65\x2b\x30"
  "\x30\x3b\x0a\x20\x20\x20\x20\x20\x20\x20\x20\x5f\x5f\x75\x5f\x74\x31\x20\x3d\x20"
  "\x5f\x5f\x75\x5f\x75\x20\x2b\x20\x5f\x5f\x75\x5f\x76\x3b\x0a\x20\x20\x20\x20\x20"
  "\x20\x20\x20\x5f\x5f\x75\x5f\x74\x31\x20\x3d\x20\x5f\x6d\x5f\x6d\x6b\x28\x5f\x6d"
  "\x5f\x68\x69\x28\x5f\x5f\x75\x5f\x74\x31\x29\x2c\x20\x30\x29\x3b\x0a\x20\x20\x20"
  "\x20\x20\x20\x20\x20\x5f\x5f\x75\x5f\x74\x32\x20\x3d\x20\x5f\x5f\x75\x5f\x76\x20"
  "\x2d\x20\x28\x5f\x5f\x75\x5f\x74\x31\x20\x2d\x20\x5f\x5f\x75\x5f\x75\x29\x3b\x0a"
  "\x20\x20\x20\x20\x7d\x20\x65\x6c\x73\x65\x20\x7b\x0a\x20\x20\x20\x20\x20\x20\x20"
  "\x20\x5f\x5f\x75\x5f\x6e\x20\x3d\x20\x30\x3b\x0a\x20\x20\x20\x20\x20\x20\x20\x20"
  "\x69\x66\x20\x28\x5f\x5f\x75\x5f\x69\x78\x20\x3c\x20\x31\x30\x34\x38\x35\x37\x36"
  "\x29\x20\x7b\x20\x5f\x5f\x75\x5f\x61\x78\x20\x3d\x20\x5f\x5f\x75\x5f\x61\x78\x20"
  "\x2a\x20\x39\x30\x30\x37\x31\x39\x39\x32\x35\x34\x37\x34\x30\x39\x39\x32\x2e\x30"
  "\x3b\x20\x5f\x5f\x75\x5f\x6e\x20\x3d\x20\x5f\x5f\x75\x5f\x6e\x20\x2d\x20\x35\x33"
  "\x3b\x20\x5f\x5f\x75\x5f\x69\x78\x20\x3d\x20\x5f\x6d\x5f\x68\x69\x28\x5f\x5f\x75"
  "\x5f\x61\x78\x29\x3b\x20\x7d\x0a\x20\x20\x20\x20\x20\x20\x20\x20\x5f\x5f\x75\x5f"
  "\x6e\x20\x3d\x20\x5f\x5f\x75\x5f\x6e\x20\x2b\x20\x28\x5f\x5f\x75\x5f\x69\x78\x20"
  "\x3e\x3e\x20\x32\x30\x29\x20\x2d\x20\x31\x30\x32\x33\x3b\x0a\x20\x20\x20\x20\x20"
  "\x20\x20\x20\x5f\x5f\x75\x5f\x6a\x20\x3d\x20\x5f\x5f\x75\x5f\x69\x78\x20\x26\x20"
  "\x31\x30\x34\x38\x35\x37\x35\x3b\x0a\x20\x20\x20\x20\x20\x20\x20\x20\x5f\x5f\x75"
  "\x5f\x69\x78\x20\x3d\x20\x5f\x5f\x75\x5f\x6a\x20\x7c\x20\x31\x30\x37\x32\x36\x39"
  "\x33\x32\x34\x38\x3b\x0a\x20\x20\x20\x20\x20\x20\x20\x20\x69\x66\x20\x28\x5f\x5f"
  "\x75\x5f\x6a\x20\x3c\x3d\x20\x32\x33\x35\x36\x36\x32\x29\x20\x5f\x5f\x75\x5f\x6b"
  "\x20\x3d\x20\x30\x3b\x20\x20\x20\x20\x20\x20\x20\x20\x20\x20\x20\x20\x20\x20\x20"
  "\x20\x20\x20\x20\x20\x20\x20\x20\x20\x20\x20\x20\x20\x20\x2f\x2a\x20\x7c\x78\x7c"
  "\x20\x3c\x20\x73\x71\x72\x74\x28\x33\x2f\x32\x29\x20\x2a\x2f\x0a\x20\x20\x20\x20"
  "\x20\x20\x20\x20\x65\x6c\x73\x65\x20\x7b\x20\x69\x66\x20\x28\x5f\x5f\x75\x5f\x6a"
  "\x20\x3c\x20\x37\x36\x37\x36\x31\x30\x29\x20\x5f\x5f\x75\x5f\x6b\x20\x3d\x20\x31"
  "\x3b\x20\x20\x20\x20\x20\x20\x20\x20\x20\x20\x20\x20\x20\x20\x20\x20\x20\x20\x20"
  "\x20\x20\x20\x20\x2f\x2a\x20\x7c\x78\x7c\x20\x3c\x20\x73\x71\x72\x74\x28\x33\x29"
  "\x20\x2a\x2f\x0a\x20\x20\x20\x20\x20\x20\x20\x20\x20\x20\x20\x20\x20\x20\x20\x65"
  "\x6c\x73\x65\x20\x7b\x20\x5f\x5f\x75\x5f\x6b\x20\x3d\x20\x30\x3b\x20\x5f\x5f\x75"
  "\x5f\x6e\x20\x3d\x20\x5f\x5f\x75\x5f\x6e\x20\x2b\x20\x31\x3b\x20\x5f\x5f\x75\x5f"
  "\x69\x78\x20\x3d\x20\x5f\x5f\x75\x5f\x69\x78\x20\x2d\x20\x31\x30\x34\x38\x35\x37"
  "\x36\x3b\x20\x7d\x20\x7d\x0a\x20\x20\x20\x20\x20\x20\x20\x20\x5f\x5f\x75\x5f\x61"
  "\x78\x20\x3d\x20\x5f\x6d\x5f\x73\x65\x74\x68\x69\x28\x5f\x5f\x75\x5f\x61\x78\x2c"
  "\x20\x5f\x5f\x75\x5f\x69\x78\x29\x3b\x0a\x20\x20\x20\x20\x20\x20\x20\x20\x5f\x5f"
  "\x75\x5f\x62\x70\x6b\x20\x3d\x20\x5f\x5f\x75\x5f\x6b\x20\x3f\x20\x31\x2e\x35\x20"
  "\x3a\x20\x31\x2e\x30\x3b\x0a\x20\x20\x20\x20\x20\x20\x20\x20\x5f\x5f\x75\x5f\x64"
  "\x70\x68\x6b\x20\x3d\x20\x5f\x5f\x75\x5f\x6b\x20\x3f\x20\x35\x2e\x38\x34\x39\x36"
  "\x32\x34\x38\x37\x32\x32\x30\x37\x36\x34\x31\x36\x30\x31\x35\x36\x65\x2d\x30\x31"
  "\x20\x3a\x20\x30\x2e\x30\x3b\x0a\x20\x20\x20\x20\x20\x20\x20\x20\x5f\x5f\x75\x5f"
  "\x64\x70\x6c\x6b\x20\x3d\x20\x5f\x5f\x75\x5f\x6b\x20\x3f\x20\x31\x2e\x33\x35\x30"
  "\x30\x33\x39\x32\x30\x32\x31\x32\x39\x37\x34\x38\x39\x37\x31\x32\x38\x65\x2d\x30"
  "\x38\x20\x3a\x20\x30\x2e\x30\x3b\x0a\x20\x20\x20\x20\x20\x20\x20\x20\x5f\x5f\x75"
  "\x5f\x75\x20\x3d\x20\x5f\x5f\x75\x5f\x61\x78\x20\x2d\x20\x5f\x5f\x75\x5f\x62\x70"
  "\x6b\x3b\x0a\x20\x20\x20\x20\x20\x20\x20\x20\x5f\x5f\x75\x5f\x76\x20\x3d\x20\x31"
  "\x2e\x30\x20\x2f\x20\x28\x5f\x5f\x75\x5f\x61\x78\x20\x2b\x20\x5f\x5f\x75\x5f\x62"
  "\x70\x6b\x29\x3b\x0a\x20\x20\x20\x20\x20\x20\x20\x20\x5f\x5f\x75\x5f\x73\x73\x20"
  "\x3d\x20\x5f\x5f\x75\x5f\x75\x20\x2a\x20\x5f\x5f\x75\x5f\x76\x3b\x0a\x20\x20\x20"
  "\x20\x20\x20\x20\x20\x5f\x5f\x75\x5f\x73\x5f\x68\x20\x3d\x20\x5f\x6d\x5f\x6d\x6b"
  "\x28\x5f\x6d\x5f\x68\x69\x28\x5f\x5f\x75\x5f\x73\x73\x29\x2c\x20\x30\x29\x3b\x0a"
  "\x20\x20\x20\x20\x20\x20\x20\x20\x5f\x5f\x75\x5f\x74\x5f\x68\x20\x3d\x20\x5f\x6d"
  "\x5f\x6d\x6b\x28\x28\x28\x5f\x5f\x75\x5f\x69\x78\x20\x3e\x3e\x20\x31\x29\x20\x7c"
  "\x20\x35\x33\x36\x38\x37\x30\x39\x31\x32\x29\x20\x2b\x20\x35\x32\x34\x32\x38\x38"
  "\x20\x2b\x20\x28\x5f\x5f\x75\x5f\x6b\x20\x3c\x3c\x20\x31\x38\x29\x2c\x20\x30\x29"
  "\x3b\x0a\x20\x20\x20\x20\x20\x20\x20\x20\x5f\x5f\x75\x5f\x74\x5f\x6c\x20\x3d\x20"
  "\x5f\x5f\x75\x5f\x61\x78\x20\x2d\x20\x28\x5f\x5f\x75\x5f\x74\x5f\x68\x20\x2d\x20"
  "\x5f\x5f\x75\x5f\x62\x70\x6b\x29\x3b\x0a\x20\x20\x20\x20\x20\x20\x20\x20\x5f\x5f"
  "\x75\x5f\x73\x5f\x6c\x20\x3d\x20\x5f\x5f\x75\x5f\x76\x20\x2a\x20\x28\x28\x5f\x5f"
  "\x75\x5f\x75\x20\x2d\x20\x5f\x5f\x75\x5f\x73\x5f\x68\x20\x2a\x20\x5f\x5f\x75\x5f"
  "\x74\x5f\x68\x29\x20\x2d\x20\x5f\x5f\x75\x5f\x73\x5f\x68\x20\x2a\x20\x5f\x5f\x75"
  "\x5f\x74\x5f\x6c\x29\x3b\x0a\x20\x20\x20\x20\x20\x20\x20\x20\x5f\x5f\x75\x5f\x73"
  "\x32\x20\x3d\x20\x5f\x5f\x75\x5f\x73\x73\x20\x2a\x20\x5f\x5f\x75\x5f\x73\x73\x3b"
  "\x0a\x20\x20\x20\x20\x20\x20\x20\x20\x5f\x5f\x75\x5f\x72\x20\x3d\x20\x5f\x5f\x75"
  "\x5f\x73\x32\x20\x2a\x20\x5f\x5f\x75\x5f\x73\x32\x20\x2a\x20\x28\x35\x2e\x39\x39"
  "\x39\x39\x39\x39\x39\x39\x39\x39\x39\x39\x39\x34\x36\x34\x38\x37\x32\x35\x65\x2d"
  "\x30\x31\x20\x2b\x20\x5f\x5f\x75\x5f\x73\x32\x20\x2a\x20\x28\x34\x2e\x32\x38\x35"
  "\x37\x31\x34\x32\x38\x35\x37\x38\x35\x35\x30\x31\x38\x34\x32\x35\x32\x65\x2d\x30"
  "\x31\x0a\x20\x20\x20\x20\x20\x20\x20\x20\x20\x20\x20\x20\x2b\x20\x5f\x5f\x75\x5f"
  "\x73\x32\x20\x2a\x20\x28\x33\x2e\x33\x33\x33\x33\x33\x33\x32\x39\x38\x31\x38\x33"
  "\x37\x37\x34\x33\x32\x39\x31\x38\x65\x2d\x30\x31\x20\x2b\x20\x5f\x5f\x75\x5f\x73"
  "\x32\x20\x2a\x20\x28\x32\x2e\x37\x32\x37\x32\x38\x31\x32\x33\x38\x30\x38\x35\x33"
  "\x34\x30\x30\x36\x34\x38\x39\x65\x2d\x30\x31\x0a\x20\x20\x20\x20\x20\x20\x20\x20"
  "\x20\x20\x20\x20\x2b\x20\x5f\x5f\x75\x5f\x73\x32\x20\x2a\x20\x28\x32\x2e\x33\x30"
  "\x36\x36\x30\x37\x34\x35\x37\x37\x35\x35\x36\x31\x37\x35\x34\x30\x36\x37\x65\x2d"
  "\x30\x31\x20\x2b\x20\x5f\x5f\x75\x5f\x73\x32\x20\x2a\x20\x32\x2e\x30\x36\x39\x37"
  "\x35\x30\x31\x37\x38\x30\x30\x33\x33\x38\x34\x31\x37\x37\x38\x34\x65\x2d\x30\x31"
  "\x29\x29\x29\x29\x29\x3b\x0a\x20\x20\x20\x20\x20\x20\x20\x20\x5f\x5f\x75\x5f\x72"
  "\x20\x3d\x20\x5f\x5f\x75\x5f\x72\x20\x2b\x20\x5f\x5f\x75\x5f\x73\x5f\x6c\x20\x2a"
  "\x20\x28\x5f\x5f\x75\x5f\x73\x5f\x68\x20\x2b\x20\x5f\x5f\x75\x5f\x73\x73\x29\x3b"
  "\x0a\x20\x20\x20\x20\x20\x20\x20\x20\x5f\x5f\x75\x5f\x73\x32\x20\x3d\x20\x5f\x5f"
  "\x75\x5f\x73\x5f\x68\x20\x2a\x20\x5f\x5f\x75\x5f\x73\x5f\x68\x3b\x0a\x20\x20\x20"
  "\x20\x20\x20\x20\x20\x5f\x5f\x75\x5f\x74\x5f\x68\x20\x3d\x20\x33\x2e\x30\x20\x2b"
  "\x20\x5f\x5f\x75\x5f\x73\x32\x20\x2b\x20\x5f\x5f\x75\x5f\x72\x3b\x0a\x20\x20\x20"
  "\x20\x20\x20\x20\x20\x5f\x5f\x75\x5f\x74\x5f\x68\x20\x3d\x20\x5f\x6d\x5f\x6d\x6b"
  "\x28\x5f\x6d\x5f\x68\x69\x28\x5f\x5f\x75\x5f\x74\x5f\x68\x29\x2c\x20\x30\x29\x3b"
  "\x0a\x20\x20\x20\x20\x20\x20\x20\x20\x5f\x5f\x75\x5f\x74\x5f\x6c\x20\x3d\x20\x5f"
  "\x5f\x75\x5f\x72\x20\x2d\x20\x28\x28\x5f\x5f\x75\x5f\x74\x5f\x68\x20\x2d\x20\x33"
  "\x2e\x30\x29\x20\x2d\x20\x5f\x5f\x75\x5f\x73\x32\x29\x3b\x0a\x20\x20\x20\x20\x20"
  "\x20\x20\x20\x5f\x5f\x75\x5f\x75\x20\x3d\x20\x5f\x5f\x75\x5f\x73\x5f\x68\x20\x2a"
  "\x20\x5f\x5f\x75\x5f\x74\x5f\x68\x3b\x0a\x20\x20\x20\x20\x20\x20\x20\x20\x5f\x5f"
  "\x75\x5f\x76\x20\x3d\x20\x5f\x5f\x75\x5f\x73\x5f\x6c\x20\x2a\x20\x5f\x5f\x75\x5f"
  "\x74\x5f\x68\x20\x2b\x20\x5f\x5f\x75\x5f\x74\x5f\x6c\x20\x2a\x20\x5f\x5f\x75\x5f"
  "\x73\x73\x3b\x0a\x20\x20\x20\x20\x20\x20\x20\x20\x5f\x5f\x75\x5f\x70\x5f\x68\x20"
  "\x3d\x20\x5f\x5f\x75\x5f\x75\x20\x2b\x20\x5f\x5f\x75\x5f\x76\x3b\x0a\x20\x20\x20"
  "\x20\x20\x20\x20\x20\x5f\x5f\x75\x5f\x70\x5f\x68\x20\x3d\x20\x5f\x6d\x5f\x6d\x6b"
  "\x28\x5f\x6d\x5f\x68\x69\x28\x5f\x5f\x75\x5f\x70\x5f\x68\x29\x2c\x20\x30\x29\x3b"
  "\x0a\x20\x20\x20\x20\x20\x20\x20\x20\x5f\x5f\x75\x5f\x70\x5f\x6c\x20\x3d\x20\x5f"
  "\x5f\x75\x5f\x76\x20\x2d\x20\x28\x5f\x5f\x75\x5f\x70\x5f\x68\x20\x2d\x20\x5f\x5f"
  "\x75\x5f\x75\x29\x3b\x0a\x20\x20\x20\x20\x20\x20\x20\x20\x5f\x5f\x75\x5f\x7a\x5f"
  "\x68\x20\x3d\x20\x39\x2e\x36\x31\x37\x39\x36\x37\x30\x30\x39\x35\x34\x34\x33\x37"
  "\x32\x35\x35\x38\x35\x39\x65\x2d\x30\x31\x20\x2a\x20\x5f\x5f\x75\x5f\x70\x5f\x68"
  "\x3b\x0a\x20\x20\x20\x20\x20\x20\x20\x20\x5f\x5f\x75\x5f\x7a\x5f\x6c\x20\x3d\x20"
  "\x28\x30\x20\x2d\x20\x37\x2e\x30\x32\x38\x34\x36\x31\x36\x35\x30\x39\x35\x32\x37"
  "\x35\x38\x32\x36\x35\x31\x36\x65\x2d\x30\x39\x29\x20\x2a\x20\x5f\x5f\x75\x5f\x70"
  "\x5f\x68\x20\x2b\x20\x5f\x5f\x75\x5f\x70\x5f\x6c\x20\x2a\x20\x39\x2e\x36\x31\x37"
  "\x39\x36\x36\x39\x33\x39\x32\x35\x39\x37\x35\x35\x35\x34\x33\x32\x39\x65\x2d\x30"
  "\x31\x20\x2b\x20\x5f\x5f\x75\x5f\x64\x70\x6c\x6b\x3b\x0a\x20\x20\x20\x20\x20\x20"
  "\x20\x20\x5f\x5f\x75\x5f\x74\x20\x3d\x20\x28\x64\x6f\x75\x62\x6c\x65\x29\x5f\x5f"
  "\x75\x5f\x6e\x3b\x0a\x20\x20\x20\x20\x20\x20\x20\x20\x5f\x5f\x75\x5f\x74\x31\x20"
  "\x3d\x20\x28\x28\x28\x5f\x5f\x75\x5f\x7a\x5f\x68\x20\x2b\x20\x5f\x5f\x75\x5f\x7a"
  "\x5f\x6c\x29\x20\x2b\x20\x5f\x5f\x75\x5f\x64\x70\x68\x6b\x29\x20\x2b\x20\x5f\x5f"
  "\x75\x5f\x74\x29\x3b\x0a\x20\x20\x20\x20\x20\x20\x20\x20\x5f\x5f\x75\x5f\x74\x31"
  "\x20\x3d\x20\x5f\x6d\x5f\x6d\x6b\x28\x5f\x6d\x5f\x68\x69\x28\x5f\x5f\x75\x5f\x74"
  "\x31\x29\x2c\x20\x30\x29\x3b\x0a\x20\x20\x20\x20\x20\x20\x20\x20\x5f\x5f\x75\x5f"
  "\x74\x32\x20\x3d\x20\x5f\x5f\x75\x5f\x7a\x5f\x6c\x20\x2d\x20\x28\x28\x28\x5f\x5f"
  "\x75\x5f\x74\x31\x20\x2d\x20\x5f\x5f\x75\x5f\x74\x29\x20\x2d\x20\x5f\x5f\x75\x5f"
  "\x64\x70\x68\x6b\x29\x20\x2d\x20\x5f\x5f\x75\x5f\x7a\x5f\x68\x29\x3b\x0a\x20\x20"
  "\x20\x20\x7d\x0a\x20\x20\x20\x20\x5f\x5f\x75\x5f\x79\x31\x20\x3d\x20\x5f\x6d\x5f"
  "\x6d\x6b\x28\x5f\x6d\x5f\x68\x69\x28\x5f\x5f\x75\x5f\x79\x29\x2c\x20\x30\x29\x3b"
  "\x0a\x20\x20\x20\x20\x5f\x5f\x75\x5f\x70\x5f\x6c\x20\x3d\x20\x28\x5f\x5f\x75\x5f"
  "\x79\x20\x2d\x20\x5f\x5f\x75\x5f\x79\x31\x29\x20\x2a\x20\x5f\x5f\x75\x5f\x74\x31"
  "\x20\x2b\x20\x5f\x5f\x75\x5f\x79\x20\x2a\x20\x5f\x5f\x75\x5f\x74\x32\x3b\x0a\x20"
  "\x20\x20\x20\x5f\x5f\x75\x5f\x70\x5f\x68\x20\x3d\x20\x5f\x5f\x75\x5f\x79\x31\x20"
  "\x2a\x20\x5f\x5f\x75\x5f\x74\x31\x3b\x0a\x20\x20\x20\x20\x5f\x5f\x75\x5f\x7a\x20"
  "\x3d\x20\x5f\x5f\x75\x5f\x70\x5f\x6c\x20\x2b\x20\x5f\x5f\x75\x5f\x70\x5f\x68\x3b"
  "\x0a\x20\x20\x20\x20\x5f\x5f\x75\x5f\x6a\x20\x3d\x20\x5f\x6d\x5f\x68\x69\x28\x5f"
  "\x5f\x75\x5f\x7a\x29\x3b\x0a\x20\x20\x20\x20\x5f\x5f\x75\x5f\x69\x20\x3d\x20\x5f"
  "\x6d\x5f\x6c\x6f\x28\x5f\x5f\x75\x5f\x7a\x29\x3b\x0a\x20\x20\x20\x20\x69\x66\x20"
  "\x28\x5f\x5f\x75\x5f\x6a\x20\x3e\x3d\x20\x31\x30\x38\x33\x31\x37\x39\x30\x30\x38"
  "\x29\x20\x7b\x20\x20\x20\x20\x20\x20\x20\x20\x20\x20\x20\x20\x20\x20\x20\x20\x20"
  "\x20\x20\x20\x20\x20\x20\x20\x20\x20\x20\x20\x20\x20\x20\x20\x20\x20\x2f\x2a\x20"
  "\x7a\x20\x3e\x3d\x20\x31\x30\x32\x34\x20\x2a\x2f\x0a\x20\x20\x20\x20\x20\x20\x20"
  "\x20\x69\x66\x20\x28\x28\x28\x5f\x5f\x75\x5f\x6a\x20\x2d\x20\x31\x30\x38\x33\x31"
  "\x37\x39\x30\x30\x38\x29\x20\x7c\x20\x5f\x5f\x75\x5f\x69\x29\x20\x21\x3d\x20\x30"
  "\x29\x20\x72\x65\x74\x75\x72\x6e\x20\x5f\x5f\x75\x5f\x73\x20\x2a\x20\x31\x2e\x30"
  "\x65\x33\x30\x30\x20\x2a\x20\x31\x2e\x30\x65\x33\x30\x30\x3b\x0a\x20\x20\x20\x20"
  "\x20\x20\x20\x20\x69\x66\x20\x28\x5f\x5f\x75\x5f\x70\x5f\x6c\x20\x2b\x20\x38\x2e"
  "\x30\x30\x38\x35\x36\x36\x32\x35\x39\x35\x33\x37\x32\x39\x34\x34\x33\x37\x32\x65"
  "\x2d\x31\x37\x20\x3e\x20\x5f\x5f\x75\x5f\x7a\x20\x2d\x20\x5f\x5f\x75\x5f\x70\x5f"
  "\x68\x29\x20\x72\x65\x74\x75\x72\x6e\x20\x5f\x5f\x75\x5f\x73\x20\x2a\x20\x31\x2e"
  "\x30\x65\x33\x30\x30\x20\x2a\x20\x31\x2e\x30\x65\x33\x30\x30\x3b\x0a\x20\x20\x20"
  "\x20\x7d\x20\x65\x6c\x73\x65\x20\x7b\x20\x69\x66\x20\x28\x28\x5f\x5f\x75\x5f\x6a"
  "\x20\x26\x20\x32\x31\x34\x37\x34\x38\x33\x36\x34\x37\x29\x20\x3e\x3d\x20\x31\x30"
  "\x38\x33\x32\x33\x31\x32\x33\x32\x29\x20\x7b\x20\x20\x20\x20\x20\x20\x20\x20\x20"
  "\x20\x2f\x2a\x20\x7a\x20\x3c\x3d\x20\x2d\x31\x30\x37\x35\x20\x2a\x2f\x0a\x20\x20"
  "\x20\x20\x20\x20\x20\x20\x69\x66\x20\x28\x28\x28\x5f\x5f\x75\x5f\x6a\x20\x2d\x20"
  "\x28\x30\x20\x2d\x20\x31\x30\x36\x34\x32\x35\x32\x34\x31\x36\x29\x29\x20\x7c\x20"
  "\x5f\x5f\x75\x5f\x69\x29\x20\x21\x3d\x20\x30\x29\x20\x72\x65\x74\x75\x72\x6e\x20"
  "\x5f\x5f\x75\x5f\x73\x20\x2a\x20\x31\x2e\x30\x65\x2d\x33\x30\x30\x20\x2a\x20\x31"
  "\x2e\x30\x65\x2d\x33\x30\x30\x3b\x0a\x20\x20\x20\x20\x20\x20\x20\x20\x69\x66\x20"
  "\x28\x5f\x5f\x75\x5f\x70\x5f\x6c\x20\x3c\x3d\x20\x5f\x5f\x75\x5f\x7a\x20\x2d\x20"
  "\x5f\x5f\x75\x5f\x70\x5f\x68\x29\x20\x72\x65\x74\x75\x72\x6e\x20\x5f\x5f\x75\x5f"
  "\x73\x20\x2a\x20\x31\x2e\x30\x65\x2d\x33\x30\x30\x20\x2a\x20\x31\x2e\x30\x65\x2d"
  "\x33\x30\x30\x3b\x0a\x20\x20\x20\x20\x7d\x20\x7d\x0a\x20\x20\x20\x20\x5f\x5f\x75"
  "\x5f\x69\x20\x3d\x20\x5f\x5f\x75\x5f\x6a\x20\x26\x20\x32\x31\x34\x37\x34\x38\x33"
  "\x36\x34\x37\x3b\x0a\x20\x20\x20\x20\x5f\x5f\x75\x5f\x6b\x20\x3d\x20\x28\x5f\x5f"
  "\x75\x5f\x69\x20\x3e\x3e\x20\x32\x30\x29\x20\x2d\x20\x31\x30\x32\x33\x3b\x0a\x20"
  "\x20\x20\x20\x5f\x5f\x75\x5f\x6e\x20\x3d\x20\x30\x3b\x0a\x20\x20\x20\x20\x69\x66"
  "\x20\x28\x5f\x5f\x75\x5f\x69\x20\x3e\x20\x31\x30\x37\x31\x36\x34\x34\x36\x37\x32"
  "\x29\x20\x7b\x20\x20\x20\x20\x20\x20\x20\x20\x20\x20\x20\x20\x20\x20\x20\x20\x20"
  "\x20\x20\x20\x20\x20\x20\x20\x20\x20\x20\x20\x20\x20\x20\x20\x20\x20\x20\x2f\x2a"
  "\x20\x7c\x7a\x7c\x20\x3e\x20\x30\x2e\x35\x20\x2a\x2f\x0a\x20\x20\x20\x20\x20\x20"
  "\x20\x20\x5f\x5f\x75\x5f\x6e\x20\x3d\x20\x5f\x5f\x75\x5f\x6a\x20\x2b\x20\x28\x31"
  "\x30\x34\x38\x35\x37\x36\x20\x3e\x3e\x20\x28\x5f\x5f\x75\x5f\x6b\x20\x2b\x20\x31"
  "\x29\x29\x3b\x0a\x20\x20\x20\x20\x20\x20\x20\x20\x5f\x5f\x75\x5f\x6b\x20\x3d\x20"
  "\x28\x28\x5f\x5f\x75\x5f\x6e\x20\x26\x20\x32\x31\x34\x37\x34\x38\x33\x36\x34\x37"
  "\x29\x20\x3e\x3e\x20\x32\x30\x29\x20\x2d\x20\x31\x30\x32\x33\x3b\x0a\x20\x20\x20"
  "\x20\x20\x20\x20\x20\x5f\x5f\x75\x5f\x74\x20\x3d\x20\x5f\x6d\x5f\x6d\x6b\x28\x5f"
  "\x5f\x75\x5f\x6e\x20\x26\x20\x7e\x28\x31\x30\x34\x38\x35\x37\x35\x20\x3e\x3e\x20"
  "\x5f\x5f\x75\x5f\x6b\x29\x2c\x20\x30\x29\x3b\x0a\x20\x20\x20\x20\x20\x20\x20\x20"
  "\x5f\x5f\x75\x5f\x6e\x20\x3d\x20\x28\x28\x5f\x5f\x75\x5f\x6e\x20\x26\x20\x31\x30"
  "\x34\x38\x35\x37\x35\x29\x20\x7c\x20\x31\x30\x34\x38\x35\x37\x36\x29\x20\x3e\x3e"
  "\x20\x28\x32\x30\x20\x2d\x20\x5f\x5f\x75\x5f\x6b\x29\x3b\x0a\x20\x20\x20\x20\x20"
  "\x20\x20\x20\x69\x66\x20\x28\x5f\x5f\x75\x5f\x6a\x20\x3c\x20\x30\x29\x20\x5f\x5f"
  "\x75\x5f\x6e\x20\x3d\x20\x30\x20\x2d\x20\x5f\x5f\x75\x5f\x6e\x3b\x0a\x20\x20\x20"
  "\x20\x20\x20\x20\x20\x5f\x5f\x75\x5f\x70\x5f\x68\x20\x3d\x20\x5f\x5f\x75\x5f\x70"
  "\x5f\x68\x20\x2d\x20\x5f\x5f\x75\x5f\x74\x3b\x0a\x20\x20\x20\x20\x7d\x0a\x20\x20"
  "\x20\x20\x5f\x5f\x75\x5f\x74\x20\x3d\x20\x5f\x5f\x75\x5f\x70\x5f\x6c\x20\x2b\x20"
  "\x5f\x5f\x75\x5f\x70\x5f\x68\x3b\x0a\x20\x20\x20\x20\x5f\x5f\x75\x5f\x74\x20\x3d"
  "\x20\x5f\x6d\x5f\x6d\x6b\x28\x5f\x6d\x5f\x68\x69\x28\x5f\x5f\x75\x5f\x74\x29\x2c"
  "\x20\x30\x29\x3b\x0a\x20\x20\x20\x20\x5f\x5f\x75\x5f\x75\x20\x3d\x20\x5f\x5f\x75"
  "\x5f\x74\x20\x2a\x20\x36\x2e\x39\x33\x31\x34\x37\x31\x38\x32\x34\x36\x34\x35\x39"
  "\x39\x36\x30\x39\x33\x37\x35\x65\x2d\x30\x31\x3b\x0a\x20\x20\x20\x20\x5f\x5f\x75"
  "\x5f\x76\x20\x3d\x20\x28\x5f\x5f\x75\x5f\x70\x5f\x6c\x20\x2d\x20\x28\x5f\x5f\x75"
  "\x5f\x74\x20\x2d\x20\x5f\x5f\x75\x5f\x70\x5f\x68\x29\x29\x20\x2a\x20\x36\x2e\x39"
  "\x33\x31\x34\x37\x31\x38\x30\x35\x35\x39\x39\x34\x35\x32\x38\x36\x32\x32\x37\x65"
  "\x2d\x30\x31\x20\x2b\x20\x5f\x5f\x75\x5f\x74\x20\x2a\x20\x28\x30\x20\x2d\x20\x31"
  "\x2e\x39\x30\x34\x36\x35\x34\x32\x39\x39\x39\x35\x37\x37\x36\x38\x30\x34\x35\x32"
  "\x35\x65\x2d\x30\x39\x29\x3b\x0a\x20\x20\x20\x20\x5f\x5f\x75\x5f\x7a\x20\x3d\x20"
  "\x5f\x5f\x75\x5f\x75\x20\x2b\x20\x5f\x5f\x75\x5f\x76\x3b\x0a\x20\x20\x20\x20\x5f"
  "\x5f\x75\x5f\x77\x20\x3d\x20\x5f\x5f\x75\x5f\x76\x20\x2d\x20\x28\x5f\x5f\x75\x5f"
  "\x7a\x20\x2d\x20\x5f\x5f\x75\x5f\x75\x29\x3b\x0a\x20\x20\x20\x20\x5f\x5f\x75\x5f"
  "\x74\x20\x3d\x20\x5f\x5f\x75\x5f\x7a\x20\x2a\x20\x5f\x5f\x75\x5f\x7a\x3b\x0a\x20"
  "\x20\x20\x20\x5f\x5f\x75\x5f\x74\x31\x20\x3d\x20\x5f\x5f\x75\x5f\x7a\x20\x2d\x20"
  "\x5f\x5f\x75\x5f\x74\x20\x2a\x20\x28\x31\x2e\x36\x36\x36\x36\x36\x36\x36\x36\x36"
  "\x36\x36\x36\x36\x36\x30\x31\x39\x30\x33\x37\x65\x2d\x30\x31\x20\x2b\x20\x5f\x5f"
  "\x75\x5f\x74\x20\x2a\x20\x28\x30\x20\x2d\x20\x32\x2e\x37\x37\x37\x37\x37\x37\x37"
  "\x37\x37\x37\x30\x31\x35\x35\x39\x33\x33\x38\x34\x32\x65\x2d\x30\x33\x0a\x20\x20"
  "\x20\x20\x20\x20\x20\x20\x20\x2b\x20\x5f\x5f\x75\x5f\x74\x20\x2a\x20\x28\x36\x2e"
  "\x36\x31\x33\x37\x35\x36\x33\x32\x31\x34\x33\x37\x39\x33\x34\x33\x36\x31\x31\x37"
  "\x65\x2d\x30\x35\x20\x2b\x20\x5f\x5f\x75\x5f\x74\x20\x2a\x20\x28\x30\x20\x2d\x20"
  "\x31\x2e\x36\x35\x33\x33\x39\x30\x32\x32\x30\x35\x34\x36\x35\x32\x35\x31\x35\x33"
  "\x39\x30\x65\x2d\x30\x36\x0a\x20\x20\x20\x20\x20\x20\x20\x20\x20\x2b\x20\x5f\x5f"
  "\x75\x5f\x74\x20\x2a\x20\x34\x2e\x31\x33\x38\x31\x33\x36\x37\x39\x37\x30\x35\x37"
  "\x32\x33\x38\x34\x36\x30\x33\x39\x65\x2d\x30\x38\x29\x29\x29\x29\x3b\x0a\x20\x20"
  "\x20\x20\x5f\x5f\x75\x5f\x72\x20\x3d\x20\x28\x5f\x5f\x75\x5f\x7a\x20\x2a\x20\x5f"
  "\x5f\x75\x5f\x74\x31\x29\x20\x2f\x20\x28\x5f\x5f\x75\x5f\x74\x31\x20\x2d\x20\x32"
  "\x2e\x30\x29\x20\x2d\x20\x28\x5f\x5f\x75\x5f\x77\x20\x2b\x20\x5f\x5f\x75\x5f\x7a"
  "\x20\x2a\x20\x5f\x5f\x75\x5f\x77\x29\x3b\x0a\x20\x20\x20\x20\x5f\x5f\x75\x5f\x7a"
  "\x20\x3d\x20\x31\x2e\x30\x20\x2d\x20\x28\x5f\x5f\x75\x5f\x72\x20\x2d\x20\x5f\x5f"
  "\x75\x5f\x7a\x29\x3b\x0a\x20\x20\x20\x20\x5f\x5f\x75\x5f\x6a\x20\x3d\x20\x5f\x6d"
  "\x5f\x68\x69\x28\x5f\x5f\x75\x5f\x7a\x29\x3b\x0a\x20\x20\x20\x20\x5f\x5f\x75\x5f"
  "\x6a\x20\x3d\x20\x5f\x5f\x75\x5f\x6a\x20\x2b\x20\x28\x5f\x5f\x75\x5f\x6e\x20\x3c"
  "\x3c\x20\x32\x30\x29\x3b\x0a\x20\x20\x20\x20\x69\x66\x20\x28\x28\x5f\x5f\x75\x5f"
  "\x6a\x20\x3e\x3e\x20\x32\x30\x29\x20\x3c\x3d\x20\x30\x29\x20\x5f\x5f\x75\x5f\x7a"
  "\x20\x3d\x20\x73\x63\x61\x6c\x62\x6e\x28\x5f\x5f\x75\x5f\x7a\x2c\x20\x5f\x5f\x75"
  "\x5f\x6e\x29\x3b\x20\x20\x20\x20\x20\x20\x20\x20\x20\x20\x20\x20\x20\x20\x20\x20"
  "\x20\x20\x20\x2f\x2a\x20\x73\x75\x62\x6e\x6f\x72\x6d\x61\x6c\x20\x2a\x2f\x0a\x20"
  "\x20\x20\x20\x65\x6c\x73\x65\x20\x5f\x5f\x75\x5f\x7a\x20\x3d\x20\x5f\x6d\x5f\x73"
  "\x65\x74\x68\x69\x28\x5f\x5f\x75\x5f\x7a\x2c\x20\x5f\x6d\x5f\x68\x69\x28\x5f\x5f"
  "\x75\x5f\x7a\x29\x20\x2b\x20\x28\x5f\x5f\x75\x5f\x6e\x20\x3c\x3c\x20\x32\x30\x29"
  "\x29\x3b\x0a\x20\x20\x20\x20\x72\x65\x74\x75\x72\x6e\x20\x5f\x5f\x75\x5f\x73\x20"
  "\x2a\x20\x5f\x5f\x75\x5f\x7a\x3b\x0a\x7d\x0a\x23\x65\x6e\x64\x69\x66\x0a\x23\x69"
  "\x66\x20\x21\x5f\x5f\x55\x4e\x49\x53\x41\x5f\x46\x54\x52\x49\x4d\x5f\x4c\x49\x42"
  "\x43\x20\x7c\x7c\x20\x5f\x5f\x55\x4e\x5f\x70\x6f\x77\x66\x0a\x73\x74\x61\x74\x69"
  "\x63\x20\x66\x6c\x6f\x61\x74\x20\x70\x6f\x77\x66\x28\x66\x6c\x6f\x61\x74\x20\x5f"
  "\x5f\x75\x5f\x78\x2c\x20\x66\x6c\x6f\x61\x74\x20\x5f\x5f\x75\x5f\x79\x29\x20\x7b"
  "\x20\x72\x65\x74\x75\x72\x6e\x20\x28\x66\x6c\x6f\x61\x74\x29\x70\x6f\x77\x28\x28"
  "\x64\x6f\x75\x62\x6c\x65\x29\x5f\x5f\x75\x5f\x78\x2c\x20\x28\x64\x6f\x75\x62\x6c"
  "\x65\x29\x5f\x5f\x75\x5f\x79\x29\x3b\x20\x7d\x0a\x23\x65\x6e\x64\x69\x66\x0a\x23"
  "\x69\x66\x20\x21\x5f\x5f\x55\x4e\x49\x53\x41\x5f\x46\x54\x52\x49\x4d\x5f\x4c\x49"
  "\x42\x43\x20\x7c\x7c\x20\x5f\x5f\x55\x4e\x5f\x68\x79\x70\x6f\x74\x0a\x73\x74\x61"
  "\x74\x69\x63\x20\x64\x6f\x75\x62\x6c\x65\x20\x68\x79\x70\x6f\x74\x28\x64\x6f\x75"
  "\x62\x6c\x65\x20\x5f\x5f\x75\x5f\x78\x2c\x20\x64\x6f\x75\x62\x6c\x65\x20\x5f\x5f"
  "\x75\x5f\x79\x29\x20\x7b\x0a\x20\x20\x20\x20\x64\x6f\x75\x62\x6c\x65\x20\x5f\x5f"
  "\x75\x5f\x61\x3b\x20\x64\x6f\x75\x62\x6c\x65\x20\x5f\x5f\x75\x5f\x62\x3b\x20\x64"
  "\x6f\x75\x62\x6c\x65\x20\x5f\x5f\x75\x5f\x74\x3b\x0a\x20\x20\x20\x20\x5f\x5f\x75"
  "\x5f\x61\x20\x3d\x20\x66\x61\x62\x73\x28\x5f\x5f\x75\x5f\x78\x29\x3b\x20\x5f\x5f"
  "\x75\x5f\x62\x20\x3d\x20\x66\x61\x62\x73\x28\x5f\x5f\x75\x5f\x79\x29\x3b\x0a\x20"
  "\x20\x20\x20\x69\x66\x20\x28\x69\x73\x69\x6e\x66\x28\x5f\x5f\x75\x5f\x61\x29\x20"
  "\x7c\x7c\x20\x69\x73\x69\x6e\x66\x28\x5f\x5f\x75\x5f\x62\x29\x29\x20\x72\x65\x74"
  "\x75\x72\x6e\x20\x31\x2e\x30\x20\x2f\x20\x30\x2e\x30\x3b\x0a\x20\x20\x20\x20\x69"
  "\x66\x20\x28\x5f\x5f\x75\x5f\x61\x20\x3c\x20\x5f\x5f\x75\x5f\x62\x29\x20\x7b\x20"
  "\x5f\x5f\x75\x5f\x74\x20\x3d\x20\x5f\x5f\x75\x5f\x61\x3b\x20\x5f\x5f\x75\x5f\x61"
  "\x20\x3d\x20\x5f\x5f\x75\x5f\x62\x3b\x20\x5f\x5f\x75\x5f\x62\x20\x3d\x20\x5f\x5f"
  "\x75\x5f\x74\x3b\x20\x7d\x0a\x20\x20\x20\x20\x69\x66\x20\x28\x5f\x5f\x75\x5f\x61"
  "\x20\x3d\x3d\x20\x30\x2e\x30\x29\x20\x72\x65\x74\x75\x72\x6e\x20\x30\x2e\x30\x3b"
  "\x0a\x20\x20\x20\x20\x5f\x5f\x75\x5f\x74\x20\x3d\x20\x5f\x5f\x75\x5f\x62\x20\x2f"
  "\x20\x5f\x5f\x75\x5f\x61\x3b\x0a\x20\x20\x20\x20\x72\x65\x74\x75\x72\x6e\x20\x5f"
  "\x5f\x75\x5f\x61\x20\x2a\x20\x73\x71\x72\x74\x28\x31\x2e\x30\x20\x2b\x20\x5f\x5f"
  "\x75\x5f\x74\x20\x2a\x20\x5f\x5f\x75\x5f\x74\x29\x3b\x0a\x7d\x0a\x23\x65\x6e\x64"
  "\x69\x66\x0a\x23\x69\x66\x20\x21\x5f\x5f\x55\x4e\x49\x53\x41\x5f\x46\x54\x52\x49"
  "\x4d\x5f\x4c\x49\x42\x43\x20\x7c\x7c\x20\x5f\x5f\x55\x4e\x5f\x63\x62\x72\x74\x0a"
  "\x73\x74\x61\x74\x69\x63\x20\x64\x6f\x75\x62\x6c\x65\x20\x63\x62\x72\x74\x28\x64"
  "\x6f\x75\x62\x6c\x65\x20\x5f\x5f\x75\x5f\x78\x29\x20\x7b\x0a\x20\x20\x20\x20\x64"
  "\x6f\x75\x62\x6c\x65\x20\x5f\x5f\x75\x5f\x79\x3b\x0a\x20\x20\x20\x20\x69\x6e\x74"
  "\x20\x5f\x5f\x75\x5f\x6b\x3b\x0a\x20\x20\x20\x20\x69\x66\x20\x28\x5f\x5f\x75\x5f"
  "\x78\x20\x3d\x3d\x20\x30\x2e\x30\x20\x7c\x7c\x20\x5f\x5f\x75\x5f\x78\x20\x21\x3d"
  "\x20\x5f\x5f\x75\x5f\x78\x20\x7c\x7c\x20\x69\x73\x69\x6e\x66\x28\x5f\x5f\x75\x5f"
  "\x78\x29\x29\x20\x72\x65\x74\x75\x72\x6e\x20\x5f\x5f\x75\x5f\x78\x3b\x0a\x20\x20"
  "\x20\x20\x5f\x5f\x75\x5f\x79\x20\x3d\x20\x63\x6f\x70\x79\x73\x69\x67\x6e\x28\x65"
  "\x78\x70\x28\x6c\x6f\x67\x28\x66\x61\x62\x73\x28\x5f\x5f\x75\x5f\x78\x29\x29\x20"
  "\x2f\x20\x33\x2e\x30\x29\x2c\x20\x5f\x5f\x75\x5f\x78\x29\x3b\x0a\x20\x20\x20\x20"
  "\x5f\x5f\x75\x5f\x6b\x20\x3d\x20\x30\x3b\x0a\x20\x20\x20\x20\x77\x68\x69\x6c\x65"
  "\x20\x28\x5f\x5f\x75\x5f\x6b\x20\x3c\x20\x32\x29\x20\x7b\x20\x5f\x5f\x75\x5f\x79"
  "\x20\x3d\x20\x5f\x5f\x75\x5f\x79\x20\x2d\x20\x28\x5f\x5f\x75\x5f\x79\x20\x2a\x20"
  "\x5f\x5f\x75\x5f\x79\x20\x2a\x20\x5f\x5f\x75\x5f\x79\x20\x2d\x20\x5f\x5f\x75\x5f"
  "\x78\x29\x20\x2f\x20\x28\x33\x2e\x30\x20\x2a\x20\x5f\x5f\x75\x5f\x79\x20\x2a\x20"
  "\x5f\x5f\x75\x5f\x79\x29\x3b\x20\x5f\x5f\x75\x5f\x6b\x20\x3d\x20\x5f\x5f\x75\x5f"
  "\x6b\x20\x2b\x20\x31\x3b\x20\x7d\x20\x20\x20\x2f\x2a\x20\x4e\x65\x77\x74\x6f\x6e"
  "\x20\x2a\x2f\x0a\x20\x20\x20\x20\x72\x65\x74\x75\x72\x6e\x20\x5f\x5f\x75\x5f\x79"
  "\x3b\x0a\x7d\x0a\x23\x65\x6e\x64\x69\x66\x0a\x23\x69\x66\x20\x21\x5f\x5f\x55\x4e"
  "\x49\x53\x41\x5f\x46\x54\x52\x49\x4d\x5f\x4c\x49\x42\x43\x20\x7c\x7c\x20\x5f\x5f"
  "\x55\x4e\x5f\x66\x6d\x61\x78\x0a\x73\x74\x61\x74\x69\x63\x20\x64\x6f\x75\x62\x6c"
  "\x65\x20\x66\x6d\x61\x78\x28\x64\x6f\x75\x62\x6c\x65\x20\x5f\x5f\x75\x5f\x61\x2c"
  "\x20\x64\x6f\x75\x62\x6c\x65\x20\x5f\x5f\x75\x5f\x62\x29\x20\x7b\x20\x69\x66\x20"
  "\x28\x5f\x5f\x75\x5f\x61\x20\x21\x3d\x20\x5f\x5f\x75\x5f\x61\x29\x20\x72\x65\x74"
  "\x75\x72\x6e\x20\x5f\x5f\x75\x5f\x62\x3b\x20\x69\x66\x20\x28\x5f\x5f\x75\x5f\x62"
  "\x20\x21\x3d\x20\x5f\x5f\x75\x5f\x62\x29\x20\x72\x65\x74\x75\x72\x6e\x20\x5f\x5f"
  "\x75\x5f\x61\x3b\x20\x72\x65\x74\x75\x72\x6e\x20\x5f\x5f\x75\x5f\x61\x20\x3e\x20"
  "\x5f\x5f\x75\x5f\x62\x20\x3f\x20\x5f\x5f\x75\x5f\x61\x20\x3a\x20\x5f\x5f\x75\x5f"
  "\x62\x3b\x20\x7d\x0a\x23\x65\x6e\x64\x69\x66\x0a\x23\x69\x66\x20\x21\x5f\x5f\x55"
  "\x4e\x49\x53\x41\x5f\x46\x54\x52\x49\x4d\x5f\x4c\x49\x42\x43\x20\x7c\x7c\x20\x5f"
  "\x5f\x55\x4e\x5f\x66\x6d\x69\x6e\x0a\x73\x74\x61\x74\x69\x63\x20\x64\x6f\x75\x62"
  "\x6c\x65\x20\x66\x6d\x69\x6e\x28\x64\x6f\x75\x62\x6c\x65\x20\x5f\x5f\x75\x5f\x61"
  "\x2c\x20\x64\x6f\x75\x62\x6c\x65\x20\x5f\x5f\x75\x5f\x62\x29\x20\x7b\x20\x69\x66"
  "\x20\x28\x5f\x5f\x75\x5f\x61\x20\x21\x3d\x20\x5f\x5f\x75\x5f\x61\x29\x20\x72\x65"
  "\x74\x75\x72\x6e\x20\x5f\x5f\x75\x5f\x62\x3b\x20\x69\x66\x20\x28\x5f\x5f\x75\x5f"
  "\x62\x20\x21\x3d\x20\x5f\x5f\x75\x5f\x62\x29\x20\x72\x65\x74\x75\x72\x6e\x20\x5f"
  "\x5f\x75\x5f\x61\x3b\x20\x72\x65\x74\x75\x72\x6e\x20\x5f\x5f\x75\x5f\x61\x20\x3c"
  "\x20\x5f\x5f\x75\x5f\x62\x20\x3f\x20\x5f\x5f\x75\x5f\x61\x20\x3a\x20\x5f\x5f\x75"
  "\x5f\x62\x3b\x20\x7d\x0a\x23\x65\x6e\x64\x69\x66\x0a\x23\x69\x66\x20\x21\x5f\x5f"
  "\x55\x4e\x49\x53\x41\x5f\x46\x54\x52\x49\x4d\x5f\x4c\x49\x42\x43\x20\x7c\x7c\x20"
  "\x5f\x5f\x55\x4e\x5f\x66\x64\x69\x6d\x0a\x73\x74\x61\x74\x69\x63\x20\x64\x6f\x75"
  "\x62\x6c\x65\x20\x66\x64\x69\x6d\x28\x64\x6f\x75\x62\x6c\x65\x20\x5f\x5f\x75\x5f"
  "\x61\x2c\x20\x64\x6f\x75\x62\x6c\x65\x20\x5f\x5f\x75\x5f\x62\x29\x20\x7b\x20\x72"
  "\x65\x74\x75\x72\x6e\x20\x5f\x5f\x75\x5f\x61\x20\x3e\x20\x5f\x5f\x75\x5f\x62\x20"
  "\x3f\x20\x5f\x5f\x75\x5f\x61\x20\x2d\x20\x5f\x5f\x75\x5f\x62\x20\x3a\x20\x30\x2e"
  "\x30\x3b\x20\x7d\x0a\x23\x65\x6e\x64\x69\x66\x0a\x23\x65\x6e\x64\x69\x66\x0a";

/* HDR_11: include/memory.h, verbatim */
char *HDR_11 =
  "\x2f\x2a\x20\x3c\x6d\x65\x6d\x6f\x72\x79\x2e\x68\x3e\x3a\x20\x74\x68\x65\x20\x70"
  "\x72\x65\x2d\x73\x74\x61\x6e\x64\x61\x72\x64\x20\x73\x70\x65\x6c\x6c\x69\x6e\x67"
  "\x20\x6f\x66\x20\x3c\x73\x74\x72\x69\x6e\x67\x2e\x68\x3e\x2c\x20\x77\x68\x69\x63"
  "\x68\x20\x67\x6c\x69\x62\x63\x20\x61\x6e\x64\x0a\x20\x2a\x20\x6d\x61\x63\x4f\x53"
  "\x20\x62\x6f\x74\x68\x20\x73\x74\x69\x6c\x6c\x20\x73\x68\x69\x70\x2e\x20\x20\x63"
  "\x72\x79\x70\x74\x6f\x2d\x61\x6c\x67\x6f\x72\x69\x74\x68\x6d\x73\x20\x69\x6e\x63"
  "\x6c\x75\x64\x65\x73\x20\x69\x74\x2c\x20\x61\x6e\x64\x20\x61\x20\x68\x65\x61\x64"
  "\x65\x72\x20\x74\x68\x61\x74\x0a\x20\x2a\x20\x63\x61\x6e\x6e\x6f\x74\x20\x62\x65"
  "\x20\x66\x6f\x75\x6e\x64\x20\x69\x73\x20\x61\x6e\x20\x65\x72\x72\x6f\x72\x20\x6e"
  "\x6f\x77\x20\x5b\x43\x39\x39\x20\x36\x2e\x31\x30\x2e\x32\x70\x34\x5d\x2e\x20\x2a"
  "\x2f\x0a\x23\x69\x66\x6e\x64\x65\x66\x20\x5f\x55\x4e\x49\x53\x41\x5f\x4d\x45\x4d"
  "\x4f\x52\x59\x5f\x48\x0a\x23\x64\x65\x66\x69\x6e\x65\x20\x5f\x55\x4e\x49\x53\x41"
  "\x5f\x4d\x45\x4d\x4f\x52\x59\x5f\x48\x0a\x23\x69\x6e\x63\x6c\x75\x64\x65\x20\x3c"
  "\x73\x74\x72\x69\x6e\x67\x2e\x68\x3e\x0a\x23\x65\x6e\x64\x69\x66\x0a";

/* HDR_12: include/poll.h, verbatim */
char *HDR_12 =
  "\x2f\x2a\x20\x3c\x70\x6f\x6c\x6c\x2e\x68\x3e\x20\x28\x30\x2e\x30\x2e\x31\x38\x20"
  "\x52\x31\x38\x2d\x31\x30\x29\x3a\x20\x70\x6f\x6c\x6c\x28\x29\x20\x6f\x76\x65\x72"
  "\x20\x74\x68\x65\x20\x6b\x65\x72\x6e\x65\x6c\x27\x73\x20\x70\x6f\x6c\x6c\x20\x2d"
  "\x2d\x20\x4c\x69\x6e\x75\x78\x2f\x61\x72\x6d\x36\x34\x20\x68\x61\x73\x0a\x20\x2a"
  "\x20\x6f\x6e\x6c\x79\x20\x70\x70\x6f\x6c\x6c\x2c\x20\x73\x6f\x20\x74\x68\x65\x72"
  "\x65\x20\x74\x68\x65\x20\x74\x69\x6d\x65\x6f\x75\x74\x20\x62\x65\x63\x6f\x6d\x65"
  "\x73\x20\x61\x20\x74\x69\x6d\x65\x73\x70\x65\x63\x2e\x20\x20\x57\x69\x6e\x64\x6f"
  "\x77\x73\x3a\x20\x6e\x6f\x74\x20\x79\x65\x74\x2e\x20\x2a\x2f\x0a\x23\x69\x66\x6e"
  "\x64\x65\x66\x20\x5f\x55\x4e\x49\x53\x41\x5f\x50\x4f\x4c\x4c\x5f\x48\x0a\x23\x64"
  "\x65\x66\x69\x6e\x65\x20\x5f\x55\x4e\x49\x53\x41\x5f\x50\x4f\x4c\x4c\x5f\x48\x0a"
  "\x23\x69\x6e\x63\x6c\x75\x64\x65\x20\x3c\x65\x72\x72\x6e\x6f\x2e\x68\x3e\x0a\x23"
  "\x69\x66\x6e\x64\x65\x66\x20\x5f\x57\x49\x4e\x33\x32\x0a\x23\x64\x65\x66\x69\x6e"
  "\x65\x20\x50\x4f\x4c\x4c\x49\x4e\x20\x20\x20\x30\x78\x30\x30\x31\x0a\x23\x64\x65"
  "\x66\x69\x6e\x65\x20\x50\x4f\x4c\x4c\x50\x52\x49\x20\x20\x30\x78\x30\x30\x32\x0a"
  "\x23\x64\x65\x66\x69\x6e\x65\x20\x50\x4f\x4c\x4c\x4f\x55\x54\x20\x20\x30\x78\x30"
  "\x30\x34\x0a\x23\x64\x65\x66\x69\x6e\x65\x20\x50\x4f\x4c\x4c\x45\x52\x52\x20\x20"
  "\x30\x78\x30\x30\x38\x0a\x23\x64\x65\x66\x69\x6e\x65\x20\x50\x4f\x4c\x4c\x48\x55"
  "\x50\x20\x20\x30\x78\x30\x31\x30\x0a\x23\x64\x65\x66\x69\x6e\x65\x20\x50\x4f\x4c"
  "\x4c\x4e\x56\x41\x4c\x20\x30\x78\x30\x32\x30\x0a\x74\x79\x70\x65\x64\x65\x66\x20"
  "\x75\x6e\x73\x69\x67\x6e\x65\x64\x20\x69\x6e\x74\x20\x6e\x66\x64\x73\x5f\x74\x3b"
  "\x0a\x73\x74\x72\x75\x63\x74\x20\x70\x6f\x6c\x6c\x66\x64\x20\x7b\x20\x69\x6e\x74"
  "\x20\x66\x64\x3b\x20\x73\x68\x6f\x72\x74\x20\x65\x76\x65\x6e\x74\x73\x3b\x20\x73"
  "\x68\x6f\x72\x74\x20\x72\x65\x76\x65\x6e\x74\x73\x3b\x20\x7d\x3b\x0a\x23\x69\x66"
  "\x6e\x64\x65\x66\x20\x5f\x55\x4e\x49\x53\x41\x5f\x54\x49\x4d\x45\x53\x50\x45\x43"
  "\x0a\x23\x64\x65\x66\x69\x6e\x65\x20\x5f\x55\x4e\x49\x53\x41\x5f\x54\x49\x4d\x45"
  "\x53\x50\x45\x43\x0a\x73\x74\x72\x75\x63\x74\x20\x74\x69\x6d\x65\x73\x70\x65\x63"
  "\x20\x7b\x20\x6c\x6f\x6e\x67\x20\x74\x76\x5f\x73\x65\x63\x3b\x20\x6c\x6f\x6e\x67"
  "\x20\x74\x76\x5f\x6e\x73\x65\x63\x3b\x20\x7d\x3b\x0a\x23\x65\x6e\x64\x69\x66\x0a"
  "\x23\x69\x66\x20\x21\x5f\x5f\x55\x4e\x49\x53\x41\x5f\x46\x54\x52\x49\x4d\x5f\x4c"
  "\x49\x42\x43\x20\x7c\x7c\x20\x5f\x5f\x55\x4e\x5f\x70\x6f\x6c\x6c\x0a\x73\x74\x61"
  "\x74\x69\x63\x20\x69\x6e\x74\x20\x70\x6f\x6c\x6c\x28\x73\x74\x72\x75\x63\x74\x20"
  "\x70\x6f\x6c\x6c\x66\x64\x20\x2a\x5f\x5f\x75\x5f\x66\x2c\x20\x6e\x66\x64\x73\x5f"
  "\x74\x20\x5f\x5f\x75\x5f\x6e\x2c\x20\x69\x6e\x74\x20\x5f\x5f\x75\x5f\x6d\x73\x29"
  "\x20\x7b\x0a\x20\x20\x20\x20\x6c\x6f\x6e\x67\x20\x5f\x5f\x75\x5f\x72\x3b\x0a\x23"
  "\x69\x66\x20\x64\x65\x66\x69\x6e\x65\x64\x28\x5f\x5f\x6c\x69\x6e\x75\x78\x5f\x5f"
  "\x29\x20\x26\x26\x20\x64\x65\x66\x69\x6e\x65\x64\x28\x5f\x5f\x61\x61\x72\x63\x68"
  "\x36\x34\x5f\x5f\x29\x0a\x20\x20\x20\x20\x73\x74\x72\x75\x63\x74\x20\x74\x69\x6d"
  "\x65\x73\x70\x65\x63\x20\x5f\x5f\x75\x5f\x74\x3b\x20\x5f\x5f\x75\x5f\x74\x2e\x74"
  "\x76\x5f\x73\x65\x63\x20\x3d\x20\x5f\x5f\x75\x5f\x6d\x73\x20\x2f\x20\x31\x30\x30"
  "\x30\x3b\x20\x5f\x5f\x75\x5f\x74\x2e\x74\x76\x5f\x6e\x73\x65\x63\x20\x3d\x20\x28"
  "\x6c\x6f\x6e\x67\x29\x28\x5f\x5f\x75\x5f\x6d\x73\x20\x25\x20\x31\x30\x30\x30\x29"
  "\x20\x2a\x20\x31\x30\x30\x30\x30\x30\x30\x3b\x0a\x20\x20\x20\x20\x5f\x5f\x75\x5f"
  "\x72\x20\x3d\x20\x5f\x5f\x70\x70\x6f\x6c\x6c\x28\x28\x63\x68\x61\x72\x20\x2a\x29"
  "\x5f\x5f\x75\x5f\x66\x2c\x20\x28\x6c\x6f\x6e\x67\x29\x5f\x5f\x75\x5f\x6e\x2c\x20"
  "\x5f\x5f\x75\x5f\x6d\x73\x20\x3c\x20\x30\x20\x3f\x20\x28\x63\x68\x61\x72\x20\x2a"
  "\x29\x30\x20\x3a\x20\x28\x63\x68\x61\x72\x20\x2a\x29\x26\x5f\x5f\x75\x5f\x74\x29"
  "\x3b\x0a\x23\x65\x6c\x73\x65\x0a\x20\x20\x20\x20\x5f\x5f\x75\x5f\x72\x20\x3d\x20"
  "\x5f\x5f\x70\x6f\x6c\x6c\x28\x28\x63\x68\x61\x72\x20\x2a\x29\x5f\x5f\x75\x5f\x66"
  "\x2c\x20\x28\x6c\x6f\x6e\x67\x29\x5f\x5f\x75\x5f\x6e\x2c\x20\x28\x6c\x6f\x6e\x67"
  "\x29\x5f\x5f\x75\x5f\x6d\x73\x29\x3b\x0a\x23\x65\x6e\x64\x69\x66\x0a\x20\x20\x20"
  "\x20\x69\x66\x20\x28\x5f\x5f\x75\x5f\x72\x20\x3c\x20\x30\x29\x20\x7b\x20\x65\x72"
  "\x72\x6e\x6f\x20\x3d\x20\x28\x69\x6e\x74\x29\x28\x30\x20\x2d\x20\x5f\x5f\x75\x5f"
  "\x72\x29\x3b\x20\x72\x65\x74\x75\x72\x6e\x20\x2d\x31\x3b\x20\x7d\x20\x72\x65\x74"
  "\x75\x72\x6e\x20\x28\x69\x6e\x74\x29\x5f\x5f\x75\x5f\x72\x3b\x0a\x7d\x0a\x23\x65"
  "\x6e\x64\x69\x66\x0a\x23\x65\x6e\x64\x69\x66\x0a\x23\x65\x6e\x64\x69\x66\x0a";

/* HDR_13: include/signal.h, verbatim */
char *HDR_13 =
  "\x2f\x2a\x20\x3c\x73\x69\x67\x6e\x61\x6c\x2e\x68\x3e\x20\x66\x6f\x72\x20\x74\x68"
  "\x65\x20\x75\x6e\x69\x73\x61\x20\x43\x20\x73\x75\x62\x73\x65\x74\x20\x2d\x2d\x20"
  "\x74\x68\x65\x20\x69\x6e\x2d\x70\x72\x6f\x63\x65\x73\x73\x20\x68\x61\x6c\x66\x20"
  "\x6f\x66\x20\x69\x74\x2e\x0a\x20\x2a\x20\x60\x73\x69\x67\x6e\x61\x6c\x60\x20\x72"
  "\x65\x63\x6f\x72\x64\x73\x20\x61\x20\x68\x61\x6e\x64\x6c\x65\x72\x20\x61\x6e\x64"
  "\x20\x60\x72\x61\x69\x73\x65\x60\x20\x63\x61\x6c\x6c\x73\x20\x69\x74\x20\x28\x61"
  "\x6e\x64\x20\x6c\x65\x61\x76\x65\x73\x20\x69\x74\x20\x69\x6e\x73\x74\x61\x6c\x6c"
  "\x65\x64\x2c\x0a\x20\x2a\x20\x61\x73\x20\x42\x53\x44\x20\x61\x6e\x64\x20\x67\x6c"
  "\x69\x62\x63\x20\x64\x6f\x29\x3b\x20\x53\x49\x47\x5f\x44\x46\x4c\x20\x66\x6f\x72"
  "\x20\x74\x68\x65\x20\x73\x69\x67\x6e\x61\x6c\x73\x0a\x20\x2a\x20\x77\x68\x6f\x73"
  "\x65\x20\x64\x65\x66\x61\x75\x6c\x74\x20\x69\x73\x20\x74\x6f\x20\x74\x65\x72\x6d"
  "\x69\x6e\x61\x74\x65\x20\x65\x6e\x64\x73\x20\x74\x68\x65\x20\x70\x72\x6f\x63\x65"
  "\x73\x73\x20\x77\x69\x74\x68\x20\x74\x68\x65\x20\x73\x68\x65\x6c\x6c\x27\x73\x20"
  "\x73\x74\x61\x74\x75\x73\x0a\x20\x2a\x20\x66\x6f\x72\x20\x74\x68\x61\x74\x20\x73"
  "\x69\x67\x6e\x61\x6c\x20\x28\x31\x32\x38\x20\x2b\x20\x6e\x29\x2c\x20\x77\x68\x69"
  "\x63\x68\x20\x69\x73\x20\x77\x68\x61\x74\x20\x61\x20\x70\x72\x6f\x67\x72\x61\x6d"
  "\x20\x74\x68\x61\x74\x20\x72\x61\x69\x73\x65\x73\x20\x53\x49\x47\x41\x42\x52\x54"
  "\x0a\x20\x2a\x20\x61\x6e\x64\x20\x69\x73\x20\x72\x75\x6e\x20\x66\x72\x6f\x6d\x20"
  "\x61\x20\x73\x68\x65\x6c\x6c\x20\x6f\x62\x73\x65\x72\x76\x65\x73\x2e\x20\x20\x4e"
  "\x6f\x20\x73\x69\x67\x6e\x61\x6c\x20\x65\x76\x65\x72\x20\x61\x72\x72\x69\x76\x65"
  "\x73\x20\x66\x72\x6f\x6d\x20\x4f\x55\x54\x53\x49\x44\x45\x3a\x0a\x20\x2a\x20\x74"
  "\x68\x65\x72\x65\x20\x69\x73\x20\x6e\x6f\x20\x73\x69\x67\x61\x63\x74\x69\x6f\x6e"
  "\x20\x73\x79\x73\x74\x65\x6d\x20\x63\x61\x6c\x6c\x20\x68\x65\x72\x65\x2c\x20\x73"
  "\x6f\x20\x61\x20\x68\x61\x6e\x64\x6c\x65\x72\x20\x69\x6e\x73\x74\x61\x6c\x6c\x65"
  "\x64\x20\x66\x6f\x72\x0a\x20\x2a\x20\x53\x49\x47\x49\x4e\x54\x20\x69\x73\x20\x6e"
  "\x65\x76\x65\x72\x20\x63\x61\x6c\x6c\x65\x64\x20\x62\x79\x20\x43\x74\x72\x6c\x2d"
  "\x43\x2e\x20\x20\x54\x68\x61\x74\x20\x69\x73\x20\x73\x74\x61\x74\x65\x64\x20\x72"
  "\x61\x74\x68\x65\x72\x20\x74\x68\x61\x6e\x20\x66\x61\x6b\x65\x64\x2e\x20\x2a\x2f"
  "\x0a\x23\x69\x66\x6e\x64\x65\x66\x20\x5f\x55\x4e\x49\x53\x41\x5f\x53\x49\x47\x4e"
  "\x41\x4c\x5f\x48\x0a\x23\x64\x65\x66\x69\x6e\x65\x20\x5f\x55\x4e\x49\x53\x41\x5f"
  "\x53\x49\x47\x4e\x41\x4c\x5f\x48\x0a\x74\x79\x70\x65\x64\x65\x66\x20\x69\x6e\x74"
  "\x20\x73\x69\x67\x5f\x61\x74\x6f\x6d\x69\x63\x5f\x74\x3b\x0a\x23\x64\x65\x66\x69"
  "\x6e\x65\x20\x53\x49\x47\x5f\x44\x46\x4c\x20\x28\x28\x76\x6f\x69\x64\x20\x28\x2a"
  "\x29\x28\x69\x6e\x74\x29\x29\x30\x29\x0a\x23\x64\x65\x66\x69\x6e\x65\x20\x53\x49"
  "\x47\x5f\x49\x47\x4e\x20\x28\x28\x76\x6f\x69\x64\x20\x28\x2a\x29\x28\x69\x6e\x74"
  "\x29\x29\x31\x29\x0a\x23\x64\x65\x66\x69\x6e\x65\x20\x53\x49\x47\x5f\x45\x52\x52"
  "\x20\x28\x28\x76\x6f\x69\x64\x20\x28\x2a\x29\x28\x69\x6e\x74\x29\x29\x28\x30\x2d"
  "\x31\x29\x29\x0a\x23\x64\x65\x66\x69\x6e\x65\x20\x53\x49\x47\x49\x4e\x54\x20\x20"
  "\x32\x0a\x23\x64\x65\x66\x69\x6e\x65\x20\x53\x49\x47\x49\x4c\x4c\x20\x20\x34\x0a"
  "\x23\x64\x65\x66\x69\x6e\x65\x20\x53\x49\x47\x41\x42\x52\x54\x20\x36\x0a\x23\x64"
  "\x65\x66\x69\x6e\x65\x20\x53\x49\x47\x46\x50\x45\x20\x20\x38\x0a\x23\x64\x65\x66"
  "\x69\x6e\x65\x20\x53\x49\x47\x53\x45\x47\x56\x20\x31\x31\x0a\x23\x64\x65\x66\x69"
  "\x6e\x65\x20\x53\x49\x47\x54\x45\x52\x4d\x20\x31\x35\x0a\x23\x64\x65\x66\x69\x6e"
  "\x65\x20\x53\x49\x47\x57\x49\x4e\x43\x48\x20\x32\x38\x20\x20\x20\x20\x20\x20\x20"
  "\x20\x20\x20\x20\x20\x20\x20\x20\x20\x20\x2f\x2a\x20\x73\x61\x6d\x65\x20\x6e\x75"
  "\x6d\x62\x65\x72\x20\x6f\x6e\x20\x4c\x69\x6e\x75\x78\x20\x61\x6e\x64\x20\x6d\x61"
  "\x63\x4f\x53\x3b\x20\x72\x65\x63\x6f\x72\x64\x65\x64\x2c\x20\x6e\x65\x76\x65\x72"
  "\x20\x64\x65\x6c\x69\x76\x65\x72\x65\x64\x20\x28\x61\x62\x6f\x76\x65\x29\x20\x2a"
  "\x2f\x0a\x23\x64\x65\x66\x69\x6e\x65\x20\x5f\x55\x4e\x49\x53\x41\x5f\x4e\x53\x49"
  "\x47\x20\x33\x32\x0a\x73\x74\x61\x74\x69\x63\x20\x76\x6f\x69\x64\x20\x28\x2a\x5f"
  "\x75\x6e\x69\x73\x61\x5f\x73\x69\x67\x5b\x5f\x55\x4e\x49\x53\x41\x5f\x4e\x53\x49"
  "\x47\x5d\x29\x28\x69\x6e\x74\x29\x3b\x0a\x0a\x23\x69\x66\x20\x21\x5f\x5f\x55\x4e"
  "\x49\x53\x41\x5f\x46\x54\x52\x49\x4d\x5f\x4c\x49\x42\x43\x20\x7c\x7c\x20\x5f\x5f"
  "\x55\x4e\x5f\x73\x69\x67\x6e\x61\x6c\x0a\x73\x74\x61\x74\x69\x63\x20\x76\x6f\x69"
  "\x64\x20\x28\x2a\x73\x69\x67\x6e\x61\x6c\x28\x69\x6e\x74\x20\x5f\x5f\x75\x5f\x73"
  "\x69\x67\x2c\x20\x76\x6f\x69\x64\x20\x28\x2a\x5f\x5f\x75\x5f\x66\x6e\x29\x28\x69"
  "\x6e\x74\x29\x29\x29\x28\x69\x6e\x74\x29\x20\x7b\x0a\x20\x20\x20\x20\x76\x6f\x69"
  "\x64\x20\x28\x2a\x5f\x5f\x75\x5f\x6f\x6c\x64\x29\x28\x69\x6e\x74\x29\x3b\x0a\x20"
  "\x20\x20\x20\x69\x66\x20\x28\x5f\x5f\x75\x5f\x73\x69\x67\x20\x3c\x3d\x20\x30\x20"
  "\x7c\x7c\x20\x5f\x5f\x75\x5f\x73\x69\x67\x20\x3e\x3d\x20\x5f\x55\x4e\x49\x53\x41"
  "\x5f\x4e\x53\x49\x47\x29\x20\x72\x65\x74\x75\x72\x6e\x20\x53\x49\x47\x5f\x45\x52"
  "\x52\x3b\x0a\x20\x20\x20\x20\x5f\x5f\x75\x5f\x6f\x6c\x64\x20\x3d\x20\x5f\x75\x6e"
  "\x69\x73\x61\x5f\x73\x69\x67\x5b\x5f\x5f\x75\x5f\x73\x69\x67\x5d\x3b\x0a\x20\x20"
  "\x20\x20\x5f\x75\x6e\x69\x73\x61\x5f\x73\x69\x67\x5b\x5f\x5f\x75\x5f\x73\x69\x67"
  "\x5d\x20\x3d\x20\x5f\x5f\x75\x5f\x66\x6e\x3b\x0a\x20\x20\x20\x20\x72\x65\x74\x75"
  "\x72\x6e\x20\x5f\x5f\x75\x5f\x6f\x6c\x64\x3b\x0a\x7d\x0a\x23\x65\x6e\x64\x69\x66"
  "\x0a\x0a\x23\x69\x66\x20\x21\x5f\x5f\x55\x4e\x49\x53\x41\x5f\x46\x54\x52\x49\x4d"
  "\x5f\x4c\x49\x42\x43\x20\x7c\x7c\x20\x5f\x5f\x55\x4e\x5f\x72\x61\x69\x73\x65\x0a"
  "\x73\x74\x61\x74\x69\x63\x20\x69\x6e\x74\x20\x72\x61\x69\x73\x65\x28\x69\x6e\x74"
  "\x20\x5f\x5f\x75\x5f\x73\x69\x67\x29\x20\x7b\x0a\x20\x20\x20\x20\x76\x6f\x69\x64"
  "\x20\x28\x2a\x5f\x5f\x75\x5f\x66\x6e\x29\x28\x69\x6e\x74\x29\x3b\x0a\x20\x20\x20"
  "\x20\x69\x66\x20\x28\x5f\x5f\x75\x5f\x73\x69\x67\x20\x3c\x3d\x20\x30\x20\x7c\x7c"
  "\x20\x5f\x5f\x75\x5f\x73\x69\x67\x20\x3e\x3d\x20\x5f\x55\x4e\x49\x53\x41\x5f\x4e"
  "\x53\x49\x47\x29\x20\x72\x65\x74\x75\x72\x6e\x20\x30\x20\x2d\x20\x31\x3b\x0a\x20"
  "\x20\x20\x20\x5f\x5f\x75\x5f\x66\x6e\x20\x3d\x20\x5f\x75\x6e\x69\x73\x61\x5f\x73"
  "\x69\x67\x5b\x5f\x5f\x75\x5f\x73\x69\x67\x5d\x3b\x0a\x20\x20\x20\x20\x69\x66\x20"
  "\x28\x5f\x5f\x75\x5f\x66\x6e\x20\x3d\x3d\x20\x53\x49\x47\x5f\x49\x47\x4e\x29\x20"
  "\x72\x65\x74\x75\x72\x6e\x20\x30\x3b\x0a\x20\x20\x20\x20\x69\x66\x20\x28\x5f\x5f"
  "\x75\x5f\x66\x6e\x20\x21\x3d\x20\x53\x49\x47\x5f\x44\x46\x4c\x29\x20\x7b\x0a\x20"
  "\x20\x20\x20\x20\x20\x20\x20\x5f\x5f\x75\x5f\x66\x6e\x28\x5f\x5f\x75\x5f\x73\x69"
  "\x67\x29\x3b\x0a\x20\x20\x20\x20\x20\x20\x20\x20\x72\x65\x74\x75\x72\x6e\x20\x30"
  "\x3b\x0a\x20\x20\x20\x20\x7d\x0a\x20\x20\x20\x20\x5f\x5f\x65\x78\x69\x74\x28\x31"
  "\x32\x38\x20\x2b\x20\x5f\x5f\x75\x5f\x73\x69\x67\x29\x3b\x0a\x20\x20\x20\x20\x72"
  "\x65\x74\x75\x72\x6e\x20\x30\x3b\x0a\x7d\x0a\x23\x65\x6e\x64\x69\x66\x0a\x23\x65"
  "\x6e\x64\x69\x66\x0a";

/* HDR_14: include/stdarg.h, verbatim */
char *HDR_14 =
  "\x2f\x2a\x20\x3c\x73\x74\x64\x61\x72\x67\x2e\x68\x3e\x20\x66\x6f\x72\x20\x74\x68"
  "\x65\x20\x75\x6e\x69\x73\x61\x20\x43\x20\x73\x75\x62\x73\x65\x74\x2e\x20\x20\x41"
  "\x20\x76\x61\x72\x69\x61\x64\x69\x63\x20\x66\x75\x6e\x63\x74\x69\x6f\x6e\x20\x74"
  "\x61\x6b\x65\x73\x20\x61\x6c\x6c\x20\x6f\x66\x20\x69\x74\x73\x0a\x20\x2a\x20\x61"
  "\x72\x67\x75\x6d\x65\x6e\x74\x73\x20\x6f\x6e\x20\x74\x68\x65\x20\x74\x61\x70\x65"
  "\x20\x73\x74\x61\x63\x6b\x2c\x20\x61\x72\x67\x5b\x6b\x5d\x20\x61\x74\x20\x5b\x46"
  "\x50\x20\x2b\x20\x31\x36\x20\x2b\x20\x38\x6b\x5d\x2c\x20\x73\x6f\x20\x61\x20\x76"
  "\x61\x5f\x6c\x69\x73\x74\x20\x69\x73\x20\x61\x0a\x20\x2a\x20\x70\x6f\x69\x6e\x74"
  "\x65\x72\x20\x74\x6f\x20\x74\x68\x65\x20\x6e\x65\x78\x74\x20\x73\x6c\x6f\x74\x20"
  "\x61\x6e\x64\x20\x74\x68\x65\x20\x6d\x61\x63\x72\x6f\x73\x20\x61\x72\x65\x20\x63"
  "\x6f\x6d\x70\x69\x6c\x65\x72\x20\x69\x6e\x74\x72\x69\x6e\x73\x69\x63\x73\x2e\x20"
  "\x2a\x2f\x0a\x23\x69\x66\x6e\x64\x65\x66\x20\x5f\x55\x4e\x49\x53\x41\x5f\x53\x54"
  "\x44\x41\x52\x47\x5f\x48\x0a\x23\x64\x65\x66\x69\x6e\x65\x20\x5f\x55\x4e\x49\x53"
  "\x41\x5f\x53\x54\x44\x41\x52\x47\x5f\x48\x0a\x74\x79\x70\x65\x64\x65\x66\x20\x63"
  "\x68\x61\x72\x20\x2a\x76\x61\x5f\x6c\x69\x73\x74\x3b\x0a\x2f\x2a\x20\x41\x20\x76"
  "\x61\x5f\x6c\x69\x73\x74\x20\x68\x65\x72\x65\x20\x69\x73\x20\x61\x20\x70\x6f\x69"
  "\x6e\x74\x65\x72\x20\x74\x6f\x20\x74\x68\x65\x20\x6e\x65\x78\x74\x20\x61\x72\x67"
  "\x75\x6d\x65\x6e\x74\x20\x73\x6c\x6f\x74\x2c\x20\x73\x6f\x20\x63\x6f\x70\x79\x69"
  "\x6e\x67\x20\x6f\x6e\x65\x20\x69\x73\x0a\x20\x2a\x20\x61\x6e\x20\x61\x73\x73\x69"
  "\x67\x6e\x6d\x65\x6e\x74\x2e\x20\x20\x43\x39\x39\x20\x72\x65\x71\x75\x69\x72\x65"
  "\x73\x20\x74\x68\x65\x20\x6d\x61\x63\x72\x6f\x3b\x20\x69\x74\x20\x72\x65\x71\x75"
  "\x69\x72\x65\x73\x20\x76\x61\x5f\x65\x6e\x64\x20\x6f\x6e\x20\x74\x68\x65\x20\x63"
  "\x6f\x70\x79\x0a\x20\x2a\x20\x74\x6f\x6f\x2c\x20\x77\x68\x69\x63\x68\x20\x66\x6f"
  "\x72\x20\x74\x68\x69\x73\x20\x72\x65\x70\x72\x65\x73\x65\x6e\x74\x61\x74\x69\x6f"
  "\x6e\x20\x69\x73\x20\x61\x20\x6e\x6f\x2d\x6f\x70\x20\x74\x68\x65\x20\x63\x6f\x6d"
  "\x70\x69\x6c\x65\x72\x20\x66\x6f\x6c\x64\x73\x2e\x20\x2a\x2f\x0a\x23\x64\x65\x66"
  "\x69\x6e\x65\x20\x76\x61\x5f\x63\x6f\x70\x79\x28\x64\x2c\x20\x73\x29\x20\x28\x28"
  "\x64\x29\x20\x3d\x20\x28\x73\x29\x29\x0a\x23\x64\x65\x66\x69\x6e\x65\x20\x5f\x5f"
  "\x76\x61\x5f\x63\x6f\x70\x79\x28\x64\x2c\x20\x73\x29\x20\x28\x28\x64\x29\x20\x3d"
  "\x20\x28\x73\x29\x29\x0a\x23\x65\x6e\x64\x69\x66\x0a";

/* HDR_15: include/stdbool.h, verbatim */
char *HDR_15 =
  "\x2f\x2a\x20\x3c\x73\x74\x64\x62\x6f\x6f\x6c\x2e\x68\x3e\x20\x66\x6f\x72\x20\x74"
  "\x68\x65\x20\x75\x6e\x69\x73\x61\x20\x43\x20\x73\x75\x62\x73\x65\x74\x2e\x20\x20"
  "\x43\x39\x39\x20\x37\x2e\x31\x36\x3a\x20\x74\x68\x72\x65\x65\x20\x6d\x61\x63\x72"
  "\x6f\x73\x20\x6f\x76\x65\x72\x20\x5f\x42\x6f\x6f\x6c\x2c\x0a\x20\x2a\x20\x77\x68"
  "\x69\x63\x68\x20\x74\x68\x65\x20\x63\x6f\x6d\x70\x69\x6c\x65\x72\x20\x6e\x6f\x77"
  "\x20\x68\x61\x73\x20\x61\x73\x20\x61\x20\x6f\x6e\x65\x2d\x62\x79\x74\x65\x20\x75"
  "\x6e\x73\x69\x67\x6e\x65\x64\x20\x74\x79\x70\x65\x20\x77\x68\x6f\x73\x65\x20\x63"
  "\x6f\x6e\x76\x65\x72\x73\x69\x6f\x6e\x0a\x20\x2a\x20\x72\x75\x6c\x65\x20\x69\x73"
  "\x20\x22\x30\x20\x69\x66\x20\x74\x68\x65\x20\x76\x61\x6c\x75\x65\x20\x63\x6f\x6d"
  "\x70\x61\x72\x65\x73\x20\x65\x71\x75\x61\x6c\x20\x74\x6f\x20\x30\x2c\x20\x31\x20"
  "\x6f\x74\x68\x65\x72\x77\x69\x73\x65\x22\x20\x2d\x2d\x20\x73\x6f\x0a\x20\x2a\x20"
  "\x60\x62\x6f\x6f\x6c\x20\x62\x20\x3d\x20\x32\x3b\x60\x20\x73\x74\x6f\x72\x65\x73"
  "\x20\x31\x2c\x20\x61\x73\x20\x74\x68\x65\x20\x73\x74\x61\x6e\x64\x61\x72\x64\x20"
  "\x72\x65\x71\x75\x69\x72\x65\x73\x2e\x20\x2a\x2f\x0a\x23\x69\x66\x6e\x64\x65\x66"
  "\x20\x5f\x55\x4e\x49\x53\x41\x5f\x53\x54\x44\x42\x4f\x4f\x4c\x5f\x48\x0a\x23\x64"
  "\x65\x66\x69\x6e\x65\x20\x5f\x55\x4e\x49\x53\x41\x5f\x53\x54\x44\x42\x4f\x4f\x4c"
  "\x5f\x48\x0a\x23\x64\x65\x66\x69\x6e\x65\x20\x62\x6f\x6f\x6c\x20\x5f\x42\x6f\x6f"
  "\x6c\x0a\x23\x64\x65\x66\x69\x6e\x65\x20\x74\x72\x75\x65\x20\x31\x0a\x23\x64\x65"
  "\x66\x69\x6e\x65\x20\x66\x61\x6c\x73\x65\x20\x30\x0a\x23\x64\x65\x66\x69\x6e\x65"
  "\x20\x5f\x5f\x62\x6f\x6f\x6c\x5f\x74\x72\x75\x65\x5f\x66\x61\x6c\x73\x65\x5f\x61"
  "\x72\x65\x5f\x64\x65\x66\x69\x6e\x65\x64\x20\x31\x0a\x23\x65\x6e\x64\x69\x66\x0a";

/* HDR_16: include/stddef.h, verbatim */
char *HDR_16 =
  "\x23\x69\x66\x6e\x64\x65\x66\x20\x5f\x55\x4e\x49\x53\x41\x5f\x53\x54\x44\x44\x45"
  "\x46\x5f\x48\x0a\x23\x64\x65\x66\x69\x6e\x65\x20\x5f\x55\x4e\x49\x53\x41\x5f\x53"
  "\x54\x44\x44\x45\x46\x5f\x48\x0a\x23\x64\x65\x66\x69\x6e\x65\x20\x4e\x55\x4c\x4c"
  "\x20\x30\x0a\x2f\x2a\x20\x41\x20\x73\x68\x61\x72\x65\x64\x20\x67\x75\x61\x72\x64"
  "\x3a\x20\x3c\x73\x79\x73\x2f\x74\x79\x70\x65\x73\x2e\x68\x3e\x20\x64\x65\x63\x6c"
  "\x61\x72\x65\x73\x20\x74\x68\x65\x20\x73\x61\x6d\x65\x20\x73\x68\x6f\x72\x74\x68"
  "\x61\x6e\x64\x20\x74\x79\x70\x65\x73\x2c\x20\x61\x6e\x64\x20\x74\x77\x6f\x0a\x20"
  "\x2a\x20\x69\x64\x65\x6e\x74\x69\x63\x61\x6c\x20\x74\x79\x70\x65\x64\x65\x66\x73"
  "\x20\x61\x72\x65\x20\x6c\x65\x67\x61\x6c\x20\x69\x6e\x20\x43\x31\x31\x20\x62\x75"
  "\x74\x20\x77\x65\x72\x65\x20\x6f\x6e\x6c\x79\x20\x74\x6f\x6c\x65\x72\x61\x74\x65"
  "\x64\x20\x69\x6e\x20\x43\x39\x39\x20\x2d\x2d\x20\x73\x6f\x0a\x20\x2a\x20\x77\x68"
  "\x69\x63\x68\x65\x76\x65\x72\x20\x68\x65\x61\x64\x65\x72\x20\x63\x6f\x6d\x65\x73"
  "\x20\x66\x69\x72\x73\x74\x20\x64\x65\x66\x69\x6e\x65\x73\x20\x74\x68\x65\x6d\x20"
  "\x61\x6e\x64\x20\x74\x68\x65\x20\x6f\x74\x68\x65\x72\x20\x64\x65\x66\x65\x72\x73"
  "\x2e\x20\x2a\x2f\x0a\x23\x69\x66\x6e\x64\x65\x66\x20\x5f\x55\x4e\x49\x53\x41\x5f"
  "\x53\x49\x5a\x45\x5f\x54\x0a\x23\x64\x65\x66\x69\x6e\x65\x20\x5f\x55\x4e\x49\x53"
  "\x41\x5f\x53\x49\x5a\x45\x5f\x54\x0a\x74\x79\x70\x65\x64\x65\x66\x20\x6c\x6f\x6e"
  "\x67\x20\x73\x69\x7a\x65\x5f\x74\x3b\x0a\x23\x65\x6e\x64\x69\x66\x0a\x74\x79\x70"
  "\x65\x64\x65\x66\x20\x6c\x6f\x6e\x67\x20\x70\x74\x72\x64\x69\x66\x66\x5f\x74\x3b"
  "\x0a\x74\x79\x70\x65\x64\x65\x66\x20\x69\x6e\x74\x20\x77\x63\x68\x61\x72\x5f\x74"
  "\x3b\x0a\x2f\x2a\x20\x6f\x66\x66\x73\x65\x74\x6f\x66\x20\x69\x73\x20\x6f\x6d\x69"
  "\x74\x74\x65\x64\x20\x6f\x6e\x20\x70\x75\x72\x70\x6f\x73\x65\x3a\x20\x6f\x75\x72"
  "\x20\x6d\x61\x63\x72\x6f\x20\x65\x78\x70\x61\x6e\x73\x69\x6f\x6e\x20\x70\x61\x72"
  "\x65\x6e\x74\x68\x65\x73\x69\x73\x65\x73\x20\x61\x6e\x0a\x20\x2a\x20\x61\x72\x67"
  "\x75\x6d\x65\x6e\x74\x20\x74\x68\x61\x74\x20\x69\x73\x20\x6e\x6f\x74\x20\x61\x20"
  "\x73\x69\x6e\x67\x6c\x65\x20\x74\x6f\x6b\x65\x6e\x2c\x20\x61\x6e\x64\x20\x61\x20"
  "\x70\x61\x72\x65\x6e\x74\x68\x65\x73\x69\x73\x65\x64\x20\x54\x59\x50\x45\x20\x4e"
  "\x41\x4d\x45\x20\x69\x73\x0a\x20\x2a\x20\x6e\x6f\x74\x20\x61\x20\x74\x79\x70\x65"
  "\x20\x6e\x61\x6d\x65\x2e\x20\x20\x57\x72\x69\x74\x65\x20\x60\x28\x6c\x6f\x6e\x67"
  "\x29\x26\x28\x28\x54\x20\x2a\x29\x30\x29\x2d\x3e\x6d\x60\x20\x64\x69\x72\x65\x63"
  "\x74\x6c\x79\x20\x69\x66\x20\x79\x6f\x75\x20\x6e\x65\x65\x64\x20\x69\x74\x2e\x20"
  "\x2a\x2f\x0a\x23\x65\x6e\x64\x69\x66\x0a";

/* HDR_17: include/stdint.h, verbatim */
char *HDR_17 =
  "\x2f\x2a\x20\x3c\x73\x74\x64\x69\x6e\x74\x2e\x68\x3e\x20\x66\x6f\x72\x20\x74\x68"
  "\x65\x20\x75\x6e\x69\x73\x61\x20\x43\x20\x73\x75\x62\x73\x65\x74\x2e\x0a\x20\x2a"
  "\x0a\x20\x2a\x20\x54\x68\x65\x20\x65\x78\x61\x63\x74\x2d\x77\x69\x64\x74\x68\x20"
  "\x6e\x61\x6d\x65\x73\x20\x6d\x61\x70\x20\x73\x74\x72\x61\x69\x67\x68\x74\x20\x6f"
  "\x6e\x74\x6f\x20\x74\x68\x65\x20\x73\x75\x62\x73\x65\x74\x27\x73\x20\x69\x38\x2f"
  "\x69\x31\x36\x2f\x69\x33\x32\x2f\x69\x36\x34\x20\x2d\x2d\x0a\x20\x2a\x20\x61\x6e"
  "\x64\x20\x74\x68\x65\x20\x55\x4e\x53\x49\x47\x4e\x45\x44\x20\x73\x70\x65\x6c\x6c"
  "\x69\x6e\x67\x73\x20\x72\x65\x61\x6c\x6c\x79\x20\x61\x72\x65\x20\x75\x6e\x73\x69"
  "\x67\x6e\x65\x64\x2e\x20\x20\x54\x68\x65\x79\x20\x75\x73\x65\x64\x20\x74\x6f\x20"
  "\x62\x65\x20\x61\x6c\x69\x61\x73\x65\x73\x0a\x20\x2a\x20\x66\x6f\x72\x20\x74\x68"
  "\x65\x20\x73\x69\x67\x6e\x65\x64\x20\x6f\x6e\x65\x73\x2c\x20\x6f\x6e\x20\x74\x68"
  "\x65\x20\x74\x68\x65\x6f\x72\x79\x20\x74\x68\x61\x74\x20\x74\x68\x65\x20\x77\x69"
  "\x64\x74\x68\x20\x77\x61\x73\x20\x77\x68\x61\x74\x20\x6d\x61\x74\x74\x65\x72\x65"
  "\x64\x3b\x20\x69\x74\x20\x69\x73\x0a\x20\x2a\x20\x6e\x6f\x74\x2e\x20\x20\x60\x75"
  "\x69\x6e\x74\x38\x5f\x74\x20\x62\x20\x3d\x20\x30\x78\x61\x32\x3b\x20\x70\x72\x69"
  "\x6e\x74\x66\x28\x22\x25\x2e\x32\x78\x22\x2c\x20\x62\x29\x60\x20\x74\x68\x65\x6e"
  "\x20\x70\x72\x69\x6e\x74\x65\x64\x0a\x20\x2a\x20\x60\x66\x66\x66\x66\x66\x66\x66"
  "\x66\x66\x66\x66\x66\x66\x66\x61\x32\x60\x2c\x20\x62\x65\x63\x61\x75\x73\x65\x20"
  "\x74\x68\x65\x20\x6c\x6f\x61\x64\x20\x73\x69\x67\x6e\x2d\x65\x78\x74\x65\x6e\x64"
  "\x65\x64\x2e\x20\x20\x74\x69\x6e\x79\x2d\x41\x45\x53\x2d\x63\x20\x69\x73\x20\x77"
  "\x72\x69\x74\x74\x65\x6e\x0a\x20\x2a\x20\x69\x6e\x20\x75\x69\x6e\x74\x38\x5f\x74"
  "\x20\x66\x72\x6f\x6d\x20\x65\x6e\x64\x20\x74\x6f\x20\x65\x6e\x64\x2c\x20\x61\x6e"
  "\x64\x20\x74\x68\x61\x74\x20\x6f\x6e\x65\x20\x74\x79\x70\x65\x64\x65\x66\x20\x77"
  "\x61\x73\x20\x74\x68\x65\x20\x77\x68\x6f\x6c\x65\x20\x64\x69\x66\x66\x65\x72\x65"
  "\x6e\x63\x65\x0a\x20\x2a\x20\x62\x65\x74\x77\x65\x65\x6e\x20\x61\x20\x63\x6f\x72"
  "\x72\x65\x63\x74\x20\x41\x45\x53\x20\x62\x6c\x6f\x63\x6b\x20\x61\x6e\x64\x20\x61"
  "\x20\x73\x63\x72\x65\x65\x6e\x66\x75\x6c\x20\x6f\x66\x20\x66\x27\x73\x2e\x20\x2a"
  "\x2f\x0a\x23\x69\x66\x6e\x64\x65\x66\x20\x5f\x55\x4e\x49\x53\x41\x5f\x53\x54\x44"
  "\x49\x4e\x54\x5f\x48\x0a\x23\x64\x65\x66\x69\x6e\x65\x20\x5f\x55\x4e\x49\x53\x41"
  "\x5f\x53\x54\x44\x49\x4e\x54\x5f\x48\x0a\x74\x79\x70\x65\x64\x65\x66\x20\x63\x68"
  "\x61\x72\x20\x20\x20\x20\x20\x20\x20\x20\x20\x20\x20\x69\x6e\x74\x38\x5f\x74\x3b"
  "\x0a\x74\x79\x70\x65\x64\x65\x66\x20\x75\x6e\x73\x69\x67\x6e\x65\x64\x20\x63\x68"
  "\x61\x72\x20\x20\x75\x69\x6e\x74\x38\x5f\x74\x3b\x0a\x74\x79\x70\x65\x64\x65\x66"
  "\x20\x73\x68\x6f\x72\x74\x20\x20\x20\x20\x20\x20\x20\x20\x20\x20\x69\x6e\x74\x31"
  "\x36\x5f\x74\x3b\x0a\x74\x79\x70\x65\x64\x65\x66\x20\x75\x6e\x73\x69\x67\x6e\x65"
  "\x64\x20\x73\x68\x6f\x72\x74\x20\x75\x69\x6e\x74\x31\x36\x5f\x74\x3b\x0a\x74\x79"
  "\x70\x65\x64\x65\x66\x20\x69\x6e\x74\x20\x20\x20\x20\x20\x20\x20\x20\x20\x20\x20"
  "\x20\x69\x6e\x74\x33\x32\x5f\x74\x3b\x0a\x74\x79\x70\x65\x64\x65\x66\x20\x75\x6e"
  "\x73\x69\x67\x6e\x65\x64\x20\x69\x6e\x74\x20\x20\x20\x75\x69\x6e\x74\x33\x32\x5f"
  "\x74\x3b\x0a\x74\x79\x70\x65\x64\x65\x66\x20\x6c\x6f\x6e\x67\x20\x20\x20\x20\x20"
  "\x20\x20\x20\x20\x20\x20\x69\x6e\x74\x36\x34\x5f\x74\x3b\x0a\x74\x79\x70\x65\x64"
  "\x65\x66\x20\x75\x6e\x73\x69\x67\x6e\x65\x64\x20\x6c\x6f\x6e\x67\x20\x20\x75\x69"
  "\x6e\x74\x36\x34\x5f\x74\x3b\x0a\x74\x79\x70\x65\x64\x65\x66\x20\x6c\x6f\x6e\x67"
  "\x20\x20\x20\x20\x20\x20\x20\x20\x20\x20\x20\x69\x6e\x74\x70\x74\x72\x5f\x74\x3b"
  "\x0a\x74\x79\x70\x65\x64\x65\x66\x20\x75\x6e\x73\x69\x67\x6e\x65\x64\x20\x6c\x6f"
  "\x6e\x67\x20\x20\x75\x69\x6e\x74\x70\x74\x72\x5f\x74\x3b\x0a\x74\x79\x70\x65\x64"
  "\x65\x66\x20\x6c\x6f\x6e\x67\x20\x20\x20\x20\x20\x20\x20\x20\x20\x20\x20\x69\x6e"
  "\x74\x6d\x61\x78\x5f\x74\x3b\x0a\x74\x79\x70\x65\x64\x65\x66\x20\x75\x6e\x73\x69"
  "\x67\x6e\x65\x64\x20\x6c\x6f\x6e\x67\x20\x20\x75\x69\x6e\x74\x6d\x61\x78\x5f\x74"
  "\x3b\x0a\x0a\x23\x64\x65\x66\x69\x6e\x65\x20\x49\x4e\x54\x38\x5f\x4d\x49\x4e\x20"
  "\x20\x20\x20\x28\x2d\x31\x32\x38\x29\x0a\x23\x64\x65\x66\x69\x6e\x65\x20\x49\x4e"
  "\x54\x38\x5f\x4d\x41\x58\x20\x20\x20\x20\x31\x32\x37\x0a\x23\x64\x65\x66\x69\x6e"
  "\x65\x20\x55\x49\x4e\x54\x38\x5f\x4d\x41\x58\x20\x20\x20\x32\x35\x35\x0a\x23\x64"
  "\x65\x66\x69\x6e\x65\x20\x49\x4e\x54\x31\x36\x5f\x4d\x49\x4e\x20\x20\x20\x28\x2d"
  "\x33\x32\x37\x36\x38\x29\x0a\x23\x64\x65\x66\x69\x6e\x65\x20\x49\x4e\x54\x31\x36"
  "\x5f\x4d\x41\x58\x20\x20\x20\x33\x32\x37\x36\x37\x0a\x23\x64\x65\x66\x69\x6e\x65"
  "\x20\x55\x49\x4e\x54\x31\x36\x5f\x4d\x41\x58\x20\x20\x36\x35\x35\x33\x35\x0a\x23"
  "\x64\x65\x66\x69\x6e\x65\x20\x49\x4e\x54\x33\x32\x5f\x4d\x49\x4e\x20\x20\x20\x28"
  "\x2d\x32\x31\x34\x37\x34\x38\x33\x36\x34\x37\x20\x2d\x20\x31\x29\x0a\x23\x64\x65"
  "\x66\x69\x6e\x65\x20\x49\x4e\x54\x33\x32\x5f\x4d\x41\x58\x20\x20\x20\x32\x31\x34"
  "\x37\x34\x38\x33\x36\x34\x37\x0a\x23\x64\x65\x66\x69\x6e\x65\x20\x55\x49\x4e\x54"
  "\x33\x32\x5f\x4d\x41\x58\x20\x20\x34\x32\x39\x34\x39\x36\x37\x32\x39\x35\x0a\x23"
  "\x64\x65\x66\x69\x6e\x65\x20\x49\x4e\x54\x36\x34\x5f\x4d\x49\x4e\x20\x20\x20\x28"
  "\x2d\x39\x32\x32\x33\x33\x37\x32\x30\x33\x36\x38\x35\x34\x37\x37\x35\x38\x30\x37"
  "\x20\x2d\x20\x31\x29\x0a\x23\x64\x65\x66\x69\x6e\x65\x20\x49\x4e\x54\x36\x34\x5f"
  "\x4d\x41\x58\x20\x20\x20\x39\x32\x32\x33\x33\x37\x32\x30\x33\x36\x38\x35\x34\x37"
  "\x37\x35\x38\x30\x37\x0a\x2f\x2a\x20\x54\x68\x65\x20\x55\x4c\x20\x73\x75\x66\x66"
  "\x69\x78\x20\x69\x73\x20\x6e\x6f\x74\x20\x64\x65\x63\x6f\x72\x61\x74\x69\x6f\x6e"
  "\x3a\x20\x77\x69\x74\x68\x6f\x75\x74\x20\x69\x74\x20\x74\x68\x69\x73\x20\x6c\x69"
  "\x74\x65\x72\x61\x6c\x20\x69\x73\x20\x74\x6f\x6f\x20\x6c\x61\x72\x67\x65\x20\x66"
  "\x6f\x72\x0a\x20\x20\x20\x65\x76\x65\x72\x79\x20\x73\x69\x67\x6e\x65\x64\x20\x74"
  "\x79\x70\x65\x20\x61\x6e\x64\x20\x74\x68\x65\x20\x72\x65\x66\x65\x72\x65\x6e\x63"
  "\x65\x20\x72\x65\x66\x75\x73\x65\x73\x20\x74\x6f\x20\x66\x6f\x6c\x64\x20\x74\x68"
  "\x65\x20\x65\x78\x70\x72\x65\x73\x73\x69\x6f\x6e\x20\x61\x74\x20\x61\x6c\x6c\x0a"
  "\x20\x20\x20\x28\x66\x62\x31\x32\x2d\x30\x38\x29\x2e\x20\x20\x67\x63\x63\x27\x73"
  "\x20\x6f\x77\x6e\x20\x3c\x73\x74\x64\x69\x6e\x74\x2e\x68\x3e\x20\x63\x61\x72\x72"
  "\x69\x65\x73\x20\x69\x74\x20\x66\x6f\x72\x20\x74\x68\x65\x20\x73\x61\x6d\x65\x20"
  "\x72\x65\x61\x73\x6f\x6e\x2e\x20\x2a\x2f\x0a\x23\x64\x65\x66\x69\x6e\x65\x20\x55"
  "\x49\x4e\x54\x36\x34\x5f\x4d\x41\x58\x20\x20\x31\x38\x34\x34\x36\x37\x34\x34\x30"
  "\x37\x33\x37\x30\x39\x35\x35\x31\x36\x31\x35\x55\x4c\x0a\x0a\x2f\x2a\x20\x43\x39"
  "\x39\x20\x37\x2e\x31\x38\x20\x6c\x69\x73\x74\x73\x20\x6d\x6f\x72\x65\x20\x74\x68"
  "\x61\x6e\x20\x74\x68\x65\x20\x49\x4e\x54\x6e\x2f\x55\x49\x4e\x54\x6e\x20\x6c\x69"
  "\x6d\x69\x74\x73\x2e\x20\x20\x54\x68\x65\x73\x65\x20\x61\x72\x65\x20\x74\x68\x65"
  "\x20\x72\x65\x73\x74\x2c\x20\x61\x6c\x6c\x0a\x20\x20\x20\x77\x72\x69\x74\x74\x65"
  "\x6e\x20\x66\x6f\x72\x20\x61\x20\x36\x34\x2d\x62\x69\x74\x20\x74\x61\x72\x67\x65"
  "\x74\x20\x61\x73\x20\x74\x68\x65\x20\x72\x65\x73\x74\x20\x6f\x66\x20\x74\x68\x65"
  "\x20\x73\x75\x62\x73\x65\x74\x20\x69\x73\x2e\x20\x20\x4f\x6e\x6c\x79\x20\x6e\x61"
  "\x6d\x65\x73\x20\x74\x68\x65\x0a\x20\x20\x20\x72\x65\x66\x65\x72\x65\x6e\x63\x65"
  "\x20\x63\x61\x6e\x20\x61\x63\x74\x75\x61\x6c\x6c\x79\x20\x65\x76\x61\x6c\x75\x61"
  "\x74\x65\x20\x67\x6f\x20\x69\x6e\x20\x68\x65\x72\x65\x3a\x20\x6e\x6f\x20\x66\x75"
  "\x6e\x63\x74\x69\x6f\x6e\x2d\x6c\x69\x6b\x65\x20\x6c\x69\x6d\x69\x74\x73\x20\x62"
  "\x65\x79\x6f\x6e\x64\x0a\x20\x20\x20\x49\x4e\x54\x6e\x5f\x43\x2f\x55\x49\x4e\x54"
  "\x6e\x5f\x43\x2c\x20\x77\x68\x69\x63\x68\x20\x66\x6f\x6c\x64\x20\x74\x6f\x20\x61"
  "\x20\x70\x6c\x61\x69\x6e\x20\x63\x61\x73\x74\x20\x6f\x66\x20\x74\x68\x65\x69\x72"
  "\x20\x61\x72\x67\x75\x6d\x65\x6e\x74\x2e\x20\x2a\x2f\x0a\x23\x64\x65\x66\x69\x6e"
  "\x65\x20\x53\x49\x5a\x45\x5f\x4d\x41\x58\x20\x20\x20\x20\x31\x38\x34\x34\x36\x37"
  "\x34\x34\x30\x37\x33\x37\x30\x39\x35\x35\x31\x36\x31\x35\x55\x4c\x0a\x23\x64\x65"
  "\x66\x69\x6e\x65\x20\x50\x54\x52\x44\x49\x46\x46\x5f\x4d\x49\x4e\x20\x28\x2d\x39"
  "\x32\x32\x33\x33\x37\x32\x30\x33\x36\x38\x35\x34\x37\x37\x35\x38\x30\x37\x4c\x20"
  "\x2d\x20\x31\x29\x0a\x23\x64\x65\x66\x69\x6e\x65\x20\x50\x54\x52\x44\x49\x46\x46"
  "\x5f\x4d\x41\x58\x20\x39\x32\x32\x33\x33\x37\x32\x30\x33\x36\x38\x35\x34\x37\x37"
  "\x35\x38\x30\x37\x4c\x0a\x23\x64\x65\x66\x69\x6e\x65\x20\x49\x4e\x54\x50\x54\x52"
  "\x5f\x4d\x49\x4e\x20\x20\x28\x2d\x39\x32\x32\x33\x33\x37\x32\x30\x33\x36\x38\x35"
  "\x34\x37\x37\x35\x38\x30\x37\x4c\x20\x2d\x20\x31\x29\x0a\x23\x64\x65\x66\x69\x6e"
  "\x65\x20\x49\x4e\x54\x50\x54\x52\x5f\x4d\x41\x58\x20\x20\x39\x32\x32\x33\x33\x37"
  "\x32\x30\x33\x36\x38\x35\x34\x37\x37\x35\x38\x30\x37\x4c\x0a\x23\x64\x65\x66\x69"
  "\x6e\x65\x20\x55\x49\x4e\x54\x50\x54\x52\x5f\x4d\x41\x58\x20\x31\x38\x34\x34\x36"
  "\x37\x34\x34\x30\x37\x33\x37\x30\x39\x35\x35\x31\x36\x31\x35\x55\x4c\x0a\x23\x64"
  "\x65\x66\x69\x6e\x65\x20\x49\x4e\x54\x4d\x41\x58\x5f\x4d\x49\x4e\x20\x20\x28\x2d"
  "\x39\x32\x32\x33\x33\x37\x32\x30\x33\x36\x38\x35\x34\x37\x37\x35\x38\x30\x37\x4c"
  "\x20\x2d\x20\x31\x29\x0a\x23\x64\x65\x66\x69\x6e\x65\x20\x49\x4e\x54\x4d\x41\x58"
  "\x5f\x4d\x41\x58\x20\x20\x39\x32\x32\x33\x33\x37\x32\x30\x33\x36\x38\x35\x34\x37"
  "\x37\x35\x38\x30\x37\x4c\x0a\x23\x64\x65\x66\x69\x6e\x65\x20\x55\x49\x4e\x54\x4d"
  "\x41\x58\x5f\x4d\x41\x58\x20\x31\x38\x34\x34\x36\x37\x34\x34\x30\x37\x33\x37\x30"
  "\x39\x35\x35\x31\x36\x31\x35\x55\x4c\x0a\x23\x64\x65\x66\x69\x6e\x65\x20\x49\x4e"
  "\x54\x38\x5f\x43\x28\x76\x29\x20\x20\x20\x76\x0a\x23\x64\x65\x66\x69\x6e\x65\x20"
  "\x49\x4e\x54\x31\x36\x5f\x43\x28\x76\x29\x20\x20\x76\x0a\x23\x64\x65\x66\x69\x6e"
  "\x65\x20\x49\x4e\x54\x33\x32\x5f\x43\x28\x76\x29\x20\x20\x76\x0a\x23\x64\x65\x66"
  "\x69\x6e\x65\x20\x49\x4e\x54\x36\x34\x5f\x43\x28\x76\x29\x20\x20\x76\x23\x23\x4c"
  "\x0a\x23\x64\x65\x66\x69\x6e\x65\x20\x55\x49\x4e\x54\x38\x5f\x43\x28\x76\x29\x20"
  "\x20\x76\x0a\x23\x64\x65\x66\x69\x6e\x65\x20\x55\x49\x4e\x54\x31\x36\x5f\x43\x28"
  "\x76\x29\x20\x76\x0a\x23\x64\x65\x66\x69\x6e\x65\x20\x55\x49\x4e\x54\x33\x32\x5f"
  "\x43\x28\x76\x29\x20\x76\x23\x23\x55\x0a\x23\x64\x65\x66\x69\x6e\x65\x20\x55\x49"
  "\x4e\x54\x36\x34\x5f\x43\x28\x76\x29\x20\x76\x23\x23\x55\x4c\x0a\x23\x65\x6e\x64"
  "\x69\x66\x0a";

/* HDR_18: include/stdio.h, verbatim */
char *HDR_18 =
  "\x2f\x2a\x20\x4d\x69\x6e\x69\x6d\x61\x6c\x20\x3c\x73\x74\x64\x69\x6f\x2e\x68\x3e"
  "\x20\x66\x6f\x72\x20\x74\x68\x65\x20\x75\x6e\x69\x73\x61\x20\x43\x20\x73\x75\x62"
  "\x73\x65\x74\x2e\x0a\x20\x2a\x20\x70\x72\x69\x6e\x74\x66\x20\x69\x73\x20\x64\x65"
  "\x73\x75\x67\x61\x72\x65\x64\x20\x62\x79\x20\x74\x68\x65\x20\x77\x61\x6c\x6b\x65"
  "\x72\x20\x61\x67\x61\x69\x6e\x73\x74\x20\x69\x74\x73\x20\x73\x74\x61\x74\x69\x63"
  "\x20\x66\x6f\x72\x6d\x61\x74\x20\x73\x74\x72\x69\x6e\x67\x20\x5b\x57\x2d\x39\x5d"
  "\x3b\x0a\x20\x2a\x20\x65\x76\x65\x72\x79\x74\x68\x69\x6e\x67\x20\x65\x6c\x73\x65"
  "\x20\x68\x65\x72\x65\x20\x69\x73\x20\x6f\x72\x64\x69\x6e\x61\x72\x79\x20\x43\x20"
  "\x6f\x76\x65\x72\x20\x74\x68\x65\x20\x60\x2e\x73\x79\x73\x60\x20\x67\x61\x74\x65"
  "\x2c\x20\x73\x6f\x20\x69\x74\x20\x6e\x65\x65\x64\x73\x20\x6e\x6f\x0a\x20\x2a\x20"
  "\x6c\x69\x6e\x6b\x65\x72\x20\x61\x6e\x64\x20\x6e\x6f\x20\x63\x6f\x6d\x70\x69\x6c"
  "\x65\x72\x20\x73\x75\x70\x70\x6f\x72\x74\x2e\x20\x20\x41\x20\x46\x49\x4c\x45\x20"
  "\x2a\x20\x69\x73\x20\x61\x20\x66\x69\x6c\x65\x20\x64\x65\x73\x63\x72\x69\x70\x74"
  "\x6f\x72\x20\x69\x6e\x20\x61\x0a\x20\x2a\x20\x70\x6f\x69\x6e\x74\x65\x72\x27\x73"
  "\x20\x63\x6c\x6f\x74\x68\x69\x6e\x67\x2e\x20\x2a\x2f\x0a\x23\x69\x66\x6e\x64\x65"
  "\x66\x20\x5f\x55\x4e\x49\x53\x41\x5f\x53\x54\x44\x49\x4f\x5f\x48\x0a\x23\x64\x65"
  "\x66\x69\x6e\x65\x20\x5f\x55\x4e\x49\x53\x41\x5f\x53\x54\x44\x49\x4f\x5f\x48\x0a"
  "\x23\x69\x6e\x63\x6c\x75\x64\x65\x20\x3c\x73\x74\x64\x64\x65\x66\x2e\x68\x3e\x0a"
  "\x23\x69\x6e\x63\x6c\x75\x64\x65\x20\x3c\x73\x74\x64\x61\x72\x67\x2e\x68\x3e\x0a"
  "\x23\x69\x6e\x63\x6c\x75\x64\x65\x20\x3c\x65\x72\x72\x6e\x6f\x2e\x68\x3e\x0a\x23"
  "\x64\x65\x66\x69\x6e\x65\x20\x4e\x55\x4c\x4c\x20\x30\x0a\x23\x64\x65\x66\x69\x6e"
  "\x65\x20\x45\x4f\x46\x20\x28\x30\x2d\x31\x29\x0a\x23\x64\x65\x66\x69\x6e\x65\x20"
  "\x53\x45\x45\x4b\x5f\x53\x45\x54\x20\x30\x0a\x23\x64\x65\x66\x69\x6e\x65\x20\x53"
  "\x45\x45\x4b\x5f\x43\x55\x52\x20\x31\x0a\x23\x64\x65\x66\x69\x6e\x65\x20\x53\x45"
  "\x45\x4b\x5f\x45\x4e\x44\x20\x32\x0a\x23\x64\x65\x66\x69\x6e\x65\x20\x42\x55\x46"
  "\x53\x49\x5a\x20\x34\x30\x39\x36\x0a\x0a\x74\x79\x70\x65\x64\x65\x66\x20\x73\x74"
  "\x72\x75\x63\x74\x20\x5f\x55\x4e\x49\x53\x41\x5f\x46\x49\x4c\x45\x20\x46\x49\x4c"
  "\x45\x3b\x0a\x2f\x2a\x20\x41\x20\x46\x49\x4c\x45\x2a\x20\x49\x53\x20\x74\x68\x65"
  "\x20\x64\x65\x73\x63\x72\x69\x70\x74\x6f\x72\x20\x63\x61\x73\x74\x20\x74\x6f\x20"
  "\x61\x20\x70\x6f\x69\x6e\x74\x65\x72\x20\x28\x66\x6f\x70\x65\x6e\x20\x72\x65\x74"
  "\x75\x72\x6e\x73\x20\x60\x28\x46\x49\x4c\x45\x20\x2a\x29\x28\x6c\x6f\x6e\x67\x29"
  "\x66\x64\x60\x29\x2c\x0a\x20\x20\x20\x73\x6f\x20\x74\x68\x65\x20\x74\x68\x72\x65"
  "\x65\x20\x73\x74\x61\x6e\x64\x61\x72\x64\x20\x73\x74\x72\x65\x61\x6d\x73\x20\x75"
  "\x73\x65\x64\x20\x74\x6f\x20\x62\x65\x20\x28\x28\x46\x49\x4c\x45\x20\x2a\x29\x30"
  "\x2f\x31\x2f\x32\x29\x20\x2d\x2d\x20\x77\x68\x69\x63\x68\x20\x6d\x61\x64\x65\x0a"
  "\x20\x20\x20\x60\x73\x74\x64\x69\x6e\x20\x3d\x3d\x20\x4e\x55\x4c\x4c\x60\x20\x54"
  "\x52\x55\x45\x2e\x20\x20\x50\x72\x6f\x67\x72\x61\x6d\x73\x20\x74\x65\x73\x74\x20"
  "\x74\x68\x65\x20\x72\x65\x73\x75\x6c\x74\x20\x6f\x66\x20\x66\x6f\x70\x65\x6e\x20"
  "\x66\x6f\x72\x20\x4e\x55\x4c\x4c\x20\x61\x6e\x64\x20\x74\x68\x65\x6e\x0a\x20\x20"
  "\x20\x75\x73\x65\x20\x74\x68\x65\x20\x73\x74\x72\x65\x61\x6d\x2c\x20\x73\x6f\x20"
  "\x74\x68\x65\x20\x73\x74\x61\x6e\x64\x61\x72\x64\x20\x6f\x6e\x65\x73\x20\x6d\x75"
  "\x73\x74\x20\x6e\x6f\x74\x20\x6c\x6f\x6f\x6b\x20\x6c\x69\x6b\x65\x20\x4e\x55\x4c"
  "\x4c\x2e\x20\x20\x54\x68\x65\x79\x20\x61\x72\x65\x0a\x20\x20\x20\x64\x69\x73\x74"
  "\x69\x6e\x67\x75\x69\x73\x68\x61\x62\x6c\x65\x2c\x20\x6e\x6f\x6e\x2d\x4e\x55\x4c"
  "\x4c\x2c\x20\x61\x6e\x64\x20\x60\x5f\x75\x6e\x69\x73\x61\x5f\x66\x64\x60\x20\x6d"
  "\x61\x70\x73\x20\x74\x68\x65\x6d\x20\x62\x61\x63\x6b\x20\x74\x6f\x20\x30\x2f\x31"
  "\x2f\x32\x2c\x20\x73\x6f\x20\x6e\x6f\x0a\x20\x20\x20\x63\x61\x6c\x6c\x65\x72\x20"
  "\x68\x61\x73\x20\x74\x6f\x20\x6b\x6e\x6f\x77\x2e\x20\x20\x54\x68\x65\x20\x76\x61"
  "\x6c\x75\x65\x73\x20\x61\x72\x65\x20\x66\x61\x72\x20\x61\x62\x6f\x76\x65\x20\x61"
  "\x6e\x79\x20\x72\x65\x61\x6c\x20\x64\x65\x73\x63\x72\x69\x70\x74\x6f\x72\x2e\x20"
  "\x2a\x2f\x0a\x23\x64\x65\x66\x69\x6e\x65\x20\x5f\x55\x4e\x49\x53\x41\x5f\x53\x54"
  "\x44\x49\x4f\x5f\x42\x41\x53\x45\x20\x34\x36\x31\x31\x36\x38\x36\x30\x31\x38\x34"
  "\x32\x37\x33\x38\x37\x39\x30\x34\x4c\x20\x20\x20\x20\x20\x20\x2f\x2a\x20\x31\x20"
  "\x3c\x3c\x20\x36\x32\x20\x2a\x2f\x0a\x23\x64\x65\x66\x69\x6e\x65\x20\x73\x74\x64"
  "\x69\x6e\x20\x20\x28\x28\x46\x49\x4c\x45\x20\x2a\x29\x28\x5f\x55\x4e\x49\x53\x41"
  "\x5f\x53\x54\x44\x49\x4f\x5f\x42\x41\x53\x45\x20\x2b\x20\x30\x29\x29\x0a\x23\x64"
  "\x65\x66\x69\x6e\x65\x20\x73\x74\x64\x6f\x75\x74\x20\x28\x28\x46\x49\x4c\x45\x20"
  "\x2a\x29\x28\x5f\x55\x4e\x49\x53\x41\x5f\x53\x54\x44\x49\x4f\x5f\x42\x41\x53\x45"
  "\x20\x2b\x20\x31\x29\x29\x0a\x23\x64\x65\x66\x69\x6e\x65\x20\x73\x74\x64\x65\x72"
  "\x72\x20\x28\x28\x46\x49\x4c\x45\x20\x2a\x29\x28\x5f\x55\x4e\x49\x53\x41\x5f\x53"
  "\x54\x44\x49\x4f\x5f\x42\x41\x53\x45\x20\x2b\x20\x32\x29\x29\x0a\x0a\x69\x6e\x74"
  "\x20\x70\x72\x69\x6e\x74\x66\x28\x29\x3b\x0a\x0a\x23\x69\x66\x20\x21\x5f\x5f\x55"
  "\x4e\x49\x53\x41\x5f\x46\x54\x52\x49\x4d\x5f\x4c\x49\x42\x43\x20\x7c\x7c\x20\x5f"
  "\x5f\x55\x4e\x5f\x5f\x75\x6e\x69\x73\x61\x5f\x66\x64\x0a\x73\x74\x61\x74\x69\x63"
  "\x20\x69\x6e\x74\x20\x5f\x75\x6e\x69\x73\x61\x5f\x66\x64\x28\x46\x49\x4c\x45\x20"
  "\x2a\x5f\x5f\x75\x5f\x66\x29\x20\x7b\x0a\x20\x20\x20\x20\x6c\x6f\x6e\x67\x20\x5f"
  "\x5f\x75\x5f\x76\x3b\x0a\x20\x20\x20\x20\x5f\x5f\x75\x5f\x76\x20\x3d\x20\x28\x6c"
  "\x6f\x6e\x67\x29\x5f\x5f\x75\x5f\x66\x3b\x0a\x20\x20\x20\x20\x69\x66\x20\x28\x5f"
  "\x5f\x75\x5f\x76\x20\x3e\x3d\x20\x5f\x55\x4e\x49\x53\x41\x5f\x53\x54\x44\x49\x4f"
  "\x5f\x42\x41\x53\x45\x29\x20\x72\x65\x74\x75\x72\x6e\x20\x28\x69\x6e\x74\x29\x28"
  "\x5f\x5f\x75\x5f\x76\x20\x2d\x20\x5f\x55\x4e\x49\x53\x41\x5f\x53\x54\x44\x49\x4f"
  "\x5f\x42\x41\x53\x45\x29\x3b\x0a\x20\x20\x20\x20\x72\x65\x74\x75\x72\x6e\x20\x28"
  "\x69\x6e\x74\x29\x5f\x5f\x75\x5f\x76\x3b\x0a\x7d\x0a\x23\x65\x6e\x64\x69\x66\x0a"
  "\x0a\x23\x69\x66\x20\x21\x5f\x5f\x55\x4e\x49\x53\x41\x5f\x46\x54\x52\x49\x4d\x5f"
  "\x4c\x49\x42\x43\x20\x7c\x7c\x20\x5f\x5f\x55\x4e\x5f\x5f\x75\x6e\x69\x73\x61\x5f"
  "\x6c\x65\x6e\x0a\x73\x74\x61\x74\x69\x63\x20\x6c\x6f\x6e\x67\x20\x5f\x75\x6e\x69"
  "\x73\x61\x5f\x6c\x65\x6e\x28\x63\x6f\x6e\x73\x74\x20\x63\x68\x61\x72\x20\x2a\x5f"
  "\x5f\x75\x5f\x73\x29\x20\x7b\x0a\x20\x20\x20\x20\x6c\x6f\x6e\x67\x20\x5f\x5f\x75"
  "\x5f\x6e\x3b\x0a\x20\x20\x20\x20\x5f\x5f\x75\x5f\x6e\x20\x3d\x20\x30\x3b\x0a\x20"
  "\x20\x20\x20\x77\x68\x69\x6c\x65\x20\x28\x5f\x5f\x75\x5f\x73\x5b\x5f\x5f\x75\x5f"
  "\x6e\x5d\x29\x20\x5f\x5f\x75\x5f\x6e\x20\x3d\x20\x5f\x5f\x75\x5f\x6e\x20\x2b\x20"
  "\x31\x3b\x0a\x20\x20\x20\x20\x72\x65\x74\x75\x72\x6e\x20\x5f\x5f\x75\x5f\x6e\x3b"
  "\x0a\x7d\x0a\x23\x65\x6e\x64\x69\x66\x0a\x0a\x73\x74\x61\x74\x69\x63\x20\x63\x68"
  "\x61\x72\x20\x5f\x75\x6e\x69\x73\x61\x5f\x63\x68\x3b\x0a\x0a\x23\x69\x66\x20\x21"
  "\x5f\x5f\x55\x4e\x49\x53\x41\x5f\x46\x54\x52\x49\x4d\x5f\x4c\x49\x42\x43\x20\x7c"
  "\x7c\x20\x5f\x5f\x55\x4e\x5f\x66\x70\x75\x74\x63\x0a\x73\x74\x61\x74\x69\x63\x20"
  "\x69\x6e\x74\x20\x66\x70\x75\x74\x63\x28\x69\x6e\x74\x20\x5f\x5f\x75\x5f\x63\x2c"
  "\x20\x46\x49\x4c\x45\x20\x2a\x5f\x5f\x75\x5f\x66\x29\x20\x7b\x0a\x20\x20\x20\x20"
  "\x5f\x75\x6e\x69\x73\x61\x5f\x63\x68\x20\x3d\x20\x5f\x5f\x75\x5f\x63\x3b\x0a\x20"
  "\x20\x20\x20\x5f\x5f\x77\x72\x69\x74\x65\x28\x5f\x75\x6e\x69\x73\x61\x5f\x66\x64"
  "\x28\x5f\x5f\x75\x5f\x66\x29\x2c\x20\x26\x5f\x75\x6e\x69\x73\x61\x5f\x63\x68\x2c"
  "\x20\x31\x29\x3b\x0a\x20\x20\x20\x20\x72\x65\x74\x75\x72\x6e\x20\x5f\x5f\x75\x5f"
  "\x63\x3b\x0a\x7d\x0a\x23\x65\x6e\x64\x69\x66\x0a\x0a\x23\x69\x66\x20\x21\x5f\x5f"
  "\x55\x4e\x49\x53\x41\x5f\x46\x54\x52\x49\x4d\x5f\x4c\x49\x42\x43\x20\x7c\x7c\x20"
  "\x5f\x5f\x55\x4e\x5f\x70\x75\x74\x63\x68\x61\x72\x0a\x73\x74\x61\x74\x69\x63\x20"
  "\x69\x6e\x74\x20\x70\x75\x74\x63\x68\x61\x72\x28\x69\x6e\x74\x20\x5f\x5f\x75\x5f"
  "\x63\x29\x20\x7b\x20\x72\x65\x74\x75\x72\x6e\x20\x66\x70\x75\x74\x63\x28\x5f\x5f"
  "\x75\x5f\x63\x2c\x20\x73\x74\x64\x6f\x75\x74\x29\x3b\x20\x7d\x0a\x23\x65\x6e\x64"
  "\x69\x66\x0a\x0a\x23\x69\x66\x20\x21\x5f\x5f\x55\x4e\x49\x53\x41\x5f\x46\x54\x52"
  "\x49\x4d\x5f\x4c\x49\x42\x43\x20\x7c\x7c\x20\x5f\x5f\x55\x4e\x5f\x66\x70\x75\x74"
  "\x73\x0a\x73\x74\x61\x74\x69\x63\x20\x69\x6e\x74\x20\x66\x70\x75\x74\x73\x28\x63"
  "\x6f\x6e\x73\x74\x20\x63\x68\x61\x72\x20\x2a\x5f\x5f\x75\x5f\x73\x2c\x20\x46\x49"
  "\x4c\x45\x20\x2a\x5f\x5f\x75\x5f\x66\x29\x20\x7b\x0a\x20\x20\x20\x20\x5f\x5f\x77"
  "\x72\x69\x74\x65\x28\x5f\x75\x6e\x69\x73\x61\x5f\x66\x64\x28\x5f\x5f\x75\x5f\x66"
  "\x29\x2c\x20\x28\x63\x68\x61\x72\x20\x2a\x29\x5f\x5f\x75\x5f\x73\x2c\x20\x5f\x75"
  "\x6e\x69\x73\x61\x5f\x6c\x65\x6e\x28\x5f\x5f\x75\x5f\x73\x29\x29\x3b\x0a\x20\x20"
  "\x20\x20\x72\x65\x74\x75\x72\x6e\x20\x30\x3b\x0a\x7d\x0a\x23\x65\x6e\x64\x69\x66"
  "\x0a\x0a\x23\x69\x66\x20\x21\x5f\x5f\x55\x4e\x49\x53\x41\x5f\x46\x54\x52\x49\x4d"
  "\x5f\x4c\x49\x42\x43\x20\x7c\x7c\x20\x5f\x5f\x55\x4e\x5f\x70\x75\x74\x73\x0a\x73"
  "\x74\x61\x74\x69\x63\x20\x69\x6e\x74\x20\x70\x75\x74\x73\x28\x63\x6f\x6e\x73\x74"
  "\x20\x63\x68\x61\x72\x20\x2a\x5f\x5f\x75\x5f\x73\x29\x20\x7b\x0a\x20\x20\x20\x20"
  "\x66\x70\x75\x74\x73\x28\x5f\x5f\x75\x5f\x73\x2c\x20\x73\x74\x64\x6f\x75\x74\x29"
  "\x3b\x0a\x20\x20\x20\x20\x5f\x75\x6e\x69\x73\x61\x5f\x63\x68\x20\x3d\x20\x31\x30"
  "\x3b\x0a\x20\x20\x20\x20\x5f\x5f\x77\x72\x69\x74\x65\x28\x31\x2c\x20\x26\x5f\x75"
  "\x6e\x69\x73\x61\x5f\x63\x68\x2c\x20\x31\x29\x3b\x0a\x20\x20\x20\x20\x72\x65\x74"
  "\x75\x72\x6e\x20\x30\x3b\x0a\x7d\x0a\x23\x65\x6e\x64\x69\x66\x0a\x0a\x2f\x2a\x20"
  "\x66\x77\x72\x69\x74\x65\x3a\x20\x6c\x6f\x6f\x70\x73\x20\x6f\x76\x65\x72\x20\x5f"
  "\x5f\x77\x72\x69\x74\x65\x20\x75\x6e\x74\x69\x6c\x20\x65\x76\x65\x72\x79\x20\x62"
  "\x79\x74\x65\x20\x69\x73\x20\x6f\x75\x74\x20\x6f\x72\x20\x74\x68\x65\x20\x67\x61"
  "\x74\x65\x20\x73\x74\x6f\x70\x73\x2e\x0a\x20\x2a\x20\x57\x68\x61\x74\x20\x5f\x5f"
  "\x77\x72\x69\x74\x65\x20\x61\x6e\x73\x77\x65\x72\x73\x2c\x20\x61\x75\x64\x69\x74"
  "\x65\x64\x20\x70\x65\x72\x20\x62\x61\x63\x6b\x20\x65\x6e\x64\x20\x28\x32\x30\x32"
  "\x36\x2d\x30\x39\x2d\x32\x35\x29\x3a\x0a\x20\x2a\x20\x20\x20\x4c\x69\x6e\x75\x78"
  "\x20\x20\x28\x61\x72\x6d\x36\x34\x20\x73\x76\x63\x20\x2f\x20\x78\x38\x36\x5f\x36"
  "\x34\x20\x73\x79\x73\x63\x61\x6c\x6c\x29\x3a\x20\x62\x79\x74\x65\x73\x20\x77\x72"
  "\x69\x74\x74\x65\x6e\x2c\x20\x6f\x72\x20\x2d\x65\x72\x72\x6e\x6f\x2e\x0a\x20\x2a"
  "\x20\x20\x20\x44\x61\x72\x77\x69\x6e\x20\x28\x73\x76\x63\x20\x23\x30\x78\x38\x30"
  "\x20\x2f\x20\x73\x79\x73\x63\x61\x6c\x6c\x29\x3a\x20\x74\x68\x65\x20\x6b\x65\x72"
  "\x6e\x65\x6c\x20\x66\x6c\x61\x67\x73\x20\x66\x61\x69\x6c\x75\x72\x65\x20\x69\x6e"
  "\x20\x43\x41\x52\x52\x59\x20\x77\x69\x74\x68\x0a\x20\x2a\x20\x20\x20\x20\x20\x20"
  "\x20\x20\x20\x20\x65\x72\x72\x6e\x6f\x20\x70\x6f\x73\x69\x74\x69\x76\x65\x3b\x20"
  "\x74\x68\x65\x20\x67\x61\x74\x65\x20\x6e\x65\x67\x61\x74\x65\x73\x20\x69\x74\x20"
  "\x28\x60\x62\x2e\x63\x63\x60\x2f\x60\x6a\x6e\x63\x60\x20\x6f\x76\x65\x72\x20\x60"
  "\x6e\x65\x67\x60\x29\x2c\x0a\x20\x2a\x20\x20\x20\x20\x20\x20\x20\x20\x20\x20\x73"
  "\x6f\x20\x62\x79\x74\x65\x73\x20\x77\x72\x69\x74\x74\x65\x6e\x2c\x20\x6f\x72\x20"
  "\x2d\x65\x72\x72\x6e\x6f\x20\x2d\x2d\x20\x73\x61\x6d\x65\x20\x61\x73\x20\x4c\x69"
  "\x6e\x75\x78\x2e\x0a\x20\x2a\x20\x20\x20\x57\x69\x6e\x64\x6f\x77\x73\x20\x28\x57"
  "\x72\x69\x74\x65\x46\x69\x6c\x65\x20\x76\x69\x61\x20\x74\x68\x65\x20\x77\x69\x6e"
  "\x61\x70\x69\x20\x67\x61\x74\x65\x2c\x20\x72\x65\x74\x63\x6f\x6e\x76\x20\x60\x77"
  "\x63\x6f\x75\x6e\x74\x60\x29\x3a\x20\x74\x68\x65\x20\x67\x61\x74\x65\x0a\x20\x2a"
  "\x20\x20\x20\x20\x20\x20\x20\x20\x20\x20\x72\x65\x74\x75\x72\x6e\x73\x20\x2a\x6c"
  "\x70\x4e\x75\x6d\x62\x65\x72\x4f\x66\x42\x79\x74\x65\x73\x57\x72\x69\x74\x74\x65"
  "\x6e\x2c\x20\x4e\x4f\x54\x20\x74\x68\x65\x20\x42\x4f\x4f\x4c\x2e\x20\x20\x57\x72"
  "\x69\x74\x65\x46\x69\x6c\x65\x20\x7a\x65\x72\x6f\x65\x73\x0a\x20\x2a\x20\x20\x20"
  "\x20\x20\x20\x20\x20\x20\x20\x74\x68\x61\x74\x20\x63\x6f\x75\x6e\x74\x20\x66\x69"
  "\x72\x73\x74\x2c\x20\x73\x6f\x20\x61\x20\x66\x61\x69\x6c\x75\x72\x65\x20\x72\x65"
  "\x61\x64\x73\x20\x62\x61\x63\x6b\x20\x61\x73\x20\x30\x2c\x20\x6e\x65\x76\x65\x72"
  "\x20\x6e\x65\x67\x61\x74\x69\x76\x65\x2e\x0a\x20\x2a\x20\x20\x20\x50\x79\x74\x68"
  "\x6f\x6e\x20\x56\x4d\x20\x28\x75\x6e\x69\x73\x61\x2f\x76\x6d\x2e\x70\x79\x29\x3a"
  "\x20\x66\x64\x20\x31\x2f\x32\x20\x61\x72\x65\x20\x63\x61\x70\x74\x75\x72\x65\x64"
  "\x20\x77\x68\x6f\x6c\x65\x20\x28\x72\x65\x74\x75\x72\x6e\x73\x20\x6e\x29\x3b\x20"
  "\x6f\x74\x68\x65\x72\x0a\x20\x2a\x20\x20\x20\x20\x20\x20\x20\x20\x20\x20\x66\x64"
  "\x73\x20\x72\x65\x74\x75\x72\x6e\x20\x6f\x73\x2e\x77\x72\x69\x74\x65\x27\x73\x20"
  "\x63\x6f\x75\x6e\x74\x2c\x20\x6f\x72\x20\x2d\x31\x20\x6f\x6e\x20\x4f\x53\x45\x72"
  "\x72\x6f\x72\x2e\x0a\x20\x2a\x20\x20\x20\x65\x78\x65\x63\x5f\x74\x61\x72\x67\x65"
  "\x74\x20\x28\x75\x6e\x69\x73\x61\x2f\x65\x78\x65\x63\x5f\x74\x61\x72\x67\x65\x74"
  "\x2e\x70\x79\x29\x3a\x20\x63\x6f\x75\x6e\x74\x20\x6c\x69\x6b\x65\x20\x74\x68\x65"
  "\x20\x56\x4d\x2c\x20\x62\x75\x74\x20\x61\x6e\x20\x4f\x53\x45\x72\x72\x6f\x72\x0a"
  "\x20\x2a\x20\x20\x20\x20\x20\x20\x20\x20\x20\x20\x69\x73\x20\x61\x20\x54\x72\x61"
  "\x70\x2c\x20\x6e\x6f\x74\x20\x61\x20\x72\x65\x74\x75\x72\x6e\x20\x76\x61\x6c\x75"
  "\x65\x2e\x0a\x20\x2a\x20\x53\x6f\x20\x22\x65\x72\x72\x6f\x72\x22\x20\x69\x73\x20"
  "\x61\x20\x6e\x65\x67\x61\x74\x69\x76\x65\x20\x76\x61\x6c\x75\x65\x20\x6f\x6e\x20"
  "\x50\x4f\x53\x49\x58\x20\x61\x6e\x64\x20\x74\x68\x65\x20\x56\x4d\x2c\x20\x61\x6e"
  "\x64\x20\x30\x20\x6f\x6e\x20\x57\x69\x6e\x64\x6f\x77\x73\x3b\x0a\x20\x2a\x20\x62"
  "\x6f\x74\x68\x20\x73\x74\x6f\x70\x20\x74\x68\x65\x20\x6c\x6f\x6f\x70\x20\x62\x65"
  "\x6c\x6f\x77\x20\x28\x30\x20\x6d\x75\x73\x74\x20\x73\x74\x6f\x70\x20\x61\x6e\x79"
  "\x77\x61\x79\x2c\x20\x6f\x72\x20\x69\x74\x20\x77\x6f\x75\x6c\x64\x20\x73\x70\x69"
  "\x6e\x29\x2e\x0a\x20\x2a\x20\x4f\x76\x65\x72\x66\x6c\x6f\x77\x3a\x20\x73\x7a\x20"
  "\x61\x6e\x64\x20\x6e\x20\x61\x72\x65\x20\x73\x69\x67\x6e\x65\x64\x20\x6c\x6f\x6e"
  "\x67\x2e\x20\x20\x41\x20\x6e\x65\x67\x61\x74\x69\x76\x65\x20\x73\x7a\x20\x6f\x72"
  "\x20\x6e\x2c\x20\x6f\x72\x20\x73\x7a\x2a\x6e\x20\x61\x62\x6f\x76\x65\x0a\x20\x2a"
  "\x20\x4c\x4f\x4e\x47\x5f\x4d\x41\x58\x20\x28\x74\x65\x73\x74\x65\x64\x20\x61\x73"
  "\x20\x6e\x20\x3e\x20\x4c\x4f\x4e\x47\x5f\x4d\x41\x58\x20\x2f\x20\x73\x7a\x20\x62"
  "\x65\x66\x6f\x72\x65\x20\x6d\x75\x6c\x74\x69\x70\x6c\x79\x69\x6e\x67\x29\x2c\x20"
  "\x64\x65\x73\x63\x72\x69\x62\x65\x73\x20\x6e\x6f\x0a\x20\x2a\x20\x6f\x62\x6a\x65"
  "\x63\x74\x20\x74\x68\x61\x74\x20\x63\x6f\x75\x6c\x64\x20\x65\x78\x69\x73\x74\x3b"
  "\x20\x66\x77\x72\x69\x74\x65\x20\x77\x72\x69\x74\x65\x73\x20\x6e\x6f\x74\x68\x69"
  "\x6e\x67\x20\x61\x6e\x64\x20\x72\x65\x74\x75\x72\x6e\x73\x20\x30\x2e\x20\x20\x54"
  "\x68\x65\x0a\x20\x2a\x20\x72\x75\x6e\x6e\x69\x6e\x67\x20\x6f\x66\x66\x73\x65\x74"
  "\x20\x60\x64\x6f\x6e\x65\x60\x20\x6e\x65\x76\x65\x72\x20\x65\x78\x63\x65\x65\x64"
  "\x73\x20\x60\x74\x6f\x74\x61\x6c\x60\x2c\x20\x77\x68\x69\x63\x68\x20\x66\x69\x74"
  "\x73\x2c\x20\x61\x6e\x64\x20\x61\x20\x67\x61\x74\x65\x0a\x20\x2a\x20\x61\x6e\x73"
  "\x77\x65\x72\x20\x6c\x61\x72\x67\x65\x72\x20\x74\x68\x61\x6e\x20\x77\x68\x61\x74"
  "\x20\x77\x61\x73\x20\x61\x73\x6b\x65\x64\x20\x69\x73\x20\x74\x72\x65\x61\x74\x65"
  "\x64\x20\x61\x73\x20\x61\x6e\x20\x65\x72\x72\x6f\x72\x20\x72\x61\x74\x68\x65\x72"
  "\x20\x74\x68\x61\x6e\x0a\x20\x2a\x20\x74\x72\x75\x73\x74\x65\x64\x2c\x20\x73\x6f"
  "\x20\x60\x64\x6f\x6e\x65\x60\x20\x63\x61\x6e\x6e\x6f\x74\x20\x6f\x76\x65\x72\x66"
  "\x6c\x6f\x77\x20\x65\x69\x74\x68\x65\x72\x2e\x0a\x20\x2a\x20\x54\x68\x65\x20\x72"
  "\x65\x74\x75\x72\x6e\x20\x69\x73\x20\x63\x6f\x6d\x70\x6c\x65\x74\x65\x20\x65\x6c"
  "\x65\x6d\x65\x6e\x74\x73\x3a\x20\x64\x6f\x6e\x65\x20\x2f\x20\x73\x7a\x2c\x20\x72"
  "\x6f\x75\x6e\x64\x65\x64\x20\x64\x6f\x77\x6e\x2e\x20\x2a\x2f\x0a\x23\x69\x66\x20"
  "\x21\x5f\x5f\x55\x4e\x49\x53\x41\x5f\x46\x54\x52\x49\x4d\x5f\x4c\x49\x42\x43\x20"
  "\x7c\x7c\x20\x5f\x5f\x55\x4e\x5f\x66\x77\x72\x69\x74\x65\x0a\x73\x74\x61\x74\x69"
  "\x63\x20\x6c\x6f\x6e\x67\x20\x66\x77\x72\x69\x74\x65\x28\x63\x6f\x6e\x73\x74\x20"
  "\x76\x6f\x69\x64\x20\x2a\x5f\x5f\x75\x5f\x70\x2c\x20\x6c\x6f\x6e\x67\x20\x5f\x5f"
  "\x75\x5f\x73\x7a\x2c\x20\x6c\x6f\x6e\x67\x20\x5f\x5f\x75\x5f\x6e\x2c\x20\x46\x49"
  "\x4c\x45\x20\x2a\x5f\x5f\x75\x5f\x66\x29\x20\x7b\x0a\x20\x20\x20\x20\x6c\x6f\x6e"
  "\x67\x20\x5f\x5f\x75\x5f\x74\x6f\x74\x61\x6c\x3b\x20\x6c\x6f\x6e\x67\x20\x5f\x5f"
  "\x75\x5f\x64\x6f\x6e\x65\x3b\x20\x6c\x6f\x6e\x67\x20\x5f\x5f\x75\x5f\x72\x3b\x0a"
  "\x20\x20\x20\x20\x69\x66\x20\x28\x5f\x5f\x75\x5f\x73\x7a\x20\x3c\x3d\x20\x30\x20"
  "\x7c\x7c\x20\x5f\x5f\x75\x5f\x6e\x20\x3c\x3d\x20\x30\x29\x20\x72\x65\x74\x75\x72"
  "\x6e\x20\x30\x3b\x0a\x20\x20\x20\x20\x69\x66\x20\x28\x5f\x5f\x75\x5f\x6e\x20\x3e"
  "\x20\x30\x78\x37\x66\x66\x66\x66\x66\x66\x66\x66\x66\x66\x66\x66\x66\x66\x66\x20"
  "\x2f\x20\x5f\x5f\x75\x5f\x73\x7a\x29\x20\x72\x65\x74\x75\x72\x6e\x20\x30\x3b\x0a"
  "\x20\x20\x20\x20\x5f\x5f\x75\x5f\x74\x6f\x74\x61\x6c\x20\x3d\x20\x5f\x5f\x75\x5f"
  "\x73\x7a\x20\x2a\x20\x5f\x5f\x75\x5f\x6e\x3b\x0a\x20\x20\x20\x20\x5f\x5f\x75\x5f"
  "\x64\x6f\x6e\x65\x20\x3d\x20\x30\x3b\x0a\x20\x20\x20\x20\x77\x68\x69\x6c\x65\x20"
  "\x28\x5f\x5f\x75\x5f\x64\x6f\x6e\x65\x20\x3c\x20\x5f\x5f\x75\x5f\x74\x6f\x74\x61"
  "\x6c\x29\x20\x7b\x0a\x20\x20\x20\x20\x20\x20\x20\x20\x5f\x5f\x75\x5f\x72\x20\x3d"
  "\x20\x5f\x5f\x77\x72\x69\x74\x65\x28\x5f\x75\x6e\x69\x73\x61\x5f\x66\x64\x28\x5f"
  "\x5f\x75\x5f\x66\x29\x2c\x20\x28\x63\x68\x61\x72\x20\x2a\x29\x5f\x5f\x75\x5f\x70"
  "\x20\x2b\x20\x5f\x5f\x75\x5f\x64\x6f\x6e\x65\x2c\x20\x5f\x5f\x75\x5f\x74\x6f\x74"
  "\x61\x6c\x20\x2d\x20\x5f\x5f\x75\x5f\x64\x6f\x6e\x65\x29\x3b\x0a\x20\x20\x20\x20"
  "\x20\x20\x20\x20\x69\x66\x20\x28\x5f\x5f\x75\x5f\x72\x20\x3c\x3d\x20\x30\x20\x7c"
  "\x7c\x20\x5f\x5f\x75\x5f\x72\x20\x3e\x20\x5f\x5f\x75\x5f\x74\x6f\x74\x61\x6c\x20"
  "\x2d\x20\x5f\x5f\x75\x5f\x64\x6f\x6e\x65\x29\x20\x72\x65\x74\x75\x72\x6e\x20\x5f"
  "\x5f\x75\x5f\x64\x6f\x6e\x65\x20\x2f\x20\x5f\x5f\x75\x5f\x73\x7a\x3b\x0a\x20\x20"
  "\x20\x20\x20\x20\x20\x20\x5f\x5f\x75\x5f\x64\x6f\x6e\x65\x20\x3d\x20\x5f\x5f\x75"
  "\x5f\x64\x6f\x6e\x65\x20\x2b\x20\x5f\x5f\x75\x5f\x72\x3b\x0a\x20\x20\x20\x20\x7d"
  "\x0a\x20\x20\x20\x20\x72\x65\x74\x75\x72\x6e\x20\x5f\x5f\x75\x5f\x6e\x3b\x0a\x7d"
  "\x0a\x23\x65\x6e\x64\x69\x66\x0a\x0a\x23\x69\x66\x20\x21\x5f\x5f\x55\x4e\x49\x53"
  "\x41\x5f\x46\x54\x52\x49\x4d\x5f\x4c\x49\x42\x43\x20\x7c\x7c\x20\x5f\x5f\x55\x4e"
  "\x5f\x66\x72\x65\x61\x64\x0a\x73\x74\x61\x74\x69\x63\x20\x6c\x6f\x6e\x67\x20\x66"
  "\x72\x65\x61\x64\x28\x76\x6f\x69\x64\x20\x2a\x5f\x5f\x75\x5f\x70\x2c\x20\x6c\x6f"
  "\x6e\x67\x20\x5f\x5f\x75\x5f\x73\x7a\x2c\x20\x6c\x6f\x6e\x67\x20\x5f\x5f\x75\x5f"
  "\x6e\x2c\x20\x46\x49\x4c\x45\x20\x2a\x5f\x5f\x75\x5f\x66\x29\x20\x7b\x0a\x20\x20"
  "\x20\x20\x6c\x6f\x6e\x67\x20\x5f\x5f\x75\x5f\x67\x6f\x74\x3b\x0a\x20\x20\x20\x20"
  "\x5f\x5f\x75\x5f\x67\x6f\x74\x20\x3d\x20\x5f\x5f\x72\x65\x61\x64\x28\x5f\x75\x6e"
  "\x69\x73\x61\x5f\x66\x64\x28\x5f\x5f\x75\x5f\x66\x29\x2c\x20\x28\x63\x68\x61\x72"
  "\x20\x2a\x29\x5f\x5f\x75\x5f\x70\x2c\x20\x5f\x5f\x75\x5f\x73\x7a\x20\x2a\x20\x5f"
  "\x5f\x75\x5f\x6e\x29\x3b\x0a\x20\x20\x20\x20\x69\x66\x20\x28\x5f\x5f\x75\x5f\x67"
  "\x6f\x74\x20\x3c\x20\x30\x29\x20\x72\x65\x74\x75\x72\x6e\x20\x30\x3b\x0a\x20\x20"
  "\x20\x20\x72\x65\x74\x75\x72\x6e\x20\x5f\x5f\x75\x5f\x67\x6f\x74\x20\x2f\x20\x5f"
  "\x5f\x75\x5f\x73\x7a\x3b\x0a\x7d\x0a\x23\x65\x6e\x64\x69\x66\x0a\x0a\x2f\x2a\x20"
  "\x4f\x5f\x2a\x20\x61\x72\x65\x20\x6e\x6f\x74\x20\x70\x6f\x72\x74\x61\x62\x6c\x65"
  "\x20\x6e\x75\x6d\x62\x65\x72\x73\x3a\x20\x4c\x69\x6e\x75\x78\x20\x61\x6e\x64\x20"
  "\x74\x68\x65\x20\x42\x53\x44\x73\x20\x70\x69\x63\x6b\x65\x64\x20\x64\x69\x66\x66"
  "\x65\x72\x65\x6e\x74\x20\x62\x69\x74\x73\x2c\x0a\x20\x20\x20\x61\x6e\x64\x20\x77"
  "\x65\x20\x68\x61\x72\x64\x63\x6f\x64\x65\x64\x20\x4c\x69\x6e\x75\x78\x27\x73\x2e"
  "\x20\x20\x4f\x6e\x20\x6d\x61\x63\x4f\x53\x20\x74\x68\x61\x74\x20\x74\x75\x72\x6e"
  "\x65\x64\x20\x22\x77\x22\x20\x69\x6e\x74\x6f\x20\x66\x6c\x61\x67\x73\x20\x6e\x6f"
  "\x62\x6f\x64\x79\x0a\x20\x20\x20\x61\x63\x63\x65\x70\x74\x73\x3b\x20\x74\x68\x65"
  "\x20\x66\x69\x6c\x65\x20\x77\x61\x73\x20\x6e\x65\x76\x65\x72\x20\x63\x72\x65\x61"
  "\x74\x65\x64\x20\x61\x6e\x64\x20\x65\x76\x65\x72\x79\x20\x72\x65\x61\x64\x20\x6f"
  "\x66\x20\x69\x74\x20\x63\x61\x6d\x65\x20\x62\x61\x63\x6b\x0a\x20\x20\x20\x65\x6d"
  "\x70\x74\x79\x2e\x20\x2a\x2f\x0a\x2f\x2a\x20\x4f\x5f\x52\x44\x4f\x4e\x4c\x59\x20"
  "\x69\x73\x20\x30\x2c\x20\x4f\x5f\x57\x52\x4f\x4e\x4c\x59\x20\x69\x73\x20\x31\x20"
  "\x61\x6e\x64\x20\x4f\x5f\x52\x44\x57\x52\x20\x69\x73\x20\x32\x20\x6f\x6e\x20\x4c"
  "\x69\x6e\x75\x78\x20\x61\x6e\x64\x20\x6f\x6e\x20\x74\x68\x65\x20\x42\x53\x44\x73"
  "\x0a\x20\x20\x20\x61\x6c\x69\x6b\x65\x2c\x20\x77\x68\x69\x63\x68\x20\x69\x73\x20"
  "\x77\x68\x79\x20\x6f\x6e\x6c\x79\x20\x74\x68\x65\x20\x43\x52\x45\x41\x54\x2f\x54"
  "\x52\x55\x4e\x43\x2f\x41\x50\x50\x45\x4e\x44\x20\x62\x69\x74\x73\x20\x6e\x65\x65"
  "\x64\x20\x70\x65\x72\x2d\x68\x6f\x73\x74\x20\x76\x61\x6c\x75\x65\x73\x2e\x20\x2a"
  "\x2f\x0a\x23\x64\x65\x66\x69\x6e\x65\x20\x5f\x55\x5f\x4f\x5f\x57\x52\x4f\x4e\x4c"
  "\x59\x20\x20\x31\x0a\x23\x64\x65\x66\x69\x6e\x65\x20\x5f\x55\x5f\x4f\x5f\x52\x44"
  "\x57\x52\x20\x20\x20\x20\x32\x0a\x23\x69\x66\x64\x65\x66\x20\x5f\x5f\x6c\x69\x6e"
  "\x75\x78\x5f\x5f\x0a\x23\x64\x65\x66\x69\x6e\x65\x20\x5f\x55\x5f\x4f\x5f\x43\x52"
  "\x45\x41\x54\x20\x20\x20\x36\x34\x0a\x23\x64\x65\x66\x69\x6e\x65\x20\x5f\x55\x5f"
  "\x4f\x5f\x54\x52\x55\x4e\x43\x20\x20\x20\x35\x31\x32\x0a\x23\x64\x65\x66\x69\x6e"
  "\x65\x20\x5f\x55\x5f\x4f\x5f\x41\x50\x50\x45\x4e\x44\x20\x20\x31\x30\x32\x34\x0a"
  "\x23\x65\x6c\x73\x65\x0a\x23\x64\x65\x66\x69\x6e\x65\x20\x5f\x55\x5f\x4f\x5f\x43"
  "\x52\x45\x41\x54\x20\x20\x20\x35\x31\x32\x0a\x23\x64\x65\x66\x69\x6e\x65\x20\x5f"
  "\x55\x5f\x4f\x5f\x54\x52\x55\x4e\x43\x20\x20\x20\x31\x30\x32\x34\x0a\x23\x64\x65"
  "\x66\x69\x6e\x65\x20\x5f\x55\x5f\x4f\x5f\x41\x50\x50\x45\x4e\x44\x20\x20\x38\x0a"
  "\x23\x65\x6e\x64\x69\x66\x0a\x0a\x23\x69\x66\x20\x21\x5f\x5f\x55\x4e\x49\x53\x41"
  "\x5f\x46\x54\x52\x49\x4d\x5f\x4c\x49\x42\x43\x20\x7c\x7c\x20\x5f\x5f\x55\x4e\x5f"
  "\x66\x6f\x70\x65\x6e\x0a\x73\x74\x61\x74\x69\x63\x20\x46\x49\x4c\x45\x20\x2a\x66"
  "\x6f\x70\x65\x6e\x28\x63\x6f\x6e\x73\x74\x20\x63\x68\x61\x72\x20\x2a\x5f\x5f\x75"
  "\x5f\x70\x61\x74\x68\x2c\x20\x63\x6f\x6e\x73\x74\x20\x63\x68\x61\x72\x20\x2a\x5f"
  "\x5f\x75\x5f\x6d\x6f\x64\x65\x29\x20\x7b\x0a\x20\x20\x20\x20\x69\x6e\x74\x20\x5f"
  "\x5f\x75\x5f\x66\x64\x3b\x0a\x23\x69\x66\x64\x65\x66\x20\x5f\x57\x49\x4e\x33\x32"
  "\x0a\x20\x20\x20\x20\x2f\x2a\x20\x57\x69\x6e\x64\x6f\x77\x73\x20\x68\x61\x73\x20"
  "\x6e\x6f\x20\x6f\x70\x65\x6e\x28\x32\x29\x2c\x20\x61\x6e\x64\x20\x43\x72\x65\x61"
  "\x74\x65\x46\x69\x6c\x65\x41\x20\x77\x61\x6e\x74\x73\x20\x69\x74\x73\x20\x6f\x77"
  "\x6e\x20\x73\x68\x61\x70\x65\x73\x2e\x20\x20\x54\x68\x65\x79\x0a\x20\x20\x20\x20"
  "\x20\x20\x20\x61\x72\x65\x20\x62\x75\x69\x6c\x74\x20\x48\x45\x52\x45\x20\x61\x6e"
  "\x64\x20\x6e\x6f\x74\x20\x69\x6e\x20\x74\x68\x65\x20\x65\x6e\x63\x6f\x64\x65\x72"
  "\x2c\x20\x62\x65\x63\x61\x75\x73\x65\x20\x74\x68\x69\x73\x20\x69\x73\x20\x74\x68"
  "\x65\x20\x6f\x6e\x6c\x79\x20\x70\x6c\x61\x63\x65\x0a\x20\x20\x20\x20\x20\x20\x20"
  "\x74\x68\x61\x74\x20\x6b\x6e\x6f\x77\x73\x20\x77\x68\x65\x74\x68\x65\x72\x20\x74"
  "\x68\x65\x20\x70\x72\x6f\x67\x72\x61\x6d\x20\x69\x73\x20\x62\x65\x69\x6e\x67\x20"
  "\x63\x6f\x6d\x70\x69\x6c\x65\x64\x20\x66\x6f\x72\x20\x57\x69\x6e\x64\x6f\x77\x73"
  "\x2e\x20\x2a\x2f\x0a\x20\x20\x20\x20\x6c\x6f\x6e\x67\x20\x5f\x5f\x75\x5f\x61\x63"
  "\x63\x65\x73\x73\x3b\x0a\x20\x20\x20\x20\x6c\x6f\x6e\x67\x20\x5f\x5f\x75\x5f\x64"
  "\x69\x73\x70\x3b\x0a\x20\x20\x20\x20\x5f\x5f\x75\x5f\x61\x63\x63\x65\x73\x73\x20"
  "\x3d\x20\x30\x78\x38\x30\x30\x30\x30\x30\x30\x30\x3b\x20\x20\x20\x20\x20\x20\x20"
  "\x20\x20\x20\x20\x20\x20\x20\x20\x20\x20\x20\x2f\x2a\x20\x47\x45\x4e\x45\x52\x49"
  "\x43\x5f\x52\x45\x41\x44\x20\x20\x2a\x2f\x0a\x20\x20\x20\x20\x5f\x5f\x75\x5f\x64"
  "\x69\x73\x70\x20\x3d\x20\x33\x3b\x20\x20\x20\x20\x20\x20\x20\x20\x20\x20\x20\x20"
  "\x20\x20\x20\x20\x20\x20\x20\x20\x20\x20\x20\x20\x20\x20\x20\x20\x20\x2f\x2a\x20"
  "\x4f\x50\x45\x4e\x5f\x45\x58\x49\x53\x54\x49\x4e\x47\x20\x2a\x2f\x0a\x20\x20\x20"
  "\x20\x69\x66\x20\x28\x5f\x5f\x75\x5f\x6d\x6f\x64\x65\x5b\x30\x5d\x20\x3d\x3d\x20"
  "\x31\x31\x39\x29\x20\x7b\x20\x5f\x5f\x75\x5f\x61\x63\x63\x65\x73\x73\x20\x3d\x20"
  "\x30\x78\x34\x30\x30\x30\x30\x30\x30\x30\x3b\x20\x5f\x5f\x75\x5f\x64\x69\x73\x70"
  "\x20\x3d\x20\x32\x3b\x20\x7d\x20\x20\x20\x2f\x2a\x20\x27\x77\x27\x20\x43\x52\x45"
  "\x41\x54\x45\x5f\x41\x4c\x57\x41\x59\x53\x20\x2a\x2f\x0a\x20\x20\x20\x20\x69\x66"
  "\x20\x28\x5f\x5f\x75\x5f\x6d\x6f\x64\x65\x5b\x30\x5d\x20\x3d\x3d\x20\x39\x37\x29"
  "\x20\x20\x7b\x20\x5f\x5f\x75\x5f\x61\x63\x63\x65\x73\x73\x20\x3d\x20\x30\x78\x34"
  "\x30\x30\x30\x30\x30\x30\x30\x3b\x20\x5f\x5f\x75\x5f\x64\x69\x73\x70\x20\x3d\x20"
  "\x34\x3b\x20\x7d\x20\x20\x20\x2f\x2a\x20\x27\x61\x27\x20\x4f\x50\x45\x4e\x5f\x41"
  "\x4c\x57\x41\x59\x53\x20\x20\x20\x2a\x2f\x0a\x20\x20\x20\x20\x5f\x5f\x75\x5f\x66"
  "\x64\x20\x3d\x20\x5f\x5f\x6f\x70\x65\x6e\x28\x28\x63\x68\x61\x72\x20\x2a\x29\x5f"
  "\x5f\x75\x5f\x70\x61\x74\x68\x2c\x20\x5f\x5f\x75\x5f\x61\x63\x63\x65\x73\x73\x2c"
  "\x20\x5f\x5f\x75\x5f\x64\x69\x73\x70\x29\x3b\x0a\x23\x65\x6c\x73\x65\x0a\x20\x20"
  "\x20\x20\x69\x6e\x74\x20\x5f\x5f\x75\x5f\x66\x6c\x61\x67\x73\x3b\x0a\x20\x20\x20"
  "\x20\x69\x6e\x74\x20\x5f\x5f\x75\x5f\x70\x6c\x75\x73\x3b\x0a\x20\x20\x20\x20\x2f"
  "\x2a\x20\x54\x68\x65\x20\x74\x72\x61\x69\x6c\x69\x6e\x67\x20\x60\x2b\x60\x20\x6d"
  "\x65\x61\x6e\x73\x20\x55\x50\x44\x41\x54\x45\x3a\x20\x72\x65\x61\x64\x20\x41\x4e"
  "\x44\x20\x77\x72\x69\x74\x65\x2e\x20\x20\x49\x74\x20\x77\x61\x73\x20\x69\x67\x6e"
  "\x6f\x72\x65\x64\x2c\x20\x73\x6f\x20\x22\x77\x2b\x22\x0a\x20\x20\x20\x20\x20\x20"
  "\x20\x62\x65\x68\x61\x76\x65\x64\x20\x61\x73\x20\x22\x77\x22\x20\x28\x4f\x5f\x57"
  "\x52\x4f\x4e\x4c\x59\x29\x20\x61\x6e\x64\x20\x61\x20\x74\x6d\x70\x66\x69\x6c\x65"
  "\x20\x63\x6f\x75\x6c\x64\x20\x62\x65\x20\x77\x72\x69\x74\x74\x65\x6e\x20\x62\x75"
  "\x74\x20\x6e\x65\x76\x65\x72\x20\x72\x65\x61\x64\x0a\x20\x20\x20\x20\x20\x20\x20"
  "\x62\x61\x63\x6b\x20\x2d\x2d\x20\x66\x72\x65\x61\x64\x20\x66\x61\x69\x6c\x65\x64"
  "\x20\x61\x6e\x64\x20\x74\x68\x65\x20\x61\x6e\x73\x77\x65\x72\x20\x6c\x6f\x6f\x6b"
  "\x65\x64\x20\x6c\x69\x6b\x65\x20\x61\x6e\x20\x65\x6d\x70\x74\x79\x20\x66\x69\x6c"
  "\x65\x2e\x20\x20\x4f\x5f\x52\x44\x57\x52\x0a\x20\x20\x20\x20\x20\x20\x20\x69\x73"
  "\x20\x77\x68\x61\x74\x20\x74\x68\x65\x20\x60\x2b\x60\x20\x61\x73\x6b\x73\x20\x66"
  "\x6f\x72\x2c\x20\x6f\x6e\x20\x74\x68\x65\x20\x6d\x6f\x64\x65\x73\x20\x74\x68\x61"
  "\x74\x20\x61\x6c\x6c\x6f\x77\x20\x69\x74\x2e\x20\x2a\x2f\x0a\x20\x20\x20\x20\x5f"
  "\x5f\x75\x5f\x70\x6c\x75\x73\x20\x3d\x20\x30\x3b\x0a\x20\x20\x20\x20\x7b\x20\x69"
  "\x6e\x74\x20\x5f\x5f\x75\x5f\x6a\x3b\x20\x5f\x5f\x75\x5f\x6a\x20\x3d\x20\x30\x3b"
  "\x20\x77\x68\x69\x6c\x65\x20\x28\x5f\x5f\x75\x5f\x6d\x6f\x64\x65\x5b\x5f\x5f\x75"
  "\x5f\x6a\x5d\x29\x20\x7b\x0a\x20\x20\x20\x20\x20\x20\x20\x20\x69\x66\x20\x28\x5f"
  "\x5f\x75\x5f\x6d\x6f\x64\x65\x5b\x5f\x5f\x75\x5f\x6a\x5d\x20\x3d\x3d\x20\x34\x33"
  "\x29\x20\x5f\x5f\x75\x5f\x70\x6c\x75\x73\x20\x3d\x20\x31\x3b\x0a\x20\x20\x20\x20"
  "\x20\x20\x20\x20\x5f\x5f\x75\x5f\x6a\x20\x3d\x20\x5f\x5f\x75\x5f\x6a\x20\x2b\x20"
  "\x31\x3b\x20\x7d\x20\x7d\x0a\x20\x20\x20\x20\x5f\x5f\x75\x5f\x66\x6c\x61\x67\x73"
  "\x20\x3d\x20\x30\x3b\x20\x20\x20\x20\x20\x20\x20\x20\x20\x20\x20\x20\x20\x20\x20"
  "\x20\x20\x20\x20\x20\x20\x20\x20\x20\x20\x20\x20\x20\x2f\x2a\x20\x27\x72\x27\x3a"
  "\x20\x4f\x5f\x52\x44\x4f\x4e\x4c\x59\x20\x2a\x2f\x0a\x20\x20\x20\x20\x69\x66\x20"
  "\x28\x5f\x5f\x75\x5f\x6d\x6f\x64\x65\x5b\x30\x5d\x20\x3d\x3d\x20\x31\x31\x34\x20"
  "\x26\x26\x20\x5f\x5f\x75\x5f\x70\x6c\x75\x73\x29\x20\x5f\x5f\x75\x5f\x66\x6c\x61"
  "\x67\x73\x20\x3d\x20\x5f\x55\x5f\x4f\x5f\x52\x44\x57\x52\x3b\x0a\x20\x20\x20\x20"
  "\x69\x66\x20\x28\x5f\x5f\x75\x5f\x6d\x6f\x64\x65\x5b\x30\x5d\x20\x3d\x3d\x20\x31"
  "\x31\x39\x29\x20\x20\x20\x20\x20\x20\x20\x20\x20\x20\x20\x20\x20\x20\x20\x20\x20"
  "\x20\x20\x2f\x2a\x20\x27\x77\x27\x20\x2a\x2f\x0a\x20\x20\x20\x20\x20\x20\x20\x20"
  "\x5f\x5f\x75\x5f\x66\x6c\x61\x67\x73\x20\x3d\x20\x5f\x55\x5f\x4f\x5f\x57\x52\x4f"
  "\x4e\x4c\x59\x20\x7c\x20\x5f\x55\x5f\x4f\x5f\x43\x52\x45\x41\x54\x20\x7c\x20\x5f"
  "\x55\x5f\x4f\x5f\x54\x52\x55\x4e\x43\x3b\x0a\x20\x20\x20\x20\x69\x66\x20\x28\x5f"
  "\x5f\x75\x5f\x6d\x6f\x64\x65\x5b\x30\x5d\x20\x3d\x3d\x20\x31\x31\x39\x20\x26\x26"
  "\x20\x5f\x5f\x75\x5f\x70\x6c\x75\x73\x29\x0a\x20\x20\x20\x20\x20\x20\x20\x20\x5f"
  "\x5f\x75\x5f\x66\x6c\x61\x67\x73\x20\x3d\x20\x5f\x55\x5f\x4f\x5f\x52\x44\x57\x52"
  "\x20\x7c\x20\x5f\x55\x5f\x4f\x5f\x43\x52\x45\x41\x54\x20\x7c\x20\x5f\x55\x5f\x4f"
  "\x5f\x54\x52\x55\x4e\x43\x3b\x0a\x20\x20\x20\x20\x69\x66\x20\x28\x5f\x5f\x75\x5f"
  "\x6d\x6f\x64\x65\x5b\x30\x5d\x20\x3d\x3d\x20\x39\x37\x29\x20\x20\x20\x20\x20\x20"
  "\x20\x20\x20\x20\x20\x20\x20\x20\x20\x20\x20\x20\x20\x20\x2f\x2a\x20\x27\x61\x27"
  "\x20\x2a\x2f\x0a\x20\x20\x20\x20\x20\x20\x20\x20\x5f\x5f\x75\x5f\x66\x6c\x61\x67"
  "\x73\x20\x3d\x20\x5f\x55\x5f\x4f\x5f\x57\x52\x4f\x4e\x4c\x59\x20\x7c\x20\x5f\x55"
  "\x5f\x4f\x5f\x43\x52\x45\x41\x54\x20\x7c\x20\x5f\x55\x5f\x4f\x5f\x41\x50\x50\x45"
  "\x4e\x44\x3b\x0a\x20\x20\x20\x20\x69\x66\x20\x28\x5f\x5f\x75\x5f\x6d\x6f\x64\x65"
  "\x5b\x30\x5d\x20\x3d\x3d\x20\x39\x37\x20\x26\x26\x20\x5f\x5f\x75\x5f\x70\x6c\x75"
  "\x73\x29\x0a\x20\x20\x20\x20\x20\x20\x20\x20\x5f\x5f\x75\x5f\x66\x6c\x61\x67\x73"
  "\x20\x3d\x20\x5f\x55\x5f\x4f\x5f\x52\x44\x57\x52\x20\x7c\x20\x5f\x55\x5f\x4f\x5f"
  "\x43\x52\x45\x41\x54\x20\x7c\x20\x5f\x55\x5f\x4f\x5f\x41\x50\x50\x45\x4e\x44\x3b"
  "\x0a\x20\x20\x20\x20\x2f\x2a\x20\x30\x36\x34\x34\x2e\x20\x20\x50\x61\x73\x73\x69"
  "\x6e\x67\x20\x6e\x6f\x20\x6d\x6f\x64\x65\x20\x61\x74\x20\x61\x6c\x6c\x20\x6c\x65"
  "\x66\x74\x20\x69\x74\x20\x61\x74\x20\x30\x2c\x20\x73\x6f\x20\x74\x68\x65\x20\x66"
  "\x69\x6c\x65\x20\x77\x65\x20\x68\x61\x64\x20\x6a\x75\x73\x74\x0a\x20\x20\x20\x20"
  "\x20\x20\x20\x63\x72\x65\x61\x74\x65\x64\x20\x63\x6f\x75\x6c\x64\x20\x6e\x6f\x74"
  "\x20\x62\x65\x20\x6f\x70\x65\x6e\x65\x64\x20\x61\x67\x61\x69\x6e\x2e\x20\x2a\x2f"
  "\x0a\x20\x20\x20\x20\x5f\x5f\x75\x5f\x66\x64\x20\x3d\x20\x5f\x5f\x6f\x70\x65\x6e"
  "\x28\x28\x63\x68\x61\x72\x20\x2a\x29\x5f\x5f\x75\x5f\x70\x61\x74\x68\x2c\x20\x5f"
  "\x5f\x75\x5f\x66\x6c\x61\x67\x73\x2c\x20\x34\x32\x30\x29\x3b\x0a\x23\x65\x6e\x64"
  "\x69\x66\x0a\x20\x20\x20\x20\x69\x66\x20\x28\x5f\x5f\x75\x5f\x66\x64\x20\x3c\x20"
  "\x30\x29\x20\x7b\x0a\x20\x20\x20\x20\x20\x20\x20\x20\x2f\x2a\x20\x54\x68\x65\x20"
  "\x67\x61\x74\x65\x20\x61\x6e\x73\x77\x65\x72\x73\x20\x2d\x65\x72\x72\x6e\x6f\x20"
  "\x6f\x6e\x20\x4c\x69\x6e\x75\x78\x20\x61\x6e\x64\x20\x44\x61\x72\x77\x69\x6e\x20"
  "\x28\x73\x65\x65\x20\x74\x68\x65\x20\x5f\x5f\x77\x72\x69\x74\x65\x20\x61\x75\x64"
  "\x69\x74\x0a\x20\x20\x20\x20\x20\x20\x20\x20\x20\x20\x20\x61\x62\x6f\x76\x65\x29"
  "\x3b\x20\x57\x69\x6e\x64\x6f\x77\x73\x27\x20\x43\x72\x65\x61\x74\x65\x46\x69\x6c"
  "\x65\x41\x20\x67\x61\x74\x65\x20\x61\x6e\x73\x77\x65\x72\x73\x20\x2d\x31\x2e\x20"
  "\x20\x57\x69\x74\x68\x6f\x75\x74\x20\x74\x68\x69\x73\x20\x6c\x69\x6e\x65\x0a\x20"
  "\x20\x20\x20\x20\x20\x20\x20\x20\x20\x20\x65\x72\x72\x6e\x6f\x20\x73\x74\x61\x79"
  "\x65\x64\x20\x30\x20\x61\x6e\x64\x20\x73\x62\x61\x73\x65\x20\x73\x61\x69\x64\x20"
  "\x22\x66\x6f\x70\x65\x6e\x20\x2f\x6e\x6f\x6e\x65\x78\x69\x73\x74\x65\x6e\x74\x3a"
  "\x20\x53\x75\x63\x63\x65\x73\x73\x22\x0a\x20\x20\x20\x20\x20\x20\x20\x20\x20\x20"
  "\x20\x5b\x52\x31\x33\x2d\x30\x62\x20\x23\x32\x35\x5d\x2e\x20\x20\x41\x20\x62\x61"
  "\x72\x65\x20\x2d\x31\x20\x69\x73\x20\x72\x65\x70\x6f\x72\x74\x65\x64\x20\x61\x73"
  "\x20\x45\x4e\x4f\x45\x4e\x54\x3a\x20\x61\x6e\x20\x6f\x70\x65\x6e\x20\x74\x68\x61"
  "\x74\x0a\x20\x20\x20\x20\x20\x20\x20\x20\x20\x20\x20\x66\x61\x69\x6c\x65\x64\x20"
  "\x77\x69\x74\x68\x20\x6e\x6f\x20\x63\x6f\x64\x65\x20\x69\x73\x20\x61\x6c\x6d\x6f"
  "\x73\x74\x20\x61\x6c\x77\x61\x79\x73\x20\x61\x20\x6d\x69\x73\x73\x69\x6e\x67\x20"
  "\x66\x69\x6c\x65\x2e\x20\x2a\x2f\x0a\x20\x20\x20\x20\x20\x20\x20\x20\x65\x72\x72"
  "\x6e\x6f\x20\x3d\x20\x30\x20\x2d\x20\x5f\x5f\x75\x5f\x66\x64\x3b\x0a\x23\x69\x66"
  "\x64\x65\x66\x20\x5f\x57\x49\x4e\x33\x32\x0a\x20\x20\x20\x20\x20\x20\x20\x20\x69"
  "\x66\x20\x28\x65\x72\x72\x6e\x6f\x20\x3d\x3d\x20\x31\x29\x20\x65\x72\x72\x6e\x6f"
  "\x20\x3d\x20\x45\x4e\x4f\x45\x4e\x54\x3b\x0a\x23\x65\x6e\x64\x69\x66\x0a\x20\x20"
  "\x20\x20\x20\x20\x20\x20\x72\x65\x74\x75\x72\x6e\x20\x4e\x55\x4c\x4c\x3b\x0a\x20"
  "\x20\x20\x20\x7d\x0a\x20\x20\x20\x20\x72\x65\x74\x75\x72\x6e\x20\x28\x46\x49\x4c"
  "\x45\x20\x2a\x29\x28\x6c\x6f\x6e\x67\x29\x5f\x5f\x75\x5f\x66\x64\x3b\x0a\x7d\x0a"
  "\x23\x65\x6e\x64\x69\x66\x0a\x0a\x2f\x2a\x20\x55\x6e\x62\x75\x66\x66\x65\x72\x65"
  "\x64\x3a\x20\x61\x20\x46\x49\x4c\x45\x20\x2a\x20\x68\x65\x72\x65\x20\x69\x73\x20"
  "\x61\x20\x66\x69\x6c\x65\x20\x64\x65\x73\x63\x72\x69\x70\x74\x6f\x72\x2c\x20\x73"
  "\x6f\x20\x74\x68\x65\x72\x65\x20\x69\x73\x20\x6e\x6f\x77\x68\x65\x72\x65\x20\x74"
  "\x6f\x0a\x20\x20\x20\x6b\x65\x65\x70\x20\x61\x20\x62\x75\x66\x66\x65\x72\x20\x61"
  "\x6e\x64\x20\x65\x76\x65\x72\x79\x20\x63\x68\x61\x72\x61\x63\x74\x65\x72\x20\x63"
  "\x6f\x73\x74\x73\x20\x61\x20\x72\x65\x61\x64\x2e\x20\x20\x43\x6f\x72\x72\x65\x63"
  "\x74\x2c\x20\x6e\x6f\x74\x20\x66\x61\x73\x74\x2e\x20\x2a\x2f\x0a\x23\x69\x66\x20"
  "\x21\x5f\x5f\x55\x4e\x49\x53\x41\x5f\x46\x54\x52\x49\x4d\x5f\x4c\x49\x42\x43\x20"
  "\x7c\x7c\x20\x5f\x5f\x55\x4e\x5f\x66\x67\x65\x74\x63\x0a\x2f\x2a\x20\x2d\x2d\x2d"
  "\x2d\x20\x73\x74\x72\x65\x61\x6d\x20\x73\x74\x61\x74\x65\x20\x2d\x2d\x2d\x2d\x2d"
  "\x2d\x2d\x2d\x2d\x2d\x2d\x2d\x2d\x2d\x2d\x2d\x2d\x2d\x2d\x2d\x2d\x2d\x2d\x2d\x2d"
  "\x2d\x2d\x2d\x2d\x2d\x2d\x2d\x2d\x2d\x2d\x2d\x2d\x2d\x2d\x2d\x2d\x2d\x2d\x2d\x2d"
  "\x2d\x2d\x2d\x2d\x2d\x2d\x2d\x2d\x2d\x0a\x20\x20\x20\x41\x20\x46\x49\x4c\x45\x2a"
  "\x20\x69\x73\x20\x61\x20\x64\x65\x73\x63\x72\x69\x70\x74\x6f\x72\x20\x61\x6e\x64"
  "\x20\x6e\x6f\x74\x68\x69\x6e\x67\x20\x6d\x6f\x72\x65\x20\x28\x73\x65\x65\x20\x74"
  "\x68\x65\x20\x74\x6f\x70\x20\x6f\x66\x20\x74\x68\x69\x73\x20\x66\x69\x6c\x65\x29"
  "\x2c\x20\x73\x6f\x0a\x20\x20\x20\x74\x68\x65\x72\x65\x20\x69\x73\x20\x6e\x6f\x77"
  "\x68\x65\x72\x65\x20\x6f\x6e\x20\x74\x68\x65\x20\x73\x74\x72\x65\x61\x6d\x20\x74"
  "\x6f\x20\x72\x65\x6d\x65\x6d\x62\x65\x72\x20\x74\x68\x61\x74\x20\x61\x20\x72\x65"
  "\x61\x64\x20\x68\x69\x74\x20\x45\x4f\x46\x20\x6f\x72\x20\x66\x61\x69\x6c\x65\x64"
  "\x2c\x0a\x20\x20\x20\x6f\x72\x20\x74\x6f\x20\x68\x6f\x6c\x64\x20\x61\x20\x62\x79"
  "\x74\x65\x20\x70\x75\x73\x68\x65\x64\x20\x62\x61\x63\x6b\x20\x62\x79\x20\x75\x6e"
  "\x67\x65\x74\x63\x2e\x20\x20\x41\x20\x73\x6d\x61\x6c\x6c\x20\x66\x69\x78\x65\x64"
  "\x20\x74\x61\x62\x6c\x65\x20\x6b\x65\x79\x65\x64\x20\x62\x79\x20\x74\x68\x65\x0a"
  "\x20\x20\x20\x64\x65\x73\x63\x72\x69\x70\x74\x6f\x72\x20\x6b\x65\x65\x70\x73\x20"
  "\x74\x68\x61\x74\x20\x73\x74\x61\x74\x65\x2e\x20\x20\x45\x69\x67\x68\x74\x20\x73"
  "\x74\x72\x65\x61\x6d\x73\x20\x69\x73\x20\x77\x68\x61\x74\x20\x61\x20\x70\x72\x6f"
  "\x67\x72\x61\x6d\x20\x74\x68\x61\x74\x20\x75\x73\x65\x73\x0a\x20\x20\x20\x66\x65"
  "\x6f\x66\x28\x29\x20\x61\x74\x20\x61\x6c\x6c\x20\x69\x73\x20\x6c\x69\x6b\x65\x6c"
  "\x79\x20\x74\x6f\x20\x68\x6f\x6c\x64\x20\x6f\x70\x65\x6e\x3b\x20\x61\x20\x6e\x69"
  "\x6e\x74\x68\x20\x73\x69\x6d\x70\x6c\x79\x20\x66\x6f\x72\x67\x65\x74\x73\x20\x69"
  "\x74\x73\x20\x66\x6c\x61\x67\x73\x0a\x20\x20\x20\x72\x61\x74\x68\x65\x72\x20\x74"
  "\x68\x61\x6e\x20\x66\x61\x69\x6c\x69\x6e\x67\x2c\x20\x62\x65\x63\x61\x75\x73\x65"
  "\x20\x61\x20\x77\x72\x6f\x6e\x67\x20\x61\x6e\x73\x77\x65\x72\x20\x66\x72\x6f\x6d"
  "\x20\x66\x65\x6f\x66\x28\x29\x20\x69\x73\x20\x77\x6f\x72\x73\x65\x20\x74\x68\x61"
  "\x6e\x20\x6e\x6f\x6e\x65\x2e\x0a\x20\x20\x20\x5b\x52\x31\x33\x2d\x30\x20\x23\x30"
  "\x36\x20\x2f\x20\x4e\x31\x35\x5d\x20\x2a\x2f\x0a\x23\x64\x65\x66\x69\x6e\x65\x20"
  "\x5f\x55\x5f\x4e\x53\x54\x20\x38\x0a\x73\x74\x61\x74\x69\x63\x20\x69\x6e\x74\x20"
  "\x5f\x75\x5f\x73\x74\x5f\x66\x64\x5b\x5f\x55\x5f\x4e\x53\x54\x5d\x3b\x0a\x73\x74"
  "\x61\x74\x69\x63\x20\x69\x6e\x74\x20\x5f\x75\x5f\x73\x74\x5f\x65\x6f\x66\x5b\x5f"
  "\x55\x5f\x4e\x53\x54\x5d\x3b\x0a\x73\x74\x61\x74\x69\x63\x20\x69\x6e\x74\x20\x5f"
  "\x75\x5f\x73\x74\x5f\x65\x72\x72\x5b\x5f\x55\x5f\x4e\x53\x54\x5d\x3b\x0a\x73\x74"
  "\x61\x74\x69\x63\x20\x69\x6e\x74\x20\x5f\x75\x5f\x73\x74\x5f\x75\x6e\x67\x5b\x5f"
  "\x55\x5f\x4e\x53\x54\x5d\x3b\x20\x20\x20\x20\x20\x20\x20\x20\x20\x20\x20\x20\x20"
  "\x20\x2f\x2a\x20\x61\x20\x70\x75\x73\x68\x65\x64\x2d\x62\x61\x63\x6b\x20\x62\x79"
  "\x74\x65\x2c\x20\x6f\x72\x20\x2d\x31\x20\x2a\x2f\x0a\x73\x74\x61\x74\x69\x63\x20"
  "\x69\x6e\x74\x20\x5f\x75\x5f\x73\x74\x5f\x6e\x3b\x0a\x0a\x23\x69\x66\x20\x21\x5f"
  "\x5f\x55\x4e\x49\x53\x41\x5f\x46\x54\x52\x49\x4d\x5f\x4c\x49\x42\x43\x20\x7c\x7c"
  "\x20\x5f\x5f\x55\x4e\x5f\x5f\x75\x5f\x73\x74\x5f\x73\x6c\x6f\x74\x0a\x73\x74\x61"
  "\x74\x69\x63\x20\x69\x6e\x74\x20\x5f\x75\x5f\x73\x74\x5f\x73\x6c\x6f\x74\x28\x46"
  "\x49\x4c\x45\x20\x2a\x5f\x5f\x75\x5f\x66\x29\x20\x7b\x0a\x20\x20\x20\x20\x69\x6e"
  "\x74\x20\x5f\x5f\x75\x5f\x66\x64\x3b\x20\x69\x6e\x74\x20\x5f\x5f\x75\x5f\x69\x3b"
  "\x0a\x20\x20\x20\x20\x5f\x5f\x75\x5f\x66\x64\x20\x3d\x20\x5f\x75\x6e\x69\x73\x61"
  "\x5f\x66\x64\x28\x5f\x5f\x75\x5f\x66\x29\x3b\x0a\x20\x20\x20\x20\x5f\x5f\x75\x5f"
  "\x69\x20\x3d\x20\x30\x3b\x0a\x20\x20\x20\x20\x77\x68\x69\x6c\x65\x20\x28\x5f\x5f"
  "\x75\x5f\x69\x20\x3c\x20\x5f\x75\x5f\x73\x74\x5f\x6e\x29\x20\x7b\x0a\x20\x20\x20"
  "\x20\x20\x20\x20\x20\x69\x66\x20\x28\x5f\x75\x5f\x73\x74\x5f\x66\x64\x5b\x5f\x5f"
  "\x75\x5f\x69\x5d\x20\x3d\x3d\x20\x5f\x5f\x75\x5f\x66\x64\x29\x20\x72\x65\x74\x75"
  "\x72\x6e\x20\x5f\x5f\x75\x5f\x69\x3b\x0a\x20\x20\x20\x20\x20\x20\x20\x20\x5f\x5f"
  "\x75\x5f\x69\x20\x3d\x20\x5f\x5f\x75\x5f\x69\x20\x2b\x20\x31\x3b\x0a\x20\x20\x20"
  "\x20\x7d\x0a\x20\x20\x20\x20\x69\x66\x20\x28\x5f\x75\x5f\x73\x74\x5f\x6e\x20\x3e"
  "\x3d\x20\x5f\x55\x5f\x4e\x53\x54\x29\x20\x72\x65\x74\x75\x72\x6e\x20\x30\x20\x2d"
  "\x20\x31\x3b\x0a\x20\x20\x20\x20\x5f\x5f\x75\x5f\x69\x20\x3d\x20\x5f\x75\x5f\x73"
  "\x74\x5f\x6e\x3b\x20\x5f\x75\x5f\x73\x74\x5f\x6e\x20\x3d\x20\x5f\x75\x5f\x73\x74"
  "\x5f\x6e\x20\x2b\x20\x31\x3b\x0a\x20\x20\x20\x20\x5f\x75\x5f\x73\x74\x5f\x66\x64"
  "\x5b\x5f\x5f\x75\x5f\x69\x5d\x20\x3d\x20\x5f\x5f\x75\x5f\x66\x64\x3b\x0a\x20\x20"
  "\x20\x20\x5f\x75\x5f\x73\x74\x5f\x65\x6f\x66\x5b\x5f\x5f\x75\x5f\x69\x5d\x20\x3d"
  "\x20\x30\x3b\x20\x5f\x75\x5f\x73\x74\x5f\x65\x72\x72\x5b\x5f\x5f\x75\x5f\x69\x5d"
  "\x20\x3d\x20\x30\x3b\x20\x5f\x75\x5f\x73\x74\x5f\x75\x6e\x67\x5b\x5f\x5f\x75\x5f"
  "\x69\x5d\x20\x3d\x20\x30\x20\x2d\x20\x31\x3b\x0a\x20\x20\x20\x20\x72\x65\x74\x75"
  "\x72\x6e\x20\x5f\x5f\x75\x5f\x69\x3b\x0a\x7d\x0a\x23\x65\x6e\x64\x69\x66\x0a\x0a"
  "\x23\x69\x66\x20\x21\x5f\x5f\x55\x4e\x49\x53\x41\x5f\x46\x54\x52\x49\x4d\x5f\x4c"
  "\x49\x42\x43\x20\x7c\x7c\x20\x5f\x5f\x55\x4e\x5f\x66\x65\x6f\x66\x0a\x73\x74\x61"
  "\x74\x69\x63\x20\x69\x6e\x74\x20\x66\x65\x6f\x66\x28\x46\x49\x4c\x45\x20\x2a\x5f"
  "\x5f\x75\x5f\x66\x29\x20\x7b\x0a\x20\x20\x20\x20\x69\x6e\x74\x20\x5f\x5f\x75\x5f"
  "\x69\x3b\x20\x5f\x5f\x75\x5f\x69\x20\x3d\x20\x5f\x75\x5f\x73\x74\x5f\x73\x6c\x6f"
  "\x74\x28\x5f\x5f\x75\x5f\x66\x29\x3b\x0a\x20\x20\x20\x20\x69\x66\x20\x28\x5f\x5f"
  "\x75\x5f\x69\x20\x3c\x20\x30\x29\x20\x72\x65\x74\x75\x72\x6e\x20\x30\x3b\x0a\x20"
  "\x20\x20\x20\x72\x65\x74\x75\x72\x6e\x20\x5f\x75\x5f\x73\x74\x5f\x65\x6f\x66\x5b"
  "\x5f\x5f\x75\x5f\x69\x5d\x3b\x0a\x7d\x0a\x23\x65\x6e\x64\x69\x66\x0a\x23\x69\x66"
  "\x20\x21\x5f\x5f\x55\x4e\x49\x53\x41\x5f\x46\x54\x52\x49\x4d\x5f\x4c\x49\x42\x43"
  "\x20\x7c\x7c\x20\x5f\x5f\x55\x4e\x5f\x66\x65\x72\x72\x6f\x72\x0a\x73\x74\x61\x74"
  "\x69\x63\x20\x69\x6e\x74\x20\x66\x65\x72\x72\x6f\x72\x28\x46\x49\x4c\x45\x20\x2a"
  "\x5f\x5f\x75\x5f\x66\x29\x20\x7b\x0a\x20\x20\x20\x20\x69\x6e\x74\x20\x5f\x5f\x75"
  "\x5f\x69\x3b\x20\x5f\x5f\x75\x5f\x69\x20\x3d\x20\x5f\x75\x5f\x73\x74\x5f\x73\x6c"
  "\x6f\x74\x28\x5f\x5f\x75\x5f\x66\x29\x3b\x0a\x20\x20\x20\x20\x69\x66\x20\x28\x5f"
  "\x5f\x75\x5f\x69\x20\x3c\x20\x30\x29\x20\x72\x65\x74\x75\x72\x6e\x20\x30\x3b\x0a"
  "\x20\x20\x20\x20\x72\x65\x74\x75\x72\x6e\x20\x5f\x75\x5f\x73\x74\x5f\x65\x72\x72"
  "\x5b\x5f\x5f\x75\x5f\x69\x5d\x3b\x0a\x7d\x0a\x23\x65\x6e\x64\x69\x66\x0a\x23\x69"
  "\x66\x20\x21\x5f\x5f\x55\x4e\x49\x53\x41\x5f\x46\x54\x52\x49\x4d\x5f\x4c\x49\x42"
  "\x43\x20\x7c\x7c\x20\x5f\x5f\x55\x4e\x5f\x63\x6c\x65\x61\x72\x65\x72\x72\x0a\x73"
  "\x74\x61\x74\x69\x63\x20\x76\x6f\x69\x64\x20\x63\x6c\x65\x61\x72\x65\x72\x72\x28"
  "\x46\x49\x4c\x45\x20\x2a\x5f\x5f\x75\x5f\x66\x29\x20\x7b\x0a\x20\x20\x20\x20\x69"
  "\x6e\x74\x20\x5f\x5f\x75\x5f\x69\x3b\x20\x5f\x5f\x75\x5f\x69\x20\x3d\x20\x5f\x75"
  "\x5f\x73\x74\x5f\x73\x6c\x6f\x74\x28\x5f\x5f\x75\x5f\x66\x29\x3b\x0a\x20\x20\x20"
  "\x20\x69\x66\x20\x28\x5f\x5f\x75\x5f\x69\x20\x3c\x20\x30\x29\x20\x72\x65\x74\x75"
  "\x72\x6e\x3b\x0a\x20\x20\x20\x20\x5f\x75\x5f\x73\x74\x5f\x65\x6f\x66\x5b\x5f\x5f"
  "\x75\x5f\x69\x5d\x20\x3d\x20\x30\x3b\x20\x5f\x75\x5f\x73\x74\x5f\x65\x72\x72\x5b"
  "\x5f\x5f\x75\x5f\x69\x5d\x20\x3d\x20\x30\x3b\x0a\x7d\x0a\x23\x65\x6e\x64\x69\x66"
  "\x0a\x2f\x2a\x20\x4f\x6e\x65\x20\x62\x79\x74\x65\x20\x6f\x66\x20\x70\x75\x73\x68"
  "\x62\x61\x63\x6b\x20\x28\x43\x39\x39\x20\x37\x2e\x31\x39\x2e\x37\x2e\x31\x31\x20"
  "\x67\x75\x61\x72\x61\x6e\x74\x65\x65\x73\x20\x61\x74\x20\x6c\x65\x61\x73\x74\x20"
  "\x6f\x6e\x65\x29\x2e\x20\x20\x50\x75\x73\x68\x69\x6e\x67\x20\x62\x61\x63\x6b\x0a"
  "\x20\x20\x20\x45\x4f\x46\x20\x66\x61\x69\x6c\x73\x2c\x20\x61\x6e\x64\x20\x70\x75"
  "\x73\x68\x69\x6e\x67\x20\x61\x6e\x79\x74\x68\x69\x6e\x67\x20\x62\x61\x63\x6b\x20"
  "\x43\x4c\x45\x41\x52\x53\x20\x74\x68\x65\x20\x65\x6e\x64\x2d\x6f\x66\x2d\x66\x69"
  "\x6c\x65\x20\x69\x6e\x64\x69\x63\x61\x74\x6f\x72\x2e\x20\x2a\x2f\x0a\x23\x69\x66"
  "\x20\x21\x5f\x5f\x55\x4e\x49\x53\x41\x5f\x46\x54\x52\x49\x4d\x5f\x4c\x49\x42\x43"
  "\x20\x7c\x7c\x20\x5f\x5f\x55\x4e\x5f\x75\x6e\x67\x65\x74\x63\x0a\x73\x74\x61\x74"
  "\x69\x63\x20\x69\x6e\x74\x20\x75\x6e\x67\x65\x74\x63\x28\x69\x6e\x74\x20\x5f\x5f"
  "\x75\x5f\x63\x2c\x20\x46\x49\x4c\x45\x20\x2a\x5f\x5f\x75\x5f\x66\x29\x20\x7b\x0a"
  "\x20\x20\x20\x20\x69\x6e\x74\x20\x5f\x5f\x75\x5f\x69\x3b\x0a\x20\x20\x20\x20\x69"
  "\x66\x20\x28\x5f\x5f\x75\x5f\x63\x20\x3d\x3d\x20\x45\x4f\x46\x29\x20\x72\x65\x74"
  "\x75\x72\x6e\x20\x45\x4f\x46\x3b\x0a\x20\x20\x20\x20\x5f\x5f\x75\x5f\x69\x20\x3d"
  "\x20\x5f\x75\x5f\x73\x74\x5f\x73\x6c\x6f\x74\x28\x5f\x5f\x75\x5f\x66\x29\x3b\x0a"
  "\x20\x20\x20\x20\x69\x66\x20\x28\x5f\x5f\x75\x5f\x69\x20\x3c\x20\x30\x29\x20\x72"
  "\x65\x74\x75\x72\x6e\x20\x45\x4f\x46\x3b\x0a\x20\x20\x20\x20\x5f\x75\x5f\x73\x74"
  "\x5f\x75\x6e\x67\x5b\x5f\x5f\x75\x5f\x69\x5d\x20\x3d\x20\x5f\x5f\x75\x5f\x63\x20"
  "\x26\x20\x32\x35\x35\x3b\x0a\x20\x20\x20\x20\x5f\x75\x5f\x73\x74\x5f\x65\x6f\x66"
  "\x5b\x5f\x5f\x75\x5f\x69\x5d\x20\x3d\x20\x30\x3b\x0a\x20\x20\x20\x20\x72\x65\x74"
  "\x75\x72\x6e\x20\x5f\x5f\x75\x5f\x63\x20\x26\x20\x32\x35\x35\x3b\x0a\x7d\x0a\x23"
  "\x65\x6e\x64\x69\x66\x0a\x2f\x2a\x20\x42\x75\x66\x66\x65\x72\x69\x6e\x67\x20\x69"
  "\x73\x20\x6e\x6f\x74\x20\x6d\x6f\x64\x65\x6c\x6c\x65\x64\x20\x28\x65\x76\x65\x72"
  "\x79\x20\x72\x65\x61\x64\x20\x61\x6e\x64\x20\x77\x72\x69\x74\x65\x20\x67\x6f\x65"
  "\x73\x20\x73\x74\x72\x61\x69\x67\x68\x74\x20\x74\x6f\x20\x74\x68\x65\x0a\x20\x20"
  "\x20\x64\x65\x73\x63\x72\x69\x70\x74\x6f\x72\x29\x2c\x20\x73\x6f\x20\x61\x20\x72"
  "\x65\x71\x75\x65\x73\x74\x20\x74\x6f\x20\x63\x68\x61\x6e\x67\x65\x20\x69\x74\x20"
  "\x69\x73\x20\x68\x6f\x6e\x6f\x75\x72\x65\x64\x20\x62\x79\x20\x64\x6f\x69\x6e\x67"
  "\x20\x6e\x6f\x74\x68\x69\x6e\x67\x20\x2d\x2d\x0a\x20\x20\x20\x77\x68\x69\x63\x68"
  "\x20\x43\x39\x39\x20\x37\x2e\x31\x39\x2e\x37\x2e\x34\x20\x70\x65\x72\x6d\x69\x74"
  "\x73\x3a\x20\x74\x68\x65\x20\x63\x61\x6c\x6c\x20\x6d\x61\x79\x20\x62\x65\x20\x6d"
  "\x61\x64\x65\x20\x61\x74\x20\x61\x6e\x79\x20\x74\x69\x6d\x65\x2c\x20\x61\x6e\x64"
  "\x20\x6f\x6e\x6c\x79\x0a\x20\x20\x20\x5f\x49\x4f\x46\x42\x46\x2f\x5f\x49\x4f\x4c"
  "\x42\x46\x2f\x5f\x49\x4f\x4e\x42\x46\x20\x61\x72\x65\x20\x64\x65\x66\x69\x6e\x65"
  "\x64\x2e\x20\x20\x52\x65\x74\x75\x72\x6e\x69\x6e\x67\x20\x6e\x6f\x6e\x2d\x7a\x65"
  "\x72\x6f\x20\x77\x6f\x75\x6c\x64\x20\x6d\x65\x61\x6e\x20\x66\x61\x69\x6c\x75\x72"
  "\x65\x2e\x20\x2a\x2f\x0a\x23\x69\x66\x20\x21\x5f\x5f\x55\x4e\x49\x53\x41\x5f\x46"
  "\x54\x52\x49\x4d\x5f\x4c\x49\x42\x43\x20\x7c\x7c\x20\x5f\x5f\x55\x4e\x5f\x73\x65"
  "\x74\x76\x62\x75\x66\x0a\x73\x74\x61\x74\x69\x63\x20\x69\x6e\x74\x20\x73\x65\x74"
  "\x76\x62\x75\x66\x28\x46\x49\x4c\x45\x20\x2a\x5f\x5f\x75\x5f\x66\x2c\x20\x63\x68"
  "\x61\x72\x20\x2a\x5f\x5f\x75\x5f\x62\x75\x66\x2c\x20\x69\x6e\x74\x20\x5f\x5f\x75"
  "\x5f\x6d\x6f\x64\x65\x2c\x20\x6c\x6f\x6e\x67\x20\x5f\x5f\x75\x5f\x73\x69\x7a\x65"
  "\x29\x20\x7b\x0a\x20\x20\x20\x20\x69\x66\x20\x28\x5f\x5f\x75\x5f\x66\x20\x3d\x3d"
  "\x20\x4e\x55\x4c\x4c\x29\x20\x72\x65\x74\x75\x72\x6e\x20\x30\x20\x2d\x20\x31\x3b"
  "\x0a\x20\x20\x20\x20\x72\x65\x74\x75\x72\x6e\x20\x30\x3b\x0a\x7d\x0a\x23\x65\x6e"
  "\x64\x69\x66\x0a\x23\x65\x6e\x64\x69\x66\x0a\x0a\x23\x69\x66\x20\x21\x5f\x5f\x55"
  "\x4e\x49\x53\x41\x5f\x46\x54\x52\x49\x4d\x5f\x4c\x49\x42\x43\x20\x7c\x7c\x20\x5f"
  "\x5f\x55\x4e\x5f\x66\x67\x65\x74\x63\x0a\x73\x74\x61\x74\x69\x63\x20\x69\x6e\x74"
  "\x20\x66\x67\x65\x74\x63\x28\x46\x49\x4c\x45\x20\x2a\x5f\x5f\x75\x5f\x66\x29\x20"
  "\x7b\x0a\x20\x20\x20\x20\x75\x6e\x73\x69\x67\x6e\x65\x64\x20\x63\x68\x61\x72\x20"
  "\x5f\x5f\x75\x5f\x63\x3b\x0a\x20\x20\x20\x20\x69\x6e\x74\x20\x5f\x5f\x75\x5f\x69"
  "\x3b\x0a\x20\x20\x20\x20\x2f\x2a\x20\x61\x20\x62\x79\x74\x65\x20\x70\x75\x73\x68"
  "\x65\x64\x20\x62\x61\x63\x6b\x20\x62\x79\x20\x75\x6e\x67\x65\x74\x63\x20\x63\x6f"
  "\x6d\x65\x73\x20\x6f\x75\x74\x20\x62\x65\x66\x6f\x72\x65\x20\x74\x68\x65\x20\x64"
  "\x65\x73\x63\x72\x69\x70\x74\x6f\x72\x20\x64\x6f\x65\x73\x2c\x20\x61\x6e\x64\x0a"
  "\x20\x20\x20\x20\x20\x20\x20\x72\x65\x61\x64\x69\x6e\x67\x20\x69\x74\x20\x69\x73"
  "\x20\x6e\x6f\x74\x20\x61\x6e\x20\x65\x72\x72\x6f\x72\x20\x6f\x72\x20\x61\x6e\x20"
  "\x65\x6e\x64\x2d\x6f\x66\x2d\x66\x69\x6c\x65\x20\x5b\x43\x39\x39\x20\x37\x2e\x31"
  "\x39\x2e\x37\x2e\x31\x31\x5d\x20\x2a\x2f\x0a\x20\x20\x20\x20\x5f\x5f\x75\x5f\x69"
  "\x20\x3d\x20\x5f\x75\x5f\x73\x74\x5f\x73\x6c\x6f\x74\x28\x5f\x5f\x75\x5f\x66\x29"
  "\x3b\x0a\x20\x20\x20\x20\x69\x66\x20\x28\x5f\x5f\x75\x5f\x69\x20\x3e\x3d\x20\x30"
  "\x29\x20\x7b\x0a\x20\x20\x20\x20\x20\x20\x20\x20\x69\x66\x20\x28\x5f\x75\x5f\x73"
  "\x74\x5f\x75\x6e\x67\x5b\x5f\x5f\x75\x5f\x69\x5d\x20\x3e\x3d\x20\x30\x29\x20\x7b"
  "\x0a\x20\x20\x20\x20\x20\x20\x20\x20\x20\x20\x20\x20\x5f\x5f\x75\x5f\x63\x20\x3d"
  "\x20\x28\x75\x6e\x73\x69\x67\x6e\x65\x64\x20\x63\x68\x61\x72\x29\x5f\x75\x5f\x73"
  "\x74\x5f\x75\x6e\x67\x5b\x5f\x5f\x75\x5f\x69\x5d\x3b\x0a\x20\x20\x20\x20\x20\x20"
  "\x20\x20\x20\x20\x20\x20\x5f\x75\x5f\x73\x74\x5f\x75\x6e\x67\x5b\x5f\x5f\x75\x5f"
  "\x69\x5d\x20\x3d\x20\x30\x20\x2d\x20\x31\x3b\x0a\x20\x20\x20\x20\x20\x20\x20\x20"
  "\x20\x20\x20\x20\x72\x65\x74\x75\x72\x6e\x20\x28\x69\x6e\x74\x29\x5f\x5f\x75\x5f"
  "\x63\x3b\x0a\x20\x20\x20\x20\x20\x20\x20\x20\x7d\x0a\x20\x20\x20\x20\x7d\x0a\x20"
  "\x20\x20\x20\x69\x66\x20\x28\x66\x72\x65\x61\x64\x28\x26\x5f\x5f\x75\x5f\x63\x2c"
  "\x20\x31\x2c\x20\x31\x2c\x20\x5f\x5f\x75\x5f\x66\x29\x20\x21\x3d\x20\x31\x29\x20"
  "\x7b\x0a\x20\x20\x20\x20\x20\x20\x20\x20\x2f\x2a\x20\x74\x68\x65\x20\x66\x6c\x61"
  "\x67\x20\x66\x65\x6f\x66\x28\x29\x20\x72\x65\x70\x6f\x72\x74\x73\x20\x69\x73\x20"
  "\x73\x65\x74\x20\x48\x45\x52\x45\x2c\x20\x77\x68\x65\x72\x65\x20\x74\x68\x65\x20"
  "\x73\x68\x6f\x72\x74\x20\x72\x65\x61\x64\x20\x68\x61\x70\x70\x65\x6e\x65\x64\x3b"
  "\x0a\x20\x20\x20\x20\x20\x20\x20\x20\x20\x20\x20\x77\x69\x74\x68\x6f\x75\x74\x20"
  "\x69\x74\x20\x66\x65\x6f\x66\x28\x29\x20\x61\x6e\x73\x77\x65\x72\x65\x64\x20\x30"
  "\x20\x66\x6f\x72\x65\x76\x65\x72\x2e\x20\x20\x41\x20\x73\x75\x63\x63\x65\x73\x73"
  "\x66\x75\x6c\x20\x72\x65\x61\x64\x20\x63\x6c\x65\x61\x72\x73\x20\x69\x74\x0a\x20"
  "\x20\x20\x20\x20\x20\x20\x20\x20\x20\x20\x5b\x43\x39\x39\x20\x37\x2e\x31\x39\x2e"
  "\x37\x2e\x31\x2c\x20\x37\x2e\x31\x39\x2e\x37\x2e\x32\x5d\x20\x2a\x2f\x0a\x20\x20"
  "\x20\x20\x20\x20\x20\x20\x69\x66\x20\x28\x5f\x5f\x75\x5f\x69\x20\x3e\x3d\x20\x30"
  "\x29\x20\x5f\x75\x5f\x73\x74\x5f\x65\x6f\x66\x5b\x5f\x5f\x75\x5f\x69\x5d\x20\x3d"
  "\x20\x31\x3b\x0a\x20\x20\x20\x20\x20\x20\x20\x20\x72\x65\x74\x75\x72\x6e\x20\x45"
  "\x4f\x46\x3b\x0a\x20\x20\x20\x20\x7d\x0a\x20\x20\x20\x20\x69\x66\x20\x28\x5f\x5f"
  "\x75\x5f\x69\x20\x3e\x3d\x20\x30\x29\x20\x7b\x20\x5f\x75\x5f\x73\x74\x5f\x65\x6f"
  "\x66\x5b\x5f\x5f\x75\x5f\x69\x5d\x20\x3d\x20\x30\x3b\x20\x5f\x75\x5f\x73\x74\x5f"
  "\x65\x72\x72\x5b\x5f\x5f\x75\x5f\x69\x5d\x20\x3d\x20\x30\x3b\x20\x7d\x0a\x20\x20"
  "\x20\x20\x72\x65\x74\x75\x72\x6e\x20\x28\x69\x6e\x74\x29\x5f\x5f\x75\x5f\x63\x3b"
  "\x0a\x7d\x0a\x23\x65\x6e\x64\x69\x66\x0a\x0a\x23\x69\x66\x20\x21\x5f\x5f\x55\x4e"
  "\x49\x53\x41\x5f\x46\x54\x52\x49\x4d\x5f\x4c\x49\x42\x43\x20\x7c\x7c\x20\x5f\x5f"
  "\x55\x4e\x5f\x67\x65\x74\x63\x0a\x73\x74\x61\x74\x69\x63\x20\x69\x6e\x74\x20\x67"
  "\x65\x74\x63\x28\x46\x49\x4c\x45\x20\x2a\x5f\x5f\x75\x5f\x66\x29\x20\x7b\x20\x72"
  "\x65\x74\x75\x72\x6e\x20\x66\x67\x65\x74\x63\x28\x5f\x5f\x75\x5f\x66\x29\x3b\x20"
  "\x7d\x0a\x23\x65\x6e\x64\x69\x66\x0a\x23\x69\x66\x20\x21\x5f\x5f\x55\x4e\x49\x53"
  "\x41\x5f\x46\x54\x52\x49\x4d\x5f\x4c\x49\x42\x43\x20\x7c\x7c\x20\x5f\x5f\x55\x4e"
  "\x5f\x67\x65\x74\x63\x68\x61\x72\x0a\x73\x74\x61\x74\x69\x63\x20\x69\x6e\x74\x20"
  "\x67\x65\x74\x63\x68\x61\x72\x28\x76\x6f\x69\x64\x29\x20\x7b\x20\x72\x65\x74\x75"
  "\x72\x6e\x20\x66\x67\x65\x74\x63\x28\x73\x74\x64\x69\x6e\x29\x3b\x20\x7d\x0a\x23"
  "\x65\x6e\x64\x69\x66\x0a\x0a\x23\x69\x66\x20\x21\x5f\x5f\x55\x4e\x49\x53\x41\x5f"
  "\x46\x54\x52\x49\x4d\x5f\x4c\x49\x42\x43\x20\x7c\x7c\x20\x5f\x5f\x55\x4e\x5f\x76"
  "\x70\x72\x69\x6e\x74\x66\x0a\x73\x74\x61\x74\x69\x63\x20\x69\x6e\x74\x20\x76\x70"
  "\x72\x69\x6e\x74\x66\x28\x63\x6f\x6e\x73\x74\x20\x63\x68\x61\x72\x20\x2a\x5f\x5f"
  "\x75\x5f\x66\x6d\x74\x2c\x20\x76\x61\x5f\x6c\x69\x73\x74\x20\x5f\x5f\x75\x5f\x61"
  "\x70\x29\x20\x7b\x0a\x20\x20\x20\x20\x72\x65\x74\x75\x72\x6e\x20\x5f\x75\x5f\x76"
  "\x66\x6d\x74\x28\x4e\x55\x4c\x4c\x2c\x20\x30\x20\x2d\x20\x31\x2c\x20\x4e\x55\x4c"
  "\x4c\x2c\x20\x5f\x5f\x75\x5f\x66\x6d\x74\x2c\x20\x5f\x5f\x75\x5f\x61\x70\x29\x3b"
  "\x0a\x7d\x0a\x23\x65\x6e\x64\x69\x66\x0a\x0a\x23\x69\x66\x20\x21\x5f\x5f\x55\x4e"
  "\x49\x53\x41\x5f\x46\x54\x52\x49\x4d\x5f\x4c\x49\x42\x43\x20\x7c\x7c\x20\x5f\x5f"
  "\x55\x4e\x5f\x74\x6d\x70\x66\x69\x6c\x65\x0a\x2f\x2a\x20\x41\x20\x66\x69\x6c\x65"
  "\x20\x77\x69\x74\x68\x20\x6e\x6f\x20\x6e\x61\x6d\x65\x20\x74\x68\x61\x74\x20\x64"
  "\x69\x73\x61\x70\x70\x65\x61\x72\x73\x20\x77\x68\x65\x6e\x20\x69\x74\x20\x69\x73"
  "\x20\x63\x6c\x6f\x73\x65\x64\x3a\x20\x6f\x70\x65\x6e\x20\x69\x74\x2c\x20\x75\x6e"
  "\x6c\x69\x6e\x6b\x20\x69\x74\x0a\x20\x20\x20\x69\x6d\x6d\x65\x64\x69\x61\x74\x65"
  "\x6c\x79\x2c\x20\x61\x6e\x64\x20\x68\x61\x6e\x64\x20\x62\x61\x63\x6b\x20\x74\x68"
  "\x65\x20\x73\x74\x72\x65\x61\x6d\x2e\x20\x20\x2f\x74\x6d\x70\x20\x62\x65\x63\x61"
  "\x75\x73\x65\x20\x74\x68\x65\x20\x73\x75\x62\x73\x65\x74\x20\x68\x61\x73\x20\x6e"
  "\x6f\x0a\x20\x20\x20\x54\x4d\x50\x44\x49\x52\x20\x6c\x6f\x6f\x6b\x75\x70\x20\x61"
  "\x6e\x64\x20\x65\x76\x65\x72\x79\x20\x68\x6f\x73\x74\x20\x74\x68\x69\x73\x20\x63"
  "\x6f\x6d\x70\x69\x6c\x65\x72\x20\x74\x61\x72\x67\x65\x74\x73\x20\x68\x61\x73\x20"
  "\x6f\x6e\x65\x2e\x0a\x20\x20\x20\x54\x68\x65\x20\x6e\x61\x6d\x65\x20\x68\x61\x73"
  "\x20\x74\x6f\x20\x62\x65\x20\x75\x6e\x69\x71\x75\x65\x20\x77\x69\x74\x68\x6f\x75"
  "\x74\x20\x61\x20\x70\x69\x64\x20\x6f\x72\x20\x6d\x6b\x73\x74\x65\x6d\x70\x2c\x20"
  "\x73\x6f\x20\x69\x74\x20\x69\x73\x20\x61\x20\x63\x6f\x75\x6e\x74\x65\x72\x20\x6d"
  "\x69\x78\x65\x64\x0a\x20\x20\x20\x74\x68\x72\x6f\x75\x67\x68\x20\x61\x20\x73\x6d"
  "\x61\x6c\x6c\x20\x4c\x43\x47\x20\x28\x6e\x6f\x74\x20\x72\x61\x6e\x64\x28\x29\x3a"
  "\x20\x73\x74\x64\x69\x6f\x2e\x68\x20\x6d\x75\x73\x74\x20\x6e\x6f\x74\x20\x70\x75"
  "\x6c\x6c\x20\x69\x6e\x20\x73\x74\x64\x6c\x69\x62\x2e\x68\x2c\x20\x61\x6e\x64\x20"
  "\x61\x20\x70\x72\x6f\x67\x72\x61\x6d\x0a\x20\x20\x20\x74\x68\x61\x74\x20\x69\x6e"
  "\x63\x6c\x75\x64\x65\x73\x20\x6f\x6e\x6c\x79\x20\x3c\x73\x74\x64\x69\x6f\x2e\x68"
  "\x3e\x20\x77\x6f\x75\x6c\x64\x20\x6f\x74\x68\x65\x72\x77\x69\x73\x65\x20\x73\x74"
  "\x6f\x70\x20\x61\x74\x20\x22\x75\x6e\x64\x65\x66\x69\x6e\x65\x64\x20\x66\x75\x6e"
  "\x63\x74\x69\x6f\x6e\x20\x27\x72\x61\x6e\x64\x27\x22\x29\x3b\x0a\x20\x20\x20\x61"
  "\x20\x63\x6f\x6c\x6c\x69\x73\x69\x6f\x6e\x20\x73\x68\x6f\x77\x73\x20\x75\x70\x20"
  "\x61\x73\x20\x66\x6f\x70\x65\x6e\x20\x66\x61\x69\x6c\x69\x6e\x67\x2c\x20\x61\x6e"
  "\x64\x20\x74\x68\x65\x6e\x20\x77\x65\x20\x74\x72\x79\x20\x61\x67\x61\x69\x6e\x2e"
  "\x0a\x20\x20\x20\x5b\x52\x31\x33\x2d\x30\x20\x23\x30\x36\x20\x2f\x20\x4e\x31\x35"
  "\x5d\x20\x2a\x2f\x0a\x23\x69\x66\x20\x21\x5f\x5f\x55\x4e\x49\x53\x41\x5f\x46\x54"
  "\x52\x49\x4d\x5f\x4c\x49\x42\x43\x20\x7c\x7c\x20\x5f\x5f\x55\x4e\x5f\x74\x6d\x70"
  "\x66\x69\x6c\x65\x0a\x73\x74\x61\x74\x69\x63\x20\x46\x49\x4c\x45\x20\x2a\x74\x6d"
  "\x70\x66\x69\x6c\x65\x28\x76\x6f\x69\x64\x29\x20\x7b\x0a\x20\x20\x20\x20\x73\x74"
  "\x61\x74\x69\x63\x20\x69\x6e\x74\x20\x5f\x5f\x75\x5f\x73\x65\x71\x3b\x0a\x20\x20"
  "\x20\x20\x63\x68\x61\x72\x20\x5f\x5f\x75\x5f\x70\x5b\x36\x34\x5d\x3b\x0a\x20\x20"
  "\x20\x20\x69\x6e\x74\x20\x5f\x5f\x75\x5f\x69\x3b\x20\x69\x6e\x74\x20\x5f\x5f\x75"
  "\x5f\x74\x72\x79\x3b\x0a\x20\x20\x20\x20\x46\x49\x4c\x45\x20\x2a\x5f\x5f\x75\x5f"
  "\x66\x3b\x0a\x20\x20\x20\x20\x5f\x5f\x75\x5f\x74\x72\x79\x20\x3d\x20\x30\x3b\x0a"
  "\x20\x20\x20\x20\x77\x68\x69\x6c\x65\x20\x28\x5f\x5f\x75\x5f\x74\x72\x79\x20\x3c"
  "\x20\x31\x36\x29\x20\x7b\x0a\x20\x20\x20\x20\x20\x20\x20\x20\x63\x68\x61\x72\x20"
  "\x5f\x5f\x75\x5f\x70\x66\x78\x5b\x36\x5d\x3b\x0a\x20\x20\x20\x20\x20\x20\x20\x20"
  "\x69\x6e\x74\x20\x5f\x5f\x75\x5f\x76\x3b\x0a\x20\x20\x20\x20\x20\x20\x20\x20\x5f"
  "\x5f\x75\x5f\x70\x66\x78\x5b\x30\x5d\x20\x3d\x20\x34\x37\x3b\x20\x5f\x5f\x75\x5f"
  "\x70\x66\x78\x5b\x31\x5d\x20\x3d\x20\x31\x31\x36\x3b\x20\x5f\x5f\x75\x5f\x70\x66"
  "\x78\x5b\x32\x5d\x20\x3d\x20\x31\x30\x39\x3b\x20\x5f\x5f\x75\x5f\x70\x66\x78\x5b"
  "\x33\x5d\x20\x3d\x20\x31\x31\x32\x3b\x20\x5f\x5f\x75\x5f\x70\x66\x78\x5b\x34\x5d"
  "\x20\x3d\x20\x34\x37\x3b\x0a\x20\x20\x20\x20\x20\x20\x20\x20\x5f\x5f\x75\x5f\x69"
  "\x20\x3d\x20\x30\x3b\x0a\x20\x20\x20\x20\x20\x20\x20\x20\x77\x68\x69\x6c\x65\x20"
  "\x28\x5f\x5f\x75\x5f\x69\x20\x3c\x20\x35\x29\x20\x7b\x20\x5f\x5f\x75\x5f\x70\x5b"
  "\x5f\x5f\x75\x5f\x69\x5d\x20\x3d\x20\x5f\x5f\x75\x5f\x70\x66\x78\x5b\x5f\x5f\x75"
  "\x5f\x69\x5d\x3b\x20\x5f\x5f\x75\x5f\x69\x20\x3d\x20\x5f\x5f\x75\x5f\x69\x20\x2b"
  "\x20\x31\x3b\x20\x7d\x0a\x20\x20\x20\x20\x20\x20\x20\x20\x5f\x5f\x75\x5f\x70\x5b"
  "\x35\x5d\x20\x3d\x20\x31\x31\x37\x3b\x20\x5f\x5f\x75\x5f\x70\x5b\x36\x5d\x20\x3d"
  "\x20\x31\x31\x30\x3b\x20\x20\x20\x20\x20\x20\x20\x20\x20\x20\x20\x20\x20\x20\x20"
  "\x20\x20\x20\x2f\x2a\x20\x22\x75\x6e\x22\x20\x2a\x2f\x0a\x20\x20\x20\x20\x20\x20"
  "\x20\x20\x5f\x5f\x75\x5f\x76\x20\x3d\x20\x28\x69\x6e\x74\x29\x28\x28\x75\x6e\x73"
  "\x69\x67\x6e\x65\x64\x20\x69\x6e\x74\x29\x5f\x5f\x75\x5f\x73\x65\x71\x20\x2a\x20"
  "\x31\x31\x30\x33\x35\x31\x35\x32\x34\x35\x75\x20\x2b\x20\x31\x32\x33\x34\x35\x75"
  "\x29\x3b\x0a\x20\x20\x20\x20\x20\x20\x20\x20\x5f\x5f\x75\x5f\x73\x65\x71\x20\x3d"
  "\x20\x5f\x5f\x75\x5f\x73\x65\x71\x20\x2b\x20\x31\x3b\x0a\x20\x20\x20\x20\x20\x20"
  "\x20\x20\x2f\x2a\x20\x5f\x75\x5f\x64\x69\x67\x69\x74\x73\x20\x66\x69\x6c\x6c\x73"
  "\x20\x61\x20\x62\x75\x66\x66\x65\x72\x20\x6f\x66\x20\x32\x34\x20\x66\x72\x6f\x6d"
  "\x20\x74\x68\x65\x20\x45\x4e\x44\x20\x61\x6e\x64\x20\x72\x65\x74\x75\x72\x6e\x73"
  "\x20\x77\x68\x65\x72\x65\x20\x74\x68\x65\x0a\x20\x20\x20\x20\x20\x20\x20\x20\x20"
  "\x20\x20\x64\x69\x67\x69\x74\x73\x20\x73\x74\x61\x72\x74\x2c\x20\x73\x6f\x20\x74"
  "\x68\x65\x20\x64\x65\x63\x69\x6d\x61\x6c\x20\x74\x65\x78\x74\x20\x6c\x61\x6e\x64"
  "\x73\x20\x69\x6e\x20\x5f\x5f\x75\x5f\x64\x5b\x5f\x5f\x75\x5f\x73\x2e\x2e\x32\x33"
  "\x5d\x20\x2a\x2f\x0a\x20\x20\x20\x20\x20\x20\x20\x20\x7b\x20\x20\x20\x63\x68\x61"
  "\x72\x20\x5f\x5f\x75\x5f\x64\x5b\x32\x34\x5d\x3b\x0a\x20\x20\x20\x20\x20\x20\x20"
  "\x20\x20\x20\x20\x20\x6c\x6f\x6e\x67\x20\x5f\x5f\x75\x5f\x73\x3b\x0a\x20\x20\x20"
  "\x20\x20\x20\x20\x20\x20\x20\x20\x20\x6c\x6f\x6e\x67\x20\x5f\x5f\x75\x5f\x6a\x3b"
  "\x0a\x20\x20\x20\x20\x20\x20\x20\x20\x20\x20\x20\x20\x5f\x5f\x75\x5f\x73\x20\x3d"
  "\x20\x5f\x75\x5f\x64\x69\x67\x69\x74\x73\x28\x5f\x5f\x75\x5f\x64\x2c\x20\x28\x75"
  "\x6e\x73\x69\x67\x6e\x65\x64\x20\x6c\x6f\x6e\x67\x29\x5f\x5f\x75\x5f\x76\x20\x26"
  "\x20\x32\x31\x34\x37\x34\x38\x33\x36\x34\x37\x2c\x20\x31\x30\x2c\x20\x30\x29\x3b"
  "\x0a\x20\x20\x20\x20\x20\x20\x20\x20\x20\x20\x20\x20\x5f\x5f\x75\x5f\x6a\x20\x3d"
  "\x20\x5f\x5f\x75\x5f\x73\x3b\x0a\x20\x20\x20\x20\x20\x20\x20\x20\x20\x20\x20\x20"
  "\x5f\x5f\x75\x5f\x69\x20\x3d\x20\x37\x3b\x0a\x20\x20\x20\x20\x20\x20\x20\x20\x20"
  "\x20\x20\x20\x77\x68\x69\x6c\x65\x20\x28\x5f\x5f\x75\x5f\x6a\x20\x3c\x20\x32\x34"
  "\x29\x20\x7b\x20\x5f\x5f\x75\x5f\x70\x5b\x5f\x5f\x75\x5f\x69\x5d\x20\x3d\x20\x5f"
  "\x5f\x75\x5f\x64\x5b\x5f\x5f\x75\x5f\x6a\x5d\x3b\x20\x5f\x5f\x75\x5f\x69\x20\x3d"
  "\x20\x5f\x5f\x75\x5f\x69\x20\x2b\x20\x31\x3b\x20\x5f\x5f\x75\x5f\x6a\x20\x3d\x20"
  "\x5f\x5f\x75\x5f\x6a\x20\x2b\x20\x31\x3b\x20\x7d\x0a\x20\x20\x20\x20\x20\x20\x20"
  "\x20\x7d\x0a\x20\x20\x20\x20\x20\x20\x20\x20\x5f\x5f\x75\x5f\x70\x5b\x5f\x5f\x75"
  "\x5f\x69\x5d\x20\x3d\x20\x34\x36\x3b\x20\x5f\x5f\x75\x5f\x70\x5b\x5f\x5f\x75\x5f"
  "\x69\x20\x2b\x20\x31\x5d\x20\x3d\x20\x31\x31\x36\x3b\x20\x5f\x5f\x75\x5f\x70\x5b"
  "\x5f\x5f\x75\x5f\x69\x20\x2b\x20\x32\x5d\x20\x3d\x20\x31\x30\x39\x3b\x20\x5f\x5f"
  "\x75\x5f\x70\x5b\x5f\x5f\x75\x5f\x69\x20\x2b\x20\x33\x5d\x20\x3d\x20\x31\x31\x32"
  "\x3b\x0a\x20\x20\x20\x20\x20\x20\x20\x20\x5f\x5f\x75\x5f\x70\x5b\x5f\x5f\x75\x5f"
  "\x69\x20\x2b\x20\x34\x5d\x20\x3d\x20\x30\x3b\x0a\x20\x20\x20\x20\x20\x20\x20\x20"
  "\x5f\x5f\x75\x5f\x66\x20\x3d\x20\x66\x6f\x70\x65\x6e\x28\x5f\x5f\x75\x5f\x70\x2c"
  "\x20\x22\x77\x2b\x22\x29\x3b\x0a\x20\x20\x20\x20\x20\x20\x20\x20\x69\x66\x20\x28"
  "\x5f\x5f\x75\x5f\x66\x20\x21\x3d\x20\x4e\x55\x4c\x4c\x29\x20\x7b\x20\x5f\x5f\x75"
  "\x6e\x6c\x69\x6e\x6b\x28\x5f\x5f\x75\x5f\x70\x29\x3b\x20\x72\x65\x74\x75\x72\x6e"
  "\x20\x5f\x5f\x75\x5f\x66\x3b\x20\x7d\x0a\x20\x20\x20\x20\x20\x20\x20\x20\x5f\x5f"
  "\x75\x5f\x74\x72\x79\x20\x3d\x20\x5f\x5f\x75\x5f\x74\x72\x79\x20\x2b\x20\x31\x3b"
  "\x0a\x20\x20\x20\x20\x7d\x0a\x20\x20\x20\x20\x72\x65\x74\x75\x72\x6e\x20\x4e\x55"
  "\x4c\x4c\x3b\x0a\x7d\x0a\x23\x65\x6e\x64\x69\x66\x0a\x23\x65\x6e\x64\x69\x66\x0a"
  "\x0a\x23\x69\x66\x20\x21\x5f\x5f\x55\x4e\x49\x53\x41\x5f\x46\x54\x52\x49\x4d\x5f"
  "\x4c\x49\x42\x43\x20\x7c\x7c\x20\x5f\x5f\x55\x4e\x5f\x66\x67\x65\x74\x73\x0a\x73"
  "\x74\x61\x74\x69\x63\x20\x63\x68\x61\x72\x20\x2a\x66\x67\x65\x74\x73\x28\x63\x68"
  "\x61\x72\x20\x2a\x5f\x5f\x75\x5f\x73\x2c\x20\x69\x6e\x74\x20\x5f\x5f\x75\x5f\x6e"
  "\x2c\x20\x46\x49\x4c\x45\x20\x2a\x5f\x5f\x75\x5f\x66\x29\x20\x7b\x0a\x20\x20\x20"
  "\x20\x69\x6e\x74\x20\x5f\x5f\x75\x5f\x69\x3b\x0a\x20\x20\x20\x20\x69\x6e\x74\x20"
  "\x5f\x5f\x75\x5f\x63\x3b\x0a\x20\x20\x20\x20\x69\x66\x20\x28\x5f\x5f\x75\x5f\x6e"
  "\x20\x3c\x3d\x20\x30\x29\x20\x72\x65\x74\x75\x72\x6e\x20\x4e\x55\x4c\x4c\x3b\x0a"
  "\x20\x20\x20\x20\x5f\x5f\x75\x5f\x69\x20\x3d\x20\x30\x3b\x0a\x20\x20\x20\x20\x77"
  "\x68\x69\x6c\x65\x20\x28\x5f\x5f\x75\x5f\x69\x20\x3c\x20\x5f\x5f\x75\x5f\x6e\x20"
  "\x2d\x20\x31\x29\x20\x7b\x0a\x20\x20\x20\x20\x20\x20\x20\x20\x5f\x5f\x75\x5f\x63"
  "\x20\x3d\x20\x66\x67\x65\x74\x63\x28\x5f\x5f\x75\x5f\x66\x29\x3b\x0a\x20\x20\x20"
  "\x20\x20\x20\x20\x20\x69\x66\x20\x28\x5f\x5f\x75\x5f\x63\x20\x3d\x3d\x20\x45\x4f"
  "\x46\x29\x20\x62\x72\x65\x61\x6b\x3b\x0a\x20\x20\x20\x20\x20\x20\x20\x20\x5f\x5f"
  "\x75\x5f\x73\x5b\x5f\x5f\x75\x5f\x69\x5d\x20\x3d\x20\x28\x63\x68\x61\x72\x29\x5f"
  "\x5f\x75\x5f\x63\x3b\x0a\x20\x20\x20\x20\x20\x20\x20\x20\x5f\x5f\x75\x5f\x69\x20"
  "\x3d\x20\x5f\x5f\x75\x5f\x69\x20\x2b\x20\x31\x3b\x0a\x20\x20\x20\x20\x20\x20\x20"
  "\x20\x69\x66\x20\x28\x5f\x5f\x75\x5f\x63\x20\x3d\x3d\x20\x31\x30\x29\x20\x62\x72"
  "\x65\x61\x6b\x3b\x20\x20\x20\x20\x20\x20\x20\x20\x20\x20\x20\x20\x20\x20\x20\x2f"
  "\x2a\x20\x27\x5c\x6e\x27\x20\x65\x6e\x64\x73\x20\x74\x68\x65\x20\x6c\x69\x6e\x65"
  "\x2c\x20\x61\x6e\x64\x20\x73\x74\x61\x79\x73\x20\x2a\x2f\x0a\x20\x20\x20\x20\x7d"
  "\x0a\x20\x20\x20\x20\x69\x66\x20\x28\x5f\x5f\x75\x5f\x69\x20\x3d\x3d\x20\x30\x29"
  "\x20\x72\x65\x74\x75\x72\x6e\x20\x4e\x55\x4c\x4c\x3b\x0a\x20\x20\x20\x20\x5f\x5f"
  "\x75\x5f\x73\x5b\x5f\x5f\x75\x5f\x69\x5d\x20\x3d\x20\x30\x3b\x0a\x20\x20\x20\x20"
  "\x72\x65\x74\x75\x72\x6e\x20\x5f\x5f\x75\x5f\x73\x3b\x0a\x7d\x0a\x23\x65\x6e\x64"
  "\x69\x66\x0a\x0a\x23\x69\x66\x20\x21\x5f\x5f\x55\x4e\x49\x53\x41\x5f\x46\x54\x52"
  "\x49\x4d\x5f\x4c\x49\x42\x43\x20\x7c\x7c\x20\x5f\x5f\x55\x4e\x5f\x66\x63\x6c\x6f"
  "\x73\x65\x0a\x2f\x2a\x20\x54\x68\x65\x20\x73\x74\x61\x6e\x64\x61\x72\x64\x20\x73"
  "\x74\x72\x65\x61\x6d\x73\x20\x61\x72\x65\x20\x6e\x6f\x74\x20\x6f\x75\x72\x73\x20"
  "\x74\x6f\x20\x63\x6c\x6f\x73\x65\x3a\x20\x60\x66\x63\x6c\x6f\x73\x65\x28\x73\x74"
  "\x64\x69\x6e\x29\x60\x20\x6f\x6e\x20\x61\x20\x50\x4f\x53\x49\x58\x20\x6c\x69\x62"
  "\x63\x0a\x20\x20\x20\x69\x73\x20\x64\x65\x66\x69\x6e\x65\x64\x20\x74\x6f\x20\x64"
  "\x6f\x20\x74\x68\x65\x20\x77\x6f\x72\x6b\x20\x61\x6e\x64\x20\x66\x61\x69\x6c\x2c"
  "\x20\x62\x75\x74\x20\x63\x6c\x6f\x73\x69\x6e\x67\x20\x64\x65\x73\x63\x72\x69\x70"
  "\x74\x6f\x72\x20\x30\x20\x68\x65\x72\x65\x20\x77\x6f\x75\x6c\x64\x20\x74\x61\x6b"
  "\x65\x0a\x20\x20\x20\x74\x68\x65\x20\x70\x72\x6f\x63\x65\x73\x73\x27\x73\x20\x69"
  "\x6e\x70\x75\x74\x20\x61\x77\x61\x79\x20\x66\x72\x6f\x6d\x20\x65\x76\x65\x72\x79"
  "\x20\x6c\x61\x74\x65\x72\x20\x72\x65\x61\x64\x2e\x20\x2a\x2f\x0a\x23\x69\x66\x20"
  "\x21\x5f\x5f\x55\x4e\x49\x53\x41\x5f\x46\x54\x52\x49\x4d\x5f\x4c\x49\x42\x43\x20"
  "\x7c\x7c\x20\x5f\x5f\x55\x4e\x5f\x66\x63\x6c\x6f\x73\x65\x0a\x73\x74\x61\x74\x69"
  "\x63\x20\x69\x6e\x74\x20\x66\x63\x6c\x6f\x73\x65\x28\x46\x49\x4c\x45\x20\x2a\x5f"
  "\x5f\x75\x5f\x66\x29\x20\x7b\x0a\x20\x20\x20\x20\x69\x66\x20\x28\x28\x6c\x6f\x6e"
  "\x67\x29\x5f\x5f\x75\x5f\x66\x20\x3e\x3d\x20\x5f\x55\x4e\x49\x53\x41\x5f\x53\x54"
  "\x44\x49\x4f\x5f\x42\x41\x53\x45\x29\x20\x72\x65\x74\x75\x72\x6e\x20\x30\x3b\x0a"
  "\x20\x20\x20\x20\x72\x65\x74\x75\x72\x6e\x20\x5f\x5f\x63\x6c\x6f\x73\x65\x28\x5f"
  "\x75\x6e\x69\x73\x61\x5f\x66\x64\x28\x5f\x5f\x75\x5f\x66\x29\x29\x3b\x0a\x7d\x0a"
  "\x23\x65\x6e\x64\x69\x66\x0a\x23\x65\x6e\x64\x69\x66\x0a\x2f\x2a\x20\x41\x20\x46"
  "\x49\x4c\x45\x20\x2a\x20\x69\x73\x20\x69\x74\x73\x20\x64\x65\x73\x63\x72\x69\x70"
  "\x74\x6f\x72\x20\x61\x6e\x64\x20\x6e\x6f\x74\x68\x69\x6e\x67\x20\x69\x73\x20\x62"
  "\x75\x66\x66\x65\x72\x65\x64\x2c\x20\x73\x6f\x20\x74\x68\x65\x20\x66\x69\x6c\x65"
  "\x20\x6f\x66\x66\x73\x65\x74\x0a\x20\x20\x20\x69\x73\x20\x74\x68\x65\x20\x73\x74"
  "\x72\x65\x61\x6d\x27\x73\x20\x70\x6f\x73\x69\x74\x69\x6f\x6e\x3a\x20\x66\x73\x65"
  "\x65\x6b\x20\x61\x6e\x64\x20\x66\x74\x65\x6c\x6c\x20\x61\x72\x65\x20\x6c\x73\x65"
  "\x65\x6b\x2e\x20\x20\x5b\x53\x2d\x31\x35\x20\x44\x32\x5d\x20\x2a\x2f\x0a\x23\x69"
  "\x66\x20\x21\x5f\x5f\x55\x4e\x49\x53\x41\x5f\x46\x54\x52\x49\x4d\x5f\x4c\x49\x42"
  "\x43\x20\x7c\x7c\x20\x5f\x5f\x55\x4e\x5f\x66\x73\x65\x65\x6b\x0a\x73\x74\x61\x74"
  "\x69\x63\x20\x69\x6e\x74\x20\x66\x73\x65\x65\x6b\x28\x46\x49\x4c\x45\x20\x2a\x5f"
  "\x5f\x75\x5f\x66\x2c\x20\x6c\x6f\x6e\x67\x20\x5f\x5f\x75\x5f\x6f\x66\x66\x2c\x20"
  "\x69\x6e\x74\x20\x5f\x5f\x75\x5f\x77\x68\x65\x6e\x63\x65\x29\x20\x7b\x0a\x20\x20"
  "\x20\x20\x72\x65\x74\x75\x72\x6e\x20\x5f\x5f\x6c\x73\x65\x65\x6b\x28\x5f\x75\x6e"
  "\x69\x73\x61\x5f\x66\x64\x28\x5f\x5f\x75\x5f\x66\x29\x2c\x20\x5f\x5f\x75\x5f\x6f"
  "\x66\x66\x2c\x20\x5f\x5f\x75\x5f\x77\x68\x65\x6e\x63\x65\x29\x20\x3c\x20\x30\x20"
  "\x3f\x20\x2d\x31\x20\x3a\x20\x30\x3b\x0a\x7d\x0a\x23\x65\x6e\x64\x69\x66\x0a\x23"
  "\x69\x66\x20\x21\x5f\x5f\x55\x4e\x49\x53\x41\x5f\x46\x54\x52\x49\x4d\x5f\x4c\x49"
  "\x42\x43\x20\x7c\x7c\x20\x5f\x5f\x55\x4e\x5f\x66\x74\x65\x6c\x6c\x0a\x73\x74\x61"
  "\x74\x69\x63\x20\x6c\x6f\x6e\x67\x20\x66\x74\x65\x6c\x6c\x28\x46\x49\x4c\x45\x20"
  "\x2a\x5f\x5f\x75\x5f\x66\x29\x20\x7b\x20\x72\x65\x74\x75\x72\x6e\x20\x5f\x5f\x6c"
  "\x73\x65\x65\x6b\x28\x5f\x75\x6e\x69\x73\x61\x5f\x66\x64\x28\x5f\x5f\x75\x5f\x66"
  "\x29\x2c\x20\x30\x2c\x20\x53\x45\x45\x4b\x5f\x43\x55\x52\x29\x3b\x20\x7d\x0a\x23"
  "\x65\x6e\x64\x69\x66\x0a\x23\x69\x66\x20\x21\x5f\x5f\x55\x4e\x49\x53\x41\x5f\x46"
  "\x54\x52\x49\x4d\x5f\x4c\x49\x42\x43\x20\x7c\x7c\x20\x5f\x5f\x55\x4e\x5f\x72\x65"
  "\x77\x69\x6e\x64\x0a\x73\x74\x61\x74\x69\x63\x20\x76\x6f\x69\x64\x20\x72\x65\x77"
  "\x69\x6e\x64\x28\x46\x49\x4c\x45\x20\x2a\x5f\x5f\x75\x5f\x66\x29\x20\x7b\x20\x5f"
  "\x5f\x6c\x73\x65\x65\x6b\x28\x5f\x75\x6e\x69\x73\x61\x5f\x66\x64\x28\x5f\x5f\x75"
  "\x5f\x66\x29\x2c\x20\x30\x2c\x20\x53\x45\x45\x4b\x5f\x53\x45\x54\x29\x3b\x20\x7d"
  "\x0a\x23\x65\x6e\x64\x69\x66\x0a\x23\x69\x66\x20\x21\x5f\x5f\x55\x4e\x49\x53\x41"
  "\x5f\x46\x54\x52\x49\x4d\x5f\x4c\x49\x42\x43\x20\x7c\x7c\x20\x5f\x5f\x55\x4e\x5f"
  "\x72\x65\x6d\x6f\x76\x65\x0a\x73\x74\x61\x74\x69\x63\x20\x69\x6e\x74\x20\x72\x65"
  "\x6d\x6f\x76\x65\x28\x63\x6f\x6e\x73\x74\x20\x63\x68\x61\x72\x20\x2a\x5f\x5f\x75"
  "\x5f\x70\x61\x74\x68\x29\x20\x7b\x20\x72\x65\x74\x75\x72\x6e\x20\x5f\x5f\x75\x6e"
  "\x6c\x69\x6e\x6b\x28\x28\x63\x68\x61\x72\x20\x2a\x29\x5f\x5f\x75\x5f\x70\x61\x74"
  "\x68\x29\x20\x3c\x20\x30\x20\x3f\x20\x2d\x31\x20\x3a\x20\x30\x3b\x20\x7d\x0a\x23"
  "\x65\x6e\x64\x69\x66\x0a\x23\x69\x66\x20\x21\x5f\x5f\x55\x4e\x49\x53\x41\x5f\x46"
  "\x54\x52\x49\x4d\x5f\x4c\x49\x42\x43\x20\x7c\x7c\x20\x5f\x5f\x55\x4e\x5f\x72\x65"
  "\x6e\x61\x6d\x65\x0a\x73\x74\x61\x74\x69\x63\x20\x69\x6e\x74\x20\x72\x65\x6e\x61"
  "\x6d\x65\x28\x63\x6f\x6e\x73\x74\x20\x63\x68\x61\x72\x20\x2a\x5f\x5f\x75\x5f\x66"
  "\x72\x6f\x6d\x2c\x20\x63\x6f\x6e\x73\x74\x20\x63\x68\x61\x72\x20\x2a\x5f\x5f\x75"
  "\x5f\x74\x6f\x29\x20\x7b\x0a\x20\x20\x20\x20\x72\x65\x74\x75\x72\x6e\x20\x5f\x5f"
  "\x72\x65\x6e\x61\x6d\x65\x28\x28\x63\x68\x61\x72\x20\x2a\x29\x5f\x5f\x75\x5f\x66"
  "\x72\x6f\x6d\x2c\x20\x28\x63\x68\x61\x72\x20\x2a\x29\x5f\x5f\x75\x5f\x74\x6f\x29"
  "\x20\x3c\x20\x30\x20\x3f\x20\x2d\x31\x20\x3a\x20\x30\x3b\x0a\x7d\x0a\x23\x65\x6e"
  "\x64\x69\x66\x0a\x23\x69\x66\x20\x21\x5f\x5f\x55\x4e\x49\x53\x41\x5f\x46\x54\x52"
  "\x49\x4d\x5f\x4c\x49\x42\x43\x20\x7c\x7c\x20\x5f\x5f\x55\x4e\x5f\x66\x66\x6c\x75"
  "\x73\x68\x0a\x73\x74\x61\x74\x69\x63\x20\x69\x6e\x74\x20\x66\x66\x6c\x75\x73\x68"
  "\x28\x46\x49\x4c\x45\x20\x2a\x5f\x5f\x75\x5f\x66\x29\x20\x7b\x20\x72\x65\x74\x75"
  "\x72\x6e\x20\x30\x3b\x20\x7d\x0a\x23\x65\x6e\x64\x69\x66\x0a\x0a\x2f\x2a\x20\x2d"
  "\x2d\x2d\x2d\x20\x61\x20\x72\x75\x6e\x74\x69\x6d\x65\x20\x66\x6f\x72\x6d\x61\x74"
  "\x74\x65\x72\x20\x2d\x2d\x2d\x2d\x2d\x2d\x2d\x2d\x2d\x2d\x2d\x2d\x2d\x2d\x2d\x2d"
  "\x2d\x2d\x2d\x2d\x2d\x2d\x2d\x2d\x2d\x2d\x2d\x2d\x2d\x2d\x2d\x2d\x2d\x2d\x2d\x2d"
  "\x2d\x2d\x2d\x2d\x2d\x2d\x2d\x2d\x2d\x2d\x2d\x2d\x0a\x20\x2a\x20\x60\x70\x72\x69"
  "\x6e\x74\x66\x60\x20\x69\x73\x20\x64\x65\x73\x75\x67\x61\x72\x65\x64\x20\x62\x79"
  "\x20\x74\x68\x65\x20\x77\x61\x6c\x6b\x65\x72\x20\x61\x67\x61\x69\x6e\x73\x74\x20"
  "\x69\x74\x73\x20\x73\x74\x61\x74\x69\x63\x20\x66\x6f\x72\x6d\x61\x74\x20\x73\x74"
  "\x72\x69\x6e\x67\x2c\x20\x77\x68\x69\x63\x68\x0a\x20\x2a\x20\x69\x73\x20\x74\x68"
  "\x65\x20\x66\x61\x73\x74\x20\x70\x61\x74\x68\x20\x61\x6e\x64\x20\x74\x68\x65\x20"
  "\x6f\x6e\x65\x20\x74\x68\x61\x74\x20\x64\x6f\x65\x73\x20\x6e\x6f\x74\x20\x6e\x65"
  "\x65\x64\x20\x76\x61\x72\x61\x72\x67\x73\x2e\x20\x20\x45\x76\x65\x72\x79\x74\x68"
  "\x69\x6e\x67\x20\x74\x68\x61\x74\x0a\x20\x2a\x20\x74\x61\x6b\x65\x73\x20\x61\x20"
  "\x66\x6f\x72\x6d\x61\x74\x20\x61\x74\x20\x52\x55\x4e\x20\x74\x69\x6d\x65\x20\x69"
  "\x73\x20\x77\x72\x69\x74\x74\x65\x6e\x20\x68\x65\x72\x65\x2c\x20\x69\x6e\x20\x74"
  "\x68\x65\x20\x73\x75\x62\x73\x65\x74\x20\x69\x74\x73\x65\x6c\x66\x2e\x20\x2a\x2f"
  "\x0a\x0a\x23\x69\x66\x20\x21\x5f\x5f\x55\x4e\x49\x53\x41\x5f\x46\x54\x52\x49\x4d"
  "\x5f\x4c\x49\x42\x43\x20\x7c\x7c\x20\x5f\x5f\x55\x4e\x5f\x5f\x75\x5f\x70\x75\x74"
  "\x0a\x73\x74\x61\x74\x69\x63\x20\x76\x6f\x69\x64\x20\x5f\x75\x5f\x70\x75\x74\x28"
  "\x63\x68\x61\x72\x20\x2a\x5f\x5f\x75\x5f\x6f\x75\x74\x2c\x20\x6c\x6f\x6e\x67\x20"
  "\x5f\x5f\x75\x5f\x63\x61\x70\x2c\x20\x6c\x6f\x6e\x67\x20\x2a\x5f\x5f\x75\x5f\x6e"
  "\x2c\x20\x46\x49\x4c\x45\x20\x2a\x5f\x5f\x75\x5f\x66\x2c\x20\x69\x6e\x74\x20\x5f"
  "\x5f\x75\x5f\x63\x29\x20\x7b\x0a\x20\x20\x20\x20\x63\x68\x61\x72\x20\x5f\x5f\x75"
  "\x5f\x63\x68\x3b\x0a\x20\x20\x20\x20\x69\x66\x20\x28\x5f\x5f\x75\x5f\x6f\x75\x74"
  "\x20\x21\x3d\x20\x4e\x55\x4c\x4c\x29\x20\x7b\x0a\x20\x20\x20\x20\x20\x20\x20\x20"
  "\x69\x66\x20\x28\x5f\x5f\x75\x5f\x63\x61\x70\x20\x3c\x20\x30\x20\x7c\x20\x2a\x5f"
  "\x5f\x75\x5f\x6e\x20\x3c\x20\x5f\x5f\x75\x5f\x63\x61\x70\x20\x2d\x20\x31\x29\x20"
  "\x5f\x5f\x75\x5f\x6f\x75\x74\x5b\x2a\x5f\x5f\x75\x5f\x6e\x5d\x20\x3d\x20\x5f\x5f"
  "\x75\x5f\x63\x3b\x0a\x20\x20\x20\x20\x7d\x20\x65\x6c\x73\x65\x20\x7b\x0a\x20\x20"
  "\x20\x20\x20\x20\x20\x20\x5f\x5f\x75\x5f\x63\x68\x20\x3d\x20\x5f\x5f\x75\x5f\x63"
  "\x3b\x0a\x20\x20\x20\x20\x20\x20\x20\x20\x5f\x5f\x77\x72\x69\x74\x65\x28\x5f\x75"
  "\x6e\x69\x73\x61\x5f\x66\x64\x28\x5f\x5f\x75\x5f\x66\x29\x2c\x20\x26\x5f\x5f\x75"
  "\x5f\x63\x68\x2c\x20\x31\x29\x3b\x0a\x20\x20\x20\x20\x7d\x0a\x20\x20\x20\x20\x2a"
  "\x5f\x5f\x75\x5f\x6e\x20\x3d\x20\x2a\x5f\x5f\x75\x5f\x6e\x20\x2b\x20\x31\x3b\x0a"
  "\x7d\x0a\x23\x65\x6e\x64\x69\x66\x0a\x0a\x23\x69\x66\x20\x21\x5f\x5f\x55\x4e\x49"
  "\x53\x41\x5f\x46\x54\x52\x49\x4d\x5f\x4c\x49\x42\x43\x20\x7c\x7c\x20\x5f\x5f\x55"
  "\x4e\x5f\x5f\x75\x5f\x64\x69\x67\x69\x74\x73\x0a\x73\x74\x61\x74\x69\x63\x20\x6c"
  "\x6f\x6e\x67\x20\x5f\x75\x5f\x64\x69\x67\x69\x74\x73\x28\x63\x68\x61\x72\x20\x2a"
  "\x5f\x5f\x75\x5f\x62\x75\x66\x2c\x20\x75\x6e\x73\x69\x67\x6e\x65\x64\x20\x6c\x6f"
  "\x6e\x67\x20\x5f\x5f\x75\x5f\x76\x2c\x20\x69\x6e\x74\x20\x5f\x5f\x75\x5f\x62\x61"
  "\x73\x65\x2c\x20\x69\x6e\x74\x20\x5f\x5f\x75\x5f\x75\x70\x70\x65\x72\x29\x20\x7b"
  "\x0a\x20\x20\x20\x20\x6c\x6f\x6e\x67\x20\x5f\x5f\x75\x5f\x69\x3b\x0a\x20\x20\x20"
  "\x20\x69\x6e\x74\x20\x5f\x5f\x75\x5f\x64\x3b\x0a\x20\x20\x20\x20\x5f\x5f\x75\x5f"
  "\x69\x20\x3d\x20\x32\x34\x3b\x0a\x20\x20\x20\x20\x69\x66\x20\x28\x5f\x5f\x75\x5f"
  "\x76\x20\x3d\x3d\x20\x30\x29\x20\x7b\x20\x5f\x5f\x75\x5f\x69\x20\x3d\x20\x5f\x5f"
  "\x75\x5f\x69\x20\x2d\x20\x31\x3b\x20\x5f\x5f\x75\x5f\x62\x75\x66\x5b\x5f\x5f\x75"
  "\x5f\x69\x5d\x20\x3d\x20\x34\x38\x3b\x20\x72\x65\x74\x75\x72\x6e\x20\x5f\x5f\x75"
  "\x5f\x69\x3b\x20\x7d\x0a\x20\x20\x20\x20\x77\x68\x69\x6c\x65\x20\x28\x5f\x5f\x75"
  "\x5f\x76\x29\x20\x7b\x0a\x20\x20\x20\x20\x20\x20\x20\x20\x5f\x5f\x75\x5f\x64\x20"
  "\x3d\x20\x5f\x5f\x75\x5f\x76\x20\x25\x20\x5f\x5f\x75\x5f\x62\x61\x73\x65\x3b\x0a"
  "\x20\x20\x20\x20\x20\x20\x20\x20\x5f\x5f\x75\x5f\x76\x20\x3d\x20\x5f\x5f\x75\x5f"
  "\x76\x20\x2f\x20\x5f\x5f\x75\x5f\x62\x61\x73\x65\x3b\x0a\x20\x20\x20\x20\x20\x20"
  "\x20\x20\x5f\x5f\x75\x5f\x69\x20\x3d\x20\x5f\x5f\x75\x5f\x69\x20\x2d\x20\x31\x3b"
  "\x0a\x20\x20\x20\x20\x20\x20\x20\x20\x69\x66\x20\x28\x5f\x5f\x75\x5f\x64\x20\x3c"
  "\x20\x31\x30\x29\x20\x5f\x5f\x75\x5f\x62\x75\x66\x5b\x5f\x5f\x75\x5f\x69\x5d\x20"
  "\x3d\x20\x34\x38\x20\x2b\x20\x5f\x5f\x75\x5f\x64\x3b\x0a\x20\x20\x20\x20\x20\x20"
  "\x20\x20\x65\x6c\x73\x65\x20\x7b\x20\x69\x66\x20\x28\x5f\x5f\x75\x5f\x75\x70\x70"
  "\x65\x72\x29\x20\x5f\x5f\x75\x5f\x62\x75\x66\x5b\x5f\x5f\x75\x5f\x69\x5d\x20\x3d"
  "\x20\x35\x35\x20\x2b\x20\x5f\x5f\x75\x5f\x64\x3b\x20\x65\x6c\x73\x65\x20\x5f\x5f"
  "\x75\x5f\x62\x75\x66\x5b\x5f\x5f\x75\x5f\x69\x5d\x20\x3d\x20\x38\x37\x20\x2b\x20"
  "\x5f\x5f\x75\x5f\x64\x3b\x20\x7d\x0a\x20\x20\x20\x20\x7d\x0a\x20\x20\x20\x20\x72"
  "\x65\x74\x75\x72\x6e\x20\x5f\x5f\x75\x5f\x69\x3b\x0a\x7d\x0a\x23\x65\x6e\x64\x69"
  "\x66\x0a\x0a\x2f\x2a\x20\x2d\x2d\x2d\x2d\x20\x66\x6c\x6f\x61\x74\x69\x6e\x67\x20"
  "\x63\x6f\x6e\x76\x65\x72\x73\x69\x6f\x6e\x73\x2c\x20\x65\x78\x61\x63\x74\x6c\x79"
  "\x20\x2d\x2d\x2d\x2d\x2d\x2d\x2d\x2d\x2d\x2d\x2d\x2d\x2d\x2d\x2d\x2d\x2d\x2d\x2d"
  "\x2d\x2d\x2d\x2d\x2d\x2d\x2d\x2d\x2d\x2d\x2d\x2d\x2d\x2d\x2d\x2d\x2d\x0a\x20\x2a"
  "\x20\x41\x20\x64\x6f\x75\x62\x6c\x65\x20\x69\x73\x20\x6d\x20\x2a\x20\x32\x5e\x65"
  "\x20\x77\x69\x74\x68\x20\x6d\x20\x3c\x20\x32\x5e\x35\x33\x2c\x20\x73\x6f\x20\x69"
  "\x74\x73\x20\x76\x61\x6c\x75\x65\x20\x69\x73\x20\x61\x20\x46\x49\x4e\x49\x54\x45"
  "\x20\x64\x65\x63\x69\x6d\x61\x6c\x3a\x0a\x20\x2a\x20\x6d\x20\x2a\x20\x32\x5e\x65"
  "\x20\x77\x68\x65\x6e\x20\x65\x20\x3e\x3d\x20\x30\x2c\x20\x61\x6e\x64\x20\x6d\x20"
  "\x2a\x20\x35\x5e\x2d\x65\x20\x2f\x20\x31\x30\x5e\x2d\x65\x20\x77\x68\x65\x6e\x20"
  "\x65\x20\x3c\x20\x30\x2e\x20\x20\x42\x75\x69\x6c\x64\x20\x74\x68\x61\x74\x20\x69"
  "\x6e\x74\x65\x67\x65\x72\x0a\x20\x2a\x20\x65\x78\x61\x63\x74\x6c\x79\x20\x28\x62"
  "\x61\x73\x65\x20\x31\x30\x5e\x39\x20\x6c\x69\x6d\x62\x73\x29\x2c\x20\x74\x68\x65"
  "\x6e\x20\x65\x76\x65\x72\x79\x20\x63\x6f\x6e\x76\x65\x72\x73\x69\x6f\x6e\x20\x69"
  "\x73\x20\x61\x20\x72\x6f\x75\x6e\x64\x69\x6e\x67\x20\x6f\x66\x20\x6f\x6e\x65\x20"
  "\x64\x69\x67\x69\x74\x0a\x20\x2a\x20\x73\x74\x72\x69\x6e\x67\x20\x61\x74\x20\x6f"
  "\x6e\x65\x20\x70\x6c\x61\x63\x65\x20\x2d\x2d\x20\x6e\x65\x61\x72\x65\x73\x74\x2c"
  "\x20\x74\x69\x65\x73\x20\x74\x6f\x20\x65\x76\x65\x6e\x2c\x20\x77\x68\x69\x63\x68"
  "\x20\x69\x73\x20\x77\x68\x61\x74\x20\x62\x6f\x74\x68\x20\x70\x6c\x61\x74\x66\x6f"
  "\x72\x6d\x0a\x20\x2a\x20\x6c\x69\x62\x63\x73\x20\x64\x6f\x20\x77\x69\x74\x68\x20"
  "\x74\x68\x65\x20\x65\x78\x61\x63\x74\x20\x76\x61\x6c\x75\x65\x2e\x20\x20\x4e\x6f"
  "\x20\x66\x6c\x6f\x61\x74\x69\x6e\x67\x20\x61\x72\x69\x74\x68\x6d\x65\x74\x69\x63"
  "\x20\x69\x73\x20\x75\x73\x65\x64\x2c\x20\x73\x6f\x20\x74\x68\x65\x0a\x20\x2a\x20"
  "\x64\x69\x67\x69\x74\x73\x20\x63\x61\x6e\x6e\x6f\x74\x20\x64\x65\x70\x65\x6e\x64"
  "\x20\x6f\x6e\x20\x68\x6f\x77\x20\x74\x68\x69\x73\x20\x76\x65\x72\x79\x20\x63\x6f"
  "\x64\x65\x20\x77\x61\x73\x20\x63\x6f\x6d\x70\x69\x6c\x65\x64\x2e\x20\x2a\x2f\x0a"
  "\x23\x64\x65\x66\x69\x6e\x65\x20\x5f\x55\x5f\x4e\x4c\x20\x31\x33\x32\x20\x20\x20"
  "\x20\x20\x20\x20\x20\x20\x20\x20\x20\x20\x20\x20\x20\x20\x20\x20\x20\x2f\x2a\x20"
  "\x31\x31\x38\x38\x20\x64\x65\x63\x69\x6d\x61\x6c\x20\x64\x69\x67\x69\x74\x73\x3a"
  "\x20\x35\x5e\x31\x30\x37\x34\x20\x2a\x20\x32\x5e\x35\x33\x20\x66\x69\x74\x73\x20"
  "\x2a\x2f\x0a\x23\x64\x65\x66\x69\x6e\x65\x20\x5f\x55\x5f\x4e\x44\x20\x31\x32\x30"
  "\x30\x0a\x0a\x2f\x2a\x20\x64\x69\x67\x69\x74\x73\x20\x6f\x66\x20\x76\x2c\x20\x6d"
  "\x6f\x73\x74\x20\x73\x69\x67\x6e\x69\x66\x69\x63\x61\x6e\x74\x20\x66\x69\x72\x73"
  "\x74\x3b\x20\x72\x65\x74\x75\x72\x6e\x73\x20\x74\x68\x65\x69\x72\x20\x63\x6f\x75"
  "\x6e\x74\x2c\x20\x61\x6e\x64\x20\x2a\x78\x20\x69\x73\x20\x68\x6f\x77\x0a\x20\x20"
  "\x20\x6d\x61\x6e\x79\x20\x6f\x66\x20\x74\x68\x65\x6d\x20\x61\x72\x65\x20\x62\x65"
  "\x66\x6f\x72\x65\x20\x74\x68\x65\x20\x64\x65\x63\x69\x6d\x61\x6c\x20\x70\x6f\x69"
  "\x6e\x74\x20\x28\x3c\x3d\x20\x30\x20\x66\x6f\x72\x20\x7c\x76\x7c\x20\x3c\x20\x31"
  "\x29\x20\x2a\x2f\x0a\x23\x69\x66\x20\x21\x5f\x5f\x55\x4e\x49\x53\x41\x5f\x46\x54"
  "\x52\x49\x4d\x5f\x4c\x49\x42\x43\x20\x7c\x7c\x20\x5f\x5f\x55\x4e\x5f\x5f\x75\x5f"
  "\x64\x65\x78\x70\x0a\x73\x74\x61\x74\x69\x63\x20\x69\x6e\x74\x20\x5f\x75\x5f\x64"
  "\x65\x78\x70\x28\x75\x6e\x73\x69\x67\x6e\x65\x64\x20\x6c\x6f\x6e\x67\x20\x5f\x5f"
  "\x75\x5f\x62\x69\x74\x73\x2c\x20\x63\x68\x61\x72\x20\x2a\x5f\x5f\x75\x5f\x64\x69"
  "\x67\x2c\x20\x69\x6e\x74\x20\x2a\x5f\x5f\x75\x5f\x78\x29\x20\x7b\x0a\x20\x20\x20"
  "\x20\x75\x6e\x73\x69\x67\x6e\x65\x64\x20\x6c\x6f\x6e\x67\x20\x5f\x5f\x75\x5f\x6c"
  "\x69\x6d\x5b\x5f\x55\x5f\x4e\x4c\x5d\x3b\x0a\x20\x20\x20\x20\x75\x6e\x73\x69\x67"
  "\x6e\x65\x64\x20\x6c\x6f\x6e\x67\x20\x5f\x5f\x75\x5f\x6d\x3b\x0a\x20\x20\x20\x20"
  "\x75\x6e\x73\x69\x67\x6e\x65\x64\x20\x6c\x6f\x6e\x67\x20\x5f\x5f\x75\x5f\x74\x3b"
  "\x0a\x20\x20\x20\x20\x75\x6e\x73\x69\x67\x6e\x65\x64\x20\x6c\x6f\x6e\x67\x20\x5f"
  "\x5f\x75\x5f\x63\x61\x72\x72\x79\x3b\x0a\x20\x20\x20\x20\x75\x6e\x73\x69\x67\x6e"
  "\x65\x64\x20\x6c\x6f\x6e\x67\x20\x5f\x5f\x75\x5f\x6d\x75\x6c\x3b\x0a\x20\x20\x20"
  "\x20\x69\x6e\x74\x20\x5f\x5f\x75\x5f\x6e\x3b\x0a\x20\x20\x20\x20\x69\x6e\x74\x20"
  "\x5f\x5f\x75\x5f\x65\x3b\x0a\x20\x20\x20\x20\x69\x6e\x74\x20\x5f\x5f\x75\x5f\x6b"
  "\x3b\x0a\x20\x20\x20\x20\x69\x6e\x74\x20\x5f\x5f\x75\x5f\x6a\x3b\x0a\x20\x20\x20"
  "\x20\x69\x6e\x74\x20\x5f\x5f\x75\x5f\x6e\x64\x3b\x0a\x20\x20\x20\x20\x69\x6e\x74"
  "\x20\x5f\x5f\x75\x5f\x65\x78\x3b\x0a\x20\x20\x20\x20\x69\x6e\x74\x20\x5f\x5f\x75"
  "\x5f\x66\x69\x72\x73\x74\x3b\x0a\x20\x20\x20\x20\x5f\x5f\x75\x5f\x65\x78\x20\x3d"
  "\x20\x28\x5f\x5f\x75\x5f\x62\x69\x74\x73\x20\x3e\x3e\x20\x35\x32\x29\x20\x26\x20"
  "\x32\x30\x34\x37\x3b\x0a\x20\x20\x20\x20\x5f\x5f\x75\x5f\x6d\x20\x3d\x20\x5f\x5f"
  "\x75\x5f\x62\x69\x74\x73\x20\x26\x20\x34\x35\x30\x33\x35\x39\x39\x36\x32\x37\x33"
  "\x37\x30\x34\x39\x35\x3b\x20\x20\x20\x20\x20\x20\x20\x20\x20\x20\x20\x20\x20\x20"
  "\x2f\x2a\x20\x32\x5e\x35\x32\x20\x2d\x20\x31\x20\x2a\x2f\x0a\x20\x20\x20\x20\x69"
  "\x66\x20\x28\x5f\x5f\x75\x5f\x65\x78\x20\x3d\x3d\x20\x30\x29\x20\x5f\x5f\x75\x5f"
  "\x65\x20\x3d\x20\x30\x20\x2d\x20\x31\x30\x37\x34\x3b\x20\x65\x6c\x73\x65\x20\x7b"
  "\x20\x5f\x5f\x75\x5f\x6d\x20\x3d\x20\x5f\x5f\x75\x5f\x6d\x20\x7c\x20\x34\x35\x30"
  "\x33\x35\x39\x39\x36\x32\x37\x33\x37\x30\x34\x39\x36\x3b\x20\x5f\x5f\x75\x5f\x65"
  "\x20\x3d\x20\x5f\x5f\x75\x5f\x65\x78\x20\x2d\x20\x31\x30\x37\x35\x3b\x20\x7d\x0a"
  "\x20\x20\x20\x20\x69\x66\x20\x28\x5f\x5f\x75\x5f\x6d\x20\x3d\x3d\x20\x30\x29\x20"
  "\x7b\x20\x5f\x5f\x75\x5f\x64\x69\x67\x5b\x30\x5d\x20\x3d\x20\x34\x38\x3b\x20\x2a"
  "\x5f\x5f\x75\x5f\x78\x20\x3d\x20\x31\x3b\x20\x72\x65\x74\x75\x72\x6e\x20\x31\x3b"
  "\x20\x7d\x0a\x20\x20\x20\x20\x5f\x5f\x75\x5f\x6c\x69\x6d\x5b\x30\x5d\x20\x3d\x20"
  "\x5f\x5f\x75\x5f\x6d\x20\x25\x20\x31\x30\x30\x30\x30\x30\x30\x30\x30\x30\x3b\x20"
  "\x5f\x5f\x75\x5f\x6c\x69\x6d\x5b\x31\x5d\x20\x3d\x20\x28\x5f\x5f\x75\x5f\x6d\x20"
  "\x2f\x20\x31\x30\x30\x30\x30\x30\x30\x30\x30\x30\x29\x20\x25\x20\x31\x30\x30\x30"
  "\x30\x30\x30\x30\x30\x30\x3b\x0a\x20\x20\x20\x20\x5f\x5f\x75\x5f\x6c\x69\x6d\x5b"
  "\x32\x5d\x20\x3d\x20\x5f\x5f\x75\x5f\x6d\x20\x2f\x20\x31\x30\x30\x30\x30\x30\x30"
  "\x30\x30\x30\x30\x30\x30\x30\x30\x30\x30\x30\x30\x3b\x20\x5f\x5f\x75\x5f\x6e\x20"
  "\x3d\x20\x33\x3b\x0a\x20\x20\x20\x20\x77\x68\x69\x6c\x65\x20\x28\x5f\x5f\x75\x5f"
  "\x6e\x20\x3e\x20\x31\x29\x20\x7b\x20\x69\x66\x20\x28\x5f\x5f\x75\x5f\x6c\x69\x6d"
  "\x5b\x5f\x5f\x75\x5f\x6e\x20\x2d\x20\x31\x5d\x20\x21\x3d\x20\x30\x29\x20\x62\x72"
  "\x65\x61\x6b\x3b\x20\x5f\x5f\x75\x5f\x6e\x20\x3d\x20\x5f\x5f\x75\x5f\x6e\x20\x2d"
  "\x20\x31\x3b\x20\x7d\x0a\x20\x20\x20\x20\x5f\x5f\x75\x5f\x6b\x20\x3d\x20\x5f\x5f"
  "\x75\x5f\x65\x3b\x20\x69\x66\x20\x28\x5f\x5f\x75\x5f\x6b\x20\x3c\x20\x30\x29\x20"
  "\x5f\x5f\x75\x5f\x6b\x20\x3d\x20\x30\x20\x2d\x20\x5f\x5f\x75\x5f\x6b\x3b\x0a\x20"
  "\x20\x20\x20\x77\x68\x69\x6c\x65\x20\x28\x5f\x5f\x75\x5f\x6b\x20\x3e\x20\x30\x29"
  "\x20\x7b\x20\x20\x20\x20\x20\x20\x20\x20\x20\x20\x20\x20\x20\x20\x20\x20\x20\x20"
  "\x20\x20\x20\x20\x20\x20\x20\x20\x20\x2f\x2a\x20\x62\x79\x20\x32\x5e\x65\x2c\x20"
  "\x6f\x72\x20\x62\x79\x20\x35\x5e\x2d\x65\x20\x2a\x2f\x0a\x20\x20\x20\x20\x20\x20"
  "\x20\x20\x69\x66\x20\x28\x5f\x5f\x75\x5f\x65\x20\x3e\x20\x30\x29\x20\x7b\x20\x69"
  "\x66\x20\x28\x5f\x5f\x75\x5f\x6b\x20\x3e\x3d\x20\x32\x39\x29\x20\x7b\x20\x5f\x5f"
  "\x75\x5f\x6d\x75\x6c\x20\x3d\x20\x35\x33\x36\x38\x37\x30\x39\x31\x32\x3b\x20\x5f"
  "\x5f\x75\x5f\x6b\x20\x3d\x20\x5f\x5f\x75\x5f\x6b\x20\x2d\x20\x32\x39\x3b\x20\x7d"
  "\x0a\x20\x20\x20\x20\x20\x20\x20\x20\x20\x20\x20\x20\x20\x20\x20\x20\x20\x20\x20"
  "\x20\x20\x65\x6c\x73\x65\x20\x7b\x20\x5f\x5f\x75\x5f\x6d\x75\x6c\x20\x3d\x20\x31"
  "\x3b\x20\x77\x68\x69\x6c\x65\x20\x28\x5f\x5f\x75\x5f\x6b\x20\x3e\x20\x30\x29\x20"
  "\x7b\x20\x5f\x5f\x75\x5f\x6d\x75\x6c\x20\x3d\x20\x5f\x5f\x75\x5f\x6d\x75\x6c\x20"
  "\x2a\x20\x32\x3b\x20\x5f\x5f\x75\x5f\x6b\x20\x3d\x20\x5f\x5f\x75\x5f\x6b\x20\x2d"
  "\x20\x31\x3b\x20\x7d\x20\x7d\x20\x7d\x0a\x20\x20\x20\x20\x20\x20\x20\x20\x65\x6c"
  "\x73\x65\x20\x7b\x20\x69\x66\x20\x28\x5f\x5f\x75\x5f\x6b\x20\x3e\x3d\x20\x31\x33"
  "\x29\x20\x7b\x20\x5f\x5f\x75\x5f\x6d\x75\x6c\x20\x3d\x20\x31\x32\x32\x30\x37\x30"
  "\x33\x31\x32\x35\x3b\x20\x5f\x5f\x75\x5f\x6b\x20\x3d\x20\x5f\x5f\x75\x5f\x6b\x20"
  "\x2d\x20\x31\x33\x3b\x20\x7d\x0a\x20\x20\x20\x20\x20\x20\x20\x20\x20\x20\x20\x20"
  "\x20\x20\x20\x65\x6c\x73\x65\x20\x7b\x20\x5f\x5f\x75\x5f\x6d\x75\x6c\x20\x3d\x20"
  "\x31\x3b\x20\x77\x68\x69\x6c\x65\x20\x28\x5f\x5f\x75\x5f\x6b\x20\x3e\x20\x30\x29"
  "\x20\x7b\x20\x5f\x5f\x75\x5f\x6d\x75\x6c\x20\x3d\x20\x5f\x5f\x75\x5f\x6d\x75\x6c"
  "\x20\x2a\x20\x35\x3b\x20\x5f\x5f\x75\x5f\x6b\x20\x3d\x20\x5f\x5f\x75\x5f\x6b\x20"
  "\x2d\x20\x31\x3b\x20\x7d\x20\x7d\x20\x7d\x0a\x20\x20\x20\x20\x20\x20\x20\x20\x5f"
  "\x5f\x75\x5f\x63\x61\x72\x72\x79\x20\x3d\x20\x30\x3b\x20\x5f\x5f\x75\x5f\x6a\x20"
  "\x3d\x20\x30\x3b\x0a\x20\x20\x20\x20\x20\x20\x20\x20\x77\x68\x69\x6c\x65\x20\x28"
  "\x5f\x5f\x75\x5f\x6a\x20\x3c\x20\x5f\x5f\x75\x5f\x6e\x29\x20\x7b\x20\x5f\x5f\x75"
  "\x5f\x74\x20\x3d\x20\x5f\x5f\x75\x5f\x6c\x69\x6d\x5b\x5f\x5f\x75\x5f\x6a\x5d\x20"
  "\x2a\x20\x5f\x5f\x75\x5f\x6d\x75\x6c\x20\x2b\x20\x5f\x5f\x75\x5f\x63\x61\x72\x72"
  "\x79\x3b\x20\x5f\x5f\x75\x5f\x6c\x69\x6d\x5b\x5f\x5f\x75\x5f\x6a\x5d\x20\x3d\x20"
  "\x5f\x5f\x75\x5f\x74\x20\x25\x20\x31\x30\x30\x30\x30\x30\x30\x30\x30\x30\x3b\x0a"
  "\x20\x20\x20\x20\x20\x20\x20\x20\x20\x20\x20\x20\x20\x20\x20\x20\x20\x20\x20\x20"
  "\x20\x20\x20\x20\x5f\x5f\x75\x5f\x63\x61\x72\x72\x79\x20\x3d\x20\x5f\x5f\x75\x5f"
  "\x74\x20\x2f\x20\x31\x30\x30\x30\x30\x30\x30\x30\x30\x30\x3b\x20\x5f\x5f\x75\x5f"
  "\x6a\x20\x3d\x20\x5f\x5f\x75\x5f\x6a\x20\x2b\x20\x31\x3b\x20\x7d\x0a\x20\x20\x20"
  "\x20\x20\x20\x20\x20\x77\x68\x69\x6c\x65\x20\x28\x5f\x5f\x75\x5f\x63\x61\x72\x72"
  "\x79\x29\x20\x7b\x20\x5f\x5f\x75\x5f\x6c\x69\x6d\x5b\x5f\x5f\x75\x5f\x6e\x5d\x20"
  "\x3d\x20\x5f\x5f\x75\x5f\x63\x61\x72\x72\x79\x20\x25\x20\x31\x30\x30\x30\x30\x30"
  "\x30\x30\x30\x30\x3b\x20\x5f\x5f\x75\x5f\x63\x61\x72\x72\x79\x20\x3d\x20\x5f\x5f"
  "\x75\x5f\x63\x61\x72\x72\x79\x20\x2f\x20\x31\x30\x30\x30\x30\x30\x30\x30\x30\x30"
  "\x3b\x20\x5f\x5f\x75\x5f\x6e\x20\x3d\x20\x5f\x5f\x75\x5f\x6e\x20\x2b\x20\x31\x3b"
  "\x20\x7d\x0a\x20\x20\x20\x20\x7d\x0a\x20\x20\x20\x20\x5f\x5f\x75\x5f\x6e\x64\x20"
  "\x3d\x20\x30\x3b\x20\x5f\x5f\x75\x5f\x6a\x20\x3d\x20\x5f\x5f\x75\x5f\x6e\x20\x2d"
  "\x20\x31\x3b\x20\x5f\x5f\x75\x5f\x66\x69\x72\x73\x74\x20\x3d\x20\x31\x3b\x0a\x20"
  "\x20\x20\x20\x77\x68\x69\x6c\x65\x20\x28\x5f\x5f\x75\x5f\x6a\x20\x3e\x3d\x20\x30"
  "\x29\x20\x7b\x0a\x20\x20\x20\x20\x20\x20\x20\x20\x2f\x2a\x20\x61\x20\x6c\x69\x6d"
  "\x62\x27\x73\x20\x6e\x69\x6e\x65\x20\x64\x69\x67\x69\x74\x73\x2c\x20\x6c\x6f\x77"
  "\x20\x66\x69\x72\x73\x74\x20\x69\x6e\x74\x6f\x20\x64\x39\x2c\x20\x74\x68\x65\x6e"
  "\x20\x6f\x75\x74\x20\x68\x69\x67\x68\x20\x66\x69\x72\x73\x74\x20\x2a\x2f\x0a\x20"
  "\x20\x20\x20\x20\x20\x20\x20\x63\x68\x61\x72\x20\x5f\x5f\x75\x5f\x64\x39\x5b\x39"
  "\x5d\x3b\x0a\x20\x20\x20\x20\x20\x20\x20\x20\x5f\x5f\x75\x5f\x74\x20\x3d\x20\x5f"
  "\x5f\x75\x5f\x6c\x69\x6d\x5b\x5f\x5f\x75\x5f\x6a\x5d\x3b\x20\x5f\x5f\x75\x5f\x6b"
  "\x20\x3d\x20\x38\x3b\x0a\x20\x20\x20\x20\x20\x20\x20\x20\x77\x68\x69\x6c\x65\x20"
  "\x28\x5f\x5f\x75\x5f\x6b\x20\x3e\x3d\x20\x30\x29\x20\x7b\x20\x5f\x5f\x75\x5f\x64"
  "\x39\x5b\x5f\x5f\x75\x5f\x6b\x5d\x20\x3d\x20\x34\x38\x20\x2b\x20\x5f\x5f\x75\x5f"
  "\x74\x20\x25\x20\x31\x30\x3b\x20\x5f\x5f\x75\x5f\x74\x20\x3d\x20\x5f\x5f\x75\x5f"
  "\x74\x20\x2f\x20\x31\x30\x3b\x20\x5f\x5f\x75\x5f\x6b\x20\x3d\x20\x5f\x5f\x75\x5f"
  "\x6b\x20\x2d\x20\x31\x3b\x20\x7d\x0a\x20\x20\x20\x20\x20\x20\x20\x20\x5f\x5f\x75"
  "\x5f\x6b\x20\x3d\x20\x30\x3b\x0a\x20\x20\x20\x20\x20\x20\x20\x20\x77\x68\x69\x6c"
  "\x65\x20\x28\x5f\x5f\x75\x5f\x6b\x20\x3c\x20\x39\x29\x20\x7b\x0a\x20\x20\x20\x20"
  "\x20\x20\x20\x20\x20\x20\x20\x20\x69\x66\x20\x28\x5f\x5f\x75\x5f\x66\x69\x72\x73"
  "\x74\x20\x3d\x3d\x20\x30\x20\x7c\x7c\x20\x5f\x5f\x75\x5f\x64\x39\x5b\x5f\x5f\x75"
  "\x5f\x6b\x5d\x20\x21\x3d\x20\x34\x38\x29\x20\x7b\x20\x5f\x5f\x75\x5f\x64\x69\x67"
  "\x5b\x5f\x5f\x75\x5f\x6e\x64\x5d\x20\x3d\x20\x5f\x5f\x75\x5f\x64\x39\x5b\x5f\x5f"
  "\x75\x5f\x6b\x5d\x3b\x20\x5f\x5f\x75\x5f\x6e\x64\x20\x3d\x20\x5f\x5f\x75\x5f\x6e"
  "\x64\x20\x2b\x20\x31\x3b\x20\x5f\x5f\x75\x5f\x66\x69\x72\x73\x74\x20\x3d\x20\x30"
  "\x3b\x20\x7d\x0a\x20\x20\x20\x20\x20\x20\x20\x20\x20\x20\x20\x20\x5f\x5f\x75\x5f"
  "\x6b\x20\x3d\x20\x5f\x5f\x75\x5f\x6b\x20\x2b\x20\x31\x3b\x0a\x20\x20\x20\x20\x20"
  "\x20\x20\x20\x7d\x0a\x20\x20\x20\x20\x20\x20\x20\x20\x5f\x5f\x75\x5f\x6a\x20\x3d"
  "\x20\x5f\x5f\x75\x5f\x6a\x20\x2d\x20\x31\x3b\x0a\x20\x20\x20\x20\x7d\x0a\x20\x20"
  "\x20\x20\x5f\x5f\x75\x5f\x65\x78\x20\x3d\x20\x28\x5f\x5f\x75\x5f\x62\x69\x74\x73"
  "\x20\x3e\x3e\x20\x35\x32\x29\x20\x26\x20\x32\x30\x34\x37\x3b\x0a\x20\x20\x20\x20"
  "\x5f\x5f\x75\x5f\x6b\x20\x3d\x20\x5f\x5f\x75\x5f\x65\x78\x20\x3d\x3d\x20\x30\x20"
  "\x3f\x20\x31\x30\x37\x34\x20\x3a\x20\x31\x30\x37\x35\x20\x2d\x20\x5f\x5f\x75\x5f"
  "\x65\x78\x3b\x20\x20\x20\x20\x20\x20\x20\x20\x20\x20\x20\x2f\x2a\x20\x2d\x65\x3a"
  "\x20\x64\x69\x67\x69\x74\x73\x20\x61\x66\x74\x65\x72\x20\x74\x68\x65\x20\x70\x6f"
  "\x69\x6e\x74\x20\x2a\x2f\x0a\x20\x20\x20\x20\x69\x66\x20\x28\x5f\x5f\x75\x5f\x6b"
  "\x20\x3c\x20\x30\x29\x20\x5f\x5f\x75\x5f\x6b\x20\x3d\x20\x30\x3b\x0a\x20\x20\x20"
  "\x20\x2a\x5f\x5f\x75\x5f\x78\x20\x3d\x20\x5f\x5f\x75\x5f\x6e\x64\x20\x2d\x20\x5f"
  "\x5f\x75\x5f\x6b\x3b\x0a\x20\x20\x20\x20\x72\x65\x74\x75\x72\x6e\x20\x5f\x5f\x75"
  "\x5f\x6e\x64\x3b\x0a\x7d\x0a\x23\x65\x6e\x64\x69\x66\x0a\x0a\x2f\x2a\x20\x6b\x65"
  "\x65\x70\x20\x72\x20\x64\x69\x67\x69\x74\x73\x20\x6f\x66\x20\x64\x69\x67\x5b\x30"
  "\x2e\x2e\x6e\x64\x29\x2c\x20\x72\x6f\x75\x6e\x64\x69\x6e\x67\x20\x74\x6f\x20\x6e"
  "\x65\x61\x72\x65\x73\x74\x2c\x20\x74\x69\x65\x73\x20\x74\x6f\x20\x65\x76\x65\x6e"
  "\x3b\x20\x72\x65\x74\x75\x72\x6e\x73\x0a\x20\x20\x20\x74\x68\x65\x20\x6e\x65\x77"
  "\x20\x63\x6f\x75\x6e\x74\x2c\x20\x61\x6e\x64\x20\x62\x75\x6d\x70\x73\x20\x2a\x78"
  "\x20\x77\x68\x65\x6e\x20\x74\x68\x65\x20\x72\x6f\x75\x6e\x64\x69\x6e\x67\x20\x63"
  "\x61\x72\x72\x69\x65\x73\x20\x6f\x75\x74\x20\x28\x39\x2e\x39\x39\x20\x2d\x3e\x20"
  "\x31\x30\x2e\x30\x29\x20\x2a\x2f\x0a\x23\x69\x66\x20\x21\x5f\x5f\x55\x4e\x49\x53"
  "\x41\x5f\x46\x54\x52\x49\x4d\x5f\x4c\x49\x42\x43\x20\x7c\x7c\x20\x5f\x5f\x55\x4e"
  "\x5f\x5f\x75\x5f\x72\x6f\x75\x6e\x64\x0a\x73\x74\x61\x74\x69\x63\x20\x69\x6e\x74"
  "\x20\x5f\x75\x5f\x72\x6f\x75\x6e\x64\x28\x63\x68\x61\x72\x20\x2a\x5f\x5f\x75\x5f"
  "\x64\x69\x67\x2c\x20\x69\x6e\x74\x20\x5f\x5f\x75\x5f\x6e\x64\x2c\x20\x69\x6e\x74"
  "\x20\x5f\x5f\x75\x5f\x72\x2c\x20\x69\x6e\x74\x20\x2a\x5f\x5f\x75\x5f\x78\x29\x20"
  "\x7b\x0a\x20\x20\x20\x20\x69\x6e\x74\x20\x5f\x5f\x75\x5f\x75\x70\x3b\x0a\x20\x20"
  "\x20\x20\x69\x6e\x74\x20\x5f\x5f\x75\x5f\x6a\x3b\x0a\x20\x20\x20\x20\x69\x66\x20"
  "\x28\x5f\x5f\x75\x5f\x72\x20\x3e\x3d\x20\x5f\x5f\x75\x5f\x6e\x64\x29\x20\x72\x65"
  "\x74\x75\x72\x6e\x20\x5f\x5f\x75\x5f\x6e\x64\x3b\x0a\x20\x20\x20\x20\x69\x66\x20"
  "\x28\x5f\x5f\x75\x5f\x72\x20\x3c\x20\x30\x29\x20\x7b\x20\x5f\x5f\x75\x5f\x64\x69"
  "\x67\x5b\x30\x5d\x20\x3d\x20\x34\x38\x3b\x20\x72\x65\x74\x75\x72\x6e\x20\x30\x3b"
  "\x20\x7d\x0a\x20\x20\x20\x20\x5f\x5f\x75\x5f\x75\x70\x20\x3d\x20\x30\x3b\x0a\x20"
  "\x20\x20\x20\x69\x66\x20\x28\x5f\x5f\x75\x5f\x64\x69\x67\x5b\x5f\x5f\x75\x5f\x72"
  "\x5d\x20\x3e\x20\x35\x33\x29\x20\x5f\x5f\x75\x5f\x75\x70\x20\x3d\x20\x31\x3b\x0a"
  "\x20\x20\x20\x20\x69\x66\x20\x28\x5f\x5f\x75\x5f\x64\x69\x67\x5b\x5f\x5f\x75\x5f"
  "\x72\x5d\x20\x3d\x3d\x20\x35\x33\x29\x20\x7b\x0a\x20\x20\x20\x20\x20\x20\x20\x20"
  "\x5f\x5f\x75\x5f\x6a\x20\x3d\x20\x5f\x5f\x75\x5f\x72\x20\x2b\x20\x31\x3b\x0a\x20"
  "\x20\x20\x20\x20\x20\x20\x20\x77\x68\x69\x6c\x65\x20\x28\x5f\x5f\x75\x5f\x6a\x20"
  "\x3c\x20\x5f\x5f\x75\x5f\x6e\x64\x29\x20\x7b\x20\x69\x66\x20\x28\x5f\x5f\x75\x5f"
  "\x64\x69\x67\x5b\x5f\x5f\x75\x5f\x6a\x5d\x20\x21\x3d\x20\x34\x38\x29\x20\x7b\x20"
  "\x5f\x5f\x75\x5f\x75\x70\x20\x3d\x20\x31\x3b\x20\x62\x72\x65\x61\x6b\x3b\x20\x7d"
  "\x20\x5f\x5f\x75\x5f\x6a\x20\x3d\x20\x5f\x5f\x75\x5f\x6a\x20\x2b\x20\x31\x3b\x20"
  "\x7d\x0a\x20\x20\x20\x20\x20\x20\x20\x20\x69\x66\x20\x28\x5f\x5f\x75\x5f\x75\x70"
  "\x20\x3d\x3d\x20\x30\x29\x20\x7b\x20\x69\x66\x20\x28\x5f\x5f\x75\x5f\x72\x20\x3e"
  "\x20\x30\x29\x20\x7b\x20\x69\x66\x20\x28\x28\x5f\x5f\x75\x5f\x64\x69\x67\x5b\x5f"
  "\x5f\x75\x5f\x72\x20\x2d\x20\x31\x5d\x20\x2d\x20\x34\x38\x29\x20\x26\x20\x31\x29"
  "\x20\x5f\x5f\x75\x5f\x75\x70\x20\x3d\x20\x31\x3b\x20\x7d\x20\x7d\x0a\x20\x20\x20"
  "\x20\x7d\x0a\x20\x20\x20\x20\x5f\x5f\x75\x5f\x6e\x64\x20\x3d\x20\x5f\x5f\x75\x5f"
  "\x72\x3b\x0a\x20\x20\x20\x20\x69\x66\x20\x28\x5f\x5f\x75\x5f\x75\x70\x29\x20\x7b"
  "\x0a\x20\x20\x20\x20\x20\x20\x20\x20\x5f\x5f\x75\x5f\x6a\x20\x3d\x20\x5f\x5f\x75"
  "\x5f\x72\x20\x2d\x20\x31\x3b\x0a\x20\x20\x20\x20\x20\x20\x20\x20\x77\x68\x69\x6c"
  "\x65\x20\x28\x5f\x5f\x75\x5f\x6a\x20\x3e\x3d\x20\x30\x29\x20\x7b\x0a\x20\x20\x20"
  "\x20\x20\x20\x20\x20\x20\x20\x20\x20\x69\x66\x20\x28\x5f\x5f\x75\x5f\x64\x69\x67"
  "\x5b\x5f\x5f\x75\x5f\x6a\x5d\x20\x21\x3d\x20\x35\x37\x29\x20\x7b\x20\x5f\x5f\x75"
  "\x5f\x64\x69\x67\x5b\x5f\x5f\x75\x5f\x6a\x5d\x20\x3d\x20\x5f\x5f\x75\x5f\x64\x69"
  "\x67\x5b\x5f\x5f\x75\x5f\x6a\x5d\x20\x2b\x20\x31\x3b\x20\x62\x72\x65\x61\x6b\x3b"
  "\x20\x7d\x0a\x20\x20\x20\x20\x20\x20\x20\x20\x20\x20\x20\x20\x5f\x5f\x75\x5f\x64"
  "\x69\x67\x5b\x5f\x5f\x75\x5f\x6a\x5d\x20\x3d\x20\x34\x38\x3b\x20\x5f\x5f\x75\x5f"
  "\x6a\x20\x3d\x20\x5f\x5f\x75\x5f\x6a\x20\x2d\x20\x31\x3b\x0a\x20\x20\x20\x20\x20"
  "\x20\x20\x20\x7d\x0a\x20\x20\x20\x20\x20\x20\x20\x20\x69\x66\x20\x28\x5f\x5f\x75"
  "\x5f\x6a\x20\x3c\x20\x30\x29\x20\x7b\x20\x20\x20\x20\x20\x20\x20\x20\x20\x20\x20"
  "\x20\x20\x20\x20\x20\x20\x20\x20\x20\x20\x20\x20\x20\x20\x20\x20\x20\x20\x20\x2f"
  "\x2a\x20\x63\x61\x72\x72\x69\x65\x64\x20\x6f\x75\x74\x20\x6f\x66\x20\x74\x68\x65"
  "\x20\x74\x6f\x70\x20\x2a\x2f\x0a\x20\x20\x20\x20\x20\x20\x20\x20\x20\x20\x20\x20"
  "\x5f\x5f\x75\x5f\x6a\x20\x3d\x20\x5f\x5f\x75\x5f\x6e\x64\x3b\x20\x77\x68\x69\x6c"
  "\x65\x20\x28\x5f\x5f\x75\x5f\x6a\x20\x3e\x20\x30\x29\x20\x7b\x20\x5f\x5f\x75\x5f"
  "\x64\x69\x67\x5b\x5f\x5f\x75\x5f\x6a\x5d\x20\x3d\x20\x5f\x5f\x75\x5f\x64\x69\x67"
  "\x5b\x5f\x5f\x75\x5f\x6a\x20\x2d\x20\x31\x5d\x3b\x20\x5f\x5f\x75\x5f\x6a\x20\x3d"
  "\x20\x5f\x5f\x75\x5f\x6a\x20\x2d\x20\x31\x3b\x20\x7d\x0a\x20\x20\x20\x20\x20\x20"
  "\x20\x20\x20\x20\x20\x20\x5f\x5f\x75\x5f\x64\x69\x67\x5b\x30\x5d\x20\x3d\x20\x34"
  "\x39\x3b\x20\x5f\x5f\x75\x5f\x6e\x64\x20\x3d\x20\x5f\x5f\x75\x5f\x6e\x64\x20\x2b"
  "\x20\x31\x3b\x20\x2a\x5f\x5f\x75\x5f\x78\x20\x3d\x20\x2a\x5f\x5f\x75\x5f\x78\x20"
  "\x2b\x20\x31\x3b\x0a\x20\x20\x20\x20\x20\x20\x20\x20\x7d\x0a\x20\x20\x20\x20\x7d"
  "\x0a\x20\x20\x20\x20\x72\x65\x74\x75\x72\x6e\x20\x5f\x5f\x75\x5f\x6e\x64\x3b\x0a"
  "\x7d\x0a\x23\x65\x6e\x64\x69\x66\x0a\x0a\x2f\x2a\x20\x74\x68\x65\x20\x64\x69\x67"
  "\x69\x74\x20\x61\x74\x20\x70\x6f\x73\x69\x74\x69\x6f\x6e\x20\x70\x20\x6f\x66\x20"
  "\x74\x68\x65\x20\x6e\x75\x6d\x62\x65\x72\x20\x28\x30\x20\x3d\x20\x66\x69\x72\x73"
  "\x74\x20\x69\x6e\x74\x65\x67\x65\x72\x20\x64\x69\x67\x69\x74\x29\x20\x2a\x2f\x0a"
  "\x23\x69\x66\x20\x21\x5f\x5f\x55\x4e\x49\x53\x41\x5f\x46\x54\x52\x49\x4d\x5f\x4c"
  "\x49\x42\x43\x20\x7c\x7c\x20\x5f\x5f\x55\x4e\x5f\x5f\x75\x5f\x64\x61\x74\x0a\x73"
  "\x74\x61\x74\x69\x63\x20\x69\x6e\x74\x20\x5f\x75\x5f\x64\x61\x74\x28\x63\x68\x61"
  "\x72\x20\x2a\x5f\x5f\x75\x5f\x64\x69\x67\x2c\x20\x69\x6e\x74\x20\x5f\x5f\x75\x5f"
  "\x6e\x64\x2c\x20\x69\x6e\x74\x20\x5f\x5f\x75\x5f\x78\x2c\x20\x69\x6e\x74\x20\x5f"
  "\x5f\x75\x5f\x70\x29\x20\x7b\x0a\x20\x20\x20\x20\x69\x66\x20\x28\x5f\x5f\x75\x5f"
  "\x70\x20\x3c\x20\x30\x29\x20\x72\x65\x74\x75\x72\x6e\x20\x34\x38\x3b\x0a\x20\x20"
  "\x20\x20\x69\x66\x20\x28\x5f\x5f\x75\x5f\x70\x20\x3e\x3d\x20\x5f\x5f\x75\x5f\x6e"
  "\x64\x29\x20\x72\x65\x74\x75\x72\x6e\x20\x34\x38\x3b\x0a\x20\x20\x20\x20\x72\x65"
  "\x74\x75\x72\x6e\x20\x5f\x5f\x75\x5f\x64\x69\x67\x5b\x5f\x5f\x75\x5f\x70\x5d\x3b"
  "\x0a\x7d\x0a\x23\x65\x6e\x64\x69\x66\x0a\x0a\x2f\x2a\x20\x25\x66\x20\x25\x65\x20"
  "\x25\x67\x20\x28\x61\x6e\x64\x20\x75\x70\x70\x65\x72\x20\x63\x61\x73\x65\x29\x20"
  "\x6f\x66\x20\x60\x62\x69\x74\x73\x60\x20\x69\x6e\x74\x6f\x20\x6f\x75\x74\x5b\x5d"
  "\x3b\x20\x72\x65\x74\x75\x72\x6e\x73\x20\x74\x68\x65\x20\x6c\x65\x6e\x67\x74\x68"
  "\x2e\x0a\x20\x20\x20\x53\x69\x67\x6e\x2c\x20\x77\x69\x64\x74\x68\x20\x61\x6e\x64"
  "\x20\x70\x61\x64\x64\x69\x6e\x67\x20\x61\x72\x65\x20\x74\x68\x65\x20\x63\x61\x6c"
  "\x6c\x65\x72\x27\x73\x2e\x20\x2a\x2f\x0a\x23\x69\x66\x20\x21\x5f\x5f\x55\x4e\x49"
  "\x53\x41\x5f\x46\x54\x52\x49\x4d\x5f\x4c\x49\x42\x43\x20\x7c\x7c\x20\x5f\x5f\x55"
  "\x4e\x5f\x5f\x75\x5f\x66\x66\x6d\x74\x0a\x73\x74\x61\x74\x69\x63\x20\x69\x6e\x74"
  "\x20\x5f\x75\x5f\x66\x66\x6d\x74\x28\x63\x68\x61\x72\x20\x2a\x5f\x5f\x75\x5f\x6f"
  "\x75\x74\x2c\x20\x75\x6e\x73\x69\x67\x6e\x65\x64\x20\x6c\x6f\x6e\x67\x20\x5f\x5f"
  "\x75\x5f\x62\x69\x74\x73\x2c\x20\x69\x6e\x74\x20\x5f\x5f\x75\x5f\x63\x2c\x20\x69"
  "\x6e\x74\x20\x5f\x5f\x75\x5f\x70\x72\x65\x63\x2c\x20\x69\x6e\x74\x20\x5f\x5f\x75"
  "\x5f\x61\x6c\x74\x29\x20\x7b\x0a\x20\x20\x20\x20\x63\x68\x61\x72\x20\x5f\x5f\x75"
  "\x5f\x64\x69\x67\x5b\x5f\x55\x5f\x4e\x44\x5d\x3b\x0a\x20\x20\x20\x20\x69\x6e\x74"
  "\x20\x5f\x5f\x75\x5f\x6e\x64\x3b\x0a\x20\x20\x20\x20\x69\x6e\x74\x20\x5f\x5f\x75"
  "\x5f\x78\x3b\x0a\x20\x20\x20\x20\x69\x6e\x74\x20\x5f\x5f\x75\x5f\x6e\x3b\x0a\x20"
  "\x20\x20\x20\x69\x6e\x74\x20\x5f\x5f\x75\x5f\x6a\x3b\x0a\x20\x20\x20\x20\x69\x6e"
  "\x74\x20\x5f\x5f\x75\x5f\x65\x3b\x0a\x20\x20\x20\x20\x69\x6e\x74\x20\x5f\x5f\x75"
  "\x5f\x65\x65\x3b\x0a\x20\x20\x20\x20\x69\x6e\x74\x20\x5f\x5f\x75\x5f\x73\x74\x79"
  "\x6c\x65\x3b\x0a\x20\x20\x20\x20\x69\x6e\x74\x20\x5f\x5f\x75\x5f\x50\x3b\x0a\x20"
  "\x20\x20\x20\x69\x6e\x74\x20\x5f\x5f\x75\x5f\x75\x70\x70\x65\x72\x3b\x0a\x20\x20"
  "\x20\x20\x69\x6e\x74\x20\x5f\x5f\x75\x5f\x73\x74\x72\x69\x70\x3b\x0a\x20\x20\x20"
  "\x20\x5f\x5f\x75\x5f\x75\x70\x70\x65\x72\x20\x3d\x20\x5f\x5f\x75\x5f\x63\x20\x3d"
  "\x3d\x20\x37\x30\x20\x7c\x7c\x20\x5f\x5f\x75\x5f\x63\x20\x3d\x3d\x20\x36\x39\x20"
  "\x7c\x7c\x20\x5f\x5f\x75\x5f\x63\x20\x3d\x3d\x20\x37\x31\x3b\x0a\x20\x20\x20\x20"
  "\x69\x66\x20\x28\x28\x28\x5f\x5f\x75\x5f\x62\x69\x74\x73\x20\x3e\x3e\x20\x35\x32"
  "\x29\x20\x26\x20\x32\x30\x34\x37\x29\x20\x3d\x3d\x20\x32\x30\x34\x37\x29\x20\x7b"
  "\x0a\x20\x20\x20\x20\x20\x20\x20\x20\x63\x68\x61\x72\x20\x2a\x5f\x5f\x75\x5f\x77"
  "\x3b\x0a\x20\x20\x20\x20\x20\x20\x20\x20\x69\x66\x20\x28\x5f\x5f\x75\x5f\x62\x69"
  "\x74\x73\x20\x26\x20\x34\x35\x30\x33\x35\x39\x39\x36\x32\x37\x33\x37\x30\x34\x39"
  "\x35\x29\x20\x5f\x5f\x75\x5f\x77\x20\x3d\x20\x5f\x5f\x75\x5f\x75\x70\x70\x65\x72"
  "\x20\x3f\x20\x22\x4e\x41\x4e\x22\x20\x3a\x20\x22\x6e\x61\x6e\x22\x3b\x0a\x20\x20"
  "\x20\x20\x20\x20\x20\x20\x65\x6c\x73\x65\x20\x5f\x5f\x75\x5f\x77\x20\x3d\x20\x5f"
  "\x5f\x75\x5f\x75\x70\x70\x65\x72\x20\x3f\x20\x22\x49\x4e\x46\x22\x20\x3a\x20\x22"
  "\x69\x6e\x66\x22\x3b\x0a\x20\x20\x20\x20\x20\x20\x20\x20\x5f\x5f\x75\x5f\x6f\x75"
  "\x74\x5b\x30\x5d\x20\x3d\x20\x5f\x5f\x75\x5f\x77\x5b\x30\x5d\x3b\x20\x5f\x5f\x75"
  "\x5f\x6f\x75\x74\x5b\x31\x5d\x20\x3d\x20\x5f\x5f\x75\x5f\x77\x5b\x31\x5d\x3b\x20"
  "\x5f\x5f\x75\x5f\x6f\x75\x74\x5b\x32\x5d\x20\x3d\x20\x5f\x5f\x75\x5f\x77\x5b\x32"
  "\x5d\x3b\x0a\x20\x20\x20\x20\x20\x20\x20\x20\x72\x65\x74\x75\x72\x6e\x20\x33\x3b"
  "\x0a\x20\x20\x20\x20\x7d\x0a\x20\x20\x20\x20\x69\x66\x20\x28\x5f\x5f\x75\x5f\x70"
  "\x72\x65\x63\x20\x3c\x20\x30\x29\x20\x5f\x5f\x75\x5f\x70\x72\x65\x63\x20\x3d\x20"
  "\x36\x3b\x0a\x20\x20\x20\x20\x5f\x5f\x75\x5f\x6e\x64\x20\x3d\x20\x5f\x75\x5f\x64"
  "\x65\x78\x70\x28\x5f\x5f\x75\x5f\x62\x69\x74\x73\x20\x26\x20\x39\x32\x32\x33\x33"
  "\x37\x32\x30\x33\x36\x38\x35\x34\x37\x37\x35\x38\x30\x37\x2c\x20\x5f\x5f\x75\x5f"
  "\x64\x69\x67\x2c\x20\x26\x5f\x5f\x75\x5f\x78\x29\x3b\x0a\x20\x20\x20\x20\x69\x66"
  "\x20\x28\x5f\x5f\x75\x5f\x64\x69\x67\x5b\x30\x5d\x20\x3d\x3d\x20\x34\x38\x29\x20"
  "\x5f\x5f\x75\x5f\x78\x20\x3d\x20\x31\x3b\x20\x20\x20\x20\x20\x20\x20\x20\x20\x20"
  "\x20\x20\x20\x20\x20\x20\x20\x20\x2f\x2a\x20\x7a\x65\x72\x6f\x3a\x20\x6f\x6e\x65"
  "\x20\x69\x6e\x74\x65\x67\x65\x72\x20\x64\x69\x67\x69\x74\x20\x2a\x2f\x0a\x20\x20"
  "\x20\x20\x5f\x5f\x75\x5f\x73\x74\x79\x6c\x65\x20\x3d\x20\x5f\x5f\x75\x5f\x63\x20"
  "\x7c\x20\x33\x32\x3b\x20\x20\x20\x20\x20\x20\x20\x20\x20\x20\x20\x20\x20\x20\x20"
  "\x20\x20\x20\x20\x20\x20\x20\x20\x20\x20\x20\x20\x2f\x2a\x20\x66\x20\x65\x20\x67"
  "\x20\x2a\x2f\x0a\x20\x20\x20\x20\x5f\x5f\x75\x5f\x73\x74\x72\x69\x70\x20\x3d\x20"
  "\x30\x3b\x0a\x20\x20\x20\x20\x69\x66\x20\x28\x5f\x5f\x75\x5f\x73\x74\x79\x6c\x65"
  "\x20\x3d\x3d\x20\x31\x30\x33\x29\x20\x7b\x0a\x20\x20\x20\x20\x20\x20\x20\x20\x2f"
  "\x2a\x20\x43\x39\x39\x20\x37\x2e\x31\x39\x2e\x36\x2e\x31\x70\x38\x3a\x20\x50\x20"
  "\x73\x69\x67\x6e\x69\x66\x69\x63\x61\x6e\x74\x20\x64\x69\x67\x69\x74\x73\x3b\x20"
  "\x74\x68\x65\x20\x65\x78\x70\x6f\x6e\x65\x6e\x74\x20\x58\x20\x74\x68\x61\x74\x20"
  "\x25\x65\x20\x77\x6f\x75\x6c\x64\x0a\x20\x20\x20\x20\x20\x20\x20\x20\x20\x20\x20"
  "\x73\x68\x6f\x77\x20\x64\x65\x63\x69\x64\x65\x73\x20\x62\x65\x74\x77\x65\x65\x6e"
  "\x20\x74\x68\x65\x20\x74\x77\x6f\x20\x73\x74\x79\x6c\x65\x73\x20\x2a\x2f\x0a\x20"
  "\x20\x20\x20\x20\x20\x20\x20\x5f\x5f\x75\x5f\x50\x20\x3d\x20\x5f\x5f\x75\x5f\x70"
  "\x72\x65\x63\x3b\x20\x69\x66\x20\x28\x5f\x5f\x75\x5f\x50\x20\x3d\x3d\x20\x30\x29"
  "\x20\x5f\x5f\x75\x5f\x50\x20\x3d\x20\x31\x3b\x0a\x20\x20\x20\x20\x20\x20\x20\x20"
  "\x7b\x20\x20\x20\x63\x68\x61\x72\x20\x5f\x5f\x75\x5f\x64\x32\x5b\x5f\x55\x5f\x4e"
  "\x44\x5d\x3b\x20\x69\x6e\x74\x20\x5f\x5f\x75\x5f\x6e\x32\x3b\x20\x69\x6e\x74\x20"
  "\x5f\x5f\x75\x5f\x78\x32\x3b\x0a\x20\x20\x20\x20\x20\x20\x20\x20\x20\x20\x20\x20"
  "\x5f\x5f\x75\x5f\x6a\x20\x3d\x20\x30\x3b\x20\x77\x68\x69\x6c\x65\x20\x28\x5f\x5f"
  "\x75\x5f\x6a\x20\x3c\x20\x5f\x5f\x75\x5f\x6e\x64\x29\x20\x7b\x20\x5f\x5f\x75\x5f"
  "\x64\x32\x5b\x5f\x5f\x75\x5f\x6a\x5d\x20\x3d\x20\x5f\x5f\x75\x5f\x64\x69\x67\x5b"
  "\x5f\x5f\x75\x5f\x6a\x5d\x3b\x20\x5f\x5f\x75\x5f\x6a\x20\x3d\x20\x5f\x5f\x75\x5f"
  "\x6a\x20\x2b\x20\x31\x3b\x20\x7d\x0a\x20\x20\x20\x20\x20\x20\x20\x20\x20\x20\x20"
  "\x20\x5f\x5f\x75\x5f\x78\x32\x20\x3d\x20\x5f\x5f\x75\x5f\x78\x3b\x20\x5f\x5f\x75"
  "\x5f\x6e\x32\x20\x3d\x20\x5f\x75\x5f\x72\x6f\x75\x6e\x64\x28\x5f\x5f\x75\x5f\x64"
  "\x32\x2c\x20\x5f\x5f\x75\x5f\x6e\x64\x2c\x20\x5f\x5f\x75\x5f\x50\x2c\x20\x26\x5f"
  "\x5f\x75\x5f\x78\x32\x29\x3b\x0a\x20\x20\x20\x20\x20\x20\x20\x20\x20\x20\x20\x20"
  "\x5f\x5f\x75\x5f\x65\x20\x3d\x20\x5f\x5f\x75\x5f\x78\x32\x20\x2d\x20\x31\x3b\x0a"
  "\x20\x20\x20\x20\x20\x20\x20\x20\x20\x20\x20\x20\x69\x66\x20\x28\x5f\x5f\x75\x5f"
  "\x64\x69\x67\x5b\x30\x5d\x20\x3d\x3d\x20\x34\x38\x29\x20\x5f\x5f\x75\x5f\x65\x20"
  "\x3d\x20\x30\x3b\x0a\x20\x20\x20\x20\x20\x20\x20\x20\x7d\x0a\x20\x20\x20\x20\x20"
  "\x20\x20\x20\x69\x66\x20\x28\x5f\x5f\x75\x5f\x50\x20\x3e\x20\x5f\x5f\x75\x5f\x65"
  "\x20\x26\x26\x20\x5f\x5f\x75\x5f\x65\x20\x3e\x3d\x20\x30\x20\x2d\x20\x34\x29\x20"
  "\x7b\x20\x5f\x5f\x75\x5f\x73\x74\x79\x6c\x65\x20\x3d\x20\x31\x30\x32\x3b\x20\x5f"
  "\x5f\x75\x5f\x70\x72\x65\x63\x20\x3d\x20\x5f\x5f\x75\x5f\x50\x20\x2d\x20\x31\x20"
  "\x2d\x20\x5f\x5f\x75\x5f\x65\x3b\x20\x7d\x0a\x20\x20\x20\x20\x20\x20\x20\x20\x65"
  "\x6c\x73\x65\x20\x7b\x20\x5f\x5f\x75\x5f\x73\x74\x79\x6c\x65\x20\x3d\x20\x31\x30"
  "\x31\x3b\x20\x5f\x5f\x75\x5f\x70\x72\x65\x63\x20\x3d\x20\x5f\x5f\x75\x5f\x50\x20"
  "\x2d\x20\x31\x3b\x20\x7d\x0a\x20\x20\x20\x20\x20\x20\x20\x20\x69\x66\x20\x28\x5f"
  "\x5f\x75\x5f\x61\x6c\x74\x20\x3d\x3d\x20\x30\x29\x20\x5f\x5f\x75\x5f\x73\x74\x72"
  "\x69\x70\x20\x3d\x20\x31\x3b\x0a\x20\x20\x20\x20\x7d\x0a\x20\x20\x20\x20\x5f\x5f"
  "\x75\x5f\x6e\x20\x3d\x20\x30\x3b\x0a\x20\x20\x20\x20\x69\x66\x20\x28\x5f\x5f\x75"
  "\x5f\x73\x74\x79\x6c\x65\x20\x3d\x3d\x20\x31\x30\x32\x29\x20\x7b\x0a\x20\x20\x20"
  "\x20\x20\x20\x20\x20\x5f\x5f\x75\x5f\x6e\x64\x20\x3d\x20\x5f\x75\x5f\x72\x6f\x75"
  "\x6e\x64\x28\x5f\x5f\x75\x5f\x64\x69\x67\x2c\x20\x5f\x5f\x75\x5f\x6e\x64\x2c\x20"
  "\x5f\x5f\x75\x5f\x78\x20\x2b\x20\x5f\x5f\x75\x5f\x70\x72\x65\x63\x2c\x20\x26\x5f"
  "\x5f\x75\x5f\x78\x29\x3b\x0a\x20\x20\x20\x20\x20\x20\x20\x20\x69\x66\x20\x28\x5f"
  "\x5f\x75\x5f\x78\x20\x3c\x3d\x20\x30\x29\x20\x7b\x20\x5f\x5f\x75\x5f\x6f\x75\x74"
  "\x5b\x5f\x5f\x75\x5f\x6e\x5d\x20\x3d\x20\x34\x38\x3b\x20\x5f\x5f\x75\x5f\x6e\x20"
  "\x3d\x20\x5f\x5f\x75\x5f\x6e\x20\x2b\x20\x31\x3b\x20\x7d\x0a\x20\x20\x20\x20\x20"
  "\x20\x20\x20\x65\x6c\x73\x65\x20\x7b\x20\x5f\x5f\x75\x5f\x6a\x20\x3d\x20\x30\x3b"
  "\x20\x77\x68\x69\x6c\x65\x20\x28\x5f\x5f\x75\x5f\x6a\x20\x3c\x20\x5f\x5f\x75\x5f"
  "\x78\x29\x20\x7b\x20\x5f\x5f\x75\x5f\x6f\x75\x74\x5b\x5f\x5f\x75\x5f\x6e\x5d\x20"
  "\x3d\x20\x5f\x75\x5f\x64\x61\x74\x28\x5f\x5f\x75\x5f\x64\x69\x67\x2c\x20\x5f\x5f"
  "\x75\x5f\x6e\x64\x2c\x20\x5f\x5f\x75\x5f\x78\x2c\x20\x5f\x5f\x75\x5f\x6a\x29\x3b"
  "\x20\x5f\x5f\x75\x5f\x6e\x20\x3d\x20\x5f\x5f\x75\x5f\x6e\x20\x2b\x20\x31\x3b\x20"
  "\x5f\x5f\x75\x5f\x6a\x20\x3d\x20\x5f\x5f\x75\x5f\x6a\x20\x2b\x20\x31\x3b\x20\x7d"
  "\x20\x7d\x0a\x20\x20\x20\x20\x20\x20\x20\x20\x69\x66\x20\x28\x5f\x5f\x75\x5f\x70"
  "\x72\x65\x63\x20\x3e\x20\x30\x20\x7c\x7c\x20\x5f\x5f\x75\x5f\x61\x6c\x74\x29\x20"
  "\x7b\x20\x5f\x5f\x75\x5f\x6f\x75\x74\x5b\x5f\x5f\x75\x5f\x6e\x5d\x20\x3d\x20\x34"
  "\x36\x3b\x20\x5f\x5f\x75\x5f\x6e\x20\x3d\x20\x5f\x5f\x75\x5f\x6e\x20\x2b\x20\x31"
  "\x3b\x20\x7d\x0a\x20\x20\x20\x20\x20\x20\x20\x20\x5f\x5f\x75\x5f\x6a\x20\x3d\x20"
  "\x30\x3b\x0a\x20\x20\x20\x20\x20\x20\x20\x20\x77\x68\x69\x6c\x65\x20\x28\x5f\x5f"
  "\x75\x5f\x6a\x20\x3c\x20\x5f\x5f\x75\x5f\x70\x72\x65\x63\x29\x20\x7b\x20\x5f\x5f"
  "\x75\x5f\x6f\x75\x74\x5b\x5f\x5f\x75\x5f\x6e\x5d\x20\x3d\x20\x5f\x75\x5f\x64\x61"
  "\x74\x28\x5f\x5f\x75\x5f\x64\x69\x67\x2c\x20\x5f\x5f\x75\x5f\x6e\x64\x2c\x20\x5f"
  "\x5f\x75\x5f\x78\x2c\x20\x5f\x5f\x75\x5f\x78\x20\x2b\x20\x5f\x5f\x75\x5f\x6a\x29"
  "\x3b\x20\x5f\x5f\x75\x5f\x6e\x20\x3d\x20\x5f\x5f\x75\x5f\x6e\x20\x2b\x20\x31\x3b"
  "\x20\x5f\x5f\x75\x5f\x6a\x20\x3d\x20\x5f\x5f\x75\x5f\x6a\x20\x2b\x20\x31\x3b\x20"
  "\x7d\x0a\x20\x20\x20\x20\x7d\x20\x65\x6c\x73\x65\x20\x7b\x0a\x20\x20\x20\x20\x20"
  "\x20\x20\x20\x69\x66\x20\x28\x5f\x5f\x75\x5f\x64\x69\x67\x5b\x30\x5d\x20\x3d\x3d"
  "\x20\x34\x38\x29\x20\x5f\x5f\x75\x5f\x65\x20\x3d\x20\x30\x3b\x0a\x20\x20\x20\x20"
  "\x20\x20\x20\x20\x65\x6c\x73\x65\x20\x7b\x20\x5f\x5f\x75\x5f\x6e\x64\x20\x3d\x20"
  "\x5f\x75\x5f\x72\x6f\x75\x6e\x64\x28\x5f\x5f\x75\x5f\x64\x69\x67\x2c\x20\x5f\x5f"
  "\x75\x5f\x6e\x64\x2c\x20\x5f\x5f\x75\x5f\x70\x72\x65\x63\x20\x2b\x20\x31\x2c\x20"
  "\x26\x5f\x5f\x75\x5f\x78\x29\x3b\x20\x5f\x5f\x75\x5f\x65\x20\x3d\x20\x5f\x5f\x75"
  "\x5f\x78\x20\x2d\x20\x31\x3b\x20\x7d\x0a\x20\x20\x20\x20\x20\x20\x20\x20\x5f\x5f"
  "\x75\x5f\x6f\x75\x74\x5b\x5f\x5f\x75\x5f\x6e\x5d\x20\x3d\x20\x5f\x75\x5f\x64\x61"
  "\x74\x28\x5f\x5f\x75\x5f\x64\x69\x67\x2c\x20\x5f\x5f\x75\x5f\x6e\x64\x2c\x20\x5f"
  "\x5f\x75\x5f\x78\x2c\x20\x30\x29\x3b\x20\x5f\x5f\x75\x5f\x6e\x20\x3d\x20\x5f\x5f"
  "\x75\x5f\x6e\x20\x2b\x20\x31\x3b\x0a\x20\x20\x20\x20\x20\x20\x20\x20\x69\x66\x20"
  "\x28\x5f\x5f\x75\x5f\x70\x72\x65\x63\x20\x3e\x20\x30\x20\x7c\x7c\x20\x5f\x5f\x75"
  "\x5f\x61\x6c\x74\x29\x20\x7b\x20\x5f\x5f\x75\x5f\x6f\x75\x74\x5b\x5f\x5f\x75\x5f"
  "\x6e\x5d\x20\x3d\x20\x34\x36\x3b\x20\x5f\x5f\x75\x5f\x6e\x20\x3d\x20\x5f\x5f\x75"
  "\x5f\x6e\x20\x2b\x20\x31\x3b\x20\x7d\x0a\x20\x20\x20\x20\x20\x20\x20\x20\x5f\x5f"
  "\x75\x5f\x6a\x20\x3d\x20\x31\x3b\x0a\x20\x20\x20\x20\x20\x20\x20\x20\x77\x68\x69"
  "\x6c\x65\x20\x28\x5f\x5f\x75\x5f\x6a\x20\x3c\x3d\x20\x5f\x5f\x75\x5f\x70\x72\x65"
  "\x63\x29\x20\x7b\x20\x5f\x5f\x75\x5f\x6f\x75\x74\x5b\x5f\x5f\x75\x5f\x6e\x5d\x20"
  "\x3d\x20\x5f\x75\x5f\x64\x61\x74\x28\x5f\x5f\x75\x5f\x64\x69\x67\x2c\x20\x5f\x5f"
  "\x75\x5f\x6e\x64\x2c\x20\x5f\x5f\x75\x5f\x78\x2c\x20\x5f\x5f\x75\x5f\x6a\x29\x3b"
  "\x20\x5f\x5f\x75\x5f\x6e\x20\x3d\x20\x5f\x5f\x75\x5f\x6e\x20\x2b\x20\x31\x3b\x20"
  "\x5f\x5f\x75\x5f\x6a\x20\x3d\x20\x5f\x5f\x75\x5f\x6a\x20\x2b\x20\x31\x3b\x20\x7d"
  "\x0a\x20\x20\x20\x20\x20\x20\x20\x20\x69\x66\x20\x28\x5f\x5f\x75\x5f\x73\x74\x72"
  "\x69\x70\x29\x20\x7b\x0a\x20\x20\x20\x20\x20\x20\x20\x20\x20\x20\x20\x20\x77\x68"
  "\x69\x6c\x65\x20\x28\x5f\x5f\x75\x5f\x6e\x20\x3e\x20\x30\x29\x20\x7b\x20\x69\x66"
  "\x20\x28\x5f\x5f\x75\x5f\x6f\x75\x74\x5b\x5f\x5f\x75\x5f\x6e\x20\x2d\x20\x31\x5d"
  "\x20\x21\x3d\x20\x34\x38\x29\x20\x62\x72\x65\x61\x6b\x3b\x20\x5f\x5f\x75\x5f\x6e"
  "\x20\x3d\x20\x5f\x5f\x75\x5f\x6e\x20\x2d\x20\x31\x3b\x20\x7d\x0a\x20\x20\x20\x20"
  "\x20\x20\x20\x20\x20\x20\x20\x20\x69\x66\x20\x28\x5f\x5f\x75\x5f\x6e\x20\x3e\x20"
  "\x30\x29\x20\x7b\x20\x69\x66\x20\x28\x5f\x5f\x75\x5f\x6f\x75\x74\x5b\x5f\x5f\x75"
  "\x5f\x6e\x20\x2d\x20\x31\x5d\x20\x3d\x3d\x20\x34\x36\x29\x20\x5f\x5f\x75\x5f\x6e"
  "\x20\x3d\x20\x5f\x5f\x75\x5f\x6e\x20\x2d\x20\x31\x3b\x20\x7d\x0a\x20\x20\x20\x20"
  "\x20\x20\x20\x20\x20\x20\x20\x20\x5f\x5f\x75\x5f\x73\x74\x72\x69\x70\x20\x3d\x20"
  "\x30\x3b\x0a\x20\x20\x20\x20\x20\x20\x20\x20\x7d\x0a\x20\x20\x20\x20\x20\x20\x20"
  "\x20\x5f\x5f\x75\x5f\x6f\x75\x74\x5b\x5f\x5f\x75\x5f\x6e\x5d\x20\x3d\x20\x5f\x5f"
  "\x75\x5f\x75\x70\x70\x65\x72\x20\x3f\x20\x36\x39\x20\x3a\x20\x31\x30\x31\x3b\x20"
  "\x5f\x5f\x75\x5f\x6e\x20\x3d\x20\x5f\x5f\x75\x5f\x6e\x20\x2b\x20\x31\x3b\x0a\x20"
  "\x20\x20\x20\x20\x20\x20\x20\x69\x66\x20\x28\x5f\x5f\x75\x5f\x65\x20\x3c\x20\x30"
  "\x29\x20\x7b\x20\x5f\x5f\x75\x5f\x6f\x75\x74\x5b\x5f\x5f\x75\x5f\x6e\x5d\x20\x3d"
  "\x20\x34\x35\x3b\x20\x5f\x5f\x75\x5f\x65\x65\x20\x3d\x20\x30\x20\x2d\x20\x5f\x5f"
  "\x75\x5f\x65\x3b\x20\x7d\x20\x65\x6c\x73\x65\x20\x7b\x20\x5f\x5f\x75\x5f\x6f\x75"
  "\x74\x5b\x5f\x5f\x75\x5f\x6e\x5d\x20\x3d\x20\x34\x33\x3b\x20\x5f\x5f\x75\x5f\x65"
  "\x65\x20\x3d\x20\x5f\x5f\x75\x5f\x65\x3b\x20\x7d\x0a\x20\x20\x20\x20\x20\x20\x20"
  "\x20\x5f\x5f\x75\x5f\x6e\x20\x3d\x20\x5f\x5f\x75\x5f\x6e\x20\x2b\x20\x31\x3b\x0a"
  "\x20\x20\x20\x20\x20\x20\x20\x20\x69\x66\x20\x28\x5f\x5f\x75\x5f\x65\x65\x20\x3e"
  "\x3d\x20\x31\x30\x30\x29\x20\x7b\x20\x5f\x5f\x75\x5f\x6f\x75\x74\x5b\x5f\x5f\x75"
  "\x5f\x6e\x5d\x20\x3d\x20\x34\x38\x20\x2b\x20\x5f\x5f\x75\x5f\x65\x65\x20\x2f\x20"
  "\x31\x30\x30\x3b\x20\x5f\x5f\x75\x5f\x6e\x20\x3d\x20\x5f\x5f\x75\x5f\x6e\x20\x2b"
  "\x20\x31\x3b\x20\x7d\x0a\x20\x20\x20\x20\x20\x20\x20\x20\x5f\x5f\x75\x5f\x6f\x75"
  "\x74\x5b\x5f\x5f\x75\x5f\x6e\x5d\x20\x3d\x20\x34\x38\x20\x2b\x20\x28\x5f\x5f\x75"
  "\x5f\x65\x65\x20\x2f\x20\x31\x30\x29\x20\x25\x20\x31\x30\x3b\x20\x5f\x5f\x75\x5f"
  "\x6e\x20\x3d\x20\x5f\x5f\x75\x5f\x6e\x20\x2b\x20\x31\x3b\x0a\x20\x20\x20\x20\x20"
  "\x20\x20\x20\x5f\x5f\x75\x5f\x6f\x75\x74\x5b\x5f\x5f\x75\x5f\x6e\x5d\x20\x3d\x20"
  "\x34\x38\x20\x2b\x20\x5f\x5f\x75\x5f\x65\x65\x20\x25\x20\x31\x30\x3b\x20\x5f\x5f"
  "\x75\x5f\x6e\x20\x3d\x20\x5f\x5f\x75\x5f\x6e\x20\x2b\x20\x31\x3b\x0a\x20\x20\x20"
  "\x20\x7d\x0a\x20\x20\x20\x20\x69\x66\x20\x28\x5f\x5f\x75\x5f\x73\x74\x72\x69\x70"
  "\x29\x20\x7b\x20\x20\x20\x20\x20\x20\x20\x20\x20\x20\x20\x20\x20\x20\x20\x20\x20"
  "\x20\x20\x20\x20\x20\x20\x20\x20\x20\x20\x20\x20\x20\x2f\x2a\x20\x25\x67\x20\x77"
  "\x69\x74\x68\x6f\x75\x74\x20\x27\x23\x27\x20\x2a\x2f\x0a\x20\x20\x20\x20\x20\x20"
  "\x20\x20\x5f\x5f\x75\x5f\x6a\x20\x3d\x20\x30\x3b\x0a\x20\x20\x20\x20\x20\x20\x20"
  "\x20\x77\x68\x69\x6c\x65\x20\x28\x5f\x5f\x75\x5f\x6a\x20\x3c\x20\x5f\x5f\x75\x5f"
  "\x6e\x29\x20\x7b\x20\x69\x66\x20\x28\x5f\x5f\x75\x5f\x6f\x75\x74\x5b\x5f\x5f\x75"
  "\x5f\x6a\x5d\x20\x3d\x3d\x20\x34\x36\x29\x20\x62\x72\x65\x61\x6b\x3b\x20\x5f\x5f"
  "\x75\x5f\x6a\x20\x3d\x20\x5f\x5f\x75\x5f\x6a\x20\x2b\x20\x31\x3b\x20\x7d\x0a\x20"
  "\x20\x20\x20\x20\x20\x20\x20\x69\x66\x20\x28\x5f\x5f\x75\x5f\x6a\x20\x3c\x20\x5f"
  "\x5f\x75\x5f\x6e\x29\x20\x7b\x0a\x20\x20\x20\x20\x20\x20\x20\x20\x20\x20\x20\x20"
  "\x77\x68\x69\x6c\x65\x20\x28\x5f\x5f\x75\x5f\x6e\x20\x3e\x20\x30\x29\x20\x7b\x20"
  "\x69\x66\x20\x28\x5f\x5f\x75\x5f\x6f\x75\x74\x5b\x5f\x5f\x75\x5f\x6e\x20\x2d\x20"
  "\x31\x5d\x20\x21\x3d\x20\x34\x38\x29\x20\x62\x72\x65\x61\x6b\x3b\x20\x5f\x5f\x75"
  "\x5f\x6e\x20\x3d\x20\x5f\x5f\x75\x5f\x6e\x20\x2d\x20\x31\x3b\x20\x7d\x0a\x20\x20"
  "\x20\x20\x20\x20\x20\x20\x20\x20\x20\x20\x69\x66\x20\x28\x5f\x5f\x75\x5f\x6e\x20"
  "\x3e\x20\x30\x29\x20\x7b\x20\x69\x66\x20\x28\x5f\x5f\x75\x5f\x6f\x75\x74\x5b\x5f"
  "\x5f\x75\x5f\x6e\x20\x2d\x20\x31\x5d\x20\x3d\x3d\x20\x34\x36\x29\x20\x5f\x5f\x75"
  "\x5f\x6e\x20\x3d\x20\x5f\x5f\x75\x5f\x6e\x20\x2d\x20\x31\x3b\x20\x7d\x0a\x20\x20"
  "\x20\x20\x20\x20\x20\x20\x7d\x0a\x20\x20\x20\x20\x7d\x0a\x20\x20\x20\x20\x72\x65"
  "\x74\x75\x72\x6e\x20\x5f\x5f\x75\x5f\x6e\x3b\x0a\x7d\x0a\x23\x65\x6e\x64\x69\x66"
  "\x0a\x0a\x23\x69\x66\x20\x21\x5f\x5f\x55\x4e\x49\x53\x41\x5f\x46\x54\x52\x49\x4d"
  "\x5f\x4c\x49\x42\x43\x20\x7c\x7c\x20\x5f\x5f\x55\x4e\x5f\x5f\x75\x5f\x76\x66\x6d"
  "\x74\x0a\x73\x74\x61\x74\x69\x63\x20\x69\x6e\x74\x20\x5f\x75\x5f\x76\x66\x6d\x74"
  "\x28\x63\x68\x61\x72\x20\x2a\x5f\x5f\x75\x5f\x6f\x75\x74\x2c\x20\x6c\x6f\x6e\x67"
  "\x20\x5f\x5f\x75\x5f\x63\x61\x70\x2c\x20\x46\x49\x4c\x45\x20\x2a\x5f\x5f\x75\x5f"
  "\x66\x2c\x20\x63\x6f\x6e\x73\x74\x20\x63\x68\x61\x72\x20\x2a\x5f\x5f\x75\x5f\x66"
  "\x6d\x74\x2c\x20\x76\x61\x5f\x6c\x69\x73\x74\x20\x5f\x5f\x75\x5f\x61\x70\x29\x20"
  "\x7b\x0a\x20\x20\x20\x20\x6c\x6f\x6e\x67\x20\x5f\x5f\x75\x5f\x6e\x3b\x0a\x20\x20"
  "\x20\x20\x6c\x6f\x6e\x67\x20\x5f\x5f\x75\x5f\x69\x3b\x0a\x20\x20\x20\x20\x6c\x6f"
  "\x6e\x67\x20\x5f\x5f\x75\x5f\x6b\x3b\x0a\x20\x20\x20\x20\x6c\x6f\x6e\x67\x20\x5f"
  "\x5f\x75\x5f\x6c\x65\x6e\x3b\x0a\x20\x20\x20\x20\x6c\x6f\x6e\x67\x20\x5f\x5f\x75"
  "\x5f\x73\x74\x61\x72\x74\x3b\x0a\x20\x20\x20\x20\x69\x6e\x74\x20\x5f\x5f\x75\x5f"
  "\x63\x3b\x0a\x20\x20\x20\x20\x69\x6e\x74\x20\x5f\x5f\x75\x5f\x6c\x65\x66\x74\x3b"
  "\x0a\x20\x20\x20\x20\x69\x6e\x74\x20\x5f\x5f\x75\x5f\x7a\x65\x72\x6f\x3b\x0a\x20"
  "\x20\x20\x20\x69\x6e\x74\x20\x5f\x5f\x75\x5f\x77\x69\x64\x74\x68\x3b\x0a\x20\x20"
  "\x20\x20\x69\x6e\x74\x20\x5f\x5f\x75\x5f\x70\x72\x65\x63\x3b\x0a\x20\x20\x20\x20"
  "\x69\x6e\x74\x20\x5f\x5f\x75\x5f\x62\x61\x73\x65\x3b\x0a\x20\x20\x20\x20\x69\x6e"
  "\x74\x20\x5f\x5f\x75\x5f\x75\x70\x70\x65\x72\x3b\x0a\x20\x20\x20\x20\x69\x6e\x74"
  "\x20\x5f\x5f\x75\x5f\x73\x69\x67\x6e\x3b\x0a\x20\x20\x20\x20\x69\x6e\x74\x20\x5f"
  "\x5f\x75\x5f\x6c\x6e\x67\x3b\x0a\x20\x20\x20\x20\x69\x6e\x74\x20\x5f\x5f\x75\x5f"
  "\x70\x6c\x75\x73\x3b\x0a\x20\x20\x20\x20\x69\x6e\x74\x20\x5f\x5f\x75\x5f\x73\x70"
  "\x61\x63\x65\x3b\x0a\x20\x20\x20\x20\x69\x6e\x74\x20\x5f\x5f\x75\x5f\x61\x6c\x74"
  "\x3b\x0a\x20\x20\x20\x20\x69\x6e\x74\x20\x5f\x5f\x75\x5f\x68\x68\x3b\x0a\x20\x20"
  "\x20\x20\x69\x6e\x74\x20\x5f\x5f\x75\x5f\x6e\x65\x67\x3b\x0a\x20\x20\x20\x20\x6c"
  "\x6f\x6e\x67\x20\x5f\x5f\x75\x5f\x6a\x3b\x0a\x20\x20\x20\x20\x6c\x6f\x6e\x67\x20"
  "\x5f\x5f\x75\x5f\x73\x76\x3b\x0a\x20\x20\x20\x20\x75\x6e\x73\x69\x67\x6e\x65\x64"
  "\x20\x6c\x6f\x6e\x67\x20\x5f\x5f\x75\x5f\x75\x76\x3b\x0a\x20\x20\x20\x20\x63\x68"
  "\x61\x72\x20\x2a\x5f\x5f\x75\x5f\x73\x70\x3b\x0a\x20\x20\x20\x20\x63\x68\x61\x72"
  "\x20\x5f\x5f\x75\x5f\x62\x75\x66\x5b\x32\x34\x5d\x3b\x0a\x20\x20\x20\x20\x63\x68"
  "\x61\x72\x20\x5f\x5f\x75\x5f\x66\x62\x75\x66\x5b\x31\x33\x30\x30\x5d\x3b\x0a\x20"
  "\x20\x20\x20\x5f\x5f\x75\x5f\x6e\x20\x3d\x20\x30\x3b\x0a\x20\x20\x20\x20\x5f\x5f"
  "\x75\x5f\x69\x20\x3d\x20\x30\x3b\x0a\x20\x20\x20\x20\x77\x68\x69\x6c\x65\x20\x28"
  "\x5f\x5f\x75\x5f\x66\x6d\x74\x5b\x5f\x5f\x75\x5f\x69\x5d\x29\x20\x7b\x0a\x20\x20"
  "\x20\x20\x20\x20\x20\x20\x69\x66\x20\x28\x5f\x5f\x75\x5f\x66\x6d\x74\x5b\x5f\x5f"
  "\x75\x5f\x69\x5d\x20\x21\x3d\x20\x33\x37\x29\x20\x7b\x20\x5f\x75\x5f\x70\x75\x74"
  "\x28\x5f\x5f\x75\x5f\x6f\x75\x74\x2c\x20\x5f\x5f\x75\x5f\x63\x61\x70\x2c\x20\x26"
  "\x5f\x5f\x75\x5f\x6e\x2c\x20\x5f\x5f\x75\x5f\x66\x2c\x20\x5f\x5f\x75\x5f\x66\x6d"
  "\x74\x5b\x5f\x5f\x75\x5f\x69\x5d\x29\x3b\x20\x5f\x5f\x75\x5f\x69\x20\x3d\x20\x5f"
  "\x5f\x75\x5f\x69\x20\x2b\x20\x31\x3b\x20\x63\x6f\x6e\x74\x69\x6e\x75\x65\x3b\x20"
  "\x7d\x0a\x20\x20\x20\x20\x20\x20\x20\x20\x5f\x5f\x75\x5f\x69\x20\x3d\x20\x5f\x5f"
  "\x75\x5f\x69\x20\x2b\x20\x31\x3b\x0a\x20\x20\x20\x20\x20\x20\x20\x20\x5f\x5f\x75"
  "\x5f\x6c\x65\x66\x74\x20\x3d\x20\x30\x3b\x20\x5f\x5f\x75\x5f\x7a\x65\x72\x6f\x20"
  "\x3d\x20\x30\x3b\x20\x5f\x5f\x75\x5f\x77\x69\x64\x74\x68\x20\x3d\x20\x30\x3b\x20"
  "\x5f\x5f\x75\x5f\x70\x72\x65\x63\x20\x3d\x20\x30\x20\x2d\x20\x31\x3b\x0a\x20\x20"
  "\x20\x20\x20\x20\x20\x20\x5f\x5f\x75\x5f\x70\x6c\x75\x73\x20\x3d\x20\x30\x3b\x20"
  "\x5f\x5f\x75\x5f\x73\x70\x61\x63\x65\x20\x3d\x20\x30\x3b\x20\x5f\x5f\x75\x5f\x61"
  "\x6c\x74\x20\x3d\x20\x30\x3b\x0a\x20\x20\x20\x20\x20\x20\x20\x20\x77\x68\x69\x6c"
  "\x65\x20\x28\x5f\x5f\x75\x5f\x66\x6d\x74\x5b\x5f\x5f\x75\x5f\x69\x5d\x20\x3d\x3d"
  "\x20\x34\x35\x20\x7c\x20\x5f\x5f\x75\x5f\x66\x6d\x74\x5b\x5f\x5f\x75\x5f\x69\x5d"
  "\x20\x3d\x3d\x20\x34\x38\x20\x7c\x20\x5f\x5f\x75\x5f\x66\x6d\x74\x5b\x5f\x5f\x75"
  "\x5f\x69\x5d\x20\x3d\x3d\x20\x34\x33\x20\x7c\x20\x5f\x5f\x75\x5f\x66\x6d\x74\x5b"
  "\x5f\x5f\x75\x5f\x69\x5d\x20\x3d\x3d\x20\x33\x32\x0a\x20\x20\x20\x20\x20\x20\x20"
  "\x20\x20\x20\x20\x20\x20\x20\x20\x7c\x20\x5f\x5f\x75\x5f\x66\x6d\x74\x5b\x5f\x5f"
  "\x75\x5f\x69\x5d\x20\x3d\x3d\x20\x33\x35\x29\x20\x7b\x0a\x20\x20\x20\x20\x20\x20"
  "\x20\x20\x20\x20\x20\x20\x69\x66\x20\x28\x5f\x5f\x75\x5f\x66\x6d\x74\x5b\x5f\x5f"
  "\x75\x5f\x69\x5d\x20\x3d\x3d\x20\x34\x35\x29\x20\x5f\x5f\x75\x5f\x6c\x65\x66\x74"
  "\x20\x3d\x20\x31\x3b\x0a\x20\x20\x20\x20\x20\x20\x20\x20\x20\x20\x20\x20\x69\x66"
  "\x20\x28\x5f\x5f\x75\x5f\x66\x6d\x74\x5b\x5f\x5f\x75\x5f\x69\x5d\x20\x3d\x3d\x20"
  "\x34\x38\x29\x20\x5f\x5f\x75\x5f\x7a\x65\x72\x6f\x20\x3d\x20\x31\x3b\x0a\x20\x20"
  "\x20\x20\x20\x20\x20\x20\x20\x20\x20\x20\x69\x66\x20\x28\x5f\x5f\x75\x5f\x66\x6d"
  "\x74\x5b\x5f\x5f\x75\x5f\x69\x5d\x20\x3d\x3d\x20\x34\x33\x29\x20\x5f\x5f\x75\x5f"
  "\x70\x6c\x75\x73\x20\x3d\x20\x31\x3b\x0a\x20\x20\x20\x20\x20\x20\x20\x20\x20\x20"
  "\x20\x20\x69\x66\x20\x28\x5f\x5f\x75\x5f\x66\x6d\x74\x5b\x5f\x5f\x75\x5f\x69\x5d"
  "\x20\x3d\x3d\x20\x33\x32\x29\x20\x5f\x5f\x75\x5f\x73\x70\x61\x63\x65\x20\x3d\x20"
  "\x31\x3b\x0a\x20\x20\x20\x20\x20\x20\x20\x20\x20\x20\x20\x20\x69\x66\x20\x28\x5f"
  "\x5f\x75\x5f\x66\x6d\x74\x5b\x5f\x5f\x75\x5f\x69\x5d\x20\x3d\x3d\x20\x33\x35\x29"
  "\x20\x5f\x5f\x75\x5f\x61\x6c\x74\x20\x3d\x20\x31\x3b\x0a\x20\x20\x20\x20\x20\x20"
  "\x20\x20\x20\x20\x20\x20\x5f\x5f\x75\x5f\x69\x20\x3d\x20\x5f\x5f\x75\x5f\x69\x20"
  "\x2b\x20\x31\x3b\x0a\x20\x20\x20\x20\x20\x20\x20\x20\x7d\x0a\x20\x20\x20\x20\x20"
  "\x20\x20\x20\x69\x66\x20\x28\x5f\x5f\x75\x5f\x66\x6d\x74\x5b\x5f\x5f\x75\x5f\x69"
  "\x5d\x20\x3d\x3d\x20\x34\x32\x29\x20\x7b\x20\x5f\x5f\x75\x5f\x77\x69\x64\x74\x68"
  "\x20\x3d\x20\x76\x61\x5f\x61\x72\x67\x28\x5f\x5f\x75\x5f\x61\x70\x2c\x20\x69\x6e"
  "\x74\x29\x3b\x20\x5f\x5f\x75\x5f\x69\x20\x3d\x20\x5f\x5f\x75\x5f\x69\x20\x2b\x20"
  "\x31\x3b\x20\x20\x20\x20\x20\x2f\x2a\x20\x60\x2a\x60\x20\x2a\x2f\x0a\x20\x20\x20"
  "\x20\x20\x20\x20\x20\x20\x20\x20\x20\x69\x66\x20\x28\x5f\x5f\x75\x5f\x77\x69\x64"
  "\x74\x68\x20\x3c\x20\x30\x29\x20\x7b\x20\x5f\x5f\x75\x5f\x6c\x65\x66\x74\x20\x3d"
  "\x20\x31\x3b\x20\x5f\x5f\x75\x5f\x77\x69\x64\x74\x68\x20\x3d\x20\x30\x20\x2d\x20"
  "\x5f\x5f\x75\x5f\x77\x69\x64\x74\x68\x3b\x20\x7d\x20\x7d\x0a\x20\x20\x20\x20\x20"
  "\x20\x20\x20\x77\x68\x69\x6c\x65\x20\x28\x5f\x5f\x75\x5f\x66\x6d\x74\x5b\x5f\x5f"
  "\x75\x5f\x69\x5d\x20\x3e\x3d\x20\x34\x38\x29\x20\x7b\x20\x69\x66\x20\x28\x5f\x5f"
  "\x75\x5f\x66\x6d\x74\x5b\x5f\x5f\x75\x5f\x69\x5d\x20\x3e\x20\x35\x37\x29\x20\x62"
  "\x72\x65\x61\x6b\x3b\x0a\x20\x20\x20\x20\x20\x20\x20\x20\x20\x20\x20\x20\x5f\x5f"
  "\x75\x5f\x77\x69\x64\x74\x68\x20\x3d\x20\x5f\x5f\x75\x5f\x77\x69\x64\x74\x68\x20"
  "\x2a\x20\x31\x30\x20\x2b\x20\x28\x5f\x5f\x75\x5f\x66\x6d\x74\x5b\x5f\x5f\x75\x5f"
  "\x69\x5d\x20\x2d\x20\x34\x38\x29\x3b\x20\x5f\x5f\x75\x5f\x69\x20\x3d\x20\x5f\x5f"
  "\x75\x5f\x69\x20\x2b\x20\x31\x3b\x20\x7d\x0a\x20\x20\x20\x20\x20\x20\x20\x20\x69"
  "\x66\x20\x28\x5f\x5f\x75\x5f\x66\x6d\x74\x5b\x5f\x5f\x75\x5f\x69\x5d\x20\x3d\x3d"
  "\x20\x34\x36\x29\x20\x7b\x0a\x20\x20\x20\x20\x20\x20\x20\x20\x20\x20\x20\x20\x5f"
  "\x5f\x75\x5f\x69\x20\x3d\x20\x5f\x5f\x75\x5f\x69\x20\x2b\x20\x31\x3b\x20\x5f\x5f"
  "\x75\x5f\x70\x72\x65\x63\x20\x3d\x20\x30\x3b\x0a\x20\x20\x20\x20\x20\x20\x20\x20"
  "\x20\x20\x20\x20\x69\x66\x20\x28\x5f\x5f\x75\x5f\x66\x6d\x74\x5b\x5f\x5f\x75\x5f"
  "\x69\x5d\x20\x3d\x3d\x20\x34\x32\x29\x20\x7b\x20\x5f\x5f\x75\x5f\x70\x72\x65\x63"
  "\x20\x3d\x20\x76\x61\x5f\x61\x72\x67\x28\x5f\x5f\x75\x5f\x61\x70\x2c\x20\x69\x6e"
  "\x74\x29\x3b\x20\x5f\x5f\x75\x5f\x69\x20\x3d\x20\x5f\x5f\x75\x5f\x69\x20\x2b\x20"
  "\x31\x3b\x0a\x20\x20\x20\x20\x20\x20\x20\x20\x20\x20\x20\x20\x20\x20\x20\x20\x69"
  "\x66\x20\x28\x5f\x5f\x75\x5f\x70\x72\x65\x63\x20\x3c\x20\x30\x29\x20\x5f\x5f\x75"
  "\x5f\x70\x72\x65\x63\x20\x3d\x20\x30\x20\x2d\x20\x31\x3b\x20\x7d\x0a\x20\x20\x20"
  "\x20\x20\x20\x20\x20\x20\x20\x20\x20\x77\x68\x69\x6c\x65\x20\x28\x5f\x5f\x75\x5f"
  "\x66\x6d\x74\x5b\x5f\x5f\x75\x5f\x69\x5d\x20\x3e\x3d\x20\x34\x38\x29\x20\x7b\x20"
  "\x69\x66\x20\x28\x5f\x5f\x75\x5f\x66\x6d\x74\x5b\x5f\x5f\x75\x5f\x69\x5d\x20\x3e"
  "\x20\x35\x37\x29\x20\x62\x72\x65\x61\x6b\x3b\x0a\x20\x20\x20\x20\x20\x20\x20\x20"
  "\x20\x20\x20\x20\x20\x20\x20\x20\x5f\x5f\x75\x5f\x70\x72\x65\x63\x20\x3d\x20\x5f"
  "\x5f\x75\x5f\x70\x72\x65\x63\x20\x2a\x20\x31\x30\x20\x2b\x20\x28\x5f\x5f\x75\x5f"
  "\x66\x6d\x74\x5b\x5f\x5f\x75\x5f\x69\x5d\x20\x2d\x20\x34\x38\x29\x3b\x20\x5f\x5f"
  "\x75\x5f\x69\x20\x3d\x20\x5f\x5f\x75\x5f\x69\x20\x2b\x20\x31\x3b\x20\x7d\x0a\x20"
  "\x20\x20\x20\x20\x20\x20\x20\x7d\x0a\x20\x20\x20\x20\x20\x20\x20\x20\x5f\x5f\x75"
  "\x5f\x6c\x6e\x67\x20\x3d\x20\x30\x3b\x20\x5f\x5f\x75\x5f\x68\x68\x20\x3d\x20\x30"
  "\x3b\x0a\x20\x20\x20\x20\x20\x20\x20\x20\x77\x68\x69\x6c\x65\x20\x28\x5f\x5f\x75"
  "\x5f\x66\x6d\x74\x5b\x5f\x5f\x75\x5f\x69\x5d\x20\x3d\x3d\x20\x31\x30\x34\x20\x7c"
  "\x20\x5f\x5f\x75\x5f\x66\x6d\x74\x5b\x5f\x5f\x75\x5f\x69\x5d\x20\x3d\x3d\x20\x31"
  "\x30\x38\x20\x7c\x20\x5f\x5f\x75\x5f\x66\x6d\x74\x5b\x5f\x5f\x75\x5f\x69\x5d\x20"
  "\x3d\x3d\x20\x31\x32\x32\x20\x7c\x20\x5f\x5f\x75\x5f\x66\x6d\x74\x5b\x5f\x5f\x75"
  "\x5f\x69\x5d\x20\x3d\x3d\x20\x31\x30\x36\x0a\x20\x20\x20\x20\x20\x20\x20\x20\x20"
  "\x20\x20\x20\x20\x20\x20\x7c\x20\x5f\x5f\x75\x5f\x66\x6d\x74\x5b\x5f\x5f\x75\x5f"
  "\x69\x5d\x20\x3d\x3d\x20\x31\x31\x36\x20\x7c\x20\x5f\x5f\x75\x5f\x66\x6d\x74\x5b"
  "\x5f\x5f\x75\x5f\x69\x5d\x20\x3d\x3d\x20\x37\x36\x29\x20\x7b\x0a\x20\x20\x20\x20"
  "\x20\x20\x20\x20\x20\x20\x20\x20\x69\x66\x20\x28\x5f\x5f\x75\x5f\x66\x6d\x74\x5b"
  "\x5f\x5f\x75\x5f\x69\x5d\x20\x3d\x3d\x20\x31\x30\x34\x29\x20\x5f\x5f\x75\x5f\x68"
  "\x68\x20\x3d\x20\x5f\x5f\x75\x5f\x68\x68\x20\x2b\x20\x31\x3b\x20\x20\x20\x2f\x2a"
  "\x20\x68\x2c\x20\x68\x68\x3a\x20\x6e\x61\x72\x72\x6f\x77\x20\x2a\x2f\x0a\x20\x20"
  "\x20\x20\x20\x20\x20\x20\x20\x20\x20\x20\x65\x6c\x73\x65\x20\x5f\x5f\x75\x5f\x6c"
  "\x6e\x67\x20\x3d\x20\x31\x3b\x20\x20\x20\x20\x20\x20\x20\x20\x20\x20\x20\x20\x20"
  "\x20\x20\x20\x20\x20\x20\x20\x20\x20\x20\x20\x20\x20\x20\x20\x20\x20\x20\x20\x2f"
  "\x2a\x20\x6c\x2c\x20\x7a\x2c\x20\x6a\x2c\x20\x74\x2c\x20\x4c\x20\x61\x72\x65\x20"
  "\x36\x34\x2d\x62\x69\x74\x20\x2a\x2f\x0a\x20\x20\x20\x20\x20\x20\x20\x20\x20\x20"
  "\x20\x20\x5f\x5f\x75\x5f\x69\x20\x3d\x20\x5f\x5f\x75\x5f\x69\x20\x2b\x20\x31\x3b"
  "\x0a\x20\x20\x20\x20\x20\x20\x20\x20\x7d\x0a\x20\x20\x20\x20\x20\x20\x20\x20\x5f"
  "\x5f\x75\x5f\x63\x20\x3d\x20\x5f\x5f\x75\x5f\x66\x6d\x74\x5b\x5f\x5f\x75\x5f\x69"
  "\x5d\x3b\x0a\x20\x20\x20\x20\x20\x20\x20\x20\x5f\x5f\x75\x5f\x69\x20\x3d\x20\x5f"
  "\x5f\x75\x5f\x69\x20\x2b\x20\x31\x3b\x0a\x20\x20\x20\x20\x20\x20\x20\x20\x69\x66"
  "\x20\x28\x5f\x5f\x75\x5f\x63\x20\x3d\x3d\x20\x33\x37\x29\x20\x7b\x20\x5f\x75\x5f"
  "\x70\x75\x74\x28\x5f\x5f\x75\x5f\x6f\x75\x74\x2c\x20\x5f\x5f\x75\x5f\x63\x61\x70"
  "\x2c\x20\x26\x5f\x5f\x75\x5f\x6e\x2c\x20\x5f\x5f\x75\x5f\x66\x2c\x20\x33\x37\x29"
  "\x3b\x20\x63\x6f\x6e\x74\x69\x6e\x75\x65\x3b\x20\x7d\x0a\x20\x20\x20\x20\x20\x20"
  "\x20\x20\x5f\x5f\x75\x5f\x73\x70\x20\x3d\x20\x4e\x55\x4c\x4c\x3b\x20\x5f\x5f\x75"
  "\x5f\x73\x69\x67\x6e\x20\x3d\x20\x30\x3b\x20\x5f\x5f\x75\x5f\x62\x61\x73\x65\x20"
  "\x3d\x20\x31\x30\x3b\x20\x5f\x5f\x75\x5f\x75\x70\x70\x65\x72\x20\x3d\x20\x30\x3b"
  "\x20\x5f\x5f\x75\x5f\x6e\x65\x67\x20\x3d\x20\x30\x3b\x0a\x20\x20\x20\x20\x20\x20"
  "\x20\x20\x69\x66\x20\x28\x5f\x5f\x75\x5f\x63\x20\x3d\x3d\x20\x31\x30\x32\x20\x7c"
  "\x20\x5f\x5f\x75\x5f\x63\x20\x3d\x3d\x20\x37\x30\x20\x7c\x20\x5f\x5f\x75\x5f\x63"
  "\x20\x3d\x3d\x20\x31\x30\x31\x20\x7c\x20\x5f\x5f\x75\x5f\x63\x20\x3d\x3d\x20\x36"
  "\x39\x20\x7c\x20\x5f\x5f\x75\x5f\x63\x20\x3d\x3d\x20\x31\x30\x33\x20\x7c\x20\x5f"
  "\x5f\x75\x5f\x63\x20\x3d\x3d\x20\x37\x31\x29\x20\x7b\x0a\x20\x20\x20\x20\x20\x20"
  "\x20\x20\x20\x20\x20\x20\x2f\x2a\x20\x25\x66\x20\x25\x65\x20\x25\x67\x3a\x20\x61"
  "\x20\x64\x6f\x75\x62\x6c\x65\x20\x2d\x2d\x20\x61\x20\x66\x6c\x6f\x61\x74\x20\x61"
  "\x72\x67\x75\x6d\x65\x6e\x74\x20\x77\x61\x73\x20\x70\x72\x6f\x6d\x6f\x74\x65\x64"
  "\x20\x74\x6f\x20\x6f\x6e\x65\x20\x2a\x2f\x0a\x20\x20\x20\x20\x20\x20\x20\x20\x20"
  "\x20\x20\x20\x64\x6f\x75\x62\x6c\x65\x20\x5f\x5f\x75\x5f\x64\x76\x3b\x0a\x20\x20"
  "\x20\x20\x20\x20\x20\x20\x20\x20\x20\x20\x75\x6e\x73\x69\x67\x6e\x65\x64\x20\x6c"
  "\x6f\x6e\x67\x20\x5f\x5f\x75\x5f\x62\x69\x74\x73\x3b\x0a\x20\x20\x20\x20\x20\x20"
  "\x20\x20\x20\x20\x20\x20\x5f\x5f\x75\x5f\x64\x76\x20\x3d\x20\x76\x61\x5f\x61\x72"
  "\x67\x28\x5f\x5f\x75\x5f\x61\x70\x2c\x20\x64\x6f\x75\x62\x6c\x65\x29\x3b\x0a\x20"
  "\x20\x20\x20\x20\x20\x20\x20\x20\x20\x20\x20\x5f\x5f\x75\x5f\x62\x69\x74\x73\x20"
  "\x3d\x20\x2a\x28\x75\x6e\x73\x69\x67\x6e\x65\x64\x20\x6c\x6f\x6e\x67\x20\x2a\x29"
  "\x26\x5f\x5f\x75\x5f\x64\x76\x3b\x0a\x20\x20\x20\x20\x20\x20\x20\x20\x20\x20\x20"
  "\x20\x5f\x5f\x75\x5f\x6e\x65\x67\x20\x3d\x20\x28\x5f\x5f\x75\x5f\x62\x69\x74\x73"
  "\x20\x3e\x3e\x20\x36\x33\x29\x20\x26\x20\x31\x3b\x0a\x20\x20\x20\x20\x20\x20\x20"
  "\x20\x20\x20\x20\x20\x5f\x5f\x75\x5f\x6c\x65\x6e\x20\x3d\x20\x5f\x75\x5f\x66\x66"
  "\x6d\x74\x28\x5f\x5f\x75\x5f\x66\x62\x75\x66\x20\x2b\x20\x31\x2c\x20\x5f\x5f\x75"
  "\x5f\x62\x69\x74\x73\x2c\x20\x5f\x5f\x75\x5f\x63\x2c\x20\x5f\x5f\x75\x5f\x70\x72"
  "\x65\x63\x2c\x20\x5f\x5f\x75\x5f\x61\x6c\x74\x29\x3b\x0a\x20\x20\x20\x20\x20\x20"
  "\x20\x20\x20\x20\x20\x20\x5f\x5f\x75\x5f\x73\x74\x61\x72\x74\x20\x3d\x20\x31\x3b"
  "\x20\x5f\x5f\x75\x5f\x73\x70\x20\x3d\x20\x5f\x5f\x75\x5f\x66\x62\x75\x66\x3b\x0a"
  "\x20\x20\x20\x20\x20\x20\x20\x20\x20\x20\x20\x20\x69\x66\x20\x28\x28\x28\x5f\x5f"
  "\x75\x5f\x62\x69\x74\x73\x20\x3e\x3e\x20\x35\x32\x29\x20\x26\x20\x32\x30\x34\x37"
  "\x29\x20\x3d\x3d\x20\x32\x30\x34\x37\x29\x20\x5f\x5f\x75\x5f\x7a\x65\x72\x6f\x20"
  "\x3d\x20\x30\x3b\x20\x20\x20\x2f\x2a\x20\x69\x6e\x66\x2c\x20\x6e\x61\x6e\x20\x70"
  "\x61\x64\x20\x77\x69\x74\x68\x20\x73\x70\x61\x63\x65\x73\x20\x2a\x2f\x0a\x20\x20"
  "\x20\x20\x20\x20\x20\x20\x20\x20\x20\x20\x5f\x5f\x75\x5f\x73\x69\x67\x6e\x20\x3d"
  "\x20\x5f\x5f\x75\x5f\x6e\x65\x67\x3b\x0a\x20\x20\x20\x20\x20\x20\x20\x20\x7d\x20"
  "\x65\x6c\x73\x65\x20\x7b\x0a\x20\x20\x20\x20\x20\x20\x20\x20\x69\x66\x20\x28\x5f"
  "\x5f\x75\x5f\x63\x20\x3d\x3d\x20\x31\x31\x35\x29\x20\x7b\x0a\x20\x20\x20\x20\x20"
  "\x20\x20\x20\x20\x20\x20\x20\x5f\x5f\x75\x5f\x73\x70\x20\x3d\x20\x76\x61\x5f\x61"
  "\x72\x67\x28\x5f\x5f\x75\x5f\x61\x70\x2c\x20\x63\x68\x61\x72\x20\x2a\x29\x3b\x0a"
  "\x20\x20\x20\x20\x20\x20\x20\x20\x20\x20\x20\x20\x69\x66\x20\x28\x5f\x5f\x75\x5f"
  "\x73\x70\x20\x3d\x3d\x20\x4e\x55\x4c\x4c\x29\x20\x5f\x5f\x75\x5f\x73\x70\x20\x3d"
  "\x20\x22\x28\x6e\x75\x6c\x6c\x29\x22\x3b\x0a\x20\x20\x20\x20\x20\x20\x20\x20\x20"
  "\x20\x20\x20\x5f\x5f\x75\x5f\x6c\x65\x6e\x20\x3d\x20\x5f\x75\x6e\x69\x73\x61\x5f"
  "\x6c\x65\x6e\x28\x5f\x5f\x75\x5f\x73\x70\x29\x3b\x0a\x20\x20\x20\x20\x20\x20\x20"
  "\x20\x20\x20\x20\x20\x69\x66\x20\x28\x5f\x5f\x75\x5f\x70\x72\x65\x63\x20\x3e\x3d"
  "\x20\x30\x29\x20\x7b\x20\x69\x66\x20\x28\x5f\x5f\x75\x5f\x70\x72\x65\x63\x20\x3c"
  "\x20\x5f\x5f\x75\x5f\x6c\x65\x6e\x29\x20\x5f\x5f\x75\x5f\x6c\x65\x6e\x20\x3d\x20"
  "\x5f\x5f\x75\x5f\x70\x72\x65\x63\x3b\x20\x7d\x0a\x20\x20\x20\x20\x20\x20\x20\x20"
  "\x20\x20\x20\x20\x5f\x5f\x75\x5f\x73\x74\x61\x72\x74\x20\x3d\x20\x30\x3b\x0a\x20"
  "\x20\x20\x20\x20\x20\x20\x20\x7d\x20\x65\x6c\x73\x65\x20\x7b\x0a\x20\x20\x20\x20"
  "\x20\x20\x20\x20\x20\x20\x20\x20\x69\x66\x20\x28\x5f\x5f\x75\x5f\x63\x20\x3d\x3d"
  "\x20\x39\x39\x29\x20\x7b\x0a\x20\x20\x20\x20\x20\x20\x20\x20\x20\x20\x20\x20\x20"
  "\x20\x20\x20\x5f\x5f\x75\x5f\x62\x75\x66\x5b\x32\x33\x5d\x20\x3d\x20\x76\x61\x5f"
  "\x61\x72\x67\x28\x5f\x5f\x75\x5f\x61\x70\x2c\x20\x69\x6e\x74\x29\x3b\x0a\x20\x20"
  "\x20\x20\x20\x20\x20\x20\x20\x20\x20\x20\x20\x20\x20\x20\x5f\x5f\x75\x5f\x73\x74"
  "\x61\x72\x74\x20\x3d\x20\x32\x33\x3b\x20\x5f\x5f\x75\x5f\x6c\x65\x6e\x20\x3d\x20"
  "\x31\x3b\x20\x5f\x5f\x75\x5f\x73\x70\x20\x3d\x20\x5f\x5f\x75\x5f\x62\x75\x66\x3b"
  "\x0a\x20\x20\x20\x20\x20\x20\x20\x20\x20\x20\x20\x20\x7d\x20\x65\x6c\x73\x65\x20"
  "\x7b\x0a\x20\x20\x20\x20\x20\x20\x20\x20\x20\x20\x20\x20\x20\x20\x20\x20\x69\x66"
  "\x20\x28\x5f\x5f\x75\x5f\x63\x20\x3d\x3d\x20\x31\x30\x30\x20\x7c\x20\x5f\x5f\x75"
  "\x5f\x63\x20\x3d\x3d\x20\x31\x30\x35\x29\x20\x7b\x0a\x20\x20\x20\x20\x20\x20\x20"
  "\x20\x20\x20\x20\x20\x20\x20\x20\x20\x20\x20\x20\x20\x5f\x5f\x75\x5f\x73\x76\x20"
  "\x3d\x20\x76\x61\x5f\x61\x72\x67\x28\x5f\x5f\x75\x5f\x61\x70\x2c\x20\x6c\x6f\x6e"
  "\x67\x29\x3b\x0a\x20\x20\x20\x20\x20\x20\x20\x20\x20\x20\x20\x20\x20\x20\x20\x20"
  "\x20\x20\x20\x20\x2f\x2a\x20\x43\x39\x39\x20\x37\x2e\x31\x39\x2e\x36\x2e\x31\x70"
  "\x37\x3a\x20\x68\x68\x20\x63\x6f\x6e\x76\x65\x72\x74\x73\x20\x74\x6f\x20\x73\x69"
  "\x67\x6e\x65\x64\x2f\x75\x6e\x73\x69\x67\x6e\x65\x64\x20\x63\x68\x61\x72\x20\x61"
  "\x6e\x64\x20\x68\x0a\x20\x20\x20\x20\x20\x20\x20\x20\x20\x20\x20\x20\x20\x20\x20"
  "\x20\x20\x20\x20\x20\x20\x20\x20\x74\x6f\x20\x73\x68\x6f\x72\x74\x2c\x20\x42\x45"
  "\x46\x4f\x52\x45\x20\x74\x68\x65\x20\x76\x61\x6c\x75\x65\x20\x69\x73\x20\x70\x72"
  "\x69\x6e\x74\x65\x64\x20\x2d\x2d\x20\x60\x25\x68\x68\x64\x60\x20\x6f\x66\x20\x33"
  "\x30\x30\x20\x69\x73\x0a\x20\x20\x20\x20\x20\x20\x20\x20\x20\x20\x20\x20\x20\x20"
  "\x20\x20\x20\x20\x20\x20\x20\x20\x20\x34\x34\x2c\x20\x61\x6e\x64\x20\x67\x6f\x69"
  "\x6e\x67\x20\x74\x68\x72\x6f\x75\x67\x68\x20\x61\x20\x63\x68\x61\x72\x20\x6b\x65"
  "\x65\x70\x73\x20\x74\x68\x65\x20\x73\x69\x67\x6e\x20\x28\x60\x25\x68\x68\x64\x60"
  "\x20\x6f\x66\x20\x32\x30\x30\x0a\x20\x20\x20\x20\x20\x20\x20\x20\x20\x20\x20\x20"
  "\x20\x20\x20\x20\x20\x20\x20\x20\x20\x20\x20\x69\x73\x20\x2d\x35\x36\x29\x2e\x20"
  "\x20\x4f\x6e\x6c\x79\x20\x74\x68\x65\x20\x33\x32\x2d\x62\x69\x74\x20\x6e\x61\x72"
  "\x72\x6f\x77\x69\x6e\x67\x20\x77\x61\x73\x20\x64\x6f\x6e\x65\x2c\x20\x73\x6f\x20"
  "\x33\x30\x30\x20\x61\x6e\x64\x0a\x20\x20\x20\x20\x20\x20\x20\x20\x20\x20\x20\x20"
  "\x20\x20\x20\x20\x20\x20\x20\x20\x20\x20\x20\x37\x30\x30\x30\x30\x20\x70\x72\x69"
  "\x6e\x74\x65\x64\x20\x77\x68\x6f\x6c\x65\x2e\x20\x2a\x2f\x0a\x20\x20\x20\x20\x20"
  "\x20\x20\x20\x20\x20\x20\x20\x20\x20\x20\x20\x20\x20\x20\x20\x69\x66\x20\x28\x5f"
  "\x5f\x75\x5f\x68\x68\x20\x3d\x3d\x20\x32\x29\x20\x7b\x20\x5f\x5f\x75\x5f\x73\x76"
  "\x20\x3d\x20\x28\x73\x69\x67\x6e\x65\x64\x20\x63\x68\x61\x72\x29\x5f\x5f\x75\x5f"
  "\x73\x76\x3b\x20\x7d\x0a\x20\x20\x20\x20\x20\x20\x20\x20\x20\x20\x20\x20\x20\x20"
  "\x20\x20\x20\x20\x20\x20\x65\x6c\x73\x65\x20\x7b\x20\x69\x66\x20\x28\x5f\x5f\x75"
  "\x5f\x68\x68\x20\x3d\x3d\x20\x31\x29\x20\x7b\x20\x5f\x5f\x75\x5f\x73\x76\x20\x3d"
  "\x20\x28\x73\x68\x6f\x72\x74\x29\x5f\x5f\x75\x5f\x73\x76\x3b\x20\x7d\x0a\x20\x20"
  "\x20\x20\x20\x20\x20\x20\x20\x20\x20\x20\x20\x20\x20\x20\x20\x20\x20\x20\x20\x20"
  "\x20\x20\x20\x20\x20\x65\x6c\x73\x65\x20\x7b\x20\x69\x66\x20\x28\x5f\x5f\x75\x5f"
  "\x6c\x6e\x67\x20\x3d\x3d\x20\x30\x29\x20\x5f\x5f\x75\x5f\x73\x76\x20\x3d\x20\x28"
  "\x69\x6e\x74\x29\x5f\x5f\x75\x5f\x73\x76\x3b\x20\x7d\x20\x7d\x0a\x20\x20\x20\x20"
  "\x20\x20\x20\x20\x20\x20\x20\x20\x20\x20\x20\x20\x20\x20\x20\x20\x69\x66\x20\x28"
  "\x5f\x5f\x75\x5f\x73\x76\x20\x3c\x20\x30\x29\x20\x7b\x20\x5f\x5f\x75\x5f\x73\x69"
  "\x67\x6e\x20\x3d\x20\x31\x3b\x20\x5f\x5f\x75\x5f\x75\x76\x20\x3d\x20\x30\x20\x2d"
  "\x20\x5f\x5f\x75\x5f\x73\x76\x3b\x20\x7d\x20\x65\x6c\x73\x65\x20\x5f\x5f\x75\x5f"
  "\x75\x76\x20\x3d\x20\x5f\x5f\x75\x5f\x73\x76\x3b\x0a\x20\x20\x20\x20\x20\x20\x20"
  "\x20\x20\x20\x20\x20\x20\x20\x20\x20\x20\x20\x20\x20\x5f\x5f\x75\x5f\x6e\x65\x67"
  "\x20\x3d\x20\x5f\x5f\x75\x5f\x73\x69\x67\x6e\x3b\x0a\x20\x20\x20\x20\x20\x20\x20"
  "\x20\x20\x20\x20\x20\x20\x20\x20\x20\x7d\x20\x65\x6c\x73\x65\x20\x7b\x0a\x20\x20"
  "\x20\x20\x20\x20\x20\x20\x20\x20\x20\x20\x20\x20\x20\x20\x20\x20\x20\x20\x69\x66"
  "\x20\x28\x5f\x5f\x75\x5f\x63\x20\x3d\x3d\x20\x31\x32\x30\x29\x20\x7b\x20\x5f\x5f"
  "\x75\x5f\x62\x61\x73\x65\x20\x3d\x20\x31\x36\x3b\x20\x7d\x0a\x20\x20\x20\x20\x20"
  "\x20\x20\x20\x20\x20\x20\x20\x20\x20\x20\x20\x20\x20\x20\x20\x69\x66\x20\x28\x5f"
  "\x5f\x75\x5f\x63\x20\x3d\x3d\x20\x38\x38\x29\x20\x7b\x20\x5f\x5f\x75\x5f\x62\x61"
  "\x73\x65\x20\x3d\x20\x31\x36\x3b\x20\x5f\x5f\x75\x5f\x75\x70\x70\x65\x72\x20\x3d"
  "\x20\x31\x3b\x20\x7d\x0a\x20\x20\x20\x20\x20\x20\x20\x20\x20\x20\x20\x20\x20\x20"
  "\x20\x20\x20\x20\x20\x20\x69\x66\x20\x28\x5f\x5f\x75\x5f\x63\x20\x3d\x3d\x20\x31"
  "\x31\x31\x29\x20\x7b\x20\x5f\x5f\x75\x5f\x62\x61\x73\x65\x20\x3d\x20\x38\x3b\x20"
  "\x7d\x0a\x20\x20\x20\x20\x20\x20\x20\x20\x20\x20\x20\x20\x20\x20\x20\x20\x20\x20"
  "\x20\x20\x69\x66\x20\x28\x5f\x5f\x75\x5f\x63\x20\x3d\x3d\x20\x31\x31\x32\x29\x20"
  "\x7b\x20\x5f\x5f\x75\x5f\x62\x61\x73\x65\x20\x3d\x20\x31\x36\x3b\x20\x7d\x0a\x20"
  "\x20\x20\x20\x20\x20\x20\x20\x20\x20\x20\x20\x20\x20\x20\x20\x20\x20\x20\x20\x5f"
  "\x5f\x75\x5f\x75\x76\x20\x3d\x20\x76\x61\x5f\x61\x72\x67\x28\x5f\x5f\x75\x5f\x61"
  "\x70\x2c\x20\x75\x6e\x73\x69\x67\x6e\x65\x64\x20\x6c\x6f\x6e\x67\x29\x3b\x0a\x20"
  "\x20\x20\x20\x20\x20\x20\x20\x20\x20\x20\x20\x20\x20\x20\x20\x20\x20\x20\x20\x69"
  "\x66\x20\x28\x5f\x5f\x75\x5f\x68\x68\x20\x3d\x3d\x20\x32\x29\x20\x5f\x5f\x75\x5f"
  "\x75\x76\x20\x3d\x20\x5f\x5f\x75\x5f\x75\x76\x20\x26\x20\x32\x35\x35\x3b\x20\x20"
  "\x20\x20\x20\x20\x20\x2f\x2a\x20\x25\x68\x68\x75\x2c\x20\x25\x68\x68\x78\x20\x2a"
  "\x2f\x0a\x20\x20\x20\x20\x20\x20\x20\x20\x20\x20\x20\x20\x20\x20\x20\x20\x20\x20"
  "\x20\x20\x65\x6c\x73\x65\x20\x7b\x20\x69\x66\x20\x28\x5f\x5f\x75\x5f\x68\x68\x20"
  "\x3d\x3d\x20\x31\x29\x20\x5f\x5f\x75\x5f\x75\x76\x20\x3d\x20\x5f\x5f\x75\x5f\x75"
  "\x76\x20\x26\x20\x36\x35\x35\x33\x35\x3b\x20\x20\x20\x2f\x2a\x20\x25\x68\x75\x2c"
  "\x20\x25\x68\x78\x20\x2a\x2f\x0a\x20\x20\x20\x20\x20\x20\x20\x20\x20\x20\x20\x20"
  "\x20\x20\x20\x20\x20\x20\x20\x20\x20\x20\x20\x20\x20\x20\x20\x65\x6c\x73\x65\x20"
  "\x7b\x20\x69\x66\x20\x28\x5f\x5f\x75\x5f\x6c\x6e\x67\x20\x3d\x3d\x20\x30\x29\x20"
  "\x7b\x0a\x20\x20\x20\x20\x20\x20\x20\x20\x20\x20\x20\x20\x20\x20\x20\x20\x20\x20"
  "\x20\x20\x20\x20\x20\x20\x20\x20\x20\x20\x20\x20\x20\x69\x66\x20\x28\x5f\x5f\x75"
  "\x5f\x63\x20\x3d\x3d\x20\x31\x31\x37\x20\x7c\x20\x5f\x5f\x75\x5f\x63\x20\x3d\x3d"
  "\x20\x31\x32\x30\x20\x7c\x20\x5f\x5f\x75\x5f\x63\x20\x3d\x3d\x20\x38\x38\x20\x7c"
  "\x20\x5f\x5f\x75\x5f\x63\x20\x3d\x3d\x20\x31\x31\x31\x29\x0a\x20\x20\x20\x20\x20"
  "\x20\x20\x20\x20\x20\x20\x20\x20\x20\x20\x20\x20\x20\x20\x20\x20\x20\x20\x20\x20"
  "\x20\x20\x20\x20\x20\x20\x20\x20\x20\x20\x5f\x5f\x75\x5f\x75\x76\x20\x3d\x20\x5f"
  "\x5f\x75\x5f\x75\x76\x20\x26\x20\x34\x32\x39\x34\x39\x36\x37\x32\x39\x35\x3b\x0a"
  "\x20\x20\x20\x20\x20\x20\x20\x20\x20\x20\x20\x20\x20\x20\x20\x20\x20\x20\x20\x20"
  "\x20\x20\x20\x20\x20\x20\x20\x7d\x20\x7d\x20\x7d\x0a\x20\x20\x20\x20\x20\x20\x20"
  "\x20\x20\x20\x20\x20\x20\x20\x20\x20\x7d\x0a\x20\x20\x20\x20\x20\x20\x20\x20\x20"
  "\x20\x20\x20\x20\x20\x20\x20\x5f\x5f\x75\x5f\x73\x74\x61\x72\x74\x20\x3d\x20\x5f"
  "\x75\x5f\x64\x69\x67\x69\x74\x73\x28\x5f\x5f\x75\x5f\x62\x75\x66\x2c\x20\x5f\x5f"
  "\x75\x5f\x75\x76\x2c\x20\x5f\x5f\x75\x5f\x62\x61\x73\x65\x2c\x20\x5f\x5f\x75\x5f"
  "\x75\x70\x70\x65\x72\x29\x3b\x0a\x20\x20\x20\x20\x20\x20\x20\x20\x20\x20\x20\x20"
  "\x20\x20\x20\x20\x5f\x5f\x75\x5f\x6c\x65\x6e\x20\x3d\x20\x32\x34\x20\x2d\x20\x5f"
  "\x5f\x75\x5f\x73\x74\x61\x72\x74\x3b\x0a\x20\x20\x20\x20\x20\x20\x20\x20\x20\x20"
  "\x20\x20\x20\x20\x20\x20\x2f\x2a\x20\x25\x70\x3a\x20\x30\x78\x20\x61\x6e\x64\x20"
  "\x74\x68\x65\x20\x68\x65\x78\x20\x64\x69\x67\x69\x74\x73\x2c\x20\x61\x73\x20\x62"
  "\x6f\x74\x68\x20\x68\x6f\x73\x74\x20\x43\x20\x6c\x69\x62\x72\x61\x72\x69\x65\x73"
  "\x20\x70\x72\x69\x6e\x74\x20\x69\x74\x20\x28\x37\x2e\x31\x39\x2e\x36\x2e\x31\x70"
  "\x38\x0a\x20\x20\x20\x20\x20\x20\x20\x20\x20\x20\x20\x20\x20\x20\x20\x20\x20\x20"
  "\x20\x6c\x65\x61\x76\x65\x73\x20\x74\x68\x65\x20\x66\x6f\x72\x6d\x20\x69\x6d\x70"
  "\x6c\x65\x6d\x65\x6e\x74\x61\x74\x69\x6f\x6e\x2d\x64\x65\x66\x69\x6e\x65\x64\x29"
  "\x20\x2a\x2f\x0a\x20\x20\x20\x20\x20\x20\x20\x20\x20\x20\x20\x20\x20\x20\x20\x20"
  "\x69\x66\x20\x28\x5f\x5f\x75\x5f\x63\x20\x3d\x3d\x20\x31\x31\x32\x29\x20\x7b\x20"
  "\x5f\x5f\x75\x5f\x73\x74\x61\x72\x74\x20\x3d\x20\x5f\x5f\x75\x5f\x73\x74\x61\x72"
  "\x74\x20\x2d\x20\x32\x3b\x20\x5f\x5f\x75\x5f\x62\x75\x66\x5b\x5f\x5f\x75\x5f\x73"
  "\x74\x61\x72\x74\x5d\x20\x3d\x20\x34\x38\x3b\x0a\x20\x20\x20\x20\x20\x20\x20\x20"
  "\x20\x20\x20\x20\x20\x20\x20\x20\x20\x20\x20\x20\x20\x20\x20\x20\x20\x20\x20\x20"
  "\x20\x20\x20\x20\x20\x20\x20\x20\x5f\x5f\x75\x5f\x62\x75\x66\x5b\x5f\x5f\x75\x5f"
  "\x73\x74\x61\x72\x74\x20\x2b\x20\x31\x5d\x20\x3d\x20\x31\x32\x30\x3b\x20\x5f\x5f"
  "\x75\x5f\x6c\x65\x6e\x20\x3d\x20\x5f\x5f\x75\x5f\x6c\x65\x6e\x20\x2b\x20\x32\x3b"
  "\x20\x7d\x0a\x20\x20\x20\x20\x20\x20\x20\x20\x20\x20\x20\x20\x20\x20\x20\x20\x2f"
  "\x2a\x20\x43\x39\x39\x20\x37\x2e\x31\x39\x2e\x36\x2e\x31\x70\x36\x20\x2d\x2d\x20"
  "\x74\x68\x65\x20\x60\x23\x60\x20\x66\x6c\x61\x67\x3a\x20\x25\x23\x78\x20\x2f\x20"
  "\x25\x23\x58\x20\x67\x65\x74\x20\x30\x78\x20\x2f\x20\x30\x58\x2c\x20\x25\x23\x6f"
  "\x20\x67\x65\x74\x73\x20\x61\x0a\x20\x20\x20\x20\x20\x20\x20\x20\x20\x20\x20\x20"
  "\x20\x20\x20\x20\x20\x20\x20\x6c\x65\x61\x64\x69\x6e\x67\x20\x30\x2e\x20\x20\x54"
  "\x68\x65\x20\x66\x6c\x61\x67\x20\x77\x61\x73\x20\x70\x61\x72\x73\x65\x64\x20\x28"
  "\x5f\x5f\x75\x5f\x61\x6c\x74\x29\x20\x61\x6e\x64\x20\x70\x61\x73\x73\x65\x64\x20"
  "\x74\x6f\x20\x74\x68\x65\x20\x46\x4c\x4f\x41\x54\x0a\x20\x20\x20\x20\x20\x20\x20"
  "\x20\x20\x20\x20\x20\x20\x20\x20\x20\x20\x20\x20\x66\x6f\x72\x6d\x61\x74\x74\x65"
  "\x72\x2c\x20\x62\x75\x74\x20\x74\x68\x65\x20\x69\x6e\x74\x65\x67\x65\x72\x20\x70"
  "\x61\x74\x68\x20\x6e\x65\x76\x65\x72\x20\x6c\x6f\x6f\x6b\x65\x64\x20\x61\x74\x20"
  "\x69\x74\x2c\x20\x73\x6f\x20\x60\x25\x23\x78\x60\x20\x6f\x66\x0a\x20\x20\x20\x20"
  "\x20\x20\x20\x20\x20\x20\x20\x20\x20\x20\x20\x20\x20\x20\x20\x32\x35\x35\x20\x70"
  "\x72\x69\x6e\x74\x65\x64\x20\x60\x66\x66\x60\x2e\x20\x20\x46\x6f\x72\x20\x25\x23"
  "\x6f\x20\x61\x20\x73\x69\x6e\x67\x6c\x65\x20\x6c\x65\x61\x64\x69\x6e\x67\x20\x7a"
  "\x65\x72\x6f\x20\x69\x73\x20\x65\x6e\x6f\x75\x67\x68\x20\x65\x76\x65\x6e\x0a\x20"
  "\x20\x20\x20\x20\x20\x20\x20\x20\x20\x20\x20\x20\x20\x20\x20\x20\x20\x20\x77\x68"
  "\x65\x6e\x20\x74\x68\x65\x20\x64\x69\x67\x69\x74\x73\x20\x61\x6c\x72\x65\x61\x64"
  "\x79\x20\x73\x74\x61\x72\x74\x20\x77\x69\x74\x68\x20\x6f\x6e\x65\x20\x28\x60\x25"
  "\x23\x6f\x60\x20\x6f\x66\x20\x38\x20\x69\x73\x20\x22\x30\x31\x30\x22\x2c\x20\x6e"
  "\x6f\x74\x0a\x20\x20\x20\x20\x20\x20\x20\x20\x20\x20\x20\x20\x20\x20\x20\x20\x20"
  "\x20\x20\x22\x30\x30\x31\x30\x22\x29\x2e\x20\x20\x41\x20\x76\x61\x6c\x75\x65\x20"
  "\x6f\x66\x20\x30\x20\x67\x65\x74\x73\x20\x6e\x6f\x20\x70\x72\x65\x66\x69\x78\x20"
  "\x66\x6f\x72\x20\x78\x2f\x58\x20\x28\x37\x2e\x31\x39\x2e\x36\x2e\x31\x70\x36\x20"
  "\x73\x61\x79\x73\x0a\x20\x20\x20\x20\x20\x20\x20\x20\x20\x20\x20\x20\x20\x20\x20"
  "\x20\x20\x20\x20\x74\x68\x65\x20\x72\x65\x73\x75\x6c\x74\x20\x69\x73\x20\x22\x30"
  "\x22\x20\x65\x69\x74\x68\x65\x72\x20\x77\x61\x79\x29\x2e\x20\x2a\x2f\x0a\x20\x20"
  "\x20\x20\x20\x20\x20\x20\x20\x20\x20\x20\x20\x20\x20\x20\x69\x66\x20\x28\x5f\x5f"
  "\x75\x5f\x61\x6c\x74\x29\x20\x7b\x0a\x20\x20\x20\x20\x20\x20\x20\x20\x20\x20\x20"
  "\x20\x20\x20\x20\x20\x20\x20\x20\x20\x69\x66\x20\x28\x5f\x5f\x75\x5f\x63\x20\x3d"
  "\x3d\x20\x31\x31\x31\x29\x20\x7b\x0a\x20\x20\x20\x20\x20\x20\x20\x20\x20\x20\x20"
  "\x20\x20\x20\x20\x20\x20\x20\x20\x20\x20\x20\x20\x20\x69\x66\x20\x28\x5f\x5f\x75"
  "\x5f\x62\x75\x66\x5b\x5f\x5f\x75\x5f\x73\x74\x61\x72\x74\x5d\x20\x21\x3d\x20\x34"
  "\x38\x29\x20\x7b\x0a\x20\x20\x20\x20\x20\x20\x20\x20\x20\x20\x20\x20\x20\x20\x20"
  "\x20\x20\x20\x20\x20\x20\x20\x20\x20\x20\x20\x20\x20\x5f\x5f\x75\x5f\x73\x74\x61"
  "\x72\x74\x20\x3d\x20\x5f\x5f\x75\x5f\x73\x74\x61\x72\x74\x20\x2d\x20\x31\x3b\x20"
  "\x5f\x5f\x75\x5f\x62\x75\x66\x5b\x5f\x5f\x75\x5f\x73\x74\x61\x72\x74\x5d\x20\x3d"
  "\x20\x34\x38\x3b\x20\x5f\x5f\x75\x5f\x6c\x65\x6e\x20\x3d\x20\x5f\x5f\x75\x5f\x6c"
  "\x65\x6e\x20\x2b\x20\x31\x3b\x20\x7d\x20\x7d\x0a\x20\x20\x20\x20\x20\x20\x20\x20"
  "\x20\x20\x20\x20\x20\x20\x20\x20\x20\x20\x20\x20\x65\x6c\x73\x65\x20\x7b\x20\x69"
  "\x66\x20\x28\x28\x5f\x5f\x75\x5f\x63\x20\x3d\x3d\x20\x31\x32\x30\x20\x7c\x20\x5f"
  "\x5f\x75\x5f\x63\x20\x3d\x3d\x20\x38\x38\x29\x20\x26\x26\x20\x5f\x5f\x75\x5f\x75"
  "\x76\x20\x21\x3d\x20\x30\x29\x20\x7b\x0a\x20\x20\x20\x20\x20\x20\x20\x20\x20\x20"
  "\x20\x20\x20\x20\x20\x20\x20\x20\x20\x20\x20\x20\x20\x20\x5f\x5f\x75\x5f\x73\x74"
  "\x61\x72\x74\x20\x3d\x20\x5f\x5f\x75\x5f\x73\x74\x61\x72\x74\x20\x2d\x20\x32\x3b"
  "\x0a\x20\x20\x20\x20\x20\x20\x20\x20\x20\x20\x20\x20\x20\x20\x20\x20\x20\x20\x20"
  "\x20\x20\x20\x20\x20\x5f\x5f\x75\x5f\x62\x75\x66\x5b\x5f\x5f\x75\x5f\x73\x74\x61"
  "\x72\x74\x5d\x20\x3d\x20\x34\x38\x3b\x0a\x20\x20\x20\x20\x20\x20\x20\x20\x20\x20"
  "\x20\x20\x20\x20\x20\x20\x20\x20\x20\x20\x20\x20\x20\x20\x5f\x5f\x75\x5f\x62\x75"
  "\x66\x5b\x5f\x5f\x75\x5f\x73\x74\x61\x72\x74\x20\x2b\x20\x31\x5d\x20\x3d\x20\x5f"
  "\x5f\x75\x5f\x63\x20\x3d\x3d\x20\x38\x38\x20\x3f\x20\x38\x38\x20\x3a\x20\x31\x32"
  "\x30\x3b\x0a\x20\x20\x20\x20\x20\x20\x20\x20\x20\x20\x20\x20\x20\x20\x20\x20\x20"
  "\x20\x20\x20\x20\x20\x20\x20\x5f\x5f\x75\x5f\x6c\x65\x6e\x20\x3d\x20\x5f\x5f\x75"
  "\x5f\x6c\x65\x6e\x20\x2b\x20\x32\x3b\x20\x7d\x20\x7d\x0a\x20\x20\x20\x20\x20\x20"
  "\x20\x20\x20\x20\x20\x20\x20\x20\x20\x20\x7d\x0a\x20\x20\x20\x20\x20\x20\x20\x20"
  "\x20\x20\x20\x20\x20\x20\x20\x20\x2f\x2a\x20\x43\x39\x39\x20\x37\x2e\x31\x39\x2e"
  "\x36\x2e\x31\x70\x35\x3a\x20\x61\x6e\x20\x69\x6e\x74\x65\x67\x65\x72\x27\x73\x20"
  "\x70\x72\x65\x63\x69\x73\x69\x6f\x6e\x20\x69\x73\x20\x74\x68\x65\x20\x4d\x49\x4e"
  "\x49\x4d\x55\x4d\x0a\x20\x20\x20\x20\x20\x20\x20\x20\x20\x20\x20\x20\x20\x20\x20"
  "\x20\x20\x20\x20\x6e\x75\x6d\x62\x65\x72\x20\x6f\x66\x20\x64\x69\x67\x69\x74\x73"
  "\x20\x2d\x2d\x20\x60\x25\x2e\x32\x78\x60\x20\x6f\x66\x20\x30\x20\x69\x73\x20\x22"
  "\x30\x30\x22\x2e\x20\x20\x5a\x65\x72\x6f\x73\x20\x67\x6f\x20\x69\x6e\x0a\x20\x20"
  "\x20\x20\x20\x20\x20\x20\x20\x20\x20\x20\x20\x20\x20\x20\x20\x20\x20\x62\x65\x66"
  "\x6f\x72\x65\x20\x74\x68\x65\x20\x73\x69\x67\x6e\x20\x64\x6f\x65\x73\x2e\x20\x2a"
  "\x2f\x0a\x20\x20\x20\x20\x20\x20\x20\x20\x20\x20\x20\x20\x20\x20\x20\x20\x77\x68"
  "\x69\x6c\x65\x20\x28\x5f\x5f\x75\x5f\x6c\x65\x6e\x20\x3c\x20\x5f\x5f\x75\x5f\x70"
  "\x72\x65\x63\x29\x20\x7b\x0a\x20\x20\x20\x20\x20\x20\x20\x20\x20\x20\x20\x20\x20"
  "\x20\x20\x20\x20\x20\x20\x20\x69\x66\x20\x28\x5f\x5f\x75\x5f\x73\x74\x61\x72\x74"
  "\x20\x3c\x3d\x20\x31\x29\x20\x62\x72\x65\x61\x6b\x3b\x0a\x20\x20\x20\x20\x20\x20"
  "\x20\x20\x20\x20\x20\x20\x20\x20\x20\x20\x20\x20\x20\x20\x5f\x5f\x75\x5f\x73\x74"
  "\x61\x72\x74\x20\x3d\x20\x5f\x5f\x75\x5f\x73\x74\x61\x72\x74\x20\x2d\x20\x31\x3b"
  "\x20\x5f\x5f\x75\x5f\x62\x75\x66\x5b\x5f\x5f\x75\x5f\x73\x74\x61\x72\x74\x5d\x20"
  "\x3d\x20\x34\x38\x3b\x20\x5f\x5f\x75\x5f\x6c\x65\x6e\x20\x3d\x20\x5f\x5f\x75\x5f"
  "\x6c\x65\x6e\x20\x2b\x20\x31\x3b\x0a\x20\x20\x20\x20\x20\x20\x20\x20\x20\x20\x20"
  "\x20\x20\x20\x20\x20\x7d\x0a\x20\x20\x20\x20\x20\x20\x20\x20\x20\x20\x20\x20\x20"
  "\x20\x20\x20\x5f\x5f\x75\x5f\x73\x70\x20\x3d\x20\x5f\x5f\x75\x5f\x62\x75\x66\x3b"
  "\x0a\x20\x20\x20\x20\x20\x20\x20\x20\x20\x20\x20\x20\x20\x20\x20\x20\x69\x66\x20"
  "\x28\x5f\x5f\x75\x5f\x70\x72\x65\x63\x20\x3e\x3d\x20\x30\x29\x20\x5f\x5f\x75\x5f"
  "\x7a\x65\x72\x6f\x20\x3d\x20\x30\x3b\x20\x20\x20\x20\x20\x20\x20\x20\x20\x20\x2f"
  "\x2a\x20\x37\x2e\x31\x39\x2e\x36\x2e\x31\x70\x36\x3a\x20\x30\x20\x69\x67\x6e\x6f"
  "\x72\x65\x64\x20\x2a\x2f\x0a\x20\x20\x20\x20\x20\x20\x20\x20\x20\x20\x20\x20\x7d"
  "\x0a\x20\x20\x20\x20\x20\x20\x20\x20\x7d\x0a\x20\x20\x20\x20\x20\x20\x20\x20\x7d"
  "\x0a\x20\x20\x20\x20\x20\x20\x20\x20\x2f\x2a\x20\x74\x68\x65\x20\x73\x69\x67\x6e"
  "\x20\x63\x68\x61\x72\x61\x63\x74\x65\x72\x3a\x20\x27\x2d\x27\x2c\x20\x6f\x72\x20"
  "\x27\x2b\x27\x20\x2f\x20\x27\x20\x27\x20\x77\x68\x65\x6e\x20\x61\x73\x6b\x65\x64"
  "\x20\x66\x6f\x72\x20\x28\x73\x69\x67\x6e\x65\x64\x0a\x20\x20\x20\x20\x20\x20\x20"
  "\x20\x20\x20\x20\x63\x6f\x6e\x76\x65\x72\x73\x69\x6f\x6e\x73\x20\x6f\x6e\x6c\x79"
  "\x29\x2e\x20\x20\x57\x69\x74\x68\x20\x27\x30\x27\x20\x74\x68\x65\x20\x7a\x65\x72"
  "\x6f\x73\x20\x67\x6f\x20\x41\x46\x54\x45\x52\x20\x69\x74\x3a\x20\x2d\x30\x30\x34"
  "\x32\x20\x2a\x2f\x0a\x20\x20\x20\x20\x20\x20\x20\x20\x7b\x20\x20\x20\x69\x6e\x74"
  "\x20\x5f\x5f\x75\x5f\x73\x63\x3b\x0a\x20\x20\x20\x20\x20\x20\x20\x20\x20\x20\x20"
  "\x20\x5f\x5f\x75\x5f\x73\x63\x20\x3d\x20\x30\x3b\x0a\x20\x20\x20\x20\x20\x20\x20"
  "\x20\x20\x20\x20\x20\x69\x66\x20\x28\x5f\x5f\x75\x5f\x63\x20\x3d\x3d\x20\x31\x30"
  "\x30\x20\x7c\x20\x5f\x5f\x75\x5f\x63\x20\x3d\x3d\x20\x31\x30\x35\x20\x7c\x20\x5f"
  "\x5f\x75\x5f\x63\x20\x3d\x3d\x20\x31\x30\x32\x20\x7c\x20\x5f\x5f\x75\x5f\x63\x20"
  "\x3d\x3d\x20\x37\x30\x20\x7c\x20\x5f\x5f\x75\x5f\x63\x20\x3d\x3d\x20\x31\x30\x31"
  "\x20\x7c\x20\x5f\x5f\x75\x5f\x63\x20\x3d\x3d\x20\x36\x39\x0a\x20\x20\x20\x20\x20"
  "\x20\x20\x20\x20\x20\x20\x20\x20\x20\x20\x20\x7c\x20\x5f\x5f\x75\x5f\x63\x20\x3d"
  "\x3d\x20\x31\x30\x33\x20\x7c\x20\x5f\x5f\x75\x5f\x63\x20\x3d\x3d\x20\x37\x31\x29"
  "\x20\x7b\x0a\x20\x20\x20\x20\x20\x20\x20\x20\x20\x20\x20\x20\x20\x20\x20\x20\x69"
  "\x66\x20\x28\x5f\x5f\x75\x5f\x73\x69\x67\x6e\x29\x20\x5f\x5f\x75\x5f\x73\x63\x20"
  "\x3d\x20\x34\x35\x3b\x20\x65\x6c\x73\x65\x20\x7b\x20\x69\x66\x20\x28\x5f\x5f\x75"
  "\x5f\x70\x6c\x75\x73\x29\x20\x5f\x5f\x75\x5f\x73\x63\x20\x3d\x20\x34\x33\x3b\x20"
  "\x65\x6c\x73\x65\x20\x7b\x20\x69\x66\x20\x28\x5f\x5f\x75\x5f\x73\x70\x61\x63\x65"
  "\x29\x20\x5f\x5f\x75\x5f\x73\x63\x20\x3d\x20\x33\x32\x3b\x20\x7d\x20\x7d\x0a\x20"
  "\x20\x20\x20\x20\x20\x20\x20\x20\x20\x20\x20\x7d\x0a\x20\x20\x20\x20\x20\x20\x20"
  "\x20\x20\x20\x20\x20\x5f\x5f\x75\x5f\x6b\x20\x3d\x20\x5f\x5f\x75\x5f\x77\x69\x64"
  "\x74\x68\x20\x2d\x20\x5f\x5f\x75\x5f\x6c\x65\x6e\x3b\x0a\x20\x20\x20\x20\x20\x20"
  "\x20\x20\x20\x20\x20\x20\x69\x66\x20\x28\x5f\x5f\x75\x5f\x73\x63\x29\x20\x5f\x5f"
  "\x75\x5f\x6b\x20\x3d\x20\x5f\x5f\x75\x5f\x6b\x20\x2d\x20\x31\x3b\x0a\x20\x20\x20"
  "\x20\x20\x20\x20\x20\x20\x20\x20\x20\x69\x66\x20\x28\x5f\x5f\x75\x5f\x6c\x65\x66"
  "\x74\x20\x3d\x3d\x20\x30\x29\x20\x7b\x20\x69\x66\x20\x28\x5f\x5f\x75\x5f\x7a\x65"
  "\x72\x6f\x20\x3d\x3d\x20\x30\x29\x20\x7b\x0a\x20\x20\x20\x20\x20\x20\x20\x20\x20"
  "\x20\x20\x20\x20\x20\x20\x20\x77\x68\x69\x6c\x65\x20\x28\x5f\x5f\x75\x5f\x6b\x20"
  "\x3e\x20\x30\x29\x20\x7b\x20\x5f\x75\x5f\x70\x75\x74\x28\x5f\x5f\x75\x5f\x6f\x75"
  "\x74\x2c\x20\x5f\x5f\x75\x5f\x63\x61\x70\x2c\x20\x26\x5f\x5f\x75\x5f\x6e\x2c\x20"
  "\x5f\x5f\x75\x5f\x66\x2c\x20\x33\x32\x29\x3b\x20\x5f\x5f\x75\x5f\x6b\x20\x3d\x20"
  "\x5f\x5f\x75\x5f\x6b\x20\x2d\x20\x31\x3b\x20\x7d\x20\x7d\x20\x7d\x0a\x20\x20\x20"
  "\x20\x20\x20\x20\x20\x20\x20\x20\x20\x69\x66\x20\x28\x5f\x5f\x75\x5f\x73\x63\x29"
  "\x20\x5f\x75\x5f\x70\x75\x74\x28\x5f\x5f\x75\x5f\x6f\x75\x74\x2c\x20\x5f\x5f\x75"
  "\x5f\x63\x61\x70\x2c\x20\x26\x5f\x5f\x75\x5f\x6e\x2c\x20\x5f\x5f\x75\x5f\x66\x2c"
  "\x20\x5f\x5f\x75\x5f\x73\x63\x29\x3b\x0a\x20\x20\x20\x20\x20\x20\x20\x20\x20\x20"
  "\x20\x20\x69\x66\x20\x28\x5f\x5f\x75\x5f\x6c\x65\x66\x74\x20\x3d\x3d\x20\x30\x29"
  "\x20\x7b\x20\x69\x66\x20\x28\x5f\x5f\x75\x5f\x7a\x65\x72\x6f\x29\x20\x7b\x0a\x20"
  "\x20\x20\x20\x20\x20\x20\x20\x20\x20\x20\x20\x20\x20\x20\x20\x77\x68\x69\x6c\x65"
  "\x20\x28\x5f\x5f\x75\x5f\x6b\x20\x3e\x20\x30\x29\x20\x7b\x20\x5f\x75\x5f\x70\x75"
  "\x74\x28\x5f\x5f\x75\x5f\x6f\x75\x74\x2c\x20\x5f\x5f\x75\x5f\x63\x61\x70\x2c\x20"
  "\x26\x5f\x5f\x75\x5f\x6e\x2c\x20\x5f\x5f\x75\x5f\x66\x2c\x20\x34\x38\x29\x3b\x20"
  "\x5f\x5f\x75\x5f\x6b\x20\x3d\x20\x5f\x5f\x75\x5f\x6b\x20\x2d\x20\x31\x3b\x20\x7d"
  "\x20\x7d\x20\x7d\x0a\x20\x20\x20\x20\x20\x20\x20\x20\x20\x20\x20\x20\x5f\x5f\x75"
  "\x5f\x6a\x20\x3d\x20\x30\x3b\x0a\x20\x20\x20\x20\x20\x20\x20\x20\x20\x20\x20\x20"
  "\x77\x68\x69\x6c\x65\x20\x28\x5f\x5f\x75\x5f\x6a\x20\x3c\x20\x5f\x5f\x75\x5f\x6c"
  "\x65\x6e\x29\x20\x7b\x20\x5f\x75\x5f\x70\x75\x74\x28\x5f\x5f\x75\x5f\x6f\x75\x74"
  "\x2c\x20\x5f\x5f\x75\x5f\x63\x61\x70\x2c\x20\x26\x5f\x5f\x75\x5f\x6e\x2c\x20\x5f"
  "\x5f\x75\x5f\x66\x2c\x20\x5f\x5f\x75\x5f\x73\x70\x5b\x5f\x5f\x75\x5f\x73\x74\x61"
  "\x72\x74\x20\x2b\x20\x5f\x5f\x75\x5f\x6a\x5d\x20\x26\x20\x32\x35\x35\x29\x3b\x20"
  "\x5f\x5f\x75\x5f\x6a\x20\x3d\x20\x5f\x5f\x75\x5f\x6a\x20\x2b\x20\x31\x3b\x20\x7d"
  "\x0a\x20\x20\x20\x20\x20\x20\x20\x20\x20\x20\x20\x20\x69\x66\x20\x28\x5f\x5f\x75"
  "\x5f\x6c\x65\x66\x74\x29\x20\x7b\x20\x77\x68\x69\x6c\x65\x20\x28\x5f\x5f\x75\x5f"
  "\x6b\x20\x3e\x20\x30\x29\x20\x7b\x20\x5f\x75\x5f\x70\x75\x74\x28\x5f\x5f\x75\x5f"
  "\x6f\x75\x74\x2c\x20\x5f\x5f\x75\x5f\x63\x61\x70\x2c\x20\x26\x5f\x5f\x75\x5f\x6e"
  "\x2c\x20\x5f\x5f\x75\x5f\x66\x2c\x20\x33\x32\x29\x3b\x20\x5f\x5f\x75\x5f\x6b\x20"
  "\x3d\x20\x5f\x5f\x75\x5f\x6b\x20\x2d\x20\x31\x3b\x20\x7d\x20\x7d\x0a\x20\x20\x20"
  "\x20\x20\x20\x20\x20\x7d\x0a\x20\x20\x20\x20\x7d\x0a\x20\x20\x20\x20\x69\x66\x20"
  "\x28\x5f\x5f\x75\x5f\x6f\x75\x74\x20\x21\x3d\x20\x4e\x55\x4c\x4c\x29\x20\x7b\x20"
  "\x69\x66\x20\x28\x5f\x5f\x75\x5f\x63\x61\x70\x20\x21\x3d\x20\x30\x29\x20\x7b\x0a"
  "\x20\x20\x20\x20\x20\x20\x20\x20\x69\x66\x20\x28\x5f\x5f\x75\x5f\x63\x61\x70\x20"
  "\x3c\x20\x30\x29\x20\x5f\x5f\x75\x5f\x6f\x75\x74\x5b\x5f\x5f\x75\x5f\x6e\x5d\x20"
  "\x3d\x20\x30\x3b\x20\x65\x6c\x73\x65\x20\x7b\x20\x69\x66\x20\x28\x5f\x5f\x75\x5f"
  "\x6e\x20\x3c\x20\x5f\x5f\x75\x5f\x63\x61\x70\x29\x20\x5f\x5f\x75\x5f\x6f\x75\x74"
  "\x5b\x5f\x5f\x75\x5f\x6e\x5d\x20\x3d\x20\x30\x3b\x0a\x20\x20\x20\x20\x20\x20\x20"
  "\x20\x20\x20\x20\x20\x20\x20\x20\x20\x20\x20\x20\x20\x20\x20\x20\x20\x20\x20\x20"
  "\x20\x20\x20\x20\x20\x20\x20\x20\x20\x20\x20\x20\x20\x65\x6c\x73\x65\x20\x5f\x5f"
  "\x75\x5f\x6f\x75\x74\x5b\x5f\x5f\x75\x5f\x63\x61\x70\x20\x2d\x20\x31\x5d\x20\x3d"
  "\x20\x30\x3b\x20\x7d\x20\x7d\x20\x7d\x0a\x20\x20\x20\x20\x72\x65\x74\x75\x72\x6e"
  "\x20\x28\x69\x6e\x74\x29\x5f\x5f\x75\x5f\x6e\x3b\x0a\x7d\x0a\x23\x65\x6e\x64\x69"
  "\x66\x0a\x0a\x23\x69\x66\x20\x21\x5f\x5f\x55\x4e\x49\x53\x41\x5f\x46\x54\x52\x49"
  "\x4d\x5f\x4c\x49\x42\x43\x20\x7c\x7c\x20\x5f\x5f\x55\x4e\x5f\x76\x73\x70\x72\x69"
  "\x6e\x74\x66\x0a\x73\x74\x61\x74\x69\x63\x20\x69\x6e\x74\x20\x76\x73\x70\x72\x69"
  "\x6e\x74\x66\x28\x63\x68\x61\x72\x20\x2a\x5f\x5f\x75\x5f\x62\x2c\x20\x63\x6f\x6e"
  "\x73\x74\x20\x63\x68\x61\x72\x20\x2a\x5f\x5f\x75\x5f\x66\x6d\x74\x2c\x20\x76\x61"
  "\x5f\x6c\x69\x73\x74\x20\x5f\x5f\x75\x5f\x61\x70\x29\x20\x7b\x0a\x20\x20\x20\x20"
  "\x72\x65\x74\x75\x72\x6e\x20\x5f\x75\x5f\x76\x66\x6d\x74\x28\x5f\x5f\x75\x5f\x62"
  "\x2c\x20\x30\x20\x2d\x20\x31\x2c\x20\x4e\x55\x4c\x4c\x2c\x20\x5f\x5f\x75\x5f\x66"
  "\x6d\x74\x2c\x20\x5f\x5f\x75\x5f\x61\x70\x29\x3b\x0a\x7d\x0a\x23\x65\x6e\x64\x69"
  "\x66\x0a\x23\x69\x66\x20\x21\x5f\x5f\x55\x4e\x49\x53\x41\x5f\x46\x54\x52\x49\x4d"
  "\x5f\x4c\x49\x42\x43\x20\x7c\x7c\x20\x5f\x5f\x55\x4e\x5f\x76\x73\x6e\x70\x72\x69"
  "\x6e\x74\x66\x0a\x73\x74\x61\x74\x69\x63\x20\x69\x6e\x74\x20\x76\x73\x6e\x70\x72"
  "\x69\x6e\x74\x66\x28\x63\x68\x61\x72\x20\x2a\x5f\x5f\x75\x5f\x62\x2c\x20\x6c\x6f"
  "\x6e\x67\x20\x5f\x5f\x75\x5f\x63\x61\x70\x2c\x20\x63\x6f\x6e\x73\x74\x20\x63\x68"
  "\x61\x72\x20\x2a\x5f\x5f\x75\x5f\x66\x6d\x74\x2c\x20\x76\x61\x5f\x6c\x69\x73\x74"
  "\x20\x5f\x5f\x75\x5f\x61\x70\x29\x20\x7b\x0a\x20\x20\x20\x20\x72\x65\x74\x75\x72"
  "\x6e\x20\x5f\x75\x5f\x76\x66\x6d\x74\x28\x5f\x5f\x75\x5f\x62\x2c\x20\x5f\x5f\x75"
  "\x5f\x63\x61\x70\x2c\x20\x4e\x55\x4c\x4c\x2c\x20\x5f\x5f\x75\x5f\x66\x6d\x74\x2c"
  "\x20\x5f\x5f\x75\x5f\x61\x70\x29\x3b\x0a\x7d\x0a\x23\x65\x6e\x64\x69\x66\x0a\x23"
  "\x69\x66\x20\x21\x5f\x5f\x55\x4e\x49\x53\x41\x5f\x46\x54\x52\x49\x4d\x5f\x4c\x49"
  "\x42\x43\x20\x7c\x7c\x20\x5f\x5f\x55\x4e\x5f\x76\x66\x70\x72\x69\x6e\x74\x66\x0a"
  "\x73\x74\x61\x74\x69\x63\x20\x69\x6e\x74\x20\x76\x66\x70\x72\x69\x6e\x74\x66\x28"
  "\x46\x49\x4c\x45\x20\x2a\x5f\x5f\x75\x5f\x66\x2c\x20\x63\x6f\x6e\x73\x74\x20\x63"
  "\x68\x61\x72\x20\x2a\x5f\x5f\x75\x5f\x66\x6d\x74\x2c\x20\x76\x61\x5f\x6c\x69\x73"
  "\x74\x20\x5f\x5f\x75\x5f\x61\x70\x29\x20\x7b\x0a\x20\x20\x20\x20\x72\x65\x74\x75"
  "\x72\x6e\x20\x5f\x75\x5f\x76\x66\x6d\x74\x28\x4e\x55\x4c\x4c\x2c\x20\x30\x2c\x20"
  "\x5f\x5f\x75\x5f\x66\x2c\x20\x5f\x5f\x75\x5f\x66\x6d\x74\x2c\x20\x5f\x5f\x75\x5f"
  "\x61\x70\x29\x3b\x0a\x7d\x0a\x23\x65\x6e\x64\x69\x66\x0a\x23\x69\x66\x20\x21\x5f"
  "\x5f\x55\x4e\x49\x53\x41\x5f\x46\x54\x52\x49\x4d\x5f\x4c\x49\x42\x43\x20\x7c\x7c"
  "\x20\x5f\x5f\x55\x4e\x5f\x73\x70\x72\x69\x6e\x74\x66\x0a\x73\x74\x61\x74\x69\x63"
  "\x20\x69\x6e\x74\x20\x73\x70\x72\x69\x6e\x74\x66\x28\x63\x68\x61\x72\x20\x2a\x5f"
  "\x5f\x75\x5f\x62\x2c\x20\x63\x6f\x6e\x73\x74\x20\x63\x68\x61\x72\x20\x2a\x5f\x5f"
  "\x75\x5f\x66\x6d\x74\x2c\x20\x2e\x2e\x2e\x29\x20\x7b\x0a\x20\x20\x20\x20\x76\x61"
  "\x5f\x6c\x69\x73\x74\x20\x5f\x5f\x75\x5f\x61\x70\x3b\x20\x69\x6e\x74\x20\x5f\x5f"
  "\x75\x5f\x72\x3b\x0a\x20\x20\x20\x20\x76\x61\x5f\x73\x74\x61\x72\x74\x28\x5f\x5f"
  "\x75\x5f\x61\x70\x2c\x20\x5f\x5f\x75\x5f\x66\x6d\x74\x29\x3b\x0a\x20\x20\x20\x20"
  "\x5f\x5f\x75\x5f\x72\x20\x3d\x20\x5f\x75\x5f\x76\x66\x6d\x74\x28\x5f\x5f\x75\x5f"
  "\x62\x2c\x20\x30\x20\x2d\x20\x31\x2c\x20\x4e\x55\x4c\x4c\x2c\x20\x5f\x5f\x75\x5f"
  "\x66\x6d\x74\x2c\x20\x5f\x5f\x75\x5f\x61\x70\x29\x3b\x0a\x20\x20\x20\x20\x76\x61"
  "\x5f\x65\x6e\x64\x28\x5f\x5f\x75\x5f\x61\x70\x29\x3b\x0a\x20\x20\x20\x20\x72\x65"
  "\x74\x75\x72\x6e\x20\x5f\x5f\x75\x5f\x72\x3b\x0a\x7d\x0a\x23\x65\x6e\x64\x69\x66"
  "\x0a\x23\x69\x66\x20\x21\x5f\x5f\x55\x4e\x49\x53\x41\x5f\x46\x54\x52\x49\x4d\x5f"
  "\x4c\x49\x42\x43\x20\x7c\x7c\x20\x5f\x5f\x55\x4e\x5f\x73\x6e\x70\x72\x69\x6e\x74"
  "\x66\x0a\x73\x74\x61\x74\x69\x63\x20\x69\x6e\x74\x20\x73\x6e\x70\x72\x69\x6e\x74"
  "\x66\x28\x63\x68\x61\x72\x20\x2a\x5f\x5f\x75\x5f\x62\x2c\x20\x6c\x6f\x6e\x67\x20"
  "\x5f\x5f\x75\x5f\x63\x61\x70\x2c\x20\x63\x6f\x6e\x73\x74\x20\x63\x68\x61\x72\x20"
  "\x2a\x5f\x5f\x75\x5f\x66\x6d\x74\x2c\x20\x2e\x2e\x2e\x29\x20\x7b\x0a\x20\x20\x20"
  "\x20\x76\x61\x5f\x6c\x69\x73\x74\x20\x5f\x5f\x75\x5f\x61\x70\x3b\x20\x69\x6e\x74"
  "\x20\x5f\x5f\x75\x5f\x72\x3b\x0a\x20\x20\x20\x20\x76\x61\x5f\x73\x74\x61\x72\x74"
  "\x28\x5f\x5f\x75\x5f\x61\x70\x2c\x20\x5f\x5f\x75\x5f\x66\x6d\x74\x29\x3b\x0a\x20"
  "\x20\x20\x20\x5f\x5f\x75\x5f\x72\x20\x3d\x20\x5f\x75\x5f\x76\x66\x6d\x74\x28\x5f"
  "\x5f\x75\x5f\x62\x2c\x20\x5f\x5f\x75\x5f\x63\x61\x70\x2c\x20\x4e\x55\x4c\x4c\x2c"
  "\x20\x5f\x5f\x75\x5f\x66\x6d\x74\x2c\x20\x5f\x5f\x75\x5f\x61\x70\x29\x3b\x0a\x20"
  "\x20\x20\x20\x76\x61\x5f\x65\x6e\x64\x28\x5f\x5f\x75\x5f\x61\x70\x29\x3b\x0a\x20"
  "\x20\x20\x20\x72\x65\x74\x75\x72\x6e\x20\x5f\x5f\x75\x5f\x72\x3b\x0a\x7d\x0a\x23"
  "\x65\x6e\x64\x69\x66\x0a\x23\x69\x66\x20\x21\x5f\x5f\x55\x4e\x49\x53\x41\x5f\x46"
  "\x54\x52\x49\x4d\x5f\x4c\x49\x42\x43\x20\x7c\x7c\x20\x5f\x5f\x55\x4e\x5f\x66\x70"
  "\x72\x69\x6e\x74\x66\x0a\x73\x74\x61\x74\x69\x63\x20\x69\x6e\x74\x20\x66\x70\x72"
  "\x69\x6e\x74\x66\x28\x46\x49\x4c\x45\x20\x2a\x5f\x5f\x75\x5f\x66\x2c\x20\x63\x6f"
  "\x6e\x73\x74\x20\x63\x68\x61\x72\x20\x2a\x5f\x5f\x75\x5f\x66\x6d\x74\x2c\x20\x2e"
  "\x2e\x2e\x29\x20\x7b\x0a\x20\x20\x20\x20\x76\x61\x5f\x6c\x69\x73\x74\x20\x5f\x5f"
  "\x75\x5f\x61\x70\x3b\x20\x69\x6e\x74\x20\x5f\x5f\x75\x5f\x72\x3b\x0a\x20\x20\x20"
  "\x20\x76\x61\x5f\x73\x74\x61\x72\x74\x28\x5f\x5f\x75\x5f\x61\x70\x2c\x20\x5f\x5f"
  "\x75\x5f\x66\x6d\x74\x29\x3b\x0a\x20\x20\x20\x20\x5f\x5f\x75\x5f\x72\x20\x3d\x20"
  "\x5f\x75\x5f\x76\x66\x6d\x74\x28\x4e\x55\x4c\x4c\x2c\x20\x30\x2c\x20\x5f\x5f\x75"
  "\x5f\x66\x2c\x20\x5f\x5f\x75\x5f\x66\x6d\x74\x2c\x20\x5f\x5f\x75\x5f\x61\x70\x29"
  "\x3b\x0a\x20\x20\x20\x20\x76\x61\x5f\x65\x6e\x64\x28\x5f\x5f\x75\x5f\x61\x70\x29"
  "\x3b\x0a\x20\x20\x20\x20\x72\x65\x74\x75\x72\x6e\x20\x5f\x5f\x75\x5f\x72\x3b\x0a"
  "\x7d\x0a\x23\x65\x6e\x64\x69\x66\x0a\x2f\x2a\x20\x54\x68\x65\x20\x63\x6f\x6d\x70"
  "\x69\x6c\x65\x72\x20\x64\x65\x73\x75\x67\x61\x72\x73\x20\x60\x70\x72\x69\x6e\x74"
  "\x66\x60\x20\x61\x67\x61\x69\x6e\x73\x74\x20\x61\x20\x53\x54\x41\x54\x49\x43\x20"
  "\x66\x6f\x72\x6d\x61\x74\x20\x73\x74\x72\x69\x6e\x67\x20\x5b\x57\x2d\x39\x5d\x20"
  "\x2d\x2d\x20\x74\x68\x65\x0a\x20\x2a\x20\x66\x61\x73\x74\x20\x70\x61\x74\x68\x2c"
  "\x20\x61\x6e\x64\x20\x74\x68\x65\x20\x63\x6f\x6d\x6d\x6f\x6e\x20\x6f\x6e\x65\x2e"
  "\x20\x20\x41\x20\x66\x6f\x72\x6d\x61\x74\x20\x74\x68\x61\x74\x20\x69\x73\x20\x6e"
  "\x6f\x74\x20\x61\x20\x6c\x69\x74\x65\x72\x61\x6c\x20\x63\x61\x6e\x6e\x6f\x74\x20"
  "\x62\x65\x0a\x20\x2a\x20\x64\x65\x73\x75\x67\x61\x72\x65\x64\x20\x61\x74\x20\x61"
  "\x6c\x6c\x2c\x20\x73\x6f\x20\x69\x74\x20\x62\x65\x63\x6f\x6d\x65\x73\x20\x61\x6e"
  "\x20\x6f\x72\x64\x69\x6e\x61\x72\x79\x20\x76\x61\x72\x69\x61\x64\x69\x63\x20\x63"
  "\x61\x6c\x6c\x20\x6f\x6e\x20\x74\x68\x69\x73\x2e\x20\x2a\x2f\x0a\x23\x69\x66\x20"
  "\x21\x5f\x5f\x55\x4e\x49\x53\x41\x5f\x46\x54\x52\x49\x4d\x5f\x4c\x49\x42\x43\x20"
  "\x7c\x7c\x20\x5f\x5f\x55\x4e\x5f\x70\x72\x69\x6e\x74\x66\x0a\x73\x74\x61\x74\x69"
  "\x63\x20\x69\x6e\x74\x20\x70\x72\x69\x6e\x74\x66\x28\x63\x6f\x6e\x73\x74\x20\x63"
  "\x68\x61\x72\x20\x2a\x5f\x5f\x75\x5f\x66\x6d\x74\x2c\x20\x2e\x2e\x2e\x29\x20\x7b"
  "\x0a\x20\x20\x20\x20\x76\x61\x5f\x6c\x69\x73\x74\x20\x5f\x5f\x75\x5f\x61\x70\x3b"
  "\x20\x69\x6e\x74\x20\x5f\x5f\x75\x5f\x72\x3b\x0a\x20\x20\x20\x20\x76\x61\x5f\x73"
  "\x74\x61\x72\x74\x28\x5f\x5f\x75\x5f\x61\x70\x2c\x20\x5f\x5f\x75\x5f\x66\x6d\x74"
  "\x29\x3b\x0a\x20\x20\x20\x20\x5f\x5f\x75\x5f\x72\x20\x3d\x20\x5f\x75\x5f\x76\x66"
  "\x6d\x74\x28\x4e\x55\x4c\x4c\x2c\x20\x30\x2c\x20\x73\x74\x64\x6f\x75\x74\x2c\x20"
  "\x5f\x5f\x75\x5f\x66\x6d\x74\x2c\x20\x5f\x5f\x75\x5f\x61\x70\x29\x3b\x0a\x20\x20"
  "\x20\x20\x76\x61\x5f\x65\x6e\x64\x28\x5f\x5f\x75\x5f\x61\x70\x29\x3b\x0a\x20\x20"
  "\x20\x20\x72\x65\x74\x75\x72\x6e\x20\x5f\x5f\x75\x5f\x72\x3b\x0a\x7d\x0a\x23\x65"
  "\x6e\x64\x69\x66\x0a\x2f\x2a\x20\x2d\x2d\x2d\x2d\x20\x73\x73\x63\x61\x6e\x66\x3a"
  "\x20\x74\x68\x65\x20\x63\x6f\x6e\x76\x65\x72\x73\x69\x6f\x6e\x73\x20\x61\x20\x70"
  "\x72\x6f\x67\x72\x61\x6d\x20\x72\x65\x61\x64\x73\x20\x6e\x75\x6d\x62\x65\x72\x73"
  "\x20\x61\x6e\x64\x20\x77\x6f\x72\x64\x73\x20\x77\x69\x74\x68\x20\x2d\x2d\x0a\x20"
  "\x20\x20\x64\x20\x69\x20\x75\x20\x78\x20\x6f\x20\x63\x20\x73\x20\x66\x20\x65\x20"
  "\x67\x2c\x20\x74\x68\x65\x20\x6c\x20\x61\x6e\x64\x20\x68\x20\x6c\x65\x6e\x67\x74"
  "\x68\x20\x6d\x6f\x64\x69\x66\x69\x65\x72\x73\x2c\x20\x61\x20\x66\x69\x65\x6c\x64"
  "\x20\x77\x69\x64\x74\x68\x2c\x20\x60\x2a\x60\x0a\x20\x20\x20\x74\x6f\x20\x64\x69"
  "\x73\x63\x61\x72\x64\x2c\x20\x60\x25\x25\x60\x2c\x20\x61\x6e\x64\x20\x77\x68\x69"
  "\x74\x65\x20\x73\x70\x61\x63\x65\x20\x69\x6e\x20\x74\x68\x65\x20\x66\x6f\x72\x6d"
  "\x61\x74\x20\x6d\x61\x74\x63\x68\x69\x6e\x67\x20\x61\x6e\x79\x20\x61\x6d\x6f\x75"
  "\x6e\x74\x20\x6f\x66\x0a\x20\x20\x20\x69\x74\x2e\x20\x20\x52\x65\x74\x75\x72\x6e"
  "\x73\x20\x74\x68\x65\x20\x6e\x75\x6d\x62\x65\x72\x20\x6f\x66\x20\x63\x6f\x6e\x76"
  "\x65\x72\x73\x69\x6f\x6e\x73\x20\x73\x74\x6f\x72\x65\x64\x2c\x20\x6f\x72\x20\x45"
  "\x4f\x46\x20\x77\x68\x65\x6e\x20\x74\x68\x65\x20\x69\x6e\x70\x75\x74\x0a\x20\x20"
  "\x20\x72\x61\x6e\x20\x6f\x75\x74\x20\x62\x65\x66\x6f\x72\x65\x20\x74\x68\x65\x20"
  "\x66\x69\x72\x73\x74\x20\x6f\x6e\x65\x20\x2d\x2d\x20\x74\x68\x65\x20\x73\x61\x6d"
  "\x65\x20\x63\x6f\x6e\x74\x72\x61\x63\x74\x20\x61\x73\x20\x74\x68\x65\x20\x70\x6c"
  "\x61\x74\x66\x6f\x72\x6d\x27\x73\x2c\x0a\x20\x20\x20\x77\x68\x69\x63\x68\x20\x69"
  "\x73\x20\x77\x68\x61\x74\x20\x61\x20\x70\x72\x6f\x67\x72\x61\x6d\x20\x63\x6f\x6d"
  "\x70\x61\x72\x69\x6e\x67\x20\x74\x68\x65\x20\x74\x77\x6f\x20\x6f\x62\x73\x65\x72"
  "\x76\x65\x73\x2e\x20\x5b\x53\x2d\x31\x35\x20\x44\x32\x5d\x20\x2a\x2f\x0a\x23\x69"
  "\x66\x20\x21\x5f\x5f\x55\x4e\x49\x53\x41\x5f\x46\x54\x52\x49\x4d\x5f\x4c\x49\x42"
  "\x43\x20\x7c\x7c\x20\x5f\x5f\x55\x4e\x5f\x5f\x75\x5f\x69\x73\x73\x70\x61\x63\x65"
  "\x0a\x73\x74\x61\x74\x69\x63\x20\x69\x6e\x74\x20\x5f\x75\x5f\x69\x73\x73\x70\x61"
  "\x63\x65\x28\x69\x6e\x74\x20\x5f\x5f\x75\x5f\x63\x29\x20\x7b\x20\x72\x65\x74\x75"
  "\x72\x6e\x20\x5f\x5f\x75\x5f\x63\x20\x3d\x3d\x20\x33\x32\x20\x7c\x7c\x20\x28\x5f"
  "\x5f\x75\x5f\x63\x20\x3e\x3d\x20\x39\x20\x26\x26\x20\x5f\x5f\x75\x5f\x63\x20\x3c"
  "\x3d\x20\x31\x33\x29\x3b\x20\x7d\x0a\x23\x65\x6e\x64\x69\x66\x0a\x23\x69\x66\x20"
  "\x21\x5f\x5f\x55\x4e\x49\x53\x41\x5f\x46\x54\x52\x49\x4d\x5f\x4c\x49\x42\x43\x20"
  "\x7c\x7c\x20\x5f\x5f\x55\x4e\x5f\x5f\x75\x5f\x64\x69\x67\x69\x74\x0a\x73\x74\x61"
  "\x74\x69\x63\x20\x69\x6e\x74\x20\x5f\x75\x5f\x64\x69\x67\x69\x74\x28\x69\x6e\x74"
  "\x20\x5f\x5f\x75\x5f\x63\x2c\x20\x69\x6e\x74\x20\x5f\x5f\x75\x5f\x62\x61\x73\x65"
  "\x29\x20\x7b\x0a\x20\x20\x20\x20\x69\x6e\x74\x20\x5f\x5f\x75\x5f\x76\x3b\x0a\x20"
  "\x20\x20\x20\x5f\x5f\x75\x5f\x76\x20\x3d\x20\x30\x20\x2d\x20\x31\x3b\x0a\x20\x20"
  "\x20\x20\x69\x66\x20\x28\x5f\x5f\x75\x5f\x63\x20\x3e\x3d\x20\x34\x38\x20\x26\x26"
  "\x20\x5f\x5f\x75\x5f\x63\x20\x3c\x3d\x20\x35\x37\x29\x20\x5f\x5f\x75\x5f\x76\x20"
  "\x3d\x20\x5f\x5f\x75\x5f\x63\x20\x2d\x20\x34\x38\x3b\x0a\x20\x20\x20\x20\x69\x66"
  "\x20\x28\x5f\x5f\x75\x5f\x63\x20\x3e\x3d\x20\x39\x37\x20\x26\x26\x20\x5f\x5f\x75"
  "\x5f\x63\x20\x3c\x3d\x20\x31\x32\x32\x29\x20\x5f\x5f\x75\x5f\x76\x20\x3d\x20\x5f"
  "\x5f\x75\x5f\x63\x20\x2d\x20\x39\x37\x20\x2b\x20\x31\x30\x3b\x0a\x20\x20\x20\x20"
  "\x69\x66\x20\x28\x5f\x5f\x75\x5f\x63\x20\x3e\x3d\x20\x36\x35\x20\x26\x26\x20\x5f"
  "\x5f\x75\x5f\x63\x20\x3c\x3d\x20\x39\x30\x29\x20\x5f\x5f\x75\x5f\x76\x20\x3d\x20"
  "\x5f\x5f\x75\x5f\x63\x20\x2d\x20\x36\x35\x20\x2b\x20\x31\x30\x3b\x0a\x20\x20\x20"
  "\x20\x69\x66\x20\x28\x5f\x5f\x75\x5f\x76\x20\x3e\x3d\x20\x5f\x5f\x75\x5f\x62\x61"
  "\x73\x65\x29\x20\x72\x65\x74\x75\x72\x6e\x20\x30\x20\x2d\x20\x31\x3b\x0a\x20\x20"
  "\x20\x20\x72\x65\x74\x75\x72\x6e\x20\x5f\x5f\x75\x5f\x76\x3b\x0a\x7d\x0a\x23\x65"
  "\x6e\x64\x69\x66\x0a\x23\x69\x66\x20\x21\x5f\x5f\x55\x4e\x49\x53\x41\x5f\x46\x54"
  "\x52\x49\x4d\x5f\x4c\x49\x42\x43\x20\x7c\x7c\x20\x5f\x5f\x55\x4e\x5f\x76\x73\x73"
  "\x63\x61\x6e\x66\x0a\x73\x74\x61\x74\x69\x63\x20\x69\x6e\x74\x20\x76\x73\x73\x63"
  "\x61\x6e\x66\x28\x63\x6f\x6e\x73\x74\x20\x63\x68\x61\x72\x20\x2a\x5f\x5f\x75\x5f"
  "\x69\x6e\x2c\x20\x63\x6f\x6e\x73\x74\x20\x63\x68\x61\x72\x20\x2a\x5f\x5f\x75\x5f"
  "\x66\x6d\x74\x2c\x20\x76\x61\x5f\x6c\x69\x73\x74\x20\x5f\x5f\x75\x5f\x61\x70\x29"
  "\x20\x7b\x0a\x20\x20\x20\x20\x6c\x6f\x6e\x67\x20\x5f\x5f\x75\x5f\x69\x3b\x20\x6c"
  "\x6f\x6e\x67\x20\x5f\x5f\x75\x5f\x6a\x3b\x20\x69\x6e\x74\x20\x5f\x5f\x75\x5f\x73"
  "\x74\x6f\x72\x65\x64\x3b\x20\x69\x6e\x74\x20\x5f\x5f\x75\x5f\x63\x3b\x20\x69\x6e"
  "\x74\x20\x5f\x5f\x75\x5f\x77\x69\x64\x74\x68\x3b\x20\x69\x6e\x74\x20\x5f\x5f\x75"
  "\x5f\x73\x6b\x69\x70\x3b\x20\x69\x6e\x74\x20\x5f\x5f\x75\x5f\x6c\x6e\x67\x3b\x20"
  "\x69\x6e\x74\x20\x5f\x5f\x75\x5f\x62\x61\x73\x65\x3b\x0a\x20\x20\x20\x20\x69\x6e"
  "\x74\x20\x5f\x5f\x75\x5f\x6e\x65\x67\x3b\x20\x69\x6e\x74\x20\x5f\x5f\x75\x5f\x61"
  "\x6e\x79\x3b\x20\x6c\x6f\x6e\x67\x20\x5f\x5f\x75\x5f\x76\x3b\x20\x75\x6e\x73\x69"
  "\x67\x6e\x65\x64\x20\x6c\x6f\x6e\x67\x20\x5f\x5f\x75\x5f\x75\x76\x3b\x20\x64\x6f"
  "\x75\x62\x6c\x65\x20\x5f\x5f\x75\x5f\x64\x3b\x20\x64\x6f\x75\x62\x6c\x65\x20\x5f"
  "\x5f\x75\x5f\x73\x63\x61\x6c\x65\x3b\x20\x69\x6e\x74\x20\x65\x78\x70\x3b\x20\x69"
  "\x6e\x74\x20\x5f\x5f\x75\x5f\x65\x6e\x65\x67\x3b\x0a\x20\x20\x20\x20\x63\x68\x61"
  "\x72\x20\x2a\x5f\x5f\x75\x5f\x73\x70\x3b\x20\x69\x6e\x74\x20\x2a\x5f\x5f\x75\x5f"
  "\x69\x70\x3b\x20\x6c\x6f\x6e\x67\x20\x2a\x5f\x5f\x75\x5f\x6c\x70\x3b\x20\x73\x68"
  "\x6f\x72\x74\x20\x2a\x5f\x5f\x75\x5f\x68\x70\x3b\x20\x64\x6f\x75\x62\x6c\x65\x20"
  "\x2a\x5f\x5f\x75\x5f\x64\x70\x3b\x20\x66\x6c\x6f\x61\x74\x20\x2a\x5f\x5f\x75\x5f"
  "\x66\x70\x3b\x20\x6c\x6f\x6e\x67\x20\x5f\x5f\x75\x5f\x6e\x3b\x0a\x20\x20\x20\x20"
  "\x5f\x5f\x75\x5f\x69\x20\x3d\x20\x30\x3b\x20\x5f\x5f\x75\x5f\x6a\x20\x3d\x20\x30"
  "\x3b\x20\x5f\x5f\x75\x5f\x73\x74\x6f\x72\x65\x64\x20\x3d\x20\x30\x3b\x0a\x20\x20"
  "\x20\x20\x77\x68\x69\x6c\x65\x20\x28\x5f\x5f\x75\x5f\x66\x6d\x74\x5b\x5f\x5f\x75"
  "\x5f\x6a\x5d\x29\x20\x7b\x0a\x20\x20\x20\x20\x20\x20\x20\x20\x5f\x5f\x75\x5f\x63"
  "\x20\x3d\x20\x5f\x5f\x75\x5f\x66\x6d\x74\x5b\x5f\x5f\x75\x5f\x6a\x5d\x3b\x0a\x20"
  "\x20\x20\x20\x20\x20\x20\x20\x69\x66\x20\x28\x5f\x75\x5f\x69\x73\x73\x70\x61\x63"
  "\x65\x28\x5f\x5f\x75\x5f\x63\x29\x29\x20\x7b\x20\x77\x68\x69\x6c\x65\x20\x28\x5f"
  "\x75\x5f\x69\x73\x73\x70\x61\x63\x65\x28\x5f\x5f\x75\x5f\x69\x6e\x5b\x5f\x5f\x75"
  "\x5f\x69\x5d\x29\x29\x20\x5f\x5f\x75\x5f\x69\x20\x3d\x20\x5f\x5f\x75\x5f\x69\x20"
  "\x2b\x20\x31\x3b\x20\x5f\x5f\x75\x5f\x6a\x20\x3d\x20\x5f\x5f\x75\x5f\x6a\x20\x2b"
  "\x20\x31\x3b\x20\x63\x6f\x6e\x74\x69\x6e\x75\x65\x3b\x20\x7d\x0a\x20\x20\x20\x20"
  "\x20\x20\x20\x20\x69\x66\x20\x28\x5f\x5f\x75\x5f\x63\x20\x21\x3d\x20\x33\x37\x29"
  "\x20\x7b\x20\x69\x66\x20\x28\x5f\x5f\x75\x5f\x69\x6e\x5b\x5f\x5f\x75\x5f\x69\x5d"
  "\x20\x21\x3d\x20\x5f\x5f\x75\x5f\x63\x29\x20\x62\x72\x65\x61\x6b\x3b\x20\x5f\x5f"
  "\x75\x5f\x69\x20\x3d\x20\x5f\x5f\x75\x5f\x69\x20\x2b\x20\x31\x3b\x20\x5f\x5f\x75"
  "\x5f\x6a\x20\x3d\x20\x5f\x5f\x75\x5f\x6a\x20\x2b\x20\x31\x3b\x20\x63\x6f\x6e\x74"
  "\x69\x6e\x75\x65\x3b\x20\x7d\x0a\x20\x20\x20\x20\x20\x20\x20\x20\x5f\x5f\x75\x5f"
  "\x6a\x20\x3d\x20\x5f\x5f\x75\x5f\x6a\x20\x2b\x20\x31\x3b\x0a\x20\x20\x20\x20\x20"
  "\x20\x20\x20\x69\x66\x20\x28\x5f\x5f\x75\x5f\x66\x6d\x74\x5b\x5f\x5f\x75\x5f\x6a"
  "\x5d\x20\x3d\x3d\x20\x33\x37\x29\x20\x7b\x20\x69\x66\x20\x28\x5f\x5f\x75\x5f\x69"
  "\x6e\x5b\x5f\x5f\x75\x5f\x69\x5d\x20\x21\x3d\x20\x33\x37\x29\x20\x62\x72\x65\x61"
  "\x6b\x3b\x20\x5f\x5f\x75\x5f\x69\x20\x3d\x20\x5f\x5f\x75\x5f\x69\x20\x2b\x20\x31"
  "\x3b\x20\x5f\x5f\x75\x5f\x6a\x20\x3d\x20\x5f\x5f\x75\x5f\x6a\x20\x2b\x20\x31\x3b"
  "\x20\x63\x6f\x6e\x74\x69\x6e\x75\x65\x3b\x20\x7d\x0a\x20\x20\x20\x20\x20\x20\x20"
  "\x20\x5f\x5f\x75\x5f\x73\x6b\x69\x70\x20\x3d\x20\x30\x3b\x20\x5f\x5f\x75\x5f\x77"
  "\x69\x64\x74\x68\x20\x3d\x20\x30\x3b\x20\x5f\x5f\x75\x5f\x6c\x6e\x67\x20\x3d\x20"
  "\x30\x3b\x0a\x20\x20\x20\x20\x20\x20\x20\x20\x69\x66\x20\x28\x5f\x5f\x75\x5f\x66"
  "\x6d\x74\x5b\x5f\x5f\x75\x5f\x6a\x5d\x20\x3d\x3d\x20\x34\x32\x29\x20\x7b\x20\x5f"
  "\x5f\x75\x5f\x73\x6b\x69\x70\x20\x3d\x20\x31\x3b\x20\x5f\x5f\x75\x5f\x6a\x20\x3d"
  "\x20\x5f\x5f\x75\x5f\x6a\x20\x2b\x20\x31\x3b\x20\x7d\x0a\x20\x20\x20\x20\x20\x20"
  "\x20\x20\x77\x68\x69\x6c\x65\x20\x28\x5f\x5f\x75\x5f\x66\x6d\x74\x5b\x5f\x5f\x75"
  "\x5f\x6a\x5d\x20\x3e\x3d\x20\x34\x38\x20\x26\x26\x20\x5f\x5f\x75\x5f\x66\x6d\x74"
  "\x5b\x5f\x5f\x75\x5f\x6a\x5d\x20\x3c\x3d\x20\x35\x37\x29\x20\x7b\x20\x5f\x5f\x75"
  "\x5f\x77\x69\x64\x74\x68\x20\x3d\x20\x5f\x5f\x75\x5f\x77\x69\x64\x74\x68\x20\x2a"
  "\x20\x31\x30\x20\x2b\x20\x28\x5f\x5f\x75\x5f\x66\x6d\x74\x5b\x5f\x5f\x75\x5f\x6a"
  "\x5d\x20\x2d\x20\x34\x38\x29\x3b\x20\x5f\x5f\x75\x5f\x6a\x20\x3d\x20\x5f\x5f\x75"
  "\x5f\x6a\x20\x2b\x20\x31\x3b\x20\x7d\x0a\x20\x20\x20\x20\x20\x20\x20\x20\x69\x66"
  "\x20\x28\x5f\x5f\x75\x5f\x66\x6d\x74\x5b\x5f\x5f\x75\x5f\x6a\x5d\x20\x3d\x3d\x20"
  "\x31\x30\x34\x29\x20\x7b\x20\x5f\x5f\x75\x5f\x6c\x6e\x67\x20\x3d\x20\x30\x20\x2d"
  "\x20\x31\x3b\x20\x5f\x5f\x75\x5f\x6a\x20\x3d\x20\x5f\x5f\x75\x5f\x6a\x20\x2b\x20"
  "\x31\x3b\x20\x69\x66\x20\x28\x5f\x5f\x75\x5f\x66\x6d\x74\x5b\x5f\x5f\x75\x5f\x6a"
  "\x5d\x20\x3d\x3d\x20\x31\x30\x34\x29\x20\x7b\x20\x5f\x5f\x75\x5f\x6c\x6e\x67\x20"
  "\x3d\x20\x30\x20\x2d\x20\x32\x3b\x20\x5f\x5f\x75\x5f\x6a\x20\x3d\x20\x5f\x5f\x75"
  "\x5f\x6a\x20\x2b\x20\x31\x3b\x20\x7d\x20\x7d\x0a\x20\x20\x20\x20\x20\x20\x20\x20"
  "\x69\x66\x20\x28\x5f\x5f\x75\x5f\x66\x6d\x74\x5b\x5f\x5f\x75\x5f\x6a\x5d\x20\x3d"
  "\x3d\x20\x31\x30\x38\x29\x20\x7b\x20\x5f\x5f\x75\x5f\x6c\x6e\x67\x20\x3d\x20\x31"
  "\x3b\x20\x5f\x5f\x75\x5f\x6a\x20\x3d\x20\x5f\x5f\x75\x5f\x6a\x20\x2b\x20\x31\x3b"
  "\x20\x69\x66\x20\x28\x5f\x5f\x75\x5f\x66\x6d\x74\x5b\x5f\x5f\x75\x5f\x6a\x5d\x20"
  "\x3d\x3d\x20\x31\x30\x38\x29\x20\x5f\x5f\x75\x5f\x6a\x20\x3d\x20\x5f\x5f\x75\x5f"
  "\x6a\x20\x2b\x20\x31\x3b\x20\x7d\x0a\x20\x20\x20\x20\x20\x20\x20\x20\x69\x66\x20"
  "\x28\x5f\x5f\x75\x5f\x66\x6d\x74\x5b\x5f\x5f\x75\x5f\x6a\x5d\x20\x3d\x3d\x20\x31"
  "\x32\x32\x20\x7c\x7c\x20\x5f\x5f\x75\x5f\x66\x6d\x74\x5b\x5f\x5f\x75\x5f\x6a\x5d"
  "\x20\x3d\x3d\x20\x31\x30\x36\x20\x7c\x7c\x20\x5f\x5f\x75\x5f\x66\x6d\x74\x5b\x5f"
  "\x5f\x75\x5f\x6a\x5d\x20\x3d\x3d\x20\x31\x31\x36\x29\x20\x7b\x20\x5f\x5f\x75\x5f"
  "\x6c\x6e\x67\x20\x3d\x20\x31\x3b\x20\x5f\x5f\x75\x5f\x6a\x20\x3d\x20\x5f\x5f\x75"
  "\x5f\x6a\x20\x2b\x20\x31\x3b\x20\x7d\x0a\x20\x20\x20\x20\x20\x20\x20\x20\x69\x66"
  "\x20\x28\x5f\x5f\x75\x5f\x66\x6d\x74\x5b\x5f\x5f\x75\x5f\x6a\x5d\x20\x3d\x3d\x20"
  "\x37\x36\x29\x20\x7b\x20\x5f\x5f\x75\x5f\x6c\x6e\x67\x20\x3d\x20\x31\x3b\x20\x5f"
  "\x5f\x75\x5f\x6a\x20\x3d\x20\x5f\x5f\x75\x5f\x6a\x20\x2b\x20\x31\x3b\x20\x7d\x0a"
  "\x20\x20\x20\x20\x20\x20\x20\x20\x5f\x5f\x75\x5f\x63\x20\x3d\x20\x5f\x5f\x75\x5f"
  "\x66\x6d\x74\x5b\x5f\x5f\x75\x5f\x6a\x5d\x3b\x20\x5f\x5f\x75\x5f\x6a\x20\x3d\x20"
  "\x5f\x5f\x75\x5f\x6a\x20\x2b\x20\x31\x3b\x0a\x20\x20\x20\x20\x20\x20\x20\x20\x69"
  "\x66\x20\x28\x5f\x5f\x75\x5f\x77\x69\x64\x74\x68\x20\x3d\x3d\x20\x30\x29\x20\x5f"
  "\x5f\x75\x5f\x77\x69\x64\x74\x68\x20\x3d\x20\x31\x30\x30\x30\x30\x30\x30\x30\x30"
  "\x30\x3b\x0a\x20\x20\x20\x20\x20\x20\x20\x20\x69\x66\x20\x28\x5f\x5f\x75\x5f\x63"
  "\x20\x3d\x3d\x20\x39\x39\x29\x20\x7b\x20\x20\x20\x20\x20\x20\x20\x20\x20\x20\x20"
  "\x20\x20\x20\x20\x20\x20\x20\x20\x20\x20\x20\x20\x20\x20\x20\x20\x20\x20\x20\x20"
  "\x20\x20\x20\x20\x2f\x2a\x20\x25\x63\x3a\x20\x6e\x6f\x20\x73\x70\x61\x63\x65\x20"
  "\x73\x6b\x69\x70\x20\x2a\x2f\x0a\x20\x20\x20\x20\x20\x20\x20\x20\x20\x20\x20\x20"
  "\x69\x66\x20\x28\x5f\x5f\x75\x5f\x77\x69\x64\x74\x68\x20\x3d\x3d\x20\x31\x30\x30"
  "\x30\x30\x30\x30\x30\x30\x30\x29\x20\x5f\x5f\x75\x5f\x77\x69\x64\x74\x68\x20\x3d"
  "\x20\x31\x3b\x0a\x20\x20\x20\x20\x20\x20\x20\x20\x20\x20\x20\x20\x69\x66\x20\x28"
  "\x5f\x5f\x75\x5f\x69\x6e\x5b\x5f\x5f\x75\x5f\x69\x5d\x20\x3d\x3d\x20\x30\x29\x20"
  "\x7b\x20\x69\x66\x20\x28\x5f\x5f\x75\x5f\x73\x74\x6f\x72\x65\x64\x20\x3d\x3d\x20"
  "\x30\x29\x20\x72\x65\x74\x75\x72\x6e\x20\x45\x4f\x46\x3b\x20\x72\x65\x74\x75\x72"
  "\x6e\x20\x5f\x5f\x75\x5f\x73\x74\x6f\x72\x65\x64\x3b\x20\x7d\x0a\x20\x20\x20\x20"
  "\x20\x20\x20\x20\x20\x20\x20\x20\x69\x66\x20\x28\x5f\x5f\x75\x5f\x73\x6b\x69\x70"
  "\x20\x3d\x3d\x20\x30\x29\x20\x5f\x5f\x75\x5f\x73\x70\x20\x3d\x20\x76\x61\x5f\x61"
  "\x72\x67\x28\x5f\x5f\x75\x5f\x61\x70\x2c\x20\x63\x68\x61\x72\x20\x2a\x29\x3b\x0a"
  "\x20\x20\x20\x20\x20\x20\x20\x20\x20\x20\x20\x20\x5f\x5f\x75\x5f\x6e\x20\x3d\x20"
  "\x30\x3b\x0a\x20\x20\x20\x20\x20\x20\x20\x20\x20\x20\x20\x20\x77\x68\x69\x6c\x65"
  "\x20\x28\x5f\x5f\x75\x5f\x6e\x20\x3c\x20\x5f\x5f\x75\x5f\x77\x69\x64\x74\x68\x29"
  "\x20\x7b\x20\x69\x66\x20\x28\x5f\x5f\x75\x5f\x69\x6e\x5b\x5f\x5f\x75\x5f\x69\x5d"
  "\x20\x3d\x3d\x20\x30\x29\x20\x62\x72\x65\x61\x6b\x3b\x20\x69\x66\x20\x28\x5f\x5f"
  "\x75\x5f\x73\x6b\x69\x70\x20\x3d\x3d\x20\x30\x29\x20\x5f\x5f\x75\x5f\x73\x70\x5b"
  "\x5f\x5f\x75\x5f\x6e\x5d\x20\x3d\x20\x5f\x5f\x75\x5f\x69\x6e\x5b\x5f\x5f\x75\x5f"
  "\x69\x5d\x3b\x20\x5f\x5f\x75\x5f\x69\x20\x3d\x20\x5f\x5f\x75\x5f\x69\x20\x2b\x20"
  "\x31\x3b\x20\x5f\x5f\x75\x5f\x6e\x20\x3d\x20\x5f\x5f\x75\x5f\x6e\x20\x2b\x20\x31"
  "\x3b\x20\x7d\x0a\x20\x20\x20\x20\x20\x20\x20\x20\x20\x20\x20\x20\x69\x66\x20\x28"
  "\x5f\x5f\x75\x5f\x73\x6b\x69\x70\x20\x3d\x3d\x20\x30\x29\x20\x5f\x5f\x75\x5f\x73"
  "\x74\x6f\x72\x65\x64\x20\x3d\x20\x5f\x5f\x75\x5f\x73\x74\x6f\x72\x65\x64\x20\x2b"
  "\x20\x31\x3b\x0a\x20\x20\x20\x20\x20\x20\x20\x20\x20\x20\x20\x20\x63\x6f\x6e\x74"
  "\x69\x6e\x75\x65\x3b\x0a\x20\x20\x20\x20\x20\x20\x20\x20\x7d\x0a\x20\x20\x20\x20"
  "\x20\x20\x20\x20\x77\x68\x69\x6c\x65\x20\x28\x5f\x75\x5f\x69\x73\x73\x70\x61\x63"
  "\x65\x28\x5f\x5f\x75\x5f\x69\x6e\x5b\x5f\x5f\x75\x5f\x69\x5d\x29\x29\x20\x5f\x5f"
  "\x75\x5f\x69\x20\x3d\x20\x5f\x5f\x75\x5f\x69\x20\x2b\x20\x31\x3b\x0a\x20\x20\x20"
  "\x20\x20\x20\x20\x20\x69\x66\x20\x28\x5f\x5f\x75\x5f\x69\x6e\x5b\x5f\x5f\x75\x5f"
  "\x69\x5d\x20\x3d\x3d\x20\x30\x29\x20\x7b\x20\x69\x66\x20\x28\x5f\x5f\x75\x5f\x73"
  "\x74\x6f\x72\x65\x64\x20\x3d\x3d\x20\x30\x29\x20\x72\x65\x74\x75\x72\x6e\x20\x45"
  "\x4f\x46\x3b\x20\x72\x65\x74\x75\x72\x6e\x20\x5f\x5f\x75\x5f\x73\x74\x6f\x72\x65"
  "\x64\x3b\x20\x7d\x0a\x20\x20\x20\x20\x20\x20\x20\x20\x69\x66\x20\x28\x5f\x5f\x75"
  "\x5f\x63\x20\x3d\x3d\x20\x31\x31\x35\x29\x20\x7b\x20\x20\x20\x20\x20\x20\x20\x20"
  "\x20\x20\x20\x20\x20\x20\x20\x20\x20\x20\x20\x20\x20\x20\x20\x20\x20\x20\x20\x20"
  "\x20\x20\x20\x20\x20\x20\x2f\x2a\x20\x25\x73\x20\x2a\x2f\x0a\x20\x20\x20\x20\x20"
  "\x20\x20\x20\x20\x20\x20\x20\x69\x66\x20\x28\x5f\x5f\x75\x5f\x73\x6b\x69\x70\x20"
  "\x3d\x3d\x20\x30\x29\x20\x5f\x5f\x75\x5f\x73\x70\x20\x3d\x20\x76\x61\x5f\x61\x72"
  "\x67\x28\x5f\x5f\x75\x5f\x61\x70\x2c\x20\x63\x68\x61\x72\x20\x2a\x29\x3b\x0a\x20"
  "\x20\x20\x20\x20\x20\x20\x20\x20\x20\x20\x20\x5f\x5f\x75\x5f\x6e\x20\x3d\x20\x30"
  "\x3b\x0a\x20\x20\x20\x20\x20\x20\x20\x20\x20\x20\x20\x20\x77\x68\x69\x6c\x65\x20"
  "\x28\x5f\x5f\x75\x5f\x6e\x20\x3c\x20\x5f\x5f\x75\x5f\x77\x69\x64\x74\x68\x29\x20"
  "\x7b\x20\x69\x66\x20\x28\x5f\x5f\x75\x5f\x69\x6e\x5b\x5f\x5f\x75\x5f\x69\x5d\x20"
  "\x3d\x3d\x20\x30\x29\x20\x62\x72\x65\x61\x6b\x3b\x20\x69\x66\x20\x28\x5f\x75\x5f"
  "\x69\x73\x73\x70\x61\x63\x65\x28\x5f\x5f\x75\x5f\x69\x6e\x5b\x5f\x5f\x75\x5f\x69"
  "\x5d\x29\x29\x20\x62\x72\x65\x61\x6b\x3b\x0a\x20\x20\x20\x20\x20\x20\x20\x20\x20"
  "\x20\x20\x20\x20\x20\x20\x20\x20\x20\x20\x20\x20\x20\x20\x20\x20\x20\x20\x20\x20"
  "\x20\x20\x20\x69\x66\x20\x28\x5f\x5f\x75\x5f\x73\x6b\x69\x70\x20\x3d\x3d\x20\x30"
  "\x29\x20\x5f\x5f\x75\x5f\x73\x70\x5b\x5f\x5f\x75\x5f\x6e\x5d\x20\x3d\x20\x5f\x5f"
  "\x75\x5f\x69\x6e\x5b\x5f\x5f\x75\x5f\x69\x5d\x3b\x20\x5f\x5f\x75\x5f\x69\x20\x3d"
  "\x20\x5f\x5f\x75\x5f\x69\x20\x2b\x20\x31\x3b\x20\x5f\x5f\x75\x5f\x6e\x20\x3d\x20"
  "\x5f\x5f\x75\x5f\x6e\x20\x2b\x20\x31\x3b\x20\x7d\x0a\x20\x20\x20\x20\x20\x20\x20"
  "\x20\x20\x20\x20\x20\x69\x66\x20\x28\x5f\x5f\x75\x5f\x73\x6b\x69\x70\x20\x3d\x3d"
  "\x20\x30\x29\x20\x7b\x20\x5f\x5f\x75\x5f\x73\x70\x5b\x5f\x5f\x75\x5f\x6e\x5d\x20"
  "\x3d\x20\x30\x3b\x20\x5f\x5f\x75\x5f\x73\x74\x6f\x72\x65\x64\x20\x3d\x20\x5f\x5f"
  "\x75\x5f\x73\x74\x6f\x72\x65\x64\x20\x2b\x20\x31\x3b\x20\x7d\x0a\x20\x20\x20\x20"
  "\x20\x20\x20\x20\x20\x20\x20\x20\x63\x6f\x6e\x74\x69\x6e\x75\x65\x3b\x0a\x20\x20"
  "\x20\x20\x20\x20\x20\x20\x7d\x0a\x20\x20\x20\x20\x20\x20\x20\x20\x69\x66\x20\x28"
  "\x5f\x5f\x75\x5f\x63\x20\x3d\x3d\x20\x31\x30\x30\x20\x7c\x7c\x20\x5f\x5f\x75\x5f"
  "\x63\x20\x3d\x3d\x20\x31\x30\x35\x20\x7c\x7c\x20\x5f\x5f\x75\x5f\x63\x20\x3d\x3d"
  "\x20\x31\x31\x37\x20\x7c\x7c\x20\x5f\x5f\x75\x5f\x63\x20\x3d\x3d\x20\x31\x32\x30"
  "\x20\x7c\x7c\x20\x5f\x5f\x75\x5f\x63\x20\x3d\x3d\x20\x38\x38\x20\x7c\x7c\x20\x5f"
  "\x5f\x75\x5f\x63\x20\x3d\x3d\x20\x31\x31\x31\x29\x20\x7b\x0a\x20\x20\x20\x20\x20"
  "\x20\x20\x20\x20\x20\x20\x20\x5f\x5f\x75\x5f\x62\x61\x73\x65\x20\x3d\x20\x31\x30"
  "\x3b\x0a\x20\x20\x20\x20\x20\x20\x20\x20\x20\x20\x20\x20\x69\x66\x20\x28\x5f\x5f"
  "\x75\x5f\x63\x20\x3d\x3d\x20\x31\x32\x30\x20\x7c\x7c\x20\x5f\x5f\x75\x5f\x63\x20"
  "\x3d\x3d\x20\x38\x38\x29\x20\x5f\x5f\x75\x5f\x62\x61\x73\x65\x20\x3d\x20\x31\x36"
  "\x3b\x0a\x20\x20\x20\x20\x20\x20\x20\x20\x20\x20\x20\x20\x69\x66\x20\x28\x5f\x5f"
  "\x75\x5f\x63\x20\x3d\x3d\x20\x31\x31\x31\x29\x20\x5f\x5f\x75\x5f\x62\x61\x73\x65"
  "\x20\x3d\x20\x38\x3b\x0a\x20\x20\x20\x20\x20\x20\x20\x20\x20\x20\x20\x20\x5f\x5f"
  "\x75\x5f\x6e\x65\x67\x20\x3d\x20\x30\x3b\x20\x5f\x5f\x75\x5f\x61\x6e\x79\x20\x3d"
  "\x20\x30\x3b\x20\x5f\x5f\x75\x5f\x75\x76\x20\x3d\x20\x30\x3b\x20\x5f\x5f\x75\x5f"
  "\x6e\x20\x3d\x20\x30\x3b\x0a\x20\x20\x20\x20\x20\x20\x20\x20\x20\x20\x20\x20\x69"
  "\x66\x20\x28\x5f\x5f\x75\x5f\x69\x6e\x5b\x5f\x5f\x75\x5f\x69\x5d\x20\x3d\x3d\x20"
  "\x34\x35\x20\x7c\x7c\x20\x5f\x5f\x75\x5f\x69\x6e\x5b\x5f\x5f\x75\x5f\x69\x5d\x20"
  "\x3d\x3d\x20\x34\x33\x29\x20\x7b\x20\x69\x66\x20\x28\x5f\x5f\x75\x5f\x6e\x20\x3c"
  "\x20\x5f\x5f\x75\x5f\x77\x69\x64\x74\x68\x29\x20\x7b\x20\x5f\x5f\x75\x5f\x6e\x65"
  "\x67\x20\x3d\x20\x5f\x5f\x75\x5f\x69\x6e\x5b\x5f\x5f\x75\x5f\x69\x5d\x20\x3d\x3d"
  "\x20\x34\x35\x3b\x20\x5f\x5f\x75\x5f\x69\x20\x3d\x20\x5f\x5f\x75\x5f\x69\x20\x2b"
  "\x20\x31\x3b\x20\x5f\x5f\x75\x5f\x6e\x20\x3d\x20\x5f\x5f\x75\x5f\x6e\x20\x2b\x20"
  "\x31\x3b\x20\x7d\x20\x7d\x0a\x20\x20\x20\x20\x20\x20\x20\x20\x20\x20\x20\x20\x69"
  "\x66\x20\x28\x5f\x5f\x75\x5f\x63\x20\x3d\x3d\x20\x31\x30\x35\x20\x7c\x7c\x20\x5f"
  "\x5f\x75\x5f\x62\x61\x73\x65\x20\x3d\x3d\x20\x31\x36\x29\x20\x7b\x20\x69\x66\x20"
  "\x28\x5f\x5f\x75\x5f\x69\x6e\x5b\x5f\x5f\x75\x5f\x69\x5d\x20\x3d\x3d\x20\x34\x38"
  "\x29\x20\x7b\x20\x69\x66\x20\x28\x5f\x5f\x75\x5f\x69\x6e\x5b\x5f\x5f\x75\x5f\x69"
  "\x20\x2b\x20\x31\x5d\x20\x3d\x3d\x20\x31\x32\x30\x20\x7c\x7c\x20\x5f\x5f\x75\x5f"
  "\x69\x6e\x5b\x5f\x5f\x75\x5f\x69\x20\x2b\x20\x31\x5d\x20\x3d\x3d\x20\x38\x38\x29"
  "\x20\x7b\x0a\x20\x20\x20\x20\x20\x20\x20\x20\x20\x20\x20\x20\x20\x20\x20\x20\x69"
  "\x66\x20\x28\x5f\x75\x5f\x64\x69\x67\x69\x74\x28\x5f\x5f\x75\x5f\x69\x6e\x5b\x5f"
  "\x5f\x75\x5f\x69\x20\x2b\x20\x32\x5d\x2c\x20\x31\x36\x29\x20\x3e\x3d\x20\x30\x29"
  "\x20\x7b\x20\x69\x66\x20\x28\x5f\x5f\x75\x5f\x6e\x20\x2b\x20\x32\x20\x3c\x20\x5f"
  "\x5f\x75\x5f\x77\x69\x64\x74\x68\x29\x20\x7b\x20\x5f\x5f\x75\x5f\x62\x61\x73\x65"
  "\x20\x3d\x20\x31\x36\x3b\x20\x5f\x5f\x75\x5f\x69\x20\x3d\x20\x5f\x5f\x75\x5f\x69"
  "\x20\x2b\x20\x32\x3b\x20\x5f\x5f\x75\x5f\x6e\x20\x3d\x20\x5f\x5f\x75\x5f\x6e\x20"
  "\x2b\x20\x32\x3b\x20\x7d\x20\x7d\x20\x7d\x20\x7d\x20\x7d\x0a\x20\x20\x20\x20\x20"
  "\x20\x20\x20\x20\x20\x20\x20\x69\x66\x20\x28\x5f\x5f\x75\x5f\x63\x20\x3d\x3d\x20"
  "\x31\x30\x35\x29\x20\x7b\x20\x69\x66\x20\x28\x5f\x5f\x75\x5f\x62\x61\x73\x65\x20"
  "\x3d\x3d\x20\x31\x30\x29\x20\x7b\x20\x69\x66\x20\x28\x5f\x5f\x75\x5f\x69\x6e\x5b"
  "\x5f\x5f\x75\x5f\x69\x5d\x20\x3d\x3d\x20\x34\x38\x29\x20\x5f\x5f\x75\x5f\x62\x61"
  "\x73\x65\x20\x3d\x20\x38\x3b\x20\x7d\x20\x7d\x0a\x20\x20\x20\x20\x20\x20\x20\x20"
  "\x20\x20\x20\x20\x77\x68\x69\x6c\x65\x20\x28\x5f\x5f\x75\x5f\x6e\x20\x3c\x20\x5f"
  "\x5f\x75\x5f\x77\x69\x64\x74\x68\x29\x20\x7b\x0a\x20\x20\x20\x20\x20\x20\x20\x20"
  "\x20\x20\x20\x20\x20\x20\x20\x20\x5f\x5f\x75\x5f\x76\x20\x3d\x20\x5f\x75\x5f\x64"
  "\x69\x67\x69\x74\x28\x5f\x5f\x75\x5f\x69\x6e\x5b\x5f\x5f\x75\x5f\x69\x5d\x2c\x20"
  "\x5f\x5f\x75\x5f\x62\x61\x73\x65\x29\x3b\x0a\x20\x20\x20\x20\x20\x20\x20\x20\x20"
  "\x20\x20\x20\x20\x20\x20\x20\x69\x66\x20\x28\x5f\x5f\x75\x5f\x76\x20\x3c\x20\x30"
  "\x29\x20\x62\x72\x65\x61\x6b\x3b\x0a\x20\x20\x20\x20\x20\x20\x20\x20\x20\x20\x20"
  "\x20\x20\x20\x20\x20\x5f\x5f\x75\x5f\x75\x76\x20\x3d\x20\x5f\x5f\x75\x5f\x75\x76"
  "\x20\x2a\x20\x5f\x5f\x75\x5f\x62\x61\x73\x65\x20\x2b\x20\x5f\x5f\x75\x5f\x76\x3b"
  "\x20\x5f\x5f\x75\x5f\x69\x20\x3d\x20\x5f\x5f\x75\x5f\x69\x20\x2b\x20\x31\x3b\x20"
  "\x5f\x5f\x75\x5f\x6e\x20\x3d\x20\x5f\x5f\x75\x5f\x6e\x20\x2b\x20\x31\x3b\x20\x5f"
  "\x5f\x75\x5f\x61\x6e\x79\x20\x3d\x20\x31\x3b\x0a\x20\x20\x20\x20\x20\x20\x20\x20"
  "\x20\x20\x20\x20\x7d\x0a\x20\x20\x20\x20\x20\x20\x20\x20\x20\x20\x20\x20\x69\x66"
  "\x20\x28\x5f\x5f\x75\x5f\x61\x6e\x79\x20\x3d\x3d\x20\x30\x29\x20\x62\x72\x65\x61"
  "\x6b\x3b\x0a\x20\x20\x20\x20\x20\x20\x20\x20\x20\x20\x20\x20\x69\x66\x20\x28\x5f"
  "\x5f\x75\x5f\x6e\x65\x67\x29\x20\x5f\x5f\x75\x5f\x75\x76\x20\x3d\x20\x30\x20\x2d"
  "\x20\x5f\x5f\x75\x5f\x75\x76\x3b\x0a\x20\x20\x20\x20\x20\x20\x20\x20\x20\x20\x20"
  "\x20\x69\x66\x20\x28\x5f\x5f\x75\x5f\x73\x6b\x69\x70\x20\x3d\x3d\x20\x30\x29\x20"
  "\x7b\x0a\x20\x20\x20\x20\x20\x20\x20\x20\x20\x20\x20\x20\x20\x20\x20\x20\x69\x66"
  "\x20\x28\x5f\x5f\x75\x5f\x6c\x6e\x67\x20\x3d\x3d\x20\x31\x29\x20\x7b\x20\x5f\x5f"
  "\x75\x5f\x6c\x70\x20\x3d\x20\x76\x61\x5f\x61\x72\x67\x28\x5f\x5f\x75\x5f\x61\x70"
  "\x2c\x20\x6c\x6f\x6e\x67\x20\x2a\x29\x3b\x20\x2a\x5f\x5f\x75\x5f\x6c\x70\x20\x3d"
  "\x20\x28\x6c\x6f\x6e\x67\x29\x5f\x5f\x75\x5f\x75\x76\x3b\x20\x7d\x0a\x20\x20\x20"
  "\x20\x20\x20\x20\x20\x20\x20\x20\x20\x20\x20\x20\x20\x65\x6c\x73\x65\x20\x7b\x20"
  "\x69\x66\x20\x28\x5f\x5f\x75\x5f\x6c\x6e\x67\x20\x3d\x3d\x20\x30\x20\x2d\x20\x31"
  "\x29\x20\x7b\x20\x5f\x5f\x75\x5f\x68\x70\x20\x3d\x20\x76\x61\x5f\x61\x72\x67\x28"
  "\x5f\x5f\x75\x5f\x61\x70\x2c\x20\x73\x68\x6f\x72\x74\x20\x2a\x29\x3b\x20\x2a\x5f"
  "\x5f\x75\x5f\x68\x70\x20\x3d\x20\x28\x73\x68\x6f\x72\x74\x29\x5f\x5f\x75\x5f\x75"
  "\x76\x3b\x20\x7d\x0a\x20\x20\x20\x20\x20\x20\x20\x20\x20\x20\x20\x20\x20\x20\x20"
  "\x20\x20\x20\x20\x20\x20\x20\x20\x65\x6c\x73\x65\x20\x7b\x20\x69\x66\x20\x28\x5f"
  "\x5f\x75\x5f\x6c\x6e\x67\x20\x3d\x3d\x20\x30\x20\x2d\x20\x32\x29\x20\x7b\x20\x5f"
  "\x5f\x75\x5f\x73\x70\x20\x3d\x20\x76\x61\x5f\x61\x72\x67\x28\x5f\x5f\x75\x5f\x61"
  "\x70\x2c\x20\x63\x68\x61\x72\x20\x2a\x29\x3b\x20\x2a\x5f\x5f\x75\x5f\x73\x70\x20"
  "\x3d\x20\x28\x63\x68\x61\x72\x29\x5f\x5f\x75\x5f\x75\x76\x3b\x20\x7d\x0a\x20\x20"
  "\x20\x20\x20\x20\x20\x20\x20\x20\x20\x20\x20\x20\x20\x20\x20\x20\x20\x20\x20\x20"
  "\x20\x20\x20\x20\x20\x20\x20\x20\x65\x6c\x73\x65\x20\x7b\x20\x5f\x5f\x75\x5f\x69"
  "\x70\x20\x3d\x20\x76\x61\x5f\x61\x72\x67\x28\x5f\x5f\x75\x5f\x61\x70\x2c\x20\x69"
  "\x6e\x74\x20\x2a\x29\x3b\x20\x2a\x5f\x5f\x75\x5f\x69\x70\x20\x3d\x20\x28\x69\x6e"
  "\x74\x29\x5f\x5f\x75\x5f\x75\x76\x3b\x20\x7d\x20\x7d\x20\x7d\x0a\x20\x20\x20\x20"
  "\x20\x20\x20\x20\x20\x20\x20\x20\x20\x20\x20\x20\x5f\x5f\x75\x5f\x73\x74\x6f\x72"
  "\x65\x64\x20\x3d\x20\x5f\x5f\x75\x5f\x73\x74\x6f\x72\x65\x64\x20\x2b\x20\x31\x3b"
  "\x0a\x20\x20\x20\x20\x20\x20\x20\x20\x20\x20\x20\x20\x7d\x0a\x20\x20\x20\x20\x20"
  "\x20\x20\x20\x20\x20\x20\x20\x63\x6f\x6e\x74\x69\x6e\x75\x65\x3b\x0a\x20\x20\x20"
  "\x20\x20\x20\x20\x20\x7d\x0a\x20\x20\x20\x20\x20\x20\x20\x20\x69\x66\x20\x28\x5f"
  "\x5f\x75\x5f\x63\x20\x3d\x3d\x20\x31\x30\x32\x20\x7c\x7c\x20\x5f\x5f\x75\x5f\x63"
  "\x20\x3d\x3d\x20\x31\x30\x31\x20\x7c\x7c\x20\x5f\x5f\x75\x5f\x63\x20\x3d\x3d\x20"
  "\x31\x30\x33\x20\x7c\x7c\x20\x5f\x5f\x75\x5f\x63\x20\x3d\x3d\x20\x37\x30\x20\x7c"
  "\x7c\x20\x5f\x5f\x75\x5f\x63\x20\x3d\x3d\x20\x36\x39\x20\x7c\x7c\x20\x5f\x5f\x75"
  "\x5f\x63\x20\x3d\x3d\x20\x37\x31\x20\x7c\x7c\x20\x5f\x5f\x75\x5f\x63\x20\x3d\x3d"
  "\x20\x39\x37\x29\x20\x7b\x0a\x20\x20\x20\x20\x20\x20\x20\x20\x20\x20\x20\x20\x5f"
  "\x5f\x75\x5f\x6e\x65\x67\x20\x3d\x20\x30\x3b\x20\x5f\x5f\x75\x5f\x61\x6e\x79\x20"
  "\x3d\x20\x30\x3b\x20\x5f\x5f\x75\x5f\x64\x20\x3d\x20\x30\x2e\x30\x3b\x20\x5f\x5f"
  "\x75\x5f\x6e\x20\x3d\x20\x30\x3b\x0a\x20\x20\x20\x20\x20\x20\x20\x20\x20\x20\x20"
  "\x20\x69\x66\x20\x28\x5f\x5f\x75\x5f\x69\x6e\x5b\x5f\x5f\x75\x5f\x69\x5d\x20\x3d"
  "\x3d\x20\x34\x35\x20\x7c\x7c\x20\x5f\x5f\x75\x5f\x69\x6e\x5b\x5f\x5f\x75\x5f\x69"
  "\x5d\x20\x3d\x3d\x20\x34\x33\x29\x20\x7b\x20\x69\x66\x20\x28\x5f\x5f\x75\x5f\x6e"
  "\x20\x3c\x20\x5f\x5f\x75\x5f\x77\x69\x64\x74\x68\x29\x20\x7b\x20\x5f\x5f\x75\x5f"
  "\x6e\x65\x67\x20\x3d\x20\x5f\x5f\x75\x5f\x69\x6e\x5b\x5f\x5f\x75\x5f\x69\x5d\x20"
  "\x3d\x3d\x20\x34\x35\x3b\x20\x5f\x5f\x75\x5f\x69\x20\x3d\x20\x5f\x5f\x75\x5f\x69"
  "\x20\x2b\x20\x31\x3b\x20\x5f\x5f\x75\x5f\x6e\x20\x3d\x20\x5f\x5f\x75\x5f\x6e\x20"
  "\x2b\x20\x31\x3b\x20\x7d\x20\x7d\x0a\x20\x20\x20\x20\x20\x20\x20\x20\x20\x20\x20"
  "\x20\x77\x68\x69\x6c\x65\x20\x28\x5f\x5f\x75\x5f\x6e\x20\x3c\x20\x5f\x5f\x75\x5f"
  "\x77\x69\x64\x74\x68\x29\x20\x7b\x20\x5f\x5f\x75\x5f\x76\x20\x3d\x20\x5f\x75\x5f"
  "\x64\x69\x67\x69\x74\x28\x5f\x5f\x75\x5f\x69\x6e\x5b\x5f\x5f\x75\x5f\x69\x5d\x2c"
  "\x20\x31\x30\x29\x3b\x20\x69\x66\x20\x28\x5f\x5f\x75\x5f\x76\x20\x3c\x20\x30\x29"
  "\x20\x62\x72\x65\x61\x6b\x3b\x20\x5f\x5f\x75\x5f\x64\x20\x3d\x20\x5f\x5f\x75\x5f"
  "\x64\x20\x2a\x20\x31\x30\x2e\x30\x20\x2b\x20\x5f\x5f\x75\x5f\x76\x3b\x20\x5f\x5f"
  "\x75\x5f\x69\x20\x3d\x20\x5f\x5f\x75\x5f\x69\x20\x2b\x20\x31\x3b\x20\x5f\x5f\x75"
  "\x5f\x6e\x20\x3d\x20\x5f\x5f\x75\x5f\x6e\x20\x2b\x20\x31\x3b\x20\x5f\x5f\x75\x5f"
  "\x61\x6e\x79\x20\x3d\x20\x31\x3b\x20\x7d\x0a\x20\x20\x20\x20\x20\x20\x20\x20\x20"
  "\x20\x20\x20\x69\x66\x20\x28\x5f\x5f\x75\x5f\x69\x6e\x5b\x5f\x5f\x75\x5f\x69\x5d"
  "\x20\x3d\x3d\x20\x34\x36\x29\x20\x7b\x20\x69\x66\x20\x28\x5f\x5f\x75\x5f\x6e\x20"
  "\x3c\x20\x5f\x5f\x75\x5f\x77\x69\x64\x74\x68\x29\x20\x7b\x0a\x20\x20\x20\x20\x20"
  "\x20\x20\x20\x20\x20\x20\x20\x20\x20\x20\x20\x5f\x5f\x75\x5f\x69\x20\x3d\x20\x5f"
  "\x5f\x75\x5f\x69\x20\x2b\x20\x31\x3b\x20\x5f\x5f\x75\x5f\x6e\x20\x3d\x20\x5f\x5f"
  "\x75\x5f\x6e\x20\x2b\x20\x31\x3b\x20\x5f\x5f\x75\x5f\x73\x63\x61\x6c\x65\x20\x3d"
  "\x20\x30\x2e\x31\x3b\x0a\x20\x20\x20\x20\x20\x20\x20\x20\x20\x20\x20\x20\x20\x20"
  "\x20\x20\x77\x68\x69\x6c\x65\x20\x28\x5f\x5f\x75\x5f\x6e\x20\x3c\x20\x5f\x5f\x75"
  "\x5f\x77\x69\x64\x74\x68\x29\x20\x7b\x20\x5f\x5f\x75\x5f\x76\x20\x3d\x20\x5f\x75"
  "\x5f\x64\x69\x67\x69\x74\x28\x5f\x5f\x75\x5f\x69\x6e\x5b\x5f\x5f\x75\x5f\x69\x5d"
  "\x2c\x20\x31\x30\x29\x3b\x20\x69\x66\x20\x28\x5f\x5f\x75\x5f\x76\x20\x3c\x20\x30"
  "\x29\x20\x62\x72\x65\x61\x6b\x3b\x0a\x20\x20\x20\x20\x20\x20\x20\x20\x20\x20\x20"
  "\x20\x20\x20\x20\x20\x20\x20\x20\x20\x20\x20\x20\x20\x20\x20\x20\x20\x20\x20\x20"
  "\x20\x20\x20\x20\x20\x5f\x5f\x75\x5f\x64\x20\x3d\x20\x5f\x5f\x75\x5f\x64\x20\x2b"
  "\x20\x5f\x5f\x75\x5f\x76\x20\x2a\x20\x5f\x5f\x75\x5f\x73\x63\x61\x6c\x65\x3b\x20"
  "\x5f\x5f\x75\x5f\x73\x63\x61\x6c\x65\x20\x3d\x20\x5f\x5f\x75\x5f\x73\x63\x61\x6c"
  "\x65\x20\x2a\x20\x30\x2e\x31\x3b\x20\x5f\x5f\x75\x5f\x69\x20\x3d\x20\x5f\x5f\x75"
  "\x5f\x69\x20\x2b\x20\x31\x3b\x20\x5f\x5f\x75\x5f\x6e\x20\x3d\x20\x5f\x5f\x75\x5f"
  "\x6e\x20\x2b\x20\x31\x3b\x20\x5f\x5f\x75\x5f\x61\x6e\x79\x20\x3d\x20\x31\x3b\x20"
  "\x7d\x0a\x20\x20\x20\x20\x20\x20\x20\x20\x20\x20\x20\x20\x7d\x20\x7d\x0a\x20\x20"
  "\x20\x20\x20\x20\x20\x20\x20\x20\x20\x20\x69\x66\x20\x28\x5f\x5f\x75\x5f\x61\x6e"
  "\x79\x20\x3d\x3d\x20\x30\x29\x20\x62\x72\x65\x61\x6b\x3b\x0a\x20\x20\x20\x20\x20"
  "\x20\x20\x20\x20\x20\x20\x20\x69\x66\x20\x28\x5f\x5f\x75\x5f\x69\x6e\x5b\x5f\x5f"
  "\x75\x5f\x69\x5d\x20\x3d\x3d\x20\x31\x30\x31\x20\x7c\x7c\x20\x5f\x5f\x75\x5f\x69"
  "\x6e\x5b\x5f\x5f\x75\x5f\x69\x5d\x20\x3d\x3d\x20\x36\x39\x29\x20\x7b\x20\x69\x66"
  "\x20\x28\x5f\x5f\x75\x5f\x6e\x20\x3c\x20\x5f\x5f\x75\x5f\x77\x69\x64\x74\x68\x29"
  "\x20\x7b\x0a\x20\x20\x20\x20\x20\x20\x20\x20\x20\x20\x20\x20\x20\x20\x20\x20\x65"
  "\x78\x70\x20\x3d\x20\x30\x3b\x20\x5f\x5f\x75\x5f\x65\x6e\x65\x67\x20\x3d\x20\x30"
  "\x3b\x20\x5f\x5f\x75\x5f\x6a\x20\x3d\x20\x5f\x5f\x75\x5f\x6a\x3b\x20\x0a\x20\x20"
  "\x20\x20\x20\x20\x20\x20\x20\x20\x20\x20\x20\x20\x20\x20\x69\x66\x20\x28\x5f\x5f"
  "\x75\x5f\x69\x6e\x5b\x5f\x5f\x75\x5f\x69\x20\x2b\x20\x31\x5d\x20\x3d\x3d\x20\x34"
  "\x35\x20\x7c\x7c\x20\x5f\x5f\x75\x5f\x69\x6e\x5b\x5f\x5f\x75\x5f\x69\x20\x2b\x20"
  "\x31\x5d\x20\x3d\x3d\x20\x34\x33\x29\x20\x7b\x20\x5f\x5f\x75\x5f\x65\x6e\x65\x67"
  "\x20\x3d\x20\x5f\x5f\x75\x5f\x69\x6e\x5b\x5f\x5f\x75\x5f\x69\x20\x2b\x20\x31\x5d"
  "\x20\x3d\x3d\x20\x34\x35\x3b\x0a\x20\x20\x20\x20\x20\x20\x20\x20\x20\x20\x20\x20"
  "\x20\x20\x20\x20\x20\x20\x20\x20\x69\x66\x20\x28\x5f\x75\x5f\x64\x69\x67\x69\x74"
  "\x28\x5f\x5f\x75\x5f\x69\x6e\x5b\x5f\x5f\x75\x5f\x69\x20\x2b\x20\x32\x5d\x2c\x20"
  "\x31\x30\x29\x20\x3e\x3d\x20\x30\x29\x20\x7b\x20\x5f\x5f\x75\x5f\x69\x20\x3d\x20"
  "\x5f\x5f\x75\x5f\x69\x20\x2b\x20\x32\x3b\x20\x5f\x5f\x75\x5f\x6e\x20\x3d\x20\x5f"
  "\x5f\x75\x5f\x6e\x20\x2b\x20\x32\x3b\x0a\x20\x20\x20\x20\x20\x20\x20\x20\x20\x20"
  "\x20\x20\x20\x20\x20\x20\x20\x20\x20\x20\x20\x20\x20\x20\x77\x68\x69\x6c\x65\x20"
  "\x28\x5f\x5f\x75\x5f\x6e\x20\x3c\x20\x5f\x5f\x75\x5f\x77\x69\x64\x74\x68\x29\x20"
  "\x7b\x20\x5f\x5f\x75\x5f\x76\x20\x3d\x20\x5f\x75\x5f\x64\x69\x67\x69\x74\x28\x5f"
  "\x5f\x75\x5f\x69\x6e\x5b\x5f\x5f\x75\x5f\x69\x5d\x2c\x20\x31\x30\x29\x3b\x20\x69"
  "\x66\x20\x28\x5f\x5f\x75\x5f\x76\x20\x3c\x20\x30\x29\x20\x62\x72\x65\x61\x6b\x3b"
  "\x20\x65\x78\x70\x20\x3d\x20\x65\x78\x70\x20\x2a\x20\x31\x30\x20\x2b\x20\x5f\x5f"
  "\x75\x5f\x76\x3b\x20\x5f\x5f\x75\x5f\x69\x20\x3d\x20\x5f\x5f\x75\x5f\x69\x20\x2b"
  "\x20\x31\x3b\x20\x5f\x5f\x75\x5f\x6e\x20\x3d\x20\x5f\x5f\x75\x5f\x6e\x20\x2b\x20"
  "\x31\x3b\x20\x7d\x20\x7d\x20\x7d\x0a\x20\x20\x20\x20\x20\x20\x20\x20\x20\x20\x20"
  "\x20\x20\x20\x20\x20\x65\x6c\x73\x65\x20\x7b\x20\x69\x66\x20\x28\x5f\x75\x5f\x64"
  "\x69\x67\x69\x74\x28\x5f\x5f\x75\x5f\x69\x6e\x5b\x5f\x5f\x75\x5f\x69\x20\x2b\x20"
  "\x31\x5d\x2c\x20\x31\x30\x29\x20\x3e\x3d\x20\x30\x29\x20\x7b\x20\x5f\x5f\x75\x5f"
  "\x69\x20\x3d\x20\x5f\x5f\x75\x5f\x69\x20\x2b\x20\x31\x3b\x20\x5f\x5f\x75\x5f\x6e"
  "\x20\x3d\x20\x5f\x5f\x75\x5f\x6e\x20\x2b\x20\x31\x3b\x0a\x20\x20\x20\x20\x20\x20"
  "\x20\x20\x20\x20\x20\x20\x20\x20\x20\x20\x20\x20\x20\x20\x20\x20\x20\x20\x77\x68"
  "\x69\x6c\x65\x20\x28\x5f\x5f\x75\x5f\x6e\x20\x3c\x20\x5f\x5f\x75\x5f\x77\x69\x64"
  "\x74\x68\x29\x20\x7b\x20\x5f\x5f\x75\x5f\x76\x20\x3d\x20\x5f\x75\x5f\x64\x69\x67"
  "\x69\x74\x28\x5f\x5f\x75\x5f\x69\x6e\x5b\x5f\x5f\x75\x5f\x69\x5d\x2c\x20\x31\x30"
  "\x29\x3b\x20\x69\x66\x20\x28\x5f\x5f\x75\x5f\x76\x20\x3c\x20\x30\x29\x20\x62\x72"
  "\x65\x61\x6b\x3b\x20\x65\x78\x70\x20\x3d\x20\x65\x78\x70\x20\x2a\x20\x31\x30\x20"
  "\x2b\x20\x5f\x5f\x75\x5f\x76\x3b\x20\x5f\x5f\x75\x5f\x69\x20\x3d\x20\x5f\x5f\x75"
  "\x5f\x69\x20\x2b\x20\x31\x3b\x20\x5f\x5f\x75\x5f\x6e\x20\x3d\x20\x5f\x5f\x75\x5f"
  "\x6e\x20\x2b\x20\x31\x3b\x20\x7d\x20\x7d\x20\x7d\x0a\x20\x20\x20\x20\x20\x20\x20"
  "\x20\x20\x20\x20\x20\x20\x20\x20\x20\x77\x68\x69\x6c\x65\x20\x28\x65\x78\x70\x20"
  "\x3e\x20\x30\x29\x20\x7b\x20\x69\x66\x20\x28\x5f\x5f\x75\x5f\x65\x6e\x65\x67\x29"
  "\x20\x5f\x5f\x75\x5f\x64\x20\x3d\x20\x5f\x5f\x75\x5f\x64\x20\x2f\x20\x31\x30\x2e"
  "\x30\x3b\x20\x65\x6c\x73\x65\x20\x5f\x5f\x75\x5f\x64\x20\x3d\x20\x5f\x5f\x75\x5f"
  "\x64\x20\x2a\x20\x31\x30\x2e\x30\x3b\x20\x65\x78\x70\x20\x3d\x20\x65\x78\x70\x20"
  "\x2d\x20\x31\x3b\x20\x7d\x0a\x20\x20\x20\x20\x20\x20\x20\x20\x20\x20\x20\x20\x7d"
  "\x20\x7d\x0a\x20\x20\x20\x20\x20\x20\x20\x20\x20\x20\x20\x20\x69\x66\x20\x28\x5f"
  "\x5f\x75\x5f\x6e\x65\x67\x29\x20\x5f\x5f\x75\x5f\x64\x20\x3d\x20\x30\x2e\x30\x20"
  "\x2d\x20\x5f\x5f\x75\x5f\x64\x3b\x0a\x20\x20\x20\x20\x20\x20\x20\x20\x20\x20\x20"
  "\x20\x69\x66\x20\x28\x5f\x5f\x75\x5f\x73\x6b\x69\x70\x20\x3d\x3d\x20\x30\x29\x20"
  "\x7b\x0a\x20\x20\x20\x20\x20\x20\x20\x20\x20\x20\x20\x20\x20\x20\x20\x20\x69\x66"
  "\x20\x28\x5f\x5f\x75\x5f\x6c\x6e\x67\x20\x3d\x3d\x20\x31\x29\x20\x7b\x20\x5f\x5f"
  "\x75\x5f\x64\x70\x20\x3d\x20\x76\x61\x5f\x61\x72\x67\x28\x5f\x5f\x75\x5f\x61\x70"
  "\x2c\x20\x64\x6f\x75\x62\x6c\x65\x20\x2a\x29\x3b\x20\x2a\x5f\x5f\x75\x5f\x64\x70"
  "\x20\x3d\x20\x5f\x5f\x75\x5f\x64\x3b\x20\x7d\x0a\x20\x20\x20\x20\x20\x20\x20\x20"
  "\x20\x20\x20\x20\x20\x20\x20\x20\x65\x6c\x73\x65\x20\x7b\x20\x5f\x5f\x75\x5f\x66"
  "\x70\x20\x3d\x20\x76\x61\x5f\x61\x72\x67\x28\x5f\x5f\x75\x5f\x61\x70\x2c\x20\x66"
  "\x6c\x6f\x61\x74\x20\x2a\x29\x3b\x20\x2a\x5f\x5f\x75\x5f\x66\x70\x20\x3d\x20\x28"
  "\x66\x6c\x6f\x61\x74\x29\x5f\x5f\x75\x5f\x64\x3b\x20\x7d\x0a\x20\x20\x20\x20\x20"
  "\x20\x20\x20\x20\x20\x20\x20\x20\x20\x20\x20\x5f\x5f\x75\x5f\x73\x74\x6f\x72\x65"
  "\x64\x20\x3d\x20\x5f\x5f\x75\x5f\x73\x74\x6f\x72\x65\x64\x20\x2b\x20\x31\x3b\x0a"
  "\x20\x20\x20\x20\x20\x20\x20\x20\x20\x20\x20\x20\x7d\x0a\x20\x20\x20\x20\x20\x20"
  "\x20\x20\x20\x20\x20\x20\x63\x6f\x6e\x74\x69\x6e\x75\x65\x3b\x0a\x20\x20\x20\x20"
  "\x20\x20\x20\x20\x7d\x0a\x20\x20\x20\x20\x20\x20\x20\x20\x69\x66\x20\x28\x5f\x5f"
  "\x75\x5f\x63\x20\x3d\x3d\x20\x31\x31\x30\x29\x20\x7b\x20\x20\x20\x20\x20\x20\x20"
  "\x20\x20\x20\x20\x20\x20\x20\x20\x20\x20\x20\x20\x20\x20\x20\x20\x20\x20\x20\x20"
  "\x20\x20\x20\x20\x20\x20\x20\x2f\x2a\x20\x25\x6e\x20\x2a\x2f\x0a\x20\x20\x20\x20"
  "\x20\x20\x20\x20\x20\x20\x20\x20\x69\x66\x20\x28\x5f\x5f\x75\x5f\x73\x6b\x69\x70"
  "\x20\x3d\x3d\x20\x30\x29\x20\x7b\x20\x5f\x5f\x75\x5f\x69\x70\x20\x3d\x20\x76\x61"
  "\x5f\x61\x72\x67\x28\x5f\x5f\x75\x5f\x61\x70\x2c\x20\x69\x6e\x74\x20\x2a\x29\x3b"
  "\x20\x2a\x5f\x5f\x75\x5f\x69\x70\x20\x3d\x20\x28\x69\x6e\x74\x29\x5f\x5f\x75\x5f"
  "\x69\x3b\x20\x7d\x0a\x20\x20\x20\x20\x20\x20\x20\x20\x20\x20\x20\x20\x63\x6f\x6e"
  "\x74\x69\x6e\x75\x65\x3b\x0a\x20\x20\x20\x20\x20\x20\x20\x20\x7d\x0a\x20\x20\x20"
  "\x20\x20\x20\x20\x20\x62\x72\x65\x61\x6b\x3b\x20\x20\x20\x20\x20\x20\x20\x20\x20"
  "\x20\x20\x20\x20\x20\x20\x20\x20\x20\x20\x20\x20\x20\x20\x20\x20\x20\x20\x20\x20"
  "\x20\x20\x20\x20\x20\x20\x20\x20\x20\x20\x20\x20\x20\x20\x2f\x2a\x20\x61\x6e\x20"
  "\x75\x6e\x6b\x6e\x6f\x77\x6e\x20\x63\x6f\x6e\x76\x65\x72\x73\x69\x6f\x6e\x20\x65"
  "\x6e\x64\x73\x20\x74\x68\x65\x20\x73\x63\x61\x6e\x20\x2a\x2f\x0a\x20\x20\x20\x20"
  "\x7d\x0a\x20\x20\x20\x20\x72\x65\x74\x75\x72\x6e\x20\x5f\x5f\x75\x5f\x73\x74\x6f"
  "\x72\x65\x64\x3b\x0a\x7d\x0a\x23\x65\x6e\x64\x69\x66\x0a\x23\x69\x66\x20\x21\x5f"
  "\x5f\x55\x4e\x49\x53\x41\x5f\x46\x54\x52\x49\x4d\x5f\x4c\x49\x42\x43\x20\x7c\x7c"
  "\x20\x5f\x5f\x55\x4e\x5f\x73\x73\x63\x61\x6e\x66\x0a\x73\x74\x61\x74\x69\x63\x20"
  "\x69\x6e\x74\x20\x73\x73\x63\x61\x6e\x66\x28\x63\x6f\x6e\x73\x74\x20\x63\x68\x61"
  "\x72\x20\x2a\x5f\x5f\x75\x5f\x69\x6e\x2c\x20\x63\x6f\x6e\x73\x74\x20\x63\x68\x61"
  "\x72\x20\x2a\x5f\x5f\x75\x5f\x66\x6d\x74\x2c\x20\x2e\x2e\x2e\x29\x20\x7b\x0a\x20"
  "\x20\x20\x20\x76\x61\x5f\x6c\x69\x73\x74\x20\x5f\x5f\x75\x5f\x61\x70\x3b\x20\x69"
  "\x6e\x74\x20\x5f\x5f\x75\x5f\x72\x3b\x0a\x20\x20\x20\x20\x76\x61\x5f\x73\x74\x61"
  "\x72\x74\x28\x5f\x5f\x75\x5f\x61\x70\x2c\x20\x5f\x5f\x75\x5f\x66\x6d\x74\x29\x3b"
  "\x0a\x20\x20\x20\x20\x5f\x5f\x75\x5f\x72\x20\x3d\x20\x76\x73\x73\x63\x61\x6e\x66"
  "\x28\x5f\x5f\x75\x5f\x69\x6e\x2c\x20\x5f\x5f\x75\x5f\x66\x6d\x74\x2c\x20\x5f\x5f"
  "\x75\x5f\x61\x70\x29\x3b\x0a\x20\x20\x20\x20\x76\x61\x5f\x65\x6e\x64\x28\x5f\x5f"
  "\x75\x5f\x61\x70\x29\x3b\x0a\x20\x20\x20\x20\x72\x65\x74\x75\x72\x6e\x20\x5f\x5f"
  "\x75\x5f\x72\x3b\x0a\x7d\x0a\x23\x65\x6e\x64\x69\x66\x0a\x0a\x2f\x2a\x20\x70\x65"
  "\x72\x72\x6f\x72\x3a\x20\x74\x68\x65\x20\x6d\x65\x73\x73\x61\x67\x65\x2c\x20\x61"
  "\x20\x63\x6f\x6c\x6f\x6e\x2c\x20\x61\x6e\x64\x20\x65\x72\x72\x6e\x6f\x27\x73\x20"
  "\x74\x65\x78\x74\x20\x2d\x2d\x20\x74\x68\x65\x20\x65\x6c\x65\x76\x65\x6e\x20\x63"
  "\x6f\x64\x65\x73\x0a\x20\x20\x20\x3c\x65\x72\x72\x6e\x6f\x2e\x68\x3e\x20\x64\x65"
  "\x66\x69\x6e\x65\x73\x2c\x20\x22\x55\x6e\x6b\x6e\x6f\x77\x6e\x20\x65\x72\x72\x6f"
  "\x72\x20\x4e\x22\x20\x66\x6f\x72\x20\x74\x68\x65\x20\x72\x65\x73\x74\x2e\x20\x2a"
  "\x2f\x0a\x23\x69\x66\x20\x21\x5f\x5f\x55\x4e\x49\x53\x41\x5f\x46\x54\x52\x49\x4d"
  "\x5f\x4c\x49\x42\x43\x20\x7c\x7c\x20\x5f\x5f\x55\x4e\x5f\x73\x74\x72\x65\x72\x72"
  "\x6f\x72\x0a\x73\x74\x61\x74\x69\x63\x20\x63\x68\x61\x72\x20\x2a\x73\x74\x72\x65"
  "\x72\x72\x6f\x72\x28\x69\x6e\x74\x20\x5f\x5f\x75\x5f\x65\x29\x20\x7b\x0a\x20\x20"
  "\x20\x20\x69\x66\x20\x28\x5f\x5f\x75\x5f\x65\x20\x3d\x3d\x20\x30\x29\x20\x72\x65"
  "\x74\x75\x72\x6e\x20\x22\x53\x75\x63\x63\x65\x73\x73\x22\x3b\x0a\x20\x20\x20\x20"
  "\x69\x66\x20\x28\x5f\x5f\x75\x5f\x65\x20\x3d\x3d\x20\x31\x29\x20\x72\x65\x74\x75"
  "\x72\x6e\x20\x22\x4f\x70\x65\x72\x61\x74\x69\x6f\x6e\x20\x6e\x6f\x74\x20\x70\x65"
  "\x72\x6d\x69\x74\x74\x65\x64\x22\x3b\x0a\x20\x20\x20\x20\x69\x66\x20\x28\x5f\x5f"
  "\x75\x5f\x65\x20\x3d\x3d\x20\x32\x29\x20\x72\x65\x74\x75\x72\x6e\x20\x22\x4e\x6f"
  "\x20\x73\x75\x63\x68\x20\x66\x69\x6c\x65\x20\x6f\x72\x20\x64\x69\x72\x65\x63\x74"
  "\x6f\x72\x79\x22\x3b\x0a\x20\x20\x20\x20\x69\x66\x20\x28\x5f\x5f\x75\x5f\x65\x20"
  "\x3d\x3d\x20\x35\x29\x20\x72\x65\x74\x75\x72\x6e\x20\x22\x49\x6e\x70\x75\x74\x2f"
  "\x6f\x75\x74\x70\x75\x74\x20\x65\x72\x72\x6f\x72\x22\x3b\x0a\x20\x20\x20\x20\x69"
  "\x66\x20\x28\x5f\x5f\x75\x5f\x65\x20\x3d\x3d\x20\x39\x29\x20\x72\x65\x74\x75\x72"
  "\x6e\x20\x22\x42\x61\x64\x20\x66\x69\x6c\x65\x20\x64\x65\x73\x63\x72\x69\x70\x74"
  "\x6f\x72\x22\x3b\x0a\x20\x20\x20\x20\x69\x66\x20\x28\x5f\x5f\x75\x5f\x65\x20\x3d"
  "\x3d\x20\x31\x32\x29\x20\x72\x65\x74\x75\x72\x6e\x20\x22\x43\x61\x6e\x6e\x6f\x74"
  "\x20\x61\x6c\x6c\x6f\x63\x61\x74\x65\x20\x6d\x65\x6d\x6f\x72\x79\x22\x3b\x0a\x20"
  "\x20\x20\x20\x69\x66\x20\x28\x5f\x5f\x75\x5f\x65\x20\x3d\x3d\x20\x31\x33\x29\x20"
  "\x72\x65\x74\x75\x72\x6e\x20\x22\x50\x65\x72\x6d\x69\x73\x73\x69\x6f\x6e\x20\x64"
  "\x65\x6e\x69\x65\x64\x22\x3b\x0a\x20\x20\x20\x20\x69\x66\x20\x28\x5f\x5f\x75\x5f"
  "\x65\x20\x3d\x3d\x20\x31\x37\x29\x20\x72\x65\x74\x75\x72\x6e\x20\x22\x46\x69\x6c"
  "\x65\x20\x65\x78\x69\x73\x74\x73\x22\x3b\x0a\x20\x20\x20\x20\x69\x66\x20\x28\x5f"
  "\x5f\x75\x5f\x65\x20\x3d\x3d\x20\x32\x32\x29\x20\x72\x65\x74\x75\x72\x6e\x20\x22"
  "\x49\x6e\x76\x61\x6c\x69\x64\x20\x61\x72\x67\x75\x6d\x65\x6e\x74\x22\x3b\x0a\x20"
  "\x20\x20\x20\x69\x66\x20\x28\x5f\x5f\x75\x5f\x65\x20\x3d\x3d\x20\x32\x35\x29\x20"
  "\x72\x65\x74\x75\x72\x6e\x20\x22\x49\x6e\x61\x70\x70\x72\x6f\x70\x72\x69\x61\x74"
  "\x65\x20\x69\x6f\x63\x74\x6c\x20\x66\x6f\x72\x20\x64\x65\x76\x69\x63\x65\x22\x3b"
  "\x0a\x20\x20\x20\x20\x69\x66\x20\x28\x5f\x5f\x75\x5f\x65\x20\x3d\x3d\x20\x32\x38"
  "\x29\x20\x72\x65\x74\x75\x72\x6e\x20\x22\x4e\x6f\x20\x73\x70\x61\x63\x65\x20\x6c"
  "\x65\x66\x74\x20\x6f\x6e\x20\x64\x65\x76\x69\x63\x65\x22\x3b\x0a\x20\x20\x20\x20"
  "\x69\x66\x20\x28\x5f\x5f\x75\x5f\x65\x20\x3d\x3d\x20\x33\x33\x29\x20\x72\x65\x74"
  "\x75\x72\x6e\x20\x22\x4e\x75\x6d\x65\x72\x69\x63\x61\x6c\x20\x61\x72\x67\x75\x6d"
  "\x65\x6e\x74\x20\x6f\x75\x74\x20\x6f\x66\x20\x64\x6f\x6d\x61\x69\x6e\x22\x3b\x0a"
  "\x20\x20\x20\x20\x69\x66\x20\x28\x5f\x5f\x75\x5f\x65\x20\x3d\x3d\x20\x33\x34\x29"
  "\x20\x72\x65\x74\x75\x72\x6e\x20\x22\x4e\x75\x6d\x65\x72\x69\x63\x61\x6c\x20\x72"
  "\x65\x73\x75\x6c\x74\x20\x6f\x75\x74\x20\x6f\x66\x20\x72\x61\x6e\x67\x65\x22\x3b"
  "\x0a\x20\x20\x20\x20\x72\x65\x74\x75\x72\x6e\x20\x22\x55\x6e\x6b\x6e\x6f\x77\x6e"
  "\x20\x65\x72\x72\x6f\x72\x22\x3b\x0a\x7d\x0a\x23\x65\x6e\x64\x69\x66\x0a\x23\x69"
  "\x66\x20\x21\x5f\x5f\x55\x4e\x49\x53\x41\x5f\x46\x54\x52\x49\x4d\x5f\x4c\x49\x42"
  "\x43\x20\x7c\x7c\x20\x5f\x5f\x55\x4e\x5f\x70\x65\x72\x72\x6f\x72\x0a\x73\x74\x61"
  "\x74\x69\x63\x20\x76\x6f\x69\x64\x20\x70\x65\x72\x72\x6f\x72\x28\x63\x6f\x6e\x73"
  "\x74\x20\x63\x68\x61\x72\x20\x2a\x5f\x5f\x75\x5f\x73\x29\x20\x7b\x0a\x20\x20\x20"
  "\x20\x69\x66\x20\x28\x5f\x5f\x75\x5f\x73\x29\x20\x7b\x20\x69\x66\x20\x28\x2a\x5f"
  "\x5f\x75\x5f\x73\x29\x20\x7b\x20\x66\x70\x75\x74\x73\x28\x5f\x5f\x75\x5f\x73\x2c"
  "\x20\x73\x74\x64\x65\x72\x72\x29\x3b\x20\x66\x70\x75\x74\x73\x28\x22\x3a\x20\x22"
  "\x2c\x20\x73\x74\x64\x65\x72\x72\x29\x3b\x20\x7d\x20\x7d\x0a\x20\x20\x20\x20\x66"
  "\x70\x75\x74\x73\x28\x73\x74\x72\x65\x72\x72\x6f\x72\x28\x65\x72\x72\x6e\x6f\x29"
  "\x2c\x20\x73\x74\x64\x65\x72\x72\x29\x3b\x0a\x20\x20\x20\x20\x66\x70\x75\x74\x63"
  "\x28\x31\x30\x2c\x20\x73\x74\x64\x65\x72\x72\x29\x3b\x0a\x7d\x0a\x23\x65\x6e\x64"
  "\x69\x66\x0a\x0a\x2f\x2a\x20\x67\x65\x74\x6c\x69\x6e\x65\x20\x28\x50\x4f\x53\x49"
  "\x58\x20\x32\x30\x30\x38\x29\x2c\x20\x30\x2e\x30\x2e\x31\x38\x20\x52\x31\x38\x2d"
  "\x35\x3a\x20\x74\x68\x65\x20\x6c\x69\x6e\x65\x20\x77\x69\x74\x68\x20\x69\x74\x73"
  "\x20\x6e\x65\x77\x6c\x69\x6e\x65\x2c\x20\x74\x68\x65\x20\x62\x75\x66\x66\x65\x72"
  "\x0a\x20\x20\x20\x67\x72\x6f\x77\x6e\x20\x77\x69\x74\x68\x20\x72\x65\x61\x6c\x6c"
  "\x6f\x63\x3b\x20\x2d\x31\x20\x61\x74\x20\x65\x6e\x64\x20\x6f\x66\x20\x66\x69\x6c"
  "\x65\x20\x77\x69\x74\x68\x20\x6e\x6f\x74\x68\x69\x6e\x67\x20\x72\x65\x61\x64\x2e"
  "\x20\x2a\x2f\x0a\x23\x69\x66\x20\x21\x5f\x5f\x55\x4e\x49\x53\x41\x5f\x46\x54\x52"
  "\x49\x4d\x5f\x4c\x49\x42\x43\x20\x7c\x7c\x20\x5f\x5f\x55\x4e\x5f\x67\x65\x74\x6c"
  "\x69\x6e\x65\x0a\x23\x69\x6e\x63\x6c\x75\x64\x65\x20\x3c\x73\x74\x64\x6c\x69\x62"
  "\x2e\x68\x3e\x0a\x73\x74\x61\x74\x69\x63\x20\x6c\x6f\x6e\x67\x20\x67\x65\x74\x6c"
  "\x69\x6e\x65\x28\x63\x68\x61\x72\x20\x2a\x2a\x5f\x5f\x75\x5f\x6c\x69\x6e\x65\x2c"
  "\x20\x73\x69\x7a\x65\x5f\x74\x20\x2a\x5f\x5f\x75\x5f\x63\x61\x70\x2c\x20\x46\x49"
  "\x4c\x45\x20\x2a\x5f\x5f\x75\x5f\x66\x29\x20\x7b\x0a\x20\x20\x20\x20\x73\x69\x7a"
  "\x65\x5f\x74\x20\x5f\x5f\x75\x5f\x6e\x3b\x20\x69\x6e\x74\x20\x5f\x5f\x75\x5f\x63"
  "\x3b\x20\x63\x68\x61\x72\x20\x2a\x5f\x5f\x75\x5f\x70\x3b\x0a\x20\x20\x20\x20\x69"
  "\x66\x20\x28\x5f\x5f\x75\x5f\x6c\x69\x6e\x65\x20\x3d\x3d\x20\x4e\x55\x4c\x4c\x20"
  "\x7c\x7c\x20\x5f\x5f\x75\x5f\x63\x61\x70\x20\x3d\x3d\x20\x4e\x55\x4c\x4c\x29\x20"
  "\x7b\x20\x65\x72\x72\x6e\x6f\x20\x3d\x20\x45\x49\x4e\x56\x41\x4c\x3b\x20\x72\x65"
  "\x74\x75\x72\x6e\x20\x2d\x31\x3b\x20\x7d\x0a\x20\x20\x20\x20\x69\x66\x20\x28\x2a"
  "\x5f\x5f\x75\x5f\x6c\x69\x6e\x65\x20\x3d\x3d\x20\x4e\x55\x4c\x4c\x20\x7c\x7c\x20"
  "\x2a\x5f\x5f\x75\x5f\x63\x61\x70\x20\x3d\x3d\x20\x30\x29\x20\x7b\x0a\x20\x20\x20"
  "\x20\x20\x20\x20\x20\x5f\x5f\x75\x5f\x70\x20\x3d\x20\x28\x63\x68\x61\x72\x20\x2a"
  "\x29\x72\x65\x61\x6c\x6c\x6f\x63\x28\x2a\x5f\x5f\x75\x5f\x6c\x69\x6e\x65\x2c\x20"
  "\x31\x32\x38\x29\x3b\x20\x69\x66\x20\x28\x5f\x5f\x75\x5f\x70\x20\x3d\x3d\x20\x4e"
  "\x55\x4c\x4c\x29\x20\x7b\x20\x65\x72\x72\x6e\x6f\x20\x3d\x20\x45\x4e\x4f\x4d\x45"
  "\x4d\x3b\x20\x72\x65\x74\x75\x72\x6e\x20\x2d\x31\x3b\x20\x7d\x0a\x20\x20\x20\x20"
  "\x20\x20\x20\x20\x2a\x5f\x5f\x75\x5f\x6c\x69\x6e\x65\x20\x3d\x20\x5f\x5f\x75\x5f"
  "\x70\x3b\x20\x2a\x5f\x5f\x75\x5f\x63\x61\x70\x20\x3d\x20\x31\x32\x38\x3b\x0a\x20"
  "\x20\x20\x20\x7d\x0a\x20\x20\x20\x20\x5f\x5f\x75\x5f\x6e\x20\x3d\x20\x30\x3b\x0a"
  "\x20\x20\x20\x20\x77\x68\x69\x6c\x65\x20\x28\x31\x29\x20\x7b\x0a\x20\x20\x20\x20"
  "\x20\x20\x20\x20\x5f\x5f\x75\x5f\x63\x20\x3d\x20\x66\x67\x65\x74\x63\x28\x5f\x5f"
  "\x75\x5f\x66\x29\x3b\x0a\x20\x20\x20\x20\x20\x20\x20\x20\x69\x66\x20\x28\x5f\x5f"
  "\x75\x5f\x63\x20\x3d\x3d\x20\x45\x4f\x46\x29\x20\x62\x72\x65\x61\x6b\x3b\x0a\x20"
  "\x20\x20\x20\x20\x20\x20\x20\x69\x66\x20\x28\x5f\x5f\x75\x5f\x6e\x20\x2b\x20\x32"
  "\x20\x3e\x20\x2a\x5f\x5f\x75\x5f\x63\x61\x70\x29\x20\x7b\x0a\x20\x20\x20\x20\x20"
  "\x20\x20\x20\x20\x20\x20\x20\x5f\x5f\x75\x5f\x70\x20\x3d\x20\x28\x63\x68\x61\x72"
  "\x20\x2a\x29\x72\x65\x61\x6c\x6c\x6f\x63\x28\x2a\x5f\x5f\x75\x5f\x6c\x69\x6e\x65"
  "\x2c\x20\x2a\x5f\x5f\x75\x5f\x63\x61\x70\x20\x2a\x20\x32\x29\x3b\x20\x69\x66\x20"
  "\x28\x5f\x5f\x75\x5f\x70\x20\x3d\x3d\x20\x4e\x55\x4c\x4c\x29\x20\x7b\x20\x65\x72"
  "\x72\x6e\x6f\x20\x3d\x20\x45\x4e\x4f\x4d\x45\x4d\x3b\x20\x72\x65\x74\x75\x72\x6e"
  "\x20\x2d\x31\x3b\x20\x7d\x0a\x20\x20\x20\x20\x20\x20\x20\x20\x20\x20\x20\x20\x2a"
  "\x5f\x5f\x75\x5f\x6c\x69\x6e\x65\x20\x3d\x20\x5f\x5f\x75\x5f\x70\x3b\x20\x2a\x5f"
  "\x5f\x75\x5f\x63\x61\x70\x20\x3d\x20\x2a\x5f\x5f\x75\x5f\x63\x61\x70\x20\x2a\x20"
  "\x32\x3b\x0a\x20\x20\x20\x20\x20\x20\x20\x20\x7d\x0a\x20\x20\x20\x20\x20\x20\x20"
  "\x20\x28\x2a\x5f\x5f\x75\x5f\x6c\x69\x6e\x65\x29\x5b\x5f\x5f\x75\x5f\x6e\x5d\x20"
  "\x3d\x20\x28\x63\x68\x61\x72\x29\x5f\x5f\x75\x5f\x63\x3b\x20\x5f\x5f\x75\x5f\x6e"
  "\x20\x3d\x20\x5f\x5f\x75\x5f\x6e\x20\x2b\x20\x31\x3b\x0a\x20\x20\x20\x20\x20\x20"
  "\x20\x20\x69\x66\x20\x28\x5f\x5f\x75\x5f\x63\x20\x3d\x3d\x20\x31\x30\x29\x20\x62"
  "\x72\x65\x61\x6b\x3b\x0a\x20\x20\x20\x20\x7d\x0a\x20\x20\x20\x20\x69\x66\x20\x28"
  "\x5f\x5f\x75\x5f\x6e\x20\x3d\x3d\x20\x30\x29\x20\x72\x65\x74\x75\x72\x6e\x20\x2d"
  "\x31\x3b\x0a\x20\x20\x20\x20\x28\x2a\x5f\x5f\x75\x5f\x6c\x69\x6e\x65\x29\x5b\x5f"
  "\x5f\x75\x5f\x6e\x5d\x20\x3d\x20\x30\x3b\x0a\x20\x20\x20\x20\x72\x65\x74\x75\x72"
  "\x6e\x20\x28\x6c\x6f\x6e\x67\x29\x5f\x5f\x75\x5f\x6e\x3b\x0a\x7d\x0a\x23\x65\x6e"
  "\x64\x69\x66\x0a\x23\x65\x6e\x64\x69\x66\x0a";

/* HDR_19: include/stdlib.h, verbatim */
char *HDR_19 =
  "\x2f\x2a\x20\x3c\x73\x74\x64\x6c\x69\x62\x2e\x68\x3e\x20\x66\x6f\x72\x20\x74\x68"
  "\x65\x20\x75\x6e\x69\x73\x61\x20\x43\x20\x73\x75\x62\x73\x65\x74\x2e\x20\x20\x54"
  "\x68\x65\x20\x61\x6c\x6c\x6f\x63\x61\x74\x6f\x72\x20\x74\x61\x6b\x65\x73\x20\x69"
  "\x74\x73\x20\x6d\x65\x6d\x6f\x72\x79\x20\x66\x72\x6f\x6d\x20\x74\x68\x65\x0a\x20"
  "\x2a\x20\x4f\x53\x20\x74\x68\x72\x6f\x75\x67\x68\x20\x74\x68\x65\x20\x5f\x5f\x6d"
  "\x6d\x61\x70\x2f\x5f\x5f\x6d\x75\x6e\x6d\x61\x70\x20\x67\x61\x74\x65\x73\x20\x61"
  "\x6e\x64\x20\x72\x65\x75\x73\x65\x73\x20\x77\x68\x61\x74\x20\x69\x73\x20\x66\x72"
  "\x65\x65\x64\x3b\x20\x6e\x6f\x74\x68\x69\x6e\x67\x20\x68\x65\x72\x65\x0a\x20\x2a"
  "\x20\x6e\x65\x65\x64\x73\x20\x61\x20\x6c\x69\x6e\x6b\x65\x72\x2e\x20\x2a\x2f\x0a"
  "\x23\x69\x66\x6e\x64\x65\x66\x20\x5f\x55\x4e\x49\x53\x41\x5f\x53\x54\x44\x4c\x49"
  "\x42\x5f\x48\x0a\x23\x64\x65\x66\x69\x6e\x65\x20\x5f\x55\x4e\x49\x53\x41\x5f\x53"
  "\x54\x44\x4c\x49\x42\x5f\x48\x0a\x23\x69\x6e\x63\x6c\x75\x64\x65\x20\x3c\x73\x74"
  "\x64\x64\x65\x66\x2e\x68\x3e\x0a\x23\x69\x6e\x63\x6c\x75\x64\x65\x20\x3c\x65\x72"
  "\x72\x6e\x6f\x2e\x68\x3e\x0a\x23\x69\x6e\x63\x6c\x75\x64\x65\x20\x3c\x6c\x69\x6d"
  "\x69\x74\x73\x2e\x68\x3e\x0a\x23\x64\x65\x66\x69\x6e\x65\x20\x4e\x55\x4c\x4c\x20"
  "\x30\x0a\x23\x64\x65\x66\x69\x6e\x65\x20\x45\x58\x49\x54\x5f\x53\x55\x43\x43\x45"
  "\x53\x53\x20\x30\x0a\x23\x64\x65\x66\x69\x6e\x65\x20\x45\x58\x49\x54\x5f\x46\x41"
  "\x49\x4c\x55\x52\x45\x20\x31\x0a\x23\x64\x65\x66\x69\x6e\x65\x20\x52\x41\x4e\x44"
  "\x5f\x4d\x41\x58\x20\x33\x32\x37\x36\x37\x0a\x0a\x69\x6e\x74\x20\x65\x78\x69\x74"
  "\x28\x29\x3b\x0a\x0a\x2f\x2a\x20\x54\x68\x65\x20\x61\x6c\x6c\x6f\x63\x61\x74\x6f"
  "\x72\x2e\x20\x20\x4d\x65\x6d\x6f\x72\x79\x20\x63\x6f\x6d\x65\x73\x20\x66\x72\x6f"
  "\x6d\x20\x74\x68\x65\x20\x4f\x53\x20\x69\x6e\x20\x31\x20\x4d\x42\x20\x63\x68\x75"
  "\x6e\x6b\x73\x20\x28\x6d\x6d\x61\x70\x2c\x20\x6f\x72\x0a\x20\x2a\x20\x56\x69\x72"
  "\x74\x75\x61\x6c\x41\x6c\x6c\x6f\x63\x20\x6f\x6e\x20\x57\x69\x6e\x64\x6f\x77\x73"
  "\x29\x3b\x20\x61\x20\x62\x6c\x6f\x63\x6b\x20\x69\x73\x20\x61\x20\x31\x36\x2d\x62"
  "\x79\x74\x65\x20\x68\x65\x61\x64\x65\x72\x20\x2d\x2d\x20\x69\x74\x73\x20\x73\x69"
  "\x7a\x65\x2c\x20\x74\x68\x65\x6e\x20\x69\x74\x73\x0a\x20\x2a\x20\x63\x6c\x61\x73"
  "\x73\x20\x2d\x2d\x20\x61\x6e\x64\x20\x74\x68\x65\x20\x70\x61\x79\x6c\x6f\x61\x64"
  "\x2c\x20\x73\x6f\x20\x65\x76\x65\x72\x79\x20\x70\x6f\x69\x6e\x74\x65\x72\x20\x68"
  "\x61\x6e\x64\x65\x64\x20\x6f\x75\x74\x20\x69\x73\x20\x31\x36\x2d\x61\x6c\x69\x67"
  "\x6e\x65\x64\x2e\x0a\x20\x2a\x20\x20\x20\x73\x6d\x61\x6c\x6c\x3a\x20\x68\x65\x61"
  "\x64\x65\x72\x20\x2b\x20\x72\x65\x71\x75\x65\x73\x74\x20\x3c\x3d\x20\x36\x34\x20"
  "\x4b\x42\x20\x69\x73\x20\x72\x6f\x75\x6e\x64\x65\x64\x20\x75\x70\x20\x74\x6f\x20"
  "\x61\x20\x70\x6f\x77\x65\x72\x20\x6f\x66\x20\x74\x77\x6f\x2c\x20\x33\x32\x20\x2e"
  "\x2e\x0a\x20\x2a\x20\x20\x20\x20\x20\x20\x20\x20\x20\x20\x36\x35\x35\x33\x36\x20"
  "\x28\x63\x6c\x61\x73\x73\x65\x73\x20\x30\x20\x2e\x2e\x20\x31\x31\x29\x2e\x20\x20"
  "\x41\x20\x66\x72\x65\x65\x64\x20\x62\x6c\x6f\x63\x6b\x20\x67\x6f\x65\x73\x20\x6f"
  "\x6e\x20\x69\x74\x73\x20\x63\x6c\x61\x73\x73\x27\x73\x20\x6c\x69\x73\x74\x0a\x20"
  "\x2a\x20\x20\x20\x20\x20\x20\x20\x20\x20\x20\x28\x74\x68\x65\x20\x6c\x69\x6e\x6b"
  "\x20\x6c\x69\x76\x65\x73\x20\x69\x6e\x20\x74\x68\x65\x20\x70\x61\x79\x6c\x6f\x61"
  "\x64\x29\x20\x61\x6e\x64\x20\x74\x68\x65\x20\x6e\x65\x78\x74\x20\x72\x65\x71\x75"
  "\x65\x73\x74\x20\x6f\x66\x20\x74\x68\x61\x74\x20\x63\x6c\x61\x73\x73\x0a\x20\x2a"
  "\x20\x20\x20\x20\x20\x20\x20\x20\x20\x20\x74\x61\x6b\x65\x73\x20\x69\x74\x20\x62"
  "\x61\x63\x6b\x2e\x20\x20\x4e\x6f\x74\x68\x69\x6e\x67\x20\x69\x73\x20\x73\x70\x6c"
  "\x69\x74\x20\x6f\x72\x20\x63\x6f\x61\x6c\x65\x73\x63\x65\x64\x2c\x20\x73\x6f\x20"
  "\x6e\x6f\x74\x68\x69\x6e\x67\x20\x63\x61\x6e\x20\x62\x65\x0a\x20\x2a\x20\x20\x20"
  "\x20\x20\x20\x20\x20\x20\x20\x63\x6f\x72\x72\x75\x70\x74\x65\x64\x20\x62\x79\x20"
  "\x69\x74\x3a\x20\x61\x20\x62\x6c\x6f\x63\x6b\x20\x69\x73\x20\x61\x6c\x77\x61\x79"
  "\x73\x20\x65\x78\x61\x63\x74\x6c\x79\x20\x69\x74\x73\x20\x63\x6c\x61\x73\x73\x27"
  "\x73\x20\x73\x69\x7a\x65\x2e\x0a\x20\x2a\x20\x20\x20\x6c\x61\x72\x67\x65\x3a\x20"
  "\x61\x6e\x79\x74\x68\x69\x6e\x67\x20\x62\x69\x67\x67\x65\x72\x20\x69\x73\x20\x6d"
  "\x61\x70\x70\x65\x64\x20\x6f\x6e\x20\x69\x74\x73\x20\x6f\x77\x6e\x2c\x20\x72\x6f"
  "\x75\x6e\x64\x65\x64\x20\x74\x6f\x20\x36\x34\x20\x4b\x42\x2c\x20\x63\x6c\x61\x73"
  "\x73\x20\x2d\x31\x2c\x0a\x20\x2a\x20\x20\x20\x20\x20\x20\x20\x20\x20\x20\x61\x6e"
  "\x64\x20\x60\x66\x72\x65\x65\x60\x20\x72\x65\x74\x75\x72\x6e\x73\x20\x69\x74\x20"
  "\x74\x6f\x20\x74\x68\x65\x20\x4f\x53\x2e\x20\x2a\x2f\x0a\x23\x69\x66\x64\x65\x66"
  "\x20\x5f\x57\x49\x4e\x33\x32\x0a\x23\x64\x65\x66\x69\x6e\x65\x20\x5f\x55\x4e\x49"
  "\x53\x41\x5f\x4d\x41\x50\x28\x5f\x5f\x75\x5f\x6e\x29\x20\x5f\x5f\x6d\x6d\x61\x70"
  "\x28\x30\x2c\x20\x28\x5f\x5f\x75\x5f\x6e\x29\x2c\x20\x30\x78\x33\x30\x30\x30\x2c"
  "\x20\x34\x2c\x20\x30\x2c\x20\x30\x29\x0a\x23\x65\x6c\x73\x65\x0a\x23\x69\x66\x64"
  "\x65\x66\x20\x5f\x5f\x6c\x69\x6e\x75\x78\x5f\x5f\x0a\x23\x64\x65\x66\x69\x6e\x65"
  "\x20\x5f\x55\x4e\x49\x53\x41\x5f\x4d\x41\x50\x28\x5f\x5f\x75\x5f\x6e\x29\x20\x5f"
  "\x5f\x6d\x6d\x61\x70\x28\x30\x2c\x20\x28\x5f\x5f\x75\x5f\x6e\x29\x2c\x20\x33\x2c"
  "\x20\x30\x78\x32\x32\x2c\x20\x30\x20\x2d\x20\x31\x2c\x20\x30\x29\x0a\x23\x65\x6c"
  "\x73\x65\x0a\x23\x64\x65\x66\x69\x6e\x65\x20\x5f\x55\x4e\x49\x53\x41\x5f\x4d\x41"
  "\x50\x28\x5f\x5f\x75\x5f\x6e\x29\x20\x5f\x5f\x6d\x6d\x61\x70\x28\x30\x2c\x20\x28"
  "\x5f\x5f\x75\x5f\x6e\x29\x2c\x20\x33\x2c\x20\x30\x78\x31\x30\x30\x32\x2c\x20\x30"
  "\x20\x2d\x20\x31\x2c\x20\x30\x29\x0a\x23\x65\x6e\x64\x69\x66\x0a\x23\x65\x6e\x64"
  "\x69\x66\x0a\x23\x64\x65\x66\x69\x6e\x65\x20\x5f\x55\x4e\x49\x53\x41\x5f\x43\x48"
  "\x55\x4e\x4b\x20\x31\x30\x34\x38\x35\x37\x36\x0a\x73\x74\x61\x74\x69\x63\x20\x63"
  "\x68\x61\x72\x20\x2a\x5f\x75\x6e\x69\x73\x61\x5f\x66\x72\x65\x65\x6c\x5b\x31\x32"
  "\x5d\x3b\x0a\x73\x74\x61\x74\x69\x63\x20\x63\x68\x61\x72\x20\x2a\x5f\x75\x6e\x69"
  "\x73\x61\x5f\x63\x75\x72\x20\x3d\x20\x30\x3b\x0a\x73\x74\x61\x74\x69\x63\x20\x6c"
  "\x6f\x6e\x67\x20\x5f\x75\x6e\x69\x73\x61\x5f\x6c\x65\x66\x74\x20\x3d\x20\x30\x3b"
  "\x0a\x0a\x23\x69\x66\x20\x21\x5f\x5f\x55\x4e\x49\x53\x41\x5f\x46\x54\x52\x49\x4d"
  "\x5f\x4c\x49\x42\x43\x20\x7c\x7c\x20\x5f\x5f\x55\x4e\x5f\x5f\x75\x6e\x69\x73\x61"
  "\x5f\x6d\x61\x70\x0a\x73\x74\x61\x74\x69\x63\x20\x63\x68\x61\x72\x20\x2a\x5f\x75"
  "\x6e\x69\x73\x61\x5f\x6d\x61\x70\x28\x6c\x6f\x6e\x67\x20\x5f\x5f\x75\x5f\x6e\x29"
  "\x20\x7b\x0a\x20\x20\x20\x20\x6c\x6f\x6e\x67\x20\x5f\x5f\x75\x5f\x72\x3b\x0a\x20"
  "\x20\x20\x20\x5f\x5f\x75\x5f\x72\x20\x3d\x20\x28\x6c\x6f\x6e\x67\x29\x5f\x55\x4e"
  "\x49\x53\x41\x5f\x4d\x41\x50\x28\x5f\x5f\x75\x5f\x6e\x29\x3b\x0a\x20\x20\x20\x20"
  "\x69\x66\x20\x28\x5f\x5f\x75\x5f\x72\x20\x3d\x3d\x20\x30\x20\x2d\x20\x31\x20\x7c"
  "\x7c\x20\x5f\x5f\x75\x5f\x72\x20\x3d\x3d\x20\x30\x29\x20\x72\x65\x74\x75\x72\x6e"
  "\x20\x4e\x55\x4c\x4c\x3b\x0a\x20\x20\x20\x20\x72\x65\x74\x75\x72\x6e\x20\x28\x63"
  "\x68\x61\x72\x20\x2a\x29\x5f\x5f\x75\x5f\x72\x3b\x0a\x7d\x0a\x23\x65\x6e\x64\x69"
  "\x66\x0a\x0a\x23\x69\x66\x20\x21\x5f\x5f\x55\x4e\x49\x53\x41\x5f\x46\x54\x52\x49"
  "\x4d\x5f\x4c\x49\x42\x43\x20\x7c\x7c\x20\x5f\x5f\x55\x4e\x5f\x6d\x61\x6c\x6c\x6f"
  "\x63\x0a\x73\x74\x61\x74\x69\x63\x20\x76\x6f\x69\x64\x20\x2a\x6d\x61\x6c\x6c\x6f"
  "\x63\x28\x6c\x6f\x6e\x67\x20\x5f\x5f\x75\x5f\x6e\x29\x20\x7b\x0a\x20\x20\x20\x20"
  "\x6c\x6f\x6e\x67\x20\x5f\x5f\x75\x5f\x73\x7a\x3b\x20\x69\x6e\x74\x20\x5f\x5f\x75"
  "\x5f\x6b\x3b\x20\x63\x68\x61\x72\x20\x2a\x5f\x5f\x75\x5f\x70\x3b\x0a\x20\x20\x20"
  "\x20\x69\x66\x20\x28\x5f\x5f\x75\x5f\x6e\x20\x3c\x20\x30\x20\x7c\x7c\x20\x5f\x5f"
  "\x75\x5f\x6e\x20\x3e\x20\x30\x78\x31\x30\x30\x30\x30\x30\x30\x30\x30\x30\x30\x30"
  "\x29\x20\x72\x65\x74\x75\x72\x6e\x20\x4e\x55\x4c\x4c\x3b\x0a\x20\x20\x20\x20\x5f"
  "\x5f\x75\x5f\x73\x7a\x20\x3d\x20\x5f\x5f\x75\x5f\x6e\x20\x2b\x20\x31\x36\x3b\x0a"
  "\x20\x20\x20\x20\x69\x66\x20\x28\x5f\x5f\x75\x5f\x73\x7a\x20\x3e\x20\x36\x35\x35"
  "\x33\x36\x29\x20\x7b\x0a\x20\x20\x20\x20\x20\x20\x20\x20\x5f\x5f\x75\x5f\x73\x7a"
  "\x20\x3d\x20\x28\x5f\x5f\x75\x5f\x73\x7a\x20\x2b\x20\x36\x35\x35\x33\x35\x29\x20"
  "\x26\x20\x7e\x36\x35\x35\x33\x35\x3b\x0a\x20\x20\x20\x20\x20\x20\x20\x20\x5f\x5f"
  "\x75\x5f\x70\x20\x3d\x20\x5f\x75\x6e\x69\x73\x61\x5f\x6d\x61\x70\x28\x5f\x5f\x75"
  "\x5f\x73\x7a\x29\x3b\x0a\x20\x20\x20\x20\x20\x20\x20\x20\x69\x66\x20\x28\x5f\x5f"
  "\x75\x5f\x70\x20\x3d\x3d\x20\x4e\x55\x4c\x4c\x29\x20\x72\x65\x74\x75\x72\x6e\x20"
  "\x4e\x55\x4c\x4c\x3b\x0a\x20\x20\x20\x20\x20\x20\x20\x20\x2a\x28\x6c\x6f\x6e\x67"
  "\x20\x2a\x29\x5f\x5f\x75\x5f\x70\x20\x3d\x20\x5f\x5f\x75\x5f\x73\x7a\x3b\x0a\x20"
  "\x20\x20\x20\x20\x20\x20\x20\x2a\x28\x6c\x6f\x6e\x67\x20\x2a\x29\x28\x5f\x5f\x75"
  "\x5f\x70\x20\x2b\x20\x38\x29\x20\x3d\x20\x30\x20\x2d\x20\x31\x3b\x0a\x20\x20\x20"
  "\x20\x20\x20\x20\x20\x72\x65\x74\x75\x72\x6e\x20\x5f\x5f\x75\x5f\x70\x20\x2b\x20"
  "\x31\x36\x3b\x0a\x20\x20\x20\x20\x7d\x0a\x20\x20\x20\x20\x5f\x5f\x75\x5f\x6b\x20"
  "\x3d\x20\x30\x3b\x0a\x20\x20\x20\x20\x77\x68\x69\x6c\x65\x20\x28\x28\x33\x32\x20"
  "\x3c\x3c\x20\x5f\x5f\x75\x5f\x6b\x29\x20\x3c\x20\x5f\x5f\x75\x5f\x73\x7a\x29\x20"
  "\x5f\x5f\x75\x5f\x6b\x20\x3d\x20\x5f\x5f\x75\x5f\x6b\x20\x2b\x20\x31\x3b\x0a\x20"
  "\x20\x20\x20\x5f\x5f\x75\x5f\x73\x7a\x20\x3d\x20\x33\x32\x20\x3c\x3c\x20\x5f\x5f"
  "\x75\x5f\x6b\x3b\x0a\x20\x20\x20\x20\x5f\x5f\x75\x5f\x70\x20\x3d\x20\x5f\x75\x6e"
  "\x69\x73\x61\x5f\x66\x72\x65\x65\x6c\x5b\x5f\x5f\x75\x5f\x6b\x5d\x3b\x0a\x20\x20"
  "\x20\x20\x69\x66\x20\x28\x5f\x5f\x75\x5f\x70\x20\x21\x3d\x20\x4e\x55\x4c\x4c\x29"
  "\x20\x7b\x0a\x20\x20\x20\x20\x20\x20\x20\x20\x5f\x75\x6e\x69\x73\x61\x5f\x66\x72"
  "\x65\x65\x6c\x5b\x5f\x5f\x75\x5f\x6b\x5d\x20\x3d\x20\x2a\x28\x63\x68\x61\x72\x20"
  "\x2a\x2a\x29\x28\x5f\x5f\x75\x5f\x70\x20\x2b\x20\x31\x36\x29\x3b\x0a\x20\x20\x20"
  "\x20\x20\x20\x20\x20\x72\x65\x74\x75\x72\x6e\x20\x5f\x5f\x75\x5f\x70\x20\x2b\x20"
  "\x31\x36\x3b\x0a\x20\x20\x20\x20\x7d\x0a\x20\x20\x20\x20\x69\x66\x20\x28\x5f\x75"
  "\x6e\x69\x73\x61\x5f\x6c\x65\x66\x74\x20\x3c\x20\x5f\x5f\x75\x5f\x73\x7a\x29\x20"
  "\x7b\x0a\x20\x20\x20\x20\x20\x20\x20\x20\x5f\x5f\x75\x5f\x70\x20\x3d\x20\x5f\x75"
  "\x6e\x69\x73\x61\x5f\x6d\x61\x70\x28\x5f\x55\x4e\x49\x53\x41\x5f\x43\x48\x55\x4e"
  "\x4b\x29\x3b\x0a\x20\x20\x20\x20\x20\x20\x20\x20\x69\x66\x20\x28\x5f\x5f\x75\x5f"
  "\x70\x20\x3d\x3d\x20\x4e\x55\x4c\x4c\x29\x20\x72\x65\x74\x75\x72\x6e\x20\x4e\x55"
  "\x4c\x4c\x3b\x0a\x20\x20\x20\x20\x20\x20\x20\x20\x5f\x75\x6e\x69\x73\x61\x5f\x63"
  "\x75\x72\x20\x3d\x20\x5f\x5f\x75\x5f\x70\x3b\x0a\x20\x20\x20\x20\x20\x20\x20\x20"
  "\x5f\x75\x6e\x69\x73\x61\x5f\x6c\x65\x66\x74\x20\x3d\x20\x5f\x55\x4e\x49\x53\x41"
  "\x5f\x43\x48\x55\x4e\x4b\x3b\x0a\x20\x20\x20\x20\x7d\x0a\x20\x20\x20\x20\x5f\x5f"
  "\x75\x5f\x70\x20\x3d\x20\x5f\x75\x6e\x69\x73\x61\x5f\x63\x75\x72\x3b\x0a\x20\x20"
  "\x20\x20\x5f\x75\x6e\x69\x73\x61\x5f\x63\x75\x72\x20\x3d\x20\x5f\x75\x6e\x69\x73"
  "\x61\x5f\x63\x75\x72\x20\x2b\x20\x5f\x5f\x75\x5f\x73\x7a\x3b\x0a\x20\x20\x20\x20"
  "\x5f\x75\x6e\x69\x73\x61\x5f\x6c\x65\x66\x74\x20\x3d\x20\x5f\x75\x6e\x69\x73\x61"
  "\x5f\x6c\x65\x66\x74\x20\x2d\x20\x5f\x5f\x75\x5f\x73\x7a\x3b\x0a\x20\x20\x20\x20"
  "\x2a\x28\x6c\x6f\x6e\x67\x20\x2a\x29\x5f\x5f\x75\x5f\x70\x20\x3d\x20\x5f\x5f\x75"
  "\x5f\x73\x7a\x3b\x0a\x20\x20\x20\x20\x2a\x28\x6c\x6f\x6e\x67\x20\x2a\x29\x28\x5f"
  "\x5f\x75\x5f\x70\x20\x2b\x20\x38\x29\x20\x3d\x20\x5f\x5f\x75\x5f\x6b\x3b\x0a\x20"
  "\x20\x20\x20\x72\x65\x74\x75\x72\x6e\x20\x5f\x5f\x75\x5f\x70\x20\x2b\x20\x31\x36"
  "\x3b\x0a\x7d\x0a\x23\x65\x6e\x64\x69\x66\x0a\x0a\x23\x69\x66\x20\x21\x5f\x5f\x55"
  "\x4e\x49\x53\x41\x5f\x46\x54\x52\x49\x4d\x5f\x4c\x49\x42\x43\x20\x7c\x7c\x20\x5f"
  "\x5f\x55\x4e\x5f\x66\x72\x65\x65\x0a\x73\x74\x61\x74\x69\x63\x20\x76\x6f\x69\x64"
  "\x20\x66\x72\x65\x65\x28\x76\x6f\x69\x64\x20\x2a\x5f\x5f\x75\x5f\x71\x29\x20\x7b"
  "\x0a\x20\x20\x20\x20\x63\x68\x61\x72\x20\x2a\x5f\x5f\x75\x5f\x70\x3b\x20\x6c\x6f"
  "\x6e\x67\x20\x5f\x5f\x75\x5f\x6b\x3b\x0a\x20\x20\x20\x20\x69\x66\x20\x28\x5f\x5f"
  "\x75\x5f\x71\x20\x3d\x3d\x20\x4e\x55\x4c\x4c\x29\x20\x72\x65\x74\x75\x72\x6e\x3b"
  "\x0a\x20\x20\x20\x20\x5f\x5f\x75\x5f\x70\x20\x3d\x20\x28\x63\x68\x61\x72\x20\x2a"
  "\x29\x5f\x5f\x75\x5f\x71\x20\x2d\x20\x31\x36\x3b\x0a\x20\x20\x20\x20\x5f\x5f\x75"
  "\x5f\x6b\x20\x3d\x20\x2a\x28\x6c\x6f\x6e\x67\x20\x2a\x29\x28\x5f\x5f\x75\x5f\x70"
  "\x20\x2b\x20\x38\x29\x3b\x0a\x20\x20\x20\x20\x69\x66\x20\x28\x5f\x5f\x75\x5f\x6b"
  "\x20\x3c\x20\x30\x29\x20\x7b\x20\x5f\x5f\x6d\x75\x6e\x6d\x61\x70\x28\x5f\x5f\x75"
  "\x5f\x70\x2c\x20\x2a\x28\x6c\x6f\x6e\x67\x20\x2a\x29\x5f\x5f\x75\x5f\x70\x29\x3b"
  "\x20\x72\x65\x74\x75\x72\x6e\x3b\x20\x7d\x0a\x20\x20\x20\x20\x2a\x28\x63\x68\x61"
  "\x72\x20\x2a\x2a\x29\x28\x5f\x5f\x75\x5f\x70\x20\x2b\x20\x31\x36\x29\x20\x3d\x20"
  "\x5f\x75\x6e\x69\x73\x61\x5f\x66\x72\x65\x65\x6c\x5b\x5f\x5f\x75\x5f\x6b\x5d\x3b"
  "\x0a\x20\x20\x20\x20\x5f\x75\x6e\x69\x73\x61\x5f\x66\x72\x65\x65\x6c\x5b\x5f\x5f"
  "\x75\x5f\x6b\x5d\x20\x3d\x20\x5f\x5f\x75\x5f\x70\x3b\x0a\x7d\x0a\x23\x65\x6e\x64"
  "\x69\x66\x0a\x0a\x2f\x2a\x20\x60\x65\x78\x69\x74\x60\x20\x69\x73\x20\x74\x68\x65"
  "\x20\x6f\x6e\x65\x20\x6c\x69\x62\x63\x20\x66\x75\x6e\x63\x74\x69\x6f\x6e\x20\x74"
  "\x68\x61\x74\x20\x63\x61\x6e\x6e\x6f\x74\x20\x62\x65\x20\x77\x72\x69\x74\x74\x65"
  "\x6e\x20\x69\x6e\x20\x43\x3a\x20\x69\x74\x20\x6d\x75\x73\x74\x20\x6e\x6f\x74\x0a"
  "\x20\x2a\x20\x72\x65\x74\x75\x72\x6e\x2e\x20\x20\x60\x5f\x5f\x65\x78\x69\x74\x60"
  "\x20\x69\x73\x20\x74\x68\x65\x20\x74\x61\x70\x65\x27\x73\x20\x67\x61\x74\x65\x20"
  "\x74\x6f\x20\x74\x68\x65\x20\x4f\x53\x2c\x20\x73\x6f\x20\x74\x68\x69\x73\x20\x69"
  "\x73\x20\x61\x20\x6f\x6e\x65\x2d\x6c\x69\x6e\x65\x0a\x20\x2a\x20\x77\x72\x61\x70"
  "\x70\x65\x72\x20\x61\x72\x6f\x75\x6e\x64\x20\x69\x74\x20\x2d\x2d\x20\x61\x6e\x64"
  "\x20\x60\x61\x62\x6f\x72\x74\x60\x20\x69\x73\x20\x74\x68\x65\x20\x73\x61\x6d\x65"
  "\x20\x63\x61\x6c\x6c\x20\x77\x69\x74\x68\x20\x74\x68\x65\x20\x73\x74\x61\x74\x75"
  "\x73\x20\x61\x20\x73\x68\x65\x6c\x6c\x0a\x20\x2a\x20\x72\x65\x70\x6f\x72\x74\x73"
  "\x20\x66\x6f\x72\x20\x53\x49\x47\x41\x42\x52\x54\x2e\x20\x2a\x2f\x0a\x73\x74\x61"
  "\x74\x69\x63\x20\x76\x6f\x69\x64\x20\x28\x2a\x5f\x75\x6e\x69\x73\x61\x5f\x61\x74"
  "\x65\x78\x69\x74\x5b\x33\x32\x5d\x29\x28\x76\x6f\x69\x64\x29\x3b\x0a\x73\x74\x61"
  "\x74\x69\x63\x20\x69\x6e\x74\x20\x5f\x75\x6e\x69\x73\x61\x5f\x6e\x61\x74\x65\x78"
  "\x69\x74\x20\x3d\x20\x30\x3b\x0a\x23\x69\x66\x20\x21\x5f\x5f\x55\x4e\x49\x53\x41"
  "\x5f\x46\x54\x52\x49\x4d\x5f\x4c\x49\x42\x43\x20\x7c\x7c\x20\x5f\x5f\x55\x4e\x5f"
  "\x65\x78\x69\x74\x0a\x73\x74\x61\x74\x69\x63\x20\x76\x6f\x69\x64\x20\x65\x78\x69"
  "\x74\x28\x69\x6e\x74\x20\x5f\x5f\x75\x5f\x63\x6f\x64\x65\x29\x20\x7b\x0a\x20\x20"
  "\x20\x20\x2f\x2a\x20\x74\x68\x65\x20\x61\x74\x65\x78\x69\x74\x20\x68\x61\x6e\x64"
  "\x6c\x65\x72\x73\x2c\x20\x6c\x61\x73\x74\x20\x72\x65\x67\x69\x73\x74\x65\x72\x65"
  "\x64\x20\x66\x69\x72\x73\x74\x20\x28\x43\x39\x39\x20\x37\x2e\x32\x30\x2e\x34\x2e"
  "\x33\x70\x33\x29\x20\x2a\x2f\x0a\x20\x20\x20\x20\x77\x68\x69\x6c\x65\x20\x28\x5f"
  "\x75\x6e\x69\x73\x61\x5f\x6e\x61\x74\x65\x78\x69\x74\x20\x3e\x20\x30\x29\x20\x7b"
  "\x0a\x20\x20\x20\x20\x20\x20\x20\x20\x5f\x75\x6e\x69\x73\x61\x5f\x6e\x61\x74\x65"
  "\x78\x69\x74\x20\x3d\x20\x5f\x75\x6e\x69\x73\x61\x5f\x6e\x61\x74\x65\x78\x69\x74"
  "\x20\x2d\x20\x31\x3b\x0a\x20\x20\x20\x20\x20\x20\x20\x20\x5f\x75\x6e\x69\x73\x61"
  "\x5f\x61\x74\x65\x78\x69\x74\x5b\x5f\x75\x6e\x69\x73\x61\x5f\x6e\x61\x74\x65\x78"
  "\x69\x74\x5d\x28\x29\x3b\x0a\x20\x20\x20\x20\x7d\x0a\x20\x20\x20\x20\x5f\x5f\x65"
  "\x78\x69\x74\x28\x5f\x5f\x75\x5f\x63\x6f\x64\x65\x29\x3b\x0a\x7d\x0a\x23\x65\x6e"
  "\x64\x69\x66\x0a\x23\x69\x66\x20\x21\x5f\x5f\x55\x4e\x49\x53\x41\x5f\x46\x54\x52"
  "\x49\x4d\x5f\x4c\x49\x42\x43\x20\x7c\x7c\x20\x5f\x5f\x55\x4e\x5f\x61\x62\x6f\x72"
  "\x74\x0a\x73\x74\x61\x74\x69\x63\x20\x76\x6f\x69\x64\x20\x61\x62\x6f\x72\x74\x28"
  "\x76\x6f\x69\x64\x29\x20\x7b\x20\x5f\x5f\x65\x78\x69\x74\x28\x31\x33\x34\x29\x3b"
  "\x20\x7d\x0a\x23\x65\x6e\x64\x69\x66\x0a\x0a\x23\x69\x66\x20\x21\x5f\x5f\x55\x4e"
  "\x49\x53\x41\x5f\x46\x54\x52\x49\x4d\x5f\x4c\x49\x42\x43\x20\x7c\x7c\x20\x5f\x5f"
  "\x55\x4e\x5f\x63\x61\x6c\x6c\x6f\x63\x0a\x73\x74\x61\x74\x69\x63\x20\x76\x6f\x69"
  "\x64\x20\x2a\x63\x61\x6c\x6c\x6f\x63\x28\x6c\x6f\x6e\x67\x20\x5f\x5f\x75\x5f\x6e"
  "\x2c\x20\x6c\x6f\x6e\x67\x20\x5f\x5f\x75\x5f\x73\x7a\x29\x20\x7b\x0a\x20\x20\x20"
  "\x20\x6c\x6f\x6e\x67\x20\x2a\x5f\x5f\x75\x5f\x70\x3b\x20\x6c\x6f\x6e\x67\x20\x5f"
  "\x5f\x75\x5f\x74\x6f\x74\x61\x6c\x3b\x20\x6c\x6f\x6e\x67\x20\x5f\x5f\x75\x5f\x69"
  "\x3b\x0a\x20\x20\x20\x20\x69\x66\x20\x28\x5f\x5f\x75\x5f\x6e\x20\x3c\x20\x30\x20"
  "\x7c\x7c\x20\x5f\x5f\x75\x5f\x73\x7a\x20\x3c\x20\x30\x29\x20\x72\x65\x74\x75\x72"
  "\x6e\x20\x4e\x55\x4c\x4c\x3b\x0a\x20\x20\x20\x20\x69\x66\x20\x28\x5f\x5f\x75\x5f"
  "\x73\x7a\x20\x21\x3d\x20\x30\x20\x26\x26\x20\x5f\x5f\x75\x5f\x6e\x20\x3e\x20\x30"
  "\x78\x31\x30\x30\x30\x30\x30\x30\x30\x30\x30\x30\x30\x20\x2f\x20\x5f\x5f\x75\x5f"
  "\x73\x7a\x29\x20\x72\x65\x74\x75\x72\x6e\x20\x4e\x55\x4c\x4c\x3b\x0a\x20\x20\x20"
  "\x20\x5f\x5f\x75\x5f\x74\x6f\x74\x61\x6c\x20\x3d\x20\x5f\x5f\x75\x5f\x6e\x20\x2a"
  "\x20\x5f\x5f\x75\x5f\x73\x7a\x3b\x0a\x20\x20\x20\x20\x5f\x5f\x75\x5f\x70\x20\x3d"
  "\x20\x28\x6c\x6f\x6e\x67\x20\x2a\x29\x6d\x61\x6c\x6c\x6f\x63\x28\x5f\x5f\x75\x5f"
  "\x74\x6f\x74\x61\x6c\x29\x3b\x0a\x20\x20\x20\x20\x69\x66\x20\x28\x5f\x5f\x75\x5f"
  "\x70\x20\x3d\x3d\x20\x4e\x55\x4c\x4c\x29\x20\x72\x65\x74\x75\x72\x6e\x20\x4e\x55"
  "\x4c\x4c\x3b\x0a\x20\x20\x20\x20\x2f\x2a\x20\x61\x20\x70\x61\x79\x6c\x6f\x61\x64"
  "\x20\x69\x73\x20\x61\x20\x6d\x75\x6c\x74\x69\x70\x6c\x65\x20\x6f\x66\x20\x31\x36"
  "\x20\x62\x79\x74\x65\x73\x2c\x20\x73\x6f\x20\x77\x68\x6f\x6c\x65\x20\x6c\x6f\x6e"
  "\x67\x73\x20\x73\x74\x61\x79\x20\x69\x6e\x73\x69\x64\x65\x20\x69\x74\x20\x2a\x2f"
  "\x0a\x20\x20\x20\x20\x5f\x5f\x75\x5f\x74\x6f\x74\x61\x6c\x20\x3d\x20\x28\x5f\x5f"
  "\x75\x5f\x74\x6f\x74\x61\x6c\x20\x2b\x20\x37\x29\x20\x2f\x20\x38\x3b\x0a\x20\x20"
  "\x20\x20\x5f\x5f\x75\x5f\x69\x20\x3d\x20\x30\x3b\x0a\x20\x20\x20\x20\x77\x68\x69"
  "\x6c\x65\x20\x28\x5f\x5f\x75\x5f\x69\x20\x3c\x20\x5f\x5f\x75\x5f\x74\x6f\x74\x61"
  "\x6c\x29\x20\x7b\x20\x5f\x5f\x75\x5f\x70\x5b\x5f\x5f\x75\x5f\x69\x5d\x20\x3d\x20"
  "\x30\x3b\x20\x5f\x5f\x75\x5f\x69\x20\x3d\x20\x5f\x5f\x75\x5f\x69\x20\x2b\x20\x31"
  "\x3b\x20\x7d\x0a\x20\x20\x20\x20\x72\x65\x74\x75\x72\x6e\x20\x5f\x5f\x75\x5f\x70"
  "\x3b\x0a\x7d\x0a\x23\x65\x6e\x64\x69\x66\x0a\x0a\x23\x69\x66\x20\x21\x5f\x5f\x55"
  "\x4e\x49\x53\x41\x5f\x46\x54\x52\x49\x4d\x5f\x4c\x49\x42\x43\x20\x7c\x7c\x20\x5f"
  "\x5f\x55\x4e\x5f\x72\x65\x61\x6c\x6c\x6f\x63\x0a\x73\x74\x61\x74\x69\x63\x20\x76"
  "\x6f\x69\x64\x20\x2a\x72\x65\x61\x6c\x6c\x6f\x63\x28\x76\x6f\x69\x64\x20\x2a\x5f"
  "\x5f\x75\x5f\x6f\x6c\x64\x2c\x20\x6c\x6f\x6e\x67\x20\x5f\x5f\x75\x5f\x6e\x29\x20"
  "\x7b\x0a\x20\x20\x20\x20\x6c\x6f\x6e\x67\x20\x2a\x5f\x5f\x75\x5f\x70\x3b\x20\x6c"
  "\x6f\x6e\x67\x20\x2a\x5f\x5f\x75\x5f\x6f\x3b\x20\x6c\x6f\x6e\x67\x20\x5f\x5f\x75"
  "\x5f\x69\x3b\x20\x6c\x6f\x6e\x67\x20\x5f\x5f\x75\x5f\x63\x61\x70\x3b\x0a\x20\x20"
  "\x20\x20\x69\x66\x20\x28\x5f\x5f\x75\x5f\x6f\x6c\x64\x20\x3d\x3d\x20\x4e\x55\x4c"
  "\x4c\x29\x20\x72\x65\x74\x75\x72\x6e\x20\x6d\x61\x6c\x6c\x6f\x63\x28\x5f\x5f\x75"
  "\x5f\x6e\x29\x3b\x0a\x20\x20\x20\x20\x69\x66\x20\x28\x5f\x5f\x75\x5f\x6e\x20\x3c"
  "\x20\x30\x29\x20\x72\x65\x74\x75\x72\x6e\x20\x4e\x55\x4c\x4c\x3b\x0a\x20\x20\x20"
  "\x20\x5f\x5f\x75\x5f\x63\x61\x70\x20\x3d\x20\x2a\x28\x6c\x6f\x6e\x67\x20\x2a\x29"
  "\x28\x28\x63\x68\x61\x72\x20\x2a\x29\x5f\x5f\x75\x5f\x6f\x6c\x64\x20\x2d\x20\x31"
  "\x36\x29\x20\x2d\x20\x31\x36\x3b\x0a\x20\x20\x20\x20\x69\x66\x20\x28\x5f\x5f\x75"
  "\x5f\x6e\x20\x3c\x3d\x20\x5f\x5f\x75\x5f\x63\x61\x70\x20\x26\x26\x20\x28\x5f\x5f"
  "\x75\x5f\x63\x61\x70\x20\x3c\x3d\x20\x36\x35\x35\x33\x36\x20\x7c\x7c\x20\x5f\x5f"
  "\x75\x5f\x6e\x20\x3e\x20\x5f\x5f\x75\x5f\x63\x61\x70\x20\x2f\x20\x32\x29\x29\x20"
  "\x72\x65\x74\x75\x72\x6e\x20\x5f\x5f\x75\x5f\x6f\x6c\x64\x3b\x0a\x20\x20\x20\x20"
  "\x5f\x5f\x75\x5f\x70\x20\x3d\x20\x28\x6c\x6f\x6e\x67\x20\x2a\x29\x6d\x61\x6c\x6c"
  "\x6f\x63\x28\x5f\x5f\x75\x5f\x6e\x29\x3b\x0a\x20\x20\x20\x20\x69\x66\x20\x28\x5f"
  "\x5f\x75\x5f\x70\x20\x3d\x3d\x20\x4e\x55\x4c\x4c\x29\x20\x72\x65\x74\x75\x72\x6e"
  "\x20\x4e\x55\x4c\x4c\x3b\x0a\x20\x20\x20\x20\x69\x66\x20\x28\x5f\x5f\x75\x5f\x6e"
  "\x20\x3c\x20\x5f\x5f\x75\x5f\x63\x61\x70\x29\x20\x5f\x5f\x75\x5f\x63\x61\x70\x20"
  "\x3d\x20\x5f\x5f\x75\x5f\x6e\x3b\x0a\x20\x20\x20\x20\x5f\x5f\x75\x5f\x63\x61\x70"
  "\x20\x3d\x20\x28\x5f\x5f\x75\x5f\x63\x61\x70\x20\x2b\x20\x37\x29\x20\x2f\x20\x38"
  "\x3b\x0a\x20\x20\x20\x20\x5f\x5f\x75\x5f\x6f\x20\x3d\x20\x28\x6c\x6f\x6e\x67\x20"
  "\x2a\x29\x5f\x5f\x75\x5f\x6f\x6c\x64\x3b\x0a\x20\x20\x20\x20\x5f\x5f\x75\x5f\x69"
  "\x20\x3d\x20\x30\x3b\x0a\x20\x20\x20\x20\x77\x68\x69\x6c\x65\x20\x28\x5f\x5f\x75"
  "\x5f\x69\x20\x3c\x20\x5f\x5f\x75\x5f\x63\x61\x70\x29\x20\x7b\x20\x5f\x5f\x75\x5f"
  "\x70\x5b\x5f\x5f\x75\x5f\x69\x5d\x20\x3d\x20\x5f\x5f\x75\x5f\x6f\x5b\x5f\x5f\x75"
  "\x5f\x69\x5d\x3b\x20\x5f\x5f\x75\x5f\x69\x20\x3d\x20\x5f\x5f\x75\x5f\x69\x20\x2b"
  "\x20\x31\x3b\x20\x7d\x0a\x20\x20\x20\x20\x66\x72\x65\x65\x28\x5f\x5f\x75\x5f\x6f"
  "\x6c\x64\x29\x3b\x0a\x20\x20\x20\x20\x72\x65\x74\x75\x72\x6e\x20\x5f\x5f\x75\x5f"
  "\x70\x3b\x0a\x7d\x0a\x23\x65\x6e\x64\x69\x66\x0a\x0a\x23\x69\x66\x20\x21\x5f\x5f"
  "\x55\x4e\x49\x53\x41\x5f\x46\x54\x52\x49\x4d\x5f\x4c\x49\x42\x43\x20\x7c\x7c\x20"
  "\x5f\x5f\x55\x4e\x5f\x61\x62\x73\x0a\x73\x74\x61\x74\x69\x63\x20\x69\x6e\x74\x20"
  "\x61\x62\x73\x28\x69\x6e\x74\x20\x5f\x5f\x75\x5f\x76\x29\x20\x7b\x20\x69\x66\x20"
  "\x28\x5f\x5f\x75\x5f\x76\x20\x3c\x20\x30\x29\x20\x72\x65\x74\x75\x72\x6e\x20\x30"
  "\x20\x2d\x20\x5f\x5f\x75\x5f\x76\x3b\x20\x72\x65\x74\x75\x72\x6e\x20\x5f\x5f\x75"
  "\x5f\x76\x3b\x20\x7d\x0a\x23\x65\x6e\x64\x69\x66\x0a\x0a\x23\x69\x66\x20\x21\x5f"
  "\x5f\x55\x4e\x49\x53\x41\x5f\x46\x54\x52\x49\x4d\x5f\x4c\x49\x42\x43\x20\x7c\x7c"
  "\x20\x5f\x5f\x55\x4e\x5f\x61\x74\x6f\x69\x0a\x73\x74\x61\x74\x69\x63\x20\x69\x6e"
  "\x74\x20\x61\x74\x6f\x69\x28\x63\x6f\x6e\x73\x74\x20\x63\x68\x61\x72\x20\x2a\x5f"
  "\x5f\x75\x5f\x73\x29\x20\x7b\x0a\x20\x20\x20\x20\x69\x6e\x74\x20\x5f\x5f\x75\x5f"
  "\x76\x3b\x20\x69\x6e\x74\x20\x5f\x5f\x75\x5f\x73\x69\x67\x6e\x3b\x20\x6c\x6f\x6e"
  "\x67\x20\x5f\x5f\x75\x5f\x69\x3b\x0a\x20\x20\x20\x20\x5f\x5f\x75\x5f\x76\x20\x3d"
  "\x20\x30\x3b\x20\x5f\x5f\x75\x5f\x73\x69\x67\x6e\x20\x3d\x20\x31\x3b\x20\x5f\x5f"
  "\x75\x5f\x69\x20\x3d\x20\x30\x3b\x0a\x20\x20\x20\x20\x77\x68\x69\x6c\x65\x20\x28"
  "\x5f\x5f\x75\x5f\x73\x5b\x5f\x5f\x75\x5f\x69\x5d\x20\x3d\x3d\x20\x33\x32\x29\x20"
  "\x5f\x5f\x75\x5f\x69\x20\x3d\x20\x5f\x5f\x75\x5f\x69\x20\x2b\x20\x31\x3b\x0a\x20"
  "\x20\x20\x20\x69\x66\x20\x28\x5f\x5f\x75\x5f\x73\x5b\x5f\x5f\x75\x5f\x69\x5d\x20"
  "\x3d\x3d\x20\x34\x35\x29\x20\x7b\x20\x5f\x5f\x75\x5f\x73\x69\x67\x6e\x20\x3d\x20"
  "\x30\x20\x2d\x20\x31\x3b\x20\x5f\x5f\x75\x5f\x69\x20\x3d\x20\x5f\x5f\x75\x5f\x69"
  "\x20\x2b\x20\x31\x3b\x20\x7d\x0a\x20\x20\x20\x20\x65\x6c\x73\x65\x20\x7b\x20\x69"
  "\x66\x20\x28\x5f\x5f\x75\x5f\x73\x5b\x5f\x5f\x75\x5f\x69\x5d\x20\x3d\x3d\x20\x34"
  "\x33\x29\x20\x5f\x5f\x75\x5f\x69\x20\x3d\x20\x5f\x5f\x75\x5f\x69\x20\x2b\x20\x31"
  "\x3b\x20\x7d\x0a\x20\x20\x20\x20\x77\x68\x69\x6c\x65\x20\x28\x5f\x5f\x75\x5f\x73"
  "\x5b\x5f\x5f\x75\x5f\x69\x5d\x20\x3e\x3d\x20\x34\x38\x29\x20\x7b\x20\x69\x66\x20"
  "\x28\x5f\x5f\x75\x5f\x73\x5b\x5f\x5f\x75\x5f\x69\x5d\x20\x3e\x20\x35\x37\x29\x20"
  "\x62\x72\x65\x61\x6b\x3b\x20\x5f\x5f\x75\x5f\x76\x20\x3d\x20\x5f\x5f\x75\x5f\x76"
  "\x20\x2a\x20\x31\x30\x20\x2b\x20\x28\x5f\x5f\x75\x5f\x73\x5b\x5f\x5f\x75\x5f\x69"
  "\x5d\x20\x2d\x20\x34\x38\x29\x3b\x20\x5f\x5f\x75\x5f\x69\x20\x3d\x20\x5f\x5f\x75"
  "\x5f\x69\x20\x2b\x20\x31\x3b\x20\x7d\x0a\x20\x20\x20\x20\x72\x65\x74\x75\x72\x6e"
  "\x20\x5f\x5f\x75\x5f\x76\x20\x2a\x20\x5f\x5f\x75\x5f\x73\x69\x67\x6e\x3b\x0a\x7d"
  "\x0a\x23\x65\x6e\x64\x69\x66\x0a\x0a\x2f\x2a\x20\x73\x74\x72\x74\x6f\x6c\x2f\x73"
  "\x74\x72\x74\x6f\x75\x6c\x2f\x73\x74\x72\x74\x6f\x64\x3a\x20\x74\x68\x65\x20\x63"
  "\x6f\x6e\x76\x65\x72\x73\x69\x6f\x6e\x73\x20\x43\x38\x39\x20\x61\x6e\x64\x20\x43"
  "\x39\x39\x20\x70\x75\x74\x20\x68\x65\x72\x65\x2e\x20\x20\x60\x65\x6e\x64\x60\x20"
  "\x69\x73\x0a\x20\x2a\x20\x77\x72\x69\x74\x74\x65\x6e\x20\x77\x68\x65\x6e\x20\x69"
  "\x74\x20\x69\x73\x20\x6e\x6f\x74\x20\x6e\x75\x6c\x6c\x2c\x20\x77\x68\x69\x63\x68"
  "\x20\x69\x73\x20\x68\x6f\x77\x20\x63\x61\x6c\x6c\x65\x72\x73\x20\x74\x65\x6c\x6c"
  "\x20\x22\x6e\x6f\x20\x64\x69\x67\x69\x74\x73\x22\x20\x66\x72\x6f\x6d\x0a\x20\x2a"
  "\x20\x22\x74\x68\x65\x20\x76\x61\x6c\x75\x65\x20\x68\x61\x70\x70\x65\x6e\x65\x64"
  "\x20\x74\x6f\x20\x62\x65\x20\x7a\x65\x72\x6f\x22\x2e\x20\x2a\x2f\x0a\x2f\x2a\x20"
  "\x41\x63\x63\x75\x6d\x75\x6c\x61\x74\x65\x20\x74\x77\x6f\x20\x33\x32\x2d\x62\x69"
  "\x74\x20\x6c\x69\x6d\x62\x73\x20\x69\x6e\x20\x6e\x6f\x6e\x6e\x65\x67\x61\x74\x69"
  "\x76\x65\x20\x6c\x6f\x6e\x67\x73\x2e\x20\x20\x54\x68\x65\x69\x72\x20\x70\x72\x6f"
  "\x64\x75\x63\x74\x73\x20\x62\x79\x0a\x20\x2a\x20\x62\x61\x73\x65\x20\x28\x3c\x3d"
  "\x33\x36\x29\x20\x66\x69\x74\x20\x73\x69\x67\x6e\x65\x64\x20\x6c\x6f\x6e\x67\x2c"
  "\x20\x69\x6e\x63\x6c\x75\x64\x69\x6e\x67\x20\x61\x74\x20\x55\x4c\x4f\x4e\x47\x5f"
  "\x4d\x41\x58\x3b\x20\x6e\x6f\x20\x73\x69\x67\x6e\x65\x64\x20\x77\x72\x61\x70\x20"
  "\x6f\x72\x0a\x20\x2a\x20\x75\x6e\x73\x69\x67\x6e\x65\x64\x20\x64\x69\x76\x69\x73"
  "\x69\x6f\x6e\x20\x69\x73\x20\x6e\x65\x65\x64\x65\x64\x2e\x20\x20\x4f\x76\x65\x72"
  "\x66\x6c\x6f\x77\x20\x73\x74\x69\x6c\x6c\x20\x63\x6f\x6e\x73\x75\x6d\x65\x73\x20"
  "\x65\x76\x65\x72\x79\x20\x76\x61\x6c\x69\x64\x20\x64\x69\x67\x69\x74\x2e\x20\x2a"
  "\x2f\x0a\x23\x69\x66\x20\x21\x5f\x5f\x55\x4e\x49\x53\x41\x5f\x46\x54\x52\x49\x4d"
  "\x5f\x4c\x49\x42\x43\x20\x7c\x7c\x20\x5f\x5f\x55\x4e\x5f\x5f\x75\x6e\x69\x73\x61"
  "\x5f\x73\x74\x72\x64\x69\x67\x69\x74\x0a\x73\x74\x61\x74\x69\x63\x20\x69\x6e\x74"
  "\x20\x5f\x75\x6e\x69\x73\x61\x5f\x73\x74\x72\x64\x69\x67\x69\x74\x28\x69\x6e\x74"
  "\x20\x5f\x5f\x75\x5f\x63\x29\x20\x7b\x0a\x20\x20\x20\x20\x69\x66\x20\x28\x5f\x5f"
  "\x75\x5f\x63\x20\x3e\x3d\x20\x34\x38\x20\x26\x26\x20\x5f\x5f\x75\x5f\x63\x20\x3c"
  "\x3d\x20\x35\x37\x29\x20\x72\x65\x74\x75\x72\x6e\x20\x5f\x5f\x75\x5f\x63\x20\x2d"
  "\x20\x34\x38\x3b\x0a\x20\x20\x20\x20\x69\x66\x20\x28\x5f\x5f\x75\x5f\x63\x20\x3e"
  "\x3d\x20\x39\x37\x20\x26\x26\x20\x5f\x5f\x75\x5f\x63\x20\x3c\x3d\x20\x31\x32\x32"
  "\x29\x20\x72\x65\x74\x75\x72\x6e\x20\x5f\x5f\x75\x5f\x63\x20\x2d\x20\x39\x37\x20"
  "\x2b\x20\x31\x30\x3b\x0a\x20\x20\x20\x20\x69\x66\x20\x28\x5f\x5f\x75\x5f\x63\x20"
  "\x3e\x3d\x20\x36\x35\x20\x26\x26\x20\x5f\x5f\x75\x5f\x63\x20\x3c\x3d\x20\x39\x30"
  "\x29\x20\x72\x65\x74\x75\x72\x6e\x20\x5f\x5f\x75\x5f\x63\x20\x2d\x20\x36\x35\x20"
  "\x2b\x20\x31\x30\x3b\x0a\x20\x20\x20\x20\x72\x65\x74\x75\x72\x6e\x20\x30\x20\x2d"
  "\x20\x31\x3b\x0a\x7d\x0a\x23\x65\x6e\x64\x69\x66\x0a\x23\x69\x66\x20\x21\x5f\x5f"
  "\x55\x4e\x49\x53\x41\x5f\x46\x54\x52\x49\x4d\x5f\x4c\x49\x42\x43\x20\x7c\x7c\x20"
  "\x5f\x5f\x55\x4e\x5f\x5f\x75\x6e\x69\x73\x61\x5f\x73\x74\x72\x6d\x61\x67\x0a\x73"
  "\x74\x61\x74\x69\x63\x20\x69\x6e\x74\x20\x5f\x75\x6e\x69\x73\x61\x5f\x73\x74\x72"
  "\x6d\x61\x67\x28\x63\x6f\x6e\x73\x74\x20\x63\x68\x61\x72\x20\x2a\x5f\x5f\x75\x5f"
  "\x73\x2c\x20\x63\x68\x61\x72\x20\x2a\x2a\x5f\x5f\x75\x5f\x65\x6e\x64\x2c\x20\x69"
  "\x6e\x74\x20\x5f\x5f\x75\x5f\x62\x61\x73\x65\x2c\x0a\x20\x20\x20\x20\x20\x20\x20"
  "\x20\x20\x20\x20\x20\x20\x20\x20\x20\x20\x20\x20\x20\x20\x20\x20\x6c\x6f\x6e\x67"
  "\x20\x2a\x5f\x5f\x75\x5f\x68\x69\x2c\x20\x6c\x6f\x6e\x67\x20\x2a\x5f\x5f\x75\x5f"
  "\x6c\x6f\x2c\x20\x69\x6e\x74\x20\x2a\x5f\x5f\x75\x5f\x6e\x65\x67\x29\x20\x7b\x0a"
  "\x20\x20\x20\x20\x6c\x6f\x6e\x67\x20\x5f\x5f\x75\x5f\x69\x3b\x20\x6c\x6f\x6e\x67"
  "\x20\x5f\x5f\x75\x5f\x73\x74\x61\x72\x74\x3b\x20\x6c\x6f\x6e\x67\x20\x5f\x5f\x75"
  "\x5f\x6c\x3b\x20\x6c\x6f\x6e\x67\x20\x5f\x5f\x75\x5f\x68\x3b\x20\x69\x6e\x74\x20"
  "\x5f\x5f\x75\x5f\x64\x3b\x20\x69\x6e\x74\x20\x5f\x5f\x75\x5f\x6f\x76\x65\x72\x3b"
  "\x20\x69\x6e\x74\x20\x5f\x5f\x75\x5f\x61\x75\x74\x6f\x3b\x0a\x20\x20\x20\x20\x5f"
  "\x5f\x75\x5f\x61\x75\x74\x6f\x20\x3d\x20\x5f\x5f\x75\x5f\x62\x61\x73\x65\x20\x3d"
  "\x3d\x20\x30\x3b\x20\x5f\x5f\x75\x5f\x69\x20\x3d\x20\x30\x3b\x20\x2a\x5f\x5f\x75"
  "\x5f\x68\x69\x20\x3d\x20\x30\x3b\x20\x2a\x5f\x5f\x75\x5f\x6c\x6f\x20\x3d\x20\x30"
  "\x3b\x20\x2a\x5f\x5f\x75\x5f\x6e\x65\x67\x20\x3d\x20\x30\x3b\x20\x5f\x5f\x75\x5f"
  "\x6f\x76\x65\x72\x20\x3d\x20\x30\x3b\x0a\x20\x20\x20\x20\x69\x66\x20\x28\x5f\x5f"
  "\x75\x5f\x65\x6e\x64\x29\x20\x2a\x5f\x5f\x75\x5f\x65\x6e\x64\x20\x3d\x20\x28\x63"
  "\x68\x61\x72\x20\x2a\x29\x5f\x5f\x75\x5f\x73\x3b\x0a\x20\x20\x20\x20\x69\x66\x20"
  "\x28\x5f\x5f\x75\x5f\x62\x61\x73\x65\x20\x21\x3d\x20\x30\x20\x26\x26\x20\x28\x5f"
  "\x5f\x75\x5f\x62\x61\x73\x65\x20\x3c\x20\x32\x20\x7c\x7c\x20\x5f\x5f\x75\x5f\x62"
  "\x61\x73\x65\x20\x3e\x20\x33\x36\x29\x29\x20\x72\x65\x74\x75\x72\x6e\x20\x30\x3b"
  "\x0a\x20\x20\x20\x20\x77\x68\x69\x6c\x65\x20\x28\x5f\x5f\x75\x5f\x73\x5b\x5f\x5f"
  "\x75\x5f\x69\x5d\x20\x3d\x3d\x20\x33\x32\x20\x7c\x7c\x20\x28\x5f\x5f\x75\x5f\x73"
  "\x5b\x5f\x5f\x75\x5f\x69\x5d\x20\x3e\x3d\x20\x39\x20\x26\x26\x20\x5f\x5f\x75\x5f"
  "\x73\x5b\x5f\x5f\x75\x5f\x69\x5d\x20\x3c\x3d\x20\x31\x33\x29\x29\x20\x5f\x5f\x75"
  "\x5f\x69\x20\x3d\x20\x5f\x5f\x75\x5f\x69\x20\x2b\x20\x31\x3b\x0a\x20\x20\x20\x20"
  "\x69\x66\x20\x28\x5f\x5f\x75\x5f\x73\x5b\x5f\x5f\x75\x5f\x69\x5d\x20\x3d\x3d\x20"
  "\x34\x35\x29\x20\x7b\x20\x2a\x5f\x5f\x75\x5f\x6e\x65\x67\x20\x3d\x20\x31\x3b\x20"
  "\x5f\x5f\x75\x5f\x69\x20\x3d\x20\x5f\x5f\x75\x5f\x69\x20\x2b\x20\x31\x3b\x20\x7d"
  "\x0a\x20\x20\x20\x20\x65\x6c\x73\x65\x20\x7b\x20\x69\x66\x20\x28\x5f\x5f\x75\x5f"
  "\x73\x5b\x5f\x5f\x75\x5f\x69\x5d\x20\x3d\x3d\x20\x34\x33\x29\x20\x5f\x5f\x75\x5f"
  "\x69\x20\x3d\x20\x5f\x5f\x75\x5f\x69\x20\x2b\x20\x31\x3b\x20\x7d\x0a\x20\x20\x20"
  "\x20\x69\x66\x20\x28\x5f\x5f\x75\x5f\x62\x61\x73\x65\x20\x3d\x3d\x20\x30\x29\x20"
  "\x7b\x0a\x20\x20\x20\x20\x20\x20\x20\x20\x5f\x5f\x75\x5f\x62\x61\x73\x65\x20\x3d"
  "\x20\x31\x30\x3b\x0a\x20\x20\x20\x20\x20\x20\x20\x20\x69\x66\x20\x28\x5f\x5f\x75"
  "\x5f\x73\x5b\x5f\x5f\x75\x5f\x69\x5d\x20\x3d\x3d\x20\x34\x38\x29\x20\x5f\x5f\x75"
  "\x5f\x62\x61\x73\x65\x20\x3d\x20\x38\x3b\x0a\x20\x20\x20\x20\x7d\x0a\x20\x20\x20"
  "\x20\x69\x66\x20\x28\x5f\x5f\x75\x5f\x62\x61\x73\x65\x20\x3d\x3d\x20\x38\x20\x7c"
  "\x7c\x20\x5f\x5f\x75\x5f\x62\x61\x73\x65\x20\x3d\x3d\x20\x31\x36\x29\x20\x7b\x0a"
  "\x20\x20\x20\x20\x20\x20\x20\x20\x69\x66\x20\x28\x5f\x5f\x75\x5f\x73\x5b\x5f\x5f"
  "\x75\x5f\x69\x5d\x20\x3d\x3d\x20\x34\x38\x20\x26\x26\x20\x28\x5f\x5f\x75\x5f\x73"
  "\x5b\x5f\x5f\x75\x5f\x69\x2b\x31\x5d\x20\x3d\x3d\x20\x31\x32\x30\x20\x7c\x7c\x20"
  "\x5f\x5f\x75\x5f\x73\x5b\x5f\x5f\x75\x5f\x69\x2b\x31\x5d\x20\x3d\x3d\x20\x38\x38"
  "\x29\x29\x20\x7b\x0a\x20\x20\x20\x20\x20\x20\x20\x20\x20\x20\x20\x20\x5f\x5f\x75"
  "\x5f\x64\x20\x3d\x20\x5f\x75\x6e\x69\x73\x61\x5f\x73\x74\x72\x64\x69\x67\x69\x74"
  "\x28\x5f\x5f\x75\x5f\x73\x5b\x5f\x5f\x75\x5f\x69\x2b\x32\x5d\x29\x3b\x0a\x20\x20"
  "\x20\x20\x20\x20\x20\x20\x20\x20\x20\x20\x69\x66\x20\x28\x5f\x5f\x75\x5f\x64\x20"
  "\x3e\x3d\x20\x30\x20\x26\x26\x20\x5f\x5f\x75\x5f\x64\x20\x3c\x20\x31\x36\x29\x20"
  "\x7b\x0a\x20\x20\x20\x20\x20\x20\x20\x20\x20\x20\x20\x20\x20\x20\x20\x20\x2f\x2a"
  "\x20\x4f\x6e\x6c\x79\x20\x62\x61\x73\x65\x20\x30\x20\x6f\x72\x20\x31\x36\x20\x6d"
  "\x61\x79\x20\x61\x63\x63\x65\x70\x74\x20\x61\x20\x68\x65\x78\x20\x70\x72\x65\x66"
  "\x69\x78\x2e\x20\x2a\x2f\x0a\x20\x20\x20\x20\x20\x20\x20\x20\x20\x20\x20\x20\x20"
  "\x20\x20\x20\x69\x66\x20\x28\x5f\x5f\x75\x5f\x62\x61\x73\x65\x20\x3d\x3d\x20\x31"
  "\x36\x20\x7c\x7c\x20\x5f\x5f\x75\x5f\x61\x75\x74\x6f\x29\x20\x7b\x20\x5f\x5f\x75"
  "\x5f\x62\x61\x73\x65\x20\x3d\x20\x31\x36\x3b\x20\x5f\x5f\x75\x5f\x69\x20\x3d\x20"
  "\x5f\x5f\x75\x5f\x69\x20\x2b\x20\x32\x3b\x20\x7d\x0a\x20\x20\x20\x20\x20\x20\x20"
  "\x20\x20\x20\x20\x20\x7d\x0a\x20\x20\x20\x20\x20\x20\x20\x20\x7d\x0a\x20\x20\x20"
  "\x20\x7d\x0a\x20\x20\x20\x20\x5f\x5f\x75\x5f\x73\x74\x61\x72\x74\x20\x3d\x20\x5f"
  "\x5f\x75\x5f\x69\x3b\x0a\x20\x20\x20\x20\x77\x68\x69\x6c\x65\x20\x28\x5f\x5f\x75"
  "\x5f\x73\x5b\x5f\x5f\x75\x5f\x69\x5d\x29\x20\x7b\x0a\x20\x20\x20\x20\x20\x20\x20"
  "\x20\x5f\x5f\x75\x5f\x64\x20\x3d\x20\x5f\x75\x6e\x69\x73\x61\x5f\x73\x74\x72\x64"
  "\x69\x67\x69\x74\x28\x5f\x5f\x75\x5f\x73\x5b\x5f\x5f\x75\x5f\x69\x5d\x29\x3b\x0a"
  "\x20\x20\x20\x20\x20\x20\x20\x20\x69\x66\x20\x28\x5f\x5f\x75\x5f\x64\x20\x3c\x20"
  "\x30\x20\x7c\x7c\x20\x5f\x5f\x75\x5f\x64\x20\x3e\x3d\x20\x5f\x5f\x75\x5f\x62\x61"
  "\x73\x65\x29\x20\x62\x72\x65\x61\x6b\x3b\x0a\x20\x20\x20\x20\x20\x20\x20\x20\x69"
  "\x66\x20\x28\x21\x5f\x5f\x75\x5f\x6f\x76\x65\x72\x29\x20\x7b\x0a\x20\x20\x20\x20"
  "\x20\x20\x20\x20\x20\x20\x20\x20\x5f\x5f\x75\x5f\x6c\x20\x3d\x20\x2a\x5f\x5f\x75"
  "\x5f\x6c\x6f\x20\x2a\x20\x5f\x5f\x75\x5f\x62\x61\x73\x65\x20\x2b\x20\x5f\x5f\x75"
  "\x5f\x64\x3b\x0a\x20\x20\x20\x20\x20\x20\x20\x20\x20\x20\x20\x20\x5f\x5f\x75\x5f"
  "\x68\x20\x3d\x20\x2a\x5f\x5f\x75\x5f\x68\x69\x20\x2a\x20\x5f\x5f\x75\x5f\x62\x61"
  "\x73\x65\x20\x2b\x20\x5f\x5f\x75\x5f\x6c\x20\x2f\x20\x34\x32\x39\x34\x39\x36\x37"
  "\x32\x39\x36\x3b\x0a\x20\x20\x20\x20\x20\x20\x20\x20\x20\x20\x20\x20\x69\x66\x20"
  "\x28\x5f\x5f\x75\x5f\x68\x20\x3e\x20\x34\x32\x39\x34\x39\x36\x37\x32\x39\x35\x29"
  "\x20\x5f\x5f\x75\x5f\x6f\x76\x65\x72\x20\x3d\x20\x31\x3b\x0a\x20\x20\x20\x20\x20"
  "\x20\x20\x20\x20\x20\x20\x20\x65\x6c\x73\x65\x20\x7b\x20\x2a\x5f\x5f\x75\x5f\x68"
  "\x69\x20\x3d\x20\x5f\x5f\x75\x5f\x68\x3b\x20\x2a\x5f\x5f\x75\x5f\x6c\x6f\x20\x3d"
  "\x20\x5f\x5f\x75\x5f\x6c\x20\x25\x20\x34\x32\x39\x34\x39\x36\x37\x32\x39\x36\x3b"
  "\x20\x7d\x0a\x20\x20\x20\x20\x20\x20\x20\x20\x7d\x0a\x20\x20\x20\x20\x20\x20\x20"
  "\x20\x5f\x5f\x75\x5f\x69\x20\x3d\x20\x5f\x5f\x75\x5f\x69\x20\x2b\x20\x31\x3b\x0a"
  "\x20\x20\x20\x20\x7d\x0a\x20\x20\x20\x20\x69\x66\x20\x28\x5f\x5f\x75\x5f\x65\x6e"
  "\x64\x20\x26\x26\x20\x5f\x5f\x75\x5f\x69\x20\x21\x3d\x20\x5f\x5f\x75\x5f\x73\x74"
  "\x61\x72\x74\x29\x20\x2a\x5f\x5f\x75\x5f\x65\x6e\x64\x20\x3d\x20\x28\x63\x68\x61"
  "\x72\x20\x2a\x29\x28\x5f\x5f\x75\x5f\x73\x20\x2b\x20\x5f\x5f\x75\x5f\x69\x29\x3b"
  "\x0a\x20\x20\x20\x20\x72\x65\x74\x75\x72\x6e\x20\x5f\x5f\x75\x5f\x6f\x76\x65\x72"
  "\x3b\x0a\x7d\x0a\x23\x65\x6e\x64\x69\x66\x0a\x23\x69\x66\x20\x21\x5f\x5f\x55\x4e"
  "\x49\x53\x41\x5f\x46\x54\x52\x49\x4d\x5f\x4c\x49\x42\x43\x20\x7c\x7c\x20\x5f\x5f"
  "\x55\x4e\x5f\x73\x74\x72\x74\x6f\x6c\x0a\x73\x74\x61\x74\x69\x63\x20\x6c\x6f\x6e"
  "\x67\x20\x73\x74\x72\x74\x6f\x6c\x28\x63\x6f\x6e\x73\x74\x20\x63\x68\x61\x72\x20"
  "\x2a\x5f\x5f\x75\x5f\x73\x2c\x20\x63\x68\x61\x72\x20\x2a\x2a\x5f\x5f\x75\x5f\x65"
  "\x6e\x64\x2c\x20\x69\x6e\x74\x20\x5f\x5f\x75\x5f\x62\x61\x73\x65\x29\x20\x7b\x0a"
  "\x20\x20\x20\x20\x6c\x6f\x6e\x67\x20\x5f\x5f\x75\x5f\x68\x69\x3b\x20\x6c\x6f\x6e"
  "\x67\x20\x5f\x5f\x75\x5f\x6c\x6f\x3b\x20\x6c\x6f\x6e\x67\x20\x5f\x5f\x75\x5f\x76"
  "\x3b\x20\x69\x6e\x74\x20\x5f\x5f\x75\x5f\x6e\x65\x67\x3b\x20\x69\x6e\x74\x20\x5f"
  "\x5f\x75\x5f\x6f\x76\x65\x72\x3b\x0a\x20\x20\x20\x20\x5f\x5f\x75\x5f\x6f\x76\x65"
  "\x72\x20\x3d\x20\x5f\x75\x6e\x69\x73\x61\x5f\x73\x74\x72\x6d\x61\x67\x28\x5f\x5f"
  "\x75\x5f\x73\x2c\x20\x5f\x5f\x75\x5f\x65\x6e\x64\x2c\x20\x5f\x5f\x75\x5f\x62\x61"
  "\x73\x65\x2c\x20\x26\x5f\x5f\x75\x5f\x68\x69\x2c\x20\x26\x5f\x5f\x75\x5f\x6c\x6f"
  "\x2c\x20\x26\x5f\x5f\x75\x5f\x6e\x65\x67\x29\x3b\x0a\x20\x20\x20\x20\x69\x66\x20"
  "\x28\x5f\x5f\x75\x5f\x6f\x76\x65\x72\x20\x7c\x7c\x20\x5f\x5f\x75\x5f\x68\x69\x20"
  "\x3e\x20\x32\x31\x34\x37\x34\x38\x33\x36\x34\x38\x20\x7c\x7c\x0a\x20\x20\x20\x20"
  "\x20\x20\x20\x20\x28\x5f\x5f\x75\x5f\x68\x69\x20\x3d\x3d\x20\x32\x31\x34\x37\x34"
  "\x38\x33\x36\x34\x38\x20\x26\x26\x20\x28\x5f\x5f\x75\x5f\x6c\x6f\x20\x21\x3d\x20"
  "\x30\x20\x7c\x7c\x20\x21\x5f\x5f\x75\x5f\x6e\x65\x67\x29\x29\x29\x20\x7b\x0a\x20"
  "\x20\x20\x20\x20\x20\x20\x20\x65\x72\x72\x6e\x6f\x20\x3d\x20\x45\x52\x41\x4e\x47"
  "\x45\x3b\x0a\x20\x20\x20\x20\x20\x20\x20\x20\x69\x66\x20\x28\x5f\x5f\x75\x5f\x6e"
  "\x65\x67\x29\x20\x72\x65\x74\x75\x72\x6e\x20\x4c\x4f\x4e\x47\x5f\x4d\x49\x4e\x3b"
  "\x0a\x20\x20\x20\x20\x20\x20\x20\x20\x72\x65\x74\x75\x72\x6e\x20\x4c\x4f\x4e\x47"
  "\x5f\x4d\x41\x58\x3b\x0a\x20\x20\x20\x20\x7d\x0a\x20\x20\x20\x20\x69\x66\x20\x28"
  "\x5f\x5f\x75\x5f\x68\x69\x20\x3d\x3d\x20\x32\x31\x34\x37\x34\x38\x33\x36\x34\x38"
  "\x29\x20\x72\x65\x74\x75\x72\x6e\x20\x4c\x4f\x4e\x47\x5f\x4d\x49\x4e\x3b\x0a\x20"
  "\x20\x20\x20\x5f\x5f\x75\x5f\x76\x20\x3d\x20\x5f\x5f\x75\x5f\x68\x69\x20\x2a\x20"
  "\x34\x32\x39\x34\x39\x36\x37\x32\x39\x36\x20\x2b\x20\x5f\x5f\x75\x5f\x6c\x6f\x3b"
  "\x0a\x20\x20\x20\x20\x69\x66\x20\x28\x5f\x5f\x75\x5f\x6e\x65\x67\x29\x20\x72\x65"
  "\x74\x75\x72\x6e\x20\x30\x20\x2d\x20\x5f\x5f\x75\x5f\x76\x3b\x0a\x20\x20\x20\x20"
  "\x72\x65\x74\x75\x72\x6e\x20\x5f\x5f\x75\x5f\x76\x3b\x0a\x7d\x0a\x23\x65\x6e\x64"
  "\x69\x66\x0a\x23\x69\x66\x20\x21\x5f\x5f\x55\x4e\x49\x53\x41\x5f\x46\x54\x52\x49"
  "\x4d\x5f\x4c\x49\x42\x43\x20\x7c\x7c\x20\x5f\x5f\x55\x4e\x5f\x73\x74\x72\x74\x6f"
  "\x75\x6c\x0a\x73\x74\x61\x74\x69\x63\x20\x75\x6e\x73\x69\x67\x6e\x65\x64\x20\x6c"
  "\x6f\x6e\x67\x20\x73\x74\x72\x74\x6f\x75\x6c\x28\x63\x6f\x6e\x73\x74\x20\x63\x68"
  "\x61\x72\x20\x2a\x5f\x5f\x75\x5f\x73\x2c\x20\x63\x68\x61\x72\x20\x2a\x2a\x5f\x5f"
  "\x75\x5f\x65\x6e\x64\x2c\x20\x69\x6e\x74\x20\x5f\x5f\x75\x5f\x62\x61\x73\x65\x29"
  "\x20\x7b\x0a\x20\x20\x20\x20\x6c\x6f\x6e\x67\x20\x5f\x5f\x75\x5f\x68\x69\x3b\x20"
  "\x6c\x6f\x6e\x67\x20\x5f\x5f\x75\x5f\x6c\x6f\x3b\x20\x75\x6e\x73\x69\x67\x6e\x65"
  "\x64\x20\x6c\x6f\x6e\x67\x20\x5f\x5f\x75\x5f\x76\x3b\x20\x69\x6e\x74\x20\x5f\x5f"
  "\x75\x5f\x6e\x65\x67\x3b\x20\x69\x6e\x74\x20\x5f\x5f\x75\x5f\x6f\x76\x65\x72\x3b"
  "\x0a\x20\x20\x20\x20\x5f\x5f\x75\x5f\x6f\x76\x65\x72\x20\x3d\x20\x5f\x75\x6e\x69"
  "\x73\x61\x5f\x73\x74\x72\x6d\x61\x67\x28\x5f\x5f\x75\x5f\x73\x2c\x20\x5f\x5f\x75"
  "\x5f\x65\x6e\x64\x2c\x20\x5f\x5f\x75\x5f\x62\x61\x73\x65\x2c\x20\x26\x5f\x5f\x75"
  "\x5f\x68\x69\x2c\x20\x26\x5f\x5f\x75\x5f\x6c\x6f\x2c\x20\x26\x5f\x5f\x75\x5f\x6e"
  "\x65\x67\x29\x3b\x0a\x20\x20\x20\x20\x69\x66\x20\x28\x5f\x5f\x75\x5f\x6f\x76\x65"
  "\x72\x29\x20\x7b\x20\x65\x72\x72\x6e\x6f\x20\x3d\x20\x45\x52\x41\x4e\x47\x45\x3b"
  "\x20\x72\x65\x74\x75\x72\x6e\x20\x28\x75\x6e\x73\x69\x67\x6e\x65\x64\x20\x6c\x6f"
  "\x6e\x67\x29\x30\x20\x2d\x20\x31\x3b\x20\x7d\x0a\x20\x20\x20\x20\x5f\x5f\x75\x5f"
  "\x76\x20\x3d\x20\x28\x28\x75\x6e\x73\x69\x67\x6e\x65\x64\x20\x6c\x6f\x6e\x67\x29"
  "\x5f\x5f\x75\x5f\x68\x69\x20\x3c\x3c\x20\x33\x32\x29\x20\x7c\x20\x28\x75\x6e\x73"
  "\x69\x67\x6e\x65\x64\x20\x6c\x6f\x6e\x67\x29\x5f\x5f\x75\x5f\x6c\x6f\x3b\x0a\x20"
  "\x20\x20\x20\x69\x66\x20\x28\x5f\x5f\x75\x5f\x6e\x65\x67\x29\x20\x72\x65\x74\x75"
  "\x72\x6e\x20\x28\x75\x6e\x73\x69\x67\x6e\x65\x64\x20\x6c\x6f\x6e\x67\x29\x30\x20"
  "\x2d\x20\x5f\x5f\x75\x5f\x76\x3b\x0a\x20\x20\x20\x20\x72\x65\x74\x75\x72\x6e\x20"
  "\x5f\x5f\x75\x5f\x76\x3b\x0a\x7d\x0a\x23\x65\x6e\x64\x69\x66\x0a\x23\x69\x66\x20"
  "\x21\x5f\x5f\x55\x4e\x49\x53\x41\x5f\x46\x54\x52\x49\x4d\x5f\x4c\x49\x42\x43\x20"
  "\x7c\x7c\x20\x5f\x5f\x55\x4e\x5f\x61\x74\x6f\x6c\x0a\x73\x74\x61\x74\x69\x63\x20"
  "\x6c\x6f\x6e\x67\x20\x61\x74\x6f\x6c\x28\x63\x6f\x6e\x73\x74\x20\x63\x68\x61\x72"
  "\x20\x2a\x5f\x5f\x75\x5f\x73\x29\x20\x7b\x20\x72\x65\x74\x75\x72\x6e\x20\x73\x74"
  "\x72\x74\x6f\x6c\x28\x5f\x5f\x75\x5f\x73\x2c\x20\x30\x2c\x20\x31\x30\x29\x3b\x20"
  "\x7d\x0a\x23\x65\x6e\x64\x69\x66\x0a\x0a\x2f\x2a\x20\x54\x68\x69\x73\x20\x63\x6f"
  "\x6d\x70\x69\x6c\x65\x72\x20\x75\x73\x65\x73\x20\x36\x34\x2d\x62\x69\x74\x20\x6c"
  "\x6f\x6e\x67\x20\x61\x6e\x64\x20\x6c\x6f\x6e\x67\x20\x6c\x6f\x6e\x67\x20\x6f\x6e"
  "\x20\x61\x6c\x6c\x20\x73\x69\x78\x20\x74\x61\x72\x67\x65\x74\x73\x2e\x20\x20\x4b"
  "\x65\x65\x70\x20\x74\x68\x65\x0a\x20\x2a\x20\x63\x6f\x6e\x76\x65\x72\x73\x69\x6f"
  "\x6e\x2c\x20\x6f\x76\x65\x72\x66\x6c\x6f\x77\x20\x63\x6c\x61\x6d\x70\x2c\x20\x45"
  "\x52\x41\x4e\x47\x45\x20\x61\x6e\x64\x20\x65\x6e\x64\x2d\x70\x6f\x69\x6e\x74\x65"
  "\x72\x20\x72\x75\x6c\x65\x73\x20\x69\x6e\x20\x6f\x6e\x65\x20\x72\x6f\x75\x74\x69"
  "\x6e\x65\x2e\x20\x2a\x2f\x0a\x23\x69\x66\x20\x21\x5f\x5f\x55\x4e\x49\x53\x41\x5f"
  "\x46\x54\x52\x49\x4d\x5f\x4c\x49\x42\x43\x20\x7c\x7c\x20\x5f\x5f\x55\x4e\x5f\x73"
  "\x74\x72\x74\x6f\x6c\x6c\x0a\x73\x74\x61\x74\x69\x63\x20\x6c\x6f\x6e\x67\x20\x6c"
  "\x6f\x6e\x67\x20\x73\x74\x72\x74\x6f\x6c\x6c\x28\x63\x6f\x6e\x73\x74\x20\x63\x68"
  "\x61\x72\x20\x2a\x5f\x5f\x75\x5f\x73\x2c\x20\x63\x68\x61\x72\x20\x2a\x2a\x5f\x5f"
  "\x75\x5f\x65\x6e\x64\x2c\x20\x69\x6e\x74\x20\x5f\x5f\x75\x5f\x62\x61\x73\x65\x29"
  "\x20\x7b\x0a\x20\x20\x20\x20\x72\x65\x74\x75\x72\x6e\x20\x73\x74\x72\x74\x6f\x6c"
  "\x28\x5f\x5f\x75\x5f\x73\x2c\x20\x5f\x5f\x75\x5f\x65\x6e\x64\x2c\x20\x5f\x5f\x75"
  "\x5f\x62\x61\x73\x65\x29\x3b\x0a\x7d\x0a\x23\x65\x6e\x64\x69\x66\x0a\x23\x69\x66"
  "\x20\x21\x5f\x5f\x55\x4e\x49\x53\x41\x5f\x46\x54\x52\x49\x4d\x5f\x4c\x49\x42\x43"
  "\x20\x7c\x7c\x20\x5f\x5f\x55\x4e\x5f\x73\x74\x72\x74\x6f\x75\x6c\x6c\x0a\x73\x74"
  "\x61\x74\x69\x63\x20\x75\x6e\x73\x69\x67\x6e\x65\x64\x20\x6c\x6f\x6e\x67\x20\x6c"
  "\x6f\x6e\x67\x20\x73\x74\x72\x74\x6f\x75\x6c\x6c\x28\x63\x6f\x6e\x73\x74\x20\x63"
  "\x68\x61\x72\x20\x2a\x5f\x5f\x75\x5f\x73\x2c\x20\x63\x68\x61\x72\x20\x2a\x2a\x5f"
  "\x5f\x75\x5f\x65\x6e\x64\x2c\x20\x69\x6e\x74\x20\x5f\x5f\x75\x5f\x62\x61\x73\x65"
  "\x29\x20\x7b\x0a\x20\x20\x20\x20\x72\x65\x74\x75\x72\x6e\x20\x73\x74\x72\x74\x6f"
  "\x75\x6c\x28\x5f\x5f\x75\x5f\x73\x2c\x20\x5f\x5f\x75\x5f\x65\x6e\x64\x2c\x20\x5f"
  "\x5f\x75\x5f\x62\x61\x73\x65\x29\x3b\x0a\x7d\x0a\x23\x65\x6e\x64\x69\x66\x0a\x23"
  "\x69\x66\x20\x21\x5f\x5f\x55\x4e\x49\x53\x41\x5f\x46\x54\x52\x49\x4d\x5f\x4c\x49"
  "\x42\x43\x20\x7c\x7c\x20\x5f\x5f\x55\x4e\x5f\x61\x74\x6f\x6c\x6c\x0a\x73\x74\x61"
  "\x74\x69\x63\x20\x6c\x6f\x6e\x67\x20\x6c\x6f\x6e\x67\x20\x61\x74\x6f\x6c\x6c\x28"
  "\x63\x6f\x6e\x73\x74\x20\x63\x68\x61\x72\x20\x2a\x5f\x5f\x75\x5f\x73\x29\x20\x7b"
  "\x20\x72\x65\x74\x75\x72\x6e\x20\x73\x74\x72\x74\x6f\x6c\x6c\x28\x5f\x5f\x75\x5f"
  "\x73\x2c\x20\x30\x2c\x20\x31\x30\x29\x3b\x20\x7d\x0a\x23\x65\x6e\x64\x69\x66\x0a"
  "\x0a\x2f\x2a\x20\x54\x68\x65\x20\x66\x72\x61\x63\x74\x69\x6f\x6e\x61\x6c\x20\x70"
  "\x61\x72\x74\x20\x69\x73\x20\x61\x63\x63\x75\x6d\x75\x6c\x61\x74\x65\x64\x20\x61"
  "\x73\x20\x61\x6e\x20\x69\x6e\x74\x65\x67\x65\x72\x20\x61\x6e\x64\x20\x73\x63\x61"
  "\x6c\x65\x64\x20\x6f\x6e\x63\x65\x2c\x20\x73\x6f\x20\x61\x0a\x20\x2a\x20\x6c\x6f"
  "\x6e\x67\x20\x72\x75\x6e\x20\x6f\x66\x20\x64\x69\x67\x69\x74\x73\x20\x64\x6f\x65"
  "\x73\x20\x6e\x6f\x74\x20\x6c\x6f\x73\x65\x20\x74\x68\x65\x20\x6c\x6f\x77\x20\x6f"
  "\x6e\x65\x73\x20\x74\x6f\x20\x72\x65\x70\x65\x61\x74\x65\x64\x20\x64\x69\x76\x69"
  "\x73\x69\x6f\x6e\x2e\x20\x2a\x2f\x0a\x23\x69\x66\x20\x21\x5f\x5f\x55\x4e\x49\x53"
  "\x41\x5f\x46\x54\x52\x49\x4d\x5f\x4c\x49\x42\x43\x20\x7c\x7c\x20\x5f\x5f\x55\x4e"
  "\x5f\x73\x74\x72\x74\x6f\x64\x0a\x73\x74\x61\x74\x69\x63\x20\x64\x6f\x75\x62\x6c"
  "\x65\x20\x73\x74\x72\x74\x6f\x64\x28\x63\x6f\x6e\x73\x74\x20\x63\x68\x61\x72\x20"
  "\x2a\x5f\x5f\x75\x5f\x73\x2c\x20\x63\x68\x61\x72\x20\x2a\x2a\x5f\x5f\x75\x5f\x65"
  "\x6e\x64\x29\x20\x7b\x0a\x20\x20\x20\x20\x64\x6f\x75\x62\x6c\x65\x20\x5f\x5f\x75"
  "\x5f\x76\x3b\x20\x64\x6f\x75\x62\x6c\x65\x20\x5f\x5f\x75\x5f\x66\x72\x61\x63\x3b"
  "\x20\x64\x6f\x75\x62\x6c\x65\x20\x5f\x5f\x75\x5f\x73\x63\x61\x6c\x65\x3b\x20\x69"
  "\x6e\x74\x20\x5f\x5f\x75\x5f\x73\x69\x67\x6e\x3b\x20\x6c\x6f\x6e\x67\x20\x5f\x5f"
  "\x75\x5f\x69\x3b\x20\x69\x6e\x74\x20\x5f\x5f\x75\x5f\x61\x6e\x79\x3b\x0a\x20\x20"
  "\x20\x20\x6c\x6f\x6e\x67\x20\x5f\x5f\x75\x5f\x65\x3b\x20\x69\x6e\x74\x20\x5f\x5f"
  "\x75\x5f\x65\x73\x69\x67\x6e\x3b\x0a\x20\x20\x20\x20\x5f\x5f\x75\x5f\x76\x20\x3d"
  "\x20\x30\x2e\x30\x3b\x20\x5f\x5f\x75\x5f\x73\x69\x67\x6e\x20\x3d\x20\x31\x3b\x20"
  "\x5f\x5f\x75\x5f\x69\x20\x3d\x20\x30\x3b\x20\x5f\x5f\x75\x5f\x61\x6e\x79\x20\x3d"
  "\x20\x30\x3b\x0a\x20\x20\x20\x20\x77\x68\x69\x6c\x65\x20\x28\x5f\x5f\x75\x5f\x73"
  "\x5b\x5f\x5f\x75\x5f\x69\x5d\x20\x3d\x3d\x20\x33\x32\x20\x7c\x7c\x20\x28\x5f\x5f"
  "\x75\x5f\x73\x5b\x5f\x5f\x75\x5f\x69\x5d\x20\x3e\x3d\x20\x39\x20\x26\x26\x20\x5f"
  "\x5f\x75\x5f\x73\x5b\x5f\x5f\x75\x5f\x69\x5d\x20\x3c\x3d\x20\x31\x33\x29\x29\x20"
  "\x5f\x5f\x75\x5f\x69\x20\x3d\x20\x5f\x5f\x75\x5f\x69\x20\x2b\x20\x31\x3b\x0a\x20"
  "\x20\x20\x20\x69\x66\x20\x28\x5f\x5f\x75\x5f\x73\x5b\x5f\x5f\x75\x5f\x69\x5d\x20"
  "\x3d\x3d\x20\x34\x35\x29\x20\x7b\x20\x5f\x5f\x75\x5f\x73\x69\x67\x6e\x20\x3d\x20"
  "\x30\x20\x2d\x20\x31\x3b\x20\x5f\x5f\x75\x5f\x69\x20\x3d\x20\x5f\x5f\x75\x5f\x69"
  "\x20\x2b\x20\x31\x3b\x20\x7d\x0a\x20\x20\x20\x20\x65\x6c\x73\x65\x20\x7b\x20\x69"
  "\x66\x20\x28\x5f\x5f\x75\x5f\x73\x5b\x5f\x5f\x75\x5f\x69\x5d\x20\x3d\x3d\x20\x34"
  "\x33\x29\x20\x5f\x5f\x75\x5f\x69\x20\x3d\x20\x5f\x5f\x75\x5f\x69\x20\x2b\x20\x31"
  "\x3b\x20\x7d\x0a\x20\x20\x20\x20\x77\x68\x69\x6c\x65\x20\x28\x5f\x5f\x75\x5f\x73"
  "\x5b\x5f\x5f\x75\x5f\x69\x5d\x20\x3e\x3d\x20\x34\x38\x20\x26\x26\x20\x5f\x5f\x75"
  "\x5f\x73\x5b\x5f\x5f\x75\x5f\x69\x5d\x20\x3c\x3d\x20\x35\x37\x29\x20\x7b\x20\x5f"
  "\x5f\x75\x5f\x76\x20\x3d\x20\x5f\x5f\x75\x5f\x76\x20\x2a\x20\x31\x30\x2e\x30\x20"
  "\x2b\x20\x28\x64\x6f\x75\x62\x6c\x65\x29\x28\x5f\x5f\x75\x5f\x73\x5b\x5f\x5f\x75"
  "\x5f\x69\x5d\x20\x2d\x20\x34\x38\x29\x3b\x20\x5f\x5f\x75\x5f\x69\x20\x3d\x20\x5f"
  "\x5f\x75\x5f\x69\x20\x2b\x20\x31\x3b\x20\x5f\x5f\x75\x5f\x61\x6e\x79\x20\x3d\x20"
  "\x31\x3b\x20\x7d\x0a\x20\x20\x20\x20\x69\x66\x20\x28\x5f\x5f\x75\x5f\x73\x5b\x5f"
  "\x5f\x75\x5f\x69\x5d\x20\x3d\x3d\x20\x34\x36\x29\x20\x7b\x0a\x20\x20\x20\x20\x20"
  "\x20\x20\x20\x5f\x5f\x75\x5f\x69\x20\x3d\x20\x5f\x5f\x75\x5f\x69\x20\x2b\x20\x31"
  "\x3b\x20\x5f\x5f\x75\x5f\x66\x72\x61\x63\x20\x3d\x20\x30\x2e\x30\x3b\x20\x5f\x5f"
  "\x75\x5f\x73\x63\x61\x6c\x65\x20\x3d\x20\x31\x2e\x30\x3b\x0a\x20\x20\x20\x20\x20"
  "\x20\x20\x20\x77\x68\x69\x6c\x65\x20\x28\x5f\x5f\x75\x5f\x73\x5b\x5f\x5f\x75\x5f"
  "\x69\x5d\x20\x3e\x3d\x20\x34\x38\x20\x26\x26\x20\x5f\x5f\x75\x5f\x73\x5b\x5f\x5f"
  "\x75\x5f\x69\x5d\x20\x3c\x3d\x20\x35\x37\x29\x20\x7b\x0a\x20\x20\x20\x20\x20\x20"
  "\x20\x20\x20\x20\x20\x20\x5f\x5f\x75\x5f\x66\x72\x61\x63\x20\x3d\x20\x5f\x5f\x75"
  "\x5f\x66\x72\x61\x63\x20\x2a\x20\x31\x30\x2e\x30\x20\x2b\x20\x28\x64\x6f\x75\x62"
  "\x6c\x65\x29\x28\x5f\x5f\x75\x5f\x73\x5b\x5f\x5f\x75\x5f\x69\x5d\x20\x2d\x20\x34"
  "\x38\x29\x3b\x20\x5f\x5f\x75\x5f\x73\x63\x61\x6c\x65\x20\x3d\x20\x5f\x5f\x75\x5f"
  "\x73\x63\x61\x6c\x65\x20\x2a\x20\x31\x30\x2e\x30\x3b\x0a\x20\x20\x20\x20\x20\x20"
  "\x20\x20\x20\x20\x20\x20\x5f\x5f\x75\x5f\x69\x20\x3d\x20\x5f\x5f\x75\x5f\x69\x20"
  "\x2b\x20\x31\x3b\x20\x5f\x5f\x75\x5f\x61\x6e\x79\x20\x3d\x20\x31\x3b\x0a\x20\x20"
  "\x20\x20\x20\x20\x20\x20\x7d\x0a\x20\x20\x20\x20\x20\x20\x20\x20\x69\x66\x20\x28"
  "\x5f\x5f\x75\x5f\x73\x63\x61\x6c\x65\x20\x3e\x20\x31\x2e\x30\x29\x20\x5f\x5f\x75"
  "\x5f\x76\x20\x3d\x20\x5f\x5f\x75\x5f\x76\x20\x2b\x20\x5f\x5f\x75\x5f\x66\x72\x61"
  "\x63\x20\x2f\x20\x5f\x5f\x75\x5f\x73\x63\x61\x6c\x65\x3b\x0a\x20\x20\x20\x20\x7d"
  "\x0a\x20\x20\x20\x20\x69\x66\x20\x28\x5f\x5f\x75\x5f\x61\x6e\x79\x29\x20\x7b\x20"
  "\x69\x66\x20\x28\x5f\x5f\x75\x5f\x73\x5b\x5f\x5f\x75\x5f\x69\x5d\x20\x3d\x3d\x20"
  "\x31\x30\x31\x20\x7c\x7c\x20\x5f\x5f\x75\x5f\x73\x5b\x5f\x5f\x75\x5f\x69\x5d\x20"
  "\x3d\x3d\x20\x36\x39\x29\x20\x7b\x0a\x20\x20\x20\x20\x20\x20\x20\x20\x6c\x6f\x6e"
  "\x67\x20\x5f\x5f\x75\x5f\x6a\x3b\x20\x5f\x5f\x75\x5f\x6a\x20\x3d\x20\x5f\x5f\x75"
  "\x5f\x69\x20\x2b\x20\x31\x3b\x20\x5f\x5f\x75\x5f\x65\x73\x69\x67\x6e\x20\x3d\x20"
  "\x31\x3b\x0a\x20\x20\x20\x20\x20\x20\x20\x20\x69\x66\x20\x28\x5f\x5f\x75\x5f\x73"
  "\x5b\x5f\x5f\x75\x5f\x6a\x5d\x20\x3d\x3d\x20\x34\x35\x29\x20\x7b\x20\x5f\x5f\x75"
  "\x5f\x65\x73\x69\x67\x6e\x20\x3d\x20\x30\x20\x2d\x20\x31\x3b\x20\x5f\x5f\x75\x5f"
  "\x6a\x20\x3d\x20\x5f\x5f\x75\x5f\x6a\x20\x2b\x20\x31\x3b\x20\x7d\x0a\x20\x20\x20"
  "\x20\x20\x20\x20\x20\x65\x6c\x73\x65\x20\x7b\x20\x69\x66\x20\x28\x5f\x5f\x75\x5f"
  "\x73\x5b\x5f\x5f\x75\x5f\x6a\x5d\x20\x3d\x3d\x20\x34\x33\x29\x20\x5f\x5f\x75\x5f"
  "\x6a\x20\x3d\x20\x5f\x5f\x75\x5f\x6a\x20\x2b\x20\x31\x3b\x20\x7d\x0a\x20\x20\x20"
  "\x20\x20\x20\x20\x20\x69\x66\x20\x28\x5f\x5f\x75\x5f\x73\x5b\x5f\x5f\x75\x5f\x6a"
  "\x5d\x20\x3e\x3d\x20\x34\x38\x20\x26\x26\x20\x5f\x5f\x75\x5f\x73\x5b\x5f\x5f\x75"
  "\x5f\x6a\x5d\x20\x3c\x3d\x20\x35\x37\x29\x20\x7b\x0a\x20\x20\x20\x20\x20\x20\x20"
  "\x20\x20\x20\x20\x20\x5f\x5f\x75\x5f\x65\x20\x3d\x20\x30\x3b\x0a\x20\x20\x20\x20"
  "\x20\x20\x20\x20\x20\x20\x20\x20\x77\x68\x69\x6c\x65\x20\x28\x5f\x5f\x75\x5f\x73"
  "\x5b\x5f\x5f\x75\x5f\x6a\x5d\x20\x3e\x3d\x20\x34\x38\x20\x26\x26\x20\x5f\x5f\x75"
  "\x5f\x73\x5b\x5f\x5f\x75\x5f\x6a\x5d\x20\x3c\x3d\x20\x35\x37\x29\x20\x7b\x20\x5f"
  "\x5f\x75\x5f\x65\x20\x3d\x20\x5f\x5f\x75\x5f\x65\x20\x2a\x20\x31\x30\x20\x2b\x20"
  "\x28\x5f\x5f\x75\x5f\x73\x5b\x5f\x5f\x75\x5f\x6a\x5d\x20\x2d\x20\x34\x38\x29\x3b"
  "\x20\x5f\x5f\x75\x5f\x6a\x20\x3d\x20\x5f\x5f\x75\x5f\x6a\x20\x2b\x20\x31\x3b\x20"
  "\x7d\x0a\x20\x20\x20\x20\x20\x20\x20\x20\x20\x20\x20\x20\x5f\x5f\x75\x5f\x69\x20"
  "\x3d\x20\x5f\x5f\x75\x5f\x6a\x3b\x0a\x20\x20\x20\x20\x20\x20\x20\x20\x20\x20\x20"
  "\x20\x77\x68\x69\x6c\x65\x20\x28\x5f\x5f\x75\x5f\x65\x20\x3e\x20\x30\x29\x20\x7b"
  "\x20\x69\x66\x20\x28\x5f\x5f\x75\x5f\x65\x73\x69\x67\x6e\x20\x3e\x20\x30\x29\x20"
  "\x5f\x5f\x75\x5f\x76\x20\x3d\x20\x5f\x5f\x75\x5f\x76\x20\x2a\x20\x31\x30\x2e\x30"
  "\x3b\x20\x65\x6c\x73\x65\x20\x5f\x5f\x75\x5f\x76\x20\x3d\x20\x5f\x5f\x75\x5f\x76"
  "\x20\x2f\x20\x31\x30\x2e\x30\x3b\x20\x5f\x5f\x75\x5f\x65\x20\x3d\x20\x5f\x5f\x75"
  "\x5f\x65\x20\x2d\x20\x31\x3b\x20\x7d\x0a\x20\x20\x20\x20\x20\x20\x20\x20\x7d\x0a"
  "\x20\x20\x20\x20\x7d\x20\x7d\x0a\x20\x20\x20\x20\x69\x66\x20\x28\x5f\x5f\x75\x5f"
  "\x65\x6e\x64\x29\x20\x2a\x5f\x5f\x75\x5f\x65\x6e\x64\x20\x3d\x20\x28\x63\x68\x61"
  "\x72\x20\x2a\x29\x28\x5f\x5f\x75\x5f\x73\x20\x2b\x20\x28\x5f\x5f\x75\x5f\x61\x6e"
  "\x79\x20\x3f\x20\x5f\x5f\x75\x5f\x69\x20\x3a\x20\x30\x29\x29\x3b\x0a\x20\x20\x20"
  "\x20\x72\x65\x74\x75\x72\x6e\x20\x5f\x5f\x75\x5f\x76\x20\x2a\x20\x28\x64\x6f\x75"
  "\x62\x6c\x65\x29\x5f\x5f\x75\x5f\x73\x69\x67\x6e\x3b\x0a\x7d\x0a\x23\x65\x6e\x64"
  "\x69\x66\x0a\x23\x69\x66\x20\x21\x5f\x5f\x55\x4e\x49\x53\x41\x5f\x46\x54\x52\x49"
  "\x4d\x5f\x4c\x49\x42\x43\x20\x7c\x7c\x20\x5f\x5f\x55\x4e\x5f\x73\x74\x72\x74\x6f"
  "\x66\x0a\x73\x74\x61\x74\x69\x63\x20\x66\x6c\x6f\x61\x74\x20\x73\x74\x72\x74\x6f"
  "\x66\x28\x63\x6f\x6e\x73\x74\x20\x63\x68\x61\x72\x20\x2a\x5f\x5f\x75\x5f\x73\x2c"
  "\x20\x63\x68\x61\x72\x20\x2a\x2a\x5f\x5f\x75\x5f\x65\x6e\x64\x29\x20\x7b\x20\x72"
  "\x65\x74\x75\x72\x6e\x20\x28\x66\x6c\x6f\x61\x74\x29\x73\x74\x72\x74\x6f\x64\x28"
  "\x5f\x5f\x75\x5f\x73\x2c\x20\x5f\x5f\x75\x5f\x65\x6e\x64\x29\x3b\x20\x7d\x0a\x23"
  "\x65\x6e\x64\x69\x66\x0a\x23\x69\x66\x20\x21\x5f\x5f\x55\x4e\x49\x53\x41\x5f\x46"
  "\x54\x52\x49\x4d\x5f\x4c\x49\x42\x43\x20\x7c\x7c\x20\x5f\x5f\x55\x4e\x5f\x73\x74"
  "\x72\x74\x6f\x6c\x64\x0a\x73\x74\x61\x74\x69\x63\x20\x64\x6f\x75\x62\x6c\x65\x20"
  "\x73\x74\x72\x74\x6f\x6c\x64\x28\x63\x6f\x6e\x73\x74\x20\x63\x68\x61\x72\x20\x2a"
  "\x5f\x5f\x75\x5f\x73\x2c\x20\x63\x68\x61\x72\x20\x2a\x2a\x5f\x5f\x75\x5f\x65\x6e"
  "\x64\x29\x20\x7b\x20\x72\x65\x74\x75\x72\x6e\x20\x73\x74\x72\x74\x6f\x64\x28\x5f"
  "\x5f\x75\x5f\x73\x2c\x20\x5f\x5f\x75\x5f\x65\x6e\x64\x29\x3b\x20\x7d\x0a\x23\x65"
  "\x6e\x64\x69\x66\x0a\x23\x69\x66\x20\x21\x5f\x5f\x55\x4e\x49\x53\x41\x5f\x46\x54"
  "\x52\x49\x4d\x5f\x4c\x49\x42\x43\x20\x7c\x7c\x20\x5f\x5f\x55\x4e\x5f\x61\x74\x6f"
  "\x66\x0a\x73\x74\x61\x74\x69\x63\x20\x64\x6f\x75\x62\x6c\x65\x20\x61\x74\x6f\x66"
  "\x28\x63\x6f\x6e\x73\x74\x20\x63\x68\x61\x72\x20\x2a\x5f\x5f\x75\x5f\x73\x29\x20"
  "\x7b\x20\x72\x65\x74\x75\x72\x6e\x20\x73\x74\x72\x74\x6f\x64\x28\x5f\x5f\x75\x5f"
  "\x73\x2c\x20\x30\x29\x3b\x20\x7d\x0a\x23\x65\x6e\x64\x69\x66\x0a\x0a\x73\x74\x61"
  "\x74\x69\x63\x20\x6c\x6f\x6e\x67\x20\x5f\x75\x6e\x69\x73\x61\x5f\x73\x65\x65\x64"
  "\x20\x3d\x20\x31\x3b\x0a\x23\x69\x66\x20\x21\x5f\x5f\x55\x4e\x49\x53\x41\x5f\x46"
  "\x54\x52\x49\x4d\x5f\x4c\x49\x42\x43\x20\x7c\x7c\x20\x5f\x5f\x55\x4e\x5f\x72\x61"
  "\x6e\x64\x0a\x73\x74\x61\x74\x69\x63\x20\x69\x6e\x74\x20\x72\x61\x6e\x64\x28\x76"
  "\x6f\x69\x64\x29\x20\x7b\x0a\x20\x20\x20\x20\x5f\x75\x6e\x69\x73\x61\x5f\x73\x65"
  "\x65\x64\x20\x3d\x20\x5f\x75\x6e\x69\x73\x61\x5f\x73\x65\x65\x64\x20\x2a\x20\x31"
  "\x31\x30\x33\x35\x31\x35\x32\x34\x35\x20\x2b\x20\x31\x32\x33\x34\x35\x3b\x0a\x20"
  "\x20\x20\x20\x72\x65\x74\x75\x72\x6e\x20\x28\x69\x6e\x74\x29\x28\x28\x5f\x75\x6e"
  "\x69\x73\x61\x5f\x73\x65\x65\x64\x20\x3e\x3e\x20\x31\x36\x29\x20\x26\x20\x33\x32"
  "\x37\x36\x37\x29\x3b\x0a\x7d\x0a\x23\x65\x6e\x64\x69\x66\x0a\x23\x69\x66\x20\x21"
  "\x5f\x5f\x55\x4e\x49\x53\x41\x5f\x46\x54\x52\x49\x4d\x5f\x4c\x49\x42\x43\x20\x7c"
  "\x7c\x20\x5f\x5f\x55\x4e\x5f\x73\x72\x61\x6e\x64\x0a\x73\x74\x61\x74\x69\x63\x20"
  "\x76\x6f\x69\x64\x20\x73\x72\x61\x6e\x64\x28\x69\x6e\x74\x20\x5f\x5f\x75\x5f\x73"
  "\x29\x20\x7b\x20\x5f\x75\x6e\x69\x73\x61\x5f\x73\x65\x65\x64\x20\x3d\x20\x5f\x5f"
  "\x75\x5f\x73\x3b\x20\x7d\x0a\x23\x65\x6e\x64\x69\x66\x0a\x2f\x2a\x20\x2d\x2d\x2d"
  "\x2d\x20\x43\x39\x39\x20\x37\x2e\x32\x30\x2e\x36\x2d\x37\x2e\x32\x30\x2e\x37\x20"
  "\x61\x6e\x64\x20\x74\x68\x65\x20\x70\x69\x65\x63\x65\x73\x20\x6f\x66\x20\x37\x2e"
  "\x32\x30\x2e\x34\x20\x61\x20\x70\x72\x6f\x67\x72\x61\x6d\x20\x63\x61\x6e\x20\x72"
  "\x65\x6c\x79\x20\x6f\x6e\x0a\x20\x20\x20\x68\x65\x72\x65\x3a\x20\x6c\x61\x62\x73"
  "\x2c\x20\x64\x69\x76\x2c\x20\x71\x73\x6f\x72\x74\x2c\x20\x62\x73\x65\x61\x72\x63"
  "\x68\x2c\x20\x61\x74\x65\x78\x69\x74\x2e\x20\x20\x52\x65\x61\x6c\x20\x63\x6f\x64"
  "\x65\x2c\x20\x6c\x69\x6b\x65\x20\x74\x68\x65\x20\x72\x65\x73\x74\x20\x6f\x66\x0a"
  "\x20\x20\x20\x74\x68\x69\x73\x20\x68\x65\x61\x64\x65\x72\x3a\x20\x74\x68\x65\x20"
  "\x73\x6f\x72\x74\x20\x69\x73\x20\x61\x20\x68\x65\x61\x70\x20\x73\x6f\x72\x74\x2c"
  "\x20\x73\x6f\x20\x69\x74\x73\x20\x77\x6f\x72\x73\x74\x20\x63\x61\x73\x65\x20\x69"
  "\x73\x20\x62\x6f\x75\x6e\x64\x65\x64\x20\x61\x6e\x64\x0a\x20\x20\x20\x69\x74\x20"
  "\x6e\x65\x65\x64\x73\x20\x6e\x6f\x20\x73\x74\x61\x63\x6b\x20\x62\x65\x79\x6f\x6e"
  "\x64\x20\x6f\x6e\x65\x20\x65\x6c\x65\x6d\x65\x6e\x74\x27\x73\x20\x62\x79\x74\x65"
  "\x73\x20\x5b\x53\x2d\x31\x35\x20\x44\x32\x5d\x2e\x20\x2a\x2f\x0a\x23\x69\x66\x20"
  "\x21\x5f\x5f\x55\x4e\x49\x53\x41\x5f\x46\x54\x52\x49\x4d\x5f\x4c\x49\x42\x43\x20"
  "\x7c\x7c\x20\x5f\x5f\x55\x4e\x5f\x6c\x61\x62\x73\x0a\x73\x74\x61\x74\x69\x63\x20"
  "\x6c\x6f\x6e\x67\x20\x6c\x61\x62\x73\x28\x6c\x6f\x6e\x67\x20\x5f\x5f\x75\x5f\x76"
  "\x29\x20\x7b\x20\x69\x66\x20\x28\x5f\x5f\x75\x5f\x76\x20\x3c\x20\x30\x29\x20\x72"
  "\x65\x74\x75\x72\x6e\x20\x30\x20\x2d\x20\x5f\x5f\x75\x5f\x76\x3b\x20\x72\x65\x74"
  "\x75\x72\x6e\x20\x5f\x5f\x75\x5f\x76\x3b\x20\x7d\x0a\x23\x65\x6e\x64\x69\x66\x0a"
  "\x23\x69\x66\x20\x21\x5f\x5f\x55\x4e\x49\x53\x41\x5f\x46\x54\x52\x49\x4d\x5f\x4c"
  "\x49\x42\x43\x20\x7c\x7c\x20\x5f\x5f\x55\x4e\x5f\x6c\x6c\x61\x62\x73\x0a\x73\x74"
  "\x61\x74\x69\x63\x20\x6c\x6f\x6e\x67\x20\x6c\x6f\x6e\x67\x20\x6c\x6c\x61\x62\x73"
  "\x28\x6c\x6f\x6e\x67\x20\x6c\x6f\x6e\x67\x20\x5f\x5f\x75\x5f\x76\x29\x20\x7b\x20"
  "\x69\x66\x20\x28\x5f\x5f\x75\x5f\x76\x20\x3c\x20\x30\x29\x20\x72\x65\x74\x75\x72"
  "\x6e\x20\x30\x20\x2d\x20\x5f\x5f\x75\x5f\x76\x3b\x20\x72\x65\x74\x75\x72\x6e\x20"
  "\x5f\x5f\x75\x5f\x76\x3b\x20\x7d\x0a\x23\x65\x6e\x64\x69\x66\x0a\x74\x79\x70\x65"
  "\x64\x65\x66\x20\x73\x74\x72\x75\x63\x74\x20\x7b\x20\x69\x6e\x74\x20\x71\x75\x6f"
  "\x74\x3b\x20\x69\x6e\x74\x20\x72\x65\x6d\x3b\x20\x7d\x20\x64\x69\x76\x5f\x74\x3b"
  "\x0a\x74\x79\x70\x65\x64\x65\x66\x20\x73\x74\x72\x75\x63\x74\x20\x7b\x20\x6c\x6f"
  "\x6e\x67\x20\x71\x75\x6f\x74\x3b\x20\x6c\x6f\x6e\x67\x20\x72\x65\x6d\x3b\x20\x7d"
  "\x20\x6c\x64\x69\x76\x5f\x74\x3b\x0a\x23\x69\x66\x20\x21\x5f\x5f\x55\x4e\x49\x53"
  "\x41\x5f\x46\x54\x52\x49\x4d\x5f\x4c\x49\x42\x43\x20\x7c\x7c\x20\x5f\x5f\x55\x4e"
  "\x5f\x64\x69\x76\x0a\x73\x74\x61\x74\x69\x63\x20\x64\x69\x76\x5f\x74\x20\x64\x69"
  "\x76\x28\x69\x6e\x74\x20\x5f\x5f\x75\x5f\x61\x2c\x20\x69\x6e\x74\x20\x5f\x5f\x75"
  "\x5f\x62\x29\x20\x7b\x20\x64\x69\x76\x5f\x74\x20\x5f\x5f\x75\x5f\x72\x3b\x20\x5f"
  "\x5f\x75\x5f\x72\x2e\x71\x75\x6f\x74\x20\x3d\x20\x5f\x5f\x75\x5f\x61\x20\x2f\x20"
  "\x5f\x5f\x75\x5f\x62\x3b\x20\x5f\x5f\x75\x5f\x72\x2e\x72\x65\x6d\x20\x3d\x20\x5f"
  "\x5f\x75\x5f\x61\x20\x25\x20\x5f\x5f\x75\x5f\x62\x3b\x20\x72\x65\x74\x75\x72\x6e"
  "\x20\x5f\x5f\x75\x5f\x72\x3b\x20\x7d\x0a\x23\x65\x6e\x64\x69\x66\x0a\x23\x69\x66"
  "\x20\x21\x5f\x5f\x55\x4e\x49\x53\x41\x5f\x46\x54\x52\x49\x4d\x5f\x4c\x49\x42\x43"
  "\x20\x7c\x7c\x20\x5f\x5f\x55\x4e\x5f\x6c\x64\x69\x76\x0a\x73\x74\x61\x74\x69\x63"
  "\x20\x6c\x64\x69\x76\x5f\x74\x20\x6c\x64\x69\x76\x28\x6c\x6f\x6e\x67\x20\x5f\x5f"
  "\x75\x5f\x61\x2c\x20\x6c\x6f\x6e\x67\x20\x5f\x5f\x75\x5f\x62\x29\x20\x7b\x20\x6c"
  "\x64\x69\x76\x5f\x74\x20\x5f\x5f\x75\x5f\x72\x3b\x20\x5f\x5f\x75\x5f\x72\x2e\x71"
  "\x75\x6f\x74\x20\x3d\x20\x5f\x5f\x75\x5f\x61\x20\x2f\x20\x5f\x5f\x75\x5f\x62\x3b"
  "\x20\x5f\x5f\x75\x5f\x72\x2e\x72\x65\x6d\x20\x3d\x20\x5f\x5f\x75\x5f\x61\x20\x25"
  "\x20\x5f\x5f\x75\x5f\x62\x3b\x20\x72\x65\x74\x75\x72\x6e\x20\x5f\x5f\x75\x5f\x72"
  "\x3b\x20\x7d\x0a\x23\x65\x6e\x64\x69\x66\x0a\x0a\x23\x69\x66\x20\x21\x5f\x5f\x55"
  "\x4e\x49\x53\x41\x5f\x46\x54\x52\x49\x4d\x5f\x4c\x49\x42\x43\x20\x7c\x7c\x20\x5f"
  "\x5f\x55\x4e\x5f\x5f\x75\x6e\x69\x73\x61\x5f\x73\x77\x61\x70\x0a\x73\x74\x61\x74"
  "\x69\x63\x20\x76\x6f\x69\x64\x20\x5f\x75\x6e\x69\x73\x61\x5f\x73\x77\x61\x70\x28"
  "\x63\x68\x61\x72\x20\x2a\x5f\x5f\x75\x5f\x61\x2c\x20\x63\x68\x61\x72\x20\x2a\x5f"
  "\x5f\x75\x5f\x62\x2c\x20\x6c\x6f\x6e\x67\x20\x5f\x5f\x75\x5f\x6e\x29\x20\x7b\x0a"
  "\x20\x20\x20\x20\x6c\x6f\x6e\x67\x20\x5f\x5f\x75\x5f\x69\x3b\x20\x63\x68\x61\x72"
  "\x20\x5f\x5f\x75\x5f\x74\x3b\x0a\x20\x20\x20\x20\x5f\x5f\x75\x5f\x69\x20\x3d\x20"
  "\x30\x3b\x0a\x20\x20\x20\x20\x77\x68\x69\x6c\x65\x20\x28\x5f\x5f\x75\x5f\x69\x20"
  "\x3c\x20\x5f\x5f\x75\x5f\x6e\x29\x20\x7b\x20\x5f\x5f\x75\x5f\x74\x20\x3d\x20\x5f"
  "\x5f\x75\x5f\x61\x5b\x5f\x5f\x75\x5f\x69\x5d\x3b\x20\x5f\x5f\x75\x5f\x61\x5b\x5f"
  "\x5f\x75\x5f\x69\x5d\x20\x3d\x20\x5f\x5f\x75\x5f\x62\x5b\x5f\x5f\x75\x5f\x69\x5d"
  "\x3b\x20\x5f\x5f\x75\x5f\x62\x5b\x5f\x5f\x75\x5f\x69\x5d\x20\x3d\x20\x5f\x5f\x75"
  "\x5f\x74\x3b\x20\x5f\x5f\x75\x5f\x69\x20\x3d\x20\x5f\x5f\x75\x5f\x69\x20\x2b\x20"
  "\x31\x3b\x20\x7d\x0a\x7d\x0a\x23\x65\x6e\x64\x69\x66\x0a\x0a\x2f\x2a\x20\x53\x69"
  "\x66\x74\x20\x65\x6c\x65\x6d\x65\x6e\x74\x20\x60\x69\x60\x20\x6f\x66\x20\x61\x20"
  "\x68\x65\x61\x70\x20\x6f\x66\x20\x60\x6e\x60\x20\x65\x6c\x65\x6d\x65\x6e\x74\x73"
  "\x20\x64\x6f\x77\x6e\x20\x74\x6f\x20\x69\x74\x73\x20\x70\x6c\x61\x63\x65\x2e\x20"
  "\x2a\x2f\x0a\x23\x69\x66\x20\x21\x5f\x5f\x55\x4e\x49\x53\x41\x5f\x46\x54\x52\x49"
  "\x4d\x5f\x4c\x49\x42\x43\x20\x7c\x7c\x20\x5f\x5f\x55\x4e\x5f\x5f\x75\x6e\x69\x73"
  "\x61\x5f\x73\x69\x66\x74\x0a\x73\x74\x61\x74\x69\x63\x20\x76\x6f\x69\x64\x20\x5f"
  "\x75\x6e\x69\x73\x61\x5f\x73\x69\x66\x74\x28\x63\x68\x61\x72\x20\x2a\x5f\x5f\x75"
  "\x5f\x62\x61\x73\x65\x2c\x20\x6c\x6f\x6e\x67\x20\x5f\x5f\x75\x5f\x6e\x2c\x20\x6c"
  "\x6f\x6e\x67\x20\x5f\x5f\x75\x5f\x73\x7a\x2c\x20\x6c\x6f\x6e\x67\x20\x5f\x5f\x75"
  "\x5f\x69\x2c\x20\x69\x6e\x74\x20\x28\x2a\x5f\x5f\x75\x5f\x63\x6d\x70\x29\x28\x63"
  "\x6f\x6e\x73\x74\x20\x76\x6f\x69\x64\x20\x2a\x2c\x20\x63\x6f\x6e\x73\x74\x20\x76"
  "\x6f\x69\x64\x20\x2a\x29\x29\x20\x7b\x0a\x20\x20\x20\x20\x6c\x6f\x6e\x67\x20\x5f"
  "\x5f\x75\x5f\x63\x3b\x0a\x20\x20\x20\x20\x77\x68\x69\x6c\x65\x20\x28\x31\x29\x20"
  "\x7b\x0a\x20\x20\x20\x20\x20\x20\x20\x20\x5f\x5f\x75\x5f\x63\x20\x3d\x20\x32\x20"
  "\x2a\x20\x5f\x5f\x75\x5f\x69\x20\x2b\x20\x31\x3b\x0a\x20\x20\x20\x20\x20\x20\x20"
  "\x20\x69\x66\x20\x28\x5f\x5f\x75\x5f\x63\x20\x3e\x3d\x20\x5f\x5f\x75\x5f\x6e\x29"
  "\x20\x72\x65\x74\x75\x72\x6e\x3b\x0a\x20\x20\x20\x20\x20\x20\x20\x20\x69\x66\x20"
  "\x28\x5f\x5f\x75\x5f\x63\x20\x2b\x20\x31\x20\x3c\x20\x5f\x5f\x75\x5f\x6e\x29\x20"
  "\x7b\x20\x69\x66\x20\x28\x5f\x5f\x75\x5f\x63\x6d\x70\x28\x5f\x5f\x75\x5f\x62\x61"
  "\x73\x65\x20\x2b\x20\x5f\x5f\x75\x5f\x63\x20\x2a\x20\x5f\x5f\x75\x5f\x73\x7a\x2c"
  "\x20\x5f\x5f\x75\x5f\x62\x61\x73\x65\x20\x2b\x20\x28\x5f\x5f\x75\x5f\x63\x20\x2b"
  "\x20\x31\x29\x20\x2a\x20\x5f\x5f\x75\x5f\x73\x7a\x29\x20\x3c\x20\x30\x29\x20\x5f"
  "\x5f\x75\x5f\x63\x20\x3d\x20\x5f\x5f\x75\x5f\x63\x20\x2b\x20\x31\x3b\x20\x7d\x0a"
  "\x20\x20\x20\x20\x20\x20\x20\x20\x69\x66\x20\x28\x5f\x5f\x75\x5f\x63\x6d\x70\x28"
  "\x5f\x5f\x75\x5f\x62\x61\x73\x65\x20\x2b\x20\x5f\x5f\x75\x5f\x69\x20\x2a\x20\x5f"
  "\x5f\x75\x5f\x73\x7a\x2c\x20\x5f\x5f\x75\x5f\x62\x61\x73\x65\x20\x2b\x20\x5f\x5f"
  "\x75\x5f\x63\x20\x2a\x20\x5f\x5f\x75\x5f\x73\x7a\x29\x20\x3e\x3d\x20\x30\x29\x20"
  "\x72\x65\x74\x75\x72\x6e\x3b\x0a\x20\x20\x20\x20\x20\x20\x20\x20\x5f\x75\x6e\x69"
  "\x73\x61\x5f\x73\x77\x61\x70\x28\x5f\x5f\x75\x5f\x62\x61\x73\x65\x20\x2b\x20\x5f"
  "\x5f\x75\x5f\x69\x20\x2a\x20\x5f\x5f\x75\x5f\x73\x7a\x2c\x20\x5f\x5f\x75\x5f\x62"
  "\x61\x73\x65\x20\x2b\x20\x5f\x5f\x75\x5f\x63\x20\x2a\x20\x5f\x5f\x75\x5f\x73\x7a"
  "\x2c\x20\x5f\x5f\x75\x5f\x73\x7a\x29\x3b\x0a\x20\x20\x20\x20\x20\x20\x20\x20\x5f"
  "\x5f\x75\x5f\x69\x20\x3d\x20\x5f\x5f\x75\x5f\x63\x3b\x0a\x20\x20\x20\x20\x7d\x0a"
  "\x7d\x0a\x23\x65\x6e\x64\x69\x66\x0a\x0a\x23\x69\x66\x20\x21\x5f\x5f\x55\x4e\x49"
  "\x53\x41\x5f\x46\x54\x52\x49\x4d\x5f\x4c\x49\x42\x43\x20\x7c\x7c\x20\x5f\x5f\x55"
  "\x4e\x5f\x71\x73\x6f\x72\x74\x0a\x73\x74\x61\x74\x69\x63\x20\x76\x6f\x69\x64\x20"
  "\x71\x73\x6f\x72\x74\x28\x76\x6f\x69\x64\x20\x2a\x5f\x5f\x75\x5f\x76\x2c\x20\x6c"
  "\x6f\x6e\x67\x20\x5f\x5f\x75\x5f\x6e\x2c\x20\x6c\x6f\x6e\x67\x20\x5f\x5f\x75\x5f"
  "\x73\x7a\x2c\x20\x69\x6e\x74\x20\x28\x2a\x5f\x5f\x75\x5f\x63\x6d\x70\x29\x28\x63"
  "\x6f\x6e\x73\x74\x20\x76\x6f\x69\x64\x20\x2a\x2c\x20\x63\x6f\x6e\x73\x74\x20\x76"
  "\x6f\x69\x64\x20\x2a\x29\x29\x20\x7b\x0a\x20\x20\x20\x20\x63\x68\x61\x72\x20\x2a"
  "\x5f\x5f\x75\x5f\x62\x61\x73\x65\x3b\x20\x6c\x6f\x6e\x67\x20\x5f\x5f\x75\x5f\x69"
  "\x3b\x0a\x20\x20\x20\x20\x5f\x5f\x75\x5f\x62\x61\x73\x65\x20\x3d\x20\x28\x63\x68"
  "\x61\x72\x20\x2a\x29\x5f\x5f\x75\x5f\x76\x3b\x0a\x20\x20\x20\x20\x69\x66\x20\x28"
  "\x5f\x5f\x75\x5f\x6e\x20\x3c\x20\x32\x29\x20\x72\x65\x74\x75\x72\x6e\x3b\x0a\x20"
  "\x20\x20\x20\x5f\x5f\x75\x5f\x69\x20\x3d\x20\x5f\x5f\x75\x5f\x6e\x20\x2f\x20\x32"
  "\x3b\x0a\x20\x20\x20\x20\x77\x68\x69\x6c\x65\x20\x28\x5f\x5f\x75\x5f\x69\x20\x3e"
  "\x20\x30\x29\x20\x7b\x20\x5f\x5f\x75\x5f\x69\x20\x3d\x20\x5f\x5f\x75\x5f\x69\x20"
  "\x2d\x20\x31\x3b\x20\x5f\x75\x6e\x69\x73\x61\x5f\x73\x69\x66\x74\x28\x5f\x5f\x75"
  "\x5f\x62\x61\x73\x65\x2c\x20\x5f\x5f\x75\x5f\x6e\x2c\x20\x5f\x5f\x75\x5f\x73\x7a"
  "\x2c\x20\x5f\x5f\x75\x5f\x69\x2c\x20\x5f\x5f\x75\x5f\x63\x6d\x70\x29\x3b\x20\x7d"
  "\x0a\x20\x20\x20\x20\x5f\x5f\x75\x5f\x69\x20\x3d\x20\x5f\x5f\x75\x5f\x6e\x3b\x0a"
  "\x20\x20\x20\x20\x77\x68\x69\x6c\x65\x20\x28\x5f\x5f\x75\x5f\x69\x20\x3e\x20\x31"
  "\x29\x20\x7b\x0a\x20\x20\x20\x20\x20\x20\x20\x20\x5f\x5f\x75\x5f\x69\x20\x3d\x20"
  "\x5f\x5f\x75\x5f\x69\x20\x2d\x20\x31\x3b\x0a\x20\x20\x20\x20\x20\x20\x20\x20\x5f"
  "\x75\x6e\x69\x73\x61\x5f\x73\x77\x61\x70\x28\x5f\x5f\x75\x5f\x62\x61\x73\x65\x2c"
  "\x20\x5f\x5f\x75\x5f\x62\x61\x73\x65\x20\x2b\x20\x5f\x5f\x75\x5f\x69\x20\x2a\x20"
  "\x5f\x5f\x75\x5f\x73\x7a\x2c\x20\x5f\x5f\x75\x5f\x73\x7a\x29\x3b\x0a\x20\x20\x20"
  "\x20\x20\x20\x20\x20\x5f\x75\x6e\x69\x73\x61\x5f\x73\x69\x66\x74\x28\x5f\x5f\x75"
  "\x5f\x62\x61\x73\x65\x2c\x20\x5f\x5f\x75\x5f\x69\x2c\x20\x5f\x5f\x75\x5f\x73\x7a"
  "\x2c\x20\x30\x2c\x20\x5f\x5f\x75\x5f\x63\x6d\x70\x29\x3b\x0a\x20\x20\x20\x20\x7d"
  "\x0a\x7d\x0a\x23\x65\x6e\x64\x69\x66\x0a\x0a\x23\x69\x66\x20\x21\x5f\x5f\x55\x4e"
  "\x49\x53\x41\x5f\x46\x54\x52\x49\x4d\x5f\x4c\x49\x42\x43\x20\x7c\x7c\x20\x5f\x5f"
  "\x55\x4e\x5f\x62\x73\x65\x61\x72\x63\x68\x0a\x73\x74\x61\x74\x69\x63\x20\x76\x6f"
  "\x69\x64\x20\x2a\x62\x73\x65\x61\x72\x63\x68\x28\x63\x6f\x6e\x73\x74\x20\x76\x6f"
  "\x69\x64\x20\x2a\x5f\x5f\x75\x5f\x6b\x65\x79\x2c\x20\x63\x6f\x6e\x73\x74\x20\x76"
  "\x6f\x69\x64\x20\x2a\x5f\x5f\x75\x5f\x76\x2c\x20\x6c\x6f\x6e\x67\x20\x5f\x5f\x75"
  "\x5f\x6e\x2c\x20\x6c\x6f\x6e\x67\x20\x5f\x5f\x75\x5f\x73\x7a\x2c\x20\x69\x6e\x74"
  "\x20\x28\x2a\x5f\x5f\x75\x5f\x63\x6d\x70\x29\x28\x63\x6f\x6e\x73\x74\x20\x76\x6f"
  "\x69\x64\x20\x2a\x2c\x20\x63\x6f\x6e\x73\x74\x20\x76\x6f\x69\x64\x20\x2a\x29\x29"
  "\x20\x7b\x0a\x20\x20\x20\x20\x63\x68\x61\x72\x20\x2a\x5f\x5f\x75\x5f\x62\x61\x73"
  "\x65\x3b\x20\x6c\x6f\x6e\x67\x20\x5f\x5f\x75\x5f\x6c\x6f\x3b\x20\x6c\x6f\x6e\x67"
  "\x20\x5f\x5f\x75\x5f\x68\x69\x3b\x20\x6c\x6f\x6e\x67\x20\x5f\x5f\x75\x5f\x6d\x69"
  "\x64\x3b\x20\x69\x6e\x74\x20\x5f\x5f\x75\x5f\x63\x3b\x0a\x20\x20\x20\x20\x5f\x5f"
  "\x75\x5f\x62\x61\x73\x65\x20\x3d\x20\x28\x63\x68\x61\x72\x20\x2a\x29\x5f\x5f\x75"
  "\x5f\x76\x3b\x20\x5f\x5f\x75\x5f\x6c\x6f\x20\x3d\x20\x30\x3b\x20\x5f\x5f\x75\x5f"
  "\x68\x69\x20\x3d\x20\x5f\x5f\x75\x5f\x6e\x3b\x0a\x20\x20\x20\x20\x77\x68\x69\x6c"
  "\x65\x20\x28\x5f\x5f\x75\x5f\x6c\x6f\x20\x3c\x20\x5f\x5f\x75\x5f\x68\x69\x29\x20"
  "\x7b\x0a\x20\x20\x20\x20\x20\x20\x20\x20\x5f\x5f\x75\x5f\x6d\x69\x64\x20\x3d\x20"
  "\x5f\x5f\x75\x5f\x6c\x6f\x20\x2b\x20\x28\x5f\x5f\x75\x5f\x68\x69\x20\x2d\x20\x5f"
  "\x5f\x75\x5f\x6c\x6f\x29\x20\x2f\x20\x32\x3b\x0a\x20\x20\x20\x20\x20\x20\x20\x20"
  "\x5f\x5f\x75\x5f\x63\x20\x3d\x20\x5f\x5f\x75\x5f\x63\x6d\x70\x28\x5f\x5f\x75\x5f"
  "\x6b\x65\x79\x2c\x20\x5f\x5f\x75\x5f\x62\x61\x73\x65\x20\x2b\x20\x5f\x5f\x75\x5f"
  "\x6d\x69\x64\x20\x2a\x20\x5f\x5f\x75\x5f\x73\x7a\x29\x3b\x0a\x20\x20\x20\x20\x20"
  "\x20\x20\x20\x69\x66\x20\x28\x5f\x5f\x75\x5f\x63\x20\x3d\x3d\x20\x30\x29\x20\x72"
  "\x65\x74\x75\x72\x6e\x20\x5f\x5f\x75\x5f\x62\x61\x73\x65\x20\x2b\x20\x5f\x5f\x75"
  "\x5f\x6d\x69\x64\x20\x2a\x20\x5f\x5f\x75\x5f\x73\x7a\x3b\x0a\x20\x20\x20\x20\x20"
  "\x20\x20\x20\x69\x66\x20\x28\x5f\x5f\x75\x5f\x63\x20\x3c\x20\x30\x29\x20\x5f\x5f"
  "\x75\x5f\x68\x69\x20\x3d\x20\x5f\x5f\x75\x5f\x6d\x69\x64\x3b\x20\x65\x6c\x73\x65"
  "\x20\x5f\x5f\x75\x5f\x6c\x6f\x20\x3d\x20\x5f\x5f\x75\x5f\x6d\x69\x64\x20\x2b\x20"
  "\x31\x3b\x0a\x20\x20\x20\x20\x7d\x0a\x20\x20\x20\x20\x72\x65\x74\x75\x72\x6e\x20"
  "\x30\x3b\x0a\x7d\x0a\x23\x65\x6e\x64\x69\x66\x0a\x0a\x2f\x2a\x20\x61\x74\x65\x78"
  "\x69\x74\x3a\x20\x74\x68\x65\x20\x68\x61\x6e\x64\x6c\x65\x72\x73\x20\x72\x75\x6e"
  "\x2c\x20\x6c\x61\x73\x74\x20\x72\x65\x67\x69\x73\x74\x65\x72\x65\x64\x20\x66\x69"
  "\x72\x73\x74\x2c\x20\x66\x72\x6f\x6d\x20\x60\x65\x78\x69\x74\x60\x20\x2d\x2d\x20"
  "\x77\x68\x69\x63\x68\x20\x69\x73\x0a\x20\x20\x20\x61\x6c\x73\x6f\x20\x77\x68\x65"
  "\x72\x65\x20\x61\x20\x72\x65\x74\x75\x72\x6e\x20\x66\x72\x6f\x6d\x20\x6d\x61\x69"
  "\x6e\x20\x65\x6e\x64\x73\x20\x75\x70\x2c\x20\x73\x69\x6e\x63\x65\x20\x74\x68\x65"
  "\x20\x65\x6e\x74\x72\x79\x20\x73\x74\x75\x62\x20\x63\x61\x6c\x6c\x73\x20\x60\x65"
  "\x78\x69\x74\x60\x0a\x20\x20\x20\x77\x68\x65\x6e\x65\x76\x65\x72\x20\x74\x68\x69"
  "\x73\x20\x68\x65\x61\x64\x65\x72\x20\x64\x65\x66\x69\x6e\x65\x64\x20\x6f\x6e\x65"
  "\x2e\x20\x20\x54\x68\x69\x72\x74\x79\x2d\x74\x77\x6f\x20\x69\x73\x20\x43\x27\x73"
  "\x20\x6d\x69\x6e\x69\x6d\x75\x6d\x20\x28\x37\x2e\x32\x30\x2e\x34\x2e\x32\x29\x2e"
  "\x20\x2a\x2f\x0a\x23\x69\x66\x20\x21\x5f\x5f\x55\x4e\x49\x53\x41\x5f\x46\x54\x52"
  "\x49\x4d\x5f\x4c\x49\x42\x43\x20\x7c\x7c\x20\x5f\x5f\x55\x4e\x5f\x61\x74\x65\x78"
  "\x69\x74\x0a\x73\x74\x61\x74\x69\x63\x20\x69\x6e\x74\x20\x61\x74\x65\x78\x69\x74"
  "\x28\x76\x6f\x69\x64\x20\x28\x2a\x5f\x5f\x75\x5f\x66\x6e\x29\x28\x76\x6f\x69\x64"
  "\x29\x29\x20\x7b\x0a\x20\x20\x20\x20\x69\x66\x20\x28\x5f\x75\x6e\x69\x73\x61\x5f"
  "\x6e\x61\x74\x65\x78\x69\x74\x20\x3e\x3d\x20\x33\x32\x29\x20\x72\x65\x74\x75\x72"
  "\x6e\x20\x30\x20\x2d\x20\x31\x3b\x0a\x20\x20\x20\x20\x5f\x75\x6e\x69\x73\x61\x5f"
  "\x61\x74\x65\x78\x69\x74\x5b\x5f\x75\x6e\x69\x73\x61\x5f\x6e\x61\x74\x65\x78\x69"
  "\x74\x5d\x20\x3d\x20\x5f\x5f\x75\x5f\x66\x6e\x3b\x0a\x20\x20\x20\x20\x5f\x75\x6e"
  "\x69\x73\x61\x5f\x6e\x61\x74\x65\x78\x69\x74\x20\x3d\x20\x5f\x75\x6e\x69\x73\x61"
  "\x5f\x6e\x61\x74\x65\x78\x69\x74\x20\x2b\x20\x31\x3b\x0a\x20\x20\x20\x20\x72\x65"
  "\x74\x75\x72\x6e\x20\x30\x3b\x0a\x7d\x0a\x23\x65\x6e\x64\x69\x66\x0a\x0a\x2f\x2a"
  "\x20\x54\x68\x65\x20\x65\x6e\x76\x69\x72\x6f\x6e\x6d\x65\x6e\x74\x20\x69\x73\x20"
  "\x77\x68\x65\x72\x65\x20\x61\x20\x55\x6e\x69\x78\x20\x6b\x65\x72\x6e\x65\x6c\x20"
  "\x6c\x65\x61\x76\x65\x73\x20\x69\x74\x3a\x20\x61\x66\x74\x65\x72\x20\x61\x72\x67"
  "\x76\x27\x73\x20\x4e\x55\x4c\x4c\x2e\x0a\x20\x20\x20\x60\x5f\x5f\x61\x72\x67\x76"
  "\x28\x6b\x29\x60\x20\x72\x65\x61\x64\x73\x20\x74\x68\x61\x74\x20\x61\x72\x72\x61"
  "\x79\x20\x69\x74\x73\x65\x6c\x66\x2c\x20\x73\x6f\x20\x74\x68\x65\x20\x77\x61\x6c"
  "\x6b\x20\x73\x74\x61\x72\x74\x73\x20\x70\x61\x73\x74\x20\x61\x72\x67\x63\x2e\x20"
  "\x20\x4f\x6e\x0a\x20\x20\x20\x57\x69\x6e\x64\x6f\x77\x73\x20\x6e\x6f\x74\x68\x69"
  "\x6e\x67\x20\x69\x73\x20\x74\x68\x65\x72\x65\x20\x61\x6e\x64\x20\x67\x65\x74\x65"
  "\x6e\x76\x20\x61\x6e\x73\x77\x65\x72\x73\x20\x4e\x55\x4c\x4c\x2e\x20\x5b\x53\x2d"
  "\x31\x35\x20\x44\x32\x5d\x20\x2a\x2f\x0a\x23\x69\x66\x20\x21\x5f\x5f\x55\x4e\x49"
  "\x53\x41\x5f\x46\x54\x52\x49\x4d\x5f\x4c\x49\x42\x43\x20\x7c\x7c\x20\x5f\x5f\x55"
  "\x4e\x5f\x67\x65\x74\x65\x6e\x76\x0a\x73\x74\x61\x74\x69\x63\x20\x63\x68\x61\x72"
  "\x20\x2a\x67\x65\x74\x65\x6e\x76\x28\x63\x6f\x6e\x73\x74\x20\x63\x68\x61\x72\x20"
  "\x2a\x5f\x5f\x75\x5f\x6e\x61\x6d\x65\x29\x20\x7b\x0a\x20\x20\x20\x20\x69\x6e\x74"
  "\x20\x5f\x5f\x75\x5f\x6b\x3b\x20\x69\x6e\x74\x20\x5f\x5f\x75\x5f\x69\x3b\x20\x63"
  "\x68\x61\x72\x20\x2a\x5f\x5f\x75\x5f\x65\x3b\x0a\x20\x20\x20\x20\x5f\x5f\x75\x5f"
  "\x6b\x20\x3d\x20\x5f\x5f\x61\x72\x67\x63\x28\x29\x20\x2b\x20\x31\x3b\x0a\x20\x20"
  "\x20\x20\x77\x68\x69\x6c\x65\x20\x28\x28\x5f\x5f\x75\x5f\x65\x20\x3d\x20\x5f\x5f"
  "\x61\x72\x67\x76\x28\x5f\x5f\x75\x5f\x6b\x29\x29\x20\x21\x3d\x20\x30\x29\x20\x7b"
  "\x0a\x20\x20\x20\x20\x20\x20\x20\x20\x5f\x5f\x75\x5f\x69\x20\x3d\x20\x30\x3b\x0a"
  "\x20\x20\x20\x20\x20\x20\x20\x20\x77\x68\x69\x6c\x65\x20\x28\x5f\x5f\x75\x5f\x6e"
  "\x61\x6d\x65\x5b\x5f\x5f\x75\x5f\x69\x5d\x20\x26\x26\x20\x5f\x5f\x75\x5f\x65\x5b"
  "\x5f\x5f\x75\x5f\x69\x5d\x20\x3d\x3d\x20\x5f\x5f\x75\x5f\x6e\x61\x6d\x65\x5b\x5f"
  "\x5f\x75\x5f\x69\x5d\x29\x20\x5f\x5f\x75\x5f\x69\x20\x3d\x20\x5f\x5f\x75\x5f\x69"
  "\x20\x2b\x20\x31\x3b\x0a\x20\x20\x20\x20\x20\x20\x20\x20\x69\x66\x20\x28\x5f\x5f"
  "\x75\x5f\x6e\x61\x6d\x65\x5b\x5f\x5f\x75\x5f\x69\x5d\x20\x3d\x3d\x20\x30\x20\x26"
  "\x26\x20\x5f\x5f\x75\x5f\x65\x5b\x5f\x5f\x75\x5f\x69\x5d\x20\x3d\x3d\x20\x36\x31"
  "\x29\x20\x72\x65\x74\x75\x72\x6e\x20\x5f\x5f\x75\x5f\x65\x20\x2b\x20\x5f\x5f\x75"
  "\x5f\x69\x20\x2b\x20\x31\x3b\x0a\x20\x20\x20\x20\x20\x20\x20\x20\x5f\x5f\x75\x5f"
  "\x6b\x20\x3d\x20\x5f\x5f\x75\x5f\x6b\x20\x2b\x20\x31\x3b\x0a\x20\x20\x20\x20\x7d"
  "\x0a\x20\x20\x20\x20\x72\x65\x74\x75\x72\x6e\x20\x30\x3b\x0a\x7d\x0a\x23\x65\x6e"
  "\x64\x69\x66\x0a\x0a\x23\x65\x6e\x64\x69\x66\x0a";

/* HDR_20: include/string.h, verbatim */
char *HDR_20 =
  "\x2f\x2a\x20\x3c\x73\x74\x72\x69\x6e\x67\x2e\x68\x3e\x20\x66\x6f\x72\x20\x74\x68"
  "\x65\x20\x75\x6e\x69\x73\x61\x20\x43\x20\x73\x75\x62\x73\x65\x74\x3a\x20\x72\x65"
  "\x61\x6c\x20\x69\x6d\x70\x6c\x65\x6d\x65\x6e\x74\x61\x74\x69\x6f\x6e\x73\x2c\x20"
  "\x63\x6f\x6d\x70\x69\x6c\x65\x64\x20\x66\x72\x6f\x6d\x0a\x20\x2a\x20\x73\x6f\x75"
  "\x72\x63\x65\x2c\x20\x62\x65\x63\x61\x75\x73\x65\x20\x74\x68\x65\x72\x65\x20\x69"
  "\x73\x20\x6e\x6f\x20\x6c\x69\x6e\x6b\x65\x72\x20\x61\x6e\x64\x20\x6e\x6f\x74\x68"
  "\x69\x6e\x67\x20\x74\x6f\x20\x6c\x69\x6e\x6b\x20\x61\x67\x61\x69\x6e\x73\x74\x2e"
  "\x20\x20\x41\x20\x70\x72\x6f\x67\x72\x61\x6d\x0a\x20\x2a\x20\x74\x68\x61\x74\x20"
  "\x69\x6e\x63\x6c\x75\x64\x65\x73\x20\x74\x68\x69\x73\x20\x68\x65\x61\x64\x65\x72"
  "\x20\x63\x61\x72\x72\x69\x65\x73\x20\x74\x68\x65\x20\x66\x75\x6e\x63\x74\x69\x6f"
  "\x6e\x73\x20\x69\x74\x20\x75\x73\x65\x73\x20\x2d\x2d\x20\x61\x6e\x64\x2c\x20\x74"
  "\x6f\x64\x61\x79\x2c\x20\x74\x68\x65\x0a\x20\x2a\x20\x6f\x6e\x65\x73\x20\x69\x74"
  "\x20\x64\x6f\x65\x73\x20\x6e\x6f\x74\x2e\x20\x2a\x2f\x0a\x23\x69\x66\x6e\x64\x65"
  "\x66\x20\x5f\x55\x4e\x49\x53\x41\x5f\x53\x54\x52\x49\x4e\x47\x5f\x48\x0a\x23\x64"
  "\x65\x66\x69\x6e\x65\x20\x5f\x55\x4e\x49\x53\x41\x5f\x53\x54\x52\x49\x4e\x47\x5f"
  "\x48\x0a\x23\x69\x6e\x63\x6c\x75\x64\x65\x20\x3c\x73\x74\x64\x64\x65\x66\x2e\x68"
  "\x3e\x0a\x23\x64\x65\x66\x69\x6e\x65\x20\x4e\x55\x4c\x4c\x20\x30\x0a\x0a\x23\x69"
  "\x66\x20\x21\x5f\x5f\x55\x4e\x49\x53\x41\x5f\x46\x54\x52\x49\x4d\x5f\x4c\x49\x42"
  "\x43\x20\x7c\x7c\x20\x5f\x5f\x55\x4e\x5f\x73\x74\x72\x6c\x65\x6e\x0a\x73\x74\x61"
  "\x74\x69\x63\x20\x6c\x6f\x6e\x67\x20\x73\x74\x72\x6c\x65\x6e\x28\x63\x6f\x6e\x73"
  "\x74\x20\x63\x68\x61\x72\x20\x2a\x5f\x5f\x75\x5f\x73\x29\x20\x7b\x0a\x20\x20\x20"
  "\x20\x6c\x6f\x6e\x67\x20\x5f\x5f\x75\x5f\x6e\x3b\x0a\x20\x20\x20\x20\x5f\x5f\x75"
  "\x5f\x6e\x20\x3d\x20\x30\x3b\x0a\x20\x20\x20\x20\x77\x68\x69\x6c\x65\x20\x28\x5f"
  "\x5f\x75\x5f\x73\x5b\x5f\x5f\x75\x5f\x6e\x5d\x29\x20\x5f\x5f\x75\x5f\x6e\x20\x3d"
  "\x20\x5f\x5f\x75\x5f\x6e\x20\x2b\x20\x31\x3b\x0a\x20\x20\x20\x20\x72\x65\x74\x75"
  "\x72\x6e\x20\x5f\x5f\x75\x5f\x6e\x3b\x0a\x7d\x0a\x23\x65\x6e\x64\x69\x66\x0a\x0a"
  "\x23\x69\x66\x20\x21\x5f\x5f\x55\x4e\x49\x53\x41\x5f\x46\x54\x52\x49\x4d\x5f\x4c"
  "\x49\x42\x43\x20\x7c\x7c\x20\x5f\x5f\x55\x4e\x5f\x73\x74\x72\x63\x70\x79\x0a\x73"
  "\x74\x61\x74\x69\x63\x20\x63\x68\x61\x72\x20\x2a\x73\x74\x72\x63\x70\x79\x28\x63"
  "\x68\x61\x72\x20\x2a\x5f\x5f\x75\x5f\x64\x2c\x20\x63\x6f\x6e\x73\x74\x20\x63\x68"
  "\x61\x72\x20\x2a\x5f\x5f\x75\x5f\x73\x29\x20\x7b\x0a\x20\x20\x20\x20\x6c\x6f\x6e"
  "\x67\x20\x5f\x5f\x75\x5f\x69\x3b\x0a\x20\x20\x20\x20\x5f\x5f\x75\x5f\x69\x20\x3d"
  "\x20\x30\x3b\x0a\x20\x20\x20\x20\x77\x68\x69\x6c\x65\x20\x28\x5f\x5f\x75\x5f\x73"
  "\x5b\x5f\x5f\x75\x5f\x69\x5d\x29\x20\x7b\x20\x5f\x5f\x75\x5f\x64\x5b\x5f\x5f\x75"
  "\x5f\x69\x5d\x20\x3d\x20\x5f\x5f\x75\x5f\x73\x5b\x5f\x5f\x75\x5f\x69\x5d\x3b\x20"
  "\x5f\x5f\x75\x5f\x69\x20\x3d\x20\x5f\x5f\x75\x5f\x69\x20\x2b\x20\x31\x3b\x20\x7d"
  "\x0a\x20\x20\x20\x20\x5f\x5f\x75\x5f\x64\x5b\x5f\x5f\x75\x5f\x69\x5d\x20\x3d\x20"
  "\x30\x3b\x0a\x20\x20\x20\x20\x72\x65\x74\x75\x72\x6e\x20\x5f\x5f\x75\x5f\x64\x3b"
  "\x0a\x7d\x0a\x23\x65\x6e\x64\x69\x66\x0a\x0a\x23\x69\x66\x20\x21\x5f\x5f\x55\x4e"
  "\x49\x53\x41\x5f\x46\x54\x52\x49\x4d\x5f\x4c\x49\x42\x43\x20\x7c\x7c\x20\x5f\x5f"
  "\x55\x4e\x5f\x73\x74\x72\x6e\x63\x70\x79\x0a\x73\x74\x61\x74\x69\x63\x20\x63\x68"
  "\x61\x72\x20\x2a\x73\x74\x72\x6e\x63\x70\x79\x28\x63\x68\x61\x72\x20\x2a\x5f\x5f"
  "\x75\x5f\x64\x2c\x20\x63\x6f\x6e\x73\x74\x20\x63\x68\x61\x72\x20\x2a\x5f\x5f\x75"
  "\x5f\x73\x2c\x20\x6c\x6f\x6e\x67\x20\x5f\x5f\x75\x5f\x6e\x29\x20\x7b\x0a\x20\x20"
  "\x20\x20\x6c\x6f\x6e\x67\x20\x5f\x5f\x75\x5f\x69\x3b\x0a\x20\x20\x20\x20\x5f\x5f"
  "\x75\x5f\x69\x20\x3d\x20\x30\x3b\x0a\x20\x20\x20\x20\x77\x68\x69\x6c\x65\x20\x28"
  "\x5f\x5f\x75\x5f\x69\x20\x3c\x20\x5f\x5f\x75\x5f\x6e\x29\x20\x7b\x20\x5f\x5f\x75"
  "\x5f\x64\x5b\x5f\x5f\x75\x5f\x69\x5d\x20\x3d\x20\x5f\x5f\x75\x5f\x73\x5b\x5f\x5f"
  "\x75\x5f\x69\x5d\x3b\x20\x69\x66\x20\x28\x5f\x5f\x75\x5f\x73\x5b\x5f\x5f\x75\x5f"
  "\x69\x5d\x20\x3d\x3d\x20\x30\x29\x20\x62\x72\x65\x61\x6b\x3b\x20\x5f\x5f\x75\x5f"
  "\x69\x20\x3d\x20\x5f\x5f\x75\x5f\x69\x20\x2b\x20\x31\x3b\x20\x7d\x0a\x20\x20\x20"
  "\x20\x77\x68\x69\x6c\x65\x20\x28\x5f\x5f\x75\x5f\x69\x20\x3c\x20\x5f\x5f\x75\x5f"
  "\x6e\x29\x20\x7b\x20\x5f\x5f\x75\x5f\x64\x5b\x5f\x5f\x75\x5f\x69\x5d\x20\x3d\x20"
  "\x30\x3b\x20\x5f\x5f\x75\x5f\x69\x20\x3d\x20\x5f\x5f\x75\x5f\x69\x20\x2b\x20\x31"
  "\x3b\x20\x7d\x0a\x20\x20\x20\x20\x72\x65\x74\x75\x72\x6e\x20\x5f\x5f\x75\x5f\x64"
  "\x3b\x0a\x7d\x0a\x23\x65\x6e\x64\x69\x66\x0a\x0a\x23\x69\x66\x20\x21\x5f\x5f\x55"
  "\x4e\x49\x53\x41\x5f\x46\x54\x52\x49\x4d\x5f\x4c\x49\x42\x43\x20\x7c\x7c\x20\x5f"
  "\x5f\x55\x4e\x5f\x73\x74\x72\x63\x61\x74\x0a\x73\x74\x61\x74\x69\x63\x20\x63\x68"
  "\x61\x72\x20\x2a\x73\x74\x72\x63\x61\x74\x28\x63\x68\x61\x72\x20\x2a\x5f\x5f\x75"
  "\x5f\x64\x2c\x20\x63\x6f\x6e\x73\x74\x20\x63\x68\x61\x72\x20\x2a\x5f\x5f\x75\x5f"
  "\x73\x29\x20\x7b\x0a\x20\x20\x20\x20\x73\x74\x72\x63\x70\x79\x28\x5f\x5f\x75\x5f"
  "\x64\x20\x2b\x20\x73\x74\x72\x6c\x65\x6e\x28\x5f\x5f\x75\x5f\x64\x29\x2c\x20\x5f"
  "\x5f\x75\x5f\x73\x29\x3b\x0a\x20\x20\x20\x20\x72\x65\x74\x75\x72\x6e\x20\x5f\x5f"
  "\x75\x5f\x64\x3b\x0a\x7d\x0a\x23\x65\x6e\x64\x69\x66\x0a\x0a\x23\x69\x66\x20\x21"
  "\x5f\x5f\x55\x4e\x49\x53\x41\x5f\x46\x54\x52\x49\x4d\x5f\x4c\x49\x42\x43\x20\x7c"
  "\x7c\x20\x5f\x5f\x55\x4e\x5f\x73\x74\x72\x63\x6d\x70\x0a\x73\x74\x61\x74\x69\x63"
  "\x20\x69\x6e\x74\x20\x73\x74\x72\x63\x6d\x70\x28\x63\x6f\x6e\x73\x74\x20\x63\x68"
  "\x61\x72\x20\x2a\x5f\x5f\x75\x5f\x61\x2c\x20\x63\x6f\x6e\x73\x74\x20\x63\x68\x61"
  "\x72\x20\x2a\x5f\x5f\x75\x5f\x62\x29\x20\x7b\x0a\x20\x20\x20\x20\x6c\x6f\x6e\x67"
  "\x20\x5f\x5f\x75\x5f\x69\x3b\x0a\x20\x20\x20\x20\x5f\x5f\x75\x5f\x69\x20\x3d\x20"
  "\x30\x3b\x0a\x20\x20\x20\x20\x77\x68\x69\x6c\x65\x20\x28\x5f\x5f\x75\x5f\x61\x5b"
  "\x5f\x5f\x75\x5f\x69\x5d\x29\x20\x7b\x20\x69\x66\x20\x28\x5f\x5f\x75\x5f\x61\x5b"
  "\x5f\x5f\x75\x5f\x69\x5d\x20\x21\x3d\x20\x5f\x5f\x75\x5f\x62\x5b\x5f\x5f\x75\x5f"
  "\x69\x5d\x29\x20\x62\x72\x65\x61\x6b\x3b\x20\x5f\x5f\x75\x5f\x69\x20\x3d\x20\x5f"
  "\x5f\x75\x5f\x69\x20\x2b\x20\x31\x3b\x20\x7d\x0a\x20\x20\x20\x20\x72\x65\x74\x75"
  "\x72\x6e\x20\x28\x5f\x5f\x75\x5f\x61\x5b\x5f\x5f\x75\x5f\x69\x5d\x20\x26\x20\x32"
  "\x35\x35\x29\x20\x2d\x20\x28\x5f\x5f\x75\x5f\x62\x5b\x5f\x5f\x75\x5f\x69\x5d\x20"
  "\x26\x20\x32\x35\x35\x29\x3b\x0a\x7d\x0a\x23\x65\x6e\x64\x69\x66\x0a\x0a\x23\x69"
  "\x66\x20\x21\x5f\x5f\x55\x4e\x49\x53\x41\x5f\x46\x54\x52\x49\x4d\x5f\x4c\x49\x42"
  "\x43\x20\x7c\x7c\x20\x5f\x5f\x55\x4e\x5f\x73\x74\x72\x6e\x63\x6d\x70\x0a\x73\x74"
  "\x61\x74\x69\x63\x20\x69\x6e\x74\x20\x73\x74\x72\x6e\x63\x6d\x70\x28\x63\x6f\x6e"
  "\x73\x74\x20\x63\x68\x61\x72\x20\x2a\x5f\x5f\x75\x5f\x61\x2c\x20\x63\x6f\x6e\x73"
  "\x74\x20\x63\x68\x61\x72\x20\x2a\x5f\x5f\x75\x5f\x62\x2c\x20\x6c\x6f\x6e\x67\x20"
  "\x5f\x5f\x75\x5f\x6e\x29\x20\x7b\x0a\x20\x20\x20\x20\x6c\x6f\x6e\x67\x20\x5f\x5f"
  "\x75\x5f\x69\x3b\x0a\x20\x20\x20\x20\x5f\x5f\x75\x5f\x69\x20\x3d\x20\x30\x3b\x0a"
  "\x20\x20\x20\x20\x77\x68\x69\x6c\x65\x20\x28\x5f\x5f\x75\x5f\x69\x20\x3c\x20\x5f"
  "\x5f\x75\x5f\x6e\x29\x20\x7b\x0a\x20\x20\x20\x20\x20\x20\x20\x20\x69\x66\x20\x28"
  "\x5f\x5f\x75\x5f\x61\x5b\x5f\x5f\x75\x5f\x69\x5d\x20\x21\x3d\x20\x5f\x5f\x75\x5f"
  "\x62\x5b\x5f\x5f\x75\x5f\x69\x5d\x29\x20\x72\x65\x74\x75\x72\x6e\x20\x28\x5f\x5f"
  "\x75\x5f\x61\x5b\x5f\x5f\x75\x5f\x69\x5d\x20\x26\x20\x32\x35\x35\x29\x20\x2d\x20"
  "\x28\x5f\x5f\x75\x5f\x62\x5b\x5f\x5f\x75\x5f\x69\x5d\x20\x26\x20\x32\x35\x35\x29"
  "\x3b\x0a\x20\x20\x20\x20\x20\x20\x20\x20\x69\x66\x20\x28\x5f\x5f\x75\x5f\x61\x5b"
  "\x5f\x5f\x75\x5f\x69\x5d\x20\x3d\x3d\x20\x30\x29\x20\x62\x72\x65\x61\x6b\x3b\x0a"
  "\x20\x20\x20\x20\x20\x20\x20\x20\x5f\x5f\x75\x5f\x69\x20\x3d\x20\x5f\x5f\x75\x5f"
  "\x69\x20\x2b\x20\x31\x3b\x0a\x20\x20\x20\x20\x7d\x0a\x20\x20\x20\x20\x72\x65\x74"
  "\x75\x72\x6e\x20\x30\x3b\x0a\x7d\x0a\x23\x65\x6e\x64\x69\x66\x0a\x0a\x23\x69\x66"
  "\x20\x21\x5f\x5f\x55\x4e\x49\x53\x41\x5f\x46\x54\x52\x49\x4d\x5f\x4c\x49\x42\x43"
  "\x20\x7c\x7c\x20\x5f\x5f\x55\x4e\x5f\x73\x74\x72\x63\x68\x72\x0a\x73\x74\x61\x74"
  "\x69\x63\x20\x63\x68\x61\x72\x20\x2a\x73\x74\x72\x63\x68\x72\x28\x63\x6f\x6e\x73"
  "\x74\x20\x63\x68\x61\x72\x20\x2a\x5f\x5f\x75\x5f\x73\x2c\x20\x69\x6e\x74\x20\x5f"
  "\x5f\x75\x5f\x63\x29\x20\x7b\x0a\x20\x20\x20\x20\x6c\x6f\x6e\x67\x20\x5f\x5f\x75"
  "\x5f\x69\x3b\x0a\x20\x20\x20\x20\x5f\x5f\x75\x5f\x69\x20\x3d\x20\x30\x3b\x0a\x20"
  "\x20\x20\x20\x77\x68\x69\x6c\x65\x20\x28\x31\x29\x20\x7b\x0a\x20\x20\x20\x20\x20"
  "\x20\x20\x20\x69\x66\x20\x28\x28\x5f\x5f\x75\x5f\x73\x5b\x5f\x5f\x75\x5f\x69\x5d"
  "\x20\x26\x20\x32\x35\x35\x29\x20\x3d\x3d\x20\x28\x5f\x5f\x75\x5f\x63\x20\x26\x20"
  "\x32\x35\x35\x29\x29\x20\x72\x65\x74\x75\x72\x6e\x20\x28\x63\x68\x61\x72\x20\x2a"
  "\x29\x28\x5f\x5f\x75\x5f\x73\x20\x2b\x20\x5f\x5f\x75\x5f\x69\x29\x3b\x0a\x20\x20"
  "\x20\x20\x20\x20\x20\x20\x69\x66\x20\x28\x5f\x5f\x75\x5f\x73\x5b\x5f\x5f\x75\x5f"
  "\x69\x5d\x20\x3d\x3d\x20\x30\x29\x20\x72\x65\x74\x75\x72\x6e\x20\x4e\x55\x4c\x4c"
  "\x3b\x0a\x20\x20\x20\x20\x20\x20\x20\x20\x5f\x5f\x75\x5f\x69\x20\x3d\x20\x5f\x5f"
  "\x75\x5f\x69\x20\x2b\x20\x31\x3b\x0a\x20\x20\x20\x20\x7d\x0a\x7d\x0a\x23\x65\x6e"
  "\x64\x69\x66\x0a\x0a\x23\x69\x66\x20\x21\x5f\x5f\x55\x4e\x49\x53\x41\x5f\x46\x54"
  "\x52\x49\x4d\x5f\x4c\x49\x42\x43\x20\x7c\x7c\x20\x5f\x5f\x55\x4e\x5f\x73\x74\x72"
  "\x72\x63\x68\x72\x0a\x73\x74\x61\x74\x69\x63\x20\x63\x68\x61\x72\x20\x2a\x73\x74"
  "\x72\x72\x63\x68\x72\x28\x63\x6f\x6e\x73\x74\x20\x63\x68\x61\x72\x20\x2a\x5f\x5f"
  "\x75\x5f\x73\x2c\x20\x69\x6e\x74\x20\x5f\x5f\x75\x5f\x63\x29\x20\x7b\x0a\x20\x20"
  "\x20\x20\x6c\x6f\x6e\x67\x20\x5f\x5f\x75\x5f\x69\x3b\x0a\x20\x20\x20\x20\x63\x68"
  "\x61\x72\x20\x2a\x5f\x5f\x75\x5f\x72\x3b\x0a\x20\x20\x20\x20\x5f\x5f\x75\x5f\x69"
  "\x20\x3d\x20\x30\x3b\x20\x5f\x5f\x75\x5f\x72\x20\x3d\x20\x4e\x55\x4c\x4c\x3b\x0a"
  "\x20\x20\x20\x20\x77\x68\x69\x6c\x65\x20\x28\x31\x29\x20\x7b\x0a\x20\x20\x20\x20"
  "\x20\x20\x20\x20\x69\x66\x20\x28\x28\x5f\x5f\x75\x5f\x73\x5b\x5f\x5f\x75\x5f\x69"
  "\x5d\x20\x26\x20\x32\x35\x35\x29\x20\x3d\x3d\x20\x28\x5f\x5f\x75\x5f\x63\x20\x26"
  "\x20\x32\x35\x35\x29\x29\x20\x5f\x5f\x75\x5f\x72\x20\x3d\x20\x28\x63\x68\x61\x72"
  "\x20\x2a\x29\x28\x5f\x5f\x75\x5f\x73\x20\x2b\x20\x5f\x5f\x75\x5f\x69\x29\x3b\x0a"
  "\x20\x20\x20\x20\x20\x20\x20\x20\x69\x66\x20\x28\x5f\x5f\x75\x5f\x73\x5b\x5f\x5f"
  "\x75\x5f\x69\x5d\x20\x3d\x3d\x20\x30\x29\x20\x72\x65\x74\x75\x72\x6e\x20\x5f\x5f"
  "\x75\x5f\x72\x3b\x0a\x20\x20\x20\x20\x20\x20\x20\x20\x5f\x5f\x75\x5f\x69\x20\x3d"
  "\x20\x5f\x5f\x75\x5f\x69\x20\x2b\x20\x31\x3b\x0a\x20\x20\x20\x20\x7d\x0a\x7d\x0a"
  "\x23\x65\x6e\x64\x69\x66\x0a\x0a\x23\x69\x66\x20\x21\x5f\x5f\x55\x4e\x49\x53\x41"
  "\x5f\x46\x54\x52\x49\x4d\x5f\x4c\x49\x42\x43\x20\x7c\x7c\x20\x5f\x5f\x55\x4e\x5f"
  "\x73\x74\x72\x73\x74\x72\x0a\x73\x74\x61\x74\x69\x63\x20\x63\x68\x61\x72\x20\x2a"
  "\x73\x74\x72\x73\x74\x72\x28\x63\x6f\x6e\x73\x74\x20\x63\x68\x61\x72\x20\x2a\x5f"
  "\x5f\x75\x5f\x68\x2c\x20\x63\x6f\x6e\x73\x74\x20\x63\x68\x61\x72\x20\x2a\x5f\x5f"
  "\x75\x5f\x6e\x29\x20\x7b\x0a\x20\x20\x20\x20\x6c\x6f\x6e\x67\x20\x5f\x5f\x75\x5f"
  "\x69\x3b\x20\x6c\x6f\x6e\x67\x20\x5f\x5f\x75\x5f\x6a\x3b\x0a\x20\x20\x20\x20\x5f"
  "\x5f\x75\x5f\x69\x20\x3d\x20\x30\x3b\x0a\x20\x20\x20\x20\x77\x68\x69\x6c\x65\x20"
  "\x28\x5f\x5f\x75\x5f\x68\x5b\x5f\x5f\x75\x5f\x69\x5d\x29\x20\x7b\x0a\x20\x20\x20"
  "\x20\x20\x20\x20\x20\x5f\x5f\x75\x5f\x6a\x20\x3d\x20\x30\x3b\x0a\x20\x20\x20\x20"
  "\x20\x20\x20\x20\x77\x68\x69\x6c\x65\x20\x28\x5f\x5f\x75\x5f\x6e\x5b\x5f\x5f\x75"
  "\x5f\x6a\x5d\x29\x20\x7b\x20\x69\x66\x20\x28\x5f\x5f\x75\x5f\x68\x5b\x5f\x5f\x75"
  "\x5f\x69\x20\x2b\x20\x5f\x5f\x75\x5f\x6a\x5d\x20\x21\x3d\x20\x5f\x5f\x75\x5f\x6e"
  "\x5b\x5f\x5f\x75\x5f\x6a\x5d\x29\x20\x62\x72\x65\x61\x6b\x3b\x20\x5f\x5f\x75\x5f"
  "\x6a\x20\x3d\x20\x5f\x5f\x75\x5f\x6a\x20\x2b\x20\x31\x3b\x20\x7d\x0a\x20\x20\x20"
  "\x20\x20\x20\x20\x20\x69\x66\x20\x28\x5f\x5f\x75\x5f\x6e\x5b\x5f\x5f\x75\x5f\x6a"
  "\x5d\x20\x3d\x3d\x20\x30\x29\x20\x72\x65\x74\x75\x72\x6e\x20\x28\x63\x68\x61\x72"
  "\x20\x2a\x29\x28\x5f\x5f\x75\x5f\x68\x20\x2b\x20\x5f\x5f\x75\x5f\x69\x29\x3b\x0a"
  "\x20\x20\x20\x20\x20\x20\x20\x20\x5f\x5f\x75\x5f\x69\x20\x3d\x20\x5f\x5f\x75\x5f"
  "\x69\x20\x2b\x20\x31\x3b\x0a\x20\x20\x20\x20\x7d\x0a\x20\x20\x20\x20\x72\x65\x74"
  "\x75\x72\x6e\x20\x4e\x55\x4c\x4c\x3b\x0a\x7d\x0a\x23\x65\x6e\x64\x69\x66\x0a\x0a"
  "\x23\x69\x66\x20\x21\x5f\x5f\x55\x4e\x49\x53\x41\x5f\x46\x54\x52\x49\x4d\x5f\x4c"
  "\x49\x42\x43\x20\x7c\x7c\x20\x5f\x5f\x55\x4e\x5f\x6d\x65\x6d\x73\x65\x74\x0a\x73"
  "\x74\x61\x74\x69\x63\x20\x76\x6f\x69\x64\x20\x2a\x6d\x65\x6d\x73\x65\x74\x28\x76"
  "\x6f\x69\x64\x20\x2a\x5f\x5f\x75\x5f\x70\x2c\x20\x69\x6e\x74\x20\x5f\x5f\x75\x5f"
  "\x63\x2c\x20\x6c\x6f\x6e\x67\x20\x5f\x5f\x75\x5f\x6e\x29\x20\x7b\x0a\x20\x20\x20"
  "\x20\x63\x68\x61\x72\x20\x2a\x5f\x5f\x75\x5f\x64\x3b\x20\x6c\x6f\x6e\x67\x20\x5f"
  "\x5f\x75\x5f\x69\x3b\x0a\x20\x20\x20\x20\x5f\x5f\x75\x5f\x64\x20\x3d\x20\x28\x63"
  "\x68\x61\x72\x20\x2a\x29\x5f\x5f\x75\x5f\x70\x3b\x20\x5f\x5f\x75\x5f\x69\x20\x3d"
  "\x20\x30\x3b\x0a\x20\x20\x20\x20\x77\x68\x69\x6c\x65\x20\x28\x5f\x5f\x75\x5f\x69"
  "\x20\x3c\x20\x5f\x5f\x75\x5f\x6e\x29\x20\x7b\x20\x5f\x5f\x75\x5f\x64\x5b\x5f\x5f"
  "\x75\x5f\x69\x5d\x20\x3d\x20\x5f\x5f\x75\x5f\x63\x3b\x20\x5f\x5f\x75\x5f\x69\x20"
  "\x3d\x20\x5f\x5f\x75\x5f\x69\x20\x2b\x20\x31\x3b\x20\x7d\x0a\x20\x20\x20\x20\x72"
  "\x65\x74\x75\x72\x6e\x20\x5f\x5f\x75\x5f\x70\x3b\x0a\x7d\x0a\x23\x65\x6e\x64\x69"
  "\x66\x0a\x0a\x23\x69\x66\x20\x21\x5f\x5f\x55\x4e\x49\x53\x41\x5f\x46\x54\x52\x49"
  "\x4d\x5f\x4c\x49\x42\x43\x20\x7c\x7c\x20\x5f\x5f\x55\x4e\x5f\x6d\x65\x6d\x63\x70"
  "\x79\x0a\x73\x74\x61\x74\x69\x63\x20\x76\x6f\x69\x64\x20\x2a\x6d\x65\x6d\x63\x70"
  "\x79\x28\x76\x6f\x69\x64\x20\x2a\x5f\x5f\x75\x5f\x64\x73\x74\x2c\x20\x63\x6f\x6e"
  "\x73\x74\x20\x76\x6f\x69\x64\x20\x2a\x5f\x5f\x75\x5f\x73\x72\x63\x2c\x20\x6c\x6f"
  "\x6e\x67\x20\x5f\x5f\x75\x5f\x6e\x29\x20\x7b\x0a\x20\x20\x20\x20\x63\x68\x61\x72"
  "\x20\x2a\x5f\x5f\x75\x5f\x64\x3b\x20\x63\x68\x61\x72\x20\x2a\x5f\x5f\x75\x5f\x73"
  "\x3b\x20\x6c\x6f\x6e\x67\x20\x5f\x5f\x75\x5f\x69\x3b\x0a\x20\x20\x20\x20\x5f\x5f"
  "\x75\x5f\x64\x20\x3d\x20\x28\x63\x68\x61\x72\x20\x2a\x29\x5f\x5f\x75\x5f\x64\x73"
  "\x74\x3b\x20\x5f\x5f\x75\x5f\x73\x20\x3d\x20\x28\x63\x68\x61\x72\x20\x2a\x29\x5f"
  "\x5f\x75\x5f\x73\x72\x63\x3b\x20\x5f\x5f\x75\x5f\x69\x20\x3d\x20\x30\x3b\x0a\x20"
  "\x20\x20\x20\x77\x68\x69\x6c\x65\x20\x28\x5f\x5f\x75\x5f\x69\x20\x3c\x20\x5f\x5f"
  "\x75\x5f\x6e\x29\x20\x7b\x20\x5f\x5f\x75\x5f\x64\x5b\x5f\x5f\x75\x5f\x69\x5d\x20"
  "\x3d\x20\x5f\x5f\x75\x5f\x73\x5b\x5f\x5f\x75\x5f\x69\x5d\x3b\x20\x5f\x5f\x75\x5f"
  "\x69\x20\x3d\x20\x5f\x5f\x75\x5f\x69\x20\x2b\x20\x31\x3b\x20\x7d\x0a\x20\x20\x20"
  "\x20\x72\x65\x74\x75\x72\x6e\x20\x5f\x5f\x75\x5f\x64\x73\x74\x3b\x0a\x7d\x0a\x23"
  "\x65\x6e\x64\x69\x66\x0a\x0a\x23\x69\x66\x20\x21\x5f\x5f\x55\x4e\x49\x53\x41\x5f"
  "\x46\x54\x52\x49\x4d\x5f\x4c\x49\x42\x43\x20\x7c\x7c\x20\x5f\x5f\x55\x4e\x5f\x6d"
  "\x65\x6d\x6d\x6f\x76\x65\x0a\x73\x74\x61\x74\x69\x63\x20\x76\x6f\x69\x64\x20\x2a"
  "\x6d\x65\x6d\x6d\x6f\x76\x65\x28\x76\x6f\x69\x64\x20\x2a\x5f\x5f\x75\x5f\x64\x73"
  "\x74\x2c\x20\x63\x6f\x6e\x73\x74\x20\x76\x6f\x69\x64\x20\x2a\x5f\x5f\x75\x5f\x73"
  "\x72\x63\x2c\x20\x6c\x6f\x6e\x67\x20\x5f\x5f\x75\x5f\x6e\x29\x20\x7b\x0a\x20\x20"
  "\x20\x20\x63\x68\x61\x72\x20\x2a\x5f\x5f\x75\x5f\x64\x3b\x20\x63\x68\x61\x72\x20"
  "\x2a\x5f\x5f\x75\x5f\x73\x3b\x20\x6c\x6f\x6e\x67\x20\x5f\x5f\x75\x5f\x69\x3b\x0a"
  "\x20\x20\x20\x20\x5f\x5f\x75\x5f\x64\x20\x3d\x20\x28\x63\x68\x61\x72\x20\x2a\x29"
  "\x5f\x5f\x75\x5f\x64\x73\x74\x3b\x20\x5f\x5f\x75\x5f\x73\x20\x3d\x20\x28\x63\x68"
  "\x61\x72\x20\x2a\x29\x5f\x5f\x75\x5f\x73\x72\x63\x3b\x0a\x20\x20\x20\x20\x69\x66"
  "\x20\x28\x5f\x5f\x75\x5f\x64\x20\x3c\x20\x5f\x5f\x75\x5f\x73\x29\x20\x72\x65\x74"
  "\x75\x72\x6e\x20\x6d\x65\x6d\x63\x70\x79\x28\x5f\x5f\x75\x5f\x64\x73\x74\x2c\x20"
  "\x5f\x5f\x75\x5f\x73\x72\x63\x2c\x20\x5f\x5f\x75\x5f\x6e\x29\x3b\x0a\x20\x20\x20"
  "\x20\x5f\x5f\x75\x5f\x69\x20\x3d\x20\x5f\x5f\x75\x5f\x6e\x3b\x0a\x20\x20\x20\x20"
  "\x77\x68\x69\x6c\x65\x20\x28\x5f\x5f\x75\x5f\x69\x20\x3e\x20\x30\x29\x20\x7b\x20"
  "\x5f\x5f\x75\x5f\x69\x20\x3d\x20\x5f\x5f\x75\x5f\x69\x20\x2d\x20\x31\x3b\x20\x5f"
  "\x5f\x75\x5f\x64\x5b\x5f\x5f\x75\x5f\x69\x5d\x20\x3d\x20\x5f\x5f\x75\x5f\x73\x5b"
  "\x5f\x5f\x75\x5f\x69\x5d\x3b\x20\x7d\x0a\x20\x20\x20\x20\x72\x65\x74\x75\x72\x6e"
  "\x20\x5f\x5f\x75\x5f\x64\x73\x74\x3b\x0a\x7d\x0a\x23\x65\x6e\x64\x69\x66\x0a\x0a"
  "\x23\x69\x66\x20\x21\x5f\x5f\x55\x4e\x49\x53\x41\x5f\x46\x54\x52\x49\x4d\x5f\x4c"
  "\x49\x42\x43\x20\x7c\x7c\x20\x5f\x5f\x55\x4e\x5f\x6d\x65\x6d\x63\x6d\x70\x0a\x73"
  "\x74\x61\x74\x69\x63\x20\x69\x6e\x74\x20\x6d\x65\x6d\x63\x6d\x70\x28\x63\x6f\x6e"
  "\x73\x74\x20\x76\x6f\x69\x64\x20\x2a\x5f\x5f\x75\x5f\x61\x2c\x20\x63\x6f\x6e\x73"
  "\x74\x20\x76\x6f\x69\x64\x20\x2a\x5f\x5f\x75\x5f\x62\x2c\x20\x6c\x6f\x6e\x67\x20"
  "\x5f\x5f\x75\x5f\x6e\x29\x20\x7b\x0a\x20\x20\x20\x20\x63\x68\x61\x72\x20\x2a\x5f"
  "\x5f\x75\x5f\x78\x3b\x20\x63\x68\x61\x72\x20\x2a\x5f\x5f\x75\x5f\x79\x3b\x20\x6c"
  "\x6f\x6e\x67\x20\x5f\x5f\x75\x5f\x69\x3b\x0a\x20\x20\x20\x20\x5f\x5f\x75\x5f\x78"
  "\x20\x3d\x20\x28\x63\x68\x61\x72\x20\x2a\x29\x5f\x5f\x75\x5f\x61\x3b\x20\x5f\x5f"
  "\x75\x5f\x79\x20\x3d\x20\x28\x63\x68\x61\x72\x20\x2a\x29\x5f\x5f\x75\x5f\x62\x3b"
  "\x20\x5f\x5f\x75\x5f\x69\x20\x3d\x20\x30\x3b\x0a\x20\x20\x20\x20\x77\x68\x69\x6c"
  "\x65\x20\x28\x5f\x5f\x75\x5f\x69\x20\x3c\x20\x5f\x5f\x75\x5f\x6e\x29\x20\x7b\x0a"
  "\x20\x20\x20\x20\x20\x20\x20\x20\x69\x66\x20\x28\x5f\x5f\x75\x5f\x78\x5b\x5f\x5f"
  "\x75\x5f\x69\x5d\x20\x21\x3d\x20\x5f\x5f\x75\x5f\x79\x5b\x5f\x5f\x75\x5f\x69\x5d"
  "\x29\x20\x72\x65\x74\x75\x72\x6e\x20\x28\x5f\x5f\x75\x5f\x78\x5b\x5f\x5f\x75\x5f"
  "\x69\x5d\x20\x26\x20\x32\x35\x35\x29\x20\x2d\x20\x28\x5f\x5f\x75\x5f\x79\x5b\x5f"
  "\x5f\x75\x5f\x69\x5d\x20\x26\x20\x32\x35\x35\x29\x3b\x0a\x20\x20\x20\x20\x20\x20"
  "\x20\x20\x5f\x5f\x75\x5f\x69\x20\x3d\x20\x5f\x5f\x75\x5f\x69\x20\x2b\x20\x31\x3b"
  "\x0a\x20\x20\x20\x20\x7d\x0a\x20\x20\x20\x20\x72\x65\x74\x75\x72\x6e\x20\x30\x3b"
  "\x0a\x7d\x0a\x23\x65\x6e\x64\x69\x66\x0a\x23\x69\x66\x20\x21\x5f\x5f\x55\x4e\x49"
  "\x53\x41\x5f\x46\x54\x52\x49\x4d\x5f\x4c\x49\x42\x43\x20\x7c\x7c\x20\x5f\x5f\x55"
  "\x4e\x5f\x73\x74\x72\x6e\x63\x61\x74\x0a\x73\x74\x61\x74\x69\x63\x20\x63\x68\x61"
  "\x72\x20\x2a\x73\x74\x72\x6e\x63\x61\x74\x28\x63\x68\x61\x72\x20\x2a\x5f\x5f\x75"
  "\x5f\x64\x2c\x20\x63\x6f\x6e\x73\x74\x20\x63\x68\x61\x72\x20\x2a\x5f\x5f\x75\x5f"
  "\x73\x2c\x20\x6c\x6f\x6e\x67\x20\x5f\x5f\x75\x5f\x6e\x29\x20\x7b\x0a\x20\x20\x20"
  "\x20\x6c\x6f\x6e\x67\x20\x5f\x5f\x75\x5f\x69\x3b\x20\x6c\x6f\x6e\x67\x20\x5f\x5f"
  "\x75\x5f\x6a\x3b\x0a\x20\x20\x20\x20\x5f\x5f\x75\x5f\x69\x20\x3d\x20\x30\x3b\x20"
  "\x77\x68\x69\x6c\x65\x20\x28\x5f\x5f\x75\x5f\x64\x5b\x5f\x5f\x75\x5f\x69\x5d\x29"
  "\x20\x5f\x5f\x75\x5f\x69\x20\x3d\x20\x5f\x5f\x75\x5f\x69\x20\x2b\x20\x31\x3b\x0a"
  "\x20\x20\x20\x20\x5f\x5f\x75\x5f\x6a\x20\x3d\x20\x30\x3b\x0a\x20\x20\x20\x20\x77"
  "\x68\x69\x6c\x65\x20\x28\x5f\x5f\x75\x5f\x6a\x20\x3c\x20\x5f\x5f\x75\x5f\x6e\x29"
  "\x20\x7b\x20\x69\x66\x20\x28\x5f\x5f\x75\x5f\x73\x5b\x5f\x5f\x75\x5f\x6a\x5d\x20"
  "\x3d\x3d\x20\x30\x29\x20\x62\x72\x65\x61\x6b\x3b\x20\x5f\x5f\x75\x5f\x64\x5b\x5f"
  "\x5f\x75\x5f\x69\x20\x2b\x20\x5f\x5f\x75\x5f\x6a\x5d\x20\x3d\x20\x5f\x5f\x75\x5f"
  "\x73\x5b\x5f\x5f\x75\x5f\x6a\x5d\x3b\x20\x5f\x5f\x75\x5f\x6a\x20\x3d\x20\x5f\x5f"
  "\x75\x5f\x6a\x20\x2b\x20\x31\x3b\x20\x7d\x0a\x20\x20\x20\x20\x5f\x5f\x75\x5f\x64"
  "\x5b\x5f\x5f\x75\x5f\x69\x20\x2b\x20\x5f\x5f\x75\x5f\x6a\x5d\x20\x3d\x20\x30\x3b"
  "\x0a\x20\x20\x20\x20\x72\x65\x74\x75\x72\x6e\x20\x5f\x5f\x75\x5f\x64\x3b\x0a\x7d"
  "\x0a\x23\x65\x6e\x64\x69\x66\x0a\x0a\x2f\x2a\x20\x73\x74\x72\x74\x6f\x6b\x20\x6b"
  "\x65\x65\x70\x73\x20\x69\x74\x73\x20\x70\x6c\x61\x63\x65\x20\x62\x65\x74\x77\x65"
  "\x65\x6e\x20\x63\x61\x6c\x6c\x73\x2c\x20\x61\x73\x20\x74\x68\x65\x20\x73\x74\x61"
  "\x6e\x64\x61\x72\x64\x20\x73\x61\x79\x73\x20\x69\x74\x20\x6d\x75\x73\x74\x3b\x20"
  "\x74\x68\x65\x0a\x20\x20\x20\x70\x6c\x61\x63\x65\x20\x69\x73\x20\x6f\x6e\x65\x20"
  "\x73\x74\x61\x74\x69\x63\x20\x70\x6f\x69\x6e\x74\x65\x72\x2c\x20\x77\x68\x69\x63"
  "\x68\x20\x69\x73\x20\x77\x68\x79\x20\x73\x74\x72\x74\x6f\x6b\x20\x69\x73\x20\x6e"
  "\x6f\x74\x20\x72\x65\x65\x6e\x74\x72\x61\x6e\x74\x2e\x20\x2a\x2f\x0a\x73\x74\x61"
  "\x74\x69\x63\x20\x63\x68\x61\x72\x20\x2a\x5f\x75\x6e\x69\x73\x61\x5f\x74\x6f\x6b"
  "\x20\x3d\x20\x30\x3b\x0a\x23\x69\x66\x20\x21\x5f\x5f\x55\x4e\x49\x53\x41\x5f\x46"
  "\x54\x52\x49\x4d\x5f\x4c\x49\x42\x43\x20\x7c\x7c\x20\x5f\x5f\x55\x4e\x5f\x73\x74"
  "\x72\x74\x6f\x6b\x0a\x73\x74\x61\x74\x69\x63\x20\x63\x68\x61\x72\x20\x2a\x73\x74"
  "\x72\x74\x6f\x6b\x28\x63\x68\x61\x72\x20\x2a\x5f\x5f\x75\x5f\x73\x2c\x20\x63\x6f"
  "\x6e\x73\x74\x20\x63\x68\x61\x72\x20\x2a\x5f\x5f\x75\x5f\x64\x65\x6c\x69\x6d\x29"
  "\x20\x7b\x0a\x20\x20\x20\x20\x63\x68\x61\x72\x20\x2a\x5f\x5f\x75\x5f\x73\x74\x61"
  "\x72\x74\x3b\x20\x6c\x6f\x6e\x67\x20\x5f\x5f\x75\x5f\x6b\x3b\x20\x69\x6e\x74\x20"
  "\x5f\x5f\x75\x5f\x69\x73\x64\x3b\x0a\x20\x20\x20\x20\x69\x66\x20\x28\x5f\x5f\x75"
  "\x5f\x73\x20\x3d\x3d\x20\x30\x29\x20\x5f\x5f\x75\x5f\x73\x20\x3d\x20\x5f\x75\x6e"
  "\x69\x73\x61\x5f\x74\x6f\x6b\x3b\x0a\x20\x20\x20\x20\x69\x66\x20\x28\x5f\x5f\x75"
  "\x5f\x73\x20\x3d\x3d\x20\x30\x29\x20\x72\x65\x74\x75\x72\x6e\x20\x30\x3b\x0a\x20"
  "\x20\x20\x20\x2f\x2a\x20\x73\x6b\x69\x70\x20\x6c\x65\x61\x64\x69\x6e\x67\x20\x64"
  "\x65\x6c\x69\x6d\x69\x74\x65\x72\x73\x20\x2a\x2f\x0a\x20\x20\x20\x20\x77\x68\x69"
  "\x6c\x65\x20\x28\x2a\x5f\x5f\x75\x5f\x73\x29\x20\x7b\x0a\x20\x20\x20\x20\x20\x20"
  "\x20\x20\x5f\x5f\x75\x5f\x69\x73\x64\x20\x3d\x20\x30\x3b\x20\x5f\x5f\x75\x5f\x6b"
  "\x20\x3d\x20\x30\x3b\x0a\x20\x20\x20\x20\x20\x20\x20\x20\x77\x68\x69\x6c\x65\x20"
  "\x28\x5f\x5f\x75\x5f\x64\x65\x6c\x69\x6d\x5b\x5f\x5f\x75\x5f\x6b\x5d\x29\x20\x7b"
  "\x20\x69\x66\x20\x28\x5f\x5f\x75\x5f\x64\x65\x6c\x69\x6d\x5b\x5f\x5f\x75\x5f\x6b"
  "\x5d\x20\x3d\x3d\x20\x2a\x5f\x5f\x75\x5f\x73\x29\x20\x5f\x5f\x75\x5f\x69\x73\x64"
  "\x20\x3d\x20\x31\x3b\x20\x5f\x5f\x75\x5f\x6b\x20\x3d\x20\x5f\x5f\x75\x5f\x6b\x20"
  "\x2b\x20\x31\x3b\x20\x7d\x0a\x20\x20\x20\x20\x20\x20\x20\x20\x69\x66\x20\x28\x5f"
  "\x5f\x75\x5f\x69\x73\x64\x20\x3d\x3d\x20\x30\x29\x20\x62\x72\x65\x61\x6b\x3b\x0a"
  "\x20\x20\x20\x20\x20\x20\x20\x20\x5f\x5f\x75\x5f\x73\x20\x3d\x20\x5f\x5f\x75\x5f"
  "\x73\x20\x2b\x20\x31\x3b\x0a\x20\x20\x20\x20\x7d\x0a\x20\x20\x20\x20\x69\x66\x20"
  "\x28\x2a\x5f\x5f\x75\x5f\x73\x20\x3d\x3d\x20\x30\x29\x20\x7b\x20\x5f\x75\x6e\x69"
  "\x73\x61\x5f\x74\x6f\x6b\x20\x3d\x20\x30\x3b\x20\x72\x65\x74\x75\x72\x6e\x20\x30"
  "\x3b\x20\x7d\x0a\x20\x20\x20\x20\x5f\x5f\x75\x5f\x73\x74\x61\x72\x74\x20\x3d\x20"
  "\x5f\x5f\x75\x5f\x73\x3b\x0a\x20\x20\x20\x20\x77\x68\x69\x6c\x65\x20\x28\x2a\x5f"
  "\x5f\x75\x5f\x73\x29\x20\x7b\x0a\x20\x20\x20\x20\x20\x20\x20\x20\x5f\x5f\x75\x5f"
  "\x69\x73\x64\x20\x3d\x20\x30\x3b\x20\x5f\x5f\x75\x5f\x6b\x20\x3d\x20\x30\x3b\x0a"
  "\x20\x20\x20\x20\x20\x20\x20\x20\x77\x68\x69\x6c\x65\x20\x28\x5f\x5f\x75\x5f\x64"
  "\x65\x6c\x69\x6d\x5b\x5f\x5f\x75\x5f\x6b\x5d\x29\x20\x7b\x20\x69\x66\x20\x28\x5f"
  "\x5f\x75\x5f\x64\x65\x6c\x69\x6d\x5b\x5f\x5f\x75\x5f\x6b\x5d\x20\x3d\x3d\x20\x2a"
  "\x5f\x5f\x75\x5f\x73\x29\x20\x5f\x5f\x75\x5f\x69\x73\x64\x20\x3d\x20\x31\x3b\x20"
  "\x5f\x5f\x75\x5f\x6b\x20\x3d\x20\x5f\x5f\x75\x5f\x6b\x20\x2b\x20\x31\x3b\x20\x7d"
  "\x0a\x20\x20\x20\x20\x20\x20\x20\x20\x69\x66\x20\x28\x5f\x5f\x75\x5f\x69\x73\x64"
  "\x29\x20\x7b\x20\x2a\x5f\x5f\x75\x5f\x73\x20\x3d\x20\x30\x3b\x20\x5f\x75\x6e\x69"
  "\x73\x61\x5f\x74\x6f\x6b\x20\x3d\x20\x5f\x5f\x75\x5f\x73\x20\x2b\x20\x31\x3b\x20"
  "\x72\x65\x74\x75\x72\x6e\x20\x5f\x5f\x75\x5f\x73\x74\x61\x72\x74\x3b\x20\x7d\x0a"
  "\x20\x20\x20\x20\x20\x20\x20\x20\x5f\x5f\x75\x5f\x73\x20\x3d\x20\x5f\x5f\x75\x5f"
  "\x73\x20\x2b\x20\x31\x3b\x0a\x20\x20\x20\x20\x7d\x0a\x20\x20\x20\x20\x5f\x75\x6e"
  "\x69\x73\x61\x5f\x74\x6f\x6b\x20\x3d\x20\x30\x3b\x0a\x20\x20\x20\x20\x72\x65\x74"
  "\x75\x72\x6e\x20\x5f\x5f\x75\x5f\x73\x74\x61\x72\x74\x3b\x0a\x7d\x0a\x23\x65\x6e"
  "\x64\x69\x66\x0a\x0a\x23\x69\x66\x20\x21\x5f\x5f\x55\x4e\x49\x53\x41\x5f\x46\x54"
  "\x52\x49\x4d\x5f\x4c\x49\x42\x43\x20\x7c\x7c\x20\x5f\x5f\x55\x4e\x5f\x6d\x65\x6d"
  "\x63\x68\x72\x0a\x73\x74\x61\x74\x69\x63\x20\x76\x6f\x69\x64\x20\x2a\x6d\x65\x6d"
  "\x63\x68\x72\x28\x63\x6f\x6e\x73\x74\x20\x76\x6f\x69\x64\x20\x2a\x5f\x5f\x75\x5f"
  "\x70\x2c\x20\x69\x6e\x74\x20\x5f\x5f\x75\x5f\x63\x2c\x20\x6c\x6f\x6e\x67\x20\x5f"
  "\x5f\x75\x5f\x6e\x29\x20\x7b\x0a\x20\x20\x20\x20\x63\x6f\x6e\x73\x74\x20\x75\x6e"
  "\x73\x69\x67\x6e\x65\x64\x20\x63\x68\x61\x72\x20\x2a\x5f\x5f\x75\x5f\x73\x3b\x20"
  "\x6c\x6f\x6e\x67\x20\x5f\x5f\x75\x5f\x69\x3b\x0a\x20\x20\x20\x20\x5f\x5f\x75\x5f"
  "\x73\x20\x3d\x20\x28\x63\x6f\x6e\x73\x74\x20\x75\x6e\x73\x69\x67\x6e\x65\x64\x20"
  "\x63\x68\x61\x72\x20\x2a\x29\x5f\x5f\x75\x5f\x70\x3b\x0a\x20\x20\x20\x20\x5f\x5f"
  "\x75\x5f\x69\x20\x3d\x20\x30\x3b\x0a\x20\x20\x20\x20\x77\x68\x69\x6c\x65\x20\x28"
  "\x5f\x5f\x75\x5f\x69\x20\x3c\x20\x5f\x5f\x75\x5f\x6e\x29\x20\x7b\x0a\x20\x20\x20"
  "\x20\x20\x20\x20\x20\x69\x66\x20\x28\x5f\x5f\x75\x5f\x73\x5b\x5f\x5f\x75\x5f\x69"
  "\x5d\x20\x3d\x3d\x20\x28\x75\x6e\x73\x69\x67\x6e\x65\x64\x20\x63\x68\x61\x72\x29"
  "\x5f\x5f\x75\x5f\x63\x29\x20\x72\x65\x74\x75\x72\x6e\x20\x28\x76\x6f\x69\x64\x20"
  "\x2a\x29\x28\x5f\x5f\x75\x5f\x73\x20\x2b\x20\x5f\x5f\x75\x5f\x69\x29\x3b\x0a\x20"
  "\x20\x20\x20\x20\x20\x20\x20\x5f\x5f\x75\x5f\x69\x20\x3d\x20\x5f\x5f\x75\x5f\x69"
  "\x20\x2b\x20\x31\x3b\x0a\x20\x20\x20\x20\x7d\x0a\x20\x20\x20\x20\x72\x65\x74\x75"
  "\x72\x6e\x20\x4e\x55\x4c\x4c\x3b\x0a\x7d\x0a\x23\x65\x6e\x64\x69\x66\x0a\x0a\x23"
  "\x69\x66\x20\x21\x5f\x5f\x55\x4e\x49\x53\x41\x5f\x46\x54\x52\x49\x4d\x5f\x4c\x49"
  "\x42\x43\x20\x7c\x7c\x20\x5f\x5f\x55\x4e\x5f\x73\x74\x72\x73\x70\x6e\x0a\x73\x74"
  "\x61\x74\x69\x63\x20\x6c\x6f\x6e\x67\x20\x73\x74\x72\x73\x70\x6e\x28\x63\x6f\x6e"
  "\x73\x74\x20\x63\x68\x61\x72\x20\x2a\x5f\x5f\x75\x5f\x73\x2c\x20\x63\x6f\x6e\x73"
  "\x74\x20\x63\x68\x61\x72\x20\x2a\x5f\x5f\x75\x5f\x61\x63\x63\x65\x70\x74\x29\x20"
  "\x7b\x0a\x20\x20\x20\x20\x6c\x6f\x6e\x67\x20\x5f\x5f\x75\x5f\x69\x3b\x20\x6c\x6f"
  "\x6e\x67\x20\x5f\x5f\x75\x5f\x6a\x3b\x20\x69\x6e\x74\x20\x5f\x5f\x75\x5f\x66\x6f"
  "\x75\x6e\x64\x3b\x0a\x20\x20\x20\x20\x5f\x5f\x75\x5f\x69\x20\x3d\x20\x30\x3b\x0a"
  "\x20\x20\x20\x20\x77\x68\x69\x6c\x65\x20\x28\x5f\x5f\x75\x5f\x73\x5b\x5f\x5f\x75"
  "\x5f\x69\x5d\x29\x20\x7b\x0a\x20\x20\x20\x20\x20\x20\x20\x20\x5f\x5f\x75\x5f\x66"
  "\x6f\x75\x6e\x64\x20\x3d\x20\x30\x3b\x20\x5f\x5f\x75\x5f\x6a\x20\x3d\x20\x30\x3b"
  "\x0a\x20\x20\x20\x20\x20\x20\x20\x20\x77\x68\x69\x6c\x65\x20\x28\x5f\x5f\x75\x5f"
  "\x61\x63\x63\x65\x70\x74\x5b\x5f\x5f\x75\x5f\x6a\x5d\x29\x20\x7b\x0a\x20\x20\x20"
  "\x20\x20\x20\x20\x20\x20\x20\x20\x20\x69\x66\x20\x28\x5f\x5f\x75\x5f\x73\x5b\x5f"
  "\x5f\x75\x5f\x69\x5d\x20\x3d\x3d\x20\x5f\x5f\x75\x5f\x61\x63\x63\x65\x70\x74\x5b"
  "\x5f\x5f\x75\x5f\x6a\x5d\x29\x20\x5f\x5f\x75\x5f\x66\x6f\x75\x6e\x64\x20\x3d\x20"
  "\x31\x3b\x0a\x20\x20\x20\x20\x20\x20\x20\x20\x20\x20\x20\x20\x5f\x5f\x75\x5f\x6a"
  "\x20\x3d\x20\x5f\x5f\x75\x5f\x6a\x20\x2b\x20\x31\x3b\x0a\x20\x20\x20\x20\x20\x20"
  "\x20\x20\x7d\x0a\x20\x20\x20\x20\x20\x20\x20\x20\x69\x66\x20\x28\x21\x5f\x5f\x75"
  "\x5f\x66\x6f\x75\x6e\x64\x29\x20\x62\x72\x65\x61\x6b\x3b\x0a\x20\x20\x20\x20\x20"
  "\x20\x20\x20\x5f\x5f\x75\x5f\x69\x20\x3d\x20\x5f\x5f\x75\x5f\x69\x20\x2b\x20\x31"
  "\x3b\x0a\x20\x20\x20\x20\x7d\x0a\x20\x20\x20\x20\x72\x65\x74\x75\x72\x6e\x20\x5f"
  "\x5f\x75\x5f\x69\x3b\x0a\x7d\x0a\x23\x65\x6e\x64\x69\x66\x0a\x0a\x23\x69\x66\x20"
  "\x21\x5f\x5f\x55\x4e\x49\x53\x41\x5f\x46\x54\x52\x49\x4d\x5f\x4c\x49\x42\x43\x20"
  "\x7c\x7c\x20\x5f\x5f\x55\x4e\x5f\x73\x74\x72\x70\x62\x72\x6b\x0a\x73\x74\x61\x74"
  "\x69\x63\x20\x63\x68\x61\x72\x20\x2a\x73\x74\x72\x70\x62\x72\x6b\x28\x63\x6f\x6e"
  "\x73\x74\x20\x63\x68\x61\x72\x20\x2a\x5f\x5f\x75\x5f\x73\x2c\x20\x63\x6f\x6e\x73"
  "\x74\x20\x63\x68\x61\x72\x20\x2a\x5f\x5f\x75\x5f\x61\x63\x63\x65\x70\x74\x29\x20"
  "\x7b\x0a\x20\x20\x20\x20\x6c\x6f\x6e\x67\x20\x5f\x5f\x75\x5f\x69\x3b\x20\x6c\x6f"
  "\x6e\x67\x20\x5f\x5f\x75\x5f\x6a\x3b\x0a\x20\x20\x20\x20\x5f\x5f\x75\x5f\x69\x20"
  "\x3d\x20\x30\x3b\x0a\x20\x20\x20\x20\x77\x68\x69\x6c\x65\x20\x28\x5f\x5f\x75\x5f"
  "\x73\x5b\x5f\x5f\x75\x5f\x69\x5d\x29\x20\x7b\x0a\x20\x20\x20\x20\x20\x20\x20\x20"
  "\x5f\x5f\x75\x5f\x6a\x20\x3d\x20\x30\x3b\x0a\x20\x20\x20\x20\x20\x20\x20\x20\x77"
  "\x68\x69\x6c\x65\x20\x28\x5f\x5f\x75\x5f\x61\x63\x63\x65\x70\x74\x5b\x5f\x5f\x75"
  "\x5f\x6a\x5d\x29\x20\x7b\x0a\x20\x20\x20\x20\x20\x20\x20\x20\x20\x20\x20\x20\x69"
  "\x66\x20\x28\x5f\x5f\x75\x5f\x73\x5b\x5f\x5f\x75\x5f\x69\x5d\x20\x3d\x3d\x20\x5f"
  "\x5f\x75\x5f\x61\x63\x63\x65\x70\x74\x5b\x5f\x5f\x75\x5f\x6a\x5d\x29\x20\x72\x65"
  "\x74\x75\x72\x6e\x20\x28\x63\x68\x61\x72\x20\x2a\x29\x28\x5f\x5f\x75\x5f\x73\x20"
  "\x2b\x20\x5f\x5f\x75\x5f\x69\x29\x3b\x0a\x20\x20\x20\x20\x20\x20\x20\x20\x20\x20"
  "\x20\x20\x5f\x5f\x75\x5f\x6a\x20\x3d\x20\x5f\x5f\x75\x5f\x6a\x20\x2b\x20\x31\x3b"
  "\x0a\x20\x20\x20\x20\x20\x20\x20\x20\x7d\x0a\x20\x20\x20\x20\x20\x20\x20\x20\x5f"
  "\x5f\x75\x5f\x69\x20\x3d\x20\x5f\x5f\x75\x5f\x69\x20\x2b\x20\x31\x3b\x0a\x20\x20"
  "\x20\x20\x7d\x0a\x20\x20\x20\x20\x72\x65\x74\x75\x72\x6e\x20\x4e\x55\x4c\x4c\x3b"
  "\x0a\x7d\x0a\x23\x65\x6e\x64\x69\x66\x0a\x0a\x23\x69\x66\x20\x21\x5f\x5f\x55\x4e"
  "\x49\x53\x41\x5f\x46\x54\x52\x49\x4d\x5f\x4c\x49\x42\x43\x20\x7c\x7c\x20\x5f\x5f"
  "\x55\x4e\x5f\x73\x74\x72\x63\x73\x70\x6e\x0a\x73\x74\x61\x74\x69\x63\x20\x6c\x6f"
  "\x6e\x67\x20\x73\x74\x72\x63\x73\x70\x6e\x28\x63\x6f\x6e\x73\x74\x20\x63\x68\x61"
  "\x72\x20\x2a\x5f\x5f\x75\x5f\x73\x2c\x20\x63\x6f\x6e\x73\x74\x20\x63\x68\x61\x72"
  "\x20\x2a\x5f\x5f\x75\x5f\x72\x65\x6a\x65\x63\x74\x29\x20\x7b\x0a\x20\x20\x20\x20"
  "\x6c\x6f\x6e\x67\x20\x5f\x5f\x75\x5f\x69\x3b\x20\x6c\x6f\x6e\x67\x20\x5f\x5f\x75"
  "\x5f\x6a\x3b\x0a\x20\x20\x20\x20\x5f\x5f\x75\x5f\x69\x20\x3d\x20\x30\x3b\x0a\x20"
  "\x20\x20\x20\x77\x68\x69\x6c\x65\x20\x28\x5f\x5f\x75\x5f\x73\x5b\x5f\x5f\x75\x5f"
  "\x69\x5d\x29\x20\x7b\x0a\x20\x20\x20\x20\x20\x20\x20\x20\x5f\x5f\x75\x5f\x6a\x20"
  "\x3d\x20\x30\x3b\x0a\x20\x20\x20\x20\x20\x20\x20\x20\x77\x68\x69\x6c\x65\x20\x28"
  "\x5f\x5f\x75\x5f\x72\x65\x6a\x65\x63\x74\x5b\x5f\x5f\x75\x5f\x6a\x5d\x29\x20\x7b"
  "\x0a\x20\x20\x20\x20\x20\x20\x20\x20\x20\x20\x20\x20\x69\x66\x20\x28\x5f\x5f\x75"
  "\x5f\x73\x5b\x5f\x5f\x75\x5f\x69\x5d\x20\x3d\x3d\x20\x5f\x5f\x75\x5f\x72\x65\x6a"
  "\x65\x63\x74\x5b\x5f\x5f\x75\x5f\x6a\x5d\x29\x20\x72\x65\x74\x75\x72\x6e\x20\x5f"
  "\x5f\x75\x5f\x69\x3b\x0a\x20\x20\x20\x20\x20\x20\x20\x20\x20\x20\x20\x20\x5f\x5f"
  "\x75\x5f\x6a\x20\x3d\x20\x5f\x5f\x75\x5f\x6a\x20\x2b\x20\x31\x3b\x0a\x20\x20\x20"
  "\x20\x20\x20\x20\x20\x7d\x0a\x20\x20\x20\x20\x20\x20\x20\x20\x5f\x5f\x75\x5f\x69"
  "\x20\x3d\x20\x5f\x5f\x75\x5f\x69\x20\x2b\x20\x31\x3b\x0a\x20\x20\x20\x20\x7d\x0a"
  "\x20\x20\x20\x20\x72\x65\x74\x75\x72\x6e\x20\x5f\x5f\x75\x5f\x69\x3b\x0a\x7d\x0a"
  "\x23\x65\x6e\x64\x69\x66\x0a\x0a\x2f\x2a\x20\x54\x68\x65\x20\x62\x75\x6e\x64\x6c"
  "\x65\x64\x20\x6c\x6f\x63\x61\x6c\x65\x20\x68\x61\x73\x20\x6f\x6e\x6c\x79\x20\x74"
  "\x68\x65\x20\x43\x20\x63\x6f\x6c\x6c\x61\x74\x69\x6f\x6e\x20\x6f\x72\x64\x65\x72"
  "\x2e\x20\x2a\x2f\x0a\x23\x69\x66\x20\x21\x5f\x5f\x55\x4e\x49\x53\x41\x5f\x46\x54"
  "\x52\x49\x4d\x5f\x4c\x49\x42\x43\x20\x7c\x7c\x20\x5f\x5f\x55\x4e\x5f\x73\x74\x72"
  "\x63\x6f\x6c\x6c\x0a\x73\x74\x61\x74\x69\x63\x20\x69\x6e\x74\x20\x73\x74\x72\x63"
  "\x6f\x6c\x6c\x28\x63\x6f\x6e\x73\x74\x20\x63\x68\x61\x72\x20\x2a\x5f\x5f\x75\x5f"
  "\x61\x2c\x20\x63\x6f\x6e\x73\x74\x20\x63\x68\x61\x72\x20\x2a\x5f\x5f\x75\x5f\x62"
  "\x29\x20\x7b\x0a\x20\x20\x20\x20\x72\x65\x74\x75\x72\x6e\x20\x73\x74\x72\x63\x6d"
  "\x70\x28\x5f\x5f\x75\x5f\x61\x2c\x20\x5f\x5f\x75\x5f\x62\x29\x3b\x0a\x7d\x0a\x23"
  "\x65\x6e\x64\x69\x66\x0a\x0a\x23\x65\x6e\x64\x69\x66\x0a";

/* HDR_21: include/sys/ioctl.h, verbatim */
char *HDR_21 =
  "\x2f\x2a\x20\x3c\x73\x79\x73\x2f\x69\x6f\x63\x74\x6c\x2e\x68\x3e\x20\x28\x30\x2e"
  "\x30\x2e\x31\x38\x20\x52\x31\x38\x2d\x31\x30\x29\x3a\x20\x69\x6f\x63\x74\x6c\x28"
  "\x29\x20\x61\x6e\x64\x20\x74\x68\x65\x20\x77\x69\x6e\x64\x6f\x77\x20\x73\x69\x7a"
  "\x65\x20\x72\x65\x71\x75\x65\x73\x74\x20\x61\x20\x54\x55\x49\x0a\x20\x2a\x20\x6e"
  "\x65\x65\x64\x73\x2e\x20\x20\x57\x69\x6e\x64\x6f\x77\x73\x3a\x20\x6e\x6f\x74\x20"
  "\x68\x65\x72\x65\x20\x28\x69\x74\x73\x20\x63\x6f\x6e\x73\x6f\x6c\x65\x20\x41\x50"
  "\x49\x20\x69\x73\x20\x61\x20\x73\x65\x70\x61\x72\x61\x74\x65\x20\x63\x6f\x6c\x75"
  "\x6d\x6e\x29\x2e\x20\x2a\x2f\x0a\x23\x69\x66\x6e\x64\x65\x66\x20\x5f\x55\x4e\x49"
  "\x53\x41\x5f\x53\x59\x53\x5f\x49\x4f\x43\x54\x4c\x5f\x48\x0a\x23\x64\x65\x66\x69"
  "\x6e\x65\x20\x5f\x55\x4e\x49\x53\x41\x5f\x53\x59\x53\x5f\x49\x4f\x43\x54\x4c\x5f"
  "\x48\x0a\x23\x69\x6e\x63\x6c\x75\x64\x65\x20\x3c\x65\x72\x72\x6e\x6f\x2e\x68\x3e"
  "\x0a\x23\x69\x66\x6e\x64\x65\x66\x20\x5f\x57\x49\x4e\x33\x32\x0a\x73\x74\x72\x75"
  "\x63\x74\x20\x77\x69\x6e\x73\x69\x7a\x65\x20\x7b\x20\x75\x6e\x73\x69\x67\x6e\x65"
  "\x64\x20\x73\x68\x6f\x72\x74\x20\x77\x73\x5f\x72\x6f\x77\x2c\x20\x77\x73\x5f\x63"
  "\x6f\x6c\x2c\x20\x77\x73\x5f\x78\x70\x69\x78\x65\x6c\x2c\x20\x77\x73\x5f\x79\x70"
  "\x69\x78\x65\x6c\x3b\x20\x7d\x3b\x0a\x23\x69\x66\x64\x65\x66\x20\x5f\x5f\x41\x50"
  "\x50\x4c\x45\x5f\x5f\x0a\x23\x64\x65\x66\x69\x6e\x65\x20\x54\x49\x4f\x43\x47\x57"
  "\x49\x4e\x53\x5a\x20\x30\x78\x34\x30\x30\x38\x37\x34\x36\x38\x0a\x23\x64\x65\x66"
  "\x69\x6e\x65\x20\x46\x49\x4f\x4e\x52\x45\x41\x44\x20\x20\x20\x30\x78\x34\x30\x30"
  "\x34\x36\x36\x37\x46\x0a\x23\x65\x6c\x73\x65\x0a\x23\x64\x65\x66\x69\x6e\x65\x20"
  "\x54\x49\x4f\x43\x47\x57\x49\x4e\x53\x5a\x20\x30\x78\x35\x34\x31\x33\x0a\x23\x64"
  "\x65\x66\x69\x6e\x65\x20\x46\x49\x4f\x4e\x52\x45\x41\x44\x20\x20\x20\x30\x78\x35"
  "\x34\x31\x42\x0a\x23\x65\x6e\x64\x69\x66\x0a\x23\x69\x66\x20\x21\x5f\x5f\x55\x4e"
  "\x49\x53\x41\x5f\x46\x54\x52\x49\x4d\x5f\x4c\x49\x42\x43\x20\x7c\x7c\x20\x5f\x5f"
  "\x55\x4e\x5f\x69\x6f\x63\x74\x6c\x0a\x73\x74\x61\x74\x69\x63\x20\x69\x6e\x74\x20"
  "\x69\x6f\x63\x74\x6c\x28\x69\x6e\x74\x20\x5f\x5f\x75\x5f\x66\x64\x2c\x20\x75\x6e"
  "\x73\x69\x67\x6e\x65\x64\x20\x6c\x6f\x6e\x67\x20\x5f\x5f\x75\x5f\x72\x65\x71\x2c"
  "\x20\x76\x6f\x69\x64\x20\x2a\x5f\x5f\x75\x5f\x61\x72\x67\x29\x20\x7b\x0a\x20\x20"
  "\x20\x20\x6c\x6f\x6e\x67\x20\x5f\x5f\x75\x5f\x72\x3b\x20\x5f\x5f\x75\x5f\x72\x20"
  "\x3d\x20\x5f\x5f\x69\x6f\x63\x74\x6c\x28\x5f\x5f\x75\x5f\x66\x64\x2c\x20\x28\x6c"
  "\x6f\x6e\x67\x29\x5f\x5f\x75\x5f\x72\x65\x71\x2c\x20\x28\x63\x68\x61\x72\x20\x2a"
  "\x29\x5f\x5f\x75\x5f\x61\x72\x67\x29\x3b\x0a\x20\x20\x20\x20\x69\x66\x20\x28\x5f"
  "\x5f\x75\x5f\x72\x20\x3c\x20\x30\x29\x20\x7b\x20\x65\x72\x72\x6e\x6f\x20\x3d\x20"
  "\x28\x69\x6e\x74\x29\x28\x30\x20\x2d\x20\x5f\x5f\x75\x5f\x72\x29\x3b\x20\x72\x65"
  "\x74\x75\x72\x6e\x20\x2d\x31\x3b\x20\x7d\x20\x72\x65\x74\x75\x72\x6e\x20\x28\x69"
  "\x6e\x74\x29\x5f\x5f\x75\x5f\x72\x3b\x0a\x7d\x0a\x23\x65\x6e\x64\x69\x66\x0a\x23"
  "\x65\x6e\x64\x69\x66\x0a\x23\x65\x6e\x64\x69\x66\x0a";

/* HDR_22: include/sys/stat.h, verbatim */
char *HDR_22 =
  "\x2f\x2a\x20\x3c\x73\x79\x73\x2f\x73\x74\x61\x74\x2e\x68\x3e\x20\x28\x30\x2e\x30"
  "\x2e\x31\x38\x20\x52\x31\x38\x2d\x31\x30\x29\x3a\x20\x73\x74\x72\x75\x63\x74\x20"
  "\x73\x74\x61\x74\x20\x61\x6e\x64\x20\x73\x74\x61\x74\x2f\x6c\x73\x74\x61\x74\x2f"
  "\x66\x73\x74\x61\x74\x2f\x63\x68\x6d\x6f\x64\x2f\x6d\x6b\x64\x69\x72\x0a\x20\x2a"
  "\x20\x6f\x76\x65\x72\x20\x74\x68\x65\x20\x6b\x65\x72\x6e\x65\x6c\x27\x73\x20\x6f"
  "\x77\x6e\x20\x63\x61\x6c\x6c\x73\x20\x2d\x2d\x20\x6e\x6f\x20\x68\x6f\x73\x74\x20"
  "\x6c\x69\x62\x63\x2e\x20\x20\x54\x68\x65\x20\x6c\x61\x79\x6f\x75\x74\x20\x69\x73"
  "\x20\x74\x68\x65\x20\x6b\x65\x72\x6e\x65\x6c\x27\x73\x20\x66\x6f\x72\x0a\x20\x2a"
  "\x20\x65\x61\x63\x68\x20\x74\x61\x72\x67\x65\x74\x20\x28\x4c\x69\x6e\x75\x78\x20"
  "\x78\x38\x36\x5f\x36\x34\x20\x61\x6e\x64\x20\x61\x72\x6d\x36\x34\x20\x64\x69\x66"
  "\x66\x65\x72\x3b\x20\x6d\x61\x63\x4f\x53\x20\x69\x73\x20\x73\x74\x61\x74\x36\x34"
  "\x29\x2e\x20\x20\x57\x69\x6e\x64\x6f\x77\x73\x20\x68\x61\x73\x0a\x20\x2a\x20\x6e"
  "\x6f\x20\x73\x75\x63\x68\x20\x63\x61\x6c\x6c\x73\x20\x68\x65\x72\x65\x20\x79\x65"
  "\x74\x3a\x20\x6e\x6f\x74\x68\x69\x6e\x67\x20\x69\x73\x20\x64\x65\x63\x6c\x61\x72"
  "\x65\x64\x20\x74\x68\x65\x72\x65\x20\x28\x70\x6c\x61\x6e\x73\x2f\x76\x30\x2e\x30"
  "\x2e\x31\x39\x2e\x6d\x64\x29\x2e\x20\x2a\x2f\x0a\x23\x69\x66\x6e\x64\x65\x66\x20"
  "\x5f\x55\x4e\x49\x53\x41\x5f\x53\x59\x53\x5f\x53\x54\x41\x54\x5f\x48\x0a\x23\x64"
  "\x65\x66\x69\x6e\x65\x20\x5f\x55\x4e\x49\x53\x41\x5f\x53\x59\x53\x5f\x53\x54\x41"
  "\x54\x5f\x48\x0a\x23\x69\x6e\x63\x6c\x75\x64\x65\x20\x3c\x73\x79\x73\x2f\x74\x79"
  "\x70\x65\x73\x2e\x68\x3e\x0a\x23\x69\x6e\x63\x6c\x75\x64\x65\x20\x3c\x65\x72\x72"
  "\x6e\x6f\x2e\x68\x3e\x0a\x23\x69\x66\x6e\x64\x65\x66\x20\x5f\x57\x49\x4e\x33\x32"
  "\x0a\x23\x64\x65\x66\x69\x6e\x65\x20\x53\x5f\x49\x46\x4d\x54\x20\x20\x20\x30\x31"
  "\x37\x30\x30\x30\x30\x0a\x23\x64\x65\x66\x69\x6e\x65\x20\x53\x5f\x49\x46\x49\x46"
  "\x4f\x20\x20\x30\x30\x31\x30\x30\x30\x30\x0a\x23\x64\x65\x66\x69\x6e\x65\x20\x53"
  "\x5f\x49\x46\x43\x48\x52\x20\x20\x30\x30\x32\x30\x30\x30\x30\x0a\x23\x64\x65\x66"
  "\x69\x6e\x65\x20\x53\x5f\x49\x46\x44\x49\x52\x20\x20\x30\x30\x34\x30\x30\x30\x30"
  "\x0a\x23\x64\x65\x66\x69\x6e\x65\x20\x53\x5f\x49\x46\x42\x4c\x4b\x20\x20\x30\x30"
  "\x36\x30\x30\x30\x30\x0a\x23\x64\x65\x66\x69\x6e\x65\x20\x53\x5f\x49\x46\x52\x45"
  "\x47\x20\x20\x30\x31\x30\x30\x30\x30\x30\x0a\x23\x64\x65\x66\x69\x6e\x65\x20\x53"
  "\x5f\x49\x46\x4c\x4e\x4b\x20\x20\x30\x31\x32\x30\x30\x30\x30\x0a\x23\x64\x65\x66"
  "\x69\x6e\x65\x20\x53\x5f\x49\x46\x53\x4f\x43\x4b\x20\x30\x31\x34\x30\x30\x30\x30"
  "\x0a\x23\x64\x65\x66\x69\x6e\x65\x20\x53\x5f\x49\x53\x44\x49\x52\x28\x6d\x29\x20"
  "\x20\x28\x28\x28\x6d\x29\x20\x26\x20\x53\x5f\x49\x46\x4d\x54\x29\x20\x3d\x3d\x20"
  "\x53\x5f\x49\x46\x44\x49\x52\x29\x0a\x23\x64\x65\x66\x69\x6e\x65\x20\x53\x5f\x49"
  "\x53\x52\x45\x47\x28\x6d\x29\x20\x20\x28\x28\x28\x6d\x29\x20\x26\x20\x53\x5f\x49"
  "\x46\x4d\x54\x29\x20\x3d\x3d\x20\x53\x5f\x49\x46\x52\x45\x47\x29\x0a\x23\x64\x65"
  "\x66\x69\x6e\x65\x20\x53\x5f\x49\x53\x4c\x4e\x4b\x28\x6d\x29\x20\x20\x28\x28\x28"
  "\x6d\x29\x20\x26\x20\x53\x5f\x49\x46\x4d\x54\x29\x20\x3d\x3d\x20\x53\x5f\x49\x46"
  "\x4c\x4e\x4b\x29\x0a\x23\x64\x65\x66\x69\x6e\x65\x20\x53\x5f\x49\x53\x43\x48\x52"
  "\x28\x6d\x29\x20\x20\x28\x28\x28\x6d\x29\x20\x26\x20\x53\x5f\x49\x46\x4d\x54\x29"
  "\x20\x3d\x3d\x20\x53\x5f\x49\x46\x43\x48\x52\x29\x0a\x23\x64\x65\x66\x69\x6e\x65"
  "\x20\x53\x5f\x49\x53\x42\x4c\x4b\x28\x6d\x29\x20\x20\x28\x28\x28\x6d\x29\x20\x26"
  "\x20\x53\x5f\x49\x46\x4d\x54\x29\x20\x3d\x3d\x20\x53\x5f\x49\x46\x42\x4c\x4b\x29"
  "\x0a\x23\x64\x65\x66\x69\x6e\x65\x20\x53\x5f\x49\x53\x46\x49\x46\x4f\x28\x6d\x29"
  "\x20\x28\x28\x28\x6d\x29\x20\x26\x20\x53\x5f\x49\x46\x4d\x54\x29\x20\x3d\x3d\x20"
  "\x53\x5f\x49\x46\x49\x46\x4f\x29\x0a\x23\x64\x65\x66\x69\x6e\x65\x20\x53\x5f\x49"
  "\x53\x53\x4f\x43\x4b\x28\x6d\x29\x20\x28\x28\x28\x6d\x29\x20\x26\x20\x53\x5f\x49"
  "\x46\x4d\x54\x29\x20\x3d\x3d\x20\x53\x5f\x49\x46\x53\x4f\x43\x4b\x29\x0a\x23\x64"
  "\x65\x66\x69\x6e\x65\x20\x53\x5f\x49\x52\x57\x58\x55\x20\x30\x37\x30\x30\x0a\x23"
  "\x64\x65\x66\x69\x6e\x65\x20\x53\x5f\x49\x52\x55\x53\x52\x20\x30\x34\x30\x30\x0a"
  "\x23\x64\x65\x66\x69\x6e\x65\x20\x53\x5f\x49\x57\x55\x53\x52\x20\x30\x32\x30\x30"
  "\x0a\x23\x64\x65\x66\x69\x6e\x65\x20\x53\x5f\x49\x58\x55\x53\x52\x20\x30\x31\x30"
  "\x30\x0a\x23\x64\x65\x66\x69\x6e\x65\x20\x53\x5f\x49\x52\x57\x58\x47\x20\x30\x37"
  "\x30\x0a\x23\x64\x65\x66\x69\x6e\x65\x20\x53\x5f\x49\x52\x47\x52\x50\x20\x30\x34"
  "\x30\x0a\x23\x64\x65\x66\x69\x6e\x65\x20\x53\x5f\x49\x57\x47\x52\x50\x20\x30\x32"
  "\x30\x0a\x23\x64\x65\x66\x69\x6e\x65\x20\x53\x5f\x49\x58\x47\x52\x50\x20\x30\x31"
  "\x30\x0a\x23\x64\x65\x66\x69\x6e\x65\x20\x53\x5f\x49\x52\x57\x58\x4f\x20\x30\x37"
  "\x0a\x23\x64\x65\x66\x69\x6e\x65\x20\x53\x5f\x49\x52\x4f\x54\x48\x20\x30\x34\x0a"
  "\x23\x64\x65\x66\x69\x6e\x65\x20\x53\x5f\x49\x57\x4f\x54\x48\x20\x30\x32\x0a\x23"
  "\x64\x65\x66\x69\x6e\x65\x20\x53\x5f\x49\x58\x4f\x54\x48\x20\x30\x31\x0a\x23\x69"
  "\x66\x6e\x64\x65\x66\x20\x5f\x55\x4e\x49\x53\x41\x5f\x54\x49\x4d\x45\x53\x50\x45"
  "\x43\x0a\x23\x64\x65\x66\x69\x6e\x65\x20\x5f\x55\x4e\x49\x53\x41\x5f\x54\x49\x4d"
  "\x45\x53\x50\x45\x43\x0a\x73\x74\x72\x75\x63\x74\x20\x74\x69\x6d\x65\x73\x70\x65"
  "\x63\x20\x7b\x20\x6c\x6f\x6e\x67\x20\x74\x76\x5f\x73\x65\x63\x3b\x20\x6c\x6f\x6e"
  "\x67\x20\x74\x76\x5f\x6e\x73\x65\x63\x3b\x20\x7d\x3b\x0a\x23\x65\x6e\x64\x69\x66"
  "\x0a\x23\x69\x66\x64\x65\x66\x20\x5f\x5f\x41\x50\x50\x4c\x45\x5f\x5f\x0a\x73\x74"
  "\x72\x75\x63\x74\x20\x73\x74\x61\x74\x20\x7b\x20\x20\x20\x20\x20\x20\x20\x20\x20"
  "\x20\x20\x20\x20\x20\x20\x20\x20\x20\x20\x20\x20\x20\x20\x20\x20\x20\x20\x20\x20"
  "\x20\x20\x20\x20\x20\x20\x2f\x2a\x20\x73\x74\x72\x75\x63\x74\x20\x73\x74\x61\x74"
  "\x36\x34\x20\x2a\x2f\x0a\x20\x20\x20\x20\x69\x6e\x74\x20\x73\x74\x5f\x64\x65\x76"
  "\x3b\x20\x75\x6e\x73\x69\x67\x6e\x65\x64\x20\x73\x68\x6f\x72\x74\x20\x73\x74\x5f"
  "\x6d\x6f\x64\x65\x3b\x20\x75\x6e\x73\x69\x67\x6e\x65\x64\x20\x73\x68\x6f\x72\x74"
  "\x20\x73\x74\x5f\x6e\x6c\x69\x6e\x6b\x3b\x20\x75\x6e\x73\x69\x67\x6e\x65\x64\x20"
  "\x6c\x6f\x6e\x67\x20\x73\x74\x5f\x69\x6e\x6f\x3b\x0a\x20\x20\x20\x20\x75\x6e\x73"
  "\x69\x67\x6e\x65\x64\x20\x69\x6e\x74\x20\x73\x74\x5f\x75\x69\x64\x3b\x20\x75\x6e"
  "\x73\x69\x67\x6e\x65\x64\x20\x69\x6e\x74\x20\x73\x74\x5f\x67\x69\x64\x3b\x20\x69"
  "\x6e\x74\x20\x73\x74\x5f\x72\x64\x65\x76\x3b\x0a\x20\x20\x20\x20\x73\x74\x72\x75"
  "\x63\x74\x20\x74\x69\x6d\x65\x73\x70\x65\x63\x20\x73\x74\x5f\x61\x74\x69\x6d\x65"
  "\x73\x70\x65\x63\x2c\x20\x73\x74\x5f\x6d\x74\x69\x6d\x65\x73\x70\x65\x63\x2c\x20"
  "\x73\x74\x5f\x63\x74\x69\x6d\x65\x73\x70\x65\x63\x2c\x20\x73\x74\x5f\x62\x69\x72"
  "\x74\x68\x74\x69\x6d\x65\x73\x70\x65\x63\x3b\x0a\x20\x20\x20\x20\x6c\x6f\x6e\x67"
  "\x20\x73\x74\x5f\x73\x69\x7a\x65\x3b\x20\x6c\x6f\x6e\x67\x20\x73\x74\x5f\x62\x6c"
  "\x6f\x63\x6b\x73\x3b\x20\x69\x6e\x74\x20\x73\x74\x5f\x62\x6c\x6b\x73\x69\x7a\x65"
  "\x3b\x20\x75\x6e\x73\x69\x67\x6e\x65\x64\x20\x69\x6e\x74\x20\x73\x74\x5f\x66\x6c"
  "\x61\x67\x73\x3b\x20\x75\x6e\x73\x69\x67\x6e\x65\x64\x20\x69\x6e\x74\x20\x73\x74"
  "\x5f\x67\x65\x6e\x3b\x0a\x20\x20\x20\x20\x69\x6e\x74\x20\x73\x74\x5f\x6c\x73\x70"
  "\x61\x72\x65\x3b\x20\x6c\x6f\x6e\x67\x20\x73\x74\x5f\x71\x73\x70\x61\x72\x65\x5b"
  "\x32\x5d\x3b\x0a\x7d\x3b\x0a\x23\x64\x65\x66\x69\x6e\x65\x20\x73\x74\x5f\x61\x74"
  "\x69\x6d\x65\x20\x73\x74\x5f\x61\x74\x69\x6d\x65\x73\x70\x65\x63\x2e\x74\x76\x5f"
  "\x73\x65\x63\x0a\x23\x64\x65\x66\x69\x6e\x65\x20\x73\x74\x5f\x6d\x74\x69\x6d\x65"
  "\x20\x73\x74\x5f\x6d\x74\x69\x6d\x65\x73\x70\x65\x63\x2e\x74\x76\x5f\x73\x65\x63"
  "\x0a\x23\x64\x65\x66\x69\x6e\x65\x20\x73\x74\x5f\x63\x74\x69\x6d\x65\x20\x73\x74"
  "\x5f\x63\x74\x69\x6d\x65\x73\x70\x65\x63\x2e\x74\x76\x5f\x73\x65\x63\x0a\x23\x65"
  "\x6c\x73\x65\x0a\x23\x69\x66\x64\x65\x66\x20\x5f\x5f\x61\x61\x72\x63\x68\x36\x34"
  "\x5f\x5f\x0a\x73\x74\x72\x75\x63\x74\x20\x73\x74\x61\x74\x20\x7b\x20\x20\x20\x20"
  "\x20\x20\x20\x20\x20\x20\x20\x20\x20\x20\x20\x20\x20\x20\x20\x20\x20\x20\x20\x20"
  "\x20\x20\x20\x20\x20\x20\x20\x20\x20\x20\x20\x2f\x2a\x20\x61\x73\x6d\x2d\x67\x65"
  "\x6e\x65\x72\x69\x63\x20\x2a\x2f\x0a\x20\x20\x20\x20\x75\x6e\x73\x69\x67\x6e\x65"
  "\x64\x20\x6c\x6f\x6e\x67\x20\x73\x74\x5f\x64\x65\x76\x3b\x20\x75\x6e\x73\x69\x67"
  "\x6e\x65\x64\x20\x6c\x6f\x6e\x67\x20\x73\x74\x5f\x69\x6e\x6f\x3b\x20\x75\x6e\x73"
  "\x69\x67\x6e\x65\x64\x20\x69\x6e\x74\x20\x73\x74\x5f\x6d\x6f\x64\x65\x3b\x20\x75"
  "\x6e\x73\x69\x67\x6e\x65\x64\x20\x69\x6e\x74\x20\x73\x74\x5f\x6e\x6c\x69\x6e\x6b"
  "\x3b\x0a\x20\x20\x20\x20\x75\x6e\x73\x69\x67\x6e\x65\x64\x20\x69\x6e\x74\x20\x73"
  "\x74\x5f\x75\x69\x64\x3b\x20\x75\x6e\x73\x69\x67\x6e\x65\x64\x20\x69\x6e\x74\x20"
  "\x73\x74\x5f\x67\x69\x64\x3b\x20\x75\x6e\x73\x69\x67\x6e\x65\x64\x20\x6c\x6f\x6e"
  "\x67\x20\x73\x74\x5f\x72\x64\x65\x76\x3b\x20\x75\x6e\x73\x69\x67\x6e\x65\x64\x20"
  "\x6c\x6f\x6e\x67\x20\x5f\x5f\x75\x5f\x70\x61\x64\x31\x3b\x0a\x20\x20\x20\x20\x6c"
  "\x6f\x6e\x67\x20\x73\x74\x5f\x73\x69\x7a\x65\x3b\x20\x69\x6e\x74\x20\x73\x74\x5f"
  "\x62\x6c\x6b\x73\x69\x7a\x65\x3b\x20\x69\x6e\x74\x20\x5f\x5f\x75\x5f\x70\x61\x64"
  "\x32\x3b\x20\x6c\x6f\x6e\x67\x20\x73\x74\x5f\x62\x6c\x6f\x63\x6b\x73\x3b\x0a\x20"
  "\x20\x20\x20\x6c\x6f\x6e\x67\x20\x73\x74\x5f\x61\x74\x69\x6d\x65\x3b\x20\x6c\x6f"
  "\x6e\x67\x20\x73\x74\x5f\x61\x74\x69\x6d\x65\x5f\x6e\x73\x65\x63\x3b\x20\x6c\x6f"
  "\x6e\x67\x20\x73\x74\x5f\x6d\x74\x69\x6d\x65\x3b\x20\x6c\x6f\x6e\x67\x20\x73\x74"
  "\x5f\x6d\x74\x69\x6d\x65\x5f\x6e\x73\x65\x63\x3b\x20\x6c\x6f\x6e\x67\x20\x73\x74"
  "\x5f\x63\x74\x69\x6d\x65\x3b\x20\x6c\x6f\x6e\x67\x20\x73\x74\x5f\x63\x74\x69\x6d"
  "\x65\x5f\x6e\x73\x65\x63\x3b\x0a\x20\x20\x20\x20\x75\x6e\x73\x69\x67\x6e\x65\x64"
  "\x20\x69\x6e\x74\x20\x5f\x5f\x75\x5f\x75\x6e\x75\x73\x65\x64\x5b\x32\x5d\x3b\x0a"
  "\x7d\x3b\x0a\x23\x65\x6c\x73\x65\x0a\x73\x74\x72\x75\x63\x74\x20\x73\x74\x61\x74"
  "\x20\x7b\x20\x20\x20\x20\x20\x20\x20\x20\x20\x20\x20\x20\x20\x20\x20\x20\x20\x20"
  "\x20\x20\x20\x20\x20\x20\x20\x20\x20\x20\x20\x20\x20\x20\x20\x20\x20\x2f\x2a\x20"
  "\x78\x38\x36\x5f\x36\x34\x20\x2a\x2f\x0a\x20\x20\x20\x20\x75\x6e\x73\x69\x67\x6e"
  "\x65\x64\x20\x6c\x6f\x6e\x67\x20\x73\x74\x5f\x64\x65\x76\x3b\x20\x75\x6e\x73\x69"
  "\x67\x6e\x65\x64\x20\x6c\x6f\x6e\x67\x20\x73\x74\x5f\x69\x6e\x6f\x3b\x20\x75\x6e"
  "\x73\x69\x67\x6e\x65\x64\x20\x6c\x6f\x6e\x67\x20\x73\x74\x5f\x6e\x6c\x69\x6e\x6b"
  "\x3b\x0a\x20\x20\x20\x20\x75\x6e\x73\x69\x67\x6e\x65\x64\x20\x69\x6e\x74\x20\x73"
  "\x74\x5f\x6d\x6f\x64\x65\x3b\x20\x75\x6e\x73\x69\x67\x6e\x65\x64\x20\x69\x6e\x74"
  "\x20\x73\x74\x5f\x75\x69\x64\x3b\x20\x75\x6e\x73\x69\x67\x6e\x65\x64\x20\x69\x6e"
  "\x74\x20\x73\x74\x5f\x67\x69\x64\x3b\x20\x69\x6e\x74\x20\x5f\x5f\x75\x5f\x70\x61"
  "\x64\x30\x3b\x0a\x20\x20\x20\x20\x75\x6e\x73\x69\x67\x6e\x65\x64\x20\x6c\x6f\x6e"
  "\x67\x20\x73\x74\x5f\x72\x64\x65\x76\x3b\x20\x6c\x6f\x6e\x67\x20\x73\x74\x5f\x73"
  "\x69\x7a\x65\x3b\x20\x6c\x6f\x6e\x67\x20\x73\x74\x5f\x62\x6c\x6b\x73\x69\x7a\x65"
  "\x3b\x20\x6c\x6f\x6e\x67\x20\x73\x74\x5f\x62\x6c\x6f\x63\x6b\x73\x3b\x0a\x20\x20"
  "\x20\x20\x6c\x6f\x6e\x67\x20\x73\x74\x5f\x61\x74\x69\x6d\x65\x3b\x20\x6c\x6f\x6e"
  "\x67\x20\x73\x74\x5f\x61\x74\x69\x6d\x65\x5f\x6e\x73\x65\x63\x3b\x20\x6c\x6f\x6e"
  "\x67\x20\x73\x74\x5f\x6d\x74\x69\x6d\x65\x3b\x20\x6c\x6f\x6e\x67\x20\x73\x74\x5f"
  "\x6d\x74\x69\x6d\x65\x5f\x6e\x73\x65\x63\x3b\x20\x6c\x6f\x6e\x67\x20\x73\x74\x5f"
  "\x63\x74\x69\x6d\x65\x3b\x20\x6c\x6f\x6e\x67\x20\x73\x74\x5f\x63\x74\x69\x6d\x65"
  "\x5f\x6e\x73\x65\x63\x3b\x0a\x20\x20\x20\x20\x6c\x6f\x6e\x67\x20\x5f\x5f\x75\x5f"
  "\x75\x6e\x75\x73\x65\x64\x5b\x33\x5d\x3b\x0a\x7d\x3b\x0a\x23\x65\x6e\x64\x69\x66"
  "\x0a\x23\x65\x6e\x64\x69\x66\x0a\x23\x69\x66\x20\x21\x5f\x5f\x55\x4e\x49\x53\x41"
  "\x5f\x46\x54\x52\x49\x4d\x5f\x4c\x49\x42\x43\x20\x7c\x7c\x20\x5f\x5f\x55\x4e\x5f"
  "\x73\x74\x61\x74\x0a\x73\x74\x61\x74\x69\x63\x20\x69\x6e\x74\x20\x73\x74\x61\x74"
  "\x28\x63\x6f\x6e\x73\x74\x20\x63\x68\x61\x72\x20\x2a\x5f\x5f\x75\x5f\x70\x2c\x20"
  "\x73\x74\x72\x75\x63\x74\x20\x73\x74\x61\x74\x20\x2a\x5f\x5f\x75\x5f\x62\x29\x20"
  "\x7b\x0a\x20\x20\x20\x20\x6c\x6f\x6e\x67\x20\x5f\x5f\x75\x5f\x72\x3b\x20\x5f\x5f"
  "\x75\x5f\x72\x20\x3d\x20\x5f\x5f\x73\x74\x61\x74\x28\x28\x63\x68\x61\x72\x20\x2a"
  "\x29\x5f\x5f\x75\x5f\x70\x2c\x20\x28\x63\x68\x61\x72\x20\x2a\x29\x5f\x5f\x75\x5f"
  "\x62\x2c\x20\x30\x29\x3b\x0a\x20\x20\x20\x20\x69\x66\x20\x28\x5f\x5f\x75\x5f\x72"
  "\x20\x3c\x20\x30\x29\x20\x7b\x20\x65\x72\x72\x6e\x6f\x20\x3d\x20\x28\x69\x6e\x74"
  "\x29\x28\x30\x20\x2d\x20\x5f\x5f\x75\x5f\x72\x29\x3b\x20\x72\x65\x74\x75\x72\x6e"
  "\x20\x2d\x31\x3b\x20\x7d\x20\x72\x65\x74\x75\x72\x6e\x20\x30\x3b\x0a\x7d\x0a\x23"
  "\x65\x6e\x64\x69\x66\x0a\x23\x69\x66\x20\x21\x5f\x5f\x55\x4e\x49\x53\x41\x5f\x46"
  "\x54\x52\x49\x4d\x5f\x4c\x49\x42\x43\x20\x7c\x7c\x20\x5f\x5f\x55\x4e\x5f\x6c\x73"
  "\x74\x61\x74\x0a\x73\x74\x61\x74\x69\x63\x20\x69\x6e\x74\x20\x6c\x73\x74\x61\x74"
  "\x28\x63\x6f\x6e\x73\x74\x20\x63\x68\x61\x72\x20\x2a\x5f\x5f\x75\x5f\x70\x2c\x20"
  "\x73\x74\x72\x75\x63\x74\x20\x73\x74\x61\x74\x20\x2a\x5f\x5f\x75\x5f\x62\x29\x20"
  "\x7b\x0a\x20\x20\x20\x20\x6c\x6f\x6e\x67\x20\x5f\x5f\x75\x5f\x72\x3b\x20\x5f\x5f"
  "\x75\x5f\x72\x20\x3d\x20\x5f\x5f\x6c\x73\x74\x61\x74\x28\x28\x63\x68\x61\x72\x20"
  "\x2a\x29\x5f\x5f\x75\x5f\x70\x2c\x20\x28\x63\x68\x61\x72\x20\x2a\x29\x5f\x5f\x75"
  "\x5f\x62\x2c\x20\x32\x35\x36\x29\x3b\x20\x20\x20\x2f\x2a\x20\x41\x54\x5f\x53\x59"
  "\x4d\x4c\x49\x4e\x4b\x5f\x4e\x4f\x46\x4f\x4c\x4c\x4f\x57\x20\x66\x6f\x72\x20\x6e"
  "\x65\x77\x66\x73\x74\x61\x74\x61\x74\x20\x2a\x2f\x0a\x20\x20\x20\x20\x69\x66\x20"
  "\x28\x5f\x5f\x75\x5f\x72\x20\x3c\x20\x30\x29\x20\x7b\x20\x65\x72\x72\x6e\x6f\x20"
  "\x3d\x20\x28\x69\x6e\x74\x29\x28\x30\x20\x2d\x20\x5f\x5f\x75\x5f\x72\x29\x3b\x20"
  "\x72\x65\x74\x75\x72\x6e\x20\x2d\x31\x3b\x20\x7d\x20\x72\x65\x74\x75\x72\x6e\x20"
  "\x30\x3b\x0a\x7d\x0a\x23\x65\x6e\x64\x69\x66\x0a\x23\x69\x66\x20\x21\x5f\x5f\x55"
  "\x4e\x49\x53\x41\x5f\x46\x54\x52\x49\x4d\x5f\x4c\x49\x42\x43\x20\x7c\x7c\x20\x5f"
  "\x5f\x55\x4e\x5f\x66\x73\x74\x61\x74\x0a\x73\x74\x61\x74\x69\x63\x20\x69\x6e\x74"
  "\x20\x66\x73\x74\x61\x74\x28\x69\x6e\x74\x20\x5f\x5f\x75\x5f\x66\x64\x2c\x20\x73"
  "\x74\x72\x75\x63\x74\x20\x73\x74\x61\x74\x20\x2a\x5f\x5f\x75\x5f\x62\x29\x20\x7b"
  "\x0a\x20\x20\x20\x20\x6c\x6f\x6e\x67\x20\x5f\x5f\x75\x5f\x72\x3b\x20\x5f\x5f\x75"
  "\x5f\x72\x20\x3d\x20\x5f\x5f\x66\x73\x74\x61\x74\x28\x5f\x5f\x75\x5f\x66\x64\x2c"
  "\x20\x28\x63\x68\x61\x72\x20\x2a\x29\x5f\x5f\x75\x5f\x62\x2c\x20\x30\x29\x3b\x0a"
  "\x20\x20\x20\x20\x69\x66\x20\x28\x5f\x5f\x75\x5f\x72\x20\x3c\x20\x30\x29\x20\x7b"
  "\x20\x65\x72\x72\x6e\x6f\x20\x3d\x20\x28\x69\x6e\x74\x29\x28\x30\x20\x2d\x20\x5f"
  "\x5f\x75\x5f\x72\x29\x3b\x20\x72\x65\x74\x75\x72\x6e\x20\x2d\x31\x3b\x20\x7d\x20"
  "\x72\x65\x74\x75\x72\x6e\x20\x30\x3b\x0a\x7d\x0a\x23\x65\x6e\x64\x69\x66\x0a\x23"
  "\x69\x66\x20\x21\x5f\x5f\x55\x4e\x49\x53\x41\x5f\x46\x54\x52\x49\x4d\x5f\x4c\x49"
  "\x42\x43\x20\x7c\x7c\x20\x5f\x5f\x55\x4e\x5f\x63\x68\x6d\x6f\x64\x0a\x73\x74\x61"
  "\x74\x69\x63\x20\x69\x6e\x74\x20\x63\x68\x6d\x6f\x64\x28\x63\x6f\x6e\x73\x74\x20"
  "\x63\x68\x61\x72\x20\x2a\x5f\x5f\x75\x5f\x70\x2c\x20\x6d\x6f\x64\x65\x5f\x74\x20"
  "\x5f\x5f\x75\x5f\x6d\x29\x20\x7b\x0a\x20\x20\x20\x20\x6c\x6f\x6e\x67\x20\x5f\x5f"
  "\x75\x5f\x72\x3b\x20\x5f\x5f\x75\x5f\x72\x20\x3d\x20\x5f\x5f\x63\x68\x6d\x6f\x64"
  "\x28\x28\x63\x68\x61\x72\x20\x2a\x29\x5f\x5f\x75\x5f\x70\x2c\x20\x28\x6c\x6f\x6e"
  "\x67\x29\x5f\x5f\x75\x5f\x6d\x2c\x20\x30\x29\x3b\x0a\x20\x20\x20\x20\x69\x66\x20"
  "\x28\x5f\x5f\x75\x5f\x72\x20\x3c\x20\x30\x29\x20\x7b\x20\x65\x72\x72\x6e\x6f\x20"
  "\x3d\x20\x28\x69\x6e\x74\x29\x28\x30\x20\x2d\x20\x5f\x5f\x75\x5f\x72\x29\x3b\x20"
  "\x72\x65\x74\x75\x72\x6e\x20\x2d\x31\x3b\x20\x7d\x20\x72\x65\x74\x75\x72\x6e\x20"
  "\x30\x3b\x0a\x7d\x0a\x23\x65\x6e\x64\x69\x66\x0a\x23\x69\x66\x20\x21\x5f\x5f\x55"
  "\x4e\x49\x53\x41\x5f\x46\x54\x52\x49\x4d\x5f\x4c\x49\x42\x43\x20\x7c\x7c\x20\x5f"
  "\x5f\x55\x4e\x5f\x6d\x6b\x64\x69\x72\x0a\x73\x74\x61\x74\x69\x63\x20\x69\x6e\x74"
  "\x20\x6d\x6b\x64\x69\x72\x28\x63\x6f\x6e\x73\x74\x20\x63\x68\x61\x72\x20\x2a\x5f"
  "\x5f\x75\x5f\x70\x2c\x20\x6d\x6f\x64\x65\x5f\x74\x20\x5f\x5f\x75\x5f\x6d\x29\x20"
  "\x7b\x0a\x20\x20\x20\x20\x6c\x6f\x6e\x67\x20\x5f\x5f\x75\x5f\x72\x3b\x20\x5f\x5f"
  "\x75\x5f\x72\x20\x3d\x20\x5f\x5f\x6d\x6b\x64\x69\x72\x28\x28\x63\x68\x61\x72\x20"
  "\x2a\x29\x5f\x5f\x75\x5f\x70\x2c\x20\x28\x6c\x6f\x6e\x67\x29\x5f\x5f\x75\x5f\x6d"
  "\x2c\x20\x30\x29\x3b\x0a\x20\x20\x20\x20\x69\x66\x20\x28\x5f\x5f\x75\x5f\x72\x20"
  "\x3c\x20\x30\x29\x20\x7b\x20\x65\x72\x72\x6e\x6f\x20\x3d\x20\x28\x69\x6e\x74\x29"
  "\x28\x30\x20\x2d\x20\x5f\x5f\x75\x5f\x72\x29\x3b\x20\x72\x65\x74\x75\x72\x6e\x20"
  "\x2d\x31\x3b\x20\x7d\x20\x72\x65\x74\x75\x72\x6e\x20\x30\x3b\x0a\x7d\x0a\x23\x65"
  "\x6e\x64\x69\x66\x0a\x23\x65\x6e\x64\x69\x66\x0a\x23\x65\x6e\x64\x69\x66\x0a";

/* HDR_23: include/sys/time.h, verbatim */
char *HDR_23 =
  "\x2f\x2a\x20\x73\x79\x73\x2f\x74\x69\x6d\x65\x2e\x68\x20\x2d\x2d\x20\x30\x2e\x30"
  "\x2e\x31\x38\x20\x52\x31\x38\x2d\x35\x3a\x20\x73\x74\x72\x75\x63\x74\x20\x74\x69"
  "\x6d\x65\x76\x61\x6c\x20\x66\x6f\x72\x20\x70\x72\x6f\x67\x72\x61\x6d\x73\x20\x74"
  "\x68\x61\x74\x20\x69\x6e\x63\x6c\x75\x64\x65\x20\x74\x68\x65\x0a\x20\x2a\x20\x68"
  "\x65\x61\x64\x65\x72\x20\x28\x6b\x69\x6c\x6f\x29\x2e\x20\x20\x4e\x6f\x20\x67\x65"
  "\x74\x74\x69\x6d\x65\x6f\x66\x64\x61\x79\x20\x79\x65\x74\x3a\x20\x6e\x6f\x74\x68"
  "\x69\x6e\x67\x20\x69\x73\x20\x64\x65\x63\x6c\x61\x72\x65\x64\x20\x77\x69\x74\x68"
  "\x6f\x75\x74\x20\x61\x20\x62\x6f\x64\x79\x2e\x20\x2a\x2f\x0a\x23\x69\x66\x6e\x64"
  "\x65\x66\x20\x5f\x55\x4e\x49\x53\x41\x5f\x53\x59\x53\x5f\x54\x49\x4d\x45\x5f\x48"
  "\x0a\x23\x64\x65\x66\x69\x6e\x65\x20\x5f\x55\x4e\x49\x53\x41\x5f\x53\x59\x53\x5f"
  "\x54\x49\x4d\x45\x5f\x48\x0a\x23\x69\x6e\x63\x6c\x75\x64\x65\x20\x3c\x74\x69\x6d"
  "\x65\x2e\x68\x3e\x0a\x73\x74\x72\x75\x63\x74\x20\x74\x69\x6d\x65\x76\x61\x6c\x20"
  "\x7b\x20\x6c\x6f\x6e\x67\x20\x74\x76\x5f\x73\x65\x63\x3b\x20\x6c\x6f\x6e\x67\x20"
  "\x74\x76\x5f\x75\x73\x65\x63\x3b\x20\x7d\x3b\x0a\x23\x65\x6e\x64\x69\x66\x0a";

/* HDR_24: include/sys/types.h, verbatim */
char *HDR_24 =
  "\x2f\x2a\x20\x3c\x73\x79\x73\x2f\x74\x79\x70\x65\x73\x2e\x68\x3e\x20\x66\x6f\x72"
  "\x20\x74\x68\x65\x20\x75\x6e\x69\x73\x61\x20\x43\x20\x73\x75\x62\x73\x65\x74\x2e"
  "\x0a\x20\x2a\x0a\x20\x2a\x20\x54\x59\x50\x45\x53\x20\x4f\x4e\x4c\x59\x2e\x20\x20"
  "\x50\x4f\x53\x49\x58\x20\x70\x75\x74\x73\x20\x69\x74\x73\x20\x73\x68\x6f\x72\x74"
  "\x68\x61\x6e\x64\x20\x73\x63\x61\x6c\x61\x72\x20\x74\x79\x70\x65\x73\x20\x68\x65"
  "\x72\x65\x20\x61\x6e\x64\x20\x74\x68\x65\x20\x66\x75\x6e\x63\x74\x69\x6f\x6e\x73"
  "\x0a\x20\x2a\x20\x74\x68\x61\x74\x20\x75\x73\x65\x20\x74\x68\x65\x6d\x20\x69\x6e"
  "\x20\x3c\x75\x6e\x69\x73\x74\x64\x2e\x68\x3e\x2c\x20\x3c\x66\x63\x6e\x74\x6c\x2e"
  "\x68\x3e\x2c\x20\x3c\x73\x79\x73\x2f\x73\x74\x61\x74\x2e\x68\x3e\x20\x61\x6e\x64"
  "\x20\x66\x72\x69\x65\x6e\x64\x73\x3b\x20\x74\x68\x65\x0a\x20\x2a\x20\x72\x65\x66"
  "\x65\x72\x65\x6e\x63\x65\x20\x69\x6d\x70\x6c\x65\x6d\x65\x6e\x74\x73\x20\x6e\x6f"
  "\x6e\x65\x20\x6f\x66\x20\x74\x68\x6f\x73\x65\x20\x66\x75\x6e\x63\x74\x69\x6f\x6e"
  "\x73\x20\x79\x65\x74\x2c\x20\x73\x6f\x20\x6e\x6f\x6e\x65\x20\x6f\x66\x20\x74\x68"
  "\x6f\x73\x65\x20\x68\x65\x61\x64\x65\x72\x73\x0a\x20\x2a\x20\x65\x78\x69\x73\x74"
  "\x73\x20\x2d\x2d\x20\x61\x20\x63\x6f\x6e\x73\x74\x61\x6e\x74\x20\x6f\x72\x20\x61"
  "\x20\x70\x72\x6f\x74\x6f\x74\x79\x70\x65\x20\x77\x69\x74\x68\x20\x6e\x6f\x20\x69"
  "\x6d\x70\x6c\x65\x6d\x65\x6e\x74\x61\x74\x69\x6f\x6e\x20\x62\x65\x68\x69\x6e\x64"
  "\x20\x69\x74\x20\x77\x6f\x75\x6c\x64\x0a\x20\x2a\x20\x62\x65\x20\x69\x6e\x76\x65"
  "\x6e\x74\x69\x6e\x67\x20\x61\x6e\x20\x69\x6e\x74\x65\x72\x66\x61\x63\x65\x2e\x20"
  "\x20\x54\x68\x69\x73\x20\x68\x65\x61\x64\x65\x72\x20\x69\x73\x20\x74\x68\x65\x20"
  "\x70\x61\x72\x74\x20\x74\x68\x61\x74\x20\x69\x73\x20\x72\x65\x61\x6c\x20\x61\x6e"
  "\x64\x0a\x20\x2a\x20\x73\x65\x6c\x66\x2d\x63\x6f\x6e\x74\x61\x69\x6e\x65\x64\x3a"
  "\x20\x74\x68\x65\x20\x77\x69\x64\x74\x68\x73\x2e\x0a\x20\x2a\x0a\x20\x2a\x20\x41"
  "\x6c\x6c\x20\x6f\x66\x20\x74\x68\x65\x6d\x20\x61\x72\x65\x20\x36\x34\x2d\x62\x69"
  "\x74\x2c\x20\x6c\x69\x6b\x65\x20\x74\x68\x65\x20\x72\x65\x73\x74\x20\x6f\x66\x20"
  "\x74\x68\x65\x20\x73\x75\x62\x73\x65\x74\x20\x28\x70\x72\x64\x20\x5b\x47\x2d\x32"
  "\x5d\x3a\x20\x60\x69\x6e\x74\x60\x0a\x20\x2a\x20\x65\x78\x70\x72\x65\x73\x73\x69"
  "\x6f\x6e\x73\x20\x65\x76\x61\x6c\x75\x61\x74\x65\x20\x69\x6e\x20\x36\x34\x20\x62"
  "\x69\x74\x73\x29\x2e\x20\x20\x60\x73\x73\x69\x7a\x65\x5f\x74\x60\x20\x69\x73\x20"
  "\x74\x68\x65\x20\x73\x69\x67\x6e\x65\x64\x20\x74\x77\x69\x6e\x20\x6f\x66\x0a\x20"
  "\x2a\x20\x60\x73\x69\x7a\x65\x5f\x74\x60\x3b\x20\x60\x6f\x66\x66\x5f\x74\x60\x20"
  "\x69\x73\x20\x73\x69\x67\x6e\x65\x64\x20\x73\x6f\x20\x61\x20\x6e\x65\x67\x61\x74"
  "\x69\x76\x65\x20\x73\x65\x65\x6b\x20\x77\x6f\x72\x6b\x73\x3b\x20\x60\x70\x69\x64"
  "\x5f\x74\x60\x20\x61\x6e\x64\x20\x60\x6d\x6f\x64\x65\x5f\x74\x60\x0a\x20\x2a\x20"
  "\x61\x72\x65\x20\x33\x32\x2d\x62\x69\x74\x20\x6f\x6e\x20\x65\x76\x65\x72\x79\x20"
  "\x70\x6c\x61\x74\x66\x6f\x72\x6d\x20\x74\x68\x69\x73\x20\x63\x6f\x6d\x70\x69\x6c"
  "\x65\x72\x20\x74\x61\x72\x67\x65\x74\x73\x2c\x20\x61\x6e\x64\x20\x60\x64\x65\x76"
  "\x5f\x74\x60\x2f\x60\x69\x6e\x6f\x5f\x74\x60\x0a\x20\x2a\x20\x61\x72\x65\x20\x36"
  "\x34\x2d\x62\x69\x74\x20\x74\x68\x65\x72\x65\x2e\x20\x20\x60\x74\x69\x6d\x65\x5f"
  "\x74\x60\x20\x6c\x69\x76\x65\x73\x20\x69\x6e\x20\x3c\x74\x69\x6d\x65\x2e\x68\x3e"
  "\x3b\x20\x60\x63\x6c\x6f\x63\x6b\x5f\x74\x60\x20\x69\x6e\x20\x3c\x74\x69\x6d\x65"
  "\x2e\x68\x3e\x20\x74\x6f\x6f\x2e\x0a\x20\x2a\x0a\x20\x2a\x20\x54\x68\x65\x72\x65"
  "\x20\x69\x73\x20\x6e\x6f\x20\x60\x73\x74\x72\x75\x63\x74\x20\x73\x74\x61\x74\x60"
  "\x3a\x20\x69\x74\x20\x62\x65\x6c\x6f\x6e\x67\x73\x20\x74\x6f\x20\x3c\x73\x79\x73"
  "\x2f\x73\x74\x61\x74\x2e\x68\x3e\x2c\x20\x77\x68\x69\x63\x68\x20\x6e\x65\x65\x64"
  "\x73\x20\x60\x73\x74\x61\x74\x60\x0a\x20\x2a\x20\x61\x6e\x64\x20\x60\x66\x73\x74"
  "\x61\x74\x60\x20\x74\x6f\x20\x62\x65\x20\x77\x6f\x72\x74\x68\x20\x64\x65\x63\x6c"
  "\x61\x72\x69\x6e\x67\x2e\x20\x2a\x2f\x0a\x23\x69\x66\x6e\x64\x65\x66\x20\x5f\x55"
  "\x4e\x49\x53\x41\x5f\x53\x59\x53\x5f\x54\x59\x50\x45\x53\x5f\x48\x0a\x23\x64\x65"
  "\x66\x69\x6e\x65\x20\x5f\x55\x4e\x49\x53\x41\x5f\x53\x59\x53\x5f\x54\x59\x50\x45"
  "\x53\x5f\x48\x0a\x0a\x23\x69\x66\x6e\x64\x65\x66\x20\x5f\x55\x4e\x49\x53\x41\x5f"
  "\x53\x49\x5a\x45\x5f\x54\x0a\x23\x64\x65\x66\x69\x6e\x65\x20\x5f\x55\x4e\x49\x53"
  "\x41\x5f\x53\x49\x5a\x45\x5f\x54\x0a\x74\x79\x70\x65\x64\x65\x66\x20\x75\x6e\x73"
  "\x69\x67\x6e\x65\x64\x20\x6c\x6f\x6e\x67\x20\x73\x69\x7a\x65\x5f\x74\x3b\x0a\x23"
  "\x65\x6e\x64\x69\x66\x0a\x74\x79\x70\x65\x64\x65\x66\x20\x6c\x6f\x6e\x67\x20\x20"
  "\x20\x20\x20\x20\x20\x20\x20\x20\x73\x73\x69\x7a\x65\x5f\x74\x3b\x0a\x74\x79\x70"
  "\x65\x64\x65\x66\x20\x6c\x6f\x6e\x67\x20\x20\x20\x20\x20\x20\x20\x20\x20\x20\x6f"
  "\x66\x66\x5f\x74\x3b\x0a\x74\x79\x70\x65\x64\x65\x66\x20\x69\x6e\x74\x20\x20\x20"
  "\x20\x20\x20\x20\x20\x20\x20\x20\x70\x69\x64\x5f\x74\x3b\x0a\x74\x79\x70\x65\x64"
  "\x65\x66\x20\x75\x6e\x73\x69\x67\x6e\x65\x64\x20\x69\x6e\x74\x20\x20\x75\x69\x64"
  "\x5f\x74\x3b\x0a\x74\x79\x70\x65\x64\x65\x66\x20\x75\x6e\x73\x69\x67\x6e\x65\x64"
  "\x20\x69\x6e\x74\x20\x20\x67\x69\x64\x5f\x74\x3b\x0a\x74\x79\x70\x65\x64\x65\x66"
  "\x20\x75\x6e\x73\x69\x67\x6e\x65\x64\x20\x69\x6e\x74\x20\x20\x6d\x6f\x64\x65\x5f"
  "\x74\x3b\x0a\x74\x79\x70\x65\x64\x65\x66\x20\x75\x6e\x73\x69\x67\x6e\x65\x64\x20"
  "\x6c\x6f\x6e\x67\x20\x64\x65\x76\x5f\x74\x3b\x0a\x74\x79\x70\x65\x64\x65\x66\x20"
  "\x75\x6e\x73\x69\x67\x6e\x65\x64\x20\x6c\x6f\x6e\x67\x20\x69\x6e\x6f\x5f\x74\x3b"
  "\x0a\x74\x79\x70\x65\x64\x65\x66\x20\x75\x6e\x73\x69\x67\x6e\x65\x64\x20\x6c\x6f"
  "\x6e\x67\x20\x6e\x6c\x69\x6e\x6b\x5f\x74\x3b\x0a\x74\x79\x70\x65\x64\x65\x66\x20"
  "\x6c\x6f\x6e\x67\x20\x20\x20\x20\x20\x20\x20\x20\x20\x20\x62\x6c\x6b\x73\x69\x7a"
  "\x65\x5f\x74\x3b\x0a\x74\x79\x70\x65\x64\x65\x66\x20\x6c\x6f\x6e\x67\x20\x20\x20"
  "\x20\x20\x20\x20\x20\x20\x20\x62\x6c\x6b\x63\x6e\x74\x5f\x74\x3b\x0a\x23\x69\x66"
  "\x6e\x64\x65\x66\x20\x5f\x55\x4e\x49\x53\x41\x5f\x54\x49\x4d\x45\x5f\x54\x0a\x23"
  "\x64\x65\x66\x69\x6e\x65\x20\x5f\x55\x4e\x49\x53\x41\x5f\x54\x49\x4d\x45\x5f\x54"
  "\x0a\x74\x79\x70\x65\x64\x65\x66\x20\x6c\x6f\x6e\x67\x20\x20\x20\x20\x20\x20\x20"
  "\x20\x20\x20\x74\x69\x6d\x65\x5f\x74\x3b\x0a\x23\x65\x6e\x64\x69\x66\x0a\x74\x79"
  "\x70\x65\x64\x65\x66\x20\x6c\x6f\x6e\x67\x20\x20\x20\x20\x20\x20\x20\x20\x20\x20"
  "\x73\x75\x73\x65\x63\x6f\x6e\x64\x73\x5f\x74\x3b\x0a\x74\x79\x70\x65\x64\x65\x66"
  "\x20\x75\x6e\x73\x69\x67\x6e\x65\x64\x20\x6c\x6f\x6e\x67\x20\x75\x73\x65\x63\x6f"
  "\x6e\x64\x73\x5f\x74\x3b\x0a\x0a\x23\x65\x6e\x64\x69\x66\x0a";

/* HDR_25: include/termios.h, verbatim */
char *HDR_25 =
  "\x2f\x2a\x20\x3c\x74\x65\x72\x6d\x69\x6f\x73\x2e\x68\x3e\x20\x28\x30\x2e\x30\x2e"
  "\x31\x38\x20\x52\x31\x38\x2d\x31\x30\x29\x3a\x20\x74\x65\x72\x6d\x69\x6e\x61\x6c"
  "\x20\x61\x74\x74\x72\x69\x62\x75\x74\x65\x73\x20\x66\x6f\x72\x20\x61\x20\x54\x55"
  "\x49\x20\x2d\x2d\x20\x72\x61\x77\x20\x6d\x6f\x64\x65\x2c\x0a\x20\x2a\x20\x65\x63"
  "\x68\x6f\x2c\x20\x63\x61\x6e\x6f\x6e\x69\x63\x61\x6c\x20\x69\x6e\x70\x75\x74\x20"
  "\x2d\x2d\x20\x61\x73\x20\x74\x68\x65\x20\x6b\x65\x72\x6e\x65\x6c\x27\x73\x20\x6f"
  "\x77\x6e\x20\x69\x6f\x63\x74\x6c\x20\x72\x65\x71\x75\x65\x73\x74\x73\x20\x28\x54"
  "\x43\x47\x45\x54\x53\x2f\x54\x43\x53\x45\x54\x53\x0a\x20\x2a\x20\x6f\x6e\x20\x4c"
  "\x69\x6e\x75\x78\x2c\x20\x54\x49\x4f\x43\x47\x45\x54\x41\x2f\x54\x49\x4f\x43\x53"
  "\x45\x54\x41\x20\x6f\x6e\x20\x6d\x61\x63\x4f\x53\x29\x2e\x20\x20\x54\x68\x65\x20"
  "\x73\x74\x72\x75\x63\x74\x20\x69\x73\x20\x74\x68\x65\x20\x6b\x65\x72\x6e\x65\x6c"
  "\x27\x73\x20\x6c\x61\x79\x6f\x75\x74\x3a\x0a\x20\x2a\x20\x4c\x69\x6e\x75\x78\x27"
  "\x73\x20\x68\x61\x73\x20\x31\x39\x20\x63\x6f\x6e\x74\x72\x6f\x6c\x20\x63\x68\x61"
  "\x72\x61\x63\x74\x65\x72\x73\x20\x61\x6e\x64\x20\x6e\x6f\x20\x73\x70\x65\x65\x64"
  "\x20\x66\x69\x65\x6c\x64\x73\x20\x28\x74\x68\x65\x20\x72\x65\x71\x75\x65\x73\x74"
  "\x20\x77\x72\x69\x74\x65\x73\x0a\x20\x2a\x20\x65\x78\x61\x63\x74\x6c\x79\x20\x74"
  "\x68\x61\x74\x29\x3b\x20\x6d\x61\x63\x4f\x53\x27\x73\x20\x68\x61\x73\x20\x32\x30"
  "\x20\x61\x6e\x64\x20\x36\x34\x2d\x62\x69\x74\x20\x66\x6c\x61\x67\x20\x77\x6f\x72"
  "\x64\x73\x2e\x20\x20\x57\x69\x6e\x64\x6f\x77\x73\x3a\x20\x69\x74\x73\x20\x63\x6f"
  "\x6e\x73\x6f\x6c\x65\x0a\x20\x2a\x20\x41\x50\x49\x20\x69\x73\x20\x61\x20\x73\x65"
  "\x70\x61\x72\x61\x74\x65\x20\x63\x6f\x6c\x75\x6d\x6e\x20\x28\x70\x6c\x61\x6e\x73"
  "\x2f\x76\x30\x2e\x32\x2e\x78\x2e\x6d\x64\x20\x68\x61\x72\x6e\x65\x73\x73\x29\x2e"
  "\x20\x2a\x2f\x0a\x23\x69\x66\x6e\x64\x65\x66\x20\x5f\x55\x4e\x49\x53\x41\x5f\x54"
  "\x45\x52\x4d\x49\x4f\x53\x5f\x48\x0a\x23\x64\x65\x66\x69\x6e\x65\x20\x5f\x55\x4e"
  "\x49\x53\x41\x5f\x54\x45\x52\x4d\x49\x4f\x53\x5f\x48\x0a\x23\x69\x6e\x63\x6c\x75"
  "\x64\x65\x20\x3c\x65\x72\x72\x6e\x6f\x2e\x68\x3e\x0a\x23\x69\x66\x6e\x64\x65\x66"
  "\x20\x5f\x57\x49\x4e\x33\x32\x0a\x74\x79\x70\x65\x64\x65\x66\x20\x75\x6e\x73\x69"
  "\x67\x6e\x65\x64\x20\x63\x68\x61\x72\x20\x63\x63\x5f\x74\x3b\x0a\x23\x69\x66\x64"
  "\x65\x66\x20\x5f\x5f\x41\x50\x50\x4c\x45\x5f\x5f\x0a\x74\x79\x70\x65\x64\x65\x66"
  "\x20\x75\x6e\x73\x69\x67\x6e\x65\x64\x20\x6c\x6f\x6e\x67\x20\x74\x63\x66\x6c\x61"
  "\x67\x5f\x74\x3b\x0a\x74\x79\x70\x65\x64\x65\x66\x20\x75\x6e\x73\x69\x67\x6e\x65"
  "\x64\x20\x6c\x6f\x6e\x67\x20\x73\x70\x65\x65\x64\x5f\x74\x3b\x0a\x23\x64\x65\x66"
  "\x69\x6e\x65\x20\x4e\x43\x43\x53\x20\x32\x30\x0a\x73\x74\x72\x75\x63\x74\x20\x74"
  "\x65\x72\x6d\x69\x6f\x73\x20\x7b\x20\x74\x63\x66\x6c\x61\x67\x5f\x74\x20\x63\x5f"
  "\x69\x66\x6c\x61\x67\x2c\x20\x63\x5f\x6f\x66\x6c\x61\x67\x2c\x20\x63\x5f\x63\x66"
  "\x6c\x61\x67\x2c\x20\x63\x5f\x6c\x66\x6c\x61\x67\x3b\x20\x63\x63\x5f\x74\x20\x63"
  "\x5f\x63\x63\x5b\x4e\x43\x43\x53\x5d\x3b\x20\x73\x70\x65\x65\x64\x5f\x74\x20\x63"
  "\x5f\x69\x73\x70\x65\x65\x64\x2c\x20\x63\x5f\x6f\x73\x70\x65\x65\x64\x3b\x20\x7d"
  "\x3b\x0a\x23\x64\x65\x66\x69\x6e\x65\x20\x49\x47\x4e\x42\x52\x4b\x20\x30\x78\x31"
  "\x0a\x23\x64\x65\x66\x69\x6e\x65\x20\x42\x52\x4b\x49\x4e\x54\x20\x30\x78\x32\x0a"
  "\x23\x64\x65\x66\x69\x6e\x65\x20\x50\x41\x52\x4d\x52\x4b\x20\x30\x78\x38\x0a\x23"
  "\x64\x65\x66\x69\x6e\x65\x20\x49\x4e\x50\x43\x4b\x20\x20\x30\x78\x31\x30\x0a\x23"
  "\x64\x65\x66\x69\x6e\x65\x20\x49\x53\x54\x52\x49\x50\x20\x30\x78\x32\x30\x0a\x23"
  "\x64\x65\x66\x69\x6e\x65\x20\x49\x4e\x4c\x43\x52\x20\x20\x30\x78\x34\x30\x0a\x23"
  "\x64\x65\x66\x69\x6e\x65\x20\x49\x47\x4e\x43\x52\x20\x20\x30\x78\x38\x30\x0a\x23"
  "\x64\x65\x66\x69\x6e\x65\x20\x49\x43\x52\x4e\x4c\x20\x20\x30\x78\x31\x30\x30\x0a"
  "\x23\x64\x65\x66\x69\x6e\x65\x20\x49\x58\x4f\x4e\x20\x20\x20\x30\x78\x32\x30\x30"
  "\x0a\x23\x64\x65\x66\x69\x6e\x65\x20\x4f\x50\x4f\x53\x54\x20\x20\x30\x78\x31\x0a"
  "\x23\x64\x65\x66\x69\x6e\x65\x20\x43\x53\x49\x5a\x45\x20\x20\x30\x78\x33\x30\x30"
  "\x0a\x23\x64\x65\x66\x69\x6e\x65\x20\x43\x53\x38\x20\x20\x20\x20\x30\x78\x33\x30"
  "\x30\x0a\x23\x64\x65\x66\x69\x6e\x65\x20\x50\x41\x52\x45\x4e\x42\x20\x30\x78\x31"
  "\x30\x30\x30\x0a\x23\x64\x65\x66\x69\x6e\x65\x20\x45\x43\x48\x4f\x45\x20\x20\x30"
  "\x78\x32\x0a\x23\x64\x65\x66\x69\x6e\x65\x20\x45\x43\x48\x4f\x20\x20\x20\x30\x78"
  "\x38\x0a\x23\x64\x65\x66\x69\x6e\x65\x20\x45\x43\x48\x4f\x4e\x4c\x20\x30\x78\x31"
  "\x30\x0a\x23\x64\x65\x66\x69\x6e\x65\x20\x49\x53\x49\x47\x20\x20\x20\x30\x78\x38"
  "\x30\x0a\x23\x64\x65\x66\x69\x6e\x65\x20\x49\x43\x41\x4e\x4f\x4e\x20\x30\x78\x31"
  "\x30\x30\x0a\x23\x64\x65\x66\x69\x6e\x65\x20\x49\x45\x58\x54\x45\x4e\x20\x30\x78"
  "\x34\x30\x30\x0a\x23\x64\x65\x66\x69\x6e\x65\x20\x56\x45\x4f\x46\x20\x30\x0a\x23"
  "\x64\x65\x66\x69\x6e\x65\x20\x56\x49\x4e\x54\x52\x20\x38\x0a\x23\x64\x65\x66\x69"
  "\x6e\x65\x20\x56\x4d\x49\x4e\x20\x31\x36\x0a\x23\x64\x65\x66\x69\x6e\x65\x20\x56"
  "\x54\x49\x4d\x45\x20\x31\x37\x0a\x23\x64\x65\x66\x69\x6e\x65\x20\x5f\x55\x4e\x49"
  "\x53\x41\x5f\x54\x43\x47\x45\x54\x20\x30\x78\x34\x30\x34\x38\x37\x34\x31\x33\x0a"
  "\x23\x64\x65\x66\x69\x6e\x65\x20\x5f\x55\x4e\x49\x53\x41\x5f\x54\x43\x53\x45\x54"
  "\x20\x30\x78\x38\x30\x34\x38\x37\x34\x31\x34\x20\x20\x20\x20\x20\x20\x20\x20\x20"
  "\x20\x2f\x2a\x20\x2b\x20\x54\x43\x53\x41\x4e\x4f\x57\x2f\x54\x43\x53\x41\x44\x52"
  "\x41\x49\x4e\x2f\x54\x43\x53\x41\x46\x4c\x55\x53\x48\x20\x2a\x2f\x0a\x23\x65\x6c"
  "\x73\x65\x0a\x74\x79\x70\x65\x64\x65\x66\x20\x75\x6e\x73\x69\x67\x6e\x65\x64\x20"
  "\x69\x6e\x74\x20\x74\x63\x66\x6c\x61\x67\x5f\x74\x3b\x0a\x74\x79\x70\x65\x64\x65"
  "\x66\x20\x75\x6e\x73\x69\x67\x6e\x65\x64\x20\x69\x6e\x74\x20\x73\x70\x65\x65\x64"
  "\x5f\x74\x3b\x0a\x23\x64\x65\x66\x69\x6e\x65\x20\x4e\x43\x43\x53\x20\x31\x39\x0a"
  "\x73\x74\x72\x75\x63\x74\x20\x74\x65\x72\x6d\x69\x6f\x73\x20\x7b\x20\x74\x63\x66"
  "\x6c\x61\x67\x5f\x74\x20\x63\x5f\x69\x66\x6c\x61\x67\x2c\x20\x63\x5f\x6f\x66\x6c"
  "\x61\x67\x2c\x20\x63\x5f\x63\x66\x6c\x61\x67\x2c\x20\x63\x5f\x6c\x66\x6c\x61\x67"
  "\x3b\x20\x63\x63\x5f\x74\x20\x63\x5f\x6c\x69\x6e\x65\x3b\x20\x63\x63\x5f\x74\x20"
  "\x63\x5f\x63\x63\x5b\x4e\x43\x43\x53\x5d\x3b\x20\x7d\x3b\x0a\x23\x64\x65\x66\x69"
  "\x6e\x65\x20\x49\x47\x4e\x42\x52\x4b\x20\x30\x30\x30\x30\x30\x30\x31\x0a\x23\x64"
  "\x65\x66\x69\x6e\x65\x20\x42\x52\x4b\x49\x4e\x54\x20\x30\x30\x30\x30\x30\x30\x32"
  "\x0a\x23\x64\x65\x66\x69\x6e\x65\x20\x50\x41\x52\x4d\x52\x4b\x20\x30\x30\x30\x30"
  "\x30\x31\x30\x0a\x23\x64\x65\x66\x69\x6e\x65\x20\x49\x4e\x50\x43\x4b\x20\x20\x30"
  "\x30\x30\x30\x30\x32\x30\x0a\x23\x64\x65\x66\x69\x6e\x65\x20\x49\x53\x54\x52\x49"
  "\x50\x20\x30\x30\x30\x30\x30\x34\x30\x0a\x23\x64\x65\x66\x69\x6e\x65\x20\x49\x4e"
  "\x4c\x43\x52\x20\x20\x30\x30\x30\x30\x31\x30\x30\x0a\x23\x64\x65\x66\x69\x6e\x65"
  "\x20\x49\x47\x4e\x43\x52\x20\x20\x30\x30\x30\x30\x32\x30\x30\x0a\x23\x64\x65\x66"
  "\x69\x6e\x65\x20\x49\x43\x52\x4e\x4c\x20\x20\x30\x30\x30\x30\x34\x30\x30\x0a\x23"
  "\x64\x65\x66\x69\x6e\x65\x20\x49\x58\x4f\x4e\x20\x20\x20\x30\x30\x30\x32\x30\x30"
  "\x30\x0a\x23\x64\x65\x66\x69\x6e\x65\x20\x4f\x50\x4f\x53\x54\x20\x20\x30\x30\x30"
  "\x30\x30\x30\x31\x0a\x23\x64\x65\x66\x69\x6e\x65\x20\x43\x53\x49\x5a\x45\x20\x20"
  "\x30\x30\x30\x30\x30\x36\x30\x0a\x23\x64\x65\x66\x69\x6e\x65\x20\x43\x53\x38\x20"
  "\x20\x20\x20\x30\x30\x30\x30\x30\x36\x30\x0a\x23\x64\x65\x66\x69\x6e\x65\x20\x50"
  "\x41\x52\x45\x4e\x42\x20\x30\x30\x30\x30\x34\x30\x30\x0a\x23\x64\x65\x66\x69\x6e"
  "\x65\x20\x49\x53\x49\x47\x20\x20\x20\x30\x30\x30\x30\x30\x30\x31\x0a\x23\x64\x65"
  "\x66\x69\x6e\x65\x20\x49\x43\x41\x4e\x4f\x4e\x20\x30\x30\x30\x30\x30\x30\x32\x0a"
  "\x23\x64\x65\x66\x69\x6e\x65\x20\x45\x43\x48\x4f\x20\x20\x20\x30\x30\x30\x30\x30"
  "\x31\x30\x0a\x23\x64\x65\x66\x69\x6e\x65\x20\x45\x43\x48\x4f\x45\x20\x20\x30\x30"
  "\x30\x30\x30\x32\x30\x0a\x23\x64\x65\x66\x69\x6e\x65\x20\x45\x43\x48\x4f\x4e\x4c"
  "\x20\x30\x30\x30\x30\x31\x30\x30\x0a\x23\x64\x65\x66\x69\x6e\x65\x20\x49\x45\x58"
  "\x54\x45\x4e\x20\x30\x31\x30\x30\x30\x30\x30\x0a\x23\x64\x65\x66\x69\x6e\x65\x20"
  "\x56\x49\x4e\x54\x52\x20\x30\x0a\x23\x64\x65\x66\x69\x6e\x65\x20\x56\x45\x4f\x46"
  "\x20\x34\x0a\x23\x64\x65\x66\x69\x6e\x65\x20\x56\x54\x49\x4d\x45\x20\x35\x0a\x23"
  "\x64\x65\x66\x69\x6e\x65\x20\x56\x4d\x49\x4e\x20\x36\x0a\x23\x64\x65\x66\x69\x6e"
  "\x65\x20\x5f\x55\x4e\x49\x53\x41\x5f\x54\x43\x47\x45\x54\x20\x30\x78\x35\x34\x30"
  "\x31\x0a\x23\x64\x65\x66\x69\x6e\x65\x20\x5f\x55\x4e\x49\x53\x41\x5f\x54\x43\x53"
  "\x45\x54\x20\x30\x78\x35\x34\x30\x32\x20\x20\x20\x20\x20\x20\x20\x20\x20\x20\x20"
  "\x20\x20\x20\x2f\x2a\x20\x2b\x20\x54\x43\x53\x41\x4e\x4f\x57\x2f\x54\x43\x53\x41"
  "\x44\x52\x41\x49\x4e\x2f\x54\x43\x53\x41\x46\x4c\x55\x53\x48\x3a\x20\x54\x43\x53"
  "\x45\x54\x53\x2f\x54\x43\x53\x45\x54\x53\x57\x2f\x54\x43\x53\x45\x54\x53\x46\x20"
  "\x2a\x2f\x0a\x23\x65\x6e\x64\x69\x66\x0a\x23\x64\x65\x66\x69\x6e\x65\x20\x54\x43"
  "\x53\x41\x4e\x4f\x57\x20\x20\x20\x30\x0a\x23\x64\x65\x66\x69\x6e\x65\x20\x54\x43"
  "\x53\x41\x44\x52\x41\x49\x4e\x20\x31\x0a\x23\x64\x65\x66\x69\x6e\x65\x20\x54\x43"
  "\x53\x41\x46\x4c\x55\x53\x48\x20\x32\x0a\x23\x69\x66\x20\x21\x5f\x5f\x55\x4e\x49"
  "\x53\x41\x5f\x46\x54\x52\x49\x4d\x5f\x4c\x49\x42\x43\x20\x7c\x7c\x20\x5f\x5f\x55"
  "\x4e\x5f\x74\x63\x67\x65\x74\x61\x74\x74\x72\x0a\x73\x74\x61\x74\x69\x63\x20\x69"
  "\x6e\x74\x20\x74\x63\x67\x65\x74\x61\x74\x74\x72\x28\x69\x6e\x74\x20\x5f\x5f\x75"
  "\x5f\x66\x64\x2c\x20\x73\x74\x72\x75\x63\x74\x20\x74\x65\x72\x6d\x69\x6f\x73\x20"
  "\x2a\x5f\x5f\x75\x5f\x74\x29\x20\x7b\x0a\x20\x20\x20\x20\x6c\x6f\x6e\x67\x20\x5f"
  "\x5f\x75\x5f\x72\x3b\x20\x5f\x5f\x75\x5f\x72\x20\x3d\x20\x5f\x5f\x69\x6f\x63\x74"
  "\x6c\x28\x5f\x5f\x75\x5f\x66\x64\x2c\x20\x28\x6c\x6f\x6e\x67\x29\x5f\x55\x4e\x49"
  "\x53\x41\x5f\x54\x43\x47\x45\x54\x2c\x20\x28\x63\x68\x61\x72\x20\x2a\x29\x5f\x5f"
  "\x75\x5f\x74\x29\x3b\x0a\x20\x20\x20\x20\x69\x66\x20\x28\x5f\x5f\x75\x5f\x72\x20"
  "\x3c\x20\x30\x29\x20\x7b\x20\x65\x72\x72\x6e\x6f\x20\x3d\x20\x28\x69\x6e\x74\x29"
  "\x28\x30\x20\x2d\x20\x5f\x5f\x75\x5f\x72\x29\x3b\x20\x72\x65\x74\x75\x72\x6e\x20"
  "\x2d\x31\x3b\x20\x7d\x20\x72\x65\x74\x75\x72\x6e\x20\x30\x3b\x0a\x7d\x0a\x23\x65"
  "\x6e\x64\x69\x66\x0a\x23\x69\x66\x20\x21\x5f\x5f\x55\x4e\x49\x53\x41\x5f\x46\x54"
  "\x52\x49\x4d\x5f\x4c\x49\x42\x43\x20\x7c\x7c\x20\x5f\x5f\x55\x4e\x5f\x74\x63\x73"
  "\x65\x74\x61\x74\x74\x72\x0a\x73\x74\x61\x74\x69\x63\x20\x69\x6e\x74\x20\x74\x63"
  "\x73\x65\x74\x61\x74\x74\x72\x28\x69\x6e\x74\x20\x5f\x5f\x75\x5f\x66\x64\x2c\x20"
  "\x69\x6e\x74\x20\x5f\x5f\x75\x5f\x61\x63\x74\x2c\x20\x63\x6f\x6e\x73\x74\x20\x73"
  "\x74\x72\x75\x63\x74\x20\x74\x65\x72\x6d\x69\x6f\x73\x20\x2a\x5f\x5f\x75\x5f\x74"
  "\x29\x20\x7b\x0a\x20\x20\x20\x20\x6c\x6f\x6e\x67\x20\x5f\x5f\x75\x5f\x72\x3b\x0a"
  "\x20\x20\x20\x20\x69\x66\x20\x28\x5f\x5f\x75\x5f\x61\x63\x74\x20\x3c\x20\x30\x20"
  "\x7c\x7c\x20\x5f\x5f\x75\x5f\x61\x63\x74\x20\x3e\x20\x32\x29\x20\x7b\x20\x65\x72"
  "\x72\x6e\x6f\x20\x3d\x20\x45\x49\x4e\x56\x41\x4c\x3b\x20\x72\x65\x74\x75\x72\x6e"
  "\x20\x2d\x31\x3b\x20\x7d\x0a\x20\x20\x20\x20\x5f\x5f\x75\x5f\x72\x20\x3d\x20\x5f"
  "\x5f\x69\x6f\x63\x74\x6c\x28\x5f\x5f\x75\x5f\x66\x64\x2c\x20\x28\x6c\x6f\x6e\x67"
  "\x29\x5f\x55\x4e\x49\x53\x41\x5f\x54\x43\x53\x45\x54\x20\x2b\x20\x5f\x5f\x75\x5f"
  "\x61\x63\x74\x2c\x20\x28\x63\x68\x61\x72\x20\x2a\x29\x5f\x5f\x75\x5f\x74\x29\x3b"
  "\x0a\x20\x20\x20\x20\x69\x66\x20\x28\x5f\x5f\x75\x5f\x72\x20\x3c\x20\x30\x29\x20"
  "\x7b\x20\x65\x72\x72\x6e\x6f\x20\x3d\x20\x28\x69\x6e\x74\x29\x28\x30\x20\x2d\x20"
  "\x5f\x5f\x75\x5f\x72\x29\x3b\x20\x72\x65\x74\x75\x72\x6e\x20\x2d\x31\x3b\x20\x7d"
  "\x20\x72\x65\x74\x75\x72\x6e\x20\x30\x3b\x0a\x7d\x0a\x23\x65\x6e\x64\x69\x66\x0a"
  "\x23\x69\x66\x20\x21\x5f\x5f\x55\x4e\x49\x53\x41\x5f\x46\x54\x52\x49\x4d\x5f\x4c"
  "\x49\x42\x43\x20\x7c\x7c\x20\x5f\x5f\x55\x4e\x5f\x63\x66\x6d\x61\x6b\x65\x72\x61"
  "\x77\x0a\x73\x74\x61\x74\x69\x63\x20\x76\x6f\x69\x64\x20\x63\x66\x6d\x61\x6b\x65"
  "\x72\x61\x77\x28\x73\x74\x72\x75\x63\x74\x20\x74\x65\x72\x6d\x69\x6f\x73\x20\x2a"
  "\x5f\x5f\x75\x5f\x74\x29\x20\x7b\x20\x20\x20\x2f\x2a\x20\x77\x68\x61\x74\x20\x65"
  "\x61\x63\x68\x20\x68\x6f\x73\x74\x27\x73\x20\x6c\x69\x62\x63\x20\x64\x6f\x65\x73"
  "\x2c\x20\x62\x69\x74\x20\x66\x6f\x72\x20\x62\x69\x74\x20\x2a\x2f\x0a\x23\x69\x66"
  "\x64\x65\x66\x20\x5f\x5f\x41\x50\x50\x4c\x45\x5f\x5f\x0a\x20\x20\x20\x20\x5f\x5f"
  "\x75\x5f\x74\x2d\x3e\x63\x5f\x69\x66\x6c\x61\x67\x20\x26\x3d\x20\x7e\x28\x74\x63"
  "\x66\x6c\x61\x67\x5f\x74\x29\x28\x30\x78\x32\x30\x30\x30\x20\x7c\x20\x30\x78\x34"
  "\x30\x30\x20\x7c\x20\x49\x4e\x50\x43\x4b\x20\x7c\x20\x42\x52\x4b\x49\x4e\x54\x20"
  "\x7c\x20\x50\x41\x52\x4d\x52\x4b\x20\x7c\x20\x49\x53\x54\x52\x49\x50\x20\x7c\x20"
  "\x49\x4e\x4c\x43\x52\x20\x7c\x20\x49\x47\x4e\x43\x52\x20\x7c\x20\x49\x43\x52\x4e"
  "\x4c\x20\x7c\x20\x49\x58\x4f\x4e\x20\x7c\x20\x30\x78\x34\x29\x3b\x20\x20\x20\x2f"
  "\x2a\x20\x49\x4d\x41\x58\x42\x45\x4c\x20\x49\x58\x4f\x46\x46\x20\x49\x47\x4e\x50"
  "\x41\x52\x20\x2a\x2f\x0a\x20\x20\x20\x20\x5f\x5f\x75\x5f\x74\x2d\x3e\x63\x5f\x69"
  "\x66\x6c\x61\x67\x20\x7c\x3d\x20\x49\x47\x4e\x42\x52\x4b\x3b\x0a\x20\x20\x20\x20"
  "\x5f\x5f\x75\x5f\x74\x2d\x3e\x63\x5f\x6f\x66\x6c\x61\x67\x20\x26\x3d\x20\x7e\x28"
  "\x74\x63\x66\x6c\x61\x67\x5f\x74\x29\x4f\x50\x4f\x53\x54\x3b\x0a\x20\x20\x20\x20"
  "\x5f\x5f\x75\x5f\x74\x2d\x3e\x63\x5f\x6c\x66\x6c\x61\x67\x20\x26\x3d\x20\x7e\x28"
  "\x74\x63\x66\x6c\x61\x67\x5f\x74\x29\x28\x45\x43\x48\x4f\x20\x7c\x20\x45\x43\x48"
  "\x4f\x45\x20\x7c\x20\x30\x78\x34\x20\x7c\x20\x45\x43\x48\x4f\x4e\x4c\x20\x7c\x20"
  "\x49\x43\x41\x4e\x4f\x4e\x20\x7c\x20\x49\x53\x49\x47\x20\x7c\x20\x49\x45\x58\x54"
  "\x45\x4e\x20\x7c\x20\x30\x78\x38\x30\x30\x30\x30\x30\x30\x30\x55\x4c\x20\x7c\x20"
  "\x30\x78\x34\x30\x30\x30\x30\x30\x20\x7c\x20\x30\x78\x32\x30\x30\x30\x30\x30\x30"
  "\x30\x29\x3b\x20\x20\x20\x2f\x2a\x20\x45\x43\x48\x4f\x4b\x20\x4e\x4f\x46\x4c\x53"
  "\x48\x20\x54\x4f\x53\x54\x4f\x50\x20\x50\x45\x4e\x44\x49\x4e\x20\x2a\x2f\x0a\x20"
  "\x20\x20\x20\x5f\x5f\x75\x5f\x74\x2d\x3e\x63\x5f\x63\x66\x6c\x61\x67\x20\x26\x3d"
  "\x20\x7e\x28\x74\x63\x66\x6c\x61\x67\x5f\x74\x29\x28\x43\x53\x49\x5a\x45\x20\x7c"
  "\x20\x50\x41\x52\x45\x4e\x42\x29\x3b\x0a\x20\x20\x20\x20\x5f\x5f\x75\x5f\x74\x2d"
  "\x3e\x63\x5f\x63\x66\x6c\x61\x67\x20\x7c\x3d\x20\x43\x53\x38\x20\x7c\x20\x30\x78"
  "\x38\x30\x30\x3b\x20\x20\x20\x20\x20\x20\x20\x20\x20\x20\x20\x20\x20\x20\x20\x20"
  "\x20\x20\x20\x20\x20\x20\x20\x20\x20\x20\x20\x20\x20\x20\x20\x20\x20\x20\x20\x20"
  "\x20\x20\x20\x20\x20\x20\x20\x20\x20\x20\x20\x20\x20\x20\x20\x20\x20\x20\x20\x20"
  "\x20\x20\x20\x20\x20\x20\x20\x20\x20\x2f\x2a\x20\x43\x52\x45\x41\x44\x20\x2a\x2f"
  "\x0a\x23\x65\x6c\x73\x65\x0a\x20\x20\x20\x20\x5f\x5f\x75\x5f\x74\x2d\x3e\x63\x5f"
  "\x69\x66\x6c\x61\x67\x20\x26\x3d\x20\x7e\x28\x74\x63\x66\x6c\x61\x67\x5f\x74\x29"
  "\x28\x49\x47\x4e\x42\x52\x4b\x20\x7c\x20\x42\x52\x4b\x49\x4e\x54\x20\x7c\x20\x50"
  "\x41\x52\x4d\x52\x4b\x20\x7c\x20\x49\x53\x54\x52\x49\x50\x20\x7c\x20\x49\x4e\x4c"
  "\x43\x52\x20\x7c\x20\x49\x47\x4e\x43\x52\x20\x7c\x20\x49\x43\x52\x4e\x4c\x20\x7c"
  "\x20\x49\x58\x4f\x4e\x29\x3b\x0a\x20\x20\x20\x20\x5f\x5f\x75\x5f\x74\x2d\x3e\x63"
  "\x5f\x6f\x66\x6c\x61\x67\x20\x26\x3d\x20\x7e\x28\x74\x63\x66\x6c\x61\x67\x5f\x74"
  "\x29\x4f\x50\x4f\x53\x54\x3b\x0a\x20\x20\x20\x20\x5f\x5f\x75\x5f\x74\x2d\x3e\x63"
  "\x5f\x6c\x66\x6c\x61\x67\x20\x26\x3d\x20\x7e\x28\x74\x63\x66\x6c\x61\x67\x5f\x74"
  "\x29\x28\x45\x43\x48\x4f\x20\x7c\x20\x45\x43\x48\x4f\x4e\x4c\x20\x7c\x20\x49\x43"
  "\x41\x4e\x4f\x4e\x20\x7c\x20\x49\x53\x49\x47\x20\x7c\x20\x49\x45\x58\x54\x45\x4e"
  "\x29\x3b\x0a\x20\x20\x20\x20\x5f\x5f\x75\x5f\x74\x2d\x3e\x63\x5f\x63\x66\x6c\x61"
  "\x67\x20\x26\x3d\x20\x7e\x28\x74\x63\x66\x6c\x61\x67\x5f\x74\x29\x28\x43\x53\x49"
  "\x5a\x45\x20\x7c\x20\x50\x41\x52\x45\x4e\x42\x29\x3b\x0a\x20\x20\x20\x20\x5f\x5f"
  "\x75\x5f\x74\x2d\x3e\x63\x5f\x63\x66\x6c\x61\x67\x20\x7c\x3d\x20\x43\x53\x38\x3b"
  "\x0a\x23\x65\x6e\x64\x69\x66\x0a\x20\x20\x20\x20\x5f\x5f\x75\x5f\x74\x2d\x3e\x63"
  "\x5f\x63\x63\x5b\x56\x4d\x49\x4e\x5d\x20\x3d\x20\x31\x3b\x20\x5f\x5f\x75\x5f\x74"
  "\x2d\x3e\x63\x5f\x63\x63\x5b\x56\x54\x49\x4d\x45\x5d\x20\x3d\x20\x30\x3b\x0a\x7d"
  "\x0a\x23\x65\x6e\x64\x69\x66\x0a\x23\x65\x6e\x64\x69\x66\x0a\x23\x65\x6e\x64\x69"
  "\x66\x0a";

/* HDR_26: include/time.h, verbatim */
char *HDR_26 =
  "\x2f\x2a\x20\x3c\x74\x69\x6d\x65\x2e\x68\x3e\x20\x66\x6f\x72\x20\x74\x68\x65\x20"
  "\x75\x6e\x69\x73\x61\x20\x43\x20\x73\x75\x62\x73\x65\x74\x3a\x20\x74\x68\x65\x20"
  "\x74\x79\x70\x65\x73\x20\x61\x6e\x64\x20\x74\x68\x65\x20\x61\x72\x69\x74\x68\x6d"
  "\x65\x74\x69\x63\x2c\x20\x6e\x6f\x74\x20\x74\x68\x65\x0a\x20\x2a\x20\x63\x6c\x6f"
  "\x63\x6b\x2e\x20\x20\x60\x74\x69\x6d\x65\x60\x20\x61\x6e\x64\x20\x60\x63\x6c\x6f"
  "\x63\x6b\x60\x20\x6e\x65\x65\x64\x20\x61\x20\x73\x79\x73\x74\x65\x6d\x20\x63\x61"
  "\x6c\x6c\x20\x74\x68\x65\x20\x63\x61\x74\x61\x6c\x6f\x67\x20\x64\x6f\x65\x73\x20"
  "\x6e\x6f\x74\x20\x63\x61\x72\x72\x79\x0a\x20\x2a\x20\x6f\x6e\x20\x65\x76\x65\x72"
  "\x79\x20\x74\x61\x72\x67\x65\x74\x20\x28\x6d\x61\x63\x4f\x53\x20\x68\x61\x73\x20"
  "\x6e\x6f\x20\x63\x6c\x6f\x63\x6b\x5f\x67\x65\x74\x74\x69\x6d\x65\x20\x73\x79\x73"
  "\x63\x61\x6c\x6c\x20\x2d\x2d\x20\x74\x68\x65\x20\x61\x62\x69\x20\x61\x75\x64\x69"
  "\x74\x0a\x20\x2a\x20\x5b\x41\x2d\x35\x31\x5d\x20\x66\x6f\x75\x6e\x64\x20\x74\x68"
  "\x65\x20\x6e\x75\x6d\x62\x65\x72\x20\x74\x68\x61\x74\x20\x75\x73\x65\x64\x20\x74"
  "\x6f\x20\x73\x74\x61\x6e\x64\x20\x69\x6e\x20\x66\x6f\x72\x20\x69\x74\x29\x2c\x20"
  "\x73\x6f\x20\x74\x68\x65\x79\x20\x61\x72\x65\x20\x6e\x6f\x74\x0a\x20\x2a\x20\x64"
  "\x65\x63\x6c\x61\x72\x65\x64\x20\x68\x65\x72\x65\x3a\x20\x61\x20\x70\x72\x6f\x67"
  "\x72\x61\x6d\x20\x74\x68\x61\x74\x20\x63\x61\x6c\x6c\x73\x20\x74\x68\x65\x6d\x20"
  "\x69\x73\x20\x72\x65\x66\x75\x73\x65\x64\x20\x61\x74\x20\x63\x6f\x6d\x70\x69\x6c"
  "\x65\x20\x74\x69\x6d\x65\x0a\x20\x2a\x20\x72\x61\x74\x68\x65\x72\x20\x74\x68\x61"
  "\x6e\x20\x68\x61\x6e\x64\x65\x64\x20\x61\x20\x6d\x61\x64\x65\x2d\x75\x70\x20\x74"
  "\x69\x6d\x65\x2e\x20\x2a\x2f\x0a\x23\x69\x66\x6e\x64\x65\x66\x20\x5f\x55\x4e\x49"
  "\x53\x41\x5f\x54\x49\x4d\x45\x5f\x48\x0a\x23\x64\x65\x66\x69\x6e\x65\x20\x5f\x55"
  "\x4e\x49\x53\x41\x5f\x54\x49\x4d\x45\x5f\x48\x0a\x23\x69\x6e\x63\x6c\x75\x64\x65"
  "\x20\x3c\x73\x74\x64\x64\x65\x66\x2e\x68\x3e\x0a\x23\x64\x65\x66\x69\x6e\x65\x20"
  "\x4e\x55\x4c\x4c\x20\x30\x0a\x23\x64\x65\x66\x69\x6e\x65\x20\x43\x4c\x4f\x43\x4b"
  "\x53\x5f\x50\x45\x52\x5f\x53\x45\x43\x20\x31\x30\x30\x30\x30\x30\x30\x0a\x23\x69"
  "\x66\x6e\x64\x65\x66\x20\x5f\x55\x4e\x49\x53\x41\x5f\x54\x49\x4d\x45\x5f\x54\x0a"
  "\x23\x64\x65\x66\x69\x6e\x65\x20\x5f\x55\x4e\x49\x53\x41\x5f\x54\x49\x4d\x45\x5f"
  "\x54\x0a\x74\x79\x70\x65\x64\x65\x66\x20\x6c\x6f\x6e\x67\x20\x74\x69\x6d\x65\x5f"
  "\x74\x3b\x0a\x23\x65\x6e\x64\x69\x66\x0a\x74\x79\x70\x65\x64\x65\x66\x20\x6c\x6f"
  "\x6e\x67\x20\x63\x6c\x6f\x63\x6b\x5f\x74\x3b\x0a\x73\x74\x72\x75\x63\x74\x20\x74"
  "\x6d\x20\x7b\x0a\x20\x20\x20\x20\x69\x6e\x74\x20\x74\x6d\x5f\x73\x65\x63\x3b\x20"
  "\x69\x6e\x74\x20\x74\x6d\x5f\x6d\x69\x6e\x3b\x20\x69\x6e\x74\x20\x74\x6d\x5f\x68"
  "\x6f\x75\x72\x3b\x20\x69\x6e\x74\x20\x74\x6d\x5f\x6d\x64\x61\x79\x3b\x20\x69\x6e"
  "\x74\x20\x74\x6d\x5f\x6d\x6f\x6e\x3b\x0a\x20\x20\x20\x20\x69\x6e\x74\x20\x74\x6d"
  "\x5f\x79\x65\x61\x72\x3b\x20\x69\x6e\x74\x20\x74\x6d\x5f\x77\x64\x61\x79\x3b\x20"
  "\x69\x6e\x74\x20\x74\x6d\x5f\x79\x64\x61\x79\x3b\x20\x69\x6e\x74\x20\x74\x6d\x5f"
  "\x69\x73\x64\x73\x74\x3b\x0a\x7d\x3b\x0a\x2f\x2a\x20\x74\x69\x6d\x65\x20\x28\x30"
  "\x2e\x30\x2e\x31\x38\x20\x52\x31\x38\x2d\x35\x29\x3a\x20\x73\x65\x63\x6f\x6e\x64"
  "\x73\x20\x66\x72\x6f\x6d\x20\x67\x65\x74\x74\x69\x6d\x65\x6f\x66\x64\x61\x79\x20"
  "\x6f\x6e\x20\x4c\x69\x6e\x75\x78\x20\x61\x6e\x64\x20\x6d\x61\x63\x4f\x53\x20\x28"
  "\x74\x68\x65\x0a\x20\x20\x20\x63\x6c\x6f\x63\x6b\x20\x6e\x6f\x74\x65\x20\x61\x62"
  "\x6f\x76\x65\x20\x73\x74\x69\x6c\x6c\x20\x68\x6f\x6c\x64\x73\x20\x66\x6f\x72\x20"
  "\x63\x6c\x6f\x63\x6b\x3b\x20\x57\x69\x6e\x64\x6f\x77\x73\x20\x68\x61\x73\x20\x6e"
  "\x6f\x20\x74\x69\x6d\x65\x20\x79\x65\x74\x29\x20\x2a\x2f\x0a\x23\x69\x66\x20\x21"
  "\x64\x65\x66\x69\x6e\x65\x64\x28\x5f\x57\x49\x4e\x33\x32\x29\x20\x26\x26\x20\x28"
  "\x21\x5f\x5f\x55\x4e\x49\x53\x41\x5f\x46\x54\x52\x49\x4d\x5f\x4c\x49\x42\x43\x20"
  "\x7c\x7c\x20\x5f\x5f\x55\x4e\x5f\x74\x69\x6d\x65\x29\x0a\x73\x74\x61\x74\x69\x63"
  "\x20\x74\x69\x6d\x65\x5f\x74\x20\x74\x69\x6d\x65\x28\x74\x69\x6d\x65\x5f\x74\x20"
  "\x2a\x5f\x5f\x75\x5f\x74\x29\x20\x7b\x0a\x20\x20\x20\x20\x6c\x6f\x6e\x67\x20\x5f"
  "\x5f\x75\x5f\x74\x76\x5b\x32\x5d\x3b\x20\x6c\x6f\x6e\x67\x20\x5f\x5f\x75\x5f\x72"
  "\x3b\x0a\x20\x20\x20\x20\x5f\x5f\x75\x5f\x74\x76\x5b\x30\x5d\x20\x3d\x20\x30\x3b"
  "\x20\x5f\x5f\x75\x5f\x74\x76\x5b\x31\x5d\x20\x3d\x20\x30\x3b\x0a\x20\x20\x20\x20"
  "\x5f\x5f\x75\x5f\x72\x20\x3d\x20\x5f\x5f\x67\x65\x74\x74\x69\x6d\x65\x6f\x66\x64"
  "\x61\x79\x28\x28\x63\x68\x61\x72\x20\x2a\x29\x5f\x5f\x75\x5f\x74\x76\x2c\x20\x30"
  "\x2c\x20\x30\x29\x3b\x0a\x20\x20\x20\x20\x69\x66\x20\x28\x5f\x5f\x75\x5f\x72\x20"
  "\x3c\x20\x30\x29\x20\x72\x65\x74\x75\x72\x6e\x20\x28\x74\x69\x6d\x65\x5f\x74\x29"
  "\x28\x30\x20\x2d\x20\x31\x29\x3b\x0a\x20\x20\x20\x20\x69\x66\x20\x28\x5f\x5f\x75"
  "\x5f\x74\x29\x20\x2a\x5f\x5f\x75\x5f\x74\x20\x3d\x20\x5f\x5f\x75\x5f\x74\x76\x5b"
  "\x30\x5d\x3b\x0a\x20\x20\x20\x20\x72\x65\x74\x75\x72\x6e\x20\x5f\x5f\x75\x5f\x74"
  "\x76\x5b\x30\x5d\x3b\x0a\x7d\x0a\x23\x65\x6e\x64\x69\x66\x0a\x23\x69\x66\x20\x21"
  "\x5f\x5f\x55\x4e\x49\x53\x41\x5f\x46\x54\x52\x49\x4d\x5f\x4c\x49\x42\x43\x20\x7c"
  "\x7c\x20\x5f\x5f\x55\x4e\x5f\x64\x69\x66\x66\x74\x69\x6d\x65\x0a\x73\x74\x61\x74"
  "\x69\x63\x20\x64\x6f\x75\x62\x6c\x65\x20\x64\x69\x66\x66\x74\x69\x6d\x65\x28\x74"
  "\x69\x6d\x65\x5f\x74\x20\x5f\x5f\x75\x5f\x61\x2c\x20\x74\x69\x6d\x65\x5f\x74\x20"
  "\x5f\x5f\x75\x5f\x62\x29\x20\x7b\x20\x72\x65\x74\x75\x72\x6e\x20\x28\x64\x6f\x75"
  "\x62\x6c\x65\x29\x28\x5f\x5f\x75\x5f\x61\x20\x2d\x20\x5f\x5f\x75\x5f\x62\x29\x3b"
  "\x20\x7d\x0a\x23\x65\x6e\x64\x69\x66\x0a\x23\x65\x6e\x64\x69\x66\x0a";

/* HDR_27: include/unisacc_ffi.h, verbatim */
char *HDR_27 =
  "\x2f\x2a\x20\x6d\x61\x63\x4f\x53\x20\x73\x79\x73\x74\x65\x6d\x20\x41\x42\x49\x20"
  "\x63\x61\x6c\x6c\x73\x20\x74\x68\x72\x6f\x75\x67\x68\x20\x74\x68\x65\x20\x75\x6e"
  "\x69\x73\x61\x63\x63\x20\x6e\x61\x74\x69\x76\x65\x20\x62\x6f\x6f\x74\x73\x74\x72"
  "\x61\x70\x20\x62\x72\x69\x64\x67\x65\x2e\x0a\x20\x2a\x20\x4e\x6f\x20\x46\x49\x4c"
  "\x45\x20\x6f\x72\x20\x76\x61\x5f\x6c\x69\x73\x74\x20\x66\x72\x6f\x6d\x20\x74\x68"
  "\x65\x20\x62\x75\x6e\x64\x6c\x65\x64\x20\x6c\x69\x62\x72\x61\x72\x79\x20\x63\x72"
  "\x6f\x73\x73\x65\x73\x20\x74\x68\x69\x73\x20\x69\x6e\x74\x65\x72\x66\x61\x63\x65"
  "\x2e\x0a\x20\x2a\x20\x41\x72\x67\x75\x6d\x65\x6e\x74\x20\x76\x61\x6c\x75\x65\x73"
  "\x20\x61\x72\x65\x20\x61\x64\x64\x72\x65\x73\x73\x65\x73\x20\x6f\x66\x20\x6f\x62"
  "\x6a\x65\x63\x74\x73\x20\x69\x6e\x20\x74\x68\x65\x20\x64\x65\x63\x6c\x61\x72\x65"
  "\x64\x20\x6e\x61\x74\x69\x76\x65\x20\x74\x79\x70\x65\x3b\x0a\x20\x2a\x20\x76\x61"
  "\x72\x69\x61\x64\x69\x63\x20\x63\x61\x6c\x6c\x65\x72\x73\x20\x73\x75\x70\x70\x6c"
  "\x79\x20\x43\x20\x64\x65\x66\x61\x75\x6c\x74\x20\x70\x72\x6f\x6d\x6f\x74\x69\x6f"
  "\x6e\x73\x20\x28\x69\x6e\x74\x20\x61\x6e\x64\x20\x64\x6f\x75\x62\x6c\x65\x29\x2e"
  "\x0a\x20\x2a\x20\x66\x66\x69\x5f\x74\x79\x70\x65\x20\x6f\x62\x6a\x65\x63\x74\x73"
  "\x20\x61\x6e\x64\x20\x63\x61\x6c\x6c\x20\x69\x6d\x70\x6c\x65\x6d\x65\x6e\x74\x61"
  "\x74\x69\x6f\x6e\x73\x20\x63\x6f\x6d\x65\x20\x66\x72\x6f\x6d\x20\x74\x68\x65\x20"
  "\x68\x6f\x73\x74\x20\x6c\x69\x62\x66\x66\x69\x2e\x0a\x20\x2a\x20\x54\x68\x69\x73"
  "\x20\x68\x65\x61\x64\x65\x72\x20\x61\x6c\x6c\x6f\x63\x61\x74\x65\x73\x20\x6e\x6f"
  "\x20\x6d\x65\x6d\x6f\x72\x79\x20\x61\x6e\x64\x20\x6f\x77\x6e\x73\x20\x6e\x6f\x20"
  "\x68\x6f\x73\x74\x20\x70\x6f\x69\x6e\x74\x65\x72\x73\x20\x72\x65\x74\x75\x72\x6e"
  "\x65\x64\x20\x62\x79\x20\x63\x61\x6c\x6c\x73\x2e\x0a\x20\x2a\x2f\x0a\x23\x69\x66"
  "\x6e\x64\x65\x66\x20\x5f\x55\x4e\x49\x53\x41\x43\x43\x5f\x46\x46\x49\x5f\x48\x0a"
  "\x23\x64\x65\x66\x69\x6e\x65\x20\x5f\x55\x4e\x49\x53\x41\x43\x43\x5f\x46\x46\x49"
  "\x5f\x48\x0a\x23\x69\x66\x6e\x64\x65\x66\x20\x5f\x5f\x41\x50\x50\x4c\x45\x5f\x5f"
  "\x0a\x23\x65\x72\x72\x6f\x72\x20\x75\x6e\x69\x73\x61\x63\x63\x5f\x66\x66\x69\x20"
  "\x63\x75\x72\x72\x65\x6e\x74\x6c\x79\x20\x72\x65\x71\x75\x69\x72\x65\x73\x20\x6d"
  "\x61\x63\x4f\x53\x0a\x23\x65\x6e\x64\x69\x66\x0a\x23\x69\x66\x20\x64\x65\x66\x69"
  "\x6e\x65\x64\x28\x5f\x5f\x61\x61\x72\x63\x68\x36\x34\x5f\x5f\x29\x20\x7c\x7c\x20"
  "\x64\x65\x66\x69\x6e\x65\x64\x28\x5f\x5f\x61\x72\x6d\x36\x34\x5f\x5f\x29\x0a\x23"
  "\x64\x65\x66\x69\x6e\x65\x20\x55\x46\x46\x49\x5f\x41\x42\x49\x20\x31\x0a\x23\x64"
  "\x65\x66\x69\x6e\x65\x20\x55\x46\x46\x49\x5f\x43\x49\x46\x5f\x53\x49\x5a\x45\x20"
  "\x34\x30\x0a\x23\x65\x6c\x73\x65\x0a\x23\x69\x66\x64\x65\x66\x20\x5f\x5f\x78\x38"
  "\x36\x5f\x36\x34\x5f\x5f\x0a\x23\x64\x65\x66\x69\x6e\x65\x20\x55\x46\x46\x49\x5f"
  "\x41\x42\x49\x20\x32\x0a\x23\x64\x65\x66\x69\x6e\x65\x20\x55\x46\x46\x49\x5f\x43"
  "\x49\x46\x5f\x53\x49\x5a\x45\x20\x33\x32\x0a\x23\x65\x6c\x73\x65\x0a\x23\x65\x72"
  "\x72\x6f\x72\x20\x75\x6e\x69\x73\x61\x63\x63\x5f\x66\x66\x69\x20\x72\x65\x71\x75"
  "\x69\x72\x65\x73\x20\x61\x72\x6d\x36\x34\x20\x6f\x72\x20\x78\x38\x36\x5f\x36\x34"
  "\x0a\x23\x65\x6e\x64\x69\x66\x0a\x23\x65\x6e\x64\x69\x66\x0a\x23\x64\x65\x66\x69"
  "\x6e\x65\x20\x55\x46\x46\x49\x5f\x56\x4f\x49\x44\x20\x30\x0a\x23\x64\x65\x66\x69"
  "\x6e\x65\x20\x55\x46\x46\x49\x5f\x49\x4e\x54\x20\x31\x0a\x23\x64\x65\x66\x69\x6e"
  "\x65\x20\x55\x46\x46\x49\x5f\x55\x49\x4e\x54\x20\x32\x0a\x23\x64\x65\x66\x69\x6e"
  "\x65\x20\x55\x46\x46\x49\x5f\x4c\x4f\x4e\x47\x20\x33\x0a\x23\x64\x65\x66\x69\x6e"
  "\x65\x20\x55\x46\x46\x49\x5f\x55\x4c\x4f\x4e\x47\x20\x34\x0a\x23\x64\x65\x66\x69"
  "\x6e\x65\x20\x55\x46\x46\x49\x5f\x50\x4f\x49\x4e\x54\x45\x52\x20\x35\x0a\x23\x64"
  "\x65\x66\x69\x6e\x65\x20\x55\x46\x46\x49\x5f\x44\x4f\x55\x42\x4c\x45\x20\x36\x0a"
  "\x23\x64\x65\x66\x69\x6e\x65\x20\x55\x46\x46\x49\x5f\x46\x4c\x4f\x41\x54\x20\x37"
  "\x0a\x23\x64\x65\x66\x69\x6e\x65\x20\x55\x46\x46\x49\x5f\x53\x49\x4e\x54\x38\x20"
  "\x38\x0a\x23\x64\x65\x66\x69\x6e\x65\x20\x55\x46\x46\x49\x5f\x55\x49\x4e\x54\x38"
  "\x20\x39\x0a\x23\x64\x65\x66\x69\x6e\x65\x20\x55\x46\x46\x49\x5f\x53\x49\x4e\x54"
  "\x31\x36\x20\x31\x30\x0a\x23\x64\x65\x66\x69\x6e\x65\x20\x55\x46\x46\x49\x5f\x55"
  "\x49\x4e\x54\x31\x36\x20\x31\x31\x0a\x23\x64\x65\x66\x69\x6e\x65\x20\x55\x46\x46"
  "\x49\x5f\x4d\x41\x58\x5f\x41\x52\x47\x53\x20\x33\x32\x0a\x2f\x2a\x20\x4c\x61\x79"
  "\x6f\x75\x74\x20\x66\x72\x6f\x6d\x20\x41\x70\x70\x6c\x65\x27\x73\x20\x53\x44\x4b"
  "\x20\x66\x66\x69\x2f\x66\x66\x69\x2e\x68\x20\x61\x6e\x64\x20\x66\x66\x69\x74\x61"
  "\x72\x67\x65\x74\x5f\x7b\x61\x72\x6d\x36\x34\x2c\x78\x38\x36\x7d\x2e\x68\x2e\x0a"
  "\x20\x2a\x20\x4e\x61\x74\x69\x76\x65\x20\x75\x6e\x73\x69\x67\x6e\x65\x64\x20\x66"
  "\x69\x65\x6c\x64\x73\x20\x68\x61\x76\x65\x20\x74\x68\x65\x20\x73\x61\x6d\x65\x20"
  "\x72\x65\x70\x72\x65\x73\x65\x6e\x74\x61\x74\x69\x6f\x6e\x20\x61\x73\x20\x74\x68"
  "\x65\x73\x65\x20\x69\x6e\x74\x20\x66\x69\x65\x6c\x64\x73\x2e\x0a\x20\x2a\x2f\x0a"
  "\x73\x74\x72\x75\x63\x74\x20\x75\x66\x66\x69\x5f\x63\x69\x66\x20\x7b\x0a\x20\x20"
  "\x20\x20\x69\x6e\x74\x20\x5f\x5f\x75\x5f\x61\x62\x69\x3b\x0a\x20\x20\x20\x20\x69"
  "\x6e\x74\x20\x5f\x5f\x75\x5f\x6e\x61\x72\x67\x73\x3b\x0a\x20\x20\x20\x20\x76\x6f"
  "\x69\x64\x20\x2a\x2a\x5f\x5f\x75\x5f\x61\x72\x67\x5f\x74\x79\x70\x65\x73\x3b\x0a"
  "\x20\x20\x20\x20\x76\x6f\x69\x64\x20\x2a\x5f\x5f\x75\x5f\x72\x74\x79\x70\x65\x3b"
  "\x0a\x20\x20\x20\x20\x69\x6e\x74\x20\x5f\x5f\x75\x5f\x62\x79\x74\x65\x73\x3b\x0a"
  "\x20\x20\x20\x20\x69\x6e\x74\x20\x5f\x5f\x75\x5f\x66\x6c\x61\x67\x73\x3b\x0a\x23"
  "\x69\x66\x20\x64\x65\x66\x69\x6e\x65\x64\x28\x5f\x5f\x61\x61\x72\x63\x68\x36\x34"
  "\x5f\x5f\x29\x20\x7c\x7c\x20\x64\x65\x66\x69\x6e\x65\x64\x28\x5f\x5f\x61\x72\x6d"
  "\x36\x34\x5f\x5f\x29\x0a\x20\x20\x20\x20\x69\x6e\x74\x20\x5f\x5f\x75\x5f\x61\x61"
  "\x72\x63\x68\x36\x34\x5f\x6e\x66\x69\x78\x65\x64\x61\x72\x67\x73\x3b\x0a\x23\x65"
  "\x6e\x64\x69\x66\x0a\x7d\x3b\x0a\x73\x74\x61\x74\x69\x63\x20\x76\x6f\x69\x64\x20"
  "\x2a\x5f\x5f\x75\x66\x66\x69\x5f\x68\x61\x6e\x64\x6c\x65\x3b\x0a\x73\x74\x61\x74"
  "\x69\x63\x20\x76\x6f\x69\x64\x20\x2a\x5f\x5f\x75\x66\x66\x69\x5f\x70\x72\x65\x70"
  "\x3b\x0a\x73\x74\x61\x74\x69\x63\x20\x76\x6f\x69\x64\x20\x2a\x5f\x5f\x75\x66\x66"
  "\x69\x5f\x70\x72\x65\x70\x5f\x76\x61\x72\x3b\x0a\x73\x74\x61\x74\x69\x63\x20\x76"
  "\x6f\x69\x64\x20\x2a\x5f\x5f\x75\x66\x66\x69\x5f\x63\x61\x6c\x6c\x3b\x0a\x73\x74"
  "\x61\x74\x69\x63\x20\x76\x6f\x69\x64\x20\x2a\x5f\x5f\x75\x66\x66\x69\x5f\x74\x79"
  "\x70\x65\x73\x5b\x31\x32\x5d\x3b\x0a\x73\x74\x61\x74\x69\x63\x20\x69\x6e\x74\x20"
  "\x5f\x5f\x75\x66\x66\x69\x5f\x72\x65\x61\x64\x79\x3b\x0a\x0a\x23\x69\x66\x20\x21"
  "\x5f\x5f\x55\x4e\x49\x53\x41\x5f\x46\x54\x52\x49\x4d\x5f\x4c\x49\x42\x43\x20\x7c"
  "\x7c\x20\x5f\x5f\x55\x4e\x5f\x75\x66\x66\x69\x5f\x64\x6c\x6f\x70\x65\x6e\x0a\x73"
  "\x74\x61\x74\x69\x63\x20\x76\x6f\x69\x64\x20\x2a\x75\x66\x66\x69\x5f\x64\x6c\x6f"
  "\x70\x65\x6e\x28\x63\x6f\x6e\x73\x74\x20\x63\x68\x61\x72\x20\x2a\x5f\x5f\x75\x5f"
  "\x70\x61\x74\x68\x2c\x20\x69\x6e\x74\x20\x5f\x5f\x75\x5f\x6d\x6f\x64\x65\x29\x20"
  "\x7b\x0a\x20\x20\x20\x20\x6c\x6f\x6e\x67\x20\x5f\x5f\x75\x5f\x61\x72\x67\x73\x5b"
  "\x36\x5d\x3b\x0a\x20\x20\x20\x20\x5f\x5f\x75\x5f\x61\x72\x67\x73\x5b\x30\x5d\x20"
  "\x3d\x20\x28\x6c\x6f\x6e\x67\x29\x5f\x5f\x75\x5f\x70\x61\x74\x68\x3b\x20\x5f\x5f"
  "\x75\x5f\x61\x72\x67\x73\x5b\x31\x5d\x20\x3d\x20\x5f\x5f\x75\x5f\x6d\x6f\x64\x65"
  "\x3b\x0a\x20\x20\x20\x20\x5f\x5f\x75\x5f\x61\x72\x67\x73\x5b\x32\x5d\x20\x3d\x20"
  "\x30\x3b\x20\x5f\x5f\x75\x5f\x61\x72\x67\x73\x5b\x33\x5d\x20\x3d\x20\x30\x3b\x20"
  "\x5f\x5f\x75\x5f\x61\x72\x67\x73\x5b\x34\x5d\x20\x3d\x20\x30\x3b\x20\x5f\x5f\x75"
  "\x5f\x61\x72\x67\x73\x5b\x35\x5d\x20\x3d\x20\x30\x3b\x0a\x20\x20\x20\x20\x72\x65"
  "\x74\x75\x72\x6e\x20\x28\x76\x6f\x69\x64\x20\x2a\x29\x5f\x5f\x68\x6f\x73\x74\x63"
  "\x61\x6c\x6c\x28\x5f\x5f\x68\x6f\x73\x74\x61\x64\x64\x72\x30\x28\x29\x2c\x20\x5f"
  "\x5f\x75\x5f\x61\x72\x67\x73\x29\x3b\x0a\x7d\x0a\x23\x65\x6e\x64\x69\x66\x0a\x23"
  "\x69\x66\x20\x21\x5f\x5f\x55\x4e\x49\x53\x41\x5f\x46\x54\x52\x49\x4d\x5f\x4c\x49"
  "\x42\x43\x20\x7c\x7c\x20\x5f\x5f\x55\x4e\x5f\x75\x66\x66\x69\x5f\x64\x6c\x73\x79"
  "\x6d\x0a\x73\x74\x61\x74\x69\x63\x20\x76\x6f\x69\x64\x20\x2a\x75\x66\x66\x69\x5f"
  "\x64\x6c\x73\x79\x6d\x28\x76\x6f\x69\x64\x20\x2a\x5f\x5f\x75\x5f\x68\x61\x6e\x64"
  "\x6c\x65\x2c\x20\x63\x6f\x6e\x73\x74\x20\x63\x68\x61\x72\x20\x2a\x5f\x5f\x75\x5f"
  "\x6e\x61\x6d\x65\x29\x20\x7b\x0a\x20\x20\x20\x20\x6c\x6f\x6e\x67\x20\x5f\x5f\x75"
  "\x5f\x61\x72\x67\x73\x5b\x36\x5d\x3b\x0a\x20\x20\x20\x20\x5f\x5f\x75\x5f\x61\x72"
  "\x67\x73\x5b\x30\x5d\x20\x3d\x20\x28\x6c\x6f\x6e\x67\x29\x5f\x5f\x75\x5f\x68\x61"
  "\x6e\x64\x6c\x65\x3b\x20\x5f\x5f\x75\x5f\x61\x72\x67\x73\x5b\x31\x5d\x20\x3d\x20"
  "\x28\x6c\x6f\x6e\x67\x29\x5f\x5f\x75\x5f\x6e\x61\x6d\x65\x3b\x0a\x20\x20\x20\x20"
  "\x5f\x5f\x75\x5f\x61\x72\x67\x73\x5b\x32\x5d\x20\x3d\x20\x30\x3b\x20\x5f\x5f\x75"
  "\x5f\x61\x72\x67\x73\x5b\x33\x5d\x20\x3d\x20\x30\x3b\x20\x5f\x5f\x75\x5f\x61\x72"
  "\x67\x73\x5b\x34\x5d\x20\x3d\x20\x30\x3b\x20\x5f\x5f\x75\x5f\x61\x72\x67\x73\x5b"
  "\x35\x5d\x20\x3d\x20\x30\x3b\x0a\x20\x20\x20\x20\x72\x65\x74\x75\x72\x6e\x20\x28"
  "\x76\x6f\x69\x64\x20\x2a\x29\x5f\x5f\x68\x6f\x73\x74\x63\x61\x6c\x6c\x28\x5f\x5f"
  "\x68\x6f\x73\x74\x61\x64\x64\x72\x31\x28\x29\x2c\x20\x5f\x5f\x75\x5f\x61\x72\x67"
  "\x73\x29\x3b\x0a\x7d\x0a\x23\x65\x6e\x64\x69\x66\x0a\x23\x69\x66\x20\x21\x5f\x5f"
  "\x55\x4e\x49\x53\x41\x5f\x46\x54\x52\x49\x4d\x5f\x4c\x49\x42\x43\x20\x7c\x7c\x20"
  "\x5f\x5f\x55\x4e\x5f\x75\x66\x66\x69\x5f\x64\x6c\x63\x6c\x6f\x73\x65\x0a\x73\x74"
  "\x61\x74\x69\x63\x20\x69\x6e\x74\x20\x75\x66\x66\x69\x5f\x64\x6c\x63\x6c\x6f\x73"
  "\x65\x28\x76\x6f\x69\x64\x20\x2a\x5f\x5f\x75\x5f\x68\x61\x6e\x64\x6c\x65\x29\x20"
  "\x7b\x0a\x20\x20\x20\x20\x6c\x6f\x6e\x67\x20\x5f\x5f\x75\x5f\x61\x72\x67\x73\x5b"
  "\x36\x5d\x3b\x0a\x20\x20\x20\x20\x5f\x5f\x75\x5f\x61\x72\x67\x73\x5b\x30\x5d\x20"
  "\x3d\x20\x28\x6c\x6f\x6e\x67\x29\x5f\x5f\x75\x5f\x68\x61\x6e\x64\x6c\x65\x3b\x20"
  "\x5f\x5f\x75\x5f\x61\x72\x67\x73\x5b\x31\x5d\x20\x3d\x20\x30\x3b\x0a\x20\x20\x20"
  "\x20\x5f\x5f\x75\x5f\x61\x72\x67\x73\x5b\x32\x5d\x20\x3d\x20\x30\x3b\x20\x5f\x5f"
  "\x75\x5f\x61\x72\x67\x73\x5b\x33\x5d\x20\x3d\x20\x30\x3b\x20\x5f\x5f\x75\x5f\x61"
  "\x72\x67\x73\x5b\x34\x5d\x20\x3d\x20\x30\x3b\x20\x5f\x5f\x75\x5f\x61\x72\x67\x73"
  "\x5b\x35\x5d\x20\x3d\x20\x30\x3b\x0a\x20\x20\x20\x20\x72\x65\x74\x75\x72\x6e\x20"
  "\x28\x69\x6e\x74\x29\x5f\x5f\x68\x6f\x73\x74\x63\x61\x6c\x6c\x28\x5f\x5f\x68\x6f"
  "\x73\x74\x61\x64\x64\x72\x32\x28\x29\x2c\x20\x5f\x5f\x75\x5f\x61\x72\x67\x73\x29"
  "\x3b\x0a\x7d\x0a\x23\x65\x6e\x64\x69\x66\x0a\x23\x69\x66\x20\x21\x5f\x5f\x55\x4e"
  "\x49\x53\x41\x5f\x46\x54\x52\x49\x4d\x5f\x4c\x49\x42\x43\x20\x7c\x7c\x20\x5f\x5f"
  "\x55\x4e\x5f\x75\x66\x66\x69\x5f\x64\x6c\x65\x72\x72\x6f\x72\x0a\x73\x74\x61\x74"
  "\x69\x63\x20\x63\x68\x61\x72\x20\x2a\x75\x66\x66\x69\x5f\x64\x6c\x65\x72\x72\x6f"
  "\x72\x28\x76\x6f\x69\x64\x29\x20\x7b\x0a\x20\x20\x20\x20\x6c\x6f\x6e\x67\x20\x5f"
  "\x5f\x75\x5f\x61\x72\x67\x73\x5b\x36\x5d\x3b\x0a\x20\x20\x20\x20\x5f\x5f\x75\x5f"
  "\x61\x72\x67\x73\x5b\x30\x5d\x20\x3d\x20\x30\x3b\x20\x5f\x5f\x75\x5f\x61\x72\x67"
  "\x73\x5b\x31\x5d\x20\x3d\x20\x30\x3b\x20\x5f\x5f\x75\x5f\x61\x72\x67\x73\x5b\x32"
  "\x5d\x20\x3d\x20\x30\x3b\x0a\x20\x20\x20\x20\x5f\x5f\x75\x5f\x61\x72\x67\x73\x5b"
  "\x33\x5d\x20\x3d\x20\x30\x3b\x20\x5f\x5f\x75\x5f\x61\x72\x67\x73\x5b\x34\x5d\x20"
  "\x3d\x20\x30\x3b\x20\x5f\x5f\x75\x5f\x61\x72\x67\x73\x5b\x35\x5d\x20\x3d\x20\x30"
  "\x3b\x0a\x20\x20\x20\x20\x72\x65\x74\x75\x72\x6e\x20\x28\x63\x68\x61\x72\x20\x2a"
  "\x29\x5f\x5f\x68\x6f\x73\x74\x63\x61\x6c\x6c\x28\x5f\x5f\x68\x6f\x73\x74\x61\x64"
  "\x64\x72\x33\x28\x29\x2c\x20\x5f\x5f\x75\x5f\x61\x72\x67\x73\x29\x3b\x0a\x7d\x0a"
  "\x23\x65\x6e\x64\x69\x66\x0a\x2f\x2a\x20\x30\x20\x73\x75\x63\x63\x65\x65\x64\x73"
  "\x3b\x20\x2d\x31\x20\x75\x6e\x73\x75\x70\x70\x6f\x72\x74\x65\x64\x20\x6c\x61\x79"
  "\x6f\x75\x74\x3b\x20\x2d\x32\x20\x64\x6c\x6f\x70\x65\x6e\x2f\x64\x6c\x73\x79\x6d"
  "\x20\x66\x61\x69\x6c\x75\x72\x65\x2e\x0a\x20\x2a\x20\x41\x20\x66\x61\x69\x6c\x65"
  "\x64\x20\x69\x6e\x69\x74\x69\x61\x6c\x69\x7a\x61\x74\x69\x6f\x6e\x20\x69\x73\x20"
  "\x72\x65\x74\x72\x69\x65\x64\x3b\x20\x74\x68\x65\x20\x70\x72\x69\x76\x61\x74\x65"
  "\x20\x6c\x69\x62\x66\x66\x69\x20\x68\x61\x6e\x64\x6c\x65\x20\x73\x74\x61\x79\x73"
  "\x20\x6c\x69\x76\x65\x0a\x20\x2a\x20\x62\x65\x63\x61\x75\x73\x65\x20\x69\x74\x73"
  "\x20\x66\x66\x69\x5f\x74\x79\x70\x65\x20\x70\x6f\x69\x6e\x74\x65\x72\x73\x20\x61"
  "\x6e\x64\x20\x65\x6e\x74\x72\x79\x20\x61\x64\x64\x72\x65\x73\x73\x65\x73\x20\x72"
  "\x65\x66\x65\x72\x20\x69\x6e\x74\x6f\x20\x74\x68\x61\x74\x20\x69\x6d\x61\x67\x65"
  "\x2e\x0a\x20\x2a\x2f\x0a\x23\x69\x66\x20\x21\x5f\x5f\x55\x4e\x49\x53\x41\x5f\x46"
  "\x54\x52\x49\x4d\x5f\x4c\x49\x42\x43\x20\x7c\x7c\x20\x5f\x5f\x55\x4e\x5f\x75\x66"
  "\x66\x69\x5f\x69\x6e\x69\x74\x0a\x73\x74\x61\x74\x69\x63\x20\x69\x6e\x74\x20\x75"
  "\x66\x66\x69\x5f\x69\x6e\x69\x74\x28\x76\x6f\x69\x64\x29\x20\x7b\x0a\x20\x20\x20"
  "\x20\x69\x6e\x74\x20\x5f\x5f\x75\x5f\x69\x3b\x0a\x20\x20\x20\x20\x69\x66\x20\x28"
  "\x5f\x5f\x75\x66\x66\x69\x5f\x72\x65\x61\x64\x79\x29\x20\x72\x65\x74\x75\x72\x6e"
  "\x20\x30\x3b\x0a\x20\x20\x20\x20\x69\x66\x20\x28\x73\x69\x7a\x65\x6f\x66\x28\x6c"
  "\x6f\x6e\x67\x29\x20\x21\x3d\x20\x38\x20\x7c\x7c\x20\x73\x69\x7a\x65\x6f\x66\x28"
  "\x76\x6f\x69\x64\x20\x2a\x29\x20\x21\x3d\x20\x38\x20\x7c\x7c\x0a\x20\x20\x20\x20"
  "\x20\x20\x20\x20\x73\x69\x7a\x65\x6f\x66\x28\x73\x74\x72\x75\x63\x74\x20\x75\x66"
  "\x66\x69\x5f\x63\x69\x66\x29\x20\x21\x3d\x20\x55\x46\x46\x49\x5f\x43\x49\x46\x5f"
  "\x53\x49\x5a\x45\x29\x20\x72\x65\x74\x75\x72\x6e\x20\x30\x20\x2d\x20\x31\x3b\x0a"
  "\x20\x20\x20\x20\x69\x66\x20\x28\x5f\x5f\x75\x66\x66\x69\x5f\x68\x61\x6e\x64\x6c"
  "\x65\x20\x3d\x3d\x20\x30\x29\x20\x5f\x5f\x75\x66\x66\x69\x5f\x68\x61\x6e\x64\x6c"
  "\x65\x20\x3d\x20\x75\x66\x66\x69\x5f\x64\x6c\x6f\x70\x65\x6e\x28\x22\x2f\x75\x73"
  "\x72\x2f\x6c\x69\x62\x2f\x6c\x69\x62\x66\x66\x69\x2e\x64\x79\x6c\x69\x62\x22\x2c"
  "\x20\x32\x29\x3b\x0a\x20\x20\x20\x20\x69\x66\x20\x28\x5f\x5f\x75\x66\x66\x69\x5f"
  "\x68\x61\x6e\x64\x6c\x65\x20\x3d\x3d\x20\x30\x29\x20\x72\x65\x74\x75\x72\x6e\x20"
  "\x30\x20\x2d\x20\x32\x3b\x0a\x20\x20\x20\x20\x5f\x5f\x75\x66\x66\x69\x5f\x70\x72"
  "\x65\x70\x20\x3d\x20\x75\x66\x66\x69\x5f\x64\x6c\x73\x79\x6d\x28\x5f\x5f\x75\x66"
  "\x66\x69\x5f\x68\x61\x6e\x64\x6c\x65\x2c\x20\x22\x66\x66\x69\x5f\x70\x72\x65\x70"
  "\x5f\x63\x69\x66\x22\x29\x3b\x0a\x20\x20\x20\x20\x5f\x5f\x75\x66\x66\x69\x5f\x70"
  "\x72\x65\x70\x5f\x76\x61\x72\x20\x3d\x20\x75\x66\x66\x69\x5f\x64\x6c\x73\x79\x6d"
  "\x28\x5f\x5f\x75\x66\x66\x69\x5f\x68\x61\x6e\x64\x6c\x65\x2c\x20\x22\x66\x66\x69"
  "\x5f\x70\x72\x65\x70\x5f\x63\x69\x66\x5f\x76\x61\x72\x22\x29\x3b\x0a\x20\x20\x20"
  "\x20\x5f\x5f\x75\x66\x66\x69\x5f\x63\x61\x6c\x6c\x20\x3d\x20\x75\x66\x66\x69\x5f"
  "\x64\x6c\x73\x79\x6d\x28\x5f\x5f\x75\x66\x66\x69\x5f\x68\x61\x6e\x64\x6c\x65\x2c"
  "\x20\x22\x66\x66\x69\x5f\x63\x61\x6c\x6c\x22\x29\x3b\x0a\x20\x20\x20\x20\x5f\x5f"
  "\x75\x66\x66\x69\x5f\x74\x79\x70\x65\x73\x5b\x30\x5d\x20\x3d\x20\x75\x66\x66\x69"
  "\x5f\x64\x6c\x73\x79\x6d\x28\x5f\x5f\x75\x66\x66\x69\x5f\x68\x61\x6e\x64\x6c\x65"
  "\x2c\x20\x22\x66\x66\x69\x5f\x74\x79\x70\x65\x5f\x76\x6f\x69\x64\x22\x29\x3b\x0a"
  "\x20\x20\x20\x20\x5f\x5f\x75\x66\x66\x69\x5f\x74\x79\x70\x65\x73\x5b\x31\x5d\x20"
  "\x3d\x20\x75\x66\x66\x69\x5f\x64\x6c\x73\x79\x6d\x28\x5f\x5f\x75\x66\x66\x69\x5f"
  "\x68\x61\x6e\x64\x6c\x65\x2c\x20\x22\x66\x66\x69\x5f\x74\x79\x70\x65\x5f\x73\x69"
  "\x6e\x74\x33\x32\x22\x29\x3b\x0a\x20\x20\x20\x20\x5f\x5f\x75\x66\x66\x69\x5f\x74"
  "\x79\x70\x65\x73\x5b\x32\x5d\x20\x3d\x20\x75\x66\x66\x69\x5f\x64\x6c\x73\x79\x6d"
  "\x28\x5f\x5f\x75\x66\x66\x69\x5f\x68\x61\x6e\x64\x6c\x65\x2c\x20\x22\x66\x66\x69"
  "\x5f\x74\x79\x70\x65\x5f\x75\x69\x6e\x74\x33\x32\x22\x29\x3b\x0a\x20\x20\x20\x20"
  "\x5f\x5f\x75\x66\x66\x69\x5f\x74\x79\x70\x65\x73\x5b\x33\x5d\x20\x3d\x20\x75\x66"
  "\x66\x69\x5f\x64\x6c\x73\x79\x6d\x28\x5f\x5f\x75\x66\x66\x69\x5f\x68\x61\x6e\x64"
  "\x6c\x65\x2c\x20\x22\x66\x66\x69\x5f\x74\x79\x70\x65\x5f\x73\x69\x6e\x74\x36\x34"
  "\x22\x29\x3b\x0a\x20\x20\x20\x20\x5f\x5f\x75\x66\x66\x69\x5f\x74\x79\x70\x65\x73"
  "\x5b\x34\x5d\x20\x3d\x20\x75\x66\x66\x69\x5f\x64\x6c\x73\x79\x6d\x28\x5f\x5f\x75"
  "\x66\x66\x69\x5f\x68\x61\x6e\x64\x6c\x65\x2c\x20\x22\x66\x66\x69\x5f\x74\x79\x70"
  "\x65\x5f\x75\x69\x6e\x74\x36\x34\x22\x29\x3b\x0a\x20\x20\x20\x20\x5f\x5f\x75\x66"
  "\x66\x69\x5f\x74\x79\x70\x65\x73\x5b\x35\x5d\x20\x3d\x20\x75\x66\x66\x69\x5f\x64"
  "\x6c\x73\x79\x6d\x28\x5f\x5f\x75\x66\x66\x69\x5f\x68\x61\x6e\x64\x6c\x65\x2c\x20"
  "\x22\x66\x66\x69\x5f\x74\x79\x70\x65\x5f\x70\x6f\x69\x6e\x74\x65\x72\x22\x29\x3b"
  "\x0a\x20\x20\x20\x20\x5f\x5f\x75\x66\x66\x69\x5f\x74\x79\x70\x65\x73\x5b\x36\x5d"
  "\x20\x3d\x20\x75\x66\x66\x69\x5f\x64\x6c\x73\x79\x6d\x28\x5f\x5f\x75\x66\x66\x69"
  "\x5f\x68\x61\x6e\x64\x6c\x65\x2c\x20\x22\x66\x66\x69\x5f\x74\x79\x70\x65\x5f\x64"
  "\x6f\x75\x62\x6c\x65\x22\x29\x3b\x0a\x20\x20\x20\x20\x5f\x5f\x75\x66\x66\x69\x5f"
  "\x74\x79\x70\x65\x73\x5b\x37\x5d\x20\x3d\x20\x75\x66\x66\x69\x5f\x64\x6c\x73\x79"
  "\x6d\x28\x5f\x5f\x75\x66\x66\x69\x5f\x68\x61\x6e\x64\x6c\x65\x2c\x20\x22\x66\x66"
  "\x69\x5f\x74\x79\x70\x65\x5f\x66\x6c\x6f\x61\x74\x22\x29\x3b\x0a\x20\x20\x20\x20"
  "\x5f\x5f\x75\x66\x66\x69\x5f\x74\x79\x70\x65\x73\x5b\x38\x5d\x20\x3d\x20\x75\x66"
  "\x66\x69\x5f\x64\x6c\x73\x79\x6d\x28\x5f\x5f\x75\x66\x66\x69\x5f\x68\x61\x6e\x64"
  "\x6c\x65\x2c\x20\x22\x66\x66\x69\x5f\x74\x79\x70\x65\x5f\x73\x69\x6e\x74\x38\x22"
  "\x29\x3b\x0a\x20\x20\x20\x20\x5f\x5f\x75\x66\x66\x69\x5f\x74\x79\x70\x65\x73\x5b"
  "\x39\x5d\x20\x3d\x20\x75\x66\x66\x69\x5f\x64\x6c\x73\x79\x6d\x28\x5f\x5f\x75\x66"
  "\x66\x69\x5f\x68\x61\x6e\x64\x6c\x65\x2c\x20\x22\x66\x66\x69\x5f\x74\x79\x70\x65"
  "\x5f\x75\x69\x6e\x74\x38\x22\x29\x3b\x0a\x20\x20\x20\x20\x5f\x5f\x75\x66\x66\x69"
  "\x5f\x74\x79\x70\x65\x73\x5b\x31\x30\x5d\x20\x3d\x20\x75\x66\x66\x69\x5f\x64\x6c"
  "\x73\x79\x6d\x28\x5f\x5f\x75\x66\x66\x69\x5f\x68\x61\x6e\x64\x6c\x65\x2c\x20\x22"
  "\x66\x66\x69\x5f\x74\x79\x70\x65\x5f\x73\x69\x6e\x74\x31\x36\x22\x29\x3b\x0a\x20"
  "\x20\x20\x20\x5f\x5f\x75\x66\x66\x69\x5f\x74\x79\x70\x65\x73\x5b\x31\x31\x5d\x20"
  "\x3d\x20\x75\x66\x66\x69\x5f\x64\x6c\x73\x79\x6d\x28\x5f\x5f\x75\x66\x66\x69\x5f"
  "\x68\x61\x6e\x64\x6c\x65\x2c\x20\x22\x66\x66\x69\x5f\x74\x79\x70\x65\x5f\x75\x69"
  "\x6e\x74\x31\x36\x22\x29\x3b\x0a\x20\x20\x20\x20\x69\x66\x20\x28\x5f\x5f\x75\x66"
  "\x66\x69\x5f\x70\x72\x65\x70\x20\x3d\x3d\x20\x30\x20\x7c\x7c\x20\x5f\x5f\x75\x66"
  "\x66\x69\x5f\x70\x72\x65\x70\x5f\x76\x61\x72\x20\x3d\x3d\x20\x30\x20\x7c\x7c\x20"
  "\x5f\x5f\x75\x66\x66\x69\x5f\x63\x61\x6c\x6c\x20\x3d\x3d\x20\x30\x29\x20\x72\x65"
  "\x74\x75\x72\x6e\x20\x30\x20\x2d\x20\x32\x3b\x0a\x20\x20\x20\x20\x5f\x5f\x75\x5f"
  "\x69\x20\x3d\x20\x30\x3b\x0a\x20\x20\x20\x20\x77\x68\x69\x6c\x65\x20\x28\x5f\x5f"
  "\x75\x5f\x69\x20\x3c\x20\x31\x32\x29\x20\x7b\x0a\x20\x20\x20\x20\x20\x20\x20\x20"
  "\x69\x66\x20\x28\x5f\x5f\x75\x66\x66\x69\x5f\x74\x79\x70\x65\x73\x5b\x5f\x5f\x75"
  "\x5f\x69\x5d\x20\x3d\x3d\x20\x30\x29\x20\x72\x65\x74\x75\x72\x6e\x20\x30\x20\x2d"
  "\x20\x32\x3b\x0a\x20\x20\x20\x20\x20\x20\x20\x20\x5f\x5f\x75\x5f\x69\x20\x3d\x20"
  "\x5f\x5f\x75\x5f\x69\x20\x2b\x20\x31\x3b\x0a\x20\x20\x20\x20\x7d\x0a\x20\x20\x20"
  "\x20\x5f\x5f\x75\x66\x66\x69\x5f\x72\x65\x61\x64\x79\x20\x3d\x20\x31\x3b\x0a\x20"
  "\x20\x20\x20\x72\x65\x74\x75\x72\x6e\x20\x30\x3b\x0a\x7d\x0a\x23\x65\x6e\x64\x69"
  "\x66\x0a\x23\x69\x66\x20\x21\x5f\x5f\x55\x4e\x49\x53\x41\x5f\x46\x54\x52\x49\x4d"
  "\x5f\x4c\x49\x42\x43\x20\x7c\x7c\x20\x5f\x5f\x55\x4e\x5f\x75\x66\x66\x69\x5f\x74"
  "\x79\x70\x65\x0a\x73\x74\x61\x74\x69\x63\x20\x76\x6f\x69\x64\x20\x2a\x75\x66\x66"
  "\x69\x5f\x74\x79\x70\x65\x28\x69\x6e\x74\x20\x5f\x5f\x75\x5f\x6b\x69\x6e\x64\x29"
  "\x20\x7b\x0a\x20\x20\x20\x20\x69\x66\x20\x28\x5f\x5f\x75\x5f\x6b\x69\x6e\x64\x20"
  "\x3c\x20\x30\x20\x7c\x7c\x20\x5f\x5f\x75\x5f\x6b\x69\x6e\x64\x20\x3e\x3d\x20\x31"
  "\x32\x20\x7c\x7c\x20\x75\x66\x66\x69\x5f\x69\x6e\x69\x74\x28\x29\x20\x21\x3d\x20"
  "\x30\x29\x20\x72\x65\x74\x75\x72\x6e\x20\x30\x3b\x0a\x20\x20\x20\x20\x72\x65\x74"
  "\x75\x72\x6e\x20\x5f\x5f\x75\x66\x66\x69\x5f\x74\x79\x70\x65\x73\x5b\x5f\x5f\x75"
  "\x5f\x6b\x69\x6e\x64\x5d\x3b\x0a\x7d\x0a\x23\x65\x6e\x64\x69\x66\x0a\x2f\x2a\x20"
  "\x4c\x6f\x77\x2d\x6c\x65\x76\x65\x6c\x20\x74\x79\x70\x65\x64\x20\x63\x61\x6c\x6c"
  "\x3b\x20\x74\x79\x70\x65\x73\x20\x6d\x61\x79\x20\x61\x6c\x73\x6f\x20\x62\x65\x20"
  "\x6e\x61\x74\x69\x76\x65\x20\x66\x66\x69\x5f\x74\x79\x70\x65\x20\x6f\x62\x6a\x65"
  "\x63\x74\x73\x20\x70\x72\x6f\x76\x69\x64\x65\x64\x0a\x20\x2a\x20\x62\x79\x20\x61"
  "\x20\x63\x61\x6c\x6c\x65\x72\x2e\x20\x20\x54\x68\x65\x69\x72\x20\x6c\x69\x66\x65"
  "\x74\x69\x6d\x65\x20\x61\x6e\x64\x20\x61\x72\x67\x75\x6d\x65\x6e\x74\x20\x73\x74"
  "\x6f\x72\x61\x67\x65\x20\x6d\x75\x73\x74\x20\x63\x6f\x76\x65\x72\x20\x74\x68\x69"
  "\x73\x20\x63\x61\x6c\x6c\x2e\x0a\x20\x2a\x20\x66\x69\x78\x65\x64\x20\x3d\x3d\x20"
  "\x2d\x31\x20\x73\x65\x6c\x65\x63\x74\x73\x20\x61\x20\x66\x69\x78\x65\x64\x20\x73"
  "\x69\x67\x6e\x61\x74\x75\x72\x65\x3b\x20\x6f\x74\x68\x65\x72\x77\x69\x73\x65\x20"
  "\x66\x69\x78\x65\x64\x20\x69\x73\x20\x74\x68\x65\x20\x6e\x75\x6d\x62\x65\x72\x20"
  "\x6f\x66\x0a\x20\x2a\x20\x6e\x61\x6d\x65\x64\x20\x61\x72\x67\x75\x6d\x65\x6e\x74"
  "\x73\x2e\x20\x20\x72\x76\x61\x6c\x75\x65\x20\x73\x74\x6f\x72\x61\x67\x65\x20\x6d"
  "\x75\x73\x74\x20\x62\x65\x20\x61\x6c\x69\x67\x6e\x65\x64\x20\x61\x6e\x64\x20\x61"
  "\x74\x20\x6c\x65\x61\x73\x74\x20\x38\x20\x62\x79\x74\x65\x73\x20\x66\x6f\x72\x0a"
  "\x20\x2a\x20\x73\x6d\x61\x6c\x6c\x20\x69\x6e\x74\x65\x67\x65\x72\x20\x72\x65\x74"
  "\x75\x72\x6e\x73\x3b\x20\x70\x61\x73\x73\x20\x30\x20\x6f\x6e\x6c\x79\x20\x66\x6f"
  "\x72\x20\x61\x20\x76\x6f\x69\x64\x20\x72\x65\x74\x75\x72\x6e\x20\x74\x79\x70\x65"
  "\x2e\x0a\x20\x2a\x20\x30\x20\x73\x75\x63\x63\x65\x65\x64\x73\x2c\x20\x2d\x33\x20"
  "\x72\x65\x6a\x65\x63\x74\x73\x20\x61\x6e\x20\x69\x6e\x76\x61\x6c\x69\x64\x20\x76"
  "\x65\x63\x74\x6f\x72\x2c\x20\x61\x6e\x64\x20\x70\x6f\x73\x69\x74\x69\x76\x65\x20"
  "\x76\x61\x6c\x75\x65\x73\x20\x61\x72\x65\x20\x74\x68\x65\x0a\x20\x2a\x20\x61\x63"
  "\x74\x75\x61\x6c\x20\x66\x66\x69\x5f\x73\x74\x61\x74\x75\x73\x20\x66\x72\x6f\x6d"
  "\x20\x66\x66\x69\x5f\x70\x72\x65\x70\x5f\x63\x69\x66\x5b\x5f\x76\x61\x72\x5d\x2e"
  "\x20\x20\x4e\x6f\x20\x63\x61\x6c\x6c\x20\x66\x6f\x6c\x6c\x6f\x77\x73\x20\x61\x20"
  "\x70\x72\x65\x70\x20\x65\x72\x72\x6f\x72\x2e\x0a\x20\x2a\x2f\x0a\x23\x69\x66\x20"
  "\x21\x5f\x5f\x55\x4e\x49\x53\x41\x5f\x46\x54\x52\x49\x4d\x5f\x4c\x49\x42\x43\x20"
  "\x7c\x7c\x20\x5f\x5f\x55\x4e\x5f\x75\x66\x66\x69\x5f\x63\x61\x6c\x6c\x5f\x74\x79"
  "\x70\x65\x73\x0a\x73\x74\x61\x74\x69\x63\x20\x69\x6e\x74\x20\x75\x66\x66\x69\x5f"
  "\x63\x61\x6c\x6c\x5f\x74\x79\x70\x65\x73\x28\x76\x6f\x69\x64\x20\x2a\x5f\x5f\x75"
  "\x5f\x66\x6e\x2c\x20\x76\x6f\x69\x64\x20\x2a\x5f\x5f\x75\x5f\x72\x74\x79\x70\x65"
  "\x2c\x20\x76\x6f\x69\x64\x20\x2a\x2a\x5f\x5f\x75\x5f\x74\x79\x70\x65\x73\x2c\x0a"
  "\x20\x20\x20\x20\x20\x20\x20\x20\x20\x20\x20\x20\x20\x20\x20\x20\x20\x20\x20\x20"
  "\x20\x20\x20\x20\x20\x20\x20\x76\x6f\x69\x64\x20\x2a\x2a\x5f\x5f\x75\x5f\x76\x61"
  "\x6c\x75\x65\x73\x2c\x20\x69\x6e\x74\x20\x5f\x5f\x75\x5f\x6e\x2c\x20\x69\x6e\x74"
  "\x20\x5f\x5f\x75\x5f\x66\x69\x78\x65\x64\x2c\x0a\x20\x20\x20\x20\x20\x20\x20\x20"
  "\x20\x20\x20\x20\x20\x20\x20\x20\x20\x20\x20\x20\x20\x20\x20\x20\x20\x20\x20\x76"
  "\x6f\x69\x64\x20\x2a\x5f\x5f\x75\x5f\x72\x65\x73\x75\x6c\x74\x29\x20\x7b\x0a\x20"
  "\x20\x20\x20\x73\x74\x72\x75\x63\x74\x20\x75\x66\x66\x69\x5f\x63\x69\x66\x20\x5f"
  "\x5f\x75\x5f\x63\x69\x66\x3b\x0a\x20\x20\x20\x20\x6c\x6f\x6e\x67\x20\x5f\x5f\x75"
  "\x5f\x61\x72\x67\x73\x5b\x36\x5d\x3b\x0a\x20\x20\x20\x20\x69\x6e\x74\x20\x5f\x5f"
  "\x75\x5f\x69\x3b\x20\x69\x6e\x74\x20\x5f\x5f\x75\x5f\x73\x74\x61\x74\x75\x73\x3b"
  "\x0a\x20\x20\x20\x20\x5f\x5f\x75\x5f\x73\x74\x61\x74\x75\x73\x20\x3d\x20\x75\x66"
  "\x66\x69\x5f\x69\x6e\x69\x74\x28\x29\x3b\x0a\x20\x20\x20\x20\x69\x66\x20\x28\x5f"
  "\x5f\x75\x5f\x73\x74\x61\x74\x75\x73\x20\x21\x3d\x20\x30\x29\x20\x72\x65\x74\x75"
  "\x72\x6e\x20\x5f\x5f\x75\x5f\x73\x74\x61\x74\x75\x73\x3b\x0a\x20\x20\x20\x20\x69"
  "\x66\x20\x28\x5f\x5f\x75\x5f\x66\x6e\x20\x3d\x3d\x20\x30\x20\x7c\x7c\x20\x5f\x5f"
  "\x75\x5f\x72\x74\x79\x70\x65\x20\x3d\x3d\x20\x30\x20\x7c\x7c\x20\x5f\x5f\x75\x5f"
  "\x6e\x20\x3c\x20\x30\x20\x7c\x7c\x20\x5f\x5f\x75\x5f\x6e\x20\x3e\x20\x55\x46\x46"
  "\x49\x5f\x4d\x41\x58\x5f\x41\x52\x47\x53\x20\x7c\x7c\x0a\x20\x20\x20\x20\x20\x20"
  "\x20\x20\x5f\x5f\x75\x5f\x66\x69\x78\x65\x64\x20\x3c\x20\x30\x20\x2d\x20\x31\x20"
  "\x7c\x7c\x20\x5f\x5f\x75\x5f\x66\x69\x78\x65\x64\x20\x3e\x20\x5f\x5f\x75\x5f\x6e"
  "\x29\x20\x72\x65\x74\x75\x72\x6e\x20\x30\x20\x2d\x20\x33\x3b\x0a\x20\x20\x20\x20"
  "\x69\x66\x20\x28\x5f\x5f\x75\x5f\x6e\x20\x21\x3d\x20\x30\x20\x26\x26\x20\x28\x5f"
  "\x5f\x75\x5f\x74\x79\x70\x65\x73\x20\x3d\x3d\x20\x30\x20\x7c\x7c\x20\x5f\x5f\x75"
  "\x5f\x76\x61\x6c\x75\x65\x73\x20\x3d\x3d\x20\x30\x29\x29\x20\x72\x65\x74\x75\x72"
  "\x6e\x20\x30\x20\x2d\x20\x33\x3b\x0a\x20\x20\x20\x20\x69\x66\x20\x28\x5f\x5f\x75"
  "\x5f\x72\x74\x79\x70\x65\x20\x21\x3d\x20\x5f\x5f\x75\x66\x66\x69\x5f\x74\x79\x70"
  "\x65\x73\x5b\x55\x46\x46\x49\x5f\x56\x4f\x49\x44\x5d\x20\x26\x26\x20\x5f\x5f\x75"
  "\x5f\x72\x65\x73\x75\x6c\x74\x20\x3d\x3d\x20\x30\x29\x20\x72\x65\x74\x75\x72\x6e"
  "\x20\x30\x20\x2d\x20\x33\x3b\x0a\x20\x20\x20\x20\x5f\x5f\x75\x5f\x69\x20\x3d\x20"
  "\x30\x3b\x0a\x20\x20\x20\x20\x77\x68\x69\x6c\x65\x20\x28\x5f\x5f\x75\x5f\x69\x20"
  "\x3c\x20\x5f\x5f\x75\x5f\x6e\x29\x20\x7b\x0a\x20\x20\x20\x20\x20\x20\x20\x20\x69"
  "\x66\x20\x28\x5f\x5f\x75\x5f\x74\x79\x70\x65\x73\x5b\x5f\x5f\x75\x5f\x69\x5d\x20"
  "\x3d\x3d\x20\x30\x20\x7c\x7c\x20\x5f\x5f\x75\x5f\x74\x79\x70\x65\x73\x5b\x5f\x5f"
  "\x75\x5f\x69\x5d\x20\x3d\x3d\x20\x5f\x5f\x75\x66\x66\x69\x5f\x74\x79\x70\x65\x73"
  "\x5b\x55\x46\x46\x49\x5f\x56\x4f\x49\x44\x5d\x20\x7c\x7c\x0a\x20\x20\x20\x20\x20"
  "\x20\x20\x20\x20\x20\x20\x20\x5f\x5f\x75\x5f\x76\x61\x6c\x75\x65\x73\x5b\x5f\x5f"
  "\x75\x5f\x69\x5d\x20\x3d\x3d\x20\x30\x29\x20\x72\x65\x74\x75\x72\x6e\x20\x30\x20"
  "\x2d\x20\x33\x3b\x0a\x20\x20\x20\x20\x20\x20\x20\x20\x69\x66\x20\x28\x5f\x5f\x75"
  "\x5f\x66\x69\x78\x65\x64\x20\x3e\x3d\x20\x30\x20\x26\x26\x20\x5f\x5f\x75\x5f\x69"
  "\x20\x3e\x3d\x20\x5f\x5f\x75\x5f\x66\x69\x78\x65\x64\x20\x26\x26\x0a\x20\x20\x20"
  "\x20\x20\x20\x20\x20\x20\x20\x20\x20\x28\x5f\x5f\x75\x5f\x74\x79\x70\x65\x73\x5b"
  "\x5f\x5f\x75\x5f\x69\x5d\x20\x3d\x3d\x20\x5f\x5f\x75\x66\x66\x69\x5f\x74\x79\x70"
  "\x65\x73\x5b\x55\x46\x46\x49\x5f\x46\x4c\x4f\x41\x54\x5d\x20\x7c\x7c\x0a\x20\x20"
  "\x20\x20\x20\x20\x20\x20\x20\x20\x20\x20\x20\x5f\x5f\x75\x5f\x74\x79\x70\x65\x73"
  "\x5b\x5f\x5f\x75\x5f\x69\x5d\x20\x3d\x3d\x20\x5f\x5f\x75\x66\x66\x69\x5f\x74\x79"
  "\x70\x65\x73\x5b\x55\x46\x46\x49\x5f\x53\x49\x4e\x54\x38\x5d\x20\x7c\x7c\x0a\x20"
  "\x20\x20\x20\x20\x20\x20\x20\x20\x20\x20\x20\x20\x5f\x5f\x75\x5f\x74\x79\x70\x65"
  "\x73\x5b\x5f\x5f\x75\x5f\x69\x5d\x20\x3d\x3d\x20\x5f\x5f\x75\x66\x66\x69\x5f\x74"
  "\x79\x70\x65\x73\x5b\x55\x46\x46\x49\x5f\x55\x49\x4e\x54\x38\x5d\x20\x7c\x7c\x0a"
  "\x20\x20\x20\x20\x20\x20\x20\x20\x20\x20\x20\x20\x20\x5f\x5f\x75\x5f\x74\x79\x70"
  "\x65\x73\x5b\x5f\x5f\x75\x5f\x69\x5d\x20\x3d\x3d\x20\x5f\x5f\x75\x66\x66\x69\x5f"
  "\x74\x79\x70\x65\x73\x5b\x55\x46\x46\x49\x5f\x53\x49\x4e\x54\x31\x36\x5d\x20\x7c"
  "\x7c\x0a\x20\x20\x20\x20\x20\x20\x20\x20\x20\x20\x20\x20\x20\x5f\x5f\x75\x5f\x74"
  "\x79\x70\x65\x73\x5b\x5f\x5f\x75\x5f\x69\x5d\x20\x3d\x3d\x20\x5f\x5f\x75\x66\x66"
  "\x69\x5f\x74\x79\x70\x65\x73\x5b\x55\x46\x46\x49\x5f\x55\x49\x4e\x54\x31\x36\x5d"
  "\x29\x29\x20\x72\x65\x74\x75\x72\x6e\x20\x30\x20\x2d\x20\x33\x3b\x0a\x20\x20\x20"
  "\x20\x20\x20\x20\x20\x5f\x5f\x75\x5f\x69\x20\x3d\x20\x5f\x5f\x75\x5f\x69\x20\x2b"
  "\x20\x31\x3b\x0a\x20\x20\x20\x20\x7d\x0a\x20\x20\x20\x20\x5f\x5f\x75\x5f\x61\x72"
  "\x67\x73\x5b\x30\x5d\x20\x3d\x20\x28\x6c\x6f\x6e\x67\x29\x26\x5f\x5f\x75\x5f\x63"
  "\x69\x66\x3b\x20\x5f\x5f\x75\x5f\x61\x72\x67\x73\x5b\x31\x5d\x20\x3d\x20\x55\x46"
  "\x46\x49\x5f\x41\x42\x49\x3b\x0a\x20\x20\x20\x20\x69\x66\x20\x28\x5f\x5f\x75\x5f"
  "\x66\x69\x78\x65\x64\x20\x3c\x20\x30\x29\x20\x7b\x0a\x20\x20\x20\x20\x20\x20\x20"
  "\x20\x5f\x5f\x75\x5f\x61\x72\x67\x73\x5b\x32\x5d\x20\x3d\x20\x5f\x5f\x75\x5f\x6e"
  "\x3b\x20\x5f\x5f\x75\x5f\x61\x72\x67\x73\x5b\x33\x5d\x20\x3d\x20\x28\x6c\x6f\x6e"
  "\x67\x29\x5f\x5f\x75\x5f\x72\x74\x79\x70\x65\x3b\x0a\x20\x20\x20\x20\x20\x20\x20"
  "\x20\x5f\x5f\x75\x5f\x61\x72\x67\x73\x5b\x34\x5d\x20\x3d\x20\x28\x6c\x6f\x6e\x67"
  "\x29\x5f\x5f\x75\x5f\x74\x79\x70\x65\x73\x3b\x20\x5f\x5f\x75\x5f\x61\x72\x67\x73"
  "\x5b\x35\x5d\x20\x3d\x20\x30\x3b\x0a\x20\x20\x20\x20\x20\x20\x20\x20\x5f\x5f\x75"
  "\x5f\x73\x74\x61\x74\x75\x73\x20\x3d\x20\x28\x69\x6e\x74\x29\x5f\x5f\x68\x6f\x73"
  "\x74\x63\x61\x6c\x6c\x28\x5f\x5f\x75\x66\x66\x69\x5f\x70\x72\x65\x70\x2c\x20\x5f"
  "\x5f\x75\x5f\x61\x72\x67\x73\x29\x3b\x0a\x20\x20\x20\x20\x7d\x20\x65\x6c\x73\x65"
  "\x20\x7b\x0a\x20\x20\x20\x20\x20\x20\x20\x20\x5f\x5f\x75\x5f\x61\x72\x67\x73\x5b"
  "\x32\x5d\x20\x3d\x20\x5f\x5f\x75\x5f\x66\x69\x78\x65\x64\x3b\x20\x5f\x5f\x75\x5f"
  "\x61\x72\x67\x73\x5b\x33\x5d\x20\x3d\x20\x5f\x5f\x75\x5f\x6e\x3b\x0a\x20\x20\x20"
  "\x20\x20\x20\x20\x20\x5f\x5f\x75\x5f\x61\x72\x67\x73\x5b\x34\x5d\x20\x3d\x20\x28"
  "\x6c\x6f\x6e\x67\x29\x5f\x5f\x75\x5f\x72\x74\x79\x70\x65\x3b\x20\x5f\x5f\x75\x5f"
  "\x61\x72\x67\x73\x5b\x35\x5d\x20\x3d\x20\x28\x6c\x6f\x6e\x67\x29\x5f\x5f\x75\x5f"
  "\x74\x79\x70\x65\x73\x3b\x0a\x20\x20\x20\x20\x20\x20\x20\x20\x5f\x5f\x75\x5f\x73"
  "\x74\x61\x74\x75\x73\x20\x3d\x20\x28\x69\x6e\x74\x29\x5f\x5f\x68\x6f\x73\x74\x63"
  "\x61\x6c\x6c\x28\x5f\x5f\x75\x66\x66\x69\x5f\x70\x72\x65\x70\x5f\x76\x61\x72\x2c"
  "\x20\x5f\x5f\x75\x5f\x61\x72\x67\x73\x29\x3b\x0a\x20\x20\x20\x20\x7d\x0a\x20\x20"
  "\x20\x20\x69\x66\x20\x28\x5f\x5f\x75\x5f\x73\x74\x61\x74\x75\x73\x20\x21\x3d\x20"
  "\x30\x29\x20\x72\x65\x74\x75\x72\x6e\x20\x5f\x5f\x75\x5f\x73\x74\x61\x74\x75\x73"
  "\x3b\x0a\x20\x20\x20\x20\x5f\x5f\x75\x5f\x61\x72\x67\x73\x5b\x30\x5d\x20\x3d\x20"
  "\x28\x6c\x6f\x6e\x67\x29\x26\x5f\x5f\x75\x5f\x63\x69\x66\x3b\x20\x5f\x5f\x75\x5f"
  "\x61\x72\x67\x73\x5b\x31\x5d\x20\x3d\x20\x28\x6c\x6f\x6e\x67\x29\x5f\x5f\x75\x5f"
  "\x66\x6e\x3b\x0a\x20\x20\x20\x20\x5f\x5f\x75\x5f\x61\x72\x67\x73\x5b\x32\x5d\x20"
  "\x3d\x20\x28\x6c\x6f\x6e\x67\x29\x5f\x5f\x75\x5f\x72\x65\x73\x75\x6c\x74\x3b\x20"
  "\x5f\x5f\x75\x5f\x61\x72\x67\x73\x5b\x33\x5d\x20\x3d\x20\x28\x6c\x6f\x6e\x67\x29"
  "\x5f\x5f\x75\x5f\x76\x61\x6c\x75\x65\x73\x3b\x0a\x20\x20\x20\x20\x5f\x5f\x75\x5f"
  "\x61\x72\x67\x73\x5b\x34\x5d\x20\x3d\x20\x30\x3b\x20\x5f\x5f\x75\x5f\x61\x72\x67"
  "\x73\x5b\x35\x5d\x20\x3d\x20\x30\x3b\x0a\x20\x20\x20\x20\x5f\x5f\x68\x6f\x73\x74"
  "\x63\x61\x6c\x6c\x28\x5f\x5f\x75\x66\x66\x69\x5f\x63\x61\x6c\x6c\x2c\x20\x5f\x5f"
  "\x75\x5f\x61\x72\x67\x73\x29\x3b\x0a\x20\x20\x20\x20\x72\x65\x74\x75\x72\x6e\x20"
  "\x30\x3b\x0a\x7d\x0a\x23\x65\x6e\x64\x69\x66\x0a\x23\x69\x66\x20\x21\x5f\x5f\x55"
  "\x4e\x49\x53\x41\x5f\x46\x54\x52\x49\x4d\x5f\x4c\x49\x42\x43\x20\x7c\x7c\x20\x5f"
  "\x5f\x55\x4e\x5f\x75\x66\x66\x69\x5f\x63\x61\x6c\x6c\x0a\x73\x74\x61\x74\x69\x63"
  "\x20\x69\x6e\x74\x20\x75\x66\x66\x69\x5f\x63\x61\x6c\x6c\x28\x76\x6f\x69\x64\x20"
  "\x2a\x5f\x5f\x75\x5f\x66\x6e\x2c\x20\x69\x6e\x74\x20\x5f\x5f\x75\x5f\x72\x65\x74"
  "\x75\x72\x6e\x5f\x6b\x69\x6e\x64\x2c\x20\x69\x6e\x74\x20\x2a\x5f\x5f\x75\x5f\x6b"
  "\x69\x6e\x64\x73\x2c\x0a\x20\x20\x20\x20\x20\x20\x20\x20\x20\x20\x20\x20\x20\x20"
  "\x20\x20\x20\x20\x20\x20\x20\x76\x6f\x69\x64\x20\x2a\x2a\x5f\x5f\x75\x5f\x76\x61"
  "\x6c\x75\x65\x73\x2c\x20\x69\x6e\x74\x20\x5f\x5f\x75\x5f\x6e\x2c\x20\x69\x6e\x74"
  "\x20\x5f\x5f\x75\x5f\x66\x69\x78\x65\x64\x2c\x0a\x20\x20\x20\x20\x20\x20\x20\x20"
  "\x20\x20\x20\x20\x20\x20\x20\x20\x20\x20\x20\x20\x20\x76\x6f\x69\x64\x20\x2a\x5f"
  "\x5f\x75\x5f\x72\x65\x73\x75\x6c\x74\x29\x20\x7b\x0a\x20\x20\x20\x20\x76\x6f\x69"
  "\x64\x20\x2a\x5f\x5f\x75\x5f\x74\x79\x70\x65\x73\x5b\x55\x46\x46\x49\x5f\x4d\x41"
  "\x58\x5f\x41\x52\x47\x53\x5d\x3b\x0a\x20\x20\x20\x20\x76\x6f\x69\x64\x20\x2a\x5f"
  "\x5f\x75\x5f\x72\x74\x79\x70\x65\x3b\x20\x69\x6e\x74\x20\x5f\x5f\x75\x5f\x69\x3b"
  "\x0a\x20\x20\x20\x20\x69\x66\x20\x28\x5f\x5f\x75\x5f\x6e\x20\x3c\x20\x30\x20\x7c"
  "\x7c\x20\x5f\x5f\x75\x5f\x6e\x20\x3e\x20\x55\x46\x46\x49\x5f\x4d\x41\x58\x5f\x41"
  "\x52\x47\x53\x20\x7c\x7c\x20\x28\x5f\x5f\x75\x5f\x6e\x20\x21\x3d\x20\x30\x20\x26"
  "\x26\x20\x5f\x5f\x75\x5f\x6b\x69\x6e\x64\x73\x20\x3d\x3d\x20\x30\x29\x29\x20\x72"
  "\x65\x74\x75\x72\x6e\x20\x30\x20\x2d\x20\x33\x3b\x0a\x20\x20\x20\x20\x5f\x5f\x75"
  "\x5f\x72\x74\x79\x70\x65\x20\x3d\x20\x75\x66\x66\x69\x5f\x74\x79\x70\x65\x28\x5f"
  "\x5f\x75\x5f\x72\x65\x74\x75\x72\x6e\x5f\x6b\x69\x6e\x64\x29\x3b\x0a\x20\x20\x20"
  "\x20\x5f\x5f\x75\x5f\x69\x20\x3d\x20\x30\x3b\x0a\x20\x20\x20\x20\x77\x68\x69\x6c"
  "\x65\x20\x28\x5f\x5f\x75\x5f\x69\x20\x3c\x20\x5f\x5f\x75\x5f\x6e\x29\x20\x7b\x0a"
  "\x20\x20\x20\x20\x20\x20\x20\x20\x5f\x5f\x75\x5f\x74\x79\x70\x65\x73\x5b\x5f\x5f"
  "\x75\x5f\x69\x5d\x20\x3d\x20\x75\x66\x66\x69\x5f\x74\x79\x70\x65\x28\x5f\x5f\x75"
  "\x5f\x6b\x69\x6e\x64\x73\x5b\x5f\x5f\x75\x5f\x69\x5d\x29\x3b\x0a\x20\x20\x20\x20"
  "\x20\x20\x20\x20\x5f\x5f\x75\x5f\x69\x20\x3d\x20\x5f\x5f\x75\x5f\x69\x20\x2b\x20"
  "\x31\x3b\x0a\x20\x20\x20\x20\x7d\x0a\x20\x20\x20\x20\x72\x65\x74\x75\x72\x6e\x20"
  "\x75\x66\x66\x69\x5f\x63\x61\x6c\x6c\x5f\x74\x79\x70\x65\x73\x28\x5f\x5f\x75\x5f"
  "\x66\x6e\x2c\x20\x5f\x5f\x75\x5f\x72\x74\x79\x70\x65\x2c\x20\x5f\x5f\x75\x5f\x74"
  "\x79\x70\x65\x73\x2c\x20\x5f\x5f\x75\x5f\x76\x61\x6c\x75\x65\x73\x2c\x0a\x20\x20"
  "\x20\x20\x20\x20\x20\x20\x20\x20\x20\x20\x20\x20\x20\x20\x20\x20\x20\x20\x20\x20"
  "\x20\x20\x20\x20\x20\x5f\x5f\x75\x5f\x6e\x2c\x20\x5f\x5f\x75\x5f\x66\x69\x78\x65"
  "\x64\x2c\x20\x5f\x5f\x75\x5f\x72\x65\x73\x75\x6c\x74\x29\x3b\x0a\x7d\x0a\x23\x65"
  "\x6e\x64\x69\x66\x0a\x23\x65\x6e\x64\x69\x66\x0a";

/* HDR_28: include/unistd.h, verbatim */
char *HDR_28 =
  "\x2f\x2a\x20\x4d\x69\x6e\x69\x6d\x61\x6c\x20\x50\x4f\x53\x49\x58\x20\x3c\x75\x6e"
  "\x69\x73\x74\x64\x2e\x68\x3e\x20\x28\x30\x2e\x30\x2e\x31\x37\x20\x52\x31\x37\x2d"
  "\x35\x2c\x20\x6f\x72\x64\x65\x72\x65\x64\x20\x62\x79\x20\x74\x68\x65\x20\x72\x65"
  "\x61\x6c\x70\x72\x6f\x67\x20\x63\x6f\x72\x70\x75\x73\x29\x3a\x0a\x20\x2a\x20\x74"
  "\x68\x65\x20\x66\x69\x6c\x65\x2d\x64\x65\x73\x63\x72\x69\x70\x74\x6f\x72\x20\x63"
  "\x61\x6c\x6c\x73\x20\x74\x68\x65\x20\x62\x75\x6e\x64\x6c\x65\x64\x20\x6c\x69\x62"
  "\x72\x61\x72\x79\x20\x61\x6c\x72\x65\x61\x64\x79\x20\x6d\x61\x6b\x65\x73\x20\x74"
  "\x68\x72\x6f\x75\x67\x68\x20\x69\x74\x73\x0a\x20\x2a\x20\x6f\x77\x6e\x20\x73\x79"
  "\x73\x63\x61\x6c\x6c\x20\x69\x6e\x74\x72\x69\x6e\x73\x69\x63\x73\x2c\x20\x75\x6e"
  "\x64\x65\x72\x20\x74\x68\x65\x69\x72\x20\x50\x4f\x53\x49\x58\x20\x6e\x61\x6d\x65"
  "\x73\x2e\x20\x20\x52\x65\x74\x75\x72\x6e\x20\x76\x61\x6c\x75\x65\x73\x20\x66\x6f"
  "\x6c\x6c\x6f\x77\x0a\x20\x2a\x20\x50\x4f\x53\x49\x58\x3a\x20\x2d\x31\x20\x77\x69"
  "\x74\x68\x20\x65\x72\x72\x6e\x6f\x20\x73\x65\x74\x20\x6f\x6e\x20\x66\x61\x69\x6c"
  "\x75\x72\x65\x2e\x20\x20\x69\x73\x61\x74\x74\x79\x20\x61\x72\x72\x69\x76\x65\x64"
  "\x20\x69\x6e\x20\x30\x2e\x30\x2e\x31\x38\x2e\x20\x20\x4e\x6f\x74\x20\x70\x72\x6f"
  "\x76\x69\x64\x65\x64\x20\x28\x79\x65\x74\x29\x3a\x20\x66\x6f\x72\x6b\x2f\x65\x78"
  "\x65\x63\x2c\x0a\x20\x2a\x20\x67\x65\x74\x70\x69\x64\x2c\x20\x73\x6c\x65\x65\x70"
  "\x2c\x20\x70\x69\x70\x65\x73\x20\x28\x50\x4f\x53\x49\x58\x20\x4c\x32\x2c\x20\x70"
  "\x6c\x61\x6e\x73\x2f\x76\x30\x2e\x31\x2e\x78\x2e\x6d\x64\x29\x2e\x20\x2a\x2f\x0a"
  "\x23\x69\x66\x6e\x64\x65\x66\x20\x5f\x55\x4e\x49\x53\x41\x5f\x55\x4e\x49\x53\x54"
  "\x44\x5f\x48\x0a\x23\x64\x65\x66\x69\x6e\x65\x20\x5f\x55\x4e\x49\x53\x41\x5f\x55"
  "\x4e\x49\x53\x54\x44\x5f\x48\x0a\x23\x69\x6e\x63\x6c\x75\x64\x65\x20\x3c\x73\x74"
  "\x64\x64\x65\x66\x2e\x68\x3e\x0a\x23\x69\x6e\x63\x6c\x75\x64\x65\x20\x3c\x65\x72"
  "\x72\x6e\x6f\x2e\x68\x3e\x0a\x23\x69\x6e\x63\x6c\x75\x64\x65\x20\x3c\x73\x79\x73"
  "\x2f\x74\x79\x70\x65\x73\x2e\x68\x3e\x0a\x23\x64\x65\x66\x69\x6e\x65\x20\x53\x54"
  "\x44\x49\x4e\x5f\x46\x49\x4c\x45\x4e\x4f\x20\x30\x0a\x23\x64\x65\x66\x69\x6e\x65"
  "\x20\x53\x54\x44\x4f\x55\x54\x5f\x46\x49\x4c\x45\x4e\x4f\x20\x31\x0a\x23\x64\x65"
  "\x66\x69\x6e\x65\x20\x53\x54\x44\x45\x52\x52\x5f\x46\x49\x4c\x45\x4e\x4f\x20\x32"
  "\x0a\x23\x69\x66\x6e\x64\x65\x66\x20\x53\x45\x45\x4b\x5f\x53\x45\x54\x0a\x23\x64"
  "\x65\x66\x69\x6e\x65\x20\x53\x45\x45\x4b\x5f\x53\x45\x54\x20\x30\x0a\x23\x64\x65"
  "\x66\x69\x6e\x65\x20\x53\x45\x45\x4b\x5f\x43\x55\x52\x20\x31\x0a\x23\x64\x65\x66"
  "\x69\x6e\x65\x20\x53\x45\x45\x4b\x5f\x45\x4e\x44\x20\x32\x0a\x23\x65\x6e\x64\x69"
  "\x66\x0a\x23\x69\x66\x20\x21\x5f\x5f\x55\x4e\x49\x53\x41\x5f\x46\x54\x52\x49\x4d"
  "\x5f\x4c\x49\x42\x43\x20\x7c\x7c\x20\x5f\x5f\x55\x4e\x5f\x72\x65\x61\x64\x0a\x73"
  "\x74\x61\x74\x69\x63\x20\x73\x73\x69\x7a\x65\x5f\x74\x20\x72\x65\x61\x64\x28\x69"
  "\x6e\x74\x20\x5f\x5f\x75\x5f\x66\x64\x2c\x20\x76\x6f\x69\x64\x20\x2a\x5f\x5f\x75"
  "\x5f\x62\x75\x66\x2c\x20\x73\x69\x7a\x65\x5f\x74\x20\x5f\x5f\x75\x5f\x6e\x29\x20"
  "\x7b\x0a\x20\x20\x20\x20\x6c\x6f\x6e\x67\x20\x5f\x5f\x75\x5f\x72\x3b\x20\x5f\x5f"
  "\x75\x5f\x72\x20\x3d\x20\x5f\x5f\x72\x65\x61\x64\x28\x5f\x5f\x75\x5f\x66\x64\x2c"
  "\x20\x28\x63\x68\x61\x72\x20\x2a\x29\x5f\x5f\x75\x5f\x62\x75\x66\x2c\x20\x28\x6c"
  "\x6f\x6e\x67\x29\x5f\x5f\x75\x5f\x6e\x29\x3b\x0a\x20\x20\x20\x20\x69\x66\x20\x28"
  "\x5f\x5f\x75\x5f\x72\x20\x3c\x20\x30\x29\x20\x7b\x20\x65\x72\x72\x6e\x6f\x20\x3d"
  "\x20\x28\x69\x6e\x74\x29\x28\x30\x20\x2d\x20\x5f\x5f\x75\x5f\x72\x29\x3b\x20\x72"
  "\x65\x74\x75\x72\x6e\x20\x2d\x31\x3b\x20\x7d\x0a\x20\x20\x20\x20\x72\x65\x74\x75"
  "\x72\x6e\x20\x5f\x5f\x75\x5f\x72\x3b\x0a\x7d\x0a\x23\x65\x6e\x64\x69\x66\x0a\x23"
  "\x69\x66\x20\x21\x5f\x5f\x55\x4e\x49\x53\x41\x5f\x46\x54\x52\x49\x4d\x5f\x4c\x49"
  "\x42\x43\x20\x7c\x7c\x20\x5f\x5f\x55\x4e\x5f\x77\x72\x69\x74\x65\x0a\x73\x74\x61"
  "\x74\x69\x63\x20\x73\x73\x69\x7a\x65\x5f\x74\x20\x77\x72\x69\x74\x65\x28\x69\x6e"
  "\x74\x20\x5f\x5f\x75\x5f\x66\x64\x2c\x20\x63\x6f\x6e\x73\x74\x20\x76\x6f\x69\x64"
  "\x20\x2a\x5f\x5f\x75\x5f\x62\x75\x66\x2c\x20\x73\x69\x7a\x65\x5f\x74\x20\x5f\x5f"
  "\x75\x5f\x6e\x29\x20\x7b\x0a\x20\x20\x20\x20\x6c\x6f\x6e\x67\x20\x5f\x5f\x75\x5f"
  "\x72\x3b\x20\x5f\x5f\x75\x5f\x72\x20\x3d\x20\x5f\x5f\x77\x72\x69\x74\x65\x28\x5f"
  "\x5f\x75\x5f\x66\x64\x2c\x20\x28\x63\x68\x61\x72\x20\x2a\x29\x5f\x5f\x75\x5f\x62"
  "\x75\x66\x2c\x20\x28\x6c\x6f\x6e\x67\x29\x5f\x5f\x75\x5f\x6e\x29\x3b\x0a\x20\x20"
  "\x20\x20\x69\x66\x20\x28\x5f\x5f\x75\x5f\x72\x20\x3c\x20\x30\x29\x20\x7b\x20\x65"
  "\x72\x72\x6e\x6f\x20\x3d\x20\x28\x69\x6e\x74\x29\x28\x30\x20\x2d\x20\x5f\x5f\x75"
  "\x5f\x72\x29\x3b\x20\x72\x65\x74\x75\x72\x6e\x20\x2d\x31\x3b\x20\x7d\x0a\x20\x20"
  "\x20\x20\x72\x65\x74\x75\x72\x6e\x20\x5f\x5f\x75\x5f\x72\x3b\x0a\x7d\x0a\x23\x65"
  "\x6e\x64\x69\x66\x0a\x23\x69\x66\x20\x21\x5f\x5f\x55\x4e\x49\x53\x41\x5f\x46\x54"
  "\x52\x49\x4d\x5f\x4c\x49\x42\x43\x20\x7c\x7c\x20\x5f\x5f\x55\x4e\x5f\x63\x6c\x6f"
  "\x73\x65\x0a\x73\x74\x61\x74\x69\x63\x20\x69\x6e\x74\x20\x63\x6c\x6f\x73\x65\x28"
  "\x69\x6e\x74\x20\x5f\x5f\x75\x5f\x66\x64\x29\x20\x7b\x0a\x20\x20\x20\x20\x6c\x6f"
  "\x6e\x67\x20\x5f\x5f\x75\x5f\x72\x3b\x20\x5f\x5f\x75\x5f\x72\x20\x3d\x20\x5f\x5f"
  "\x63\x6c\x6f\x73\x65\x28\x5f\x5f\x75\x5f\x66\x64\x29\x3b\x0a\x20\x20\x20\x20\x69"
  "\x66\x20\x28\x5f\x5f\x75\x5f\x72\x20\x3c\x20\x30\x29\x20\x7b\x20\x65\x72\x72\x6e"
  "\x6f\x20\x3d\x20\x28\x69\x6e\x74\x29\x28\x30\x20\x2d\x20\x5f\x5f\x75\x5f\x72\x29"
  "\x3b\x20\x72\x65\x74\x75\x72\x6e\x20\x2d\x31\x3b\x20\x7d\x0a\x20\x20\x20\x20\x72"
  "\x65\x74\x75\x72\x6e\x20\x30\x3b\x0a\x7d\x0a\x23\x65\x6e\x64\x69\x66\x0a\x23\x69"
  "\x66\x20\x21\x5f\x5f\x55\x4e\x49\x53\x41\x5f\x46\x54\x52\x49\x4d\x5f\x4c\x49\x42"
  "\x43\x20\x7c\x7c\x20\x5f\x5f\x55\x4e\x5f\x6c\x73\x65\x65\x6b\x0a\x73\x74\x61\x74"
  "\x69\x63\x20\x6f\x66\x66\x5f\x74\x20\x6c\x73\x65\x65\x6b\x28\x69\x6e\x74\x20\x5f"
  "\x5f\x75\x5f\x66\x64\x2c\x20\x6f\x66\x66\x5f\x74\x20\x5f\x5f\x75\x5f\x6f\x66\x66"
  "\x2c\x20\x69\x6e\x74\x20\x5f\x5f\x75\x5f\x77\x68\x65\x6e\x63\x65\x29\x20\x7b\x0a"
  "\x20\x20\x20\x20\x6c\x6f\x6e\x67\x20\x5f\x5f\x75\x5f\x72\x3b\x20\x5f\x5f\x75\x5f"
  "\x72\x20\x3d\x20\x5f\x5f\x6c\x73\x65\x65\x6b\x28\x5f\x5f\x75\x5f\x66\x64\x2c\x20"
  "\x28\x6c\x6f\x6e\x67\x29\x5f\x5f\x75\x5f\x6f\x66\x66\x2c\x20\x5f\x5f\x75\x5f\x77"
  "\x68\x65\x6e\x63\x65\x29\x3b\x0a\x20\x20\x20\x20\x69\x66\x20\x28\x5f\x5f\x75\x5f"
  "\x72\x20\x3c\x20\x30\x29\x20\x7b\x20\x65\x72\x72\x6e\x6f\x20\x3d\x20\x28\x69\x6e"
  "\x74\x29\x28\x30\x20\x2d\x20\x5f\x5f\x75\x5f\x72\x29\x3b\x20\x72\x65\x74\x75\x72"
  "\x6e\x20\x2d\x31\x3b\x20\x7d\x0a\x20\x20\x20\x20\x72\x65\x74\x75\x72\x6e\x20\x5f"
  "\x5f\x75\x5f\x72\x3b\x0a\x7d\x0a\x23\x65\x6e\x64\x69\x66\x0a\x23\x69\x66\x6e\x64"
  "\x65\x66\x20\x5f\x57\x49\x4e\x33\x32\x0a\x23\x69\x66\x20\x21\x5f\x5f\x55\x4e\x49"
  "\x53\x41\x5f\x46\x54\x52\x49\x4d\x5f\x4c\x49\x42\x43\x20\x7c\x7c\x20\x5f\x5f\x55"
  "\x4e\x5f\x69\x73\x61\x74\x74\x79\x0a\x73\x74\x61\x74\x69\x63\x20\x69\x6e\x74\x20"
  "\x69\x73\x61\x74\x74\x79\x28\x69\x6e\x74\x20\x5f\x5f\x75\x5f\x66\x64\x29\x20\x7b"
  "\x20\x20\x20\x20\x20\x20\x20\x20\x20\x20\x20\x20\x20\x20\x20\x2f\x2a\x20\x61\x20"
  "\x74\x65\x72\x6d\x69\x6e\x61\x6c\x20\x61\x6e\x73\x77\x65\x72\x73\x20\x74\x68\x65"
  "\x20\x61\x74\x74\x72\x69\x62\x75\x74\x65\x20\x72\x65\x71\x75\x65\x73\x74\x20\x28"
  "\x52\x31\x38\x2d\x31\x30\x29\x20\x2a\x2f\x0a\x20\x20\x20\x20\x75\x6e\x73\x69\x67"
  "\x6e\x65\x64\x20\x63\x68\x61\x72\x20\x5f\x5f\x75\x5f\x74\x5b\x31\x32\x38\x5d\x3b"
  "\x20\x6c\x6f\x6e\x67\x20\x5f\x5f\x75\x5f\x72\x3b\x0a\x23\x69\x66\x64\x65\x66\x20"
  "\x5f\x5f\x41\x50\x50\x4c\x45\x5f\x5f\x0a\x20\x20\x20\x20\x5f\x5f\x75\x5f\x72\x20"
  "\x3d\x20\x5f\x5f\x69\x6f\x63\x74\x6c\x28\x5f\x5f\x75\x5f\x66\x64\x2c\x20\x30\x78"
  "\x34\x30\x34\x38\x37\x34\x31\x33\x4c\x2c\x20\x28\x63\x68\x61\x72\x20\x2a\x29\x5f"
  "\x5f\x75\x5f\x74\x29\x3b\x0a\x23\x65\x6c\x73\x65\x0a\x20\x20\x20\x20\x5f\x5f\x75"
  "\x5f\x72\x20\x3d\x20\x5f\x5f\x69\x6f\x63\x74\x6c\x28\x5f\x5f\x75\x5f\x66\x64\x2c"
  "\x20\x30\x78\x35\x34\x30\x31\x4c\x2c\x20\x28\x63\x68\x61\x72\x20\x2a\x29\x5f\x5f"
  "\x75\x5f\x74\x29\x3b\x0a\x23\x65\x6e\x64\x69\x66\x0a\x20\x20\x20\x20\x69\x66\x20"
  "\x28\x5f\x5f\x75\x5f\x72\x20\x3c\x20\x30\x29\x20\x7b\x20\x65\x72\x72\x6e\x6f\x20"
  "\x3d\x20\x28\x69\x6e\x74\x29\x28\x30\x20\x2d\x20\x5f\x5f\x75\x5f\x72\x29\x3b\x20"
  "\x72\x65\x74\x75\x72\x6e\x20\x30\x3b\x20\x7d\x20\x72\x65\x74\x75\x72\x6e\x20\x31"
  "\x3b\x0a\x7d\x0a\x23\x65\x6e\x64\x69\x66\x0a\x23\x65\x6e\x64\x69\x66\x0a\x23\x69"
  "\x66\x20\x21\x64\x65\x66\x69\x6e\x65\x64\x28\x5f\x57\x49\x4e\x33\x32\x29\x20\x26"
  "\x26\x20\x28\x21\x5f\x5f\x55\x4e\x49\x53\x41\x5f\x46\x54\x52\x49\x4d\x5f\x4c\x49"
  "\x42\x43\x20\x7c\x7c\x20\x5f\x5f\x55\x4e\x5f\x66\x74\x72\x75\x6e\x63\x61\x74\x65"
  "\x29\x0a\x73\x74\x61\x74\x69\x63\x20\x69\x6e\x74\x20\x66\x74\x72\x75\x6e\x63\x61"
  "\x74\x65\x28\x69\x6e\x74\x20\x5f\x5f\x75\x5f\x66\x64\x2c\x20\x6f\x66\x66\x5f\x74"
  "\x20\x5f\x5f\x75\x5f\x6c\x65\x6e\x29\x20\x7b\x20\x20\x20\x2f\x2a\x20\x52\x31\x38"
  "\x2d\x35\x20\x28\x6b\x69\x6c\x6f\x20\x73\x61\x76\x65\x73\x20\x74\x68\x72\x6f\x75"
  "\x67\x68\x20\x69\x74\x29\x20\x2a\x2f\x0a\x20\x20\x20\x20\x6c\x6f\x6e\x67\x20\x5f"
  "\x5f\x75\x5f\x72\x3b\x20\x5f\x5f\x75\x5f\x72\x20\x3d\x20\x5f\x5f\x66\x74\x72\x75"
  "\x6e\x63\x61\x74\x65\x28\x5f\x5f\x75\x5f\x66\x64\x2c\x20\x28\x6c\x6f\x6e\x67\x29"
  "\x5f\x5f\x75\x5f\x6c\x65\x6e\x2c\x20\x30\x29\x3b\x0a\x20\x20\x20\x20\x69\x66\x20"
  "\x28\x5f\x5f\x75\x5f\x72\x20\x3c\x20\x30\x29\x20\x7b\x20\x65\x72\x72\x6e\x6f\x20"
  "\x3d\x20\x28\x69\x6e\x74\x29\x28\x30\x20\x2d\x20\x5f\x5f\x75\x5f\x72\x29\x3b\x20"
  "\x72\x65\x74\x75\x72\x6e\x20\x2d\x31\x3b\x20\x7d\x0a\x20\x20\x20\x20\x72\x65\x74"
  "\x75\x72\x6e\x20\x30\x3b\x0a\x7d\x0a\x23\x65\x6e\x64\x69\x66\x0a\x23\x69\x66\x20"
  "\x21\x5f\x5f\x55\x4e\x49\x53\x41\x5f\x46\x54\x52\x49\x4d\x5f\x4c\x49\x42\x43\x20"
  "\x7c\x7c\x20\x5f\x5f\x55\x4e\x5f\x75\x6e\x6c\x69\x6e\x6b\x0a\x73\x74\x61\x74\x69"
  "\x63\x20\x69\x6e\x74\x20\x75\x6e\x6c\x69\x6e\x6b\x28\x63\x6f\x6e\x73\x74\x20\x63"
  "\x68\x61\x72\x20\x2a\x5f\x5f\x75\x5f\x70\x61\x74\x68\x29\x20\x7b\x0a\x20\x20\x20"
  "\x20\x6c\x6f\x6e\x67\x20\x5f\x5f\x75\x5f\x72\x3b\x20\x5f\x5f\x75\x5f\x72\x20\x3d"
  "\x20\x5f\x5f\x75\x6e\x6c\x69\x6e\x6b\x28\x28\x63\x68\x61\x72\x20\x2a\x29\x5f\x5f"
  "\x75\x5f\x70\x61\x74\x68\x29\x3b\x0a\x20\x20\x20\x20\x69\x66\x20\x28\x5f\x5f\x75"
  "\x5f\x72\x20\x3c\x20\x30\x29\x20\x7b\x20\x65\x72\x72\x6e\x6f\x20\x3d\x20\x28\x69"
  "\x6e\x74\x29\x28\x30\x20\x2d\x20\x5f\x5f\x75\x5f\x72\x29\x3b\x20\x72\x65\x74\x75"
  "\x72\x6e\x20\x2d\x31\x3b\x20\x7d\x0a\x20\x20\x20\x20\x72\x65\x74\x75\x72\x6e\x20"
  "\x30\x3b\x0a\x7d\x0a\x23\x65\x6e\x64\x69\x66\x0a\x23\x65\x6e\x64\x69\x66\x0a";

/* HDR_29: include/wchar.h, verbatim */
char *HDR_29 =
  "\x2f\x2a\x20\x77\x63\x68\x61\x72\x2e\x68\x20\x2d\x2d\x20\x65\x6e\x6f\x75\x67\x68"
  "\x20\x6f\x66\x20\x69\x74\x20\x66\x6f\x72\x20\x77\x69\x64\x65\x20\x73\x74\x72\x69"
  "\x6e\x67\x20\x6c\x69\x74\x65\x72\x61\x6c\x73\x2e\x0a\x20\x2a\x0a\x20\x2a\x20\x60"
  "\x77\x63\x68\x61\x72\x5f\x74\x60\x20\x69\x73\x20\x66\x6f\x75\x72\x20\x62\x79\x74"
  "\x65\x73\x20\x6f\x6e\x20\x65\x76\x65\x72\x79\x20\x74\x61\x72\x67\x65\x74\x20\x77"
  "\x65\x20\x65\x6d\x69\x74\x2e\x20\x20\x57\x69\x6e\x64\x6f\x77\x73\x27\x20\x6f\x77"
  "\x6e\x20\x69\x73\x20\x74\x77\x6f\x2c\x20\x62\x75\x74\x0a\x20\x2a\x20\x6e\x6f\x74"
  "\x68\x69\x6e\x67\x20\x68\x65\x72\x65\x20\x63\x61\x6c\x6c\x73\x20\x61\x20\x2d\x57"
  "\x20\x65\x6e\x74\x72\x79\x20\x70\x6f\x69\x6e\x74\x2c\x20\x61\x6e\x64\x20\x6f\x6e"
  "\x65\x20\x77\x69\x64\x74\x68\x20\x69\x73\x20\x77\x68\x61\x74\x20\x6b\x65\x65\x70"
  "\x73\x20\x61\x20\x77\x69\x64\x65\x0a\x20\x2a\x20\x6c\x69\x74\x65\x72\x61\x6c\x20"
  "\x74\x61\x72\x67\x65\x74\x2d\x69\x6e\x64\x65\x70\x65\x6e\x64\x65\x6e\x74\x3a\x20"
  "\x60\x2d\x2d\x66\x6f\x6c\x64\x60\x20\x63\x6f\x6d\x70\x61\x72\x65\x73\x20\x73\x69"
  "\x78\x20\x6c\x6f\x77\x65\x72\x69\x6e\x67\x73\x20\x6f\x66\x20\x4f\x4e\x45\x20\x74"
  "\x61\x70\x65\x2c\x0a\x20\x2a\x20\x73\x6f\x20\x61\x20\x6c\x69\x74\x65\x72\x61\x6c"
  "\x20\x77\x68\x6f\x73\x65\x20\x65\x6c\x65\x6d\x65\x6e\x74\x20\x73\x69\x7a\x65\x20"
  "\x64\x65\x70\x65\x6e\x64\x65\x64\x20\x6f\x6e\x20\x74\x68\x65\x20\x74\x61\x72\x67"
  "\x65\x74\x20\x77\x6f\x75\x6c\x64\x20\x62\x72\x65\x61\x6b\x20\x74\x68\x61\x74\x2e"
  "\x0a\x20\x2a\x2f\x0a\x23\x69\x66\x6e\x64\x65\x66\x20\x5f\x55\x4e\x49\x53\x41\x5f"
  "\x57\x43\x48\x41\x52\x5f\x48\x0a\x23\x64\x65\x66\x69\x6e\x65\x20\x5f\x55\x4e\x49"
  "\x53\x41\x5f\x57\x43\x48\x41\x52\x5f\x48\x0a\x0a\x23\x69\x66\x6e\x64\x65\x66\x20"
  "\x5f\x55\x4e\x49\x53\x41\x5f\x57\x43\x48\x41\x52\x5f\x54\x0a\x23\x64\x65\x66\x69"
  "\x6e\x65\x20\x5f\x55\x4e\x49\x53\x41\x5f\x57\x43\x48\x41\x52\x5f\x54\x0a\x74\x79"
  "\x70\x65\x64\x65\x66\x20\x69\x6e\x74\x20\x77\x63\x68\x61\x72\x5f\x74\x3b\x0a\x23"
  "\x65\x6e\x64\x69\x66\x0a\x0a\x23\x64\x65\x66\x69\x6e\x65\x20\x57\x45\x4f\x46\x20"
  "\x28\x30\x2d\x31\x29\x0a\x0a\x23\x69\x66\x20\x21\x5f\x5f\x55\x4e\x49\x53\x41\x5f"
  "\x46\x54\x52\x49\x4d\x5f\x4c\x49\x42\x43\x20\x7c\x7c\x20\x5f\x5f\x55\x4e\x5f\x77"
  "\x63\x73\x6c\x65\x6e\x0a\x73\x74\x61\x74\x69\x63\x20\x6c\x6f\x6e\x67\x20\x77\x63"
  "\x73\x6c\x65\x6e\x28\x63\x6f\x6e\x73\x74\x20\x77\x63\x68\x61\x72\x5f\x74\x20\x2a"
  "\x5f\x5f\x75\x5f\x73\x29\x20\x7b\x0a\x20\x20\x20\x20\x6c\x6f\x6e\x67\x20\x5f\x5f"
  "\x75\x5f\x6e\x3b\x0a\x20\x20\x20\x20\x5f\x5f\x75\x5f\x6e\x20\x3d\x20\x30\x3b\x0a"
  "\x20\x20\x20\x20\x77\x68\x69\x6c\x65\x20\x28\x5f\x5f\x75\x5f\x73\x5b\x5f\x5f\x75"
  "\x5f\x6e\x5d\x29\x20\x5f\x5f\x75\x5f\x6e\x20\x3d\x20\x5f\x5f\x75\x5f\x6e\x20\x2b"
  "\x20\x31\x3b\x0a\x20\x20\x20\x20\x72\x65\x74\x75\x72\x6e\x20\x5f\x5f\x75\x5f\x6e"
  "\x3b\x0a\x7d\x0a\x23\x65\x6e\x64\x69\x66\x0a\x0a\x23\x65\x6e\x64\x69\x66\x0a";

/* the i-th header's text */
char *hdr_text(int i) {
  if (i == 0) return HDR_0;
  if (i == 1) return HDR_1;
  if (i == 2) return HDR_2;
  if (i == 3) return HDR_3;
  if (i == 4) return HDR_4;
  if (i == 5) return HDR_5;
  if (i == 6) return HDR_6;
  if (i == 7) return HDR_7;
  if (i == 8) return HDR_8;
  if (i == 9) return HDR_9;
  if (i == 10) return HDR_10;
  if (i == 11) return HDR_11;
  if (i == 12) return HDR_12;
  if (i == 13) return HDR_13;
  if (i == 14) return HDR_14;
  if (i == 15) return HDR_15;
  if (i == 16) return HDR_16;
  if (i == 17) return HDR_17;
  if (i == 18) return HDR_18;
  if (i == 19) return HDR_19;
  if (i == 20) return HDR_20;
  if (i == 21) return HDR_21;
  if (i == 22) return HDR_22;
  if (i == 23) return HDR_23;
  if (i == 24) return HDR_24;
  if (i == 25) return HDR_25;
  if (i == 26) return HDR_26;
  if (i == 27) return HDR_27;
  if (i == 28) return HDR_28;
  if (i == 29) return HDR_29;
  return 0;
}

/* LIBKEY k reaches carried bodies LIBKEY_DEP[LIBKEY_OFF[k]..LIBKEY_OFF[k+1]) */
char *LIBKEY_NAMES = "_m_hi\000_m_kcos\000_m_ksin\000_m_lo\000_m_mk\000_m_rempio2\000_m_sethi\000_u_dat\000_u_dexp\000_u_digit\000_u_digits\000_u_ffmt\000_u_isspace\000_u_put\000_u_round\000_u_st_slot\000_u_vfmt\000_unisa_fd\000_unisa_len\000_unisa_map\000_unisa_sift\000_unisa_strdigit\000_unisa_strmag\000_unisa_swap\000abort\000abs\000acos\000asin\000atan\000atan2\000atan2f\000atanf\000atexit\000atof\000atoi\000atol\000atoll\000bsearch\000calloc\000cbrt\000ceil\000ceilf\000cfmakeraw\000chmod\000clearerr\000close\000closedir\000copysign\000cos\000cosf\000cosh\000difftime\000div\000exit\000exp\000exp2\000expf\000expm1\000fabs\000fabsf\000fclose\000fcntl\000fdim\000feof\000ferror\000fflush\000fgetc\000fgets\000floor\000floorf\000fmax\000fmin\000fmod\000fopen\000fprintf\000fputc\000fputs\000fread\000free\000frexp\000fseek\000fstat\000ftell\000ftruncate\000fwrite\000getc\000getchar\000getenv\000getline\000hypot\000imaxabs\000ioctl\000isalnum\000isalpha\000isatty\000isblank\000iscntrl\000isdigit\000isfinite\000isgraph\000isinf\000islower\000isnan\000isprint\000ispunct\000isspace\000isupper\000isxdigit\000labs\000ldexp\000ldiv\000llabs\000localeconv\000log\000log10\000log1p\000log2\000logf\000lround\000lseek\000lstat\000malloc\000memchr\000memcmp\000memcpy\000memmove\000memset\000mkdir\000modf\000open\000opendir\000perror\000poll\000pow\000powf\000printf\000putchar\000puts\000qsort\000raise\000rand\000read\000readdir\000realloc\000remove\000rename\000rewind\000round\000scalbn\000setlocale\000setvbuf\000signal\000signbit\000sin\000sinf\000sinh\000snprintf\000sprintf\000sqrt\000sqrtf\000srand\000sscanf\000stat\000strcat\000strchr\000strcmp\000strcoll\000strcpy\000strcspn\000strerror\000strlen\000strncat\000strncmp\000strncpy\000strpbrk\000strrchr\000strspn\000strstr\000strtod\000strtof\000strtok\000strtol\000strtold\000strtoll\000strtoul\000strtoull\000tan\000tanf\000tanh\000tcgetattr\000tcsetattr\000time\000tmpfile\000tolower\000toupper\000trunc\000uffi_call\000uffi_call_types\000uffi_dlclose\000uffi_dlerror\000uffi_dlopen\000uffi_dlsym\000uffi_init\000uffi_type\000ungetc\000unlink\000vfprintf\000vprintf\000vsnprintf\000vsprintf\000vsscanf\000wcslen\000write\000";
#define NLIBKEY 213
long LIBKEY_OFF[214] = {0, 1, 4, 6, 7, 8, 13, 16, 17, 18, 19, 20, 24, 25, 27, 28, 30, 39, 40, 41, 42, 44, 45, 47, 48, 49, 50, 61, 72, 77, 86, 96, 102, 103, 105, 106, 110, 115, 116, 119, 129, 136, 144, 145, 146, 149, 150, 152, 156, 164, 173, 181, 182, 183, 185, 190, 196, 202, 207, 211, 216, 218, 219, 220, 223, 226, 227, 234, 242, 249, 257, 258, 259, 269, 277, 287, 289, 292, 294, 295, 300, 302, 304, 306, 307, 309, 317, 325, 326, 338, 345, 346, 347, 352, 355, 356, 357, 358, 359, 361, 362, 365, 366, 367, 368, 375, 376, 377, 378, 379, 381, 382, 383, 384, 389, 395, 401, 407, 413, 421, 422, 424, 426, 427, 428, 429, 431, 432, 433, 441, 442, 445, 452, 453, 462, 472, 482, 485, 489, 492, 493, 494, 495, 496, 500, 501, 502, 504, 511, 514, 515, 516, 517, 519, 527, 536, 545, 555, 565, 566, 567, 568, 577, 578, 581, 582, 583, 585, 586, 587, 589, 590, 591, 592, 593, 594, 595, 596, 597, 598, 600, 601, 604, 606, 610, 613, 617, 627, 638, 645, 646, 647, 648, 656, 658, 660, 666, 672, 676, 677, 678, 679, 680, 683, 687, 690, 691, 701, 711, 721, 731, 739, 740, 741};
long LIBKEY_DEP[741] = {0, 0, 1, 4, 0, 2, 3, 4, 0, 3, 4, 5, 58, 3, 4, 6, 7, 8, 9, 10, 7, 8, 11, 14, 12, 13, 17, 14, 15, 17, 7, 8, 10, 11, 13, 14, 16, 17, 18, 17, 18, 19, 20, 23, 21, 21, 22, 23, 24, 25, 0, 3, 4, 26, 28, 29, 47, 58, 100, 152, 158, 0, 3, 4, 27, 28, 29, 47, 58, 100, 152, 158, 0, 3, 4, 28, 58, 0, 3, 4, 28, 29, 47, 58, 100, 152, 0, 3, 4, 28, 29, 30, 47, 58, 100, 152, 0, 3, 4, 28, 31, 58, 32, 33, 178, 34, 21, 22, 35, 181, 21, 22, 36, 181, 183, 37, 19, 38, 121, 0, 3, 4, 6, 39, 47, 54, 58, 100, 113, 0, 3, 4, 40, 47, 58, 195, 0, 3, 4, 40, 41, 47, 58, 195, 42, 43, 15, 17, 44, 45, 46, 78, 0, 3, 4, 47, 0, 1, 2, 3, 4, 5, 48, 58, 0, 1, 2, 3, 4, 5, 48, 49, 58, 0, 3, 4, 6, 50, 54, 57, 58, 51, 52, 32, 53, 0, 3, 4, 6, 54, 0, 3, 4, 6, 54, 55, 0, 3, 4, 6, 54, 56, 0, 3, 4, 6, 57, 0, 3, 4, 58, 0, 3, 4, 58, 59, 17, 60, 61, 62, 15, 17, 63, 15, 17, 64, 65, 15, 17, 63, 66, 77, 141, 204, 15, 17, 63, 66, 67, 77, 141, 204, 0, 3, 4, 47, 58, 68, 195, 0, 3, 4, 47, 58, 68, 69, 195, 70, 71, 0, 3, 4, 6, 47, 58, 72, 79, 100, 109, 10, 17, 73, 77, 129, 141, 192, 212, 7, 8, 10, 11, 13, 14, 16, 17, 18, 74, 17, 75, 17, 18, 76, 17, 77, 78, 0, 3, 4, 6, 79, 17, 80, 81, 162, 17, 82, 83, 17, 84, 15, 17, 63, 66, 77, 85, 141, 204, 15, 17, 63, 66, 77, 86, 141, 204, 87, 15, 17, 19, 63, 66, 77, 78, 88, 121, 141, 143, 204, 0, 3, 4, 58, 89, 100, 158, 90, 91, 92, 93, 97, 101, 106, 93, 101, 106, 94, 95, 96, 97, 0, 98, 99, 0, 3, 100, 101, 102, 103, 92, 93, 97, 99, 101, 104, 106, 105, 106, 107, 108, 4, 109, 110, 111, 112, 0, 3, 4, 6, 113, 0, 3, 4, 6, 113, 114, 0, 3, 4, 6, 113, 115, 0, 3, 4, 6, 113, 116, 0, 3, 4, 6, 113, 117, 0, 3, 4, 47, 58, 118, 147, 195, 119, 120, 162, 19, 121, 122, 123, 124, 124, 125, 126, 127, 0, 3, 4, 47, 58, 100, 128, 195, 129, 19, 121, 130, 17, 18, 75, 76, 91, 131, 169, 132, 0, 3, 4, 6, 58, 109, 133, 148, 158, 0, 3, 4, 6, 58, 109, 133, 134, 148, 158, 7, 8, 10, 11, 13, 14, 16, 17, 18, 135, 17, 75, 136, 17, 18, 76, 137, 20, 23, 138, 139, 140, 141, 142, 19, 78, 121, 143, 144, 145, 17, 146, 0, 3, 4, 47, 58, 147, 195, 4, 109, 148, 149, 150, 151, 0, 152, 0, 1, 2, 3, 4, 5, 58, 153, 0, 1, 2, 3, 4, 5, 58, 153, 154, 0, 3, 4, 6, 54, 57, 58, 113, 155, 7, 8, 10, 11, 13, 14, 16, 17, 18, 156, 7, 8, 10, 11, 13, 14, 16, 17, 18, 157, 158, 159, 160, 0, 3, 4, 6, 9, 12, 54, 161, 210, 162, 163, 167, 170, 164, 165, 165, 166, 167, 168, 91, 169, 170, 171, 172, 173, 174, 175, 176, 177, 178, 178, 179, 180, 21, 22, 181, 178, 182, 21, 22, 181, 183, 21, 22, 184, 21, 22, 184, 185, 0, 1, 2, 3, 4, 5, 48, 58, 153, 186, 0, 1, 2, 3, 4, 5, 48, 58, 153, 186, 187, 0, 3, 4, 6, 57, 58, 188, 189, 190, 191, 10, 17, 73, 77, 129, 141, 192, 212, 106, 193, 101, 194, 0, 3, 4, 47, 58, 195, 196, 197, 200, 201, 202, 203, 197, 200, 201, 202, 198, 199, 200, 201, 200, 201, 202, 200, 201, 202, 203, 15, 17, 204, 205, 7, 8, 10, 11, 13, 14, 16, 17, 18, 206, 7, 8, 10, 11, 13, 14, 16, 17, 18, 207, 7, 8, 10, 11, 13, 14, 16, 17, 18, 208, 7, 8, 10, 11, 13, 14, 16, 17, 18, 209, 0, 3, 4, 6, 9, 12, 54, 210, 211, 212};
char *LIBBODY_NAMES = "_m_hi\000_m_kcos\000_m_ksin\000_m_lo\000_m_mk\000_m_rempio2\000_m_sethi\000_u_dat\000_u_dexp\000_u_digit\000_u_digits\000_u_ffmt\000_u_isspace\000_u_put\000_u_round\000_u_st_slot\000_u_vfmt\000_unisa_fd\000_unisa_len\000_unisa_map\000_unisa_sift\000_unisa_strdigit\000_unisa_strmag\000_unisa_swap\000abort\000abs\000acos\000asin\000atan\000atan2\000atan2f\000atanf\000atexit\000atof\000atoi\000atol\000atoll\000bsearch\000calloc\000cbrt\000ceil\000ceilf\000cfmakeraw\000chmod\000clearerr\000close\000closedir\000copysign\000cos\000cosf\000cosh\000difftime\000div\000exit\000exp\000exp2\000expf\000expm1\000fabs\000fabsf\000fclose\000fcntl\000fdim\000feof\000ferror\000fflush\000fgetc\000fgets\000floor\000floorf\000fmax\000fmin\000fmod\000fopen\000fprintf\000fputc\000fputs\000fread\000free\000frexp\000fseek\000fstat\000ftell\000ftruncate\000fwrite\000getc\000getchar\000getenv\000getline\000hypot\000imaxabs\000ioctl\000isalnum\000isalpha\000isatty\000isblank\000iscntrl\000isdigit\000isfinite\000isgraph\000isinf\000islower\000isnan\000isprint\000ispunct\000isspace\000isupper\000isxdigit\000labs\000ldexp\000ldiv\000llabs\000localeconv\000log\000log10\000log1p\000log2\000logf\000lround\000lseek\000lstat\000malloc\000memchr\000memcmp\000memcpy\000memmove\000memset\000mkdir\000modf\000open\000opendir\000perror\000poll\000pow\000powf\000printf\000putchar\000puts\000qsort\000raise\000rand\000read\000readdir\000realloc\000remove\000rename\000rewind\000round\000scalbn\000setlocale\000setvbuf\000signal\000signbit\000sin\000sinf\000sinh\000snprintf\000sprintf\000sqrt\000sqrtf\000srand\000sscanf\000stat\000strcat\000strchr\000strcmp\000strcoll\000strcpy\000strcspn\000strerror\000strlen\000strncat\000strncmp\000strncpy\000strpbrk\000strrchr\000strspn\000strstr\000strtod\000strtof\000strtok\000strtol\000strtold\000strtoll\000strtoul\000strtoull\000tan\000tanf\000tanh\000tcgetattr\000tcsetattr\000time\000tmpfile\000tolower\000toupper\000trunc\000uffi_call\000uffi_call_types\000uffi_dlclose\000uffi_dlerror\000uffi_dlopen\000uffi_dlsym\000uffi_init\000uffi_type\000ungetc\000unlink\000vfprintf\000vprintf\000vsnprintf\000vsprintf\000vsscanf\000wcslen\000write\000";
#define NLIBBODY 213
/* bodies the compiler itself reaches (libneed.ROOTS), needed whenever pruning is on */
long LIBROOT_DEP[2] = {32, 53};
#define NLIBROOT 2

