/* generated by `unisa emit-kernel` -- do not edit.
 * The decision layer as C: model data + the integer kernel [K-5],
 * self-testing over the FULL gold corpus [P-3].
 * No softmax, no libm, no malloc, no multiply, no float. */

char *MODEL =
  "\x20\x00\x00\x00\x00\x00\x00\x00\x00\x00\x00\x00\x00\x00\x00\x00\xc0\x01\x00\x00"
  "\x00\x00\x00\x00\x00\x00\x00\x00\x00\x00\x00\x00\x1d\x00\x00\x00\x00\x00\x00\x00"
  "\x01\x00\x00\x00\x00\x00\x00\x00\x02\x00\x00\x00\x00\x00\x00\x00\x01\x00\x00\x00"
  "\x00\x00\x00\x00\x1d\x00\x00\x00\x00\x00\x00\x00\x02\x00\x00\x00\x00\x00\x00\x00"
  "\x02\x00\x00\x00\x00\x00\x00\x00\x02\x00\x00\x00\x00\x00\x00\x00\x06\x00\x00\x00"
  "\x00\x00\x00\x02\x00\x01\x00\x01\x00\x00\x03\x00\x01\x00\x02\x00\x00\x01\x00\x01"
  "\x00\x03\x00\x00\x00\x00\x01\x00\x04\x00\x00\x00\x00\x01\x00\x05\x00\x00\x01\x00"
  "\x01\x00\x80\x09\x00\x00\x00\x00\x00\x00\xf7\x0f\x00\x00\x00\x00\x00\x00\x08\x08"
  "\x00\x00\x00\x00\x00\x00\x00\x00\x00\x00\x00\x00\x00\x00\x01\x02\x00\x00\x00\x00"
  "\x00\x00\x00\x00\x00\x00\x00\x00\x00\x00\x02\x00\x00\x00\x00\x00\x00\x00\x00\x00"
  "\x00\x00\x00\x00\x00\x00\x04\x00\x00\x00\x00\x00\x00\x00\x00\x00\x00\x00\x00\x00"
  "\x00\x00\x10\x00\x00\x00\x00\x00\x00\x00\x00\x00\x00\x00\x00\x00\x00\x00\x20\x00"
  "\x00\x00\x00\x00\x00\x00\x00\x00\x00\x00\x00\x00\x00\x00\x00\x04\x00\x00\x00\x00"
  "\x00\x00\x00\x00\x00\x00\x00\x00\x00\x00\xc0\x01\x00\x00\x00\x00\x00\x00\x3f\x0f"
  "\x00\x00\x00\x00\x00\x00\x40\x00\x00\x00\x00\x00\x00\x00\x40\x00\x00\x00\x00\x00"
  "\x00\x00\x40\x00\x00\x00\x00\x00\x00\x00\x80\x00\x00\x00\x00\x00\x00\x00\x0b\x00"
  "\x00\x00\x00\x00\x00\x08\x00\x02\x00\x01\x00\x00\x03\x00\x01\x00\x02\x00\x00\x00"
  "\x00\x01\x00\x03\x00\x00\x01\x00\x01\x00\x04\x00\x00\x02\x00\x01\x00\x05\x00\x00"
  "\x04\x00\x01\x00\x06\x00\x00\x05\x00\x01\x00\x07\x00\x00\x09\x00\x01\x00\x08\x00"
  "\x00\x08\x00\x01\x00\x09\x00\x00\x07\x00\x01\x00\x0a\x00\x00\x06\x00\x01\x00\x04"
  "\x00\x00\x00\x00\x00\x00\x00\x00\x00\x00\x00\x00\x00\x00\x00\x00\x00\x00\x00\x00"
  "\x00\x00\x00\x00\x00\x00\x00\x00\x00\x00\x00\x02\x00\x00\x00\x00\x00\x00\x00\x00"
  "\x00\x00\x00\x00\x00\x00\x00\x00\x00\x00\x00\x00\x00\x00\x00\x00\x00\x00\x00\x00"
  "\x00\x00\x00\x08\x00\x00\x00\x00\x00\x00\x00\x00\x00\x00\x00\x00\x00\x00\x00\x00"
  "\x00\x00\x00\x00\x00\x00\x00\x00\x00\x00\x00\x00\x00\x00\x00\x01\x00\x00\x00\x00"
  "\x00\x00\x00\x00\x00\x00\x00\x00\x00\x00\x00\x00\x00\x00\x00\x00\x00\x00\x00\x00"
  "\x00\x00\x00\x00\x00\x00\x00\x10\x00\x00\x00\x00\x00\x00\x00\x00\x00\x00\x00\x00"
  "\x00\x00\x00\x00\x00\x00\x00\x00\x00\x00\x00\x00\x00\x00\x00\x00\x00\x00\x00\x00"
  "\x00\x00\x00\x00\x00\x00\x00\x00\x00\x00\x00\x00\x00\x00\x00\x00\x00\x00\x00\x00"
  "\x00\x02\x00\x00\x00\x00\x00\x00\x00\x00\x00\x00\x00\x00\x00\x00\x00\x00\x00\x00"
  "\x00\x00\x00\x00\x00\x00\x00\x00\x00\x10\x00\x00\x00\x00\x00\x00\x00\x00\x00\x00"
  "\x00\x00\x00\x00\x00\x00\x00\x00\x00\x00\x00\x00\x00\x00\x00\x00\x00\x00\x00\x00"
  "\x00\x00\x00\x00\x00\x00\x10\x00\x00\x00\x00\x00\x00\x00\x00\x00\x00\x00\x00\x00"
  "\x00\x00\x00\x00\x00\x00\x00\x00\x00\x00\x00\x00\x40\x00\x00\x00\x00\x00\x00\x00"
  "\x00\x00\x00\x00\x00\x00\x00\x00\x00\x00\x00\x00\x00\x00\x00\x00\x00\x00\x00\x00"
  "\x00\x00\x00\x00\x00\x40\x00\x00\x00\x00\x00\x00\x00\x00\x00\x00\x00\x00\x00\x00"
  "\x00\x00\x00\x00\x00\x00\x00\x00\x00\x00\x00\x00\x00\x00\x00\x00\x08\x00\x00\x00"
  "\x00\x00\x00\x00\x00\x00\x00\x00\x00\x00\x00\x00\x00\x00\x00\x00\x00\x00\x00\x00"
  "\x00\x00\x00\x00\x00\x00\x00\x00\x80\x00\x00\x00\x00\x00\x00\x00\x00\x00\x00\x00"
  "\x00\x00\x00\x00\x00\x00\x00\x00\x00\x00\x00\x00\x00\x00\x00\x00\x00\x00\x00\x00"
  "\x00\x08\x00\x00\x00\x00\x00\x00\x00\x00\x00\x00\x00\x00\x00\x00\x00\x00\x00\x00"
  "\x00\x00\x00\x00\x00\x00\x00\x00\x00\x00\x00\x02\x00\x00\x00\x00\x00\x00\x00\x00"
  "\x00\x00\x00\x00\x00\x00\x00\x00\x00\x00\x00\x00\x00\x00\x00\x00\x00\x00\x00\x00"
  "\x00\x00\x00\x00\x00\x02\x00\x00\x00\x00\x08\x00\x00\x00\x00\x00\x00\x00\x00\x00"
  "\x00\x00\x00\x00\x00\x00\x00\x00\x00\x00\x00\x00\x00\x00\x00\x00\x00\x04\x00\x00"
  "\x00\x00\x00\x00\x00\x00\x00\x00\x00\x00\x00\x00\x00\x00\x00\x00\x00\x00\x00\x00"
  "\x00\x00\x00\x00\x00\x00\x00\x00\x10\x00\x00\x00\x00\x00\x00\x00\x00\x00\x00\x00"
  "\x00\x00\x00\x00\x00\x00\x00\x00\x00\x00\x00\x00\x00\x00\x00\x00\x00\x00\x00\x00"
  "\x00\x00\x00\x20\x00\x00\x00\x00\x00\x00\x00\x00\x00\x00\x00\x00\x00\x00\x00\x00"
  "\x00\x00\x00\x00\x00\x00\x00\x00\x00\x00\x00\x00\x02\x00\x00\x00\x00\x00\x00\x00"
  "\x00\x00\x00\x00\x00\x00\x00\x00\x00\x00\x00\x00\x00\x00\x00\x00\x00\x00\x00\x00"
  "\x00\x00\x00\x01\x00\x00\x00\x00\x00\x00\x00\x00\x00\x00\x00\x00\x00\x00\x00\x00"
  "\x00\x00\x00\x00\x00\x00\x00\x00\x00\x00\x00\x00\x00\x00\x00\x00\x00\x00\x00\x10"
  "\x00\x00\x00\x00\x00\x00\x00\x00\x00\x00\x00\x00\x00\x00\x00\x00\x00\x00\x00\x00"
  "\x00\x00\x00\x00\x00\x00\x00\x00\x00\x00\x00\x00\x00\x01\x00\x00\x00\x00\x00\x00"
  "\x00\x00\x00\x00\x00\x00\x00\x00\x00\x00\x00\x00\x00\x00\x00\x00\x00\x00\x00\x5c"
  "\x00\xa0\xfe\xc7\xff\x80\xe7\x0f\x00\x00\x00\x00\x00\x00\x00\x00\x00\x00\x00\x00"
  "\x00\x00\x00\x00\x00\x00\x00\x00\x00\x00\x00\x00\x00\x01\x00\x00\x00\x00\x00\x00"
  "\x00\x00\x00\x00\x00\x00\x00\x00\x00\x00\x00\x00\x00\x00\x00\x00\x00\x00\x00\x00"
  "\x00\x00\x00\x00\x00\x00\x00\x08\x00\x00\x00\x00\x00\x00\x00\x00\x00\x00\x00\x00"
  "\x00\x00\x00\x00\x00\x00\x00\x00\x00\x00\x00\x00\x00\x00\x00\x00\x01\x00\x00\x00"
  "\x00\x00\x00\x00\x00\x00\x00\x00\x00\x00\x00\x00\x00\x00\x00\x00\x00\x00\x00\x00"
  "\x00\x00\x00\x00\x00\x00\x00\x00\x00\x00\x00\x00\x00\x40\x00\x00\x00\x00\x00\x00"
  "\x00\x00\x00\x00\x00\x00\x00\x00\x00\x00\x00\x00\x00\x00\x00\x00\x00\x00\x00\x20"
  "\x00\x00\x00\x00\x00\x00\x00\x00\x00\x00\x00\x00\x00\x00\x00\x00\x00\x00\x00\x00"
  "\x00\x00\x00\x00\x00\x00\x00\x00\x00\x00\x00\x00\x20\x00\x00\x00\x00\x00\x00\x00"
  "\x00\x00\x00\x00\x00\x00\x00\x00\x00\x00\x00\x00\x00\x00\x00\x00\x00\x00\x00\x00"
  "\x00\x00\x00\x00\x04\x00\x00\x00\x00\x00\x00\x00\x00\x00\x00\x00\x00\x00\x00\x00"
  "\x00\x00\x00\x00\x00\x00\x00\x00\x00\x00\x00\x00\x00\x00\x00\x80\x00\x00\x00\x00"
  "\x00\x00\x00\x00\x00\x00\x00\x00\x00\x00\x00\x00\x00\x00\x00\x00\x00\x00\x00\x00"
  "\x00\x00\x00\x00\x00\x00\x00\x00\x00\x00\x00\x00\x00\x30\x00\x00\x00\x00\x00\x00"
  "\x00\x00\x00\x00\x00\x00\x00\x00\x00\x00\x00\x00\x00\x00\x00\x00\x00\x00\x00\x00"
  "\x00\x00\x00\x00\x00\x0c\x00\x00\x00\x00\x00\x00\x00\x00\x00\x00\x00\x00\x00\x00"
  "\x00\x00\x00\x00\x00\x00\x00\x00\x00\x00\x00\x00\x00\x00\x01\x00\x00\x00\x00\x00"
  "\x00\x00\x00\x00\x00\x00\x00\xb4\x00\x00\x00\x00\x00\x00\x13\x00\x01\x00\x00\x00"
  "\x00\x14\x00\x01\x00\x00\x00\x00\x15\x00\x01\x00\x00\x00\x00\x16\x00\x01\x00\x00"
  "\x00\x00\x17\x00\x01\x00\x00\x00\x00\x18\x00\x01\x00\x00\x00\x00\x21\x00\x01\x00"
  "\x00\x00\x00\x22\x00\x01\x00\x00\x00\x00\x23\x00\x01\x00\x01\x00\x00\x06\x00\x01"
  "\x00\x01\x00\x00\x07\x00\x01\x00\x01\x00\x00\x08\x00\x01\x00\x01\x00\x00\x09\x00"
  "\x01\x00\x01\x00\x00\x0a\x00\x01\x00\x01\x00\x00\x0b\x00\x01\x00\x01\x00\x00\x0c"
  "\x00\x01\x00\x01\x00\x00\x0d\x00\x01\x00\x01\x00\x00\x0e\x00\x01\x00\x01\x00\x00"
  "\x0f\x00\x01\x00\x01\x00\x00\x10\x00\x01\x00\x01\x00\x00\x11\x00\x01\x00\x01\x00"
  "\x00\x12\x00\x01\x00\x01\x00\x00\x20\x00\x01\x00\x02\x00\x00\x19\x00\x01\x00\x02"
  "\x00\x00\x1a\x00\x01\x00\x02\x00\x00\x1b\x00\x01\x00\x02\x00\x00\x1c\x00\x01\x00"
  "\x02\x00\x00\x1d\x00\x01\x00\x03\x00\x00\x00\x00\x01\x00\x03\x00\x00\x02\x00\x01"
  "\x00\x03\x00\x00\x03\x00\x01\x00\x03\x00\x00\x04\x00\x01\x00\x03\x00\x00\x05\x00"
  "\x01\x00\x04\x00\x00\x1e\x00\x01\x00\x04\x00\x00\x1f\x00\x01\x00\x05\x00\x00\x02"
  "\x00\x01\x00\x05\x00\x00\x12\x00\x01\x00\x05\x00\x00\x16\x00\x01\x00\x05\x00\x00"
  "\x1d\x00\x01\x00\x05\x00\x00\x1f\x00\x01\x00\x06\x00\x00\x02\x00\x01\x00\x06\x00"
  "\x00\x11\x00\x01\x00\x06\x00\x00\x18\x00\x01\x00\x06\x00\x00\x1d\x00\x01\x00\x06"
  "\x00\x00\x1e\x00\x01\x00\x07\x00\x00\x02\x00\x01\x00\x07\x00\x00\x12\x00\x01\x00"
  "\x07\x00\x00\x1d\x00\x01\x00\x07\x00\x00\x1f\x00\x01\x00\x07\x00\x00\x21\x00\x01"
  "\x00\x08\x00\x00\x02\x00\x01\x00\x08\x00\x00\x0f\x00\x01\x00\x08\x00\x00\x18\x00"
  "\x01\x00\x08\x00\x00\x1d\x00\x01\x00\x08\x00\x00\x1f\x00\x01\x00\x09\x00\x00\x02"
  "\x00\x01\x00\x09\x00\x00\x12\x00\x01\x00\x09\x00\x00\x18\x00\x01\x00\x09\x00\x00"
  "\x1a\x00\x01\x00\x09\x00\x00\x1e\x00\x01\x00\x0a\x00\x00\x02\x00\x01\x00\x0a\x00"
  "\x00\x0c\x00\x01\x00\x0a\x00\x00\x18\x00\x01\x00\x0a\x00\x00\x1d\x00\x01\x00\x0a"
  "\x00\x00\x1f\x00\x01\x00\x0b\x00\x00\x02\x00\x01\x00\x0b\x00\x00\x10\x00\x01\x00"
  "\x0b\x00\x00\x18\x00\x01\x00\x0b\x00\x00\x1d\x00\x01\x00\x0b\x00\x00\x1f\x00\x01"
  "\x00\x0c\x00\x00\x05\x00\x01\x00\x0c\x00\x00\x06\x00\x01\x00\x0c\x00\x00\x18\x00"
  "\x01\x00\x0c\x00\x00\x1d\x00\x01\x00\x0c\x00\x00\x1f\x00\x01\x00\x0d\x00\x00\x02"
  "\x00\x01\x00\x0d\x00\x00\x06\x00\x01\x00\x0d\x00\x00\x18\x00\x01\x00\x0d\x00\x00"
  "\x1d\x00\x01\x00\x0d\x00\x00\x1f\x00\x01\x00\x0e\x00\x00\x04\x00\x01\x00\x0e\x00"
  "\x00\x06\x00\x01\x00\x0e\x00\x00\x18\x00\x01\x00\x0e\x00\x00\x1d\x00\x01\x00\x0e"
  "\x00\x00\x1f\x00\x01\x00\x0f\x00\x00\x03\x00\x01\x00\x0f\x00\x00\x06\x00\x01\x00"
  "\x0f\x00\x00\x18\x00\x01\x00\x0f\x00\x00\x1d\x00\x01\x00\x0f\x00\x00\x1f\x00\x01"
  "\x00\x10\x00\x00\x02\x00\x01\x00\x10\x00\x00\x0d\x00\x01\x00\x10\x00\x00\x18\x00"
  "\x01\x00\x10\x00\x00\x1d\x00\x01\x00\x10\x00\x00\x1f\x00\x01\x00\x11\x00\x00\x02"
  "\x00\x01\x00\x11\x00\x00\x12\x00\x01\x00\x11\x00\x00\x15\x00\x01\x00\x11\x00\x00"
  "\x1d\x00\x01\x00\x11\x00\x00\x1f\x00\x01\x00\x12\x00\x00\x02\x00\x01\x00\x12\x00"
  "\x00\x0a\x00\x01\x00\x12\x00\x00\x18\x00\x01\x00\x12\x00\x00\x1d\x00\x01\x00\x12"
  "\x00\x00\x1f\x00\x01\x00\x13\x00\x00\x00\x00\x01\x00\x13\x00\x00\x12\x00\x01\x00"
  "\x13\x00\x00\x18\x00\x01\x00\x13\x00\x00\x1d\x00\x01\x00\x13\x00\x00\x1f\x00\x01"
  "\x00\x14\x00\x00\x02\x00\x01\x00\x14\x00\x00\x12\x00\x01\x00\x14\x00\x00\x13\x00"
  "\x01\x00\x14\x00\x00\x1d\x00\x01\x00\x14\x00\x00\x1f\x00\x01\x00\x15\x00\x00\x02"
  "\x00\x01\x00\x15\x00\x00\x12\x00\x01\x00\x15\x00\x00\x14\x00\x01\x00\x15\x00\x00"
  "\x1d\x00\x01\x00\x15\x00\x00\x1f\x00\x01\x00\x16\x00\x00\x02\x00\x01\x00\x16\x00"
  "\x00\x12\x00\x01\x00\x16\x00\x00\x18\x00\x01\x00\x16\x00\x00\x1d\x00\x01\x00\x16"
  "\x00\x00\x1f\x00\x01\x00\x17\x00\x00\x02\x00\x01\x00\x17\x00\x00\x12\x00\x01\x00"
  "\x17\x00\x00\x17\x00\x01\x00\x17\x00\x00\x1d\x00\x01\x00\x17\x00\x00\x1f\x00\x01"
  "\x00\x18\x00\x00\x02\x00\x01\x00\x18\x00\x00\x12\x00\x01\x00\x18\x00\x00\x1d\x00"
  "\x01\x00\x18\x00\x00\x1f\x00\x01\x00\x18\x00\x00\x23\x00\x01\x00\x19\x00\x00\x02"
  "\x00\x01\x00\x19\x00\x00\x09\x00\x01\x00\x19\x00\x00\x18\x00\x01\x00\x19\x00\x00"
  "\x1d\x00\x01\x00\x19\x00\x00\x1f\x00\x01\x00\x1a\x00\x00\x02\x00\x01\x00\x1a\x00"
  "\x00\x18\x00\x01\x00\x1a\x00\x00\x1d\x00\x01\x00\x1a\x00\x00\x1f\x00\x01\x00\x1a"
  "\x00\x00\x20\x00\x01\x00\x1b\x00\x00\x02\x00\x01\x00\x1b\x00\x00\x07\x00\x01\x00"
  "\x1b\x00\x00\x18\x00\x01\x00\x1b\x00\x00\x1d\x00\x01\x00\x1b\x00\x00\x1f\x00\x01"
  "\x00\x1c\x00\x00\x02\x00\x01\x00\x1c\x00\x00\x0e\x00\x01\x00\x1c\x00\x00\x18\x00"
  "\x01\x00\x1c\x00\x00\x1d\x00\x01\x00\x1c\x00\x00\x1f\x00\x01\x00\x1d\x00\x00\x02"
  "\x00\x01\x00\x1d\x00\x00\x0b\x00\x01\x00\x1d\x00\x00\x18\x00\x01\x00\x1d\x00\x00"
  "\x1d\x00\x01\x00\x1d\x00\x00\x1f\x00\x01\x00\x1e\x00\x00\x02\x00\x01\x00\x1e\x00"
  "\x00\x08\x00\x01\x00\x1e\x00\x00\x18\x00\x01\x00\x1e\x00\x00\x1d\x00\x01\x00\x1e"
  "\x00\x00\x1f\x00\x01\x00\x1f\x00\x00\x02\x00\x01\x00\x1f\x00\x00\x12\x00\x01\x00"
  "\x1f\x00\x00\x18\x00\x01\x00\x1f\x00\x00\x1c\x00\x01\x00\x1f\x00\x00\x1f\x00\x01"
  "\x00\x20\x00\x00\x02\x00\x01\x00\x20\x00\x00\x12\x00\x01\x00\x20\x00\x00\x1b\x00"
  "\x01\x00\x20\x00\x00\x1f\x00\x01\x00\x20\x00\x00\x22\x00\x01\x00\x21\x00\x00\x02"
  "\x00\x01\x00\x21\x00\x00\x12\x00\x01\x00\x21\x00\x00\x18\x00\x01\x00\x21\x00\x00"
  "\x19\x00\x01\x00\x21\x00\x00\x1f\x00\x01\x00\xff\x61\x00\x00\x00\x00\x00\x00\x00"
  "\x4e\x00\x00\x00\x00\x00\x00\x00\x00\x00\x00\x00\x00\x00\x00\xff\x7d\x00\x00\x00"
  "\x00\x00\x00\x1e\xc1\x07\x00\x00\x00\x00\x00\x01\x1e\x00\x00\x00\x00\x00\x00\xff"
  "\x1f\x00\x00\x00\x00\x00\x00\x60\x10\x00\x00\x00\x00\x00\x00\xff\x1f\x00\x00\x00"
  "\x00\x00\x00\x01\x18\x00\x00\x00\x00\x00\x00\x7f\xc3\x07\x00\x00\x00\x00\x00\x00"
  "\x00\x00\x00\x00\x00\x00\x00\x00\x06\x00\x00\x00\x00\x00\x00\x7c\x8d\x07\x00\x00"
  "\x00\x00\x00\x00\x00\x00\x00\x00\x00\x00\x00\x66\x00\x00\x00\x00\x00\x00\x00\x1f"
  "\x81\x07\x00\x00\x00\x00\x00\x7e\x00\x00\x00\x00\x00\x00\x00\xff\x6f\x00\x00\x00"
  "\x00\x00\x00\x60\x16\x00\x00\x00\x00\x00\x00\xfe\x61\x00\x00\x00\x00\x00\x00\x66"
  "\x6c\x00\x00\x00\x00\x00\x00\x10\xc9\x07\x00\x00\x00\x00\x00\x7e\x60\x00\x00\x00"
  "\x00\x00\x00\x00\x01\x00\x00\x00\x00\x00\x00\x9f\x81\x07\x00\x00\x00\x00\x00\xfe"
  "\x01\x00\x00\x00\x00\x00\x00\xe6\x00\x00\x00\x00\x00\x00\x00\x1f\x81\x01\x00\x00"
  "\x00\x00\x00\xee\x00\x00\x00\x00\x00\x00\x00\xfe\x6f\x00\x00\x00\x00\x00\x00\x63"
  "\x08\x00\x00\x00\x00\x00\x00\x01\x18\x00\x00\x00\x00\x00\x00\xff\x19\x00\x00\x00"
  "\x00\x00\x00\x1f\xa1\x01\x00\x00\x00\x00\x00\x00\x01\x00\x00\x00\x00\x00\x00\xff"
  "\x79\x00\x00\x00\x00\x00\x00\x0f\x20\x00\x00\x00\x00\x00\x00\x00\x40\x00\x00\x00"
  "\x00\x00\x00\xe6\x21\x00\x00\x00\x00\x00\x00\x0f\x00\x00\x00\x00\x00\x00\x00\xee"
  "\x21\x00\x00\x00\x00\x00\x00\x18\x00\x00\x00\x00\x00\x00\x00\x1f\x81\x01\x00\x00"
  "\x00\x00\x00\x66\x00\x00\x00\x00\x00\x00\x00\x00\x40\x00\x00\x00\x00\x00\x00\x8f"
  "\x00\x00\x00\x00\x00\x00\x00\xff\x79\x00\x00\x00\x00\x00\x00\x10\x66\x00\x00\x00"
  "\x00\x00\x00\x10\xd2\x07\x00\x00\x00\x00\x00\x7f\x1e\x00\x00\x00\x00\x00\x00\x00"
  "\x06\x00\x00\x00\x00\x00\x00\x03\x00\x00\x00\x00\x00\x00\x00\xfe\x01\x00\x00\x00"
  "\x00\x00\x00\x00\x74\x00\x00\x00\x00\x00\x00\x71\xc5\x07\x00\x00\x00\x00\x00\xef"
  "\x1f\x00\x00\x00\x00\x00\x00\x98\x11\x00\x00\x00\x00\x00\x00\x10\x85\x07\x00\x00"
  "\x00\x00\x00\x00\x60\x00\x00\x00\x00\x00\x00\xff\x5f\x00\x00\x00\x00\x00\x00\x1f"
  "\xa8\x01\x00\x00\x00\x00\x00\x10\x00\x00\x00\x00\x00\x00\x00\x08\x00\x00\x00\x00"
  "\x00\x00\x00\x80\x00\x06\x00\x00\x00\x00\x00\x00\x00\x00\x00\x00\x00\x00\x00\x80"
  "\x00\x00\x00\x00\x00\x00\x00\x80\x00\x06\x00\x00\x00\x00\x00\x00\x00\x00\x00\x00"
  "\x00\x00\x00\x10\x12\x00\x00\x00\x00\x00\x00\x1f\xc9\x07\x00\x00\x00\x00\x00\xef"
  "\x19\x00\x00\x00\x00\x00\x00\xff\x7d\x00\x00\x00\x00\x00\x00\x01\x20\x00\x00\x00"
  "\x00\x00\x00\x00\x02\x00\x00\x00\x00\x00\x00\x00\x00\x00\x00\x00\x00\x00\x00\x1f"
  "\xa1\x01\x00\x00\x00\x00\x00\x80\x00\x00\x00\x00\x00\x00\x00\x00\x00\x00\x00\x00"
  "\x00\x00\x00\x00\x20\x06\x00\x00\x00\x00\x00\x88\x00\x00\x00\x00\x00\x00\x00\xff"
  "\x79\x00\x00\x00\x00\x00\x00\x0f\x20\x00\x00\x00\x00\x00\x00\x00\x20\x00\x00\x00"
  "\x00\x00\x00\x18\x00\x00\x00\x00\x00\x00\x00\x9e\x80\x01\x00\x00\x00\x00\x00\x00"
  "\x00\x00\x00\x00\x00\x00\x00\x00\x20\x00\x00\x00\x00\x00\x00\x8f\x00\x00\x00\x00"
  "\x00\x00\x00\x00\x00\x00\x00\x00\x00\x00\x00\x10\x02\x00\x00\x00\x00\x00\x00\x80"
  "\x01\x00\x00\x00\x00\x00\x00\x00\x00\x00\x00\x00\x00\x00\x00\x00\x00\x00\x00\x00"
  "\x00\x00\x00\x00\x20\x00\x00\x00\x00\x00\x00\x02\x00\x00\x00\x00\x00\x00\x00\x00"
  "\x00\x00\x00\x00\x00\x00\x00\x00\x20\x00\x00\x00\x00\x00\x00\x04\x00\x00\x00\x00"
  "\x00\x00\x00\x00\x00\x00\x00\x00\x00\x00\x00\x00\x20\x00\x00\x00\x00\x00\x00\x20"
  "\x00\x00\x00\x00\x00\x00\x00\x00\x00\x00\x00\x00\x00\x00\x00\x00\x20\x00\x00\x00"
  "\x00\x00\x00\x40\x00\x00\x00\x00\x00\x00\x00\x99\x00\x00\x00\x00\x00\x00\x00\x80"
  "\x20\x00\x00\x00\x00\x00\x00\xff\x63\x00\x00\x00\x00\x00\x00\x00\x00\x00\x00\x00"
  "\x00\x00\x00\x00\x20\x00\x00\x00\x00\x00\x00\x00\x08\x00\x00\x00\x00\x00\x00\x00"
  "\x00\x00\x00\x00\x00\x00\x00\x00\x20\x00\x00\x00\x00\x00\x00\x00\x10\x00\x00\x00"
  "\x00\x00\x00\x00\x00\x00\x00\x00\x00\x00\x00\x00\x20\x00\x00\x00\x00\x00\x00\x00"
  "\x04\x00\x00\x00\x00\x00\x00\x02\x00\x00\x00\x00\x00\x00\x00\x80\x00\x00\x00\x00"
  "\x00\x00\x00\x00\x00\x00\x00\x00\x00\x00\x00\x04\x00\x00\x00\x00\x00\x00\x00\x80"
  "\x00\x00\x00\x00\x00\x00\x00\x00\x00\x00\x00\x00\x00\x00\x00\x20\x00\x00\x00\x00"
  "\x00\x00\x00\x80\x00\x00\x00\x00\x00\x00\x00\x00\x00\x00\x00\x00\x00\x00\x00\x40"
  "\x00\x00\x00\x00\x00\x00\x00\x80\x00\x00\x00\x00\x00\x00\x00\x00\x00\x00\x00\x00"
  "\x00\x00\x00\x00\x04\x00\x00\x00\x00\x00\x00\x80\x00\x00\x00\x00\x00\x00\x00\x00"
  "\x00\x00\x00\x00\x00\x00\x00\x00\x08\x00\x00\x00\x00\x00\x00\x80\x00\x00\x00\x00"
  "\x00\x00\x00\x00\x00\x00\x00\x00\x00\x00\x00\x00\x10\x00\x00\x00\x00\x00\x00\x80"
  "\x00\x00\x00\x00\x00\x00\x00\x00\x00\x00\x00\x00\x00\x00\x00\x67\x3e\x00\x00\x00"
  "\x00\x00\x00\x80\x20\x00\x00\x00\x00\x00\x00\x01\x1c\x00\x00\x00\x00\x00\x00\x88"
  "\x12\x00\x00\x00\x00\x00\x00\x00\x59\x00\x00\x00\x00\x00\x00\x18\x66\x00\x00\x00"
  "\x00\x00\x00\x00\x16\x00\x00\x00\x00\x00\x00\x03\x04\x00\x00\x00\x00\x00\x00\x10"
  "\x64\x00\x00\x00\x00\x00\x00\xfe\x01\x00\x00\x00\x00\x00\x00\x01\x00\x00\x00\x00"
  "\x00\x00\x00\x00\x04\x00\x00\x00\x00\x00\x00\x00\x01\x00\x00\x00\x00\x00\x00\x80"
  "\x00\x00\x00\x00\x00\x00\x00\x01\x7e\x00\x00\x00\x00\x00\x00\x08\x28\x00\x00\x00"
  "\x00\x00\x00\x01\x24\x00\x00\x00\x00\x00\x00\x19\x1e\x00\x00\x00\x00\x00\x00\x00"
  "\x0a\x00\x00\x00\x00\x00\x00\x01\x08\x00\x00\x00\x00\x00\x00\x80\x07\x00\x00\x00"
  "\x00\x00\x00\x66\x00\x00\x00\x00\x00\x00\x00\x00\x00\x06\x00\x00\x00\x00\x00\x00"
  "\x01\x00\x00\x00\x00\x00\x00\x00\x66\x00\x00\x00\x00\x00\x00\x00\x20\x00\x00\x00"
  "\x00\x00\x00\x00\x01\x00\x00\x00\x00\x00\x00\x00\x46\x00\x00\x00\x00\x00\x00\x80"
  "\x20\x00\x00\x00\x00\x00\x00\x00\x44\x00\x00\x00\x00\x00\x00\x00\x41\x00\x00\x00"
  "\x00\x00\x00\x00\x20\x00\x00\x00\x00\x00\x00\x01\x00\x00\x00\x00\x00\x00\x00\x00"
  "\x06\x00\x00\x00\x00\x00\x00\x00\x20\x00\x00\x00\x00\x00\x00\x00\x20\x00\x00\x00"
  "\x00\x00\x00\x00\x02\x00\x00\x00\x00\x00\x00\x02\x00\x00\x00\x00\x00\x00\x00\x00"
  "\x02\x00\x00\x00\x00\x00\x00\x00\x02\x00\x00\x00\x00\x00\x00\x00\x20\x00\x00\x00"
  "\x00\x00\x00\x00\x02\x00\x00\x00\x00\x00\x00\x00\x40\x00\x00\x00\x00\x00\x00\x80"
  "\x00\x00\x00\x00\x00\x00\x00\x00\x02\x00\x00\x00\x00\x00\x00\x3d\x00\x00\x00\x00"
  "\x00\x00\x0f\x00\x80\x00\x01\x00\x00\x0f\x00\x80\x00\x02\x00\x00\x04\x00\x00\x02"
  "\x03\x00\x00\x0f\x00\x00\x01\x04\x00\x00\x0f\x00\x80\x00\x05\x00\x00\x03\x00\x00"
  "\x01\x06\x00\x00\x04\x00\x40\x00\x07\x00\x00\x0f\x00\x10\x00\x08\x00\x00\x08\x00"
  "\x80\x00\x09\x00\x00\x07\x00\x80\x00\x0a\x00\x00\x0f\x00\x80\x00\x0b\x00\x00\x08"
  "\x00\x80\x00\x0c\x00\x00\x0e\x00\x10\x00\x0d\x00\x00\x0d\x00\x40\x00\x0e\x00\x00"
  "\x03\x00\x40\x00\x0f\x00\x00\x0e\x00\x40\x00\x10\x00\x00\x04\x00\x08\x00\x11\x00"
  "\x00\x09\x00\x40\x00\x12\x00\x00\x0f\x00\x20\x00\x13\x00\x00\x0f\x00\x20\x00\x14"
  "\x00\x00\x04\x00\x04\x00\x15\x00\x00\x03\x00\x10\x00\x16\x00\x00\x07\x00\x08\x00"
  "\x17\x00\x00\x04\x00\x20\x00\x18\x00\x00\x09\x00\x04\x00\x19\x00\x00\x07\x00\x10"
  "\x00\x1a\x00\x00\x03\x00\x04\x00\x1b\x00\x00\x0d\x00\x10\x00\x1c\x00\x00\x04\x00"
  "\x08\x00\x1d\x00\x00\x0d\x00\x04\x00\x1e\x00\x00\x09\x00\x04\x00\x1f\x00\x00\x01"
  "\x00\x04\x00\x20\x00\x00\x02\x00\x04\x00\x21\x00\x00\x05\x00\x04\x00\x22\x00\x00"
  "\x06\x00\x04\x00\x23\x00\x00\x00\x00\x02\x00\x24\x00\x00\x0b\x00\x04\x00\x25\x00"
  "\x00\x0c\x00\x04\x00\x26\x00\x00\x0a\x00\x04\x00\x27\x00\x00\x01\x00\x04\x00\x28"
  "\x00\x00\x02\x00\x04\x00\x29\x00\x00\x05\x00\x04\x00\x2a\x00\x00\x06\x00\x04\x00"
  "\x2b\x00\x00\x0a\x00\x04\x00\x2c\x00\x00\x0b\x00\x04\x00\x2d\x00\x00\x0c\x00\x04"
  "\x00\x2e\x00\x00\x00\x00\x02\x00\x2f\x00\x00\x04\x00\x01\x00\x30\x00\x00\x0f\x00"
  "\x01\x00\x31\x00\x00\x09\x00\x02\x00\x32\x00\x00\x08\x00\x01\x00\x33\x00\x00\x04"
  "\x00\x01\x00\x34\x00\x00\x0f\x00\x01\x00\x35\x00\x00\x03\x00\x01\x00\x36\x00\x00"
  "\x08\x00\x01\x00\x37\x00\x00\x0e\x00\x01\x00\x38\x00\x00\x00\x00\x01\x00\x39\x00"
  "\x00\x0d\x00\x01\x00\x3a\x00\x00\x04\x00\x01\x00\x3b\x00\x00\x09\x00\x01\x00\x3c"
  "\x00\x00\x0e\x00\x01\x00\x3e\x00\x00\x00\x00\x00\x00\x00\x18\x00\x00\x00\x00\x00"
  "\x00\x00\x15\x00\x00\x00\x00\x00\x00\x00\x05\x00\x00\x00\x00\x00\x00\x00\x2b\x00"
  "\x00\x00\x00\x00\x00\x00\x0d\x00\x00\x00\x00\x00\x00\x00\x18\x00\x00\x00\x00\x00"
  "\x00\x00\x02\x00\x00\x00\x00\x00\x00\x00\x01\x00\x00\x00\x00\x00\x00\x00\x10\x00"
  "\x00\x00\x00\x00\x00\x00\x01\x00\x00\x00\x00\x00\x00\x00\x02\x00\x00\x00\x00\x00"
  "\x00\x00\x02\x00\x00\x00\x00\x00\x00\x00\x02\x00\x00\x00\x00\x00\x00\x00\x04\x00"
  "\x00\x00\x00\x00\x00\x00\x02\x00\x00\x00\x00\x00\x00\x00\x20\x00\x00\x00\x00\x00"
  "\x00\x00\x02\x00\x00\x00\x00\x00\x00\x00\x09\x00\x00\x00\x00\x00\x00\x03\x00\x01"
  "\x00\x01\x00\x00\x04\x00\x02\x00\x02\x00\x00\x03\x00\x01\x00\x03\x00\x00\x03\x00"
  "\x01\x00\x04\x00\x00\x05\x00\x01\x00\x05\x00\x00\x00\x00\x01\x00\x06\x00\x00\x01"
  "\x00\x01\x00\x07\x00\x00\x02\x00\x01\x00\x08\x00\x00\x06\x00\x01\x00\x1f\x00\x00"
  "\x00\x00\x00\x00\x00\x00\x00\x00\x00\xc0\xff\xff\x3f\x3e\x00\x00\x00\x00\x00\x00"
  "\x00\xff\xff\x0f\x00\x00\x00\x00\x00\x3d\x00\x00\x00\x00\x00\x00\x00\x00\x00\xf0"
  "\x03\x00\x00\x00\x00\x37\x00\x00\x00\x00\x00\x00\x00\x00\x00\x00\xe0\x03\x00\x00"
  "\x00\x2f\x00\x00\x00\x00\x00\x00\x00\x00\x00\x00\x00\x3c\x00\x00\x00\x3b\x00\x00"
  "\x00\x00\x00\x00\x00\x00\x00\x00\x1c\x00\x00\x00\x00\x01\x00\x00\x00\x00\x00\x00"
  "\x00\x01\x00\x00\x00\x00\x00\x00\x00\x01\x00\x00\x00\x00\x00\x00\x00\x02\x02\x00"
  "\x00\x00\x00\x00\x00\x01\x00\x00\x00\x00\x00\x00\x00\x04\x00\x00\x00\x00\x00\x00"
  "\x00\x01\x00\x00\x00\x00\x00\x00\x00\x28\x00\x00\x00\x00\x00\x00\x00\x01\x00\x00"
  "\x00\x00\x00\x00\x00\x50\x00\x00\x00\x00\x00\x00\x00\x01\x00\x00\x00\x00\x00\x00"
  "\x00\x80\x00\x00\x00\x00\x00\x00\x00\x01\x00\x00\x00\x00\x00\x00\x00\x00\x01\x00"
  "\x00\x00\x00\x00\x00\x01\x00\x00\x00\x00\x00\x00\x00\x00\x04\x00\x00\x00\x00\x00"
  "\x00\x01\x00\x00\x00\x00\x00\x00\x00\x00\x08\x00\x00\x00\x00\x00\x00\x01\x00\x00"
  "\x00\x00\x00\x00\x00\x00\x10\x00\x00\x00\x00\x00\x00\x01\x00\x00\x00\x00\x00\x00"
  "\x00\x00\x20\x00\x00\x00\x00\x00\x00\x01\x00\x00\x00\x00\x00\x00\x00\x00\x40\x00"
  "\x00\x00\x00\x00\x00\x01\x00\x00\x00\x00\x00\x00\x00\x00\x80\x02\x00\x00\x00\x00"
  "\x00\x01\x00\x00\x00\x00\x00\x00\x00\x00\x00\x05\x00\x00\x00\x00\x00\x01\x00\x00"
  "\x00\x00\x00\x00\x00\x00\x00\x08\x00\x00\x00\x00\x00\x02\x00\x00\x00\x00\x00\x00"
  "\x00\x00\x00\x10\x00\x00\x00\x00\x00\x02\x00\x00\x00\x00\x00\x00\x00\x00\x00\x20"
  "\x00\x00\x00\x00\x00\x02\x00\x00\x00\x00\x00\x00\x00\x00\x00\x40\x00\x00\x00\x00"
  "\x00\x02\x00\x00\x00\x00\x00\x00\x00\x00\x00\x80\x00\x00\x00\x00\x00\x02\x00\x00"
  "\x00\x00\x00\x00\x00\x00\x00\x00\x01\x00\x00\x00\x00\x02\x00\x00\x00\x00\x00\x00"
  "\x00\x00\x00\x00\x02\x00\x00\x00\x00\x04\x00\x00\x00\x00\x00\x00\x00\x00\x00\x00"
  "\x04\x00\x00\x00\x00\x04\x00\x00\x00\x00\x00\x00\x00\x00\x00\x00\x08\x00\x00\x00"
  "\x00\x04\x00\x00\x00\x00\x00\x00\x00\x00\x00\x00\x10\x00\x00\x00\x00\x08\x00\x00"
  "\x00\x00\x00\x00\x00\x00\x00\x00\x20\x00\x00\x00\x00\x08\x00\x00\x00\x00\x00\x00"
  "\x00\x00\x00\x00\x40\x00\x00\x00\x00\x08\x00\x00\x00\x00\x00\x00\x00\x00\x00\x00"
  "\x80\x00\x00\x00\x00\x08\x00\x00\x00\x00\x00\x00\x00\x00\x00\x00\x00\x01\x00\x00"
  "\x00\x08\x00\x00\x00\x00\x00\x00\x00\x00\x00\x00\x00\x02\x00\x00\x00\x10\x00\x00"
  "\x00\x00\x00\x00\x00\x00\x00\x00\x00\x04\x00\x00\x00\x10\x00\x00\x00\x00\x00\x00"
  "\x00\x00\x00\x00\x00\x08\x00\x00\x00\x10\x00\x00\x00\x00\x00\x00\x00\x00\x00\x00"
  "\x00\x10\x00\x00\x00\x10\x00\x00\x00\x00\x00\x00\x00\x00\x00\x00\x00\x20\x00\x00"
  "\x00\x20\x00\x00\x00\x00\x00\x00\x00\x00\x00\x00\x00\x40\x00\x00\x00\x20\x00\x00"
  "\x00\x00\x00\x00\x00\x00\x00\x00\x00\x80\x00\x00\x00\x20\x00\x00\x00\x00\x00\x00"
  "\x00\x00\x00\x00\x00\x00\x01\x00\x00\x20\x00\x00\x00\x00\x00\x00\x00\x00\x00\x00"
  "\x00\x00\x02\x00\x00\x20\x00\x00\x00\x00\x00\x00\x00\x00\x00\x00\x00\x00\x04\x00"
  "\x00\x20\x00\x00\x00\x00\x00\x00\x00\x00\x00\x00\x00\x00\x08\x00\x00\x20\x00\x00"
  "\x00\x00\x00\x00\x00\x00\x00\x00\x00\x00\x10\x00\x00\x20\x00\x00\x00\x00\x00\x00"
  "\x00\x00\x00\x00\x00\x00\x20\x00\x00\x20\x00\x00\x00\x00\x00\x00\x00\x00\x00\x00"
  "\x00\x00\x40\x00\x00\x20\x00\x00\x00\x00\x00\x00\x00\x00\x00\x00\x00\x00\x80\x00"
  "\x00\x20\x00\x00\x00\x00\x00\x00\x00\x00\x00\x00\x00\x00\x00\x01\x00\x20\x00\x00"
  "\x00\x00\x00\x00\x00\x00\x00\x00\x00\x00\x00\x02\x00\x20\x00\x00\x00\x00\x00\x00"
  "\x00\x00\x00\x00\x00\x00\x00\x04\x00\x20\x00\x00\x00\x00\x00\x00\x00\x00\x00\x00"
  "\x00\x00\x00\x08\x00\x20\x00\x00\x00\x00\x00\x00\x00\x00\x00\x00\x00\x00\x00\x10"
  "\x00\x20\x00\x00\x00\x00\x00\x00\x00\x00\x00\x00\x00\x00\x00\x20\x00\x20\x00\x00"
  "\x00\x00\x00\x00\x00\x00\x00\x00\x00\x00\x00\x40\x00\x20\x00\x00\x00\x00\x00\x00"
  "\x00\x00\x00\x00\x00\x00\x00\x80\x00\x20\x00\x00\x00\x00\x00\x00\x00\x00\x00\x00"
  "\x00\x00\x00\x00\x01\x20\x00\x00\x00\x00\x00\x00\x00\x00\x00\x00\x00\x00\x00\x00"
  "\x02\x20\x00\x00\x00\x00\x00\x00\x00\x00\x00\x00\x00\x00\x00\x00\x04\x20\x00\x00"
  "\x00\x00\x00\x00\x00\x00\x00\x00\x00\x00\x00\x00\x08\x20\x00\x00\x00\x00\x00\x00"
  "\x00\x00\x00\x00\x00\x00\x00\x00\x10\x20\x00\x00\x00\x00\x00\x00\x00\x00\x00\x00"
  "\x00\x00\x00\x00\x20\x3f\x00\x00\x00\x00\x00\x00\x39\x00\x01\x00\x01\x00\x00\x39"
  "\x00\x01\x00\x02\x00\x00\x39\x00\x01\x00\x03\x00\x00\x39\x00\x01\x00\x04\x00\x00"
  "\x39\x00\x01\x00\x05\x00\x00\x39\x00\x01\x00\x06\x00\x00\x00\x00\x01\x00\x07\x00"
  "\x00\x33\x00\x01\x00\x08\x00\x00\x28\x00\x01\x00\x09\x00\x00\x30\x00\x01\x00\x0a"
  "\x00\x00\x2f\x00\x01\x00\x0b\x00\x00\x0e\x00\x01\x00\x0c\x00\x00\x29\x00\x01\x00"
  "\x0d\x00\x00\x01\x00\x01\x00\x0e\x00\x00\x2a\x00\x01\x00\x0f\x00\x00\x37\x00\x01"
  "\x00\x10\x00\x00\x2d\x00\x01\x00\x11\x00\x00\x2e\x00\x01\x00\x12\x00\x00\x35\x00"
  "\x01\x00\x13\x00\x00\x34\x00\x01\x00\x14\x00\x00\x27\x00\x01\x00\x15\x00\x00\x26"
  "\x00\x01\x00\x16\x00\x00\x32\x00\x01\x00\x17\x00\x00\x25\x00\x01\x00\x18\x00\x00"
  "\x24\x00\x01\x00\x19\x00\x00\x31\x00\x01\x00\x1a\x00\x00\x38\x00\x01\x00\x1b\x00"
  "\x00\x22\x00\x01\x00\x1c\x00\x00\x23\x00\x01\x00\x1d\x00\x00\x2c\x00\x01\x00\x1e"
  "\x00\x00\x03\x00\x01\x00\x1f\x00\x00\x04\x00\x01\x00\x20\x00\x00\x02\x00\x01\x00"
  "\x21\x00\x00\x1c\x00\x01\x00\x22\x00\x00\x05\x00\x01\x00\x23\x00\x00\x21\x00\x01"
  "\x00\x24\x00\x00\x2b\x00\x01\x00\x25\x00\x00\x36\x00\x01\x00\x26\x00\x00\x0f\x00"
  "\x01\x00\x27\x00\x00\x11\x00\x01\x00\x28\x00\x00\x20\x00\x01\x00\x29\x00\x00\x1b"
  "\x00\x01\x00\x2a\x00\x00\x13\x00\x01\x00\x2b\x00\x00\x19\x00\x01\x00\x2c\x00\x00"
  "\x17\x00\x01\x00\x2d\x00\x00\x15\x00\x01\x00\x2e\x00\x00\x10\x00\x01\x00\x2f\x00"
  "\x00\x1f\x00\x01\x00\x30\x00\x00\x1a\x00\x01\x00\x31\x00\x00\x12\x00\x01\x00\x32"
  "\x00\x00\x18\x00\x01\x00\x33\x00\x00\x16\x00\x01\x00\x34\x00\x00\x14\x00\x01\x00"
  "\x35\x00\x00\x09\x00\x01\x00\x36\x00\x00\x0c\x00\x01\x00\x37\x00\x00\x0a\x00\x01"
  "\x00\x38\x00\x00\x0d\x00\x01\x00\x39\x00\x00\x06\x00\x01\x00\x3a\x00\x00\x08\x00"
  "\x01\x00\x3b\x00\x00\x0b\x00\x01\x00\x3c\x00\x00\x07\x00\x01\x00\x3d\x00\x00\x1e"
  "\x00\x01\x00\x3e\x00\x00\x1d\x00\x01\x00\xff\xff\x07\x00\x00\x00\x00\x00\x00\x00"
  "\x00\x00\x00\x00\x00\x00\x04\x00\x00\x00\x00\x00\x00\x00\x00\x00\x00\x00\x00\x00"
  "\x00\x00\x00\x00\x00\x00\x00\x00\x00\x00\x00\x00\x00\x00\x00\x00\x00\x00\x00\x00"
  "\xf8\xff\xff\xff\xff\xff\x3f\x00\x00\x00\x00\x00\x00\x00\x00\x00\x00\x00\x00\x00"
  "\x00\x00\x00\x00\x00\x00\x00\x00\x00\x00\x01\x00\x00\x00\x00\x00\x00\x00\x00\x00"
  "\x00\x00\x00\x00\x00\x00\x00\x00\xf8\xff\xff\xff\xff\xff\x3f\x00\x00\x00\x00\x00"
  "\x00\x00\x00\x00\x00\x00\x00\x00\x00\x00\x00\x00\x00\x00\x00\x00\x00\x00\x02\x00"
  "\x00\x00\x00\x00\x00\x00\x00\x00\x00\x00\x00\x00\x00\x00\xff\xff\x07\x00\x00\x00"
  "\x00\x00\x00\x00\x00\x00\x00\x00\x00\x00\x03\x00\x00\x00\x00\x00\x00\x00\x00\x00"
  "\x00\x00\x00\x00\x00\x00\x01\x00\x00\x00\x00\x00\x00\x00\x00\x00\x00\x00\x00\x00"
  "\x00\x00\xff\xff\x07\x00\x00\x00\x00\x00\x00\x00\x00\x00\x00\x00\x00\x00\x03\x00"
  "\x00\x00\x00\x00\x00\x00\x00\x00\x00\x00\x00\x00\x00\x00\x02\x00\x00\x00\x00\x00"
  "\x00\x00\x00\x00\x00\x00\x00\x00\x00\x00\x05\x00\x00\x00\x00\x00\x00\x02\x00\x01"
  "\x00\x01\x00\x00\x03\x00\x01\x00\x02\x00\x00\x04\x00\x01\x00\x03\x00\x00\x00\x00"
  "\x01\x00\x04\x00\x00\x01\x00\x01\x00\x00\x00\x00\x00\x00\x00\x00\x00\x01\x00\x00"
  "\x00\x00\x00\x00\x00\x05\x00\x00\x00\x00\x00\x00\x00\x02\x00\x00\x00\x00\x00\x00"
  "\x00\x02\x00\x00\x00\x00\x00\x00\x00\x02\x00\x00\x00\x00\x00\x00\x00\x03\x00\x00"
  "\x00\x00\x00\x00\x00\x00\x01\x00\x01\x00\x00\x01\x00\x01\x00\x02\x00\x00\x02\x00"
  "\x01\x00\x00\x00\xf8\xff\xff\xff\xff\xff\x3f\x00\x00\x00\x00\x00\x00\x00\x01\x00"
  "\x00\x00\x00\x00\x00\x00\x00\x00\x00\x00\x00\x00\x00\x00\x00\x00\xf8\xff\xff\xff"
  "\xff\xff\x3f\x00\x00\x00\x00\x00\x00\x00\x02\x00\x00\x00\x00\x00\x00\x00\x00\x00"
  "\x00\x00\x00\x00\x00\x00\x00\x00\x00\x00\x00\x00\x00\x00\x00\x00\x00\x00\x00\x00"
  "\x00\x00\x01\x00\x00\x00\x00\x00\x00\x00\x00\x00\x00\x00\x00\x00\x00\x00\x00\x00"
  "\x00\x00\x00\x00\x00\x00\x00\x00\x00\x00\x00\x00\x00\x00\x02\x00\x00\x00\x00\x00"
  "\x00\x00\x00\x00\x00\x00\x00\x00\x00\x00\x00\x00\x01\x00\x00\x00\x00\x00\x00\x00"
  "\x00\x00\x00\x00\x00\x00\x00\x00\x00\x00\x00\x00\x00\x00\x00\x00\x00\x00\x00\x00"
  "\x00\x00\x00\x00\x08\x00\x00\x00\x00\x00\x00\x00\x00\x00\x00\x00\x00\x00\x00\x00"
  "\x00\x00\x00\x00\x00\x00\x00\x00\x00\x00\x00\x00\x00\x00\x00\x00\x00\x00\x00\x40"
  "\x00\x00\x00\x00\x00\x00\x00\x00\x00\x00\x00\x00\x00\x00\x00\x00\x00\x00\x00\x00"
  "\x00\x00\x00\x00\x00\x00\x00\x00\x00\x00\x00\x00\x20\x00\x00\x00\x00\x00\x00\x00"
  "\x00\x00\x00\x00\x00\x00\x00\x00\x00\x00\x00\x00\x00\x00\x00\x00\x00\x00\x00\x00"
  "\x00\x00\x40\x00\x00\x00\x00\x00\x00\x00\x00\x00\x00\x00\x00\x00\x00\x00\x00\x00"
  "\x00\x00\x00\x00\x00\x00\x00\x00\x00\x00\x00\x00\x00\x00\x00\x02\x00\x00\x00\x00"
  "\x00\x00\x00\x00\x00\x00\x00\x00\x00\x00\x00\x00\x00\x00\x00\x00\x00\x00\x00\x00"
  "\x00\x00\x00\x00\x00\x08\x00\x00\x00\x00\x00\x00\x00\x00\x00\x00\x00\x00\x00\x00"
  "\x00\x00\x00\x00\x00\x00\x00\x00\x00\x00\x00\x00\x00\x00\x00\x40\x00\x00\x00\x00"
  "\x00\x00\x00\x00\x00\x00\x00\x00\x00\x00\x00\x00\x00\x00\x00\x00\x00\x00\x00\x00"
  "\x00\x00\x00\x00\x00\x00\x00\x00\x00\x20\x00\x00\x00\x00\x00\x00\x00\x00\x00\x00"
  "\x00\x00\x00\x00\x00\x00\x00\x00\x00\x00\x00\x00\x00\x00\x00\x00\x00\x00\x00\x00"
  "\x00\x00\x00\x04\x00\x00\x00\x00\x00\x00\x00\x00\x00\x00\x00\x00\x00\x00\x00\x00"
  "\x00\x00\x00\x00\x00\x00\x00\x00\x00\x00\x00\x00\x00\x00\x01\x00\x00\x00\x00\x00"
  "\x00\x00\x00\x00\x00\x00\x00\x00\x00\x00\x00\x00\x00\x00\x00\x00\x00\x00\x00\x00"
  "\x00\x00\x00\x00\x00\x10\x00\x00\x00\x00\x00\x00\x00\x00\x00\x00\x00\x00\x00\x00"
  "\x00\x00\x00\x00\x00\x00\x00\x00\x00\x00\x00\x00\x00\x00\x00\x02\x00\x00\x00\x00"
  "\x00\x00\x00\x00\x00\x00\x00\x00\x00\x00\x00\x00\x00\x00\x00\x00\x00\x00\x00\x00"
  "\x00\x00\x00\x00\x00\x00\x00\x00\x02\x00\x00\x00\x00\x00\x00\x00\x00\x00\x00\x00"
  "\x00\x00\x00\x00\x00\x00\x00\x00\x00\x00\x00\x00\x00\x00\x00\x00\x00\x00\x10\x00"
  "\x00\x00\x00\x00\x00\x00\x00\x00\x00\x00\x00\x00\x00\x00\x00\x00\x00\x00\x00\x00"
  "\x00\x00\x00\x00\x00\x00\x00\x00\x00\x00\x00\x20\x00\x00\x00\x00\x00\x00\x00\x00"
  "\x00\x00\x00\x00\x00\x00\x00\x00\x00\x00\x00\x00\x00\x00\x00\x00\x00\x00\x00\x00"
  "\x00\x00\x00\x00\x00\x00\x00\x08\x00\x00\x00\x00\x00\x00\x00\x00\x00\x00\x00\x00"
  "\x00\x00\x00\x00\x00\x00\x00\x00\x00\x00\x00\x00\x00\x00\x00\x00\x00\x00\x00\x10"
  "\x00\x00\x00\x00\x00\x00\x00\x00\x00\x00\x00\x00\x00\x00\x00\x00\x00\x00\x00\x00"
  "\x00\x00\x00\x00\x00\x00\x00\x00\x80\x00\x00\x00\x00\x00\x00\x00\x00\x00\x00\x00"
  "\x00\x00\x00\x00\x00\x00\x00\x00\x00\x00\x00\x00\x00\x00\x00\x00\x00\x00\x00\x00"
  "\x00\x01\x00\x00\x00\x00\x00\x00\x00\x00\x00\x00\x00\x00\x00\x00\x00\x00\x00\x00"
  "\x00\x00\x00\x00\x00\x00\x00\x00\x00\x00\x00\x00\x00\x00\x00\x00\x00\x00\x08\x00"
  "\x00\x00\x00\x00\x00\x00\x00\x00\x00\x00\x00\x00\x00\x00\x00\x00\x00\x00\x00\x00"
  "\x00\x00\x00\x00\x00\x00\x00\x00\x00\x10\x00\x00\x00\x00\x00\x00\x00\x00\x00\x00"
  "\x00\x00\x00\x00\x00\x00\x00\x00\x00\x00\x00\x00\x00\x00\x00\x00\x00\x00\x00\x00"
  "\x00\x20\x00\x00\x00\x00\x00\x00\x00\x00\x00\x00\x00\x00\x00\x00\x00\x00\x00\x00"
  "\x00\x00\x00\x00\x00\x00\x00\x00\x00\x00\x00\x00\x00\x40\x00\x00\x00\x00\x00\x00"
  "\x00\x00\x00\x00\x00\x00\x00\x00\x00\x00\x00\x00\x00\x00\x00\x00\x00\x00\x00\x00"
  "\x00\x00\x00\x00\x00\x80\x00\x00\x00\x00\x00\x00\x00\x00\x00\x00\x00\x00\x00\x00"
  "\x00\x00\x00\x00\x00\x00\x00\x00\x00\x00\x00\x00\x00\x00\x00\x00\x00\x00\x04\x00"
  "\x00\x00\x00\x00\x00\x00\x00\x00\x00\x00\x00\x00\x00\x00\x00\x00\x00\x00\x00\x00"
  "\x00\x00\x00\x00\x00\x00\x00\x00\x00\x00\x01\x00\x00\x00\x00\x00\x00\x00\x00\x00"
  "\x00\x00\x00\x00\x00\x00\x00\x00\x00\x00\x00\x00\x00\x00\x00\x00\x00\x00\x00\x00"
  "\x00\x00\x02\x00\x00\x00\x00\x00\x00\x00\x00\x00\x00\x00\x00\x00\x00\x00\x00\x00"
  "\x00\x00\x00\x00\x00\x00\x00\x00\x00\x00\x00\x00\x02\x00\x00\x00\x00\x00\x00\x00"
  "\x00\x00\x00\x00\x00\x00\x00\x00\x00\x00\x00\x00\x00\x00\x00\x00\x00\x00\x00\x00"
  "\x00\x00\x00\x00\x00\x01\x00\x00\x00\x00\x00\x00\x00\x00\x00\x00\x00\x00\x00\x00"
  "\x00\x00\x00\x00\x00\x00\x00\x00\x00\x00\x00\x00\x00\x00\x02\x00\x00\x00\x00\x00"
  "\x00\x00\x00\x00\x00\x00\x00\x00\x00\x00\x00\x00\x00\x00\x00\x00\x00\x00\x00\x00"
  "\x00\x00\x00\x00\x20\x00\x00\x00\x00\x00\x00\x00\x00\x00\x00\x00\x00\x00\x00\x00"
  "\x00\x00\x00\x00\x00\x00\x00\x00\x00\x00\x00\x00\x00\x00\x00\x00\x04\x00\x00\x00"
  "\x00\x00\x00\x00\x00\x00\x00\x00\x00\x00\x00\x00\x00\x00\x00\x00\x00\x00\x00\x00"
  "\x00\x00\x00\x00\x00\x00\x01\x00\x00\x00\x00\x00\x00\x00\x00\x00\x00\x00\x00\x00"
  "\x00\x00\x00\x00\x00\x00\x00\x00\x00\x00\x00\x00\x00\x00\x00\x00\x00\x00\x00\x00"
  "\x00\x00\x00\x00\x1c\x00\x00\x00\x00\x00\x00\x00\x00\x00\x00\x00\x00\x00\x00\x00"
  "\x00\x00\x00\x00\x00\x00\x00\x00\x00\x00\x00\x00\x00\x00\x00\x00\x00\x0e\x00\x00"
  "\x00\x00\x00\x00\x00\x00\x00\x00\x00\x00\x00\x00\x00\x00\x00\x00\x00\x00\x00\x00"
  "\x00\x00\x00\x00\x00\x00\x00\x00\x01\x00\x00\x00\x00\x00\x00\x00\x00\x00\x00\x00"
  "\x00\x00\x00\x00\x00\x00\x00\x00\x00\x00\x00\x00\x00\x00\x00\x00\x00\x00\x00\x00"
  "\x80\x00\x00\x00\x00\x00\x00\x00\x00\x00\x00\x00\x00\x00\x00\x00\x00\x00\x00\x00"
  "\x00\x00\x00\x00\x00\x00\x00\x00\x00\x00\x00\x00\x00\x00\x10\x00\x00\x00\x00\x00"
  "\x00\x00\x00\x00\x00\x00\x00\x00\x00\x00\x00\x00\x00\x00\x00\x00\x00\x00\x00\x00"
  "\x00\x00\x00\x00\x00\x00\x20\x00\x00\x00\x00\x00\x00\x00\x00\x00\x00\x00\x00\x00"
  "\x00\x00\x00\x00\x00\x00\x00\x00\x00\x00\x00\x00\x00\x00\x00\x80\x00\x00\x00\x00"
  "\x00\x00\x00\x00\x00\x00\x00\x00\x00\x00\x00\x00\x00\x00\x00\x00\x00\x00\x00\x00"
  "\x00\x00\x00\x00\x00\x00\x00\x00\x40\x00\x00\x00\x00\x00\x00\x00\x00\x00\x00\x00"
  "\x00\x00\x00\x00\x00\x00\x00\x00\x00\x00\x00\x00\x00\x00\x00\x08\x00\x00\x00\x00"
  "\x00\x00\x00\x00\x00\x00\x00\x00\x00\x00\x00\x00\x00\x00\x00\x00\x00\x00\x00\x00"
  "\x00\x00\x00\x00\x00\x00\x00\x01\x00\x00\x00\x00\x00\x00\x00\x00\x00\x00\x00\x00"
  "\x00\x00\x00\x00\x00\x00\x00\x00\x00\x00\x00\x00\x00\x00\x00\x00\x00\x00\x00\x00"
  "\x40\x00\x00\x00\x00\x00\x00\x00\x00\x00\x00\x00\x00\x00\x00\x00\x00\x00\x00\x00"
  "\x00\x00\x00\x00\x00\x00\x00\x00\x00\x00\x00\x00\x00\x02\x00\x00\x00\x00\x00\x00"
  "\x00\x00\x00\x00\x00\x00\x00\x00\x00\x00\x00\x00\x00\x00\x00\x00\x00\x00\x00\x00"
  "\x00\x00\x00\x80\x00\x00\x00\x00\x00\x00\x00\x00\x00\x00\x00\x00\x00\x00\x00\x00"
  "\x00\x00\x00\x00\x00\x00\x00\x00\x00\x00\x00\x00\x00\x00\x00\x00\x00\x00\x00\x01"
  "\x00\x00\x00\x00\x00\x00\x00\x00\x00\x00\x00\x00\x00\x00\x00\x00\x00\x00\x00\x00"
  "\x00\x00\x00\x00\x00\x00\x00\x00\x00\x00\x00\x20\x00\x00\x00\x00\x00\x00\x00\x00"
  "\x00\x00\x00\x00\x00\x00\x00\x00\x00\x00\x00\x00\x00\x00\x00\x00\x00\x00\x20\x00"
  "\x00\x00\x00\x00\x00\x00\x00\x00\x00\x00\x00\x00\x00\x00\x00\x00\x00\x00\x00\x00"
  "\x00\x00\x00\x00\x00\x00\x00\x00\x00\x00\x00\x00\x00\x04\x00\x00\x00\x00\x00\x00"
  "\x00\x00\x00\x00\x00\x00\x00\x00\x00\x00\x00\x00\x00\x00\x00\x00\x00\x00\x00\x00"
  "\x00\x00\x80\x00\x00\x00\x00\x00\x00\x00\x00\x00\x00\x00\x00\x00\x00\x00\x00\x00"
  "\x00\x00\x00\x00\x00\x00\x00\x00\x00\x00\x00\x00\x00\x00\x00\x00\x00\x00\x08\x00"
  "\x00\x00\x00\x00\x00\x00\x00\x00\x00\x00\x00\x00\x00\x00\x00\x00\x00\x00\x00\x00"
  "\x00\x00\x00\x00\x00\x00\x00\x00\x00\x00\x10\x00\x00\x00\x00\x00\x00\x00\x00\x00"
  "\x00\x00\x00\x00\x00\x00\x00\x00\x00\x00\x00\x00\x00\x00\x00\x00\x00\x00\x40\x00"
  "\x00\x00\x00\x00\x00\x00\x00\x00\x00\x00\x00\x00\x00\x00\x00\x00\x00\x00\x00\x00"
  "\x00\x00\x00\x00\x00\x00\x00\x00\x00\x00\x00\x04\x00\x00\x00\x00\x00\x00\x00\x00"
  "\x00\x00\x00\x00\x00\x00\x00\x00\x00\x00\x00\x00\x00\x00\x00\x00\x00\x00\x00\x00"
  "\x00\x00\x00\x00\x00\x80\x00\x00\x00\x00\x00\x00\x00\x00\x00\x00\x00\x00\x00\x00"
  "\x00\x00\x00\x00\x00\x00\x00\x00\x00\x00\x00\x00\x00\x00\x08\x00\x00\x00\x00\x00"
  "\x00\x00\x00\x00\x00\x00\x00\x00\x00\x00\x00\x00\x00\x00\x00\x00\x00\x00\x00\x00"
  "\x00\x00\x00\x00\x00\x00\x00\x00\x00\x00\x80\x00\x00\x00\x00\x00\x00\x00\x00\x00"
  "\x00\x00\x00\x00\x00\x00\x00\x00\x00\x00\x00\x00\x00\x00\x00\x00\x00\x00\x00\x00"
  "\x00\x00\x20\x00\x00\x00\x00\x00\x00\x00\x00\x00\x00\x00\x00\x00\x00\x00\x00\x00"
  "\x00\x00\x00\x00\x00\x00\x00\x00\x00\x00\x02\x00\x00\x00\x00\x00\x00\x00\x00\x00"
  "\x00\x00\x00\x00\x00\x00\x00\x00\x00\x00\x00\x00\x00\x00\x00\x00\x00\x00\x00\x00"
  "\x00\x00\x00\x00\x00\x40\x00\x00\x00\x00\x00\x00\x00\x00\x00\x00\x00\x00\x00\x00"
  "\x00\x00\x00\x00\x00\x00\x00\x00\x00\x00\x00\x00\x00\x00\x00\x10\x00\x00\x00\x00"
  "\x00\x00\x00\x00\x00\x00\x00\x00\x00\x00\x00\x00\x00\x00\x00\x00\x00\x00\x00\x00"
  "\x00\x00\x00\x00\x00\x00\x00\x00\x10\x00\x00\x00\x00\x00\x00\x00\x00\x00\x00\x00"
  "\x00\x00\x00\x00\x00\x00\x00\x00\x00\x00\x00\x00\x00\x00\x00\x00\x00\x00\x00\x00"
  "\x00\x00\x04\x00\x00\x00\x00\x00\x00\x00\x00\x00\x00\x00\x00\x00\x00\x00\x00\x00"
  "\x00\x00\x00\x00\x00\x00\x00\x00\x00\x00\x04\x00\x00\x00\x00\x00\x00\x00\x00\x00"
  "\x00\x00\x00\x00\x00\x00\x00\x00\x00\x00\x00\x00\x00\x00\x00\x00\x00\x00\x00\x00"
  "\x00\x00\xe2\x00\x00\x00\x00\x00\x00\x03\x00\x02\x00\x01\x00\x00\x04\x00\x02\x00"
  "\x02\x00\x00\x00\x00\x01\x00\x03\x00\x00\x01\x00\x01\x00\x02\x00\x01\x00\x00\x01"
  "\x00\x02\x00\x01\x01\x00\x01\x00\x02\x00\x01\x02\x00\x01\x00\x02\x00\x01\x03\x00"
  "\x01\x00\x02\x00\x01\x04\x00\x01\x00\x02\x00\x01\x07\x00\x01\x00\x02\x00\x01\x0a"
  "\x00\x01\x00\x02\x00\x01\x0d\x00\x01\x00\x02\x00\x01\x0e\x00\x01\x00\x02\x00\x01"
  "\x0f\x00\x01\x00\x02\x00\x01\x10\x00\x01\x00\x02\x00\x01\x11\x00\x01\x00\x02\x00"
  "\x01\x13\x00\x01\x00\x02\x00\x01\x14\x00\x01\x00\x02\x00\x01\x15\x00\x01\x00\x02"
  "\x00\x01\x16\x00\x01\x00\x02\x00\x01\x17\x00\x01\x00\x02\x00\x01\x18\x00\x01\x00"
  "\x02\x00\x01\x19\x00\x01\x00\x02\x00\x01\x1c\x00\x01\x00\x02\x00\x01\x1d\x00\x01"
  "\x00\x02\x00\x01\x27\x00\x01\x00\x02\x00\x01\x28\x00\x01\x00\x02\x00\x01\x29\x00"
  "\x01\x00\x02\x00\x01\x2a\x00\x01\x00\x02\x00\x01\x2b\x00\x01\x00\x02\x00\x01\x2d"
  "\x00\x01\x00\x02\x00\x01\x30\x00\x01\x00\x02\x00\x01\x31\x00\x01\x00\x02\x00\x01"
  "\x32\x00\x01\x00\x02\x00\x01\x33\x00\x01\x00\x02\x00\x01\x36\x00\x01\x00\x02\x00"
  "\x01\x37\x00\x01\x00\x02\x00\x01\x38\x00\x01\x00\x02\x00\x01\x39\x00\x01\x00\x02"
  "\x00\x01\x3b\x00\x01\x00\x02\x00\x01\x3c\x00\x01\x00\x02\x00\x01\x3d\x00\x01\x00"
  "\x02\x00\x01\x3f\x00\x01\x00\x02\x00\x01\x40\x00\x01\x00\x02\x00\x01\x41\x00\x01"
  "\x00\x02\x00\x01\x42\x00\x01\x00\x02\x00\x01\x43\x00\x01\x00\x02\x00\x01\x44\x00"
  "\x01\x00\x02\x00\x01\x46\x00\x01\x00\x02\x00\x01\x47\x00\x01\x00\x02\x00\x01\x48"
  "\x00\x01\x00\x02\x00\x01\x49\x00\x01\x00\x02\x00\x01\x4a\x00\x01\x00\x02\x00\x01"
  "\x4b\x00\x01\x00\x02\x00\x01\x4c\x00\x01\x00\x02\x00\x01\x4d\x00\x01\x00\x02\x00"
  "\x01\x4e\x00\x01\x00\x02\x00\x01\x51\x00\x01\x00\x02\x00\x01\x52\x00\x01\x00\x02"
  "\x00\x01\x53\x00\x01\x00\x02\x00\x01\x55\x00\x01\x00\x02\x00\x01\x56\x00\x01\x00"
  "\x02\x00\x01\x57\x00\x01\x00\x02\x00\x01\x59\x00\x01\x00\x02\x00\x01\x5a\x00\x01"
  "\x00\x03\x00\x01\x00\x00\x01\x00\x03\x00\x01\x01\x00\x01\x00\x03\x00\x01\x04\x00"
  "\x01\x00\x03\x00\x01\x05\x00\x01\x00\x03\x00\x01\x06\x00\x01\x00\x03\x00\x01\x07"
  "\x00\x01\x00\x03\x00\x01\x08\x00\x01\x00\x03\x00\x01\x09\x00\x01\x00\x03\x00\x01"
  "\x0b\x00\x01\x00\x03\x00\x01\x0c\x00\x01\x00\x03\x00\x01\x0d\x00\x01\x00\x03\x00"
  "\x01\x0e\x00\x01\x00\x03\x00\x01\x0f\x00\x01\x00\x03\x00\x01\x11\x00\x01\x00\x03"
  "\x00\x01\x12\x00\x01\x00\x03\x00\x01\x1a\x00\x01\x00\x03\x00\x01\x1b\x00\x01\x00"
  "\x03\x00\x01\x1c\x00\x01\x00\x03\x00\x01\x1d\x00\x01\x00\x03\x00\x01\x1e\x00\x01"
  "\x00\x03\x00\x01\x1f\x00\x01\x00\x03\x00\x01\x20\x00\x01\x00\x03\x00\x01\x21\x00"
  "\x01\x00\x03\x00\x01\x22\x00\x01\x00\x03\x00\x01\x23\x00\x01\x00\x03\x00\x01\x24"
  "\x00\x01\x00\x03\x00\x01\x25\x00\x01\x00\x03\x00\x01\x26\x00\x01\x00\x03\x00\x01"
  "\x27\x00\x01\x00\x03\x00\x01\x28\x00\x01\x00\x03\x00\x01\x2c\x00\x01\x00\x03\x00"
  "\x01\x2d\x00\x01\x00\x03\x00\x01\x2e\x00\x01\x00\x03\x00\x01\x2f\x00\x01\x00\x03"
  "\x00\x01\x31\x00\x01\x00\x03\x00\x01\x33\x00\x01\x00\x03\x00\x01\x34\x00\x01\x00"
  "\x03\x00\x01\x35\x00\x01\x00\x03\x00\x01\x38\x00\x01\x00\x03\x00\x01\x39\x00\x01"
  "\x00\x03\x00\x01\x3b\x00\x01\x00\x03\x00\x01\x3c\x00\x01\x00\x03\x00\x01\x3e\x00"
  "\x01\x00\x03\x00\x01\x42\x00\x01\x00\x03\x00\x01\x43\x00\x01\x00\x03\x00\x01\x45"
  "\x00\x01\x00\x03\x00\x01\x4c\x00\x01\x00\x03\x00\x01\x4f\x00\x01\x00\x03\x00\x01"
  "\x50\x00\x01\x00\x03\x00\x01\x51\x00\x01\x00\x03\x00\x01\x54\x00\x01\x00\x03\x00"
  "\x01\x58\x00\x01\x00\x03\x00\x01\x59\x00\x01\x00\x04\x00\x01\x00\x00\x01\x00\x05"
  "\x00\x01\x01\x00\x01\x00\x06\x00\x01\x02\x00\x01\x00\x06\x00\x01\x1e\x00\x01\x00"
  "\x07\x00\x01\x03\x00\x01\x00\x07\x00\x01\x1e\x00\x01\x00\x08\x00\x01\x04\x00\x01"
  "\x00\x09\x00\x01\x05\x00\x01\x00\x09\x00\x01\x44\x00\x01\x00\x0a\x00\x01\x06\x00"
  "\x01\x00\x0a\x00\x01\x2a\x00\x01\x00\x0b\x00\x01\x07\x00\x01\x00\x0c\x00\x01\x08"
  "\x00\x01\x00\x0c\x00\x01\x0a\x00\x01\x00\x0d\x00\x01\x09\x00\x01\x00\x0d\x00\x01"
  "\x0a\x00\x01\x00\x0e\x00\x01\x0b\x00\x01\x00\x0e\x00\x01\x10\x00\x01\x00\x0f\x00"
  "\x01\x0c\x00\x01\x00\x0f\x00\x01\x2b\x00\x01\x00\x10\x00\x01\x0d\x00\x01\x00\x11"
  "\x00\x01\x0e\x00\x01\x00\x12\x00\x01\x0f\x00\x01\x00\x13\x00\x01\x11\x00\x01\x00"
  "\x14\x00\x01\x12\x00\x01\x00\x14\x00\x01\x46\x00\x01\x00\x15\x00\x01\x12\x00\x01"
  "\x00\x15\x00\x01\x47\x00\x01\x00\x16\x00\x01\x12\x00\x01\x00\x16\x00\x01\x48\x00"
  "\x01\x00\x17\x00\x01\x12\x00\x01\x00\x17\x00\x01\x49\x00\x01\x00\x18\x00\x01\x13"
  "\x00\x01\x00\x18\x00\x01\x20\x00\x01\x00\x19\x00\x01\x14\x00\x01\x00\x19\x00\x01"
  "\x45\x00\x01\x00\x1a\x00\x01\x14\x00\x01\x00\x1a\x00\x01\x58\x00\x01\x00\x1b\x00"
  "\x01\x15\x00\x01\x00\x1b\x00\x01\x45\x00\x01\x00\x1c\x00\x01\x15\x00\x01\x00\x1c"
  "\x00\x01\x58\x00\x01\x00\x1d\x00\x01\x16\x00\x01\x00\x1d\x00\x01\x20\x00\x01\x00"
  "\x1e\x00\x01\x17\x00\x01\x00\x1e\x00\x01\x21\x00\x01\x00\x1f\x00\x01\x17\x00\x01"
  "\x00\x1f\x00\x01\x22\x00\x01\x00\x20\x00\x01\x18\x00\x01\x00\x20\x00\x01\x23\x00"
  "\x01\x00\x21\x00\x01\x19\x00\x01\x00\x21\x00\x01\x23\x00\x01\x00\x22\x00\x01\x1a"
  "\x00\x01\x00\x22\x00\x01\x30\x00\x01\x00\x23\x00\x01\x1b\x00\x01\x00\x23\x00\x01"
  "\x5a\x00\x01\x00\x24\x00\x01\x1c\x00\x01\x00\x25\x00\x01\x1d\x00\x01\x00\x26\x00"
  "\x01\x1f\x00\x01\x00\x26\x00\x01\x56\x00\x01\x00\x27\x00\x01\x1f\x00\x01\x00\x27"
  "\x00\x01\x57\x00\x01\x00\x28\x00\x01\x24\x00\x01\x00\x28\x00\x01\x36\x00\x01\x00"
  "\x29\x00\x01\x24\x00\x01\x00\x29\x00\x01\x37\x00\x01\x00\x2a\x00\x01\x25\x00\x01"
  "\x00\x2a\x00\x01\x4d\x00\x01\x00\x2b\x00\x01\x25\x00\x01\x00\x2b\x00\x01\x4e\x00"
  "\x01\x00\x2c\x00\x01\x26\x00\x01\x00\x2c\x00\x01\x52\x00\x01\x00\x2d\x00\x01\x26"
  "\x00\x01\x00\x2d\x00\x01\x53\x00\x01\x00\x2e\x00\x01\x27\x00\x01\x00\x2f\x00\x01"
  "\x28\x00\x01\x00\x30\x00\x01\x29\x00\x01\x00\x30\x00\x01\x35\x00\x01\x00\x31\x00"
  "\x01\x2c\x00\x01\x00\x31\x00\x01\x32\x00\x01\x00\x32\x00\x01\x2d\x00\x01\x00\x33"
  "\x00\x01\x2e\x00\x01\x00\x33\x00\x01\x4a\x00\x01\x00\x34\x00\x01\x2f\x00\x01\x00"
  "\x34\x00\x01\x4b\x00\x01\x00\x35\x00\x01\x31\x00\x01\x00\x36\x00\x01\x32\x00\x01"
  "\x00\x36\x00\x01\x50\x00\x01\x00\x37\x00\x01\x33\x00\x01\x00\x38\x00\x01\x34\x00"
  "\x01\x00\x38\x00\x01\x40\x00\x01\x00\x39\x00\x01\x34\x00\x01\x00\x39\x00\x01\x41"
  "\x00\x01\x00\x3a\x00\x01\x38\x00\x01\x00\x3b\x00\x01\x39\x00\x01\x00\x3c\x00\x01"
  "\x3b\x00\x01\x00\x3d\x00\x01\x3c\x00\x01\x00\x3e\x00\x01\x3d\x00\x01\x00\x3e\x00"
  "\x01\x3e\x00\x01\x00\x3f\x00\x01\x3f\x00\x01\x00\x3f\x00\x01\x4f\x00\x01\x00\x40"
  "\x00\x01\x42\x00\x01\x00\x41\x00\x01\x43\x00\x01\x00\x42\x00\x01\x4c\x00\x01\x00"
  "\x43\x00\x01\x51\x00\x01\x00\x44\x00\x01\x54\x00\x01\x00\x44\x00\x01\x55\x00\x01"
  "\x00\x45\x00\x01\x59\x00\x01\x00\x00\x00\x00\x00\x00\x00\x00\x00\x00\x00\x00\x00"
  "\x00\x00\x00\x00\x04\x00\x00\x00\x00\x00\x00\x00\x00\x00\x00\x00\x00\x00\x00\x00"
  "\x00\x00\x00\x00\x00\x00\x00\x00\x00\x00\x00\x00\x00\x00\x00\x00\x02\x00\x00\x00"
  "\x00\x00\x00\x00\x00\x00\x00\x00\x00\x00\x00\x00\x00\x00\x00\x00\x00\x00\x00\x00"
  "\x00\x00\x00\x00\x00\x00\x00\x00\x00\x00\x00\x00\x00\x00\x00\x00\x00\x00\x00\x00"
  "\x00\x00\x00\x00\x01\x00\x00\x00\x00\x00\x00\x00\x00\x00\x00\x00\x00\x00\x00\x00"
  "\x00\x00\x00\x00\x00\x00\x00\x00\x00\x00\x00\x00\x00\x00\x00\x00\x00\x00\x00\x00"
  "\x00\x00\x00\x00\x00\x00\x00\x00\x00\x00\x00\x00\x04\x00\x00\x00\x00\x00\x00\x00"
  "\x00\x00\x00\x00\x00\x00\x00\x00\x00\x00\x00\x00\x00\x00\x00\x00\x00\x00\x00\x00"
  "\x00\x00\x00\x00\x00\x00\x00\x00\x00\x00\x00\x00\x00\x00\x00\x00\x00\x00\x00\x00"
  "\x08\x00\x00\x00\x00\x00\x00\x00\x00\x00\x00\x00\x00\x00\x00\x00\x00\x00\x00\x00"
  "\x00\x00\x00\x00\x00\x00\x00\x00\x00\x00\x00\x00\x00\x00\x00\x00\x00\x00\x00\x00"
  "\x00\x00\x00\x00\x00\x00\x00\x00\x10\x00\x00\x00\x00\x00\x00\x00\x00\x00\x00\x00"
  "\x00\x00\x00\x00\x00\x00\x00\x00\x00\x00\x00\x00\x00\x00\x00\x00\x00\x00\x00\x00"
  "\x00\x00\x00\x00\x00\x00\x00\x00\x00\x00\x00\x00\x00\x00\x00\x00\x00\x01\x00\x00"
  "\x00\x00\x00\x00\x00\x00\x00\x00\x00\x00\x00\x00\x00\x00\x00\x00\x00\x00\x00\x00"
  "\x00\x00\x00\x00\x00\x00\x00\x00\x00\x00\x00\x00\x00\x00\x00\x00\x00\x00\x00\x00"
  "\x00\x00\x00\x00\x00\x00\x01\x00\x00\x00\x00\x00\x00\x00\x00\x00\x00\x00\x00\x00"
  "\x00\x00\x00\x00\x00\x00\x00\x00\x00\x00\x00\x00\x00\x00\x00\x00\x00\x00\x00\x00"
  "\x00\x00\x00\x00\x00\x00\x00\x00\x00\x00\x00\x00\x00\x00\x04\x00\x00\x00\x00\x00"
  "\x00\x00\x00\x00\x00\x00\x00\x00\x00\x00\x00\x00\x00\x00\x00\x00\x00\x00\x00\x00"
  "\x00\x00\x00\x00\x00\x00\x00\x00\x00\x00\x00\x00\x00\x00\x00\x00\x00\x00\x00\x00"
  "\x40\x00\x00\x00\x00\x00\x00\x00\x00\x00\x00\x00\x00\x00\x00\x00\x00\x00\x00\x00"
  "\x00\x00\x00\x00\x00\x00\x00\x00\x00\x00\x00\x00\x00\x00\x00\x00\x00\x00\x00\x00"
  "\x00\x00\x00\x00\x00\x00\x00\x00\x80\x00\x00\x00\x00\x00\x00\x00\x00\x00\x00\x00"
  "\x00\x00\x00\x00\x00\x00\x00\x00\x00\x00\x00\x00\x00\x00\x00\x00\x00\x00\x00\x00"
  "\x00\x00\x00\x00\x00\x00\x00\x00\x00\x00\x00\x00\x00\x00\x00\x00\x00\x10\x00\x00"
  "\x00\x00\x00\x00\x00\x00\x00\x00\x00\x00\x00\x00\x00\x00\x00\x00\x00\x00\x00\x00"
  "\x00\x00\x00\x00\x00\x00\x00\x00\x00\x00\x00\x00\x00\x00\x00\x00\x00\x00\x00\x00"
  "\x00\x00\x00\x00\x00\x20\x00\x00\x00\x00\x00\x00\x00\x00\x00\x00\x00\x00\x00\x00"
  "\x00\x00\x00\x00\x00\x00\x00\x00\x00\x00\x00\x00\x00\x00\x00\x00\x00\x00\x00\x00"
  "\x00\x00\x00\x00\x00\x00\x00\x00\x00\x00\x00\x00\x00\x40\x00\x00\x00\x00\x00\x00"
  "\x00\x00\x00\x00\x00\x00\x00\x00\x00\x00\x00\x00\x00\x00\x00\x00\x00\x00\x00\x00"
  "\x00\x00\x00\x00\x00\x00\x00\x00\x00\x00\x00\x00\x00\x00\x00\x00\x00\x00\x00\x00"
  "\x00\x80\x00\x00\x00\x00\x00\x00\x00\x00\x00\x00\x00\x00\x00\x00\x00\x00\x00\x00"
  "\x00\x00\x00\x00\x00\x00\x00\x00\x00\x00\x00\x00\x00\x00\x00\x00\x00\x00\x00\x00"
  "\x00\x00\x00\x00\x00\x00\x00\x00\x00\x02\x00\x00\x00\x00\x00\x00\x00\x00\x00\x00"
  "\x00\x00\x00\x00\x00\x00\x00\x00\x00\x00\x00\x00\x00\x00\x00\x00\x00\x00\x00\x00"
  "\x00\x00\x00\x00\x00\x00\x00\x00\x00\x00\x00\x00\x00\x00\x00\x00\x20\x00\x00\x00"
  "\x00\x00\x00\x00\x00\x00\x00\x00\x00\x00\x00\x00\x00\x00\x00\x00\x00\x00\x00\x00"
  "\x00\x00\x00\x00\x00\x00\x00\x00\x00\x00\x00\x00\x00\x00\x00\x00\x00\x00\x00\x00"
  "\x00\x00\x00\x00\x00\x04\x00\x00\x00\x00\x00\x00\x00\x00\x00\x00\x00\x00\x00\x00"
  "\x00\x00\x00\x00\x00\x00\x00\x00\x00\x00\x00\x00\x00\x00\x00\x00\x00\x00\x00\x00"
  "\x00\x00\x00\x00\x00\x00\x00\x00\x00\x00\x00\x00\x00\x00\x02\x00\x00\x00\x00\x00"
  "\x00\x00\x00\x00\x00\x00\x00\x00\x00\x00\x00\x00\x00\x00\x00\x00\x00\x00\x00\x00"
  "\x00\x00\x00\x00\x00\x00\x00\x00\x00\x00\x00\x00\x00\x00\x00\x00\x00\x00\x00\x00"
  "\x00\x08\x00\x00\x00\x00\x00\x00\x00\x00\x00\x00\x00\x00\x00\x00\x00\x00\x00\x00"
  "\x00\x00\x00\x00\x00\x00\x00\x00\x00\x00\x00\x00\x00\x00\x00\x00\x00\x00\x00\x00"
  "\x00\x00\x00\x00\x00\x00\x00\x00\x00\x00\xf8\xff\xff\xff\xff\xff\x3f\x00\x00\x00"
  "\x00\x00\x00\x00\x00\x00\x00\x00\x00\x00\x00\x00\x00\x00\x00\x00\x00\x00\x00\x00"
  "\x00\x00\x00\x00\x00\x00\x00\x00\x00\x00\x00\x00\x00\x00\x00\x00\x00\x00\x00\x00"
  "\x00\x00\x00\x00\x00\x00\x00\x00\x00\x00\x00\x00\x01\x00\x00\x00\x00\x00\x00\x00"
  "\x00\x00\x00\x00\x00\x00\x00\x00\x01\x00\x00\x00\x00\x00\x00\x00\x00\x00\x00\x00"
  "\x00\x00\x00\x00\x00\x00\x00\x00\x00\x00\x00\x00\x00\x00\x00\x00\x00\x00\x00\x00"
  "\x02\x00\x00\x00\x00\x00\x00\x00\x00\x00\x00\x00\x00\x00\x00\x00\x00\x00\x00\x00"
  "\x00\x00\x00\x00\x00\x00\x00\x00\x00\x00\x00\x00\x00\x00\x00\x00\x00\x00\x00\x00"
  "\x00\x00\x00\x00\x00\x00\x00\x00\x01\x00\x00\x00\x00\x00\x00\x00\x00\x00\x00\x00"
  "\x00\x00\x00\x00\x02\x00\x00\x00\x00\x00\x00\x00\x00\x00\x00\x00\x00\x00\x00\x00"
  "\x08\x00\x00\x00\x00\x00\x00\x00\x00\x00\x00\x00\x00\x00\x00\x00\x01\x00\x00\x00"
  "\x00\x00\x00\x00\x00\x00\x00\x00\x00\x00\x00\x00\x01\x00\x00\x00\x00\x00\x00\x00"
  "\x00\x00\x00\x00\x00\x00\x00\x00\x00\x08\x00\x00\x00\x00\x00\x00\x00\x00\x00\x00"
  "\x00\x00\x00\x00\x01\x00\x00\x00\x00\x00\x00\x00\x00\x00\x00\x00\x00\x00\x00\x00"
  "\x02\x00\x00\x00\x00\x00\x00\x00\x00\x00\x00\x00\x00\x00\x00\x00\x00\x00\x01\x00"
  "\x00\x00\x00\x00\x00\x00\x00\x00\x00\x00\x00\x00\x01\x00\x00\x00\x00\x00\x00\x00"
  "\x00\x00\x00\x00\x00\x00\x00\x00\x01\x00\x00\x00\x00\x00\x00\x00\x00\x00\x00\x00"
  "\x00\x00\x00\x00\x00\x00\x02\x00\x00\x00\x00\x00\x00\x00\x00\x00\x00\x00\x00\x00"
  "\x01\x00\x00\x00\x00\x00\x00\x00\x00\x00\x00\x00\x00\x00\x00\x00\x02\x00\x00\x00"
  "\x00\x00\x00\x00\x00\x00\x00\x00\x00\x00\x00\x00\xff\xff\x07\x00\x00\x00\x00\x00"
  "\x00\x00\x00\x00\x00\x00\x00\x00\x00\x00\x00\x00\x00\x00\x00\x00\x00\x00\x00\x00"
  "\x00\x00\x00\x00\x02\x00\x00\x00\x00\x00\x00\x00\x00\x00\x00\x00\x00\x00\x00\x00"
  "\xff\xff\x07\x00\x00\x00\x00\x00\x00\x00\x00\x00\x00\x00\x00\x00\x03\x00\x00\x00"
  "\x00\x00\x00\x00\x00\x00\x00\x00\x00\x00\x00\x00\x01\x00\x00\x00\x00\x00\x00\x00"
  "\x00\x00\x00\x00\x00\x00\x00\x00\xff\xff\x07\x00\x00\x00\x00\x00\x00\x00\x00\x00"
  "\x00\x00\x00\x00\x00\x00\x00\x00\x00\x00\x00\x00\x00\x00\x00\x00\x00\x00\x00\x00"
  "\x01\x00\x00\x00\x00\x00\x00\x00\x00\x00\x00\x00\x00\x00\x00\x00\xff\xff\xff\xff"
  "\xf7\xff\xff\xff\x3f\x00\x00\x00\x00\x00\x00\x00\x00\x00\x00\x00\x00\x00\x00\x00"
  "\x00\x00\x00\x00\x00\x00\x00\x00\x00\x00\x00\x00\x00\x00\x00\x00\x00\x00\x00\x00"
  "\x00\x00\x00\x00\x00\x00\x00\x00\x08\x00\x00\x00\x00\x00\x00\x00\x00\x00\x00\x00"
  "\x03\x00\x00\x00\x00\x00\x00\x00\x00\x00\x00\x00\x00\x00\x00\x00\x01\x00\x00\x00"
  "\x00\x00\x00\x00\x00\x00\x00\x00\x00\x00\x00\x00\xff\xff\x07\x00\x04\x00\x00\x00"
  "\x00\x00\x00\x00\x00\x00\x00\x00\x04\x00\x00\x00\x00\x00\x00\x00\x00\x00\x00\x00"
  "\x00\x00\x00\x00\x00\x00\x00\x00\x00\x00\x00\x00\x00\x00\x00\x00\x00\x00\x00\x00"
  "\xff\xff\x07\x00\x04\x00\x00\x00\x00\x00\x00\x00\x00\x00\x00\x00\x03\x00\x00\x00"
  "\x00\x00\x00\x00\x00\x00\x00\x00\x00\x00\x00\x00\x01\x00\x00\x00\x00\x00\x00\x00"
  "\x00\x00\x00\x00\x00\x00\x00\x00\xff\xff\x07\x00\x04\x00\x00\x00\x00\x00\x00\x00"
  "\x00\x00\x00\x00\x01\x00\x00\x00\x00\x00\x00\x00\x00\x00\x00\x00\x00\x00\x00\x00"
  "\x02\x00\x00\x00\x00\x00\x00\x00\x00\x00\x00\x00\x00\x00\x00\x00\xff\xff\x07\x00"
  "\x04\x00\x00\x00\x00\x00\x00\x00\x00\x00\x00\x00\x02\x00\x00\x00\x00\x00\x00\x00"
  "\x00\x00\x00\x00\x00\x00\x00\x00\x02\x00\x00\x00\x00\x00\x00\x00\x00\x00\x00\x00"
  "\x00\x00\x00\x00\x93\x00\x00\x00\x00\x00\x00\x37\x00\x04\x00\x01\x00\x00\x00\x00"
  "\x01\x00\x01\x00\x00\x02\x00\x01\x00\x01\x00\x00\x32\x00\x01\x00\x02\x00\x00\x01"
  "\x00\x01\x00\x02\x00\x00\x31\x00\x01\x00\x02\x00\x00\x35\x00\x01\x00\x03\x00\x00"
  "\x03\x00\x01\x00\x03\x00\x00\x14\x00\x01\x00\x03\x00\x00\x33\x00\x01\x00\x04\x00"
  "\x00\x04\x00\x01\x00\x04\x00\x00\x1b\x00\x01\x00\x04\x00\x00\x2e\x00\x01\x00\x05"
  "\x00\x00\x05\x00\x01\x00\x05\x00\x00\x26\x00\x01\x00\x05\x00\x00\x2f\x00\x01\x00"
  "\x06\x00\x00\x06\x00\x01\x00\x06\x00\x00\x19\x00\x01\x00\x06\x00\x00\x28\x00\x01"
  "\x00\x07\x00\x00\x07\x00\x01\x00\x07\x00\x00\x1e\x00\x01\x00\x07\x00\x00\x2b\x00"
  "\x01\x00\x08\x00\x00\x08\x00\x01\x00\x08\x00\x00\x22\x00\x01\x00\x08\x00\x00\x30"
  "\x00\x01\x00\x09\x00\x00\x09\x00\x01\x00\x09\x00\x00\x17\x00\x01\x00\x09\x00\x00"
  "\x20\x00\x01\x00\x0a\x00\x00\x0a\x00\x01\x00\x0a\x00\x00\x15\x00\x01\x00\x0a\x00"
  "\x00\x24\x00\x01\x00\x0b\x00\x00\x0b\x00\x01\x00\x0b\x00\x00\x1a\x00\x01\x00\x0b"
  "\x00\x00\x29\x00\x01\x00\x0c\x00\x00\x0c\x00\x01\x00\x0c\x00\x00\x1f\x00\x01\x00"
  "\x0c\x00\x00\x2a\x00\x01\x00\x0d\x00\x00\x0d\x00\x01\x00\x0d\x00\x00\x1c\x00\x01"
  "\x00\x0d\x00\x00\x2c\x00\x01\x00\x0e\x00\x00\x0e\x00\x01\x00\x0e\x00\x00\x1d\x00"
  "\x01\x00\x0e\x00\x00\x2d\x00\x01\x00\x0f\x00\x00\x0f\x00\x01\x00\x0f\x00\x00\x18"
  "\x00\x01\x00\x0f\x00\x00\x25\x00\x01\x00\x10\x00\x00\x10\x00\x01\x00\x10\x00\x00"
  "\x23\x00\x01\x00\x10\x00\x00\x34\x00\x01\x00\x11\x00\x00\x11\x00\x01\x00\x11\x00"
  "\x00\x16\x00\x01\x00\x11\x00\x00\x27\x00\x01\x00\x12\x00\x00\x12\x00\x01\x00\x12"
  "\x00\x00\x21\x00\x01\x00\x12\x00\x00\x2e\x00\x01\x00\x13\x00\x00\x13\x00\x01\x00"
  "\x13\x00\x00\x1e\x00\x01\x00\x13\x00\x00\x36\x00\x01\x00\x14\x00\x00\x37\x00\x01"
  "\x00\x15\x00\x00\x00\x00\x01\x00\x15\x00\x00\x14\x00\x01\x00\x15\x00\x00\x15\x00"
  "\x01\x00\x15\x00\x00\x17\x00\x01\x00\x15\x00\x00\x1b\x00\x01\x00\x15\x00\x00\x1e"
  "\x00\x01\x00\x15\x00\x00\x25\x00\x01\x00\x15\x00\x00\x26\x00\x01\x00\x15\x00\x00"
  "\x27\x00\x01\x00\x15\x00\x00\x28\x00\x01\x00\x15\x00\x00\x29\x00\x01\x00\x15\x00"
  "\x00\x2a\x00\x01\x00\x15\x00\x00\x2b\x00\x01\x00\x15\x00\x00\x2c\x00\x01\x00\x15"
  "\x00\x00\x2d\x00\x01\x00\x15\x00\x00\x2e\x00\x01\x00\x15\x00\x00\x30\x00\x01\x00"
  "\x15\x00\x00\x31\x00\x01\x00\x15\x00\x00\x34\x00\x01\x00\x15\x00\x00\x37\x00\x01"
  "\x00\x16\x00\x00\x01\x00\x01\x00\x16\x00\x00\x02\x00\x01\x00\x16\x00\x00\x03\x00"
  "\x01\x00\x16\x00\x00\x04\x00\x01\x00\x16\x00\x00\x05\x00\x01\x00\x16\x00\x00\x06"
  "\x00\x01\x00\x16\x00\x00\x07\x00\x01\x00\x16\x00\x00\x08\x00\x01\x00\x16\x00\x00"
  "\x09\x00\x01\x00\x16\x00\x00\x0a\x00\x01\x00\x16\x00\x00\x0b\x00\x01\x00\x16\x00"
  "\x00\x0c\x00\x01\x00\x16\x00\x00\x0d\x00\x01\x00\x16\x00\x00\x0e\x00\x01\x00\x16"
  "\x00\x00\x0f\x00\x01\x00\x16\x00\x00\x10\x00\x01\x00\x16\x00\x00\x11\x00\x01\x00"
  "\x16\x00\x00\x12\x00\x01\x00\x16\x00\x00\x13\x00\x01\x00\x16\x00\x00\x37\x00\x01"
  "\x00\x17\x00\x00\x16\x00\x01\x00\x17\x00\x00\x18\x00\x01\x00\x17\x00\x00\x19\x00"
  "\x01\x00\x17\x00\x00\x1a\x00\x01\x00\x17\x00\x00\x1c\x00\x01\x00\x17\x00\x00\x1d"
  "\x00\x01\x00\x17\x00\x00\x1e\x00\x01\x00\x17\x00\x00\x1f\x00\x01\x00\x17\x00\x00"
  "\x20\x00\x01\x00\x17\x00\x00\x21\x00\x01\x00\x17\x00\x00\x22\x00\x01\x00\x17\x00"
  "\x00\x23\x00\x01\x00\x17\x00\x00\x24\x00\x01\x00\x17\x00\x00\x2e\x00\x01\x00\x17"
  "\x00\x00\x2f\x00\x01\x00\x17\x00\x00\x32\x00\x01\x00\x17\x00\x00\x33\x00\x01\x00"
  "\x17\x00\x00\x35\x00\x01\x00\x17\x00\x00\x36\x00\x01\x00\x17\x00\x00\x37\x00\x01"
  "\x00\x18\x00\x00\x1b\x00\x08\x00\x19\x00\x00\x36\x00\x08\x00\x1a\x00\x00\x2b\x00"
  "\x08\x00\x1b\x00\x00\x21\x00\x08\x00\x14\x00\x01\x11\x00\x01\x00\x1c\x00\x01\x08"
  "\x00\x01\x00\x1d\x00\x01\x00\x00\x02\x00\x1e\x00\x01\x04\x00\x01\x00\x14\x00\x02"
  "\x11\x00\x01\x00\x1c\x00\x02\x09\x00\x01\x00\x1d\x00\x02\x01\x00\x02\x00\x1e\x00"
  "\x02\x02\x00\x01\x00\x14\x00\x03\x11\x00\x01\x00\x1c\x00\x03\x0a\x00\x01\x00\x1d"
  "\x00\x03\x02\x00\x02\x00\x1e\x00\x03\x05\x00\x01\x00\x14\x00\x04\x11\x00\x01\x00"
  "\x1c\x00\x04\x08\x00\x01\x00\x1e\x00\x04\x07\x00\x01\x00\x00\x00\x05\x02\x00\x02"
  "\x00\x14\x00\x05\x01\x00\x01\x00\x1f\x00\x05\x03\x00\x04\x00\x20\x00\x05\x00\x00"
  "\x02\x00\x14\x00\x06\x04\x00\x01\x00\x21\x00\x06\x03\x00\x02\x00\x22\x00\x06\x00"
  "\x00\x02\x00\x23\x00\x06\x01\x00\x02\x00\x24\x00\x06\x02\x00\x02\x00\x00\x00\xf8"
  "\xff\xff\xff\xff\xff\x3f\x00\x00\x00\x00\x00\x00\x00\x00\x00\x00\x00\x00\x00\x00"
  "\x00\x00\x00\x00\x00\x00\x00\x00\x00\x01\x00\x00\x00\x00\x00\x00\x00\x00\x00\x00"
  "\x00\x00\x00\x00\x00\x00\x00\xf8\xff\xff\xff\xff\xff\x3f\x00\x00\x00\x00\x00\x00"
  "\x00\x00\x00\x00\x00\x00\x00\x00\x00\x00\x00\x00\x00\x00\x00\x00\x00\x00\x00\x00"
  "\x00\x00\x00\x00\x00\x00\x00\x00\x00\x00\x00\x00\x00\xff\xff\x07\x00\x04\x00\x00"
  "\x00\x00\x00\x00\x00\x00\x00\x00\x00\x04\x00\x00\x00\x00\x00\x00\x00\x00\x00\x00"
  "\x00\x00\x00\x00\x00\x00\x00\x00\x00\x00\x00\x00\x00\x00\x00\x00\x00\x00\x00\x00"
  "\x00\xff\xff\x07\x00\x00\x00\x00\x00\x00\x00\x00\x00\x00\x00\x00\x00\x03\x00\x00"
  "\x00\x00\x00\x00\x00\x00\x00\x00\x00\x00\x00\x00\x00\x01\x00\x00\x00\x00\x00\x00"
  "\x00\x00\x00\x00\x00\x00\x00\x00\x00\xff\xff\x07\x00\x00\x00\x00\x00\x00\x00\x00"
  "\x00\x00\x00\x00\x00\x00\x00\x00\x00\x00\x00\x00\x00\x00\x00\x00\x00\x00\x00\x00"
  "\x00\x02\x00\x00\x00\x00\x00\x00\x00\x00\x00\x00\x00\x00\x00\x00\x00\x00\x00\x01"
  "\x00\x00\x00\x00\x00\x00\x00\x00\x00\x00\x00\x00\x00\x00\x00\x00\x00\x00\x00\x00"
  "\x00\x00\x00\x00\x00\x00\x00\x00\x00\x00\x00\x00\x00\x00\x00\x00\x00\x00\x00\x00"
  "\x00\x00\x00\x00\x00\x00\x00\x08\x00\x00\x00\x00\x00\x00\x00\x00\x00\x00\x00\x00"
  "\x00\x00\x00\x00\x00\x00\x00\x00\x00\x00\x00\x00\x00\x00\x00\x00\x00\x00\x00\x00"
  "\x00\x00\x00\x00\x00\x00\x00\x00\x00\x00\x00\x00\x00\x00\x00\x00\x00\x00\x40\x00"
  "\x00\x00\x00\x00\x00\x00\x00\x00\x00\x00\x00\x00\x00\x00\x00\x00\x00\x00\x00\x00"
  "\x00\x00\x00\x00\x00\x00\x00\x00\x00\x00\x00\x00\x00\x00\x00\x00\x00\x00\x00\x00"
  "\x00\x00\x00\x00\x00\x00\x00\x20\x00\x00\x00\x00\x00\x00\x00\x00\x00\x00\x00\x00"
  "\x00\x00\x00\x00\x00\x00\x00\x00\x00\x00\x00\x00\x00\x00\x00\x00\x00\x00\x00\x00"
  "\x00\x00\x00\x00\x00\x00\x00\x00\x00\x00\x00\x00\x00\x40\x00\x00\x00\x00\x00\x00"
  "\x00\x00\x00\x00\x00\x00\x00\x00\x00\x00\x00\x00\x00\x00\x00\x00\x00\x00\x00\x00"
  "\x00\x00\x00\x00\x00\x00\x00\x00\x00\x00\x00\x00\x00\x00\x00\x00\x00\x00\x00\x00"
  "\x00\x00\x02\x00\x00\x00\x00\x00\x00\x00\x00\x00\x00\x00\x00\x00\x00\x00\x00\x00"
  "\x00\x00\x00\x00\x00\x00\x00\x00\x00\x00\x00\x00\x00\x00\x00\x00\x00\x00\x00\x00"
  "\x00\x00\x00\x00\x00\x00\x00\x00\x08\x00\x00\x00\x00\x00\x00\x00\x00\x00\x00\x00"
  "\x00\x00\x00\x00\x00\x00\x00\x00\x00\x00\x00\x00\x00\x00\x00\x00\x00\x00\x00\x00"
  "\x00\x00\x00\x00\x00\x00\x00\x00\x00\x00\x00\x00\x00\x00\x40\x00\x00\x00\x00\x00"
  "\x00\x00\x00\x00\x00\x00\x00\x00\x00\x00\x00\x00\x00\x00\x00\x00\x00\x00\x00\x00"
  "\x00\x00\x00\x00\x00\x00\x00\x00\x00\x00\x00\x00\x00\x00\x00\x00\x00\x00\x00\x00"
  "\x00\x00\x00\x00\x20\x00\x00\x00\x00\x00\x00\x00\x00\x00\x00\x00\x00\x00\x00\x00"
  "\x00\x00\x00\x00\x00\x00\x00\x00\x00\x00\x00\x00\x00\x00\x00\x00\x00\x00\x00\x00"
  "\x00\x00\x00\x00\x00\x00\x00\x00\x00\x00\x00\x00\x00\x00\x04\x00\x00\x00\x00\x00"
  "\x00\x00\x00\x00\x00\x00\x00\x00\x00\x00\x00\x00\x00\x00\x00\x00\x00\x00\x00\x00"
  "\x00\x00\x00\x00\x00\x00\x00\x00\x00\x00\x00\x00\x00\x00\x00\x00\x00\x00\x00\x00"
  "\x00\x01\x00\x00\x00\x00\x00\x00\x00\x00\x00\x00\x00\x00\x00\x00\x00\x00\x00\x00"
  "\x00\x00\x00\x00\x00\x00\x00\x00\x00\x00\x00\x00\x00\x00\x00\x00\x00\x00\x00\x00"
  "\x00\x00\x00\x00\x00\x00\x00\x00\x10\x00\x00\x00\x00\x00\x00\x00\x00\x00\x00\x00"
  "\x00\x00\x00\x00\x00\x00\x00\x00\x00\x00\x00\x00\x00\x00\x00\x00\x00\x00\x00\x00"
  "\x00\x00\x00\x00\x00\x00\x00\x00\x00\x00\x00\x00\x00\x00\x02\x00\x00\x00\x00\x00"
  "\x00\x00\x00\x00\x00\x00\x00\x00\x00\x00\x00\x00\x00\x00\x00\x00\x00\x00\x00\x00"
  "\x00\x00\x00\x00\x00\x00\x00\x00\x00\x00\x00\x00\x00\x00\x00\x00\x00\x00\x00\x00"
  "\x00\x00\x00\x02\x00\x00\x00\x00\x00\x00\x00\x00\x00\x00\x00\x00\x00\x00\x00\x00"
  "\x00\x00\x00\x00\x00\x00\x00\x00\x00\x00\x00\x00\x00\x00\x00\x00\x00\x00\x00\x00"
  "\x00\x00\x00\x00\x00\x00\x00\x00\x00\x10\x00\x00\x00\x00\x00\x00\x00\x00\x00\x00"
  "\x00\x00\x00\x00\x00\x00\x00\x00\x00\x00\x00\x00\x00\x00\x00\x00\x00\x00\x00\x00"
  "\x00\x00\x00\x00\x00\x00\x00\x00\x00\x00\x00\x00\x00\x00\x00\x00\x00\x00\x20\x00"
  "\x00\x00\x00\x00\x00\x00\x00\x00\x00\x00\x00\x00\x00\x00\x00\x00\x00\x00\x00\x00"
  "\x00\x00\x00\x00\x00\x00\x00\x00\x00\x00\x00\x00\x00\x00\x00\x00\x00\x00\x00\x00"
  "\x00\x00\x00\x00\x00\x00\x00\x00\x00\x00\x08\x00\x00\x00\x00\x00\x00\x00\x00\x00"
  "\x00\x00\x00\x00\x00\x00\x00\x00\x00\x00\x00\x00\x00\x00\x00\x00\x00\x00\x00\x00"
  "\x00\x00\x00\x00\x00\x00\x00\x00\x00\x00\x00\x00\x00\x00\x00\x00\x00\x00\x10\x00"
  "\x00\x00\x00\x00\x00\x00\x00\x00\x00\x00\x00\x00\x00\x00\x00\x00\x00\x00\x00\x00"
  "\x00\x00\x00\x00\x00\x00\x00\x00\x00\x00\x00\x00\x00\x00\x00\x00\x00\x00\x00\x00"
  "\x00\x00\x00\x80\x00\x00\x00\x00\x00\x00\x00\x00\x00\x00\x00\x00\x00\x00\x00\x00"
  "\x00\x00\x00\x00\x00\x00\x00\x00\x00\x00\x00\x00\x00\x00\x00\x00\x00\x00\x00\x00"
  "\x00\x00\x00\x00\x00\x00\x00\x00\x00\x00\x00\x00\x01\x00\x00\x00\x00\x00\x00\x00"
  "\x00\x00\x00\x00\x00\x00\x00\x00\x00\x00\x00\x00\x00\x00\x00\x00\x00\x00\x00\x00"
  "\x00\x00\x00\x00\x00\x00\x00\x00\x00\x00\x00\x00\x00\x00\x00\x00\x00\x00\x00\x00"
  "\x00\x00\x00\x00\x00\x08\x00\x00\x00\x00\x00\x00\x00\x00\x00\x00\x00\x00\x00\x00"
  "\x00\x00\x00\x00\x00\x00\x00\x00\x00\x00\x00\x00\x00\x00\x00\x00\x00\x00\x00\x00"
  "\x00\x00\x00\x00\x00\x00\x00\x00\x00\x00\x00\x00\x10\x00\x00\x00\x00\x00\x00\x00"
  "\x00\x00\x00\x00\x00\x00\x00\x00\x00\x00\x00\x00\x00\x00\x00\x00\x00\x00\x00\x00"
  "\x00\x00\x00\x00\x00\x00\x00\x00\x00\x00\x00\x00\x00\x00\x00\x00\x00\x00\x00\x00"
  "\x20\x00\x00\x00\x00\x00\x00\x00\x00\x00\x00\x00\x00\x00\x00\x00\x00\x00\x00\x00"
  "\x00\x00\x00\x00\x00\x00\x00\x00\x00\x00\x00\x00\x00\x00\x00\x00\x00\x00\x00\x00"
  "\x00\x00\x00\x00\x00\x00\x00\x00\x40\x00\x00\x00\x00\x00\x00\x00\x00\x00\x00\x00"
  "\x00\x00\x00\x00\x00\x00\x00\x00\x00\x00\x00\x00\x00\x00\x00\x00\x00\x00\x00\x00"
  "\x00\x00\x00\x00\x00\x00\x00\x00\x00\x00\x00\x00\x00\x00\x00\x00\x80\x00\x00\x00"
  "\x00\x00\x00\x00\x00\x00\x00\x00\x00\x00\x00\x00\x00\x00\x00\x00\x00\x00\x00\x00"
  "\x00\x00\x00\x00\x00\x00\x00\x00\x00\x00\x00\x00\x00\x00\x00\x00\x00\x00\x00\x00"
  "\x00\x00\x00\x00\x00\x04\x00\x00\x00\x00\x00\x00\x00\x00\x00\x00\x00\x00\x00\x00"
  "\x00\x00\x00\x00\x00\x00\x00\x00\x00\x00\x00\x00\x00\x00\x00\x00\x00\x00\x00\x00"
  "\x00\x00\x00\x00\x00\x00\x00\x00\x00\x00\x00\x00\x00\x01\x00\x00\x00\x00\x00\x00"
  "\x00\x00\x00\x00\x00\x00\x00\x00\x00\x00\x00\x00\x00\x00\x00\x00\x00\x00\x00\x00"
  "\x00\x00\x00\x00\x00\x00\x00\x00\x00\x00\x00\x00\x00\x00\x00\x00\x00\x00\x00\x00"
  "\x00\x02\x00\x00\x00\x00\x00\x00\x00\x00\x00\x00\x00\x00\x00\x00\x00\x00\x00\x00"
  "\x00\x00\x00\x00\x00\x00\x00\x00\x00\x00\x00\x00\x00\x00\x00\x00\x00\x00\x00\x00"
  "\x00\x00\x00\x00\x00\x00\x00\x02\x00\x00\x00\x00\x00\x00\x00\x00\x00\x00\x00\x00"
  "\x00\x00\x00\x00\x00\x00\x00\x00\x00\x00\x00\x00\x00\x00\x00\x00\x00\x00\x00\x00"
  "\x00\x00\x00\x00\x00\x00\x00\x00\x00\x00\x00\x00\x00\x00\x00\x00\x01\x00\x00\x00"
  "\x00\x00\x00\x00\x00\x00\x00\x00\x00\x00\x00\x00\x00\x00\x00\x00\x00\x00\x00\x00"
  "\x00\x00\x00\x00\x00\x00\x00\x00\x00\x00\x00\x00\x00\x00\x00\x00\x00\x00\x00\x00"
  "\x00\x02\x00\x00\x00\x00\x00\x00\x00\x00\x00\x00\x00\x00\x00\x00\x00\x00\x00\x00"
  "\x00\x00\x00\x00\x00\x00\x00\x00\x00\x00\x00\x00\x00\x00\x00\x00\x00\x00\x00\x00"
  "\x00\x00\x00\x00\x00\x00\x00\x20\x00\x00\x00\x00\x00\x00\x00\x00\x00\x00\x00\x00"
  "\x00\x00\x00\x00\x00\x00\x00\x00\x00\x00\x00\x00\x00\x00\x00\x00\x00\x00\x00\x00"
  "\x00\x00\x00\x00\x00\x00\x00\x00\x00\x00\x00\x00\x00\x00\x00\x04\x00\x00\x00\x00"
  "\x00\x00\x00\x00\x00\x00\x00\x00\x00\x00\x00\x00\x00\x00\x00\x00\x00\x00\x00\x00"
  "\x00\x00\x00\x00\x00\x00\x00\x00\x00\x00\x00\x00\x00\x00\x00\x00\x00\x00\x00\x00"
  "\x00\x01\x00\x00\x00\x00\x00\x00\x00\x00\x00\x00\x00\x00\x00\x00\x00\x00\x00\x00"
  "\x00\x00\x00\x00\x00\x00\x00\x00\x00\x00\x00\x00\x00\x00\x00\x00\x00\x00\x00\x00"
  "\x00\x00\x00\x00\x00\x00\x00\x00\x00\x00\x00\x00\x00\x00\x00\x1c\x00\x00\x00\x00"
  "\x00\x00\x00\x00\x00\x00\x00\x00\x00\x00\x00\x00\x00\x00\x00\x00\x00\x00\x00\x00"
  "\x00\x00\x00\x00\x00\x00\x00\x00\x00\x00\x00\x00\x00\x00\x00\x00\x00\x00\x00\x00"
  "\x00\x00\x00\x00\x0e\x00\x00\x00\x00\x00\x00\x00\x00\x00\x00\x00\x00\x00\x00\x00"
  "\x00\x00\x00\x00\x00\x00\x00\x00\x00\x00\x00\x00\x00\x00\x00\x00\x00\x00\x00\x00"
  "\x00\x00\x00\x00\x00\x00\x00\x00\x00\x00\x00\x01\x00\x00\x00\x00\x00\x00\x00\x00"
  "\x00\x00\x00\x00\x00\x00\x00\x00\x00\x00\x00\x00\x00\x00\x00\x00\x00\x00\x00\x00"
  "\x00\x00\x00\x00\x00\x00\x00\x00\x00\x00\x00\x00\x00\x00\x00\x00\x00\x00\x00\x80"
  "\x00\x00\x00\x00\x00\x00\x00\x00\x00\x00\x00\x00\x00\x00\x00\x00\x00\x00\x00\x00"
  "\x00\x00\x00\x00\x00\x00\x00\x00\x00\x00\x00\x00\x00\x00\x00\x00\x00\x00\x00\x00"
  "\x00\x00\x00\x00\x00\x00\x00\x00\x00\x10\x00\x00\x00\x00\x00\x00\x00\x00\x00\x00"
  "\x00\x00\x00\x00\x00\x00\x00\x00\x00\x00\x00\x00\x00\x00\x00\x00\x00\x00\x00\x00"
  "\x00\x00\x00\x00\x00\x00\x00\x00\x00\x00\x00\x00\x00\x00\x00\x00\x00\x20\x00\x00"
  "\x00\x00\x00\x00\x00\x00\x00\x00\x00\x00\x00\x00\x00\x00\x00\x00\x00\x00\x00\x00"
  "\x00\x00\x00\x00\x00\x00\x00\x00\x00\x00\x00\x00\x00\x00\x00\x00\x00\x00\x00\x00"
  "\x00\x00\x80\x00\x00\x00\x00\x00\x00\x00\x00\x00\x00\x00\x00\x00\x00\x00\x00\x00"
  "\x00\x00\x00\x00\x00\x00\x00\x00\x00\x00\x00\x00\x00\x00\x00\x00\x00\x00\x00\x00"
  "\x00\x00\x00\x00\x00\x00\x00\x00\x00\x00\x00\x40\x00\x00\x00\x00\x00\x00\x00\x00"
  "\x00\x00\x00\x00\x00\x00\x00\x00\x00\x00\x00\x00\x00\x00\x00\x00\x00\x00\x00\x00"
  "\x00\x00\x00\x00\x00\x00\x00\x00\x00\x00\x00\x00\x00\x00\x08\x00\x00\x00\x00\x00"
  "\x00\x00\x00\x00\x00\x00\x00\x00\x00\x00\x00\x00\x00\x00\x00\x00\x00\x00\x00\x00"
  "\x00\x00\x00\x00\x00\x00\x00\x00\x00\x00\x00\x00\x00\x00\x00\x00\x00\x00\x00\x00"
  "\x00\x00\x01\x00\x00\x00\x00\x00\x00\x00\x00\x00\x00\x00\x00\x00\x00\x00\x00\x00"
  "\x00\x00\x00\x00\x00\x00\x00\x00\x00\x00\x00\x00\x00\x00\x00\x00\x00\x00\x00\x00"
  "\x00\x00\x00\x00\x00\x00\x00\x00\x00\x00\x00\x40\x00\x00\x00\x00\x00\x00\x00\x00"
  "\x00\x00\x00\x00\x00\x00\x00\x00\x00\x00\x00\x00\x00\x00\x00\x00\x00\x00\x00\x00"
  "\x00\x00\x00\x00\x00\x00\x00\x00\x00\x00\x00\x00\x00\x00\x00\x00\x00\x00\x00\x00"
  "\x02\x00\x00\x00\x00\x00\x00\x00\x00\x00\x00\x00\x00\x00\x00\x00\x00\x00\x00\x00"
  "\x00\x00\x00\x00\x00\x00\x00\x00\x00\x00\x00\x00\x00\x00\x00\x00\x00\x00\x00\x00"
  "\x00\x00\x00\x00\x00\x00\x80\x00\x00\x00\x00\x00\x00\x00\x00\x00\x00\x00\x00\x00"
  "\x00\x00\x00\x00\x00\x00\x00\x00\x00\x00\x00\x00\x00\x00\x00\x00\x00\x00\x00\x00"
  "\x00\x00\x00\x00\x00\x00\x00\x00\x00\x00\x00\x00\x00\x00\x00\x00\x00\x00\x01\x00"
  "\x00\x00\x00\x00\x00\x00\x00\x00\x00\x00\x00\x00\x00\x00\x00\x00\x00\x00\x00\x00"
  "\x00\x00\x00\x00\x00\x00\x00\x00\x00\x00\x00\x00\x00\x00\x00\x00\x00\x00\x00\x00"
  "\x00\x00\x00\x00\x00\x00\x20\x00\x00\x00\x00\x00\x00\x00\x00\x00\x00\x00\x00\x00"
  "\x00\x00\x00\x00\x00\x00\x00\x00\x00\x00\x00\x00\x00\x00\x00\x00\x00\x00\x00\x00"
  "\x00\x00\x00\x00\x00\x00\x00\x00\x00\x20\x00\x00\x00\x00\x00\x00\x00\x00\x00\x00"
  "\x00\x00\x00\x00\x00\x00\x00\x00\x00\x00\x00\x00\x00\x00\x00\x00\x00\x00\x00\x00"
  "\x00\x00\x00\x00\x00\x00\x00\x00\x00\x00\x00\x00\x00\x00\x00\x00\x00\x00\x00\x00"
  "\x04\x00\x00\x00\x00\x00\x00\x00\x00\x00\x00\x00\x00\x00\x00\x00\x00\x00\x00\x00"
  "\x00\x00\x00\x00\x00\x00\x00\x00\x00\x00\x00\x00\x00\x00\x00\x00\x00\x00\x00\x00"
  "\x00\x00\x00\x00\x00\x80\x00\x00\x00\x00\x00\x00\x00\x00\x00\x00\x00\x00\x00\x00"
  "\x00\x00\x00\x00\x00\x00\x00\x00\x00\x00\x00\x00\x00\x00\x00\x00\x00\x00\x00\x00"
  "\x00\x00\x00\x00\x00\x00\x00\x00\x00\x00\x00\x00\x00\x00\x00\x00\x00\x08\x00\x00"
  "\x00\x00\x00\x00\x00\x00\x00\x00\x00\x00\x00\x00\x00\x00\x00\x00\x00\x00\x00\x00"
  "\x00\x00\x00\x00\x00\x00\x00\x00\x00\x00\x00\x00\x00\x00\x00\x00\x00\x00\x00\x00"
  "\x00\x00\x00\x00\x00\x10\x00\x00\x00\x00\x00\x00\x00\x00\x00\x00\x00\x00\x00\x00"
  "\x00\x00\x00\x00\x00\x00\x00\x00\x00\x00\x00\x00\x00\x00\x00\x00\x00\x00\x00\x00"
  "\x00\x00\x00\x00\x00\x00\x00\x00\x00\x40\x00\x00\x00\x00\x00\x00\x00\x00\x00\x00"
  "\x00\x00\x00\x00\x00\x00\x00\x00\x00\x00\x00\x00\x00\x00\x00\x00\x00\x00\x00\x00"
  "\x00\x00\x00\x00\x00\x00\x00\x00\x00\x00\x00\x00\x00\x00\x00\x00\x00\x00\x04\x00"
  "\x00\x00\x00\x00\x00\x00\x00\x00\x00\x00\x00\x00\x00\x00\x00\x00\x00\x00\x00\x00"
  "\x00\x00\x00\x00\x00\x00\x00\x00\x00\x00\x00\x00\x00\x00\x00\x00\x00\x00\x00\x00"
  "\x00\x00\x00\x00\x00\x00\x00\x00\x80\x00\x00\x00\x00\x00\x00\x00\x00\x00\x00\x00"
  "\x00\x00\x00\x00\x00\x00\x00\x00\x00\x00\x00\x00\x00\x00\x00\x00\x00\x00\x00\x00"
  "\x00\x00\x00\x00\x00\x00\x00\x00\x00\x00\x00\x00\x00\x08\x00\x00\x00\x00\x00\x00"
  "\x00\x00\x00\x00\x00\x00\x00\x00\x00\x00\x00\x00\x00\x00\x00\x00\x00\x00\x00\x00"
  "\x00\x00\x00\x00\x00\x00\x00\x00\x00\x00\x00\x00\x00\x00\x00\x00\x00\x00\x00\x00"
  "\x00\x00\x00\x00\x00\x80\x00\x00\x00\x00\x00\x00\x00\x00\x00\x00\x00\x00\x00\x00"
  "\x00\x00\x00\x00\x00\x00\x00\x00\x00\x00\x00\x00\x00\x00\x00\x00\x00\x00\x00\x00"
  "\x00\x00\x00\x00\x00\x00\x00\x00\x00\x00\x00\x00\x00\x20\x00\x00\x00\x00\x00\x00"
  "\x00\x00\x00\x00\x00\x00\x00\x00\x00\x00\x00\x00\x00\x00\x00\x00\x00\x00\x00\x00"
  "\x00\x00\x00\x00\x00\x00\x00\x00\x00\x00\x00\x00\x00\x00\x00\x00\x00\x02\x00\x00"
  "\x00\x00\x00\x00\x00\x00\x00\x00\x00\x00\x00\x00\x00\x00\x00\x00\x00\x00\x00\x00"
  "\x00\x00\x00\x00\x00\x00\x00\x00\x00\x00\x00\x00\x00\x00\x00\x00\x00\x00\x00\x00"
  "\x00\x00\x00\x00\x00\x00\x00\x00\x40\x00\x00\x00\x00\x00\x00\x00\x00\x00\x00\x00"
  "\x00\x00\x00\x00\x00\x00\x00\x00\x00\x00\x00\x00\x00\x00\x00\x00\x00\x00\x00\x00"
  "\x00\x00\x00\x00\x00\x00\x00\x00\x00\x00\x00\x00\x00\x00\x10\x00\x00\x00\x00\x00"
  "\x00\x00\x00\x00\x00\x00\x00\x00\x00\x00\x00\x00\x00\x00\x00\x00\x00\x00\x00\x00"
  "\x00\x00\x00\x00\x00\x00\x00\x00\x00\x00\x00\x00\x00\x00\x00\x00\x00\x00\x00\x00"
  "\x00\x00\x00\x10\x00\x00\x00\x00\x00\x00\x00\x00\x00\x00\x00\x00\x00\x00\x00\x00"
  "\x00\x00\x00\x00\x00\x00\x00\x00\x00\x00\x00\x00\x00\x00\x00\x00\x00\x00\x00\x00"
  "\x00\x00\x00\x00\x00\x00\x00\x00\x00\x00\x00\x00\x00\x04\x00\x00\x00\x00\x00\x00"
  "\x00\x00\x00\x00\x00\x00\x00\x00\x00\x00\x00\x00\x00\x00\x00\x00\x00\x00\x00\x00"
  "\x00\x00\x00\x00\x00\x00\x00\x00\x00\x00\x00\x00\x00\x00\x00\x00\x00\x04\x00\x00"
  "\x00\x00\x00\x00\x00\x00\x00\x00\x00\x00\x00\x00\x00\x00\x00\x00\x00\x00\x00\x00"
  "\x00\x00\x00\x00\x00\x00\x00\x00\x00\x00\x00\x00\x00\x00\x00\x00\x00\x00\x00\x00"
  "\x00\x00\x00\x00\x00\x00\x00\x00\x00\x00\x00\x00\x00\x00\x00\x00\x00\x00\x00\x00"
  "\x00\x00\x00\x00\x00\x00\x00\x00\x00\x00\x00\x00\x00\x00\x00\x00\x00\x01\x00\x00"
  "\x00\x00\x00\x00\x00\x00\x00\x00\x00\x00\x00\x00\x00\x00\x00\x00\x00\x00\x00\x00"
  "\x00\x00\x00\x00\x00\x00\x00\x00\x00\x00\x00\x00\x00\x00\x00\x00\x00\x00\x00\x00"
  "\x00\x00\x00\x00\x00\x02\x00\x00\x00\x00\x00\x00\x00\x00\x00\x00\x00\x00\x00\x00"
  "\x00\x00\x00\x00\x00\x00\x00\x00\x00\x00\x00\x00\x00\x00\x00\x00\x00\x01\x00\x00"
  "\x00\x00\x00\x00\x00\x00\x00\x00\x00\x00\x00\x00\x00\x00\x00\x00\x00\x00\x00\x00"
  "\x00\x00\x00\x00\x00\x00\x00\x00\x00\x00\x00\x00\x00\x00\x00\x00\x00\x00\x00\x00"
  "\x00\x00\x00\x00\x00\x02\x00\x00\x00\x00\x00\x00\x00\x00\x00\x00\x00\x00\x00\x00"
  "\x00\x00\x00\x00\x00\x00\x00\x00\x00\x00\x00\x00\x00\x00\x00\x00\x00\x08\x00\x00"
  "\x00\x00\x00\x00\x00\x00\x00\x00\x00\x00\x00\x00\x00\x01\x00\x00\x00\x00\x00\x00"
  "\x00\x00\x00\x00\x00\x00\x00\x00\x00\x01\x00\x00\x00\x00\x00\x00\x00\x00\x00\x00"
  "\x00\x00\x00\x00\x00\x00\x08\x00\x00\x00\x00\x00\x00\x00\x00\x00\x00\x00\x00\x00"
  "\x00\x01\x00\x00\x00\x00\x00\x00\x00\x00\x00\x00\x00\x00\x00\x00\x00\x02\x00\x00"
  "\x00\x00\x00\x00\x00\x00\x00\x00\x00\x00\x00\x00\x00\x00\x00\x01\x00\x00\x00\x00"
  "\x00\x00\x00\x00\x00\x00\x00\x00\x00\x01\x00\x00\x00\x00\x00\x00\x00\x00\x00\x00"
  "\x00\x00\x00\x00\x00\x01\x00\x00\x00\x00\x00\x00\x00\x00\x00\x00\x00\x00\x00\x00"
  "\x00\x00\x00\x02\x00\x00\x00\x00\x00\x00\x00\x00\x00\x00\x00\x00\x00\x01\x00\x00"
  "\x00\x00\x00\x00\x00\x00\x00\x00\x00\x00\x00\x00\x00\x02\x00\x00\x00\x00\x00\x00"
  "\x00\x00\x00\x00\x00\x00\x00\x00\x00\xff\xff\x07\x00\x04\x00\x00\x00\x00\x00\x00"
  "\x00\x00\x00\x00\x00\x03\x00\x00\x00\x00\x00\x00\x00\x00\x00\x00\x00\x00\x00\x00"
  "\x00\x01\x00\x00\x00\x00\x00\x00\x00\x00\x00\x00\x00\x00\x00\x00\x00\xff\xff\x07"
  "\x00\x00\x00\x00\x00\x00\x00\x00\x00\x00\x00\x00\x00\x00\x00\x00\x00\x00\x00\x00"
  "\x00\x00\x00\x00\x00\x00\x00\x00\x00\x01\x00\x00\x00\x00\x00\x00\x00\x00\x00\x00"
  "\x00\x00\x00\x00\x00\xff\xff\xff\xff\xf7\xff\xff\xff\x3f\x00\x00\x00\x00\x00\x00"
  "\x00\x00\x00\x00\x00\x00\x00\x00\x00\x00\x00\x00\x00\x00\x00\x00\x00\x00\x00\x00"
  "\x00\x00\x00\x00\x00\x00\x00\x00\x00\x00\x00\x00\x00\x00\x00\x00\x00\x08\x00\x00"
  "\x00\x00\x00\x00\x00\x00\x00\x00\x00\x04\x00\x00\x00\x00\x00\x00\x00\x00\x00\x00"
  "\x00\x00\x00\x00\x00\x00\x00\x00\x00\x00\x00\x00\x00\x00\x00\x00\x00\x00\x00\x00"
  "\x00\x00\x00\xf8\xff\xfb\xff\xff\xff\x3f\x00\x00\x00\x00\x00\x00\x00\x00\x00\x00"
  "\x00\x00\x00\x00\x00\x00\x00\x00\x00\x00\x00\x00\x00\x00\x00\x00\x00\x00\x00\x00"
  "\x00\x00\x00\x00\x00\x00\x00\x00\x00\xbd\x01\x00\x00\x00\x00\x00\x03\x00\x08\x00"
  "\x01\x00\x00\x04\x00\x04\x00\x02\x00\x00\x02\x00\x02\x00\x03\x00\x00\x00\x00\x01"
  "\x00\x04\x00\x00\x01\x00\x01\x00\x05\x00\x01\x00\x00\x01\x00\x06\x00\x01\x01\x00"
  "\x01\x00\x07\x00\x01\x02\x00\x01\x00\x07\x00\x01\x1e\x00\x01\x00\x08\x00\x01\x03"
  "\x00\x01\x00\x08\x00\x01\x1e\x00\x01\x00\x09\x00\x01\x04\x00\x01\x00\x0a\x00\x01"
  "\x05\x00\x01\x00\x0a\x00\x01\x44\x00\x01\x00\x0b\x00\x01\x06\x00\x01\x00\x0b\x00"
  "\x01\x2a\x00\x01\x00\x0c\x00\x01\x07\x00\x01\x00\x0d\x00\x01\x08\x00\x01\x00\x0d"
  "\x00\x01\x0a\x00\x01\x00\x0e\x00\x01\x09\x00\x01\x00\x0e\x00\x01\x0a\x00\x01\x00"
  "\x0f\x00\x01\x0b\x00\x01\x00\x0f\x00\x01\x10\x00\x01\x00\x10\x00\x01\x0c\x00\x01"
  "\x00\x10\x00\x01\x2b\x00\x01\x00\x11\x00\x01\x0d\x00\x01\x00\x12\x00\x01\x0e\x00"
  "\x01\x00\x13\x00\x01\x0f\x00\x01\x00\x14\x00\x01\x11\x00\x01\x00\x15\x00\x01\x12"
  "\x00\x01\x00\x15\x00\x01\x46\x00\x01\x00\x16\x00\x01\x12\x00\x01\x00\x16\x00\x01"
  "\x47\x00\x01\x00\x17\x00\x01\x12\x00\x01\x00\x17\x00\x01\x48\x00\x01\x00\x18\x00"
  "\x01\x12\x00\x01\x00\x18\x00\x01\x49\x00\x01\x00\x19\x00\x01\x13\x00\x01\x00\x19"
  "\x00\x01\x20\x00\x01\x00\x1a\x00\x01\x14\x00\x01\x00\x1a\x00\x01\x45\x00\x01\x00"
  "\x1b\x00\x01\x14\x00\x01\x00\x1b\x00\x01\x58\x00\x01\x00\x1c\x00\x01\x15\x00\x01"
  "\x00\x1c\x00\x01\x45\x00\x01\x00\x1d\x00\x01\x15\x00\x01\x00\x1d\x00\x01\x58\x00"
  "\x01\x00\x1e\x00\x01\x16\x00\x01\x00\x1e\x00\x01\x20\x00\x01\x00\x1f\x00\x01\x17"
  "\x00\x01\x00\x1f\x00\x01\x21\x00\x01\x00\x20\x00\x01\x17\x00\x01\x00\x20\x00\x01"
  "\x22\x00\x01\x00\x21\x00\x01\x18\x00\x01\x00\x21\x00\x01\x23\x00\x01\x00\x22\x00"
  "\x01\x19\x00\x01\x00\x22\x00\x01\x23\x00\x01\x00\x23\x00\x01\x1a\x00\x01\x00\x23"
  "\x00\x01\x30\x00\x01\x00\x24\x00\x01\x1b\x00\x01\x00\x24\x00\x01\x5a\x00\x01\x00"
  "\x25\x00\x01\x1c\x00\x01\x00\x26\x00\x01\x1d\x00\x01\x00\x27\x00\x01\x1f\x00\x01"
  "\x00\x27\x00\x01\x56\x00\x01\x00\x28\x00\x01\x1f\x00\x01\x00\x28\x00\x01\x57\x00"
  "\x01\x00\x29\x00\x01\x24\x00\x01\x00\x29\x00\x01\x36\x00\x01\x00\x2a\x00\x01\x24"
  "\x00\x01\x00\x2a\x00\x01\x37\x00\x01\x00\x2b\x00\x01\x25\x00\x01\x00\x2b\x00\x01"
  "\x4d\x00\x01\x00\x2c\x00\x01\x25\x00\x01\x00\x2c\x00\x01\x4e\x00\x01\x00\x2d\x00"
  "\x01\x26\x00\x01\x00\x2d\x00\x01\x52\x00\x01\x00\x2e\x00\x01\x26\x00\x01\x00\x2e"
  "\x00\x01\x53\x00\x01\x00\x2f\x00\x01\x27\x00\x01\x00\x30\x00\x01\x28\x00\x01\x00"
  "\x31\x00\x01\x29\x00\x01\x00\x31\x00\x01\x35\x00\x01\x00\x32\x00\x01\x2c\x00\x01"
  "\x00\x32\x00\x01\x32\x00\x01\x00\x33\x00\x01\x2d\x00\x01\x00\x34\x00\x01\x2e\x00"
  "\x01\x00\x34\x00\x01\x4a\x00\x01\x00\x35\x00\x01\x2f\x00\x01\x00\x35\x00\x01\x4b"
  "\x00\x01\x00\x36\x00\x01\x31\x00\x01\x00\x37\x00\x01\x32\x00\x01\x00\x37\x00\x01"
  "\x50\x00\x01\x00\x38\x00\x01\x33\x00\x01\x00\x39\x00\x01\x34\x00\x01\x00\x39\x00"
  "\x01\x40\x00\x01\x00\x3a\x00\x01\x34\x00\x01\x00\x3a\x00\x01\x41\x00\x01\x00\x3b"
  "\x00\x01\x38\x00\x01\x00\x3c\x00\x01\x39\x00\x01\x00\x3d\x00\x01\x3b\x00\x01\x00"
  "\x3e\x00\x01\x3c\x00\x01\x00\x3f\x00\x01\x3d\x00\x01\x00\x3f\x00\x01\x3e\x00\x01"
  "\x00\x40\x00\x01\x3f\x00\x01\x00\x40\x00\x01\x4f\x00\x01\x00\x41\x00\x01\x42\x00"
  "\x01\x00\x42\x00\x01\x43\x00\x01\x00\x43\x00\x01\x4c\x00\x01\x00\x44\x00\x01\x51"
  "\x00\x01\x00\x45\x00\x01\x54\x00\x01\x00\x45\x00\x01\x55\x00\x01\x00\x46\x00\x01"
  "\x59\x00\x01\x00\x47\x00\x01\x00\x00\x01\x00\x47\x00\x01\x01\x00\x01\x00\x47\x00"
  "\x01\x02\x00\x01\x00\x47\x00\x01\x03\x00\x01\x00\x47\x00\x01\x04\x00\x01\x00\x47"
  "\x00\x01\x07\x00\x01\x00\x47\x00\x01\x0a\x00\x01\x00\x47\x00\x01\x0d\x00\x01\x00"
  "\x47\x00\x01\x0e\x00\x01\x00\x47\x00\x01\x0f\x00\x01\x00\x47\x00\x01\x10\x00\x01"
  "\x00\x47\x00\x01\x11\x00\x01\x00\x47\x00\x01\x13\x00\x01\x00\x47\x00\x01\x14\x00"
  "\x01\x00\x47\x00\x01\x15\x00\x01\x00\x47\x00\x01\x16\x00\x01\x00\x47\x00\x01\x17"
  "\x00\x01\x00\x47\x00\x01\x18\x00\x01\x00\x47\x00\x01\x19\x00\x01\x00\x47\x00\x01"
  "\x1c\x00\x01\x00\x47\x00\x01\x1d\x00\x01\x00\x47\x00\x01\x27\x00\x01\x00\x47\x00"
  "\x01\x28\x00\x01\x00\x47\x00\x01\x29\x00\x01\x00\x47\x00\x01\x2a\x00\x01\x00\x47"
  "\x00\x01\x2b\x00\x01\x00\x47\x00\x01\x2d\x00\x01\x00\x47\x00\x01\x30\x00\x01\x00"
  "\x47\x00\x01\x31\x00\x01\x00\x47\x00\x01\x32\x00\x01\x00\x47\x00\x01\x33\x00\x01"
  "\x00\x47\x00\x01\x36\x00\x01\x00\x47\x00\x01\x37\x00\x01\x00\x47\x00\x01\x38\x00"
  "\x01\x00\x47\x00\x01\x39\x00\x01\x00\x47\x00\x01\x3b\x00\x01\x00\x47\x00\x01\x3c"
  "\x00\x01\x00\x47\x00\x01\x3d\x00\x01\x00\x47\x00\x01\x3f\x00\x01\x00\x47\x00\x01"
  "\x40\x00\x01\x00\x47\x00\x01\x41\x00\x01\x00\x47\x00\x01\x42\x00\x01\x00\x47\x00"
  "\x01\x43\x00\x01\x00\x47\x00\x01\x44\x00\x01\x00\x47\x00\x01\x46\x00\x01\x00\x47"
  "\x00\x01\x47\x00\x01\x00\x47\x00\x01\x48\x00\x01\x00\x47\x00\x01\x49\x00\x01\x00"
  "\x47\x00\x01\x4a\x00\x01\x00\x47\x00\x01\x4b\x00\x01\x00\x47\x00\x01\x4c\x00\x01"
  "\x00\x47\x00\x01\x4d\x00\x01\x00\x47\x00\x01\x4e\x00\x01\x00\x47\x00\x01\x51\x00"
  "\x01\x00\x47\x00\x01\x52\x00\x01\x00\x47\x00\x01\x53\x00\x01\x00\x47\x00\x01\x55"
  "\x00\x01\x00\x47\x00\x01\x56\x00\x01\x00\x47\x00\x01\x57\x00\x01\x00\x47\x00\x01"
  "\x59\x00\x01\x00\x47\x00\x01\x5a\x00\x01\x00\x48\x00\x01\x00\x00\x01\x00\x48\x00"
  "\x01\x01\x00\x01\x00\x48\x00\x01\x04\x00\x01\x00\x48\x00\x01\x05\x00\x01\x00\x48"
  "\x00\x01\x06\x00\x01\x00\x48\x00\x01\x07\x00\x01\x00\x48\x00\x01\x08\x00\x01\x00"
  "\x48\x00\x01\x09\x00\x01\x00\x48\x00\x01\x0b\x00\x01\x00\x48\x00\x01\x0c\x00\x01"
  "\x00\x48\x00\x01\x0d\x00\x01\x00\x48\x00\x01\x0e\x00\x01\x00\x48\x00\x01\x0f\x00"
  "\x01\x00\x48\x00\x01\x11\x00\x01\x00\x48\x00\x01\x12\x00\x01\x00\x48\x00\x01\x1a"
  "\x00\x01\x00\x48\x00\x01\x1b\x00\x01\x00\x48\x00\x01\x1c\x00\x01\x00\x48\x00\x01"
  "\x1d\x00\x01\x00\x48\x00\x01\x1e\x00\x01\x00\x48\x00\x01\x1f\x00\x01\x00\x48\x00"
  "\x01\x20\x00\x01\x00\x48\x00\x01\x21\x00\x01\x00\x48\x00\x01\x22\x00\x01\x00\x48"
  "\x00\x01\x23\x00\x01\x00\x48\x00\x01\x24\x00\x01\x00\x48\x00\x01\x25\x00\x01\x00"
  "\x48\x00\x01\x26\x00\x01\x00\x48\x00\x01\x27\x00\x01\x00\x48\x00\x01\x28\x00\x01"
  "\x00\x48\x00\x01\x2c\x00\x01\x00\x48\x00\x01\x2d\x00\x01\x00\x48\x00\x01\x2e\x00"
  "\x01\x00\x48\x00\x01\x2f\x00\x01\x00\x48\x00\x01\x31\x00\x01\x00\x48\x00\x01\x33"
  "\x00\x01\x00\x48\x00\x01\x34\x00\x01\x00\x48\x00\x01\x35\x00\x01\x00\x48\x00\x01"
  "\x38\x00\x01\x00\x48\x00\x01\x39\x00\x01\x00\x48\x00\x01\x3b\x00\x01\x00\x48\x00"
  "\x01\x3c\x00\x01\x00\x48\x00\x01\x3e\x00\x01\x00\x48\x00\x01\x42\x00\x01\x00\x48"
  "\x00\x01\x43\x00\x01\x00\x48\x00\x01\x45\x00\x01\x00\x48\x00\x01\x4c\x00\x01\x00"
  "\x48\x00\x01\x4f\x00\x01\x00\x48\x00\x01\x50\x00\x01\x00\x48\x00\x01\x51\x00\x01"
  "\x00\x48\x00\x01\x54\x00\x01\x00\x48\x00\x01\x58\x00\x01\x00\x48\x00\x01\x59\x00"
  "\x01\x00\x01\x00\x02\x37\x00\x08\x00\x02\x00\x02\x37\x00\x04\x00\x05\x00\x02\x07"
  "\x00\x01\x00\x05\x00\x02\x1e\x00\x01\x00\x05\x00\x02\x2b\x00\x01\x00\x0c\x00\x02"
  "\x0d\x00\x01\x00\x0c\x00\x02\x1c\x00\x01\x00\x0c\x00\x02\x2c\x00\x01\x00\x11\x00"
  "\x02\x0f\x00\x01\x00\x11\x00\x02\x18\x00\x01\x00\x11\x00\x02\x25\x00\x01\x00\x12"
  "\x00\x02\x12\x00\x01\x00\x12\x00\x02\x21\x00\x01\x00\x12\x00\x02\x2e\x00\x01\x00"
  "\x13\x00\x02\x05\x00\x01\x00\x13\x00\x02\x26\x00\x01\x00\x13\x00\x02\x2f\x00\x01"
  "\x00\x14\x00\x02\x0c\x00\x01\x00\x14\x00\x02\x1f\x00\x01\x00\x14\x00\x02\x2a\x00"
  "\x01\x00\x25\x00\x02\x08\x00\x01\x00\x25\x00\x02\x22\x00\x01\x00\x25\x00\x02\x30"
  "\x00\x01\x00\x26\x00\x02\x01\x00\x01\x00\x26\x00\x02\x31\x00\x01\x00\x26\x00\x02"
  "\x35\x00\x01\x00\x2f\x00\x02\x13\x00\x01\x00\x2f\x00\x02\x1e\x00\x01\x00\x2f\x00"
  "\x02\x36\x00\x01\x00\x30\x00\x02\x06\x00\x01\x00\x30\x00\x02\x19\x00\x01\x00\x30"
  "\x00\x02\x28\x00\x01\x00\x33\x00\x02\x0e\x00\x01\x00\x33\x00\x02\x1d\x00\x01\x00"
  "\x33\x00\x02\x2d\x00\x01\x00\x36\x00\x02\x10\x00\x01\x00\x36\x00\x02\x23\x00\x01"
  "\x00\x36\x00\x02\x34\x00\x01\x00\x38\x00\x02\x0a\x00\x01\x00\x38\x00\x02\x15\x00"
  "\x01\x00\x38\x00\x02\x24\x00\x01\x00\x3b\x00\x02\x09\x00\x01\x00\x3b\x00\x02\x17"
  "\x00\x01\x00\x3b\x00\x02\x20\x00\x01\x00\x3c\x00\x02\x11\x00\x01\x00\x3c\x00\x02"
  "\x16\x00\x01\x00\x3c\x00\x02\x27\x00\x01\x00\x3e\x00\x02\x04\x00\x01\x00\x3e\x00"
  "\x02\x1b\x00\x01\x00\x3e\x00\x02\x2e\x00\x01\x00\x41\x00\x02\x00\x00\x01\x00\x41"
  "\x00\x02\x02\x00\x01\x00\x41\x00\x02\x32\x00\x01\x00\x43\x00\x02\x0b\x00\x01\x00"
  "\x43\x00\x02\x1a\x00\x01\x00\x43\x00\x02\x29\x00\x01\x00\x46\x00\x02\x03\x00\x01"
  "\x00\x46\x00\x02\x14\x00\x01\x00\x46\x00\x02\x33\x00\x01\x00\x47\x00\x02\x00\x00"
  "\x01\x00\x47\x00\x02\x01\x00\x01\x00\x47\x00\x02\x02\x00\x01\x00\x47\x00\x02\x03"
  "\x00\x01\x00\x47\x00\x02\x04\x00\x01\x00\x47\x00\x02\x05\x00\x01\x00\x47\x00\x02"
  "\x06\x00\x01\x00\x47\x00\x02\x07\x00\x01\x00\x47\x00\x02\x08\x00\x01\x00\x47\x00"
  "\x02\x09\x00\x01\x00\x47\x00\x02\x0a\x00\x01\x00\x47\x00\x02\x0b\x00\x01\x00\x47"
  "\x00\x02\x0c\x00\x01\x00\x47\x00\x02\x0d\x00\x01\x00\x47\x00\x02\x0e\x00\x01\x00"
  "\x47\x00\x02\x0f\x00\x01\x00\x47\x00\x02\x10\x00\x01\x00\x47\x00\x02\x11\x00\x01"
  "\x00\x47\x00\x02\x12\x00\x01\x00\x47\x00\x02\x13\x00\x01\x00\x47\x00\x02\x14\x00"
  "\x01\x00\x47\x00\x02\x15\x00\x01\x00\x47\x00\x02\x17\x00\x01\x00\x47\x00\x02\x1b"
  "\x00\x01\x00\x47\x00\x02\x1e\x00\x01\x00\x47\x00\x02\x25\x00\x01\x00\x47\x00\x02"
  "\x26\x00\x01\x00\x47\x00\x02\x27\x00\x01\x00\x47\x00\x02\x28\x00\x01\x00\x47\x00"
  "\x02\x29\x00\x01\x00\x47\x00\x02\x2a\x00\x01\x00\x47\x00\x02\x2b\x00\x01\x00\x47"
  "\x00\x02\x2c\x00\x01\x00\x47\x00\x02\x2d\x00\x01\x00\x47\x00\x02\x2e\x00\x01\x00"
  "\x47\x00\x02\x30\x00\x01\x00\x47\x00\x02\x31\x00\x01\x00\x47\x00\x02\x34\x00\x01"
  "\x00\x48\x00\x02\x01\x00\x01\x00\x48\x00\x02\x02\x00\x01\x00\x48\x00\x02\x03\x00"
  "\x01\x00\x48\x00\x02\x04\x00\x01\x00\x48\x00\x02\x05\x00\x01\x00\x48\x00\x02\x06"
  "\x00\x01\x00\x48\x00\x02\x07\x00\x01\x00\x48\x00\x02\x08\x00\x01\x00\x48\x00\x02"
  "\x09\x00\x01\x00\x48\x00\x02\x0a\x00\x01\x00\x48\x00\x02\x0b\x00\x01\x00\x48\x00"
  "\x02\x0c\x00\x01\x00\x48\x00\x02\x0d\x00\x01\x00\x48\x00\x02\x0e\x00\x01\x00\x48"
  "\x00\x02\x0f\x00\x01\x00\x48\x00\x02\x10\x00\x01\x00\x48\x00\x02\x11\x00\x01\x00"
  "\x48\x00\x02\x12\x00\x01\x00\x48\x00\x02\x13\x00\x01\x00\x48\x00\x02\x16\x00\x01"
  "\x00\x48\x00\x02\x18\x00\x01\x00\x48\x00\x02\x19\x00\x01\x00\x48\x00\x02\x1a\x00"
  "\x01\x00\x48\x00\x02\x1c\x00\x01\x00\x48\x00\x02\x1d\x00\x01\x00\x48\x00\x02\x1e"
  "\x00\x01\x00\x48\x00\x02\x1f\x00\x01\x00\x48\x00\x02\x20\x00\x01\x00\x48\x00\x02"
  "\x21\x00\x01\x00\x48\x00\x02\x22\x00\x01\x00\x48\x00\x02\x23\x00\x01\x00\x48\x00"
  "\x02\x24\x00\x01\x00\x48\x00\x02\x2e\x00\x01\x00\x48\x00\x02\x2f\x00\x01\x00\x48"
  "\x00\x02\x32\x00\x01\x00\x48\x00\x02\x33\x00\x01\x00\x48\x00\x02\x35\x00\x01\x00"
  "\x48\x00\x02\x36\x00\x01\x00\x49\x00\x02\x00\x00\x01\x00\x49\x00\x02\x14\x00\x01"
  "\x00\x49\x00\x02\x15\x00\x01\x00\x49\x00\x02\x16\x00\x01\x00\x49\x00\x02\x17\x00"
  "\x01\x00\x49\x00\x02\x18\x00\x01\x00\x49\x00\x02\x19\x00\x01\x00\x49\x00\x02\x1a"
  "\x00\x01\x00\x49\x00\x02\x1b\x00\x01\x00\x49\x00\x02\x1c\x00\x01\x00\x49\x00\x02"
  "\x1d\x00\x01\x00\x49\x00\x02\x1e\x00\x01\x00\x49\x00\x02\x1f\x00\x01\x00\x49\x00"
  "\x02\x20\x00\x01\x00\x49\x00\x02\x21\x00\x01\x00\x49\x00\x02\x22\x00\x01\x00\x49"
  "\x00\x02\x23\x00\x01\x00\x49\x00\x02\x24\x00\x01\x00\x49\x00\x02\x25\x00\x01\x00"
  "\x49\x00\x02\x26\x00\x01\x00\x49\x00\x02\x27\x00\x01\x00\x49\x00\x02\x28\x00\x01"
  "\x00\x49\x00\x02\x29\x00\x01\x00\x49\x00\x02\x2a\x00\x01\x00\x49\x00\x02\x2b\x00"
  "\x01\x00\x49\x00\x02\x2c\x00\x01\x00\x49\x00\x02\x2d\x00\x01\x00\x49\x00\x02\x2e"
  "\x00\x01\x00\x49\x00\x02\x2f\x00\x01\x00\x49\x00\x02\x30\x00\x01\x00\x49\x00\x02"
  "\x31\x00\x01\x00\x49\x00\x02\x32\x00\x01\x00\x49\x00\x02\x33\x00\x01\x00\x49\x00"
  "\x02\x34\x00\x01\x00\x49\x00\x02\x35\x00\x01\x00\x49\x00\x02\x36\x00\x01\x00\x4a"
  "\x00\x02\x01\x00\x01\x00\x4a\x00\x02\x02\x00\x01\x00\x4a\x00\x02\x03\x00\x01\x00"
  "\x4a\x00\x02\x04\x00\x01\x00\x4a\x00\x02\x05\x00\x01\x00\x4a\x00\x02\x06\x00\x01"
  "\x00\x4a\x00\x02\x07\x00\x01\x00\x4a\x00\x02\x08\x00\x01\x00\x4a\x00\x02\x09\x00"
  "\x01\x00\x4a\x00\x02\x0a\x00\x01\x00\x4a\x00\x02\x0b\x00\x01\x00\x4a\x00\x02\x0c"
  "\x00\x01\x00\x4a\x00\x02\x0d\x00\x01\x00\x4a\x00\x02\x0e\x00\x01\x00\x4a\x00\x02"
  "\x0f\x00\x01\x00\x4a\x00\x02\x10\x00\x01\x00\x4a\x00\x02\x11\x00\x01\x00\x4a\x00"
  "\x02\x12\x00\x01\x00\x4a\x00\x02\x13\x00\x01\x00\x4b\x00\x02\x1b\x00\x10\x00\x4c"
  "\x00\x02\x36\x00\x10\x00\x4d\x00\x02\x2b\x00\x10\x00\x4e\x00\x02\x21\x00\x10\x00"
  "\x01\x00\x03\x11\x00\x04\x00\x48\x00\x03\x08\x00\x01\x00\x4f\x00\x03\x00\x00\x02"
  "\x00\x50\x00\x03\x04\x00\x01\x00\x01\x00\x04\x11\x00\x04\x00\x48\x00\x04\x09\x00"
  "\x01\x00\x4f\x00\x04\x01\x00\x02\x00\x50\x00\x04\x02\x00\x01\x00\x01\x00\x05\x11"
  "\x00\x04\x00\x48\x00\x05\x0a\x00\x01\x00\x4f\x00\x05\x02\x00\x02\x00\x50\x00\x05"
  "\x05\x00\x01\x00\x01\x00\x06\x11\x00\x02\x00\x47\x00\x06\x07\x00\x01\x00\x48\x00"
  "\x06\x08\x00\x01\x00\x47\x00\x07\x00\x00\x01\x00\x48\x00\x07\x01\x00\x01\x00\x51"
  "\x00\x07\x03\x00\x02\x00\x52\x00\x07\x02\x00\x02\x00\x02\x00\x08\x03\x00\x08\x00"
  "\x47\x00\x08\x00\x00\x04\x00\x48\x00\x08\x02\x00\x01\x00\x49\x00\x08\x01\x00\x02"
  "\x00\x53\x00\x08\x04\x00\x08\x00";

char *CASES =
  "\x00\x00\x00\x00\x00\x00\x01\x00\x00\x00\x00\x01\x00\x00\x00\x00\x00\x00\x01\x00"
  "\x00\x00\x00\x00\x00\x00\x01\x01\x00\x00\x01\x00\x00\x00\x02\x00\x00\x00\x01\x00"
  "\x00\x00\x02\x01\x00\x00\x00\x00\x00\x00\x03\x00\x00\x00\x01\x00\x00\x00\x03\x01"
  "\x00\x00\x00\x00\x00\x00\x04\x00\x00\x00\x01\x00\x00\x00\x04\x01\x00\x00\x00\x00"
  "\x00\x00\x05\x00\x00\x00\x02\x00\x00\x00\x05\x01\x00\x00\x02\x00\x00\x00\x06\x00"
  "\x00\x00\x03\x00\x00\x00\x06\x01\x00\x00\x03\x00\x00\x00\x07\x00\x00\x00\x03\x00"
  "\x00\x00\x07\x01\x00\x00\x03\x00\x00\x00\x08\x00\x00\x00\x03\x00\x00\x00\x08\x01"
  "\x00\x00\x03\x00\x01\x00\x00\x00\x00\x00\x00\x00\x01\x00\x00\x01\x00\x00\x00\x00"
  "\x01\x00\x00\x02\x00\x00\x00\x00\x01\x00\x00\x03\x00\x00\x00\x00\x01\x00\x00\x04"
  "\x00\x00\x00\x00\x01\x00\x00\x05\x00\x00\x00\x00\x01\x00\x00\x06\x00\x00\x00\x00"
  "\x01\x00\x00\x07\x00\x00\x00\x00\x01\x00\x00\x08\x00\x00\x00\x00\x01\x00\x00\x09"
  "\x00\x00\x00\x00\x01\x00\x00\x0a\x00\x00\x00\x00\x01\x00\x00\x0b\x00\x00\x00\x00"
  "\x01\x00\x01\x00\x00\x00\x01\x00\x01\x00\x01\x01\x00\x00\x01\x00\x01\x00\x01\x02"
  "\x00\x00\x01\x00\x01\x00\x01\x03\x00\x00\x01\x00\x01\x00\x01\x04\x00\x00\x01\x00"
  "\x01\x00\x01\x05\x00\x00\x01\x00\x01\x00\x01\x06\x00\x00\x01\x00\x01\x00\x01\x07"
  "\x00\x00\x01\x00\x01\x00\x01\x08\x00\x00\x01\x00\x01\x00\x01\x09\x00\x00\x01\x00"
  "\x01\x00\x01\x0a\x00\x00\x01\x00\x01\x00\x01\x0b\x00\x00\x01\x00\x01\x00\x02\x00"
  "\x00\x00\x02\x00\x01\x00\x02\x01\x00\x00\x02\x00\x01\x00\x02\x02\x00\x00\x02\x00"
  "\x01\x00\x02\x03\x00\x00\x02\x00\x01\x00\x02\x04\x00\x00\x02\x00\x01\x00\x02\x05"
  "\x00\x00\x02\x00\x01\x00\x02\x06\x00\x00\x02\x00\x01\x00\x02\x07\x00\x00\x02\x00"
  "\x01\x00\x02\x08\x00\x00\x02\x00\x01\x00\x02\x09\x00\x00\x02\x00\x01\x00\x02\x0a"
  "\x00\x00\x02\x00\x01\x00\x02\x0b\x00\x00\x02\x00\x01\x00\x03\x00\x00\x00\x03\x00"
  "\x01\x00\x03\x01\x00\x00\x03\x00\x01\x00\x03\x02\x00\x00\x03\x00\x01\x00\x03\x03"
  "\x00\x00\x03\x00\x01\x00\x03\x04\x00\x00\x03\x00\x01\x00\x03\x05\x00\x00\x03\x00"
  "\x01\x00\x03\x06\x00\x00\x03\x00\x01\x00\x03\x07\x00\x00\x03\x00\x01\x00\x03\x08"
  "\x00\x00\x03\x00\x01\x00\x03\x09\x00\x00\x03\x00\x01\x00\x03\x0a\x00\x00\x03\x00"
  "\x01\x00\x03\x0b\x00\x00\x03\x00\x01\x00\x04\x00\x00\x00\x04\x00\x01\x00\x04\x01"
  "\x00\x00\x04\x00\x01\x00\x04\x02\x00\x00\x04\x00\x01\x00\x04\x03\x00\x00\x04\x00"
  "\x01\x00\x04\x04\x00\x00\x04\x00\x01\x00\x04\x05\x00\x00\x04\x00\x01\x00\x04\x06"
  "\x00\x00\x04\x00\x01\x00\x04\x07\x00\x00\x04\x00\x01\x00\x04\x08\x00\x00\x04\x00"
  "\x01\x00\x04\x09\x00\x00\x04\x00\x01\x00\x04\x0a\x00\x00\x04\x00\x01\x00\x04\x0b"
  "\x00\x00\x04\x00\x01\x00\x05\x00\x00\x00\x05\x00\x01\x00\x05\x01\x00\x00\x05\x00"
  "\x01\x00\x05\x02\x00\x00\x05\x00\x01\x00\x05\x03\x00\x00\x05\x00\x01\x00\x05\x04"
  "\x00\x00\x05\x00\x01\x00\x05\x05\x00\x00\x05\x00\x01\x00\x05\x06\x00\x00\x05\x00"
  "\x01\x00\x05\x07\x00\x00\x05\x00\x01\x00\x05\x08\x00\x00\x05\x00\x01\x00\x05\x09"
  "\x00\x00\x05\x00\x01\x00\x05\x0a\x00\x00\x05\x00\x01\x00\x05\x0b\x00\x00\x05\x00"
  "\x01\x00\x06\x00\x00\x00\x08\x00\x01\x00\x06\x01\x00\x00\x08\x00\x01\x00\x06\x02"
  "\x00\x00\x08\x00\x01\x00\x06\x03\x00\x00\x08\x00\x01\x00\x06\x04\x00\x00\x08\x00"
  "\x01\x00\x06\x05\x00\x00\x08\x00\x01\x00\x06\x06\x00\x00\x07\x00\x01\x00\x06\x07"
  "\x00\x00\x06\x00\x01\x00\x06\x08\x00\x00\x08\x00\x01\x00\x06\x09\x00\x00\x08\x00"
  "\x01\x00\x06\x0a\x00\x00\x08\x00\x01\x00\x06\x0b\x00\x00\x08\x00\x01\x00\x07\x00"
  "\x00\x00\x08\x00\x01\x00\x07\x01\x00\x00\x08\x00\x01\x00\x07\x02\x00\x00\x08\x00"
  "\x01\x00\x07\x03\x00\x00\x08\x00\x01\x00\x07\x04\x00\x00\x08\x00\x01\x00\x07\x05"
  "\x00\x00\x08\x00\x01\x00\x07\x06\x00\x00\x08\x00\x01\x00\x07\x07\x00\x00\x08\x00"
  "\x01\x00\x07\x08\x00\x00\x08\x00\x01\x00\x07\x09\x00\x00\x08\x00\x01\x00\x07\x0a"
  "\x00\x00\x08\x00\x01\x00\x07\x0b\x00\x00\x08\x00\x01\x00\x08\x00\x00\x00\x08\x00"
  "\x01\x00\x08\x01\x00\x00\x08\x00\x01\x00\x08\x02\x00\x00\x08\x00\x01\x00\x08\x03"
  "\x00\x00\x08\x00\x01\x00\x08\x04\x00\x00\x08\x00\x01\x00\x08\x05\x00\x00\x08\x00"
  "\x01\x00\x08\x06\x00\x00\x08\x00\x01\x00\x08\x07\x00\x00\x08\x00\x01\x00\x08\x08"
  "\x00\x00\x08\x00\x01\x00\x08\x09\x00\x00\x08\x00\x01\x00\x08\x0a\x00\x00\x08\x00"
  "\x01\x00\x08\x0b\x00\x00\x08\x00\x01\x00\x09\x00\x00\x00\x00\x00\x01\x00\x09\x01"
  "\x00\x00\x00\x00\x01\x00\x09\x02\x00\x00\x00\x00\x01\x00\x09\x03\x00\x00\x00\x00"
  "\x01\x00\x09\x04\x00\x00\x00\x00\x01\x00\x09\x05\x00\x00\x00\x00\x01\x00\x09\x06"
  "\x00\x00\x00\x00\x01\x00\x09\x07\x00\x00\x00\x00\x01\x00\x09\x08\x00\x00\x00\x00"
  "\x01\x00\x09\x09\x00\x00\x00\x00\x01\x00\x09\x0a\x00\x00\x00\x00\x01\x00\x09\x0b"
  "\x00\x00\x00\x00\x01\x00\x0a\x00\x00\x00\x09\x00\x01\x00\x0a\x01\x00\x00\x09\x00"
  "\x01\x00\x0a\x02\x00\x00\x09\x00\x01\x00\x0a\x03\x00\x00\x09\x00\x01\x00\x0a\x04"
  "\x00\x00\x09\x00\x01\x00\x0a\x05\x00\x00\x09\x00\x01\x00\x0a\x06\x00\x00\x09\x00"
  "\x01\x00\x0a\x07\x00\x00\x09\x00\x01\x00\x0a\x08\x00\x00\x09\x00\x01\x00\x0a\x09"
  "\x00\x00\x09\x00\x01\x00\x0a\x0a\x00\x00\x09\x00\x01\x00\x0a\x0b\x00\x00\x09\x00"
  "\x01\x00\x0b\x00\x00\x00\x08\x00\x01\x00\x0b\x01\x00\x00\x08\x00\x01\x00\x0b\x02"
  "\x00\x00\x08\x00\x01\x00\x0b\x03\x00\x00\x03\x00\x01\x00\x0b\x04\x00\x00\x08\x00"
  "\x01\x00\x0b\x05\x00\x00\x08\x00\x01\x00\x0b\x06\x00\x00\x08\x00\x01\x00\x0b\x07"
  "\x00\x00\x08\x00\x01\x00\x0b\x08\x00\x00\x08\x00\x01\x00\x0b\x09\x00\x00\x08\x00"
  "\x01\x00\x0b\x0a\x00\x00\x08\x00\x01\x00\x0b\x0b\x00\x00\x08\x00\x02\x00\x00\x00"
  "\x00\x00\x00\x00\x02\x00\x00\x01\x00\x00\x02\x00\x02\x00\x00\x02\x00\x00\x02\x00"
  "\x02\x00\x00\x03\x00\x00\x02\x00\x02\x00\x00\x04\x00\x00\x02\x00\x02\x00\x00\x05"
  "\x00\x00\x02\x00\x02\x00\x00\x06\x00\x00\x02\x00\x02\x00\x00\x07\x00\x00\x02\x00"
  "\x02\x00\x00\x08\x00\x00\x02\x00\x02\x00\x00\x09\x00\x00\x02\x00\x02\x00\x00\x0a"
  "\x00\x00\x02\x00\x02\x00\x00\x0b\x00\x00\x02\x00\x02\x00\x00\x0c\x00\x00\x02\x00"
  "\x02\x00\x00\x0d\x00\x00\x02\x00\x02\x00\x00\x0e\x00\x00\x02\x00\x02\x00\x00\x0f"
  "\x00\x00\x02\x00\x02\x00\x00\x10\x00\x00\x02\x00\x02\x00\x00\x11\x00\x00\x04\x00"
  "\x02\x00\x00\x12\x00\x00\x03\x00\x02\x00\x00\x13\x00\x00\x05\x00\x02\x00\x00\x14"
  "\x00\x00\x02\x00\x02\x00\x00\x15\x00\x00\x02\x00\x02\x00\x00\x16\x00\x00\x02\x00"
  "\x02\x00\x00\x17\x00\x00\x02\x00\x02\x00\x00\x18\x00\x00\x02\x00\x02\x00\x00\x19"
  "\x00\x00\x02\x00\x02\x00\x00\x1a\x00\x00\x02\x00\x02\x00\x00\x1b\x00\x00\x02\x00"
  "\x02\x00\x00\x1c\x00\x00\x02\x00\x02\x00\x00\x1d\x00\x00\x02\x00\x02\x00\x00\x1e"
  "\x00\x00\x02\x00\x02\x00\x00\x1f\x00\x00\x02\x00\x02\x00\x00\x20\x00\x00\x02\x00"
  "\x02\x00\x00\x21\x00\x00\x02\x00\x02\x00\x00\x22\x00\x00\x02\x00\x02\x00\x00\x23"
  "\x00\x00\x02\x00\x02\x00\x00\x24\x00\x00\x02\x00\x02\x00\x00\x25\x00\x00\x02\x00"
  "\x02\x00\x00\x26\x00\x00\x02\x00\x02\x00\x00\x27\x00\x00\x02\x00\x02\x00\x00\x28"
  "\x00\x00\x02\x00\x02\x00\x00\x29\x00\x00\x02\x00\x02\x00\x00\x2a\x00\x00\x02\x00"
  "\x02\x00\x00\x2b\x00\x00\x02\x00\x02\x00\x00\x2c\x00\x00\x02\x00\x02\x00\x00\x2d"
  "\x00\x00\x02\x00\x02\x00\x00\x2e\x00\x00\x02\x00\x02\x00\x00\x2f\x00\x00\x02\x00"
  "\x02\x00\x00\x30\x00\x00\x02\x00\x02\x00\x00\x31\x00\x00\x02\x00\x02\x00\x00\x32"
  "\x00\x00\x02\x00\x02\x00\x00\x33\x00\x00\x02\x00\x02\x00\x00\x34\x00\x00\x02\x00"
  "\x02\x00\x00\x35\x00\x00\x02\x00\x02\x00\x00\x36\x00\x00\x02\x00\x02\x00\x00\x37"
  "\x00\x00\x02\x00\x02\x00\x00\x38\x00\x00\x02\x00\x02\x00\x00\x39\x00\x00\x02\x00"
  "\x02\x00\x00\x3a\x00\x00\x02\x00\x02\x00\x00\x3b\x00\x00\x04\x00\x02\x00\x00\x3c"
  "\x00\x00\x02\x00\x02\x00\x00\x3d\x00\x00\x02\x00\x02\x00\x00\x3e\x00\x00\x02\x00"
  "\x02\x00\x00\x3f\x00\x00\x02\x00\x02\x00\x00\x40\x00\x00\x02\x00\x02\x00\x00\x41"
  "\x00\x00\x02\x00\x02\x00\x00\x42\x00\x00\x02\x00\x02\x00\x00\x43\x00\x00\x02\x00"
  "\x02\x00\x01\x00\x00\x00\x12\x00\x02\x00\x01\x01\x00\x00\x06\x00\x02\x00\x01\x02"
  "\x00\x00\x12\x00\x02\x00\x01\x03\x00\x00\x12\x00\x02\x00\x01\x04\x00\x00\x12\x00"
  "\x02\x00\x01\x05\x00\x00\x07\x00\x02\x00\x01\x06\x00\x00\x12\x00\x02\x00\x01\x07"
  "\x00\x00\x08\x00\x02\x00\x01\x08\x00\x00\x09\x00\x02\x00\x01\x09\x00\x00\x0a\x00"
  "\x02\x00\x01\x0a\x00\x00\x0b\x00\x02\x00\x01\x0b\x00\x00\x0c\x00\x02\x00\x01\x0c"
  "\x00\x00\x0d\x00\x02\x00\x01\x0d\x00\x00\x0e\x00\x02\x00\x01\x0e\x00\x00\x0f\x00"
  "\x02\x00\x01\x0f\x00\x00\x10\x00\x02\x00\x01\x10\x00\x00\x12\x00\x02\x00\x01\x11"
  "\x00\x00\x06\x00\x02\x00\x01\x12\x00\x00\x06\x00\x02\x00\x01\x13\x00\x00\x06\x00"
  "\x02\x00\x01\x14\x00\x00\x11\x00\x02\x00\x01\x15\x00\x00\x12\x00\x02\x00\x01\x16"
  "\x00\x00\x12\x00\x02\x00\x01\x17\x00\x00\x12\x00\x02\x00\x01\x18\x00\x00\x12\x00"
  "\x02\x00\x01\x19\x00\x00\x12\x00\x02\x00\x01\x1a\x00\x00\x12\x00\x02\x00\x01\x1b"
  "\x00\x00\x12\x00\x02\x00\x01\x1c\x00\x00\x12\x00\x02\x00\x01\x1d\x00\x00\x12\x00"
  "\x02\x00\x01\x1e\x00\x00\x12\x00\x02\x00\x01\x1f\x00\x00\x12\x00\x02\x00\x01\x20"
  "\x00\x00\x12\x00\x02\x00\x01\x21\x00\x00\x12\x00\x02\x00\x01\x22\x00\x00\x12\x00"
  "\x02\x00\x01\x23\x00\x00\x12\x00\x02\x00\x01\x24\x00\x00\x12\x00\x02\x00\x01\x25"
  "\x00\x00\x12\x00\x02\x00\x01\x26\x00\x00\x12\x00\x02\x00\x01\x27\x00\x00\x12\x00"
  "\x02\x00\x01\x28\x00\x00\x12\x00\x02\x00\x01\x29\x00\x00\x12\x00\x02\x00\x01\x2a"
  "\x00\x00\x12\x00\x02\x00\x01\x2b\x00\x00\x12\x00\x02\x00\x01\x2c\x00\x00\x12\x00"
  "\x02\x00\x01\x2d\x00\x00\x12\x00\x02\x00\x01\x2e\x00\x00\x12\x00\x02\x00\x01\x2f"
  "\x00\x00\x12\x00\x02\x00\x01\x30\x00\x00\x12\x00\x02\x00\x01\x31\x00\x00\x12\x00"
  "\x02\x00\x01\x32\x00\x00\x12\x00\x02\x00\x01\x33\x00\x00\x12\x00\x02\x00\x01\x34"
  "\x00\x00\x12\x00\x02\x00\x01\x35\x00\x00\x12\x00\x02\x00\x01\x36\x00\x00\x20\x00"
  "\x02\x00\x01\x37\x00\x00\x12\x00\x02\x00\x01\x38\x00\x00\x12\x00\x02\x00\x01\x39"
  "\x00\x00\x12\x00\x02\x00\x01\x3a\x00\x00\x12\x00\x02\x00\x01\x3b\x00\x00\x06\x00"
  "\x02\x00\x01\x3c\x00\x00\x12\x00\x02\x00\x01\x3d\x00\x00\x12\x00\x02\x00\x01\x3e"
  "\x00\x00\x12\x00\x02\x00\x01\x3f\x00\x00\x12\x00\x02\x00\x01\x40\x00\x00\x12\x00"
  "\x02\x00\x01\x41\x00\x00\x12\x00\x02\x00\x01\x42\x00\x00\x12\x00\x02\x00\x01\x43"
  "\x00\x00\x12\x00\x02\x00\x02\x00\x00\x00\x18\x00\x02\x00\x02\x01\x00\x00\x18\x00"
  "\x02\x00\x02\x02\x00\x00\x18\x00\x02\x00\x02\x03\x00\x00\x18\x00\x02\x00\x02\x04"
  "\x00\x00\x18\x00\x02\x00\x02\x05\x00\x00\x18\x00\x02\x00\x02\x06\x00\x00\x18\x00"
  "\x02\x00\x02\x07\x00\x00\x18\x00\x02\x00\x02\x08\x00\x00\x18\x00\x02\x00\x02\x09"
  "\x00\x00\x18\x00\x02\x00\x02\x0a\x00\x00\x18\x00\x02\x00\x02\x0b\x00\x00\x18\x00"
  "\x02\x00\x02\x0c\x00\x00\x18\x00\x02\x00\x02\x0d\x00\x00\x18\x00\x02\x00\x02\x0e"
  "\x00\x00\x18\x00\x02\x00\x02\x0f\x00\x00\x18\x00\x02\x00\x02\x10\x00\x00\x17\x00"
  "\x02\x00\x02\x11\x00\x00\x18\x00\x02\x00\x02\x12\x00\x00\x18\x00\x02\x00\x02\x13"
  "\x00\x00\x18\x00\x02\x00\x02\x14\x00\x00\x18\x00\x02\x00\x02\x15\x00\x00\x18\x00"
  "\x02\x00\x02\x16\x00\x00\x18\x00\x02\x00\x02\x17\x00\x00\x18\x00\x02\x00\x02\x18"
  "\x00\x00\x18\x00\x02\x00\x02\x19\x00\x00\x18\x00\x02\x00\x02\x1a\x00\x00\x18\x00"
  "\x02\x00\x02\x1b\x00\x00\x18\x00\x02\x00\x02\x1c\x00\x00\x18\x00\x02\x00\x02\x1d"
  "\x00\x00\x18\x00\x02\x00\x02\x1e\x00\x00\x18\x00\x02\x00\x02\x1f\x00\x00\x18\x00"
  "\x02\x00\x02\x20\x00\x00\x18\x00\x02\x00\x02\x21\x00\x00\x18\x00\x02\x00\x02\x22"
  "\x00\x00\x18\x00\x02\x00\x02\x23\x00\x00\x23\x00\x02\x00\x02\x24\x00\x00\x13\x00"
  "\x02\x00\x02\x25\x00\x00\x15\x00\x02\x00\x02\x26\x00\x00\x18\x00\x02\x00\x02\x27"
  "\x00\x00\x18\x00\x02\x00\x02\x28\x00\x00\x18\x00\x02\x00\x02\x29\x00\x00\x18\x00"
  "\x02\x00\x02\x2a\x00\x00\x18\x00\x02\x00\x02\x2b\x00\x00\x18\x00\x02\x00\x02\x2c"
  "\x00\x00\x18\x00\x02\x00\x02\x2d\x00\x00\x18\x00\x02\x00\x02\x2e\x00\x00\x18\x00"
  "\x02\x00\x02\x2f\x00\x00\x18\x00\x02\x00\x02\x30\x00\x00\x14\x00\x02\x00\x02\x31"
  "\x00\x00\x16\x00\x02\x00\x02\x32\x00\x00\x22\x00\x02\x00\x02\x33\x00\x00\x22\x00"
  "\x02\x00\x02\x34\x00\x00\x18\x00\x02\x00\x02\x35\x00\x00\x18\x00\x02\x00\x02\x36"
  "\x00\x00\x18\x00\x02\x00\x02\x37\x00\x00\x18\x00\x02\x00\x02\x38\x00\x00\x18\x00"
  "\x02\x00\x02\x39\x00\x00\x18\x00\x02\x00\x02\x3a\x00\x00\x18\x00\x02\x00\x02\x3b"
  "\x00\x00\x18\x00\x02\x00\x02\x3c\x00\x00\x21\x00\x02\x00\x02\x3d\x00\x00\x18\x00"
  "\x02\x00\x02\x3e\x00\x00\x18\x00\x02\x00\x02\x3f\x00\x00\x18\x00\x02\x00\x02\x40"
  "\x00\x00\x18\x00\x02\x00\x02\x41\x00\x00\x18\x00\x02\x00\x02\x42\x00\x00\x18\x00"
  "\x02\x00\x02\x43\x00\x00\x18\x00\x02\x00\x03\x00\x00\x00\x1d\x00\x02\x00\x03\x01"
  "\x00\x00\x1d\x00\x02\x00\x03\x02\x00\x00\x1d\x00\x02\x00\x03\x03\x00\x00\x1d\x00"
  "\x02\x00\x03\x04\x00\x00\x1d\x00\x02\x00\x03\x05\x00\x00\x1d\x00\x02\x00\x03\x06"
  "\x00\x00\x1d\x00\x02\x00\x03\x07\x00\x00\x1d\x00\x02\x00\x03\x08\x00\x00\x1d\x00"
  "\x02\x00\x03\x09\x00\x00\x1d\x00\x02\x00\x03\x0a\x00\x00\x1d\x00\x02\x00\x03\x0b"
  "\x00\x00\x1d\x00\x02\x00\x03\x0c\x00\x00\x1d\x00\x02\x00\x03\x0d\x00\x00\x1d\x00"
  "\x02\x00\x03\x0e\x00\x00\x1d\x00\x02\x00\x03\x0f\x00\x00\x1d\x00\x02\x00\x03\x10"
  "\x00\x00\x1d\x00\x02\x00\x03\x11\x00\x00\x1d\x00\x02\x00\x03\x12\x00\x00\x1d\x00"
  "\x02\x00\x03\x13\x00\x00\x1d\x00\x02\x00\x03\x14\x00\x00\x1d\x00\x02\x00\x03\x15"
  "\x00\x00\x1d\x00\x02\x00\x03\x16\x00\x00\x1a\x00\x02\x00\x03\x17\x00\x00\x1d\x00"
  "\x02\x00\x03\x18\x00\x00\x19\x00\x02\x00\x03\x19\x00\x00\x1d\x00\x02\x00\x03\x1a"
  "\x00\x00\x1d\x00\x02\x00\x03\x1b\x00\x00\x1d\x00\x02\x00\x03\x1c\x00\x00\x1d\x00"
  "\x02\x00\x03\x1d\x00\x00\x1d\x00\x02\x00\x03\x1e\x00\x00\x1d\x00\x02\x00\x03\x1f"
  "\x00\x00\x1d\x00\x02\x00\x03\x20\x00\x00\x1d\x00\x02\x00\x03\x21\x00\x00\x1d\x00"
  "\x02\x00\x03\x22\x00\x00\x1d\x00\x02\x00\x03\x23\x00\x00\x1d\x00\x02\x00\x03\x24"
  "\x00\x00\x1d\x00\x02\x00\x03\x25\x00\x00\x1d\x00\x02\x00\x03\x26\x00\x00\x1d\x00"
  "\x02\x00\x03\x27\x00\x00\x1d\x00\x02\x00\x03\x28\x00\x00\x1d\x00\x02\x00\x03\x29"
  "\x00\x00\x1d\x00\x02\x00\x03\x2a\x00\x00\x1d\x00\x02\x00\x03\x2b\x00\x00\x1d\x00"
  "\x02\x00\x03\x2c\x00\x00\x1d\x00\x02\x00\x03\x2d\x00\x00\x1d\x00\x02\x00\x03\x2e"
  "\x00\x00\x1d\x00\x02\x00\x03\x2f\x00\x00\x1d\x00\x02\x00\x03\x30\x00\x00\x1d\x00"
  "\x02\x00\x03\x31\x00\x00\x1d\x00\x02\x00\x03\x32\x00\x00\x1b\x00\x02\x00\x03\x33"
  "\x00\x00\x1b\x00\x02\x00\x03\x34\x00\x00\x1c\x00\x02\x00\x03\x35\x00\x00\x1c\x00"
  "\x02\x00\x03\x36\x00\x00\x1d\x00\x02\x00\x03\x37\x00\x00\x1d\x00\x02\x00\x03\x38"
  "\x00\x00\x1d\x00\x02\x00\x03\x39\x00\x00\x1d\x00\x02\x00\x03\x3a\x00\x00\x1d\x00"
  "\x02\x00\x03\x3b\x00\x00\x1d\x00\x02\x00\x03\x3c\x00\x00\x1d\x00\x02\x00\x03\x3d"
  "\x00\x00\x1d\x00\x02\x00\x03\x3e\x00\x00\x1d\x00\x02\x00\x03\x3f\x00\x00\x1d\x00"
  "\x02\x00\x03\x40\x00\x00\x1d\x00\x02\x00\x03\x41\x00\x00\x1d\x00\x02\x00\x03\x42"
  "\x00\x00\x1d\x00\x02\x00\x03\x43\x00\x00\x1d\x00\x02\x00\x04\x00\x00\x00\x1f\x00"
  "\x02\x00\x04\x01\x00\x00\x1f\x00\x02\x00\x04\x02\x00\x00\x1f\x00\x02\x00\x04\x03"
  "\x00\x00\x1f\x00\x02\x00\x04\x04\x00\x00\x1f\x00\x02\x00\x04\x05\x00\x00\x1f\x00"
  "\x02\x00\x04\x06\x00\x00\x1f\x00\x02\x00\x04\x07\x00\x00\x1f\x00\x02\x00\x04\x08"
  "\x00\x00\x1f\x00\x02\x00\x04\x09\x00\x00\x1f\x00\x02\x00\x04\x0a\x00\x00\x1f\x00"
  "\x02\x00\x04\x0b\x00\x00\x1f\x00\x02\x00\x04\x0c\x00\x00\x1f\x00\x02\x00\x04\x0d"
  "\x00\x00\x1f\x00\x02\x00\x04\x0e\x00\x00\x1f\x00\x02\x00\x04\x0f\x00\x00\x1f\x00"
  "\x02\x00\x04\x10\x00\x00\x1f\x00\x02\x00\x04\x11\x00\x00\x1f\x00\x02\x00\x04\x12"
  "\x00\x00\x1f\x00\x02\x00\x04\x13\x00\x00\x1f\x00\x02\x00\x04\x14\x00\x00\x1e\x00"
  "\x02\x00\x04\x15\x00\x00\x1f\x00\x02\x00\x04\x16\x00\x00\x1e\x00\x02\x00\x04\x17"
  "\x00\x00\x1f\x00\x02\x00\x04\x18\x00\x00\x1f\x00\x02\x00\x04\x19\x00\x00\x1f\x00"
  "\x02\x00\x04\x1a\x00\x00\x1f\x00\x02\x00\x04\x1b\x00\x00\x1f\x00\x02\x00\x04\x1c"
  "\x00\x00\x1f\x00\x02\x00\x04\x1d\x00\x00\x1f\x00\x02\x00\x04\x1e\x00\x00\x1f\x00"
  "\x02\x00\x04\x1f\x00\x00\x1f\x00\x02\x00\x04\x20\x00\x00\x1f\x00\x02\x00\x04\x21"
  "\x00\x00\x1f\x00\x02\x00\x04\x22\x00\x00\x1f\x00\x02\x00\x04\x23\x00\x00\x1f\x00"
  "\x02\x00\x04\x24\x00\x00\x1f\x00\x02\x00\x04\x25\x00\x00\x1f\x00\x02\x00\x04\x26"
  "\x00\x00\x1f\x00\x02\x00\x04\x27\x00\x00\x1f\x00\x02\x00\x04\x28\x00\x00\x1f\x00"
  "\x02\x00\x04\x29\x00\x00\x1f\x00\x02\x00\x04\x2a\x00\x00\x1f\x00\x02\x00\x04\x2b"
  "\x00\x00\x1f\x00\x02\x00\x04\x2c\x00\x00\x1f\x00\x02\x00\x04\x2d\x00\x00\x1f\x00"
  "\x02\x00\x04\x2e\x00\x00\x1f\x00\x02\x00\x04\x2f\x00\x00\x1f\x00\x02\x00\x04\x30"
  "\x00\x00\x1f\x00\x02\x00\x04\x31\x00\x00\x1f\x00\x02\x00\x04\x32\x00\x00\x1f\x00"
  "\x02\x00\x04\x33\x00\x00\x1f\x00\x02\x00\x04\x34\x00\x00\x1f\x00\x02\x00\x04\x35"
  "\x00\x00\x1f\x00\x02\x00\x04\x36\x00\x00\x1f\x00\x02\x00\x04\x37\x00\x00\x1f\x00"
  "\x02\x00\x04\x38\x00\x00\x1f\x00\x02\x00\x04\x39\x00\x00\x1f\x00\x02\x00\x04\x3a"
  "\x00\x00\x1f\x00\x02\x00\x04\x3b\x00\x00\x1f\x00\x02\x00\x04\x3c\x00\x00\x1f\x00"
  "\x02\x00\x04\x3d\x00\x00\x1f\x00\x02\x00\x04\x3e\x00\x00\x1f\x00\x02\x00\x04\x3f"
  "\x00\x00\x1f\x00\x02\x00\x04\x40\x00\x00\x1f\x00\x02\x00\x04\x41\x00\x00\x1f\x00"
  "\x02\x00\x04\x42\x00\x00\x1f\x00\x02\x00\x04\x43\x00\x00\x1f\x00\x03\x00\x00\x00"
  "\x00\x00\x0f\x00\x03\x00\x00\x00\x01\x00\x0f\x00\x03\x00\x00\x00\x02\x00\x0f\x00"
  "\x03\x00\x00\x00\x03\x00\x0f\x00\x03\x00\x00\x00\x04\x00\x0f\x00\x03\x00\x00\x00"
  "\x05\x00\x0f\x00\x03\x00\x00\x00\x06\x00\x0f\x00\x03\x00\x00\x00\x07\x00\x0f\x00"
  "\x03\x00\x00\x00\x08\x00\x0f\x00\x03\x00\x00\x00\x09\x00\x0f\x00\x03\x00\x00\x00"
  "\x0a\x00\x0f\x00\x03\x00\x00\x00\x0b\x00\x0f\x00\x03\x00\x00\x00\x0c\x00\x0f\x00"
  "\x03\x00\x00\x00\x0d\x00\x0f\x00\x03\x00\x00\x00\x0e\x00\x0f\x00\x03\x00\x00\x01"
  "\x00\x00\x0f\x00\x03\x00\x00\x01\x01\x00\x0f\x00\x03\x00\x00\x01\x02\x00\x0f\x00"
  "\x03\x00\x00\x01\x03\x00\x0f\x00\x03\x00\x00\x01\x04\x00\x0f\x00\x03\x00\x00\x01"
  "\x05\x00\x0f\x00\x03\x00\x00\x01\x06\x00\x0f\x00\x03\x00\x00\x01\x07\x00\x0f\x00"
  "\x03\x00\x00\x01\x08\x00\x0f\x00\x03\x00\x00\x01\x09\x00\x0f\x00\x03\x00\x00\x01"
  "\x0a\x00\x0f\x00\x03\x00\x00\x01\x0b\x00\x0f\x00\x03\x00\x00\x01\x0c\x00\x0f\x00"
  "\x03\x00\x00\x01\x0d\x00\x0f\x00\x03\x00\x00\x01\x0e\x00\x0f\x00\x03\x00\x00\x02"
  "\x00\x00\x0f\x00\x03\x00\x00\x02\x01\x00\x0f\x00\x03\x00\x00\x02\x02\x00\x0f\x00"
  "\x03\x00\x00\x02\x03\x00\x0f\x00\x03\x00\x00\x02\x04\x00\x0f\x00\x03\x00\x00\x02"
  "\x05\x00\x0f\x00\x03\x00\x00\x02\x06\x00\x0f\x00\x03\x00\x00\x02\x07\x00\x0f\x00"
  "\x03\x00\x00\x02\x08\x00\x0f\x00\x03\x00\x00\x02\x09\x00\x0f\x00\x03\x00\x00\x02"
  "\x0a\x00\x0f\x00\x03\x00\x00\x02\x0b\x00\x0f\x00\x03\x00\x00\x02\x0c\x00\x0f\x00"
  "\x03\x00\x00\x02\x0d\x00\x0f\x00\x03\x00\x00\x02\x0e\x00\x0f\x00\x03\x00\x00\x03"
  "\x00\x00\x0f\x00\x03\x00\x00\x03\x01\x00\x0f\x00\x03\x00\x00\x03\x02\x00\x0f\x00"
  "\x03\x00\x00\x03\x03\x00\x0f\x00\x03\x00\x00\x03\x04\x00\x0f\x00\x03\x00\x00\x03"
  "\x05\x00\x0f\x00\x03\x00\x00\x03\x06\x00\x0f\x00\x03\x00\x00\x03\x07\x00\x0f\x00"
  "\x03\x00\x00\x03\x08\x00\x0f\x00\x03\x00\x00\x03\x09\x00\x0f\x00\x03\x00\x00\x03"
  "\x0a\x00\x0f\x00\x03\x00\x00\x03\x0b\x00\x0f\x00\x03\x00\x00\x03\x0c\x00\x0f\x00"
  "\x03\x00\x00\x03\x0d\x00\x0f\x00\x03\x00\x00\x03\x0e\x00\x0f\x00\x03\x00\x00\x04"
  "\x00\x00\x0f\x00\x03\x00\x00\x04\x01\x00\x0f\x00\x03\x00\x00\x04\x02\x00\x0f\x00"
  "\x03\x00\x00\x04\x03\x00\x0f\x00\x03\x00\x00\x04\x04\x00\x0f\x00\x03\x00\x00\x04"
  "\x05\x00\x0f\x00\x03\x00\x00\x04\x06\x00\x0f\x00\x03\x00\x00\x04\x07\x00\x0f\x00"
  "\x03\x00\x00\x04\x08\x00\x0f\x00\x03\x00\x00\x04\x09\x00\x0f\x00\x03\x00\x00\x04"
  "\x0a\x00\x0f\x00\x03\x00\x00\x04\x0b\x00\x0f\x00\x03\x00\x00\x04\x0c\x00\x0f\x00"
  "\x03\x00\x00\x04\x0d\x00\x0f\x00\x03\x00\x00\x04\x0e\x00\x0f\x00\x03\x00\x00\x05"
  "\x00\x00\x04\x00\x03\x00\x00\x05\x01\x00\x04\x00\x03\x00\x00\x05\x02\x00\x04\x00"
  "\x03\x00\x00\x05\x03\x00\x04\x00\x03\x00\x00\x05\x04\x00\x04\x00\x03\x00\x00\x05"
  "\x05\x00\x04\x00\x03\x00\x00\x05\x06\x00\x04\x00\x03\x00\x00\x05\x07\x00\x04\x00"
  "\x03\x00\x00\x05\x08\x00\x04\x00\x03\x00\x00\x05\x09\x00\x04\x00\x03\x00\x00\x05"
  "\x0a\x00\x04\x00\x03\x00\x00\x05\x0b\x00\x04\x00\x03\x00\x00\x05\x0c\x00\x04\x00"
  "\x03\x00\x00\x05\x0d\x00\x0f\x00\x03\x00\x00\x05\x0e\x00\x0f\x00\x03\x00\x00\x06"
  "\x00\x00\x04\x00\x03\x00\x00\x06\x01\x00\x04\x00\x03\x00\x00\x06\x02\x00\x04\x00"
  "\x03\x00\x00\x06\x03\x00\x04\x00\x03\x00\x00\x06\x04\x00\x04\x00\x03\x00\x00\x06"
  "\x05\x00\x04\x00\x03\x00\x00\x06\x06\x00\x04\x00\x03\x00\x00\x06\x07\x00\x04\x00"
  "\x03\x00\x00\x06\x08\x00\x04\x00\x03\x00\x00\x06\x09\x00\x04\x00\x03\x00\x00\x06"
  "\x0a\x00\x04\x00\x03\x00\x00\x06\x0b\x00\x04\x00\x03\x00\x00\x06\x0c\x00\x04\x00"
  "\x03\x00\x00\x06\x0d\x00\x0f\x00\x03\x00\x00\x06\x0e\x00\x0f\x00\x03\x00\x00\x07"
  "\x00\x00\x00\x00\x03\x00\x00\x07\x01\x00\x00\x00\x03\x00\x00\x07\x02\x00\x00\x00"
  "\x03\x00\x00\x07\x03\x00\x00\x00\x03\x00\x00\x07\x04\x00\x00\x00\x03\x00\x00\x07"
  "\x05\x00\x00\x00\x03\x00\x00\x07\x06\x00\x00\x00\x03\x00\x00\x07\x07\x00\x00\x00"
  "\x03\x00\x00\x07\x08\x00\x00\x00\x03\x00\x00\x07\x09\x00\x00\x00\x03\x00\x00\x07"
  "\x0a\x00\x00\x00\x03\x00\x00\x07\x0b\x00\x00\x00\x03\x00\x00\x07\x0c\x00\x00\x00"
  "\x03\x00\x00\x07\x0d\x00\x00\x00\x03\x00\x00\x07\x0e\x00\x00\x00\x03\x00\x00\x08"
  "\x00\x00\x0f\x00\x03\x00\x00\x08\x01\x00\x0f\x00\x03\x00\x00\x08\x02\x00\x0f\x00"
  "\x03\x00\x00\x08\x03\x00\x0f\x00\x03\x00\x00\x08\x04\x00\x0f\x00\x03\x00\x00\x08"
  "\x05\x00\x0f\x00\x03\x00\x00\x08\x06\x00\x0f\x00\x03\x00\x00\x08\x07\x00\x0f\x00"
  "\x03\x00\x00\x08\x08\x00\x0f\x00\x03\x00\x00\x08\x09\x00\x0f\x00\x03\x00\x00\x08"
  "\x0a\x00\x0f\x00\x03\x00\x00\x08\x0b\x00\x0f\x00\x03\x00\x00\x08\x0c\x00\x0f\x00"
  "\x03\x00\x00\x08\x0d\x00\x0f\x00\x03\x00\x00\x08\x0e\x00\x0f\x00\x03\x00\x00\x09"
  "\x00\x00\x0f\x00\x03\x00\x00\x09\x01\x00\x0f\x00\x03\x00\x00\x09\x02\x00\x0f\x00"
  "\x03\x00\x00\x09\x03\x00\x0f\x00\x03\x00\x00\x09\x04\x00\x0f\x00\x03\x00\x00\x09"
  "\x05\x00\x0f\x00\x03\x00\x00\x09\x06\x00\x0f\x00\x03\x00\x00\x09\x07\x00\x0f\x00"
  "\x03\x00\x00\x09\x08\x00\x0f\x00\x03\x00\x00\x09\x09\x00\x0f\x00\x03\x00\x00\x09"
  "\x0a\x00\x0f\x00\x03\x00\x00\x09\x0b\x00\x0f\x00\x03\x00\x00\x09\x0c\x00\x0f\x00"
  "\x03\x00\x00\x09\x0d\x00\x0f\x00\x03\x00\x00\x09\x0e\x00\x0f\x00\x03\x00\x00\x0a"
  "\x00\x00\x0f\x00\x03\x00\x00\x0a\x01\x00\x0f\x00\x03\x00\x00\x0a\x02\x00\x0f\x00"
  "\x03\x00\x00\x0a\x03\x00\x0f\x00\x03\x00\x00\x0a\x04\x00\x0f\x00\x03\x00\x00\x0a"
  "\x05\x00\x0f\x00\x03\x00\x00\x0a\x06\x00\x0f\x00\x03\x00\x00\x0a\x07\x00\x0f\x00"
  "\x03\x00\x00\x0a\x08\x00\x0f\x00\x03\x00\x00\x0a\x09\x00\x0f\x00\x03\x00\x00\x0a"
  "\x0a\x00\x0f\x00\x03\x00\x00\x0a\x0b\x00\x0f\x00\x03\x00\x00\x0a\x0c\x00\x0f\x00"
  "\x03\x00\x00\x0a\x0d\x00\x0f\x00\x03\x00\x00\x0a\x0e\x00\x0f\x00\x03\x00\x00\x0b"
  "\x00\x00\x0f\x00\x03\x00\x00\x0b\x01\x00\x0f\x00\x03\x00\x00\x0b\x02\x00\x0f\x00"
  "\x03\x00\x00\x0b\x03\x00\x0f\x00\x03\x00\x00\x0b\x04\x00\x0f\x00\x03\x00\x00\x0b"
  "\x05\x00\x0f\x00\x03\x00\x00\x0b\x06\x00\x0f\x00\x03\x00\x00\x0b\x07\x00\x0f\x00"
  "\x03\x00\x00\x0b\x08\x00\x0f\x00\x03\x00\x00\x0b\x09\x00\x0f\x00\x03\x00\x00\x0b"
  "\x0a\x00\x0f\x00\x03\x00\x00\x0b\x0b\x00\x0f\x00\x03\x00\x00\x0b\x0c\x00\x0f\x00"
  "\x03\x00\x00\x0b\x0d\x00\x0f\x00\x03\x00\x00\x0b\x0e\x00\x0f\x00\x03\x00\x00\x0c"
  "\x00\x00\x04\x00\x03\x00\x00\x0c\x01\x00\x04\x00\x03\x00\x00\x0c\x02\x00\x04\x00"
  "\x03\x00\x00\x0c\x03\x00\x04\x00\x03\x00\x00\x0c\x04\x00\x04\x00\x03\x00\x00\x0c"
  "\x05\x00\x04\x00\x03\x00\x00\x0c\x06\x00\x04\x00\x03\x00\x00\x0c\x07\x00\x04\x00"
  "\x03\x00\x00\x0c\x08\x00\x04\x00\x03\x00\x00\x0c\x09\x00\x04\x00\x03\x00\x00\x0c"
  "\x0a\x00\x04\x00\x03\x00\x00\x0c\x0b\x00\x04\x00\x03\x00\x00\x0c\x0c\x00\x04\x00"
  "\x03\x00\x00\x0c\x0d\x00\x04\x00\x03\x00\x00\x0c\x0e\x00\x04\x00\x03\x00\x00\x0d"
  "\x00\x00\x00\x00\x03\x00\x00\x0d\x01\x00\x01\x00\x03\x00\x00\x0d\x02\x00\x02\x00"
  "\x03\x00\x00\x0d\x03\x00\x03\x00\x03\x00\x00\x0d\x04\x00\x04\x00\x03\x00\x00\x0d"
  "\x05\x00\x05\x00\x03\x00\x00\x0d\x06\x00\x06\x00\x03\x00\x00\x0d\x07\x00\x07\x00"
  "\x03\x00\x00\x0d\x08\x00\x08\x00\x03\x00\x00\x0d\x09\x00\x09\x00\x03\x00\x00\x0d"
  "\x0a\x00\x0a\x00\x03\x00\x00\x0d\x0b\x00\x0b\x00\x03\x00\x00\x0d\x0c\x00\x0c\x00"
  "\x03\x00\x00\x0d\x0d\x00\x0d\x00\x03\x00\x00\x0d\x0e\x00\x0e\x00\x03\x00\x00\x0e"
  "\x00\x00\x0f\x00\x03\x00\x00\x0e\x01\x00\x0f\x00\x03\x00\x00\x0e\x02\x00\x0f\x00"
  "\x03\x00\x00\x0e\x03\x00\x0f\x00\x03\x00\x00\x0e\x04\x00\x0f\x00\x03\x00\x00\x0e"
  "\x05\x00\x0f\x00\x03\x00\x00\x0e\x06\x00\x0f\x00\x03\x00\x00\x0e\x07\x00\x0f\x00"
  "\x03\x00\x00\x0e\x08\x00\x0f\x00\x03\x00\x00\x0e\x09\x00\x0f\x00\x03\x00\x00\x0e"
  "\x0a\x00\x0f\x00\x03\x00\x00\x0e\x0b\x00\x0f\x00\x03\x00\x00\x0e\x0c\x00\x0f\x00"
  "\x03\x00\x00\x0e\x0d\x00\x0f\x00\x03\x00\x00\x0e\x0e\x00\x0f\x00\x03\x00\x00\x0f"
  "\x00\x00\x0f\x00\x03\x00\x00\x0f\x01\x00\x0f\x00\x03\x00\x00\x0f\x02\x00\x0f\x00"
  "\x03\x00\x00\x0f\x03\x00\x0f\x00\x03\x00\x00\x0f\x04\x00\x0f\x00\x03\x00\x00\x0f"
  "\x05\x00\x0f\x00\x03\x00\x00\x0f\x06\x00\x0f\x00\x03\x00\x00\x0f\x07\x00\x0f\x00"
  "\x03\x00\x00\x0f\x08\x00\x0f\x00\x03\x00\x00\x0f\x09\x00\x0f\x00\x03\x00\x00\x0f"
  "\x0a\x00\x0f\x00\x03\x00\x00\x0f\x0b\x00\x0f\x00\x03\x00\x00\x0f\x0c\x00\x0f\x00"
  "\x03\x00\x00\x0f\x0d\x00\x0f\x00\x03\x00\x00\x0f\x0e\x00\x0f\x00\x03\x00\x00\x10"
  "\x00\x00\x0f\x00\x03\x00\x00\x10\x01\x00\x0f\x00\x03\x00\x00\x10\x02\x00\x0f\x00"
  "\x03\x00\x00\x10\x03\x00\x0f\x00\x03\x00\x00\x10\x04\x00\x0f\x00\x03\x00\x00\x10"
  "\x05\x00\x0f\x00\x03\x00\x00\x10\x06\x00\x0f\x00\x03\x00\x00\x10\x07\x00\x0f\x00"
  "\x03\x00\x00\x10\x08\x00\x0f\x00\x03\x00\x00\x10\x09\x00\x0f\x00\x03\x00\x00\x10"
  "\x0a\x00\x0f\x00\x03\x00\x00\x10\x0b\x00\x0f\x00\x03\x00\x00\x10\x0c\x00\x0f\x00"
  "\x03\x00\x00\x10\x0d\x00\x0f\x00\x03\x00\x00\x10\x0e\x00\x0f\x00\x03\x00\x00\x11"
  "\x00\x00\x0f\x00\x03\x00\x00\x11\x01\x00\x0f\x00\x03\x00\x00\x11\x02\x00\x0f\x00"
  "\x03\x00\x00\x11\x03\x00\x0f\x00\x03\x00\x00\x11\x04\x00\x0f\x00\x03\x00\x00\x11"
  "\x05\x00\x0f\x00\x03\x00\x00\x11\x06\x00\x0f\x00\x03\x00\x00\x11\x07\x00\x0f\x00"
  "\x03\x00\x00\x11\x08\x00\x0f\x00\x03\x00\x00\x11\x09\x00\x0f\x00\x03\x00\x00\x11"
  "\x0a\x00\x0f\x00\x03\x00\x00\x11\x0b\x00\x0f\x00\x03\x00\x00\x11\x0c\x00\x0f\x00"
  "\x03\x00\x00\x11\x0d\x00\x0f\x00\x03\x00\x00\x11\x0e\x00\x0f\x00\x03\x00\x00\x12"
  "\x00\x00\x0f\x00\x03\x00\x00\x12\x01\x00\x0f\x00\x03\x00\x00\x12\x02\x00\x0f\x00"
  "\x03\x00\x00\x12\x03\x00\x0f\x00\x03\x00\x00\x12\x04\x00\x0f\x00\x03\x00\x00\x12"
  "\x05\x00\x0f\x00\x03\x00\x00\x12\x06\x00\x0f\x00\x03\x00\x00\x12\x07\x00\x0f\x00"
  "\x03\x00\x00\x12\x08\x00\x0f\x00\x03\x00\x00\x12\x09\x00\x0f\x00\x03\x00\x00\x12"
  "\x0a\x00\x0f\x00\x03\x00\x00\x12\x0b\x00\x0f\x00\x03\x00\x00\x12\x0c\x00\x0f\x00"
  "\x03\x00\x00\x12\x0d\x00\x0f\x00\x03\x00\x00\x12\x0e\x00\x0f\x00\x03\x00\x01\x00"
  "\x00\x00\x0f\x00\x03\x00\x01\x00\x01\x00\x03\x00\x03\x00\x01\x00\x02\x00\x03\x00"
  "\x03\x00\x01\x00\x03\x00\x03\x00\x03\x00\x01\x00\x04\x00\x03\x00\x03\x00\x01\x00"
  "\x05\x00\x03\x00\x03\x00\x01\x00\x06\x00\x03\x00\x03\x00\x01\x00\x07\x00\x07\x00"
  "\x03\x00\x01\x00\x08\x00\x08\x00\x03\x00\x01\x00\x09\x00\x09\x00\x03\x00\x01\x00"
  "\x0a\x00\x09\x00\x03\x00\x01\x00\x0b\x00\x0f\x00\x03\x00\x01\x00\x0c\x00\x0f\x00"
  "\x03\x00\x01\x00\x0d\x00\x0d\x00\x03\x00\x01\x00\x0e\x00\x0e\x00\x03\x00\x01\x01"
  "\x00\x00\x0f\x00\x03\x00\x01\x01\x01\x00\x03\x00\x03\x00\x01\x01\x02\x00\x03\x00"
  "\x03\x00\x01\x01\x03\x00\x03\x00\x03\x00\x01\x01\x04\x00\x03\x00\x03\x00\x01\x01"
  "\x05\x00\x03\x00\x03\x00\x01\x01\x06\x00\x03\x00\x03\x00\x01\x01\x07\x00\x07\x00"
  "\x03\x00\x01\x01\x08\x00\x08\x00\x03\x00\x01\x01\x09\x00\x0f\x00\x03\x00\x01\x01"
  "\x0a\x00\x0f\x00\x03\x00\x01\x01\x0b\x00\x0f\x00\x03\x00\x01\x01\x0c\x00\x0f\x00"
  "\x03\x00\x01\x01\x0d\x00\x0d\x00\x03\x00\x01\x01\x0e\x00\x0e\x00\x03\x00\x01\x02"
  "\x00\x00\x0f\x00\x03\x00\x01\x02\x01\x00\x03\x00\x03\x00\x01\x02\x02\x00\x03\x00"
  "\x03\x00\x01\x02\x03\x00\x03\x00\x03\x00\x01\x02\x04\x00\x03\x00\x03\x00\x01\x02"
  "\x05\x00\x03\x00\x03\x00\x01\x02\x06\x00\x03\x00\x03\x00\x01\x02\x07\x00\x07\x00"
  "\x03\x00\x01\x02\x08\x00\x08\x00\x03\x00\x01\x02\x09\x00\x0f\x00\x03\x00\x01\x02"
  "\x0a\x00\x0f\x00\x03\x00\x01\x02\x0b\x00\x0f\x00\x03\x00\x01\x02\x0c\x00\x0f\x00"
  "\x03\x00\x01\x02\x0d\x00\x0d\x00\x03\x00\x01\x02\x0e\x00\x0e\x00\x03\x00\x01\x03"
  "\x00\x00\x0f\x00\x03\x00\x01\x03\x01\x00\x03\x00\x03\x00\x01\x03\x02\x00\x03\x00"
  "\x03\x00\x01\x03\x03\x00\x03\x00\x03\x00\x01\x03\x04\x00\x03\x00\x03\x00\x01\x03"
  "\x05\x00\x03\x00\x03\x00\x01\x03\x06\x00\x03\x00\x03\x00\x01\x03\x07\x00\x07\x00"
  "\x03\x00\x01\x03\x08\x00\x08\x00\x03\x00\x01\x03\x09\x00\x0f\x00\x03\x00\x01\x03"
  "\x0a\x00\x0f\x00\x03\x00\x01\x03\x0b\x00\x0f\x00\x03\x00\x01\x03\x0c\x00\x0f\x00"
  "\x03\x00\x01\x03\x0d\x00\x0d\x00\x03\x00\x01\x03\x0e\x00\x0e\x00\x03\x00\x01\x04"
  "\x00\x00\x0f\x00\x03\x00\x01\x04\x01\x00\x03\x00\x03\x00\x01\x04\x02\x00\x03\x00"
  "\x03\x00\x01\x04\x03\x00\x03\x00\x03\x00\x01\x04\x04\x00\x03\x00\x03\x00\x01\x04"
  "\x05\x00\x03\x00\x03\x00\x01\x04\x06\x00\x03\x00\x03\x00\x01\x04\x07\x00\x07\x00"
  "\x03\x00\x01\x04\x08\x00\x08\x00\x03\x00\x01\x04\x09\x00\x0f\x00\x03\x00\x01\x04"
  "\x0a\x00\x0f\x00\x03\x00\x01\x04\x0b\x00\x0f\x00\x03\x00\x01\x04\x0c\x00\x0f\x00"
  "\x03\x00\x01\x04\x0d\x00\x0f\x00\x03\x00\x01\x04\x0e\x00\x0f\x00\x03\x00\x01\x05"
  "\x00\x00\x04\x00\x03\x00\x01\x05\x01\x00\x04\x00\x03\x00\x01\x05\x02\x00\x04\x00"
  "\x03\x00\x01\x05\x03\x00\x04\x00\x03\x00\x01\x05\x04\x00\x04\x00\x03\x00\x01\x05"
  "\x05\x00\x04\x00\x03\x00\x01\x05\x06\x00\x04\x00\x03\x00\x01\x05\x07\x00\x04\x00"
  "\x03\x00\x01\x05\x08\x00\x04\x00\x03\x00\x01\x05\x09\x00\x04\x00\x03\x00\x01\x05"
  "\x0a\x00\x04\x00\x03\x00\x01\x05\x0b\x00\x04\x00\x03\x00\x01\x05\x0c\x00\x04\x00"
  "\x03\x00\x01\x05\x0d\x00\x04\x00\x03\x00\x01\x05\x0e\x00\x04\x00\x03\x00\x01\x06"
  "\x00\x00\x04\x00\x03\x00\x01\x06\x01\x00\x04\x00\x03\x00\x01\x06\x02\x00\x04\x00"
  "\x03\x00\x01\x06\x03\x00\x04\x00\x03\x00\x01\x06\x04\x00\x04\x00\x03\x00\x01\x06"
  "\x05\x00\x04\x00\x03\x00\x01\x06\x06\x00\x04\x00\x03\x00\x01\x06\x07\x00\x04\x00"
  "\x03\x00\x01\x06\x08\x00\x04\x00\x03\x00\x01\x06\x09\x00\x04\x00\x03\x00\x01\x06"
  "\x0a\x00\x04\x00\x03\x00\x01\x06\x0b\x00\x04\x00\x03\x00\x01\x06\x0c\x00\x04\x00"
  "\x03\x00\x01\x06\x0d\x00\x04\x00\x03\x00\x01\x06\x0e\x00\x04\x00\x03\x00\x01\x07"
  "\x00\x00\x01\x00\x03\x00\x01\x07\x01\x00\x01\x00\x03\x00\x01\x07\x02\x00\x01\x00"
  "\x03\x00\x01\x07\x03\x00\x01\x00\x03\x00\x01\x07\x04\x00\x01\x00\x03\x00\x01\x07"
  "\x05\x00\x01\x00\x03\x00\x01\x07\x06\x00\x01\x00\x03\x00\x01\x07\x07\x00\x01\x00"
  "\x03\x00\x01\x07\x08\x00\x01\x00\x03\x00\x01\x07\x09\x00\x01\x00\x03\x00\x01\x07"
  "\x0a\x00\x01\x00\x03\x00\x01\x07\x0b\x00\x01\x00\x03\x00\x01\x07\x0c\x00\x01\x00"
  "\x03\x00\x01\x07\x0d\x00\x01\x00\x03\x00\x01\x07\x0e\x00\x01\x00\x03\x00\x01\x08"
  "\x00\x00\x0f\x00\x03\x00\x01\x08\x01\x00\x03\x00\x03\x00\x01\x08\x02\x00\x03\x00"
  "\x03\x00\x01\x08\x03\x00\x03\x00\x03\x00\x01\x08\x04\x00\x03\x00\x03\x00\x01\x08"
  "\x05\x00\x03\x00\x03\x00\x01\x08\x06\x00\x03\x00\x03\x00\x01\x08\x07\x00\x07\x00"
  "\x03\x00\x01\x08\x08\x00\x08\x00\x03\x00\x01\x08\x09\x00\x0f\x00\x03\x00\x01\x08"
  "\x0a\x00\x0f\x00\x03\x00\x01\x08\x0b\x00\x0f\x00\x03\x00\x01\x08\x0c\x00\x0f\x00"
  "\x03\x00\x01\x08\x0d\x00\x0f\x00\x03\x00\x01\x08\x0e\x00\x0f\x00\x03\x00\x01\x09"
  "\x00\x00\x0f\x00\x03\x00\x01\x09\x01\x00\x0f\x00\x03\x00\x01\x09\x02\x00\x0f\x00"
  "\x03\x00\x01\x09\x03\x00\x0f\x00\x03\x00\x01\x09\x04\x00\x0f\x00\x03\x00\x01\x09"
  "\x05\x00\x0f\x00\x03\x00\x01\x09\x06\x00\x0f\x00\x03\x00\x01\x09\x07\x00\x0f\x00"
  "\x03\x00\x01\x09\x08\x00\x0f\x00\x03\x00\x01\x09\x09\x00\x0f\x00\x03\x00\x01\x09"
  "\x0a\x00\x0f\x00\x03\x00\x01\x09\x0b\x00\x0f\x00\x03\x00\x01\x09\x0c\x00\x0f\x00"
  "\x03\x00\x01\x09\x0d\x00\x0f\x00\x03\x00\x01\x09\x0e\x00\x0f\x00\x03\x00\x01\x0a"
  "\x00\x00\x0f\x00\x03\x00\x01\x0a\x01\x00\x0f\x00\x03\x00\x01\x0a\x02\x00\x0f\x00"
  "\x03\x00\x01\x0a\x03\x00\x0f\x00\x03\x00\x01\x0a\x04\x00\x0f\x00\x03\x00\x01\x0a"
  "\x05\x00\x0f\x00\x03\x00\x01\x0a\x06\x00\x0f\x00\x03\x00\x01\x0a\x07\x00\x0f\x00"
  "\x03\x00\x01\x0a\x08\x00\x0f\x00\x03\x00\x01\x0a\x09\x00\x0f\x00\x03\x00\x01\x0a"
  "\x0a\x00\x0f\x00\x03\x00\x01\x0a\x0b\x00\x0f\x00\x03\x00\x01\x0a\x0c\x00\x0f\x00"
  "\x03\x00\x01\x0a\x0d\x00\x0f\x00\x03\x00\x01\x0a\x0e\x00\x0f\x00\x03\x00\x01\x0b"
  "\x00\x00\x0f\x00\x03\x00\x01\x0b\x01\x00\x0f\x00\x03\x00\x01\x0b\x02\x00\x0f\x00"
  "\x03\x00\x01\x0b\x03\x00\x0f\x00\x03\x00\x01\x0b\x04\x00\x0f\x00\x03\x00\x01\x0b"
  "\x05\x00\x0f\x00\x03\x00\x01\x0b\x06\x00\x0f\x00\x03\x00\x01\x0b\x07\x00\x0f\x00"
  "\x03\x00\x01\x0b\x08\x00\x0f\x00\x03\x00\x01\x0b\x09\x00\x0f\x00\x03\x00\x01\x0b"
  "\x0a\x00\x0f\x00\x03\x00\x01\x0b\x0b\x00\x0f\x00\x03\x00\x01\x0b\x0c\x00\x0f\x00"
  "\x03\x00\x01\x0b\x0d\x00\x0f\x00\x03\x00\x01\x0b\x0e\x00\x0f\x00\x03\x00\x01\x0c"
  "\x00\x00\x04\x00\x03\x00\x01\x0c\x01\x00\x04\x00\x03\x00\x01\x0c\x02\x00\x04\x00"
  "\x03\x00\x01\x0c\x03\x00\x04\x00\x03\x00\x01\x0c\x04\x00\x04\x00\x03\x00\x01\x0c"
  "\x05\x00\x04\x00\x03\x00\x01\x0c\x06\x00\x04\x00\x03\x00\x01\x0c\x07\x00\x04\x00"
  "\x03\x00\x01\x0c\x08\x00\x04\x00\x03\x00\x01\x0c\x09\x00\x04\x00\x03\x00\x01\x0c"
  "\x0a\x00\x04\x00\x03\x00\x01\x0c\x0b\x00\x04\x00\x03\x00\x01\x0c\x0c\x00\x04\x00"
  "\x03\x00\x01\x0c\x0d\x00\x04\x00\x03\x00\x01\x0c\x0e\x00\x04\x00\x03\x00\x01\x0d"
  "\x00\x00\x00\x00\x03\x00\x01\x0d\x01\x00\x01\x00\x03\x00\x01\x0d\x02\x00\x02\x00"
  "\x03\x00\x01\x0d\x03\x00\x03\x00\x03\x00\x01\x0d\x04\x00\x04\x00\x03\x00\x01\x0d"
  "\x05\x00\x05\x00\x03\x00\x01\x0d\x06\x00\x06\x00\x03\x00\x01\x0d\x07\x00\x07\x00"
  "\x03\x00\x01\x0d\x08\x00\x08\x00\x03\x00\x01\x0d\x09\x00\x09\x00\x03\x00\x01\x0d"
  "\x0a\x00\x0a\x00\x03\x00\x01\x0d\x0b\x00\x0b\x00\x03\x00\x01\x0d\x0c\x00\x0c\x00"
  "\x03\x00\x01\x0d\x0d\x00\x0d\x00\x03\x00\x01\x0d\x0e\x00\x0e\x00\x03\x00\x01\x0e"
  "\x00\x00\x0f\x00\x03\x00\x01\x0e\x01\x00\x0f\x00\x03\x00\x01\x0e\x02\x00\x0f\x00"
  "\x03\x00\x01\x0e\x03\x00\x0f\x00\x03\x00\x01\x0e\x04\x00\x0f\x00\x03\x00\x01\x0e"
  "\x05\x00\x0f\x00\x03\x00\x01\x0e\x06\x00\x0f\x00\x03\x00\x01\x0e\x07\x00\x0f\x00"
  "\x03\x00\x01\x0e\x08\x00\x0f\x00\x03\x00\x01\x0e\x09\x00\x0f\x00\x03\x00\x01\x0e"
  "\x0a\x00\x0f\x00\x03\x00\x01\x0e\x0b\x00\x0f\x00\x03\x00\x01\x0e\x0c\x00\x0f\x00"
  "\x03\x00\x01\x0e\x0d\x00\x0f\x00\x03\x00\x01\x0e\x0e\x00\x0f\x00\x03\x00\x01\x0f"
  "\x00\x00\x0f\x00\x03\x00\x01\x0f\x01\x00\x03\x00\x03\x00\x01\x0f\x02\x00\x03\x00"
  "\x03\x00\x01\x0f\x03\x00\x03\x00\x03\x00\x01\x0f\x04\x00\x03\x00\x03\x00\x01\x0f"
  "\x05\x00\x03\x00\x03\x00\x01\x0f\x06\x00\x03\x00\x03\x00\x01\x0f\x07\x00\x07\x00"
  "\x03\x00\x01\x0f\x08\x00\x08\x00\x03\x00\x01\x0f\x09\x00\x0f\x00\x03\x00\x01\x0f"
  "\x0a\x00\x0f\x00\x03\x00\x01\x0f\x0b\x00\x0f\x00\x03\x00\x01\x0f\x0c\x00\x0f\x00"
  "\x03\x00\x01\x0f\x0d\x00\x0f\x00\x03\x00\x01\x0f\x0e\x00\x0f\x00\x03\x00\x01\x10"
  "\x00\x00\x0f\x00\x03\x00\x01\x10\x01\x00\x03\x00\x03\x00\x01\x10\x02\x00\x03\x00"
  "\x03\x00\x01\x10\x03\x00\x03\x00\x03\x00\x01\x10\x04\x00\x03\x00\x03\x00\x01\x10"
  "\x05\x00\x03\x00\x03\x00\x01\x10\x06\x00\x03\x00\x03\x00\x01\x10\x07\x00\x07\x00"
  "\x03\x00\x01\x10\x08\x00\x08\x00\x03\x00\x01\x10\x09\x00\x0f\x00\x03\x00\x01\x10"
  "\x0a\x00\x0f\x00\x03\x00\x01\x10\x0b\x00\x0f\x00\x03\x00\x01\x10\x0c\x00\x0f\x00"
  "\x03\x00\x01\x10\x0d\x00\x0f\x00\x03\x00\x01\x10\x0e\x00\x0f\x00\x03\x00\x01\x11"
  "\x00\x00\x0f\x00\x03\x00\x01\x11\x01\x00\x03\x00\x03\x00\x01\x11\x02\x00\x03\x00"
  "\x03\x00\x01\x11\x03\x00\x03\x00\x03\x00\x01\x11\x04\x00\x03\x00\x03\x00\x01\x11"
  "\x05\x00\x03\x00\x03\x00\x01\x11\x06\x00\x03\x00\x03\x00\x01\x11\x07\x00\x03\x00"
  "\x03\x00\x01\x11\x08\x00\x03\x00\x03\x00\x01\x11\x09\x00\x0f\x00\x03\x00\x01\x11"
  "\x0a\x00\x0f\x00\x03\x00\x01\x11\x0b\x00\x0f\x00\x03\x00\x01\x11\x0c\x00\x0f\x00"
  "\x03\x00\x01\x11\x0d\x00\x0f\x00\x03\x00\x01\x11\x0e\x00\x0f\x00\x03\x00\x01\x12"
  "\x00\x00\x0f\x00\x03\x00\x01\x12\x01\x00\x03\x00\x03\x00\x01\x12\x02\x00\x03\x00"
  "\x03\x00\x01\x12\x03\x00\x03\x00\x03\x00\x01\x12\x04\x00\x03\x00\x03\x00\x01\x12"
  "\x05\x00\x03\x00\x03\x00\x01\x12\x06\x00\x03\x00\x03\x00\x01\x12\x07\x00\x03\x00"
  "\x03\x00\x01\x12\x08\x00\x03\x00\x03\x00\x01\x12\x09\x00\x0f\x00\x03\x00\x01\x12"
  "\x0a\x00\x0f\x00\x03\x00\x01\x12\x0b\x00\x0f\x00\x03\x00\x01\x12\x0c\x00\x0f\x00"
  "\x03\x00\x01\x12\x0d\x00\x0f\x00\x03\x00\x01\x12\x0e\x00\x0f\x00\x03\x00\x02\x00"
  "\x00\x00\x0f\x00\x03\x00\x02\x00\x01\x00\x03\x00\x03\x00\x02\x00\x02\x00\x03\x00"
  "\x03\x00\x02\x00\x03\x00\x03\x00\x03\x00\x02\x00\x04\x00\x03\x00\x03\x00\x02\x00"
  "\x05\x00\x03\x00\x03\x00\x02\x00\x06\x00\x03\x00\x03\x00\x02\x00\x07\x00\x07\x00"
  "\x03\x00\x02\x00\x08\x00\x08\x00\x03\x00\x02\x00\x09\x00\x09\x00\x03\x00\x02\x00"
  "\x0a\x00\x09\x00\x03\x00\x02\x00\x0b\x00\x0f\x00\x03\x00\x02\x00\x0c\x00\x0f\x00"
  "\x03\x00\x02\x00\x0d\x00\x0d\x00\x03\x00\x02\x00\x0e\x00\x0e\x00\x03\x00\x02\x01"
  "\x00\x00\x0f\x00\x03\x00\x02\x01\x01\x00\x03\x00\x03\x00\x02\x01\x02\x00\x03\x00"
  "\x03\x00\x02\x01\x03\x00\x03\x00\x03\x00\x02\x01\x04\x00\x03\x00\x03\x00\x02\x01"
  "\x05\x00\x03\x00\x03\x00\x02\x01\x06\x00\x03\x00\x03\x00\x02\x01\x07\x00\x07\x00"
  "\x03\x00\x02\x01\x08\x00\x08\x00\x03\x00\x02\x01\x09\x00\x0f\x00\x03\x00\x02\x01"
  "\x0a\x00\x0f\x00\x03\x00\x02\x01\x0b\x00\x0f\x00\x03\x00\x02\x01\x0c\x00\x0f\x00"
  "\x03\x00\x02\x01\x0d\x00\x0d\x00\x03\x00\x02\x01\x0e\x00\x0e\x00\x03\x00\x02\x02"
  "\x00\x00\x0f\x00\x03\x00\x02\x02\x01\x00\x03\x00\x03\x00\x02\x02\x02\x00\x03\x00"
  "\x03\x00\x02\x02\x03\x00\x03\x00\x03\x00\x02\x02\x04\x00\x03\x00\x03\x00\x02\x02"
  "\x05\x00\x03\x00\x03\x00\x02\x02\x06\x00\x03\x00\x03\x00\x02\x02\x07\x00\x07\x00"
  "\x03\x00\x02\x02\x08\x00\x08\x00\x03\x00\x02\x02\x09\x00\x0f\x00\x03\x00\x02\x02"
  "\x0a\x00\x0f\x00\x03\x00\x02\x02\x0b\x00\x0f\x00\x03\x00\x02\x02\x0c\x00\x0f\x00"
  "\x03\x00\x02\x02\x0d\x00\x0d\x00\x03\x00\x02\x02\x0e\x00\x0e\x00\x03\x00\x02\x03"
  "\x00\x00\x0f\x00\x03\x00\x02\x03\x01\x00\x03\x00\x03\x00\x02\x03\x02\x00\x03\x00"
  "\x03\x00\x02\x03\x03\x00\x03\x00\x03\x00\x02\x03\x04\x00\x03\x00\x03\x00\x02\x03"
  "\x05\x00\x03\x00\x03\x00\x02\x03\x06\x00\x03\x00\x03\x00\x02\x03\x07\x00\x07\x00"
  "\x03\x00\x02\x03\x08\x00\x08\x00\x03\x00\x02\x03\x09\x00\x0f\x00\x03\x00\x02\x03"
  "\x0a\x00\x0f\x00\x03\x00\x02\x03\x0b\x00\x0f\x00\x03\x00\x02\x03\x0c\x00\x0f\x00"
  "\x03\x00\x02\x03\x0d\x00\x0d\x00\x03\x00\x02\x03\x0e\x00\x0e\x00\x03\x00\x02\x04"
  "\x00\x00\x0f\x00\x03\x00\x02\x04\x01\x00\x03\x00\x03\x00\x02\x04\x02\x00\x03\x00"
  "\x03\x00\x02\x04\x03\x00\x03\x00\x03\x00\x02\x04\x04\x00\x03\x00\x03\x00\x02\x04"
  "\x05\x00\x03\x00\x03\x00\x02\x04\x06\x00\x03\x00\x03\x00\x02\x04\x07\x00\x07\x00"
  "\x03\x00\x02\x04\x08\x00\x08\x00\x03\x00\x02\x04\x09\x00\x0f\x00\x03\x00\x02\x04"
  "\x0a\x00\x0f\x00\x03\x00\x02\x04\x0b\x00\x0f\x00\x03\x00\x02\x04\x0c\x00\x0f\x00"
  "\x03\x00\x02\x04\x0d\x00\x0f\x00\x03\x00\x02\x04\x0e\x00\x0f\x00\x03\x00\x02\x05"
  "\x00\x00\x04\x00\x03\x00\x02\x05\x01\x00\x04\x00\x03\x00\x02\x05\x02\x00\x04\x00"
  "\x03\x00\x02\x05\x03\x00\x04\x00\x03\x00\x02\x05\x04\x00\x04\x00\x03\x00\x02\x05"
  "\x05\x00\x04\x00\x03\x00\x02\x05\x06\x00\x04\x00\x03\x00\x02\x05\x07\x00\x04\x00"
  "\x03\x00\x02\x05\x08\x00\x04\x00\x03\x00\x02\x05\x09\x00\x04\x00\x03\x00\x02\x05"
  "\x0a\x00\x04\x00\x03\x00\x02\x05\x0b\x00\x04\x00\x03\x00\x02\x05\x0c\x00\x04\x00"
  "\x03\x00\x02\x05\x0d\x00\x04\x00\x03\x00\x02\x05\x0e\x00\x04\x00\x03\x00\x02\x06"
  "\x00\x00\x04\x00\x03\x00\x02\x06\x01\x00\x04\x00\x03\x00\x02\x06\x02\x00\x04\x00"
  "\x03\x00\x02\x06\x03\x00\x04\x00\x03\x00\x02\x06\x04\x00\x04\x00\x03\x00\x02\x06"
  "\x05\x00\x04\x00\x03\x00\x02\x06\x06\x00\x04\x00\x03\x00\x02\x06\x07\x00\x04\x00"
  "\x03\x00\x02\x06\x08\x00\x04\x00\x03\x00\x02\x06\x09\x00\x04\x00\x03\x00\x02\x06"
  "\x0a\x00\x04\x00\x03\x00\x02\x06\x0b\x00\x04\x00\x03\x00\x02\x06\x0c\x00\x04\x00"
  "\x03\x00\x02\x06\x0d\x00\x04\x00\x03\x00\x02\x06\x0e\x00\x04\x00\x03\x00\x02\x07"
  "\x00\x00\x02\x00\x03\x00\x02\x07\x01\x00\x02\x00\x03\x00\x02\x07\x02\x00\x02\x00"
  "\x03\x00\x02\x07\x03\x00\x02\x00\x03\x00\x02\x07\x04\x00\x02\x00\x03\x00\x02\x07"
  "\x05\x00\x02\x00\x03\x00\x02\x07\x06\x00\x02\x00\x03\x00\x02\x07\x07\x00\x02\x00"
  "\x03\x00\x02\x07\x08\x00\x02\x00\x03\x00\x02\x07\x09\x00\x02\x00\x03\x00\x02\x07"
  "\x0a\x00\x02\x00\x03\x00\x02\x07\x0b\x00\x02\x00\x03\x00\x02\x07\x0c\x00\x02\x00"
  "\x03\x00\x02\x07\x0d\x00\x02\x00\x03\x00\x02\x07\x0e\x00\x02\x00\x03\x00\x02\x08"
  "\x00\x00\x0f\x00\x03\x00\x02\x08\x01\x00\x03\x00\x03\x00\x02\x08\x02\x00\x03\x00"
  "\x03\x00\x02\x08\x03\x00\x03\x00\x03\x00\x02\x08\x04\x00\x03\x00\x03\x00\x02\x08"
  "\x05\x00\x03\x00\x03\x00\x02\x08\x06\x00\x03\x00\x03\x00\x02\x08\x07\x00\x07\x00"
  "\x03\x00\x02\x08\x08\x00\x08\x00\x03\x00\x02\x08\x09\x00\x0f\x00\x03\x00\x02\x08"
  "\x0a\x00\x0f\x00\x03\x00\x02\x08\x0b\x00\x0f\x00\x03\x00\x02\x08\x0c\x00\x0f\x00"
  "\x03\x00\x02\x08\x0d\x00\x0f\x00\x03\x00\x02\x08\x0e\x00\x0f\x00\x03\x00\x02\x09"
  "\x00\x00\x0f\x00\x03\x00\x02\x09\x01\x00\x0f\x00\x03\x00\x02\x09\x02\x00\x0f\x00"
  "\x03\x00\x02\x09\x03\x00\x0f\x00\x03\x00\x02\x09\x04\x00\x0f\x00\x03\x00\x02\x09"
  "\x05\x00\x0f\x00\x03\x00\x02\x09\x06\x00\x0f\x00\x03\x00\x02\x09\x07\x00\x0f\x00"
  "\x03\x00\x02\x09\x08\x00\x0f\x00\x03\x00\x02\x09\x09\x00\x0f\x00\x03\x00\x02\x09"
  "\x0a\x00\x0f\x00\x03\x00\x02\x09\x0b\x00\x0f\x00\x03\x00\x02\x09\x0c\x00\x0f\x00"
  "\x03\x00\x02\x09\x0d\x00\x0f\x00\x03\x00\x02\x09\x0e\x00\x0f\x00\x03\x00\x02\x0a"
  "\x00\x00\x0f\x00\x03\x00\x02\x0a\x01\x00\x0f\x00\x03\x00\x02\x0a\x02\x00\x0f\x00"
  "\x03\x00\x02\x0a\x03\x00\x0f\x00\x03\x00\x02\x0a\x04\x00\x0f\x00\x03\x00\x02\x0a"
  "\x05\x00\x0f\x00\x03\x00\x02\x0a\x06\x00\x0f\x00\x03\x00\x02\x0a\x07\x00\x0f\x00"
  "\x03\x00\x02\x0a\x08\x00\x0f\x00\x03\x00\x02\x0a\x09\x00\x0f\x00\x03\x00\x02\x0a"
  "\x0a\x00\x0f\x00\x03\x00\x02\x0a\x0b\x00\x0f\x00\x03\x00\x02\x0a\x0c\x00\x0f\x00"
  "\x03\x00\x02\x0a\x0d\x00\x0f\x00\x03\x00\x02\x0a\x0e\x00\x0f\x00\x03\x00\x02\x0b"
  "\x00\x00\x0f\x00\x03\x00\x02\x0b\x01\x00\x0f\x00\x03\x00\x02\x0b\x02\x00\x0f\x00"
  "\x03\x00\x02\x0b\x03\x00\x0f\x00\x03\x00\x02\x0b\x04\x00\x0f\x00\x03\x00\x02\x0b"
  "\x05\x00\x0f\x00\x03\x00\x02\x0b\x06\x00\x0f\x00\x03\x00\x02\x0b\x07\x00\x0f\x00"
  "\x03\x00\x02\x0b\x08\x00\x0f\x00\x03\x00\x02\x0b\x09\x00\x0f\x00\x03\x00\x02\x0b"
  "\x0a\x00\x0f\x00\x03\x00\x02\x0b\x0b\x00\x0f\x00\x03\x00\x02\x0b\x0c\x00\x0f\x00"
  "\x03\x00\x02\x0b\x0d\x00\x0f\x00\x03\x00\x02\x0b\x0e\x00\x0f\x00\x03\x00\x02\x0c"
  "\x00\x00\x04\x00\x03\x00\x02\x0c\x01\x00\x04\x00\x03\x00\x02\x0c\x02\x00\x04\x00"
  "\x03\x00\x02\x0c\x03\x00\x04\x00\x03\x00\x02\x0c\x04\x00\x04\x00\x03\x00\x02\x0c"
  "\x05\x00\x04\x00\x03\x00\x02\x0c\x06\x00\x04\x00\x03\x00\x02\x0c\x07\x00\x04\x00"
  "\x03\x00\x02\x0c\x08\x00\x04\x00\x03\x00\x02\x0c\x09\x00\x04\x00\x03\x00\x02\x0c"
  "\x0a\x00\x04\x00\x03\x00\x02\x0c\x0b\x00\x04\x00\x03\x00\x02\x0c\x0c\x00\x04\x00"
  "\x03\x00\x02\x0c\x0d\x00\x04\x00\x03\x00\x02\x0c\x0e\x00\x04\x00\x03\x00\x02\x0d"
  "\x00\x00\x00\x00\x03\x00\x02\x0d\x01\x00\x01\x00\x03\x00\x02\x0d\x02\x00\x02\x00"
  "\x03\x00\x02\x0d\x03\x00\x03\x00\x03\x00\x02\x0d\x04\x00\x04\x00\x03\x00\x02\x0d"
  "\x05\x00\x05\x00\x03\x00\x02\x0d\x06\x00\x06\x00\x03\x00\x02\x0d\x07\x00\x07\x00"
  "\x03\x00\x02\x0d\x08\x00\x08\x00\x03\x00\x02\x0d\x09\x00\x09\x00\x03\x00\x02\x0d"
  "\x0a\x00\x0a\x00\x03\x00\x02\x0d\x0b\x00\x0b\x00\x03\x00\x02\x0d\x0c\x00\x0c\x00"
  "\x03\x00\x02\x0d\x0d\x00\x0d\x00\x03\x00\x02\x0d\x0e\x00\x0e\x00\x03\x00\x02\x0e"
  "\x00\x00\x0f\x00\x03\x00\x02\x0e\x01\x00\x0f\x00\x03\x00\x02\x0e\x02\x00\x0f\x00"
  "\x03\x00\x02\x0e\x03\x00\x0f\x00\x03\x00\x02\x0e\x04\x00\x0f\x00\x03\x00\x02\x0e"
  "\x05\x00\x0f\x00\x03\x00\x02\x0e\x06\x00\x0f\x00\x03\x00\x02\x0e\x07\x00\x0f\x00"
  "\x03\x00\x02\x0e\x08\x00\x0f\x00\x03\x00\x02\x0e\x09\x00\x0f\x00\x03\x00\x02\x0e"
  "\x0a\x00\x0f\x00\x03\x00\x02\x0e\x0b\x00\x0f\x00\x03\x00\x02\x0e\x0c\x00\x0f\x00"
  "\x03\x00\x02\x0e\x0d\x00\x0f\x00\x03\x00\x02\x0e\x0e\x00\x0f\x00\x03\x00\x02\x0f"
  "\x00\x00\x0f\x00\x03\x00\x02\x0f\x01\x00\x03\x00\x03\x00\x02\x0f\x02\x00\x03\x00"
  "\x03\x00\x02\x0f\x03\x00\x03\x00\x03\x00\x02\x0f\x04\x00\x03\x00\x03\x00\x02\x0f"
  "\x05\x00\x03\x00\x03\x00\x02\x0f\x06\x00\x03\x00\x03\x00\x02\x0f\x07\x00\x07\x00"
  "\x03\x00\x02\x0f\x08\x00\x08\x00\x03\x00\x02\x0f\x09\x00\x0f\x00\x03\x00\x02\x0f"
  "\x0a\x00\x0f\x00\x03\x00\x02\x0f\x0b\x00\x0f\x00\x03\x00\x02\x0f\x0c\x00\x0f\x00"
  "\x03\x00\x02\x0f\x0d\x00\x0f\x00\x03\x00\x02\x0f\x0e\x00\x0f\x00\x03\x00\x02\x10"
  "\x00\x00\x0f\x00\x03\x00\x02\x10\x01\x00\x03\x00\x03\x00\x02\x10\x02\x00\x03\x00"
  "\x03\x00\x02\x10\x03\x00\x03\x00\x03\x00\x02\x10\x04\x00\x03\x00\x03\x00\x02\x10"
  "\x05\x00\x03\x00\x03\x00\x02\x10\x06\x00\x03\x00\x03\x00\x02\x10\x07\x00\x07\x00"
  "\x03\x00\x02\x10\x08\x00\x08\x00\x03\x00\x02\x10\x09\x00\x0f\x00\x03\x00\x02\x10"
  "\x0a\x00\x0f\x00\x03\x00\x02\x10\x0b\x00\x0f\x00\x03\x00\x02\x10\x0c\x00\x0f\x00"
  "\x03\x00\x02\x10\x0d\x00\x0f\x00\x03\x00\x02\x10\x0e\x00\x0f\x00\x03\x00\x02\x11"
  "\x00\x00\x0f\x00\x03\x00\x02\x11\x01\x00\x03\x00\x03\x00\x02\x11\x02\x00\x03\x00"
  "\x03\x00\x02\x11\x03\x00\x03\x00\x03\x00\x02\x11\x04\x00\x03\x00\x03\x00\x02\x11"
  "\x05\x00\x03\x00\x03\x00\x02\x11\x06\x00\x03\x00\x03\x00\x02\x11\x07\x00\x03\x00"
  "\x03\x00\x02\x11\x08\x00\x03\x00\x03\x00\x02\x11\x09\x00\x0f\x00\x03\x00\x02\x11"
  "\x0a\x00\x0f\x00\x03\x00\x02\x11\x0b\x00\x0f\x00\x03\x00\x02\x11\x0c\x00\x0f\x00"
  "\x03\x00\x02\x11\x0d\x00\x0f\x00\x03\x00\x02\x11\x0e\x00\x0f\x00\x03\x00\x02\x12"
  "\x00\x00\x0f\x00\x03\x00\x02\x12\x01\x00\x03\x00\x03\x00\x02\x12\x02\x00\x03\x00"
  "\x03\x00\x02\x12\x03\x00\x03\x00\x03\x00\x02\x12\x04\x00\x03\x00\x03\x00\x02\x12"
  "\x05\x00\x03\x00\x03\x00\x02\x12\x06\x00\x03\x00\x03\x00\x02\x12\x07\x00\x03\x00"
  "\x03\x00\x02\x12\x08\x00\x03\x00\x03\x00\x02\x12\x09\x00\x0f\x00\x03\x00\x02\x12"
  "\x0a\x00\x0f\x00\x03\x00\x02\x12\x0b\x00\x0f\x00\x03\x00\x02\x12\x0c\x00\x0f\x00"
  "\x03\x00\x02\x12\x0d\x00\x0f\x00\x03\x00\x02\x12\x0e\x00\x0f\x00\x03\x00\x03\x00"
  "\x00\x00\x0f\x00\x03\x00\x03\x00\x01\x00\x03\x00\x03\x00\x03\x00\x02\x00\x03\x00"
  "\x03\x00\x03\x00\x03\x00\x04\x00\x03\x00\x03\x00\x04\x00\x04\x00\x03\x00\x03\x00"
  "\x05\x00\x03\x00\x03\x00\x03\x00\x06\x00\x03\x00\x03\x00\x03\x00\x07\x00\x07\x00"
  "\x03\x00\x03\x00\x08\x00\x08\x00\x03\x00\x03\x00\x09\x00\x09\x00\x03\x00\x03\x00"
  "\x0a\x00\x09\x00\x03\x00\x03\x00\x0b\x00\x0f\x00\x03\x00\x03\x00\x0c\x00\x0f\x00"
  "\x03\x00\x03\x00\x0d\x00\x0d\x00\x03\x00\x03\x00\x0e\x00\x0e\x00\x03\x00\x03\x01"
  "\x00\x00\x0f\x00\x03\x00\x03\x01\x01\x00\x03\x00\x03\x00\x03\x01\x02\x00\x03\x00"
  "\x03\x00\x03\x01\x03\x00\x04\x00\x03\x00\x03\x01\x04\x00\x04\x00\x03\x00\x03\x01"
  "\x05\x00\x03\x00\x03\x00\x03\x01\x06\x00\x03\x00\x03\x00\x03\x01\x07\x00\x07\x00"
  "\x03\x00\x03\x01\x08\x00\x08\x00\x03\x00\x03\x01\x09\x00\x0f\x00\x03\x00\x03\x01"
  "\x0a\x00\x0f\x00\x03\x00\x03\x01\x0b\x00\x0f\x00\x03\x00\x03\x01\x0c\x00\x0f\x00"
  "\x03\x00\x03\x01\x0d\x00\x0d\x00\x03\x00\x03\x01\x0e\x00\x0e\x00\x03\x00\x03\x02"
  "\x00\x00\x0f\x00\x03\x00\x03\x02\x01\x00\x03\x00\x03\x00\x03\x02\x02\x00\x03\x00"
  "\x03\x00\x03\x02\x03\x00\x04\x00\x03\x00\x03\x02\x04\x00\x04\x00\x03\x00\x03\x02"
  "\x05\x00\x03\x00\x03\x00\x03\x02\x06\x00\x03\x00\x03\x00\x03\x02\x07\x00\x07\x00"
  "\x03\x00\x03\x02\x08\x00\x08\x00\x03\x00\x03\x02\x09\x00\x0f\x00\x03\x00\x03\x02"
  "\x0a\x00\x0f\x00\x03\x00\x03\x02\x0b\x00\x0f\x00\x03\x00\x03\x02\x0c\x00\x0f\x00"
  "\x03\x00\x03\x02\x0d\x00\x0d\x00\x03\x00\x03\x02\x0e\x00\x0e\x00\x03\x00\x03\x03"
  "\x00\x00\x0f\x00\x03\x00\x03\x03\x01\x00\x03\x00\x03\x00\x03\x03\x02\x00\x03\x00"
  "\x03\x00\x03\x03\x03\x00\x04\x00\x03\x00\x03\x03\x04\x00\x04\x00\x03\x00\x03\x03"
  "\x05\x00\x03\x00\x03\x00\x03\x03\x06\x00\x03\x00\x03\x00\x03\x03\x07\x00\x07\x00"
  "\x03\x00\x03\x03\x08\x00\x08\x00\x03\x00\x03\x03\x09\x00\x0f\x00\x03\x00\x03\x03"
  "\x0a\x00\x0f\x00\x03\x00\x03\x03\x0b\x00\x0f\x00\x03\x00\x03\x03\x0c\x00\x0f\x00"
  "\x03\x00\x03\x03\x0d\x00\x0d\x00\x03\x00\x03\x03\x0e\x00\x0e\x00\x03\x00\x03\x04"
  "\x00\x00\x0f\x00\x03\x00\x03\x04\x01\x00\x03\x00\x03\x00\x03\x04\x02\x00\x03\x00"
  "\x03\x00\x03\x04\x03\x00\x04\x00\x03\x00\x03\x04\x04\x00\x04\x00\x03\x00\x03\x04"
  "\x05\x00\x03\x00\x03\x00\x03\x04\x06\x00\x03\x00\x03\x00\x03\x04\x07\x00\x07\x00"
  "\x03\x00\x03\x04\x08\x00\x08\x00\x03\x00\x03\x04\x09\x00\x0f\x00\x03\x00\x03\x04"
  "\x0a\x00\x0f\x00\x03\x00\x03\x04\x0b\x00\x0f\x00\x03\x00\x03\x04\x0c\x00\x0f\x00"
  "\x03\x00\x03\x04\x0d\x00\x0f\x00\x03\x00\x03\x04\x0e\x00\x0f\x00\x03\x00\x03\x05"
  "\x00\x00\x04\x00\x03\x00\x03\x05\x01\x00\x04\x00\x03\x00\x03\x05\x02\x00\x04\x00"
  "\x03\x00\x03\x05\x03\x00\x04\x00\x03\x00\x03\x05\x04\x00\x04\x00\x03\x00\x03\x05"
  "\x05\x00\x04\x00\x03\x00\x03\x05\x06\x00\x04\x00\x03\x00\x03\x05\x07\x00\x04\x00"
  "\x03\x00\x03\x05\x08\x00\x04\x00\x03\x00\x03\x05\x09\x00\x04\x00\x03\x00\x03\x05"
  "\x0a\x00\x04\x00\x03\x00\x03\x05\x0b\x00\x04\x00\x03\x00\x03\x05\x0c\x00\x04\x00"
  "\x03\x00\x03\x05\x0d\x00\x04\x00\x03\x00\x03\x05\x0e\x00\x04\x00\x03\x00\x03\x06"
  "\x00\x00\x04\x00\x03\x00\x03\x06\x01\x00\x04\x00\x03\x00\x03\x06\x02\x00\x04\x00"
  "\x03\x00\x03\x06\x03\x00\x04\x00\x03\x00\x03\x06\x04\x00\x04\x00\x03\x00\x03\x06"
  "\x05\x00\x04\x00\x03\x00\x03\x06\x06\x00\x04\x00\x03\x00\x03\x06\x07\x00\x04\x00"
  "\x03\x00\x03\x06\x08\x00\x04\x00\x03\x00\x03\x06\x09\x00\x04\x00\x03\x00\x03\x06"
  "\x0a\x00\x04\x00\x03\x00\x03\x06\x0b\x00\x04\x00\x03\x00\x03\x06\x0c\x00\x04\x00"
  "\x03\x00\x03\x06\x0d\x00\x04\x00\x03\x00\x03\x06\x0e\x00\x04\x00\x03\x00\x03\x07"
  "\x00\x00\x03\x00\x03\x00\x03\x07\x01\x00\x03\x00\x03\x00\x03\x07\x02\x00\x03\x00"
  "\x03\x00\x03\x07\x03\x00\x03\x00\x03\x00\x03\x07\x04\x00\x03\x00\x03\x00\x03\x07"
  "\x05\x00\x03\x00\x03\x00\x03\x07\x06\x00\x03\x00\x03\x00\x03\x07\x07\x00\x03\x00"
  "\x03\x00\x03\x07\x08\x00\x03\x00\x03\x00\x03\x07\x09\x00\x03\x00\x03\x00\x03\x07"
  "\x0a\x00\x03\x00\x03\x00\x03\x07\x0b\x00\x03\x00\x03\x00\x03\x07\x0c\x00\x03\x00"
  "\x03\x00\x03\x07\x0d\x00\x03\x00\x03\x00\x03\x07\x0e\x00\x03\x00\x03\x00\x03\x08"
  "\x00\x00\x0f\x00\x03\x00\x03\x08\x01\x00\x03\x00\x03\x00\x03\x08\x02\x00\x03\x00"
  "\x03\x00\x03\x08\x03\x00\x04\x00\x03\x00\x03\x08\x04\x00\x04\x00\x03\x00\x03\x08"
  "\x05\x00\x03\x00\x03\x00\x03\x08\x06\x00\x03\x00\x03\x00\x03\x08\x07\x00\x07\x00"
  "\x03\x00\x03\x08\x08\x00\x08\x00\x03\x00\x03\x08\x09\x00\x0f\x00\x03\x00\x03\x08"
  "\x0a\x00\x0f\x00\x03\x00\x03\x08\x0b\x00\x0f\x00\x03\x00\x03\x08\x0c\x00\x0f\x00"
  "\x03\x00\x03\x08\x0d\x00\x0f\x00\x03\x00\x03\x08\x0e\x00\x0f\x00\x03\x00\x03\x09"
  "\x00\x00\x0f\x00\x03\x00\x03\x09\x01\x00\x0f\x00\x03\x00\x03\x09\x02\x00\x0f\x00"
  "\x03\x00\x03\x09\x03\x00\x0f\x00\x03\x00\x03\x09\x04\x00\x0f\x00\x03\x00\x03\x09"
  "\x05\x00\x0f\x00\x03\x00\x03\x09\x06\x00\x0f\x00\x03\x00\x03\x09\x07\x00\x0f\x00"
  "\x03\x00\x03\x09\x08\x00\x0f\x00\x03\x00\x03\x09\x09\x00\x0f\x00\x03\x00\x03\x09"
  "\x0a\x00\x0f\x00\x03\x00\x03\x09\x0b\x00\x0f\x00\x03\x00\x03\x09\x0c\x00\x0f\x00"
  "\x03\x00\x03\x09\x0d\x00\x0f\x00\x03\x00\x03\x09\x0e\x00\x0f\x00\x03\x00\x03\x0a"
  "\x00\x00\x0f\x00\x03\x00\x03\x0a\x01\x00\x0f\x00\x03\x00\x03\x0a\x02\x00\x0f\x00"
  "\x03\x00\x03\x0a\x03\x00\x0f\x00\x03\x00\x03\x0a\x04\x00\x0f\x00\x03\x00\x03\x0a"
  "\x05\x00\x0f\x00\x03\x00\x03\x0a\x06\x00\x0f\x00\x03\x00\x03\x0a\x07\x00\x0f\x00"
  "\x03\x00\x03\x0a\x08\x00\x0f\x00\x03\x00\x03\x0a\x09\x00\x0f\x00\x03\x00\x03\x0a"
  "\x0a\x00\x0f\x00\x03\x00\x03\x0a\x0b\x00\x0f\x00\x03\x00\x03\x0a\x0c\x00\x0f\x00"
  "\x03\x00\x03\x0a\x0d\x00\x0f\x00\x03\x00\x03\x0a\x0e\x00\x0f\x00\x03\x00\x03\x0b"
  "\x00\x00\x0f\x00\x03\x00\x03\x0b\x01\x00\x0f\x00\x03\x00\x03\x0b\x02\x00\x0f\x00"
  "\x03\x00\x03\x0b\x03\x00\x0f\x00\x03\x00\x03\x0b\x04\x00\x0f\x00\x03\x00\x03\x0b"
  "\x05\x00\x0f\x00\x03\x00\x03\x0b\x06\x00\x0f\x00\x03\x00\x03\x0b\x07\x00\x0f\x00"
  "\x03\x00\x03\x0b\x08\x00\x0f\x00\x03\x00\x03\x0b\x09\x00\x0f\x00\x03\x00\x03\x0b"
  "\x0a\x00\x0f\x00\x03\x00\x03\x0b\x0b\x00\x0f\x00\x03\x00\x03\x0b\x0c\x00\x0f\x00"
  "\x03\x00\x03\x0b\x0d\x00\x0f\x00\x03\x00\x03\x0b\x0e\x00\x0f\x00\x03\x00\x03\x0c"
  "\x00\x00\x04\x00\x03\x00\x03\x0c\x01\x00\x04\x00\x03\x00\x03\x0c\x02\x00\x04\x00"
  "\x03\x00\x03\x0c\x03\x00\x04\x00\x03\x00\x03\x0c\x04\x00\x04\x00\x03\x00\x03\x0c"
  "\x05\x00\x04\x00\x03\x00\x03\x0c\x06\x00\x04\x00\x03\x00\x03\x0c\x07\x00\x04\x00"
  "\x03\x00\x03\x0c\x08\x00\x04\x00\x03\x00\x03\x0c\x09\x00\x04\x00\x03\x00\x03\x0c"
  "\x0a\x00\x04\x00\x03\x00\x03\x0c\x0b\x00\x04\x00\x03\x00\x03\x0c\x0c\x00\x04\x00"
  "\x03\x00\x03\x0c\x0d\x00\x04\x00\x03\x00\x03\x0c\x0e\x00\x04\x00\x03\x00\x03\x0d"
  "\x00\x00\x00\x00\x03\x00\x03\x0d\x01\x00\x01\x00\x03\x00\x03\x0d\x02\x00\x02\x00"
  "\x03\x00\x03\x0d\x03\x00\x03\x00\x03\x00\x03\x0d\x04\x00\x04\x00\x03\x00\x03\x0d"
  "\x05\x00\x05\x00\x03\x00\x03\x0d\x06\x00\x06\x00\x03\x00\x03\x0d\x07\x00\x07\x00"
  "\x03\x00\x03\x0d\x08\x00\x08\x00\x03\x00\x03\x0d\x09\x00\x09\x00\x03\x00\x03\x0d"
  "\x0a\x00\x0a\x00\x03\x00\x03\x0d\x0b\x00\x0b\x00\x03\x00\x03\x0d\x0c\x00\x0c\x00"
  "\x03\x00\x03\x0d\x0d\x00\x0d\x00\x03\x00\x03\x0d\x0e\x00\x0e\x00\x03\x00\x03\x0e"
  "\x00\x00\x0f\x00\x03\x00\x03\x0e\x01\x00\x0f\x00\x03\x00\x03\x0e\x02\x00\x0f\x00"
  "\x03\x00\x03\x0e\x03\x00\x0f\x00\x03\x00\x03\x0e\x04\x00\x0f\x00\x03\x00\x03\x0e"
  "\x05\x00\x0f\x00\x03\x00\x03\x0e\x06\x00\x0f\x00\x03\x00\x03\x0e\x07\x00\x0f\x00"
  "\x03\x00\x03\x0e\x08\x00\x0f\x00\x03\x00\x03\x0e\x09\x00\x0f\x00\x03\x00\x03\x0e"
  "\x0a\x00\x0f\x00\x03\x00\x03\x0e\x0b\x00\x0f\x00\x03\x00\x03\x0e\x0c\x00\x0f\x00"
  "\x03\x00\x03\x0e\x0d\x00\x0f\x00\x03\x00\x03\x0e\x0e\x00\x0f\x00\x03\x00\x03\x0f"
  "\x00\x00\x0f\x00\x03\x00\x03\x0f\x01\x00\x03\x00\x03\x00\x03\x0f\x02\x00\x03\x00"
  "\x03\x00\x03\x0f\x03\x00\x04\x00\x03\x00\x03\x0f\x04\x00\x04\x00\x03\x00\x03\x0f"
  "\x05\x00\x03\x00\x03\x00\x03\x0f\x06\x00\x03\x00\x03\x00\x03\x0f\x07\x00\x07\x00"
  "\x03\x00\x03\x0f\x08\x00\x08\x00\x03\x00\x03\x0f\x09\x00\x0f\x00\x03\x00\x03\x0f"
  "\x0a\x00\x0f\x00\x03\x00\x03\x0f\x0b\x00\x0f\x00\x03\x00\x03\x0f\x0c\x00\x0f\x00"
  "\x03\x00\x03\x0f\x0d\x00\x0f\x00\x03\x00\x03\x0f\x0e\x00\x0f\x00\x03\x00\x03\x10"
  "\x00\x00\x0f\x00\x03\x00\x03\x10\x01\x00\x03\x00\x03\x00\x03\x10\x02\x00\x03\x00"
  "\x03\x00\x03\x10\x03\x00\x04\x00\x03\x00\x03\x10\x04\x00\x04\x00\x03\x00\x03\x10"
  "\x05\x00\x03\x00\x03\x00\x03\x10\x06\x00\x03\x00\x03\x00\x03\x10\x07\x00\x07\x00"
  "\x03\x00\x03\x10\x08\x00\x08\x00\x03\x00\x03\x10\x09\x00\x0f\x00\x03\x00\x03\x10"
  "\x0a\x00\x0f\x00\x03\x00\x03\x10\x0b\x00\x0f\x00\x03\x00\x03\x10\x0c\x00\x0f\x00"
  "\x03\x00\x03\x10\x0d\x00\x0f\x00\x03\x00\x03\x10\x0e\x00\x0f\x00\x03\x00\x03\x11"
  "\x00\x00\x0f\x00\x03\x00\x03\x11\x01\x00\x03\x00\x03\x00\x03\x11\x02\x00\x03\x00"
  "\x03\x00\x03\x11\x03\x00\x03\x00\x03\x00\x03\x11\x04\x00\x03\x00\x03\x00\x03\x11"
  "\x05\x00\x03\x00\x03\x00\x03\x11\x06\x00\x03\x00\x03\x00\x03\x11\x07\x00\x03\x00"
  "\x03\x00\x03\x11\x08\x00\x03\x00\x03\x00\x03\x11\x09\x00\x0f\x00\x03\x00\x03\x11"
  "\x0a\x00\x0f\x00\x03\x00\x03\x11\x0b\x00\x0f\x00\x03\x00\x03\x11\x0c\x00\x0f\x00"
  "\x03\x00\x03\x11\x0d\x00\x0f\x00\x03\x00\x03\x11\x0e\x00\x0f\x00\x03\x00\x03\x12"
  "\x00\x00\x0f\x00\x03\x00\x03\x12\x01\x00\x03\x00\x03\x00\x03\x12\x02\x00\x03\x00"
  "\x03\x00\x03\x12\x03\x00\x03\x00\x03\x00\x03\x12\x04\x00\x03\x00\x03\x00\x03\x12"
  "\x05\x00\x03\x00\x03\x00\x03\x12\x06\x00\x03\x00\x03\x00\x03\x12\x07\x00\x03\x00"
  "\x03\x00\x03\x12\x08\x00\x03\x00\x03\x00\x03\x12\x09\x00\x0f\x00\x03\x00\x03\x12"
  "\x0a\x00\x0f\x00\x03\x00\x03\x12\x0b\x00\x0f\x00\x03\x00\x03\x12\x0c\x00\x0f\x00"
  "\x03\x00\x03\x12\x0d\x00\x0f\x00\x03\x00\x03\x12\x0e\x00\x0f\x00\x03\x00\x04\x00"
  "\x00\x00\x0f\x00\x03\x00\x04\x00\x01\x00\x03\x00\x03\x00\x04\x00\x02\x00\x03\x00"
  "\x03\x00\x04\x00\x03\x00\x04\x00\x03\x00\x04\x00\x04\x00\x04\x00\x03\x00\x04\x00"
  "\x05\x00\x03\x00\x03\x00\x04\x00\x06\x00\x03\x00\x03\x00\x04\x00\x07\x00\x04\x00"
  "\x03\x00\x04\x00\x08\x00\x08\x00\x03\x00\x04\x00\x09\x00\x09\x00\x03\x00\x04\x00"
  "\x0a\x00\x09\x00\x03\x00\x04\x00\x0b\x00\x0f\x00\x03\x00\x04\x00\x0c\x00\x0f\x00"
  "\x03\x00\x04\x00\x0d\x00\x0d\x00\x03\x00\x04\x00\x0e\x00\x0e\x00\x03\x00\x04\x01"
  "\x00\x00\x0f\x00\x03\x00\x04\x01\x01\x00\x03\x00\x03\x00\x04\x01\x02\x00\x03\x00"
  "\x03\x00\x04\x01\x03\x00\x04\x00\x03\x00\x04\x01\x04\x00\x04\x00\x03\x00\x04\x01"
  "\x05\x00\x03\x00\x03\x00\x04\x01\x06\x00\x03\x00\x03\x00\x04\x01\x07\x00\x04\x00"
  "\x03\x00\x04\x01\x08\x00\x08\x00\x03\x00\x04\x01\x09\x00\x0f\x00\x03\x00\x04\x01"
  "\x0a\x00\x0f\x00\x03\x00\x04\x01\x0b\x00\x0f\x00\x03\x00\x04\x01\x0c\x00\x0f\x00"
  "\x03\x00\x04\x01\x0d\x00\x0d\x00\x03\x00\x04\x01\x0e\x00\x0e\x00\x03\x00\x04\x02"
  "\x00\x00\x0f\x00\x03\x00\x04\x02\x01\x00\x03\x00\x03\x00\x04\x02\x02\x00\x03\x00"
  "\x03\x00\x04\x02\x03\x00\x04\x00\x03\x00\x04\x02\x04\x00\x04\x00\x03\x00\x04\x02"
  "\x05\x00\x03\x00\x03\x00\x04\x02\x06\x00\x03\x00\x03\x00\x04\x02\x07\x00\x04\x00"
  "\x03\x00\x04\x02\x08\x00\x08\x00\x03\x00\x04\x02\x09\x00\x0f\x00\x03\x00\x04\x02"
  "\x0a\x00\x0f\x00\x03\x00\x04\x02\x0b\x00\x0f\x00\x03\x00\x04\x02\x0c\x00\x0f\x00"
  "\x03\x00\x04\x02\x0d\x00\x0d\x00\x03\x00\x04\x02\x0e\x00\x0e\x00\x03\x00\x04\x03"
  "\x00\x00\x0f\x00\x03\x00\x04\x03\x01\x00\x03\x00\x03\x00\x04\x03\x02\x00\x03\x00"
  "\x03\x00\x04\x03\x03\x00\x04\x00\x03\x00\x04\x03\x04\x00\x04\x00\x03\x00\x04\x03"
  "\x05\x00\x03\x00\x03\x00\x04\x03\x06\x00\x03\x00\x03\x00\x04\x03\x07\x00\x04\x00"
  "\x03\x00\x04\x03\x08\x00\x08\x00\x03\x00\x04\x03\x09\x00\x0f\x00\x03\x00\x04\x03"
  "\x0a\x00\x0f\x00\x03\x00\x04\x03\x0b\x00\x0f\x00\x03\x00\x04\x03\x0c\x00\x0f\x00"
  "\x03\x00\x04\x03\x0d\x00\x0d\x00\x03\x00\x04\x03\x0e\x00\x0e\x00\x03\x00\x04\x04"
  "\x00\x00\x0f\x00\x03\x00\x04\x04\x01\x00\x03\x00\x03\x00\x04\x04\x02\x00\x03\x00"
  "\x03\x00\x04\x04\x03\x00\x04\x00\x03\x00\x04\x04\x04\x00\x04\x00\x03\x00\x04\x04"
  "\x05\x00\x03\x00\x03\x00\x04\x04\x06\x00\x03\x00\x03\x00\x04\x04\x07\x00\x04\x00"
  "\x03\x00\x04\x04\x08\x00\x08\x00\x03\x00\x04\x04\x09\x00\x0f\x00\x03\x00\x04\x04"
  "\x0a\x00\x0f\x00\x03\x00\x04\x04\x0b\x00\x0f\x00\x03\x00\x04\x04\x0c\x00\x0f\x00"
  "\x03\x00\x04\x04\x0d\x00\x0f\x00\x03\x00\x04\x04\x0e\x00\x0f\x00\x03\x00\x04\x05"
  "\x00\x00\x04\x00\x03\x00\x04\x05\x01\x00\x04\x00\x03\x00\x04\x05\x02\x00\x04\x00"
  "\x03\x00\x04\x05\x03\x00\x04\x00\x03\x00\x04\x05\x04\x00\x04\x00\x03\x00\x04\x05"
  "\x05\x00\x04\x00\x03\x00\x04\x05\x06\x00\x04\x00\x03\x00\x04\x05\x07\x00\x04\x00"
  "\x03\x00\x04\x05\x08\x00\x04\x00\x03\x00\x04\x05\x09\x00\x04\x00\x03\x00\x04\x05"
  "\x0a\x00\x04\x00\x03\x00\x04\x05\x0b\x00\x04\x00\x03\x00\x04\x05\x0c\x00\x04\x00"
  "\x03\x00\x04\x05\x0d\x00\x04\x00\x03\x00\x04\x05\x0e\x00\x04\x00\x03\x00\x04\x06"
  "\x00\x00\x04\x00\x03\x00\x04\x06\x01\x00\x04\x00\x03\x00\x04\x06\x02\x00\x04\x00"
  "\x03\x00\x04\x06\x03\x00\x04\x00\x03\x00\x04\x06\x04\x00\x04\x00\x03\x00\x04\x06"
  "\x05\x00\x04\x00\x03\x00\x04\x06\x06\x00\x04\x00\x03\x00\x04\x06\x07\x00\x04\x00"
  "\x03\x00\x04\x06\x08\x00\x04\x00\x03\x00\x04\x06\x09\x00\x04\x00\x03\x00\x04\x06"
  "\x0a\x00\x04\x00\x03\x00\x04\x06\x0b\x00\x04\x00\x03\x00\x04\x06\x0c\x00\x04\x00"
  "\x03\x00\x04\x06\x0d\x00\x04\x00\x03\x00\x04\x06\x0e\x00\x04\x00\x03\x00\x04\x07"
  "\x00\x00\x04\x00\x03\x00\x04\x07\x01\x00\x04\x00\x03\x00\x04\x07\x02\x00\x04\x00"
  "\x03\x00\x04\x07\x03\x00\x04\x00\x03\x00\x04\x07\x04\x00\x04\x00\x03\x00\x04\x07"
  "\x05\x00\x04\x00\x03\x00\x04\x07\x06\x00\x04\x00\x03\x00\x04\x07\x07\x00\x04\x00"
  "\x03\x00\x04\x07\x08\x00\x04\x00\x03\x00\x04\x07\x09\x00\x04\x00\x03\x00\x04\x07"
  "\x0a\x00\x04\x00\x03\x00\x04\x07\x0b\x00\x04\x00\x03\x00\x04\x07\x0c\x00\x04\x00"
  "\x03\x00\x04\x07\x0d\x00\x04\x00\x03\x00\x04\x07\x0e\x00\x04\x00\x03\x00\x04\x08"
  "\x00\x00\x0f\x00\x03\x00\x04\x08\x01\x00\x03\x00\x03\x00\x04\x08\x02\x00\x03\x00"
  "\x03\x00\x04\x08\x03\x00\x04\x00\x03\x00\x04\x08\x04\x00\x09\x00\x03\x00\x04\x08"
  "\x05\x00\x03\x00\x03\x00\x04\x08\x06\x00\x03\x00\x03\x00\x04\x08\x07\x00\x04\x00"
  "\x03\x00\x04\x08\x08\x00\x08\x00\x03\x00\x04\x08\x09\x00\x0f\x00\x03\x00\x04\x08"
  "\x0a\x00\x0f\x00\x03\x00\x04\x08\x0b\x00\x0f\x00\x03\x00\x04\x08\x0c\x00\x0f\x00"
  "\x03\x00\x04\x08\x0d\x00\x0f\x00\x03\x00\x04\x08\x0e\x00\x0f\x00\x03\x00\x04\x09"
  "\x00\x00\x0f\x00\x03\x00\x04\x09\x01\x00\x0f\x00\x03\x00\x04\x09\x02\x00\x0f\x00"
  "\x03\x00\x04\x09\x03\x00\x0f\x00\x03\x00\x04\x09\x04\x00\x0f\x00\x03\x00\x04\x09"
  "\x05\x00\x0f\x00\x03\x00\x04\x09\x06\x00\x0f\x00\x03\x00\x04\x09\x07\x00\x0f\x00"
  "\x03\x00\x04\x09\x08\x00\x0f\x00\x03\x00\x04\x09\x09\x00\x0f\x00\x03\x00\x04\x09"
  "\x0a\x00\x0f\x00\x03\x00\x04\x09\x0b\x00\x0f\x00\x03\x00\x04\x09\x0c\x00\x0f\x00"
  "\x03\x00\x04\x09\x0d\x00\x0f\x00\x03\x00\x04\x09\x0e\x00\x0f\x00\x03\x00\x04\x0a"
  "\x00\x00\x0f\x00\x03\x00\x04\x0a\x01\x00\x0f\x00\x03\x00\x04\x0a\x02\x00\x0f\x00"
  "\x03\x00\x04\x0a\x03\x00\x0f\x00\x03\x00\x04\x0a\x04\x00\x0f\x00\x03\x00\x04\x0a"
  "\x05\x00\x0f\x00\x03\x00\x04\x0a\x06\x00\x0f\x00\x03\x00\x04\x0a\x07\x00\x0f\x00"
  "\x03\x00\x04\x0a\x08\x00\x0f\x00\x03\x00\x04\x0a\x09\x00\x0f\x00\x03\x00\x04\x0a"
  "\x0a\x00\x0f\x00\x03\x00\x04\x0a\x0b\x00\x0f\x00\x03\x00\x04\x0a\x0c\x00\x0f\x00"
  "\x03\x00\x04\x0a\x0d\x00\x0f\x00\x03\x00\x04\x0a\x0e\x00\x0f\x00\x03\x00\x04\x0b"
  "\x00\x00\x0f\x00\x03\x00\x04\x0b\x01\x00\x0f\x00\x03\x00\x04\x0b\x02\x00\x0f\x00"
  "\x03\x00\x04\x0b\x03\x00\x0f\x00\x03\x00\x04\x0b\x04\x00\x0f\x00\x03\x00\x04\x0b"
  "\x05\x00\x0f\x00\x03\x00\x04\x0b\x06\x00\x0f\x00\x03\x00\x04\x0b\x07\x00\x0f\x00"
  "\x03\x00\x04\x0b\x08\x00\x0f\x00\x03\x00\x04\x0b\x09\x00\x0f\x00\x03\x00\x04\x0b"
  "\x0a\x00\x0f\x00\x03\x00\x04\x0b\x0b\x00\x0f\x00\x03\x00\x04\x0b\x0c\x00\x0f\x00"
  "\x03\x00\x04\x0b\x0d\x00\x0f\x00\x03\x00\x04\x0b\x0e\x00\x0f\x00\x03\x00\x04\x0c"
  "\x00\x00\x04\x00\x03\x00\x04\x0c\x01\x00\x04\x00\x03\x00\x04\x0c\x02\x00\x04\x00"
  "\x03\x00\x04\x0c\x03\x00\x04\x00\x03\x00\x04\x0c\x04\x00\x04\x00\x03\x00\x04\x0c"
  "\x05\x00\x04\x00\x03\x00\x04\x0c\x06\x00\x04\x00\x03\x00\x04\x0c\x07\x00\x04\x00"
  "\x03\x00\x04\x0c\x08\x00\x04\x00\x03\x00\x04\x0c\x09\x00\x04\x00\x03\x00\x04\x0c"
  "\x0a\x00\x04\x00\x03\x00\x04\x0c\x0b\x00\x04\x00\x03\x00\x04\x0c\x0c\x00\x04\x00"
  "\x03\x00\x04\x0c\x0d\x00\x04\x00\x03\x00\x04\x0c\x0e\x00\x04\x00\x03\x00\x04\x0d"
  "\x00\x00\x00\x00\x03\x00\x04\x0d\x01\x00\x01\x00\x03\x00\x04\x0d\x02\x00\x02\x00"
  "\x03\x00\x04\x0d\x03\x00\x03\x00\x03\x00\x04\x0d\x04\x00\x04\x00\x03\x00\x04\x0d"
  "\x05\x00\x05\x00\x03\x00\x04\x0d\x06\x00\x06\x00\x03\x00\x04\x0d\x07\x00\x07\x00"
  "\x03\x00\x04\x0d\x08\x00\x08\x00\x03\x00\x04\x0d\x09\x00\x09\x00\x03\x00\x04\x0d"
  "\x0a\x00\x0a\x00\x03\x00\x04\x0d\x0b\x00\x0b\x00\x03\x00\x04\x0d\x0c\x00\x0c\x00"
  "\x03\x00\x04\x0d\x0d\x00\x0d\x00\x03\x00\x04\x0d\x0e\x00\x0e\x00\x03\x00\x04\x0e"
  "\x00\x00\x0f\x00\x03\x00\x04\x0e\x01\x00\x0f\x00\x03\x00\x04\x0e\x02\x00\x0f\x00"
  "\x03\x00\x04\x0e\x03\x00\x0f\x00\x03\x00\x04\x0e\x04\x00\x0f\x00\x03\x00\x04\x0e"
  "\x05\x00\x0f\x00\x03\x00\x04\x0e\x06\x00\x0f\x00\x03\x00\x04\x0e\x07\x00\x0f\x00"
  "\x03\x00\x04\x0e\x08\x00\x0f\x00\x03\x00\x04\x0e\x09\x00\x0f\x00\x03\x00\x04\x0e"
  "\x0a\x00\x0f\x00\x03\x00\x04\x0e\x0b\x00\x0f\x00\x03\x00\x04\x0e\x0c\x00\x0f\x00"
  "\x03\x00\x04\x0e\x0d\x00\x0f\x00\x03\x00\x04\x0e\x0e\x00\x0f\x00\x03\x00\x04\x0f"
  "\x00\x00\x0f\x00\x03\x00\x04\x0f\x01\x00\x03\x00\x03\x00\x04\x0f\x02\x00\x03\x00"
  "\x03\x00\x04\x0f\x03\x00\x04\x00\x03\x00\x04\x0f\x04\x00\x04\x00\x03\x00\x04\x0f"
  "\x05\x00\x03\x00\x03\x00\x04\x0f\x06\x00\x03\x00\x03\x00\x04\x0f\x07\x00\x04\x00"
  "\x03\x00\x04\x0f\x08\x00\x08\x00\x03\x00\x04\x0f\x09\x00\x0f\x00\x03\x00\x04\x0f"
  "\x0a\x00\x0f\x00\x03\x00\x04\x0f\x0b\x00\x0f\x00\x03\x00\x04\x0f\x0c\x00\x0f\x00"
  "\x03\x00\x04\x0f\x0d\x00\x0f\x00\x03\x00\x04\x0f\x0e\x00\x0f\x00\x03\x00\x04\x10"
  "\x00\x00\x0f\x00\x03\x00\x04\x10\x01\x00\x03\x00\x03\x00\x04\x10\x02\x00\x03\x00"
  "\x03\x00\x04\x10\x03\x00\x04\x00\x03\x00\x04\x10\x04\x00\x04\x00\x03\x00\x04\x10"
  "\x05\x00\x03\x00\x03\x00\x04\x10\x06\x00\x03\x00\x03\x00\x04\x10\x07\x00\x04\x00"
  "\x03\x00\x04\x10\x08\x00\x08\x00\x03\x00\x04\x10\x09\x00\x0f\x00\x03\x00\x04\x10"
  "\x0a\x00\x0f\x00\x03\x00\x04\x10\x0b\x00\x0f\x00\x03\x00\x04\x10\x0c\x00\x0f\x00"
  "\x03\x00\x04\x10\x0d\x00\x0f\x00\x03\x00\x04\x10\x0e\x00\x0f\x00\x03\x00\x04\x11"
  "\x00\x00\x0f\x00\x03\x00\x04\x11\x01\x00\x04\x00\x03\x00\x04\x11\x02\x00\x04\x00"
  "\x03\x00\x04\x11\x03\x00\x04\x00\x03\x00\x04\x11\x04\x00\x04\x00\x03\x00\x04\x11"
  "\x05\x00\x04\x00\x03\x00\x04\x11\x06\x00\x04\x00\x03\x00\x04\x11\x07\x00\x04\x00"
  "\x03\x00\x04\x11\x08\x00\x04\x00\x03\x00\x04\x11\x09\x00\x0f\x00\x03\x00\x04\x11"
  "\x0a\x00\x0f\x00\x03\x00\x04\x11\x0b\x00\x0f\x00\x03\x00\x04\x11\x0c\x00\x0f\x00"
  "\x03\x00\x04\x11\x0d\x00\x0f\x00\x03\x00\x04\x11\x0e\x00\x0f\x00\x03\x00\x04\x12"
  "\x00\x00\x0f\x00\x03\x00\x04\x12\x01\x00\x04\x00\x03\x00\x04\x12\x02\x00\x04\x00"
  "\x03\x00\x04\x12\x03\x00\x04\x00\x03\x00\x04\x12\x04\x00\x04\x00\x03\x00\x04\x12"
  "\x05\x00\x04\x00\x03\x00\x04\x12\x06\x00\x04\x00\x03\x00\x04\x12\x07\x00\x04\x00"
  "\x03\x00\x04\x12\x08\x00\x04\x00\x03\x00\x04\x12\x09\x00\x0f\x00\x03\x00\x04\x12"
  "\x0a\x00\x0f\x00\x03\x00\x04\x12\x0b\x00\x0f\x00\x03\x00\x04\x12\x0c\x00\x0f\x00"
  "\x03\x00\x04\x12\x0d\x00\x0f\x00\x03\x00\x04\x12\x0e\x00\x0f\x00\x03\x00\x05\x00"
  "\x00\x00\x0f\x00\x03\x00\x05\x00\x01\x00\x03\x00\x03\x00\x05\x00\x02\x00\x03\x00"
  "\x03\x00\x05\x00\x03\x00\x03\x00\x03\x00\x05\x00\x04\x00\x03\x00\x03\x00\x05\x00"
  "\x05\x00\x03\x00\x03\x00\x05\x00\x06\x00\x03\x00\x03\x00\x05\x00\x07\x00\x07\x00"
  "\x03\x00\x05\x00\x08\x00\x08\x00\x03\x00\x05\x00\x09\x00\x09\x00\x03\x00\x05\x00"
  "\x0a\x00\x09\x00\x03\x00\x05\x00\x0b\x00\x0f\x00\x03\x00\x05\x00\x0c\x00\x0f\x00"
  "\x03\x00\x05\x00\x0d\x00\x0d\x00\x03\x00\x05\x00\x0e\x00\x0e\x00\x03\x00\x05\x01"
  "\x00\x00\x0f\x00\x03\x00\x05\x01\x01\x00\x03\x00\x03\x00\x05\x01\x02\x00\x03\x00"
  "\x03\x00\x05\x01\x03\x00\x03\x00\x03\x00\x05\x01\x04\x00\x03\x00\x03\x00\x05\x01"
  "\x05\x00\x03\x00\x03\x00\x05\x01\x06\x00\x03\x00\x03\x00\x05\x01\x07\x00\x07\x00"
  "\x03\x00\x05\x01\x08\x00\x08\x00\x03\x00\x05\x01\x09\x00\x0f\x00\x03\x00\x05\x01"
  "\x0a\x00\x0f\x00\x03\x00\x05\x01\x0b\x00\x0f\x00\x03\x00\x05\x01\x0c\x00\x0f\x00"
  "\x03\x00\x05\x01\x0d\x00\x0d\x00\x03\x00\x05\x01\x0e\x00\x0e\x00\x03\x00\x05\x02"
  "\x00\x00\x0f\x00\x03\x00\x05\x02\x01\x00\x03\x00\x03\x00\x05\x02\x02\x00\x03\x00"
  "\x03\x00\x05\x02\x03\x00\x03\x00\x03\x00\x05\x02\x04\x00\x03\x00\x03\x00\x05\x02"
  "\x05\x00\x03\x00\x03\x00\x05\x02\x06\x00\x03\x00\x03\x00\x05\x02\x07\x00\x07\x00"
  "\x03\x00\x05\x02\x08\x00\x08\x00\x03\x00\x05\x02\x09\x00\x0f\x00\x03\x00\x05\x02"
  "\x0a\x00\x0f\x00\x03\x00\x05\x02\x0b\x00\x0f\x00\x03\x00\x05\x02\x0c\x00\x0f\x00"
  "\x03\x00\x05\x02\x0d\x00\x0d\x00\x03\x00\x05\x02\x0e\x00\x0e\x00\x03\x00\x05\x03"
  "\x00\x00\x0f\x00\x03\x00\x05\x03\x01\x00\x03\x00\x03\x00\x05\x03\x02\x00\x03\x00"
  "\x03\x00\x05\x03\x03\x00\x03\x00\x03\x00\x05\x03\x04\x00\x03\x00\x03\x00\x05\x03"
  "\x05\x00\x03\x00\x03\x00\x05\x03\x06\x00\x03\x00\x03\x00\x05\x03\x07\x00\x07\x00"
  "\x03\x00\x05\x03\x08\x00\x08\x00\x03\x00\x05\x03\x09\x00\x0f\x00\x03\x00\x05\x03"
  "\x0a\x00\x0f\x00\x03\x00\x05\x03\x0b\x00\x0f\x00\x03\x00\x05\x03\x0c\x00\x0f\x00"
  "\x03\x00\x05\x03\x0d\x00\x0d\x00\x03\x00\x05\x03\x0e\x00\x0e\x00\x03\x00\x05\x04"
  "\x00\x00\x0f\x00\x03\x00\x05\x04\x01\x00\x03\x00\x03\x00\x05\x04\x02\x00\x03\x00"
  "\x03\x00\x05\x04\x03\x00\x03\x00\x03\x00\x05\x04\x04\x00\x03\x00\x03\x00\x05\x04"
  "\x05\x00\x03\x00\x03\x00\x05\x04\x06\x00\x03\x00\x03\x00\x05\x04\x07\x00\x07\x00"
  "\x03\x00\x05\x04\x08\x00\x08\x00\x03\x00\x05\x04\x09\x00\x0f\x00\x03\x00\x05\x04"
  "\x0a\x00\x0f\x00\x03\x00\x05\x04\x0b\x00\x0f\x00\x03\x00\x05\x04\x0c\x00\x0f\x00"
  "\x03\x00\x05\x04\x0d\x00\x0f\x00\x03\x00\x05\x04\x0e\x00\x0f\x00\x03\x00\x05\x05"
  "\x00\x00\x04\x00\x03\x00\x05\x05\x01\x00\x04\x00\x03\x00\x05\x05\x02\x00\x04\x00"
  "\x03\x00\x05\x05\x03\x00\x04\x00\x03\x00\x05\x05\x04\x00\x04\x00\x03\x00\x05\x05"
  "\x05\x00\x04\x00\x03\x00\x05\x05\x06\x00\x04\x00\x03\x00\x05\x05\x07\x00\x04\x00"
  "\x03\x00\x05\x05\x08\x00\x04\x00\x03\x00\x05\x05\x09\x00\x04\x00\x03\x00\x05\x05"
  "\x0a\x00\x04\x00\x03\x00\x05\x05\x0b\x00\x04\x00\x03\x00\x05\x05\x0c\x00\x04\x00"
  "\x03\x00\x05\x05\x0d\x00\x04\x00\x03\x00\x05\x05\x0e\x00\x04\x00\x03\x00\x05\x06"
  "\x00\x00\x04\x00\x03\x00\x05\x06\x01\x00\x04\x00\x03\x00\x05\x06\x02\x00\x04\x00"
  "\x03\x00\x05\x06\x03\x00\x04\x00\x03\x00\x05\x06\x04\x00\x04\x00\x03\x00\x05\x06"
  "\x05\x00\x04\x00\x03\x00\x05\x06\x06\x00\x04\x00\x03\x00\x05\x06\x07\x00\x04\x00"
  "\x03\x00\x05\x06\x08\x00\x04\x00\x03\x00\x05\x06\x09\x00\x04\x00\x03\x00\x05\x06"
  "\x0a\x00\x04\x00\x03\x00\x05\x06\x0b\x00\x04\x00\x03\x00\x05\x06\x0c\x00\x04\x00"
  "\x03\x00\x05\x06\x0d\x00\x04\x00\x03\x00\x05\x06\x0e\x00\x04\x00\x03\x00\x05\x07"
  "\x00\x00\x05\x00\x03\x00\x05\x07\x01\x00\x05\x00\x03\x00\x05\x07\x02\x00\x05\x00"
  "\x03\x00\x05\x07\x03\x00\x05\x00\x03\x00\x05\x07\x04\x00\x05\x00\x03\x00\x05\x07"
  "\x05\x00\x05\x00\x03\x00\x05\x07\x06\x00\x05\x00\x03\x00\x05\x07\x07\x00\x05\x00"
  "\x03\x00\x05\x07\x08\x00\x05\x00\x03\x00\x05\x07\x09\x00\x05\x00\x03\x00\x05\x07"
  "\x0a\x00\x05\x00\x03\x00\x05\x07\x0b\x00\x05\x00\x03\x00\x05\x07\x0c\x00\x05\x00"
  "\x03\x00\x05\x07\x0d\x00\x05\x00\x03\x00\x05\x07\x0e\x00\x05\x00\x03\x00\x05\x08"
  "\x00\x00\x0f\x00\x03\x00\x05\x08\x01\x00\x03\x00\x03\x00\x05\x08\x02\x00\x03\x00"
  "\x03\x00\x05\x08\x03\x00\x03\x00\x03\x00\x05\x08\x04\x00\x03\x00\x03\x00\x05\x08"
  "\x05\x00\x03\x00\x03\x00\x05\x08\x06\x00\x03\x00\x03\x00\x05\x08\x07\x00\x07\x00"
  "\x03\x00\x05\x08\x08\x00\x08\x00\x03\x00\x05\x08\x09\x00\x0f\x00\x03\x00\x05\x08"
  "\x0a\x00\x0f\x00\x03\x00\x05\x08\x0b\x00\x0f\x00\x03\x00\x05\x08\x0c\x00\x0f\x00"
  "\x03\x00\x05\x08\x0d\x00\x0f\x00\x03\x00\x05\x08\x0e\x00\x0f\x00\x03\x00\x05\x09"
  "\x00\x00\x0f\x00\x03\x00\x05\x09\x01\x00\x0f\x00\x03\x00\x05\x09\x02\x00\x0f\x00"
  "\x03\x00\x05\x09\x03\x00\x0f\x00\x03\x00\x05\x09\x04\x00\x0f\x00\x03\x00\x05\x09"
  "\x05\x00\x0f\x00\x03\x00\x05\x09\x06\x00\x0f\x00\x03\x00\x05\x09\x07\x00\x0f\x00"
  "\x03\x00\x05\x09\x08\x00\x0f\x00\x03\x00\x05\x09\x09\x00\x0f\x00\x03\x00\x05\x09"
  "\x0a\x00\x0f\x00\x03\x00\x05\x09\x0b\x00\x0f\x00\x03\x00\x05\x09\x0c\x00\x0f\x00"
  "\x03\x00\x05\x09\x0d\x00\x0f\x00\x03\x00\x05\x09\x0e\x00\x0f\x00\x03\x00\x05\x0a"
  "\x00\x00\x0f\x00\x03\x00\x05\x0a\x01\x00\x0f\x00\x03\x00\x05\x0a\x02\x00\x0f\x00"
  "\x03\x00\x05\x0a\x03\x00\x0f\x00\x03\x00\x05\x0a\x04\x00\x0f\x00\x03\x00\x05\x0a"
  "\x05\x00\x0f\x00\x03\x00\x05\x0a\x06\x00\x0f\x00\x03\x00\x05\x0a\x07\x00\x0f\x00"
  "\x03\x00\x05\x0a\x08\x00\x0f\x00\x03\x00\x05\x0a\x09\x00\x0f\x00\x03\x00\x05\x0a"
  "\x0a\x00\x0f\x00\x03\x00\x05\x0a\x0b\x00\x0f\x00\x03\x00\x05\x0a\x0c\x00\x0f\x00"
  "\x03\x00\x05\x0a\x0d\x00\x0f\x00\x03\x00\x05\x0a\x0e\x00\x0f\x00\x03\x00\x05\x0b"
  "\x00\x00\x0f\x00\x03\x00\x05\x0b\x01\x00\x0f\x00\x03\x00\x05\x0b\x02\x00\x0f\x00"
  "\x03\x00\x05\x0b\x03\x00\x0f\x00\x03\x00\x05\x0b\x04\x00\x0f\x00\x03\x00\x05\x0b"
  "\x05\x00\x0f\x00\x03\x00\x05\x0b\x06\x00\x0f\x00\x03\x00\x05\x0b\x07\x00\x0f\x00"
  "\x03\x00\x05\x0b\x08\x00\x0f\x00\x03\x00\x05\x0b\x09\x00\x0f\x00\x03\x00\x05\x0b"
  "\x0a\x00\x0f\x00\x03\x00\x05\x0b\x0b\x00\x0f\x00\x03\x00\x05\x0b\x0c\x00\x0f\x00"
  "\x03\x00\x05\x0b\x0d\x00\x0f\x00\x03\x00\x05\x0b\x0e\x00\x0f\x00\x03\x00\x05\x0c"
  "\x00\x00\x04\x00\x03\x00\x05\x0c\x01\x00\x04\x00\x03\x00\x05\x0c\x02\x00\x04\x00"
  "\x03\x00\x05\x0c\x03\x00\x04\x00\x03\x00\x05\x0c\x04\x00\x04\x00\x03\x00\x05\x0c"
  "\x05\x00\x04\x00\x03\x00\x05\x0c\x06\x00\x04\x00\x03\x00\x05\x0c\x07\x00\x04\x00"
  "\x03\x00\x05\x0c\x08\x00\x04\x00\x03\x00\x05\x0c\x09\x00\x04\x00\x03\x00\x05\x0c"
  "\x0a\x00\x04\x00\x03\x00\x05\x0c\x0b\x00\x04\x00\x03\x00\x05\x0c\x0c\x00\x04\x00"
  "\x03\x00\x05\x0c\x0d\x00\x04\x00\x03\x00\x05\x0c\x0e\x00\x04\x00\x03\x00\x05\x0d"
  "\x00\x00\x00\x00\x03\x00\x05\x0d\x01\x00\x01\x00\x03\x00\x05\x0d\x02\x00\x02\x00"
  "\x03\x00\x05\x0d\x03\x00\x03\x00\x03\x00\x05\x0d\x04\x00\x04\x00\x03\x00\x05\x0d"
  "\x05\x00\x05\x00\x03\x00\x05\x0d\x06\x00\x06\x00\x03\x00\x05\x0d\x07\x00\x07\x00"
  "\x03\x00\x05\x0d\x08\x00\x08\x00\x03\x00\x05\x0d\x09\x00\x09\x00\x03\x00\x05\x0d"
  "\x0a\x00\x0a\x00\x03\x00\x05\x0d\x0b\x00\x0b\x00\x03\x00\x05\x0d\x0c\x00\x0c\x00"
  "\x03\x00\x05\x0d\x0d\x00\x0d\x00\x03\x00\x05\x0d\x0e\x00\x0e\x00\x03\x00\x05\x0e"
  "\x00\x00\x0f\x00\x03\x00\x05\x0e\x01\x00\x0f\x00\x03\x00\x05\x0e\x02\x00\x0f\x00"
  "\x03\x00\x05\x0e\x03\x00\x0f\x00\x03\x00\x05\x0e\x04\x00\x0f\x00\x03\x00\x05\x0e"
  "\x05\x00\x0f\x00\x03\x00\x05\x0e\x06\x00\x0f\x00\x03\x00\x05\x0e\x07\x00\x0f\x00"
  "\x03\x00\x05\x0e\x08\x00\x0f\x00\x03\x00\x05\x0e\x09\x00\x0f\x00\x03\x00\x05\x0e"
  "\x0a\x00\x0f\x00\x03\x00\x05\x0e\x0b\x00\x0f\x00\x03\x00\x05\x0e\x0c\x00\x0f\x00"
  "\x03\x00\x05\x0e\x0d\x00\x0f\x00\x03\x00\x05\x0e\x0e\x00\x0f\x00\x03\x00\x05\x0f"
  "\x00\x00\x0f\x00\x03\x00\x05\x0f\x01\x00\x03\x00\x03\x00\x05\x0f\x02\x00\x03\x00"
  "\x03\x00\x05\x0f\x03\x00\x03\x00\x03\x00\x05\x0f\x04\x00\x03\x00\x03\x00\x05\x0f"
  "\x05\x00\x03\x00\x03\x00\x05\x0f\x06\x00\x03\x00\x03\x00\x05\x0f\x07\x00\x07\x00"
  "\x03\x00\x05\x0f\x08\x00\x08\x00\x03\x00\x05\x0f\x09\x00\x0f\x00\x03\x00\x05\x0f"
  "\x0a\x00\x0f\x00\x03\x00\x05\x0f\x0b\x00\x0f\x00\x03\x00\x05\x0f\x0c\x00\x0f\x00"
  "\x03\x00\x05\x0f\x0d\x00\x0f\x00\x03\x00\x05\x0f\x0e\x00\x0f\x00\x03\x00\x05\x10"
  "\x00\x00\x0f\x00\x03\x00\x05\x10\x01\x00\x03\x00\x03\x00\x05\x10\x02\x00\x03\x00"
  "\x03\x00\x05\x10\x03\x00\x03\x00\x03\x00\x05\x10\x04\x00\x03\x00\x03\x00\x05\x10"
  "\x05\x00\x03\x00\x03\x00\x05\x10\x06\x00\x03\x00\x03\x00\x05\x10\x07\x00\x07\x00"
  "\x03\x00\x05\x10\x08\x00\x08\x00\x03\x00\x05\x10\x09\x00\x0f\x00\x03\x00\x05\x10"
  "\x0a\x00\x0f\x00\x03\x00\x05\x10\x0b\x00\x0f\x00\x03\x00\x05\x10\x0c\x00\x0f\x00"
  "\x03\x00\x05\x10\x0d\x00\x0f\x00\x03\x00\x05\x10\x0e\x00\x0f\x00\x03\x00\x05\x11"
  "\x00\x00\x0f\x00\x03\x00\x05\x11\x01\x00\x03\x00\x03\x00\x05\x11\x02\x00\x03\x00"
  "\x03\x00\x05\x11\x03\x00\x03\x00\x03\x00\x05\x11\x04\x00\x03\x00\x03\x00\x05\x11"
  "\x05\x00\x03\x00\x03\x00\x05\x11\x06\x00\x03\x00\x03\x00\x05\x11\x07\x00\x03\x00"
  "\x03\x00\x05\x11\x08\x00\x03\x00\x03\x00\x05\x11\x09\x00\x0f\x00\x03\x00\x05\x11"
  "\x0a\x00\x0f\x00\x03\x00\x05\x11\x0b\x00\x0f\x00\x03\x00\x05\x11\x0c\x00\x0f\x00"
  "\x03\x00\x05\x11\x0d\x00\x0f\x00\x03\x00\x05\x11\x0e\x00\x0f\x00\x03\x00\x05\x12"
  "\x00\x00\x0f\x00\x03\x00\x05\x12\x01\x00\x03\x00\x03\x00\x05\x12\x02\x00\x03\x00"
  "\x03\x00\x05\x12\x03\x00\x03\x00\x03\x00\x05\x12\x04\x00\x03\x00\x03\x00\x05\x12"
  "\x05\x00\x03\x00\x03\x00\x05\x12\x06\x00\x03\x00\x03\x00\x05\x12\x07\x00\x03\x00"
  "\x03\x00\x05\x12\x08\x00\x03\x00\x03\x00\x05\x12\x09\x00\x0f\x00\x03\x00\x05\x12"
  "\x0a\x00\x0f\x00\x03\x00\x05\x12\x0b\x00\x0f\x00\x03\x00\x05\x12\x0c\x00\x0f\x00"
  "\x03\x00\x05\x12\x0d\x00\x0f\x00\x03\x00\x05\x12\x0e\x00\x0f\x00\x03\x00\x06\x00"
  "\x00\x00\x0f\x00\x03\x00\x06\x00\x01\x00\x03\x00\x03\x00\x06\x00\x02\x00\x03\x00"
  "\x03\x00\x06\x00\x03\x00\x03\x00\x03\x00\x06\x00\x04\x00\x03\x00\x03\x00\x06\x00"
  "\x05\x00\x03\x00\x03\x00\x06\x00\x06\x00\x03\x00\x03\x00\x06\x00\x07\x00\x07\x00"
  "\x03\x00\x06\x00\x08\x00\x08\x00\x03\x00\x06\x00\x09\x00\x09\x00\x03\x00\x06\x00"
  "\x0a\x00\x09\x00\x03\x00\x06\x00\x0b\x00\x0f\x00\x03\x00\x06\x00\x0c\x00\x0f\x00"
  "\x03\x00\x06\x00\x0d\x00\x0d\x00\x03\x00\x06\x00\x0e\x00\x0e\x00\x03\x00\x06\x01"
  "\x00\x00\x0f\x00\x03\x00\x06\x01\x01\x00\x03\x00\x03\x00\x06\x01\x02\x00\x03\x00"
  "\x03\x00\x06\x01\x03\x00\x03\x00\x03\x00\x06\x01\x04\x00\x03\x00\x03\x00\x06\x01"
  "\x05\x00\x03\x00\x03\x00\x06\x01\x06\x00\x03\x00\x03\x00\x06\x01\x07\x00\x07\x00"
  "\x03\x00\x06\x01\x08\x00\x08\x00\x03\x00\x06\x01\x09\x00\x0f\x00\x03\x00\x06\x01"
  "\x0a\x00\x0f\x00\x03\x00\x06\x01\x0b\x00\x0f\x00\x03\x00\x06\x01\x0c\x00\x0f\x00"
  "\x03\x00\x06\x01\x0d\x00\x0d\x00\x03\x00\x06\x01\x0e\x00\x0e\x00\x03\x00\x06\x02"
  "\x00\x00\x0f\x00\x03\x00\x06\x02\x01\x00\x03\x00\x03\x00\x06\x02\x02\x00\x03\x00"
  "\x03\x00\x06\x02\x03\x00\x03\x00\x03\x00\x06\x02\x04\x00\x03\x00\x03\x00\x06\x02"
  "\x05\x00\x03\x00\x03\x00\x06\x02\x06\x00\x03\x00\x03\x00\x06\x02\x07\x00\x07\x00"
  "\x03\x00\x06\x02\x08\x00\x08\x00\x03\x00\x06\x02\x09\x00\x0f\x00\x03\x00\x06\x02"
  "\x0a\x00\x0f\x00\x03\x00\x06\x02\x0b\x00\x0f\x00\x03\x00\x06\x02\x0c\x00\x0f\x00"
  "\x03\x00\x06\x02\x0d\x00\x0d\x00\x03\x00\x06\x02\x0e\x00\x0e\x00\x03\x00\x06\x03"
  "\x00\x00\x0f\x00\x03\x00\x06\x03\x01\x00\x03\x00\x03\x00\x06\x03\x02\x00\x03\x00"
  "\x03\x00\x06\x03\x03\x00\x03\x00\x03\x00\x06\x03\x04\x00\x03\x00\x03\x00\x06\x03"
  "\x05\x00\x03\x00\x03\x00\x06\x03\x06\x00\x03\x00\x03\x00\x06\x03\x07\x00\x07\x00"
  "\x03\x00\x06\x03\x08\x00\x08\x00\x03\x00\x06\x03\x09\x00\x0f\x00\x03\x00\x06\x03"
  "\x0a\x00\x0f\x00\x03\x00\x06\x03\x0b\x00\x0f\x00\x03\x00\x06\x03\x0c\x00\x0f\x00"
  "\x03\x00\x06\x03\x0d\x00\x0d\x00\x03\x00\x06\x03\x0e\x00\x0e\x00\x03\x00\x06\x04"
  "\x00\x00\x0f\x00\x03\x00\x06\x04\x01\x00\x03\x00\x03\x00\x06\x04\x02\x00\x03\x00"
  "\x03\x00\x06\x04\x03\x00\x03\x00\x03\x00\x06\x04\x04\x00\x03\x00\x03\x00\x06\x04"
  "\x05\x00\x03\x00\x03\x00\x06\x04\x06\x00\x03\x00\x03\x00\x06\x04\x07\x00\x07\x00"
  "\x03\x00\x06\x04\x08\x00\x08\x00\x03\x00\x06\x04\x09\x00\x0f\x00\x03\x00\x06\x04"
  "\x0a\x00\x0f\x00\x03\x00\x06\x04\x0b\x00\x0f\x00\x03\x00\x06\x04\x0c\x00\x0f\x00"
  "\x03\x00\x06\x04\x0d\x00\x0f\x00\x03\x00\x06\x04\x0e\x00\x0f\x00\x03\x00\x06\x05"
  "\x00\x00\x04\x00\x03\x00\x06\x05\x01\x00\x04\x00\x03\x00\x06\x05\x02\x00\x04\x00"
  "\x03\x00\x06\x05\x03\x00\x04\x00\x03\x00\x06\x05\x04\x00\x04\x00\x03\x00\x06\x05"
  "\x05\x00\x04\x00\x03\x00\x06\x05\x06\x00\x04\x00\x03\x00\x06\x05\x07\x00\x04\x00"
  "\x03\x00\x06\x05\x08\x00\x04\x00\x03\x00\x06\x05\x09\x00\x04\x00\x03\x00\x06\x05"
  "\x0a\x00\x04\x00\x03\x00\x06\x05\x0b\x00\x04\x00\x03\x00\x06\x05\x0c\x00\x04\x00"
  "\x03\x00\x06\x05\x0d\x00\x04\x00\x03\x00\x06\x05\x0e\x00\x04\x00\x03\x00\x06\x06"
  "\x00\x00\x04\x00\x03\x00\x06\x06\x01\x00\x04\x00\x03\x00\x06\x06\x02\x00\x04\x00"
  "\x03\x00\x06\x06\x03\x00\x04\x00\x03\x00\x06\x06\x04\x00\x04\x00\x03\x00\x06\x06"
  "\x05\x00\x04\x00\x03\x00\x06\x06\x06\x00\x04\x00\x03\x00\x06\x06\x07\x00\x04\x00"
  "\x03\x00\x06\x06\x08\x00\x04\x00\x03\x00\x06\x06\x09\x00\x04\x00\x03\x00\x06\x06"
  "\x0a\x00\x04\x00\x03\x00\x06\x06\x0b\x00\x04\x00\x03\x00\x06\x06\x0c\x00\x04\x00"
  "\x03\x00\x06\x06\x0d\x00\x04\x00\x03\x00\x06\x06\x0e\x00\x04\x00\x03\x00\x06\x07"
  "\x00\x00\x06\x00\x03\x00\x06\x07\x01\x00\x06\x00\x03\x00\x06\x07\x02\x00\x06\x00"
  "\x03\x00\x06\x07\x03\x00\x06\x00\x03\x00\x06\x07\x04\x00\x06\x00\x03\x00\x06\x07"
  "\x05\x00\x06\x00\x03\x00\x06\x07\x06\x00\x06\x00\x03\x00\x06\x07\x07\x00\x06\x00"
  "\x03\x00\x06\x07\x08\x00\x06\x00\x03\x00\x06\x07\x09\x00\x06\x00\x03\x00\x06\x07"
  "\x0a\x00\x06\x00\x03\x00\x06\x07\x0b\x00\x06\x00\x03\x00\x06\x07\x0c\x00\x06\x00"
  "\x03\x00\x06\x07\x0d\x00\x06\x00\x03\x00\x06\x07\x0e\x00\x06\x00\x03\x00\x06\x08"
  "\x00\x00\x0f\x00\x03\x00\x06\x08\x01\x00\x03\x00\x03\x00\x06\x08\x02\x00\x03\x00"
  "\x03\x00\x06\x08\x03\x00\x03\x00\x03\x00\x06\x08\x04\x00\x03\x00\x03\x00\x06\x08"
  "\x05\x00\x03\x00\x03\x00\x06\x08\x06\x00\x03\x00\x03\x00\x06\x08\x07\x00\x07\x00"
  "\x03\x00\x06\x08\x08\x00\x08\x00\x03\x00\x06\x08\x09\x00\x0f\x00\x03\x00\x06\x08"
  "\x0a\x00\x0f\x00\x03\x00\x06\x08\x0b\x00\x0f\x00\x03\x00\x06\x08\x0c\x00\x0f\x00"
  "\x03\x00\x06\x08\x0d\x00\x0f\x00\x03\x00\x06\x08\x0e\x00\x0f\x00\x03\x00\x06\x09"
  "\x00\x00\x0f\x00\x03\x00\x06\x09\x01\x00\x0f\x00\x03\x00\x06\x09\x02\x00\x0f\x00"
  "\x03\x00\x06\x09\x03\x00\x0f\x00\x03\x00\x06\x09\x04\x00\x0f\x00\x03\x00\x06\x09"
  "\x05\x00\x0f\x00\x03\x00\x06\x09\x06\x00\x0f\x00\x03\x00\x06\x09\x07\x00\x0f\x00"
  "\x03\x00\x06\x09\x08\x00\x0f\x00\x03\x00\x06\x09\x09\x00\x0f\x00\x03\x00\x06\x09"
  "\x0a\x00\x0f\x00\x03\x00\x06\x09\x0b\x00\x0f\x00\x03\x00\x06\x09\x0c\x00\x0f\x00"
  "\x03\x00\x06\x09\x0d\x00\x0f\x00\x03\x00\x06\x09\x0e\x00\x0f\x00\x03\x00\x06\x0a"
  "\x00\x00\x0f\x00\x03\x00\x06\x0a\x01\x00\x0f\x00\x03\x00\x06\x0a\x02\x00\x0f\x00"
  "\x03\x00\x06\x0a\x03\x00\x0f\x00\x03\x00\x06\x0a\x04\x00\x0f\x00\x03\x00\x06\x0a"
  "\x05\x00\x0f\x00\x03\x00\x06\x0a\x06\x00\x0f\x00\x03\x00\x06\x0a\x07\x00\x0f\x00"
  "\x03\x00\x06\x0a\x08\x00\x0f\x00\x03\x00\x06\x0a\x09\x00\x0f\x00\x03\x00\x06\x0a"
  "\x0a\x00\x0f\x00\x03\x00\x06\x0a\x0b\x00\x0f\x00\x03\x00\x06\x0a\x0c\x00\x0f\x00"
  "\x03\x00\x06\x0a\x0d\x00\x0f\x00\x03\x00\x06\x0a\x0e\x00\x0f\x00\x03\x00\x06\x0b"
  "\x00\x00\x0f\x00\x03\x00\x06\x0b\x01\x00\x0f\x00\x03\x00\x06\x0b\x02\x00\x0f\x00"
  "\x03\x00\x06\x0b\x03\x00\x0f\x00\x03\x00\x06\x0b\x04\x00\x0f\x00\x03\x00\x06\x0b"
  "\x05\x00\x0f\x00\x03\x00\x06\x0b\x06\x00\x0f\x00\x03\x00\x06\x0b\x07\x00\x0f\x00"
  "\x03\x00\x06\x0b\x08\x00\x0f\x00\x03\x00\x06\x0b\x09\x00\x0f\x00\x03\x00\x06\x0b"
  "\x0a\x00\x0f\x00\x03\x00\x06\x0b\x0b\x00\x0f\x00\x03\x00\x06\x0b\x0c\x00\x0f\x00"
  "\x03\x00\x06\x0b\x0d\x00\x0f\x00\x03\x00\x06\x0b\x0e\x00\x0f\x00\x03\x00\x06\x0c"
  "\x00\x00\x04\x00\x03\x00\x06\x0c\x01\x00\x04\x00\x03\x00\x06\x0c\x02\x00\x04\x00"
  "\x03\x00\x06\x0c\x03\x00\x04\x00\x03\x00\x06\x0c\x04\x00\x04\x00\x03\x00\x06\x0c"
  "\x05\x00\x04\x00\x03\x00\x06\x0c\x06\x00\x04\x00\x03\x00\x06\x0c\x07\x00\x04\x00"
  "\x03\x00\x06\x0c\x08\x00\x04\x00\x03\x00\x06\x0c\x09\x00\x04\x00\x03\x00\x06\x0c"
  "\x0a\x00\x04\x00\x03\x00\x06\x0c\x0b\x00\x04\x00\x03\x00\x06\x0c\x0c\x00\x04\x00"
  "\x03\x00\x06\x0c\x0d\x00\x04\x00\x03\x00\x06\x0c\x0e\x00\x04\x00\x03\x00\x06\x0d"
  "\x00\x00\x00\x00\x03\x00\x06\x0d\x01\x00\x01\x00\x03\x00\x06\x0d\x02\x00\x02\x00"
  "\x03\x00\x06\x0d\x03\x00\x03\x00\x03\x00\x06\x0d\x04\x00\x04\x00\x03\x00\x06\x0d"
  "\x05\x00\x05\x00\x03\x00\x06\x0d\x06\x00\x06\x00\x03\x00\x06\x0d\x07\x00\x07\x00"
  "\x03\x00\x06\x0d\x08\x00\x08\x00\x03\x00\x06\x0d\x09\x00\x09\x00\x03\x00\x06\x0d"
  "\x0a\x00\x0a\x00\x03\x00\x06\x0d\x0b\x00\x0b\x00\x03\x00\x06\x0d\x0c\x00\x0c\x00"
  "\x03\x00\x06\x0d\x0d\x00\x0d\x00\x03\x00\x06\x0d\x0e\x00\x0e\x00\x03\x00\x06\x0e"
  "\x00\x00\x0f\x00\x03\x00\x06\x0e\x01\x00\x0f\x00\x03\x00\x06\x0e\x02\x00\x0f\x00"
  "\x03\x00\x06\x0e\x03\x00\x0f\x00\x03\x00\x06\x0e\x04\x00\x0f\x00\x03\x00\x06\x0e"
  "\x05\x00\x0f\x00\x03\x00\x06\x0e\x06\x00\x0f\x00\x03\x00\x06\x0e\x07\x00\x0f\x00"
  "\x03\x00\x06\x0e\x08\x00\x0f\x00\x03\x00\x06\x0e\x09\x00\x0f\x00\x03\x00\x06\x0e"
  "\x0a\x00\x0f\x00\x03\x00\x06\x0e\x0b\x00\x0f\x00\x03\x00\x06\x0e\x0c\x00\x0f\x00"
  "\x03\x00\x06\x0e\x0d\x00\x0f\x00\x03\x00\x06\x0e\x0e\x00\x0f\x00\x03\x00\x06\x0f"
  "\x00\x00\x0f\x00\x03\x00\x06\x0f\x01\x00\x03\x00\x03\x00\x06\x0f\x02\x00\x03\x00"
  "\x03\x00\x06\x0f\x03\x00\x03\x00\x03\x00\x06\x0f\x04\x00\x03\x00\x03\x00\x06\x0f"
  "\x05\x00\x03\x00\x03\x00\x06\x0f\x06\x00\x03\x00\x03\x00\x06\x0f\x07\x00\x07\x00"
  "\x03\x00\x06\x0f\x08\x00\x08\x00\x03\x00\x06\x0f\x09\x00\x0f\x00\x03\x00\x06\x0f"
  "\x0a\x00\x0f\x00\x03\x00\x06\x0f\x0b\x00\x0f\x00\x03\x00\x06\x0f\x0c\x00\x0f\x00"
  "\x03\x00\x06\x0f\x0d\x00\x0f\x00\x03\x00\x06\x0f\x0e\x00\x0f\x00\x03\x00\x06\x10"
  "\x00\x00\x0f\x00\x03\x00\x06\x10\x01\x00\x03\x00\x03\x00\x06\x10\x02\x00\x03\x00"
  "\x03\x00\x06\x10\x03\x00\x03\x00\x03\x00\x06\x10\x04\x00\x03\x00\x03\x00\x06\x10"
  "\x05\x00\x03\x00\x03\x00\x06\x10\x06\x00\x03\x00\x03\x00\x06\x10\x07\x00\x07\x00"
  "\x03\x00\x06\x10\x08\x00\x08\x00\x03\x00\x06\x10\x09\x00\x0f\x00\x03\x00\x06\x10"
  "\x0a\x00\x0f\x00\x03\x00\x06\x10\x0b\x00\x0f\x00\x03\x00\x06\x10\x0c\x00\x0f\x00"
  "\x03\x00\x06\x10\x0d\x00\x0f\x00\x03\x00\x06\x10\x0e\x00\x0f\x00\x03\x00\x06\x11"
  "\x00\x00\x0f\x00\x03\x00\x06\x11\x01\x00\x03\x00\x03\x00\x06\x11\x02\x00\x03\x00"
  "\x03\x00\x06\x11\x03\x00\x03\x00\x03\x00\x06\x11\x04\x00\x03\x00\x03\x00\x06\x11"
  "\x05\x00\x03\x00\x03\x00\x06\x11\x06\x00\x03\x00\x03\x00\x06\x11\x07\x00\x03\x00"
  "\x03\x00\x06\x11\x08\x00\x03\x00\x03\x00\x06\x11\x09\x00\x0f\x00\x03\x00\x06\x11"
  "\x0a\x00\x0f\x00\x03\x00\x06\x11\x0b\x00\x0f\x00\x03\x00\x06\x11\x0c\x00\x0f\x00"
  "\x03\x00\x06\x11\x0d\x00\x0f\x00\x03\x00\x06\x11\x0e\x00\x0f\x00\x03\x00\x06\x12"
  "\x00\x00\x0f\x00\x03\x00\x06\x12\x01\x00\x03\x00\x03\x00\x06\x12\x02\x00\x03\x00"
  "\x03\x00\x06\x12\x03\x00\x03\x00\x03\x00\x06\x12\x04\x00\x03\x00\x03\x00\x06\x12"
  "\x05\x00\x03\x00\x03\x00\x06\x12\x06\x00\x03\x00\x03\x00\x06\x12\x07\x00\x03\x00"
  "\x03\x00\x06\x12\x08\x00\x03\x00\x03\x00\x06\x12\x09\x00\x0f\x00\x03\x00\x06\x12"
  "\x0a\x00\x0f\x00\x03\x00\x06\x12\x0b\x00\x0f\x00\x03\x00\x06\x12\x0c\x00\x0f\x00"
  "\x03\x00\x06\x12\x0d\x00\x0f\x00\x03\x00\x06\x12\x0e\x00\x0f\x00\x03\x00\x07\x00"
  "\x00\x00\x0f\x00\x03\x00\x07\x00\x01\x00\x07\x00\x03\x00\x07\x00\x02\x00\x07\x00"
  "\x03\x00\x07\x00\x03\x00\x07\x00\x03\x00\x07\x00\x04\x00\x04\x00\x03\x00\x07\x00"
  "\x05\x00\x07\x00\x03\x00\x07\x00\x06\x00\x07\x00\x03\x00\x07\x00\x07\x00\x07\x00"
  "\x03\x00\x07\x00\x08\x00\x08\x00\x03\x00\x07\x00\x09\x00\x09\x00\x03\x00\x07\x00"
  "\x0a\x00\x09\x00\x03\x00\x07\x00\x0b\x00\x0f\x00\x03\x00\x07\x00\x0c\x00\x0f\x00"
  "\x03\x00\x07\x00\x0d\x00\x0d\x00\x03\x00\x07\x00\x0e\x00\x0e\x00\x03\x00\x07\x01"
  "\x00\x00\x0f\x00\x03\x00\x07\x01\x01\x00\x07\x00\x03\x00\x07\x01\x02\x00\x07\x00"
  "\x03\x00\x07\x01\x03\x00\x07\x00\x03\x00\x07\x01\x04\x00\x04\x00\x03\x00\x07\x01"
  "\x05\x00\x07\x00\x03\x00\x07\x01\x06\x00\x07\x00\x03\x00\x07\x01\x07\x00\x07\x00"
  "\x03\x00\x07\x01\x08\x00\x08\x00\x03\x00\x07\x01\x09\x00\x0f\x00\x03\x00\x07\x01"
  "\x0a\x00\x0f\x00\x03\x00\x07\x01\x0b\x00\x0f\x00\x03\x00\x07\x01\x0c\x00\x0f\x00"
  "\x03\x00\x07\x01\x0d\x00\x0d\x00\x03\x00\x07\x01\x0e\x00\x0e\x00\x03\x00\x07\x02"
  "\x00\x00\x0f\x00\x03\x00\x07\x02\x01\x00\x07\x00\x03\x00\x07\x02\x02\x00\x07\x00"
  "\x03\x00\x07\x02\x03\x00\x07\x00\x03\x00\x07\x02\x04\x00\x04\x00\x03\x00\x07\x02"
  "\x05\x00\x07\x00\x03\x00\x07\x02\x06\x00\x07\x00\x03\x00\x07\x02\x07\x00\x07\x00"
  "\x03\x00\x07\x02\x08\x00\x08\x00\x03\x00\x07\x02\x09\x00\x0f\x00\x03\x00\x07\x02"
  "\x0a\x00\x0f\x00\x03\x00\x07\x02\x0b\x00\x0f\x00\x03\x00\x07\x02\x0c\x00\x0f\x00"
  "\x03\x00\x07\x02\x0d\x00\x0d\x00\x03\x00\x07\x02\x0e\x00\x0e\x00\x03\x00\x07\x03"
  "\x00\x00\x0f\x00\x03\x00\x07\x03\x01\x00\x07\x00\x03\x00\x07\x03\x02\x00\x07\x00"
  "\x03\x00\x07\x03\x03\x00\x07\x00\x03\x00\x07\x03\x04\x00\x04\x00\x03\x00\x07\x03"
  "\x05\x00\x07\x00\x03\x00\x07\x03\x06\x00\x07\x00\x03\x00\x07\x03\x07\x00\x07\x00"
  "\x03\x00\x07\x03\x08\x00\x08\x00\x03\x00\x07\x03\x09\x00\x0f\x00\x03\x00\x07\x03"
  "\x0a\x00\x0f\x00\x03\x00\x07\x03\x0b\x00\x0f\x00\x03\x00\x07\x03\x0c\x00\x0f\x00"
  "\x03\x00\x07\x03\x0d\x00\x0d\x00\x03\x00\x07\x03\x0e\x00\x0e\x00\x03\x00\x07\x04"
  "\x00\x00\x0f\x00\x03\x00\x07\x04\x01\x00\x07\x00\x03\x00\x07\x04\x02\x00\x07\x00"
  "\x03\x00\x07\x04\x03\x00\x07\x00\x03\x00\x07\x04\x04\x00\x04\x00\x03\x00\x07\x04"
  "\x05\x00\x07\x00\x03\x00\x07\x04\x06\x00\x07\x00\x03\x00\x07\x04\x07\x00\x07\x00"
  "\x03\x00\x07\x04\x08\x00\x08\x00\x03\x00\x07\x04\x09\x00\x0f\x00\x03\x00\x07\x04"
  "\x0a\x00\x0f\x00\x03\x00\x07\x04\x0b\x00\x0f\x00\x03\x00\x07\x04\x0c\x00\x0f\x00"
  "\x03\x00\x07\x04\x0d\x00\x0f\x00\x03\x00\x07\x04\x0e\x00\x0f\x00\x03\x00\x07\x05"
  "\x00\x00\x04\x00\x03\x00\x07\x05\x01\x00\x04\x00\x03\x00\x07\x05\x02\x00\x04\x00"
  "\x03\x00\x07\x05\x03\x00\x04\x00\x03\x00\x07\x05\x04\x00\x04\x00\x03\x00\x07\x05"
  "\x05\x00\x04\x00\x03\x00\x07\x05\x06\x00\x04\x00\x03\x00\x07\x05\x07\x00\x04\x00"
  "\x03\x00\x07\x05\x08\x00\x04\x00\x03\x00\x07\x05\x09\x00\x04\x00\x03\x00\x07\x05"
  "\x0a\x00\x04\x00\x03\x00\x07\x05\x0b\x00\x04\x00\x03\x00\x07\x05\x0c\x00\x04\x00"
  "\x03\x00\x07\x05\x0d\x00\x04\x00\x03\x00\x07\x05\x0e\x00\x04\x00\x03\x00\x07\x06"
  "\x00\x00\x04\x00\x03\x00\x07\x06\x01\x00\x04\x00\x03\x00\x07\x06\x02\x00\x04\x00"
  "\x03\x00\x07\x06\x03\x00\x04\x00\x03\x00\x07\x06\x04\x00\x04\x00\x03\x00\x07\x06"
  "\x05\x00\x04\x00\x03\x00\x07\x06\x06\x00\x04\x00\x03\x00\x07\x06\x07\x00\x04\x00"
  "\x03\x00\x07\x06\x08\x00\x04\x00\x03\x00\x07\x06\x09\x00\x04\x00\x03\x00\x07\x06"
  "\x0a\x00\x04\x00\x03\x00\x07\x06\x0b\x00\x04\x00\x03\x00\x07\x06\x0c\x00\x04\x00"
  "\x03\x00\x07\x06\x0d\x00\x04\x00\x03\x00\x07\x06\x0e\x00\x04\x00\x03\x00\x07\x07"
  "\x00\x00\x07\x00\x03\x00\x07\x07\x01\x00\x07\x00\x03\x00\x07\x07\x02\x00\x07\x00"
  "\x03\x00\x07\x07\x03\x00\x07\x00\x03\x00\x07\x07\x04\x00\x07\x00\x03\x00\x07\x07"
  "\x05\x00\x07\x00\x03\x00\x07\x07\x06\x00\x07\x00\x03\x00\x07\x07\x07\x00\x07\x00"
  "\x03\x00\x07\x07\x08\x00\x07\x00\x03\x00\x07\x07\x09\x00\x07\x00\x03\x00\x07\x07"
  "\x0a\x00\x07\x00\x03\x00\x07\x07\x0b\x00\x07\x00\x03\x00\x07\x07\x0c\x00\x07\x00"
  "\x03\x00\x07\x07\x0d\x00\x07\x00\x03\x00\x07\x07\x0e\x00\x07\x00\x03\x00\x07\x08"
  "\x00\x00\x0f\x00\x03\x00\x07\x08\x01\x00\x07\x00\x03\x00\x07\x08\x02\x00\x07\x00"
  "\x03\x00\x07\x08\x03\x00\x07\x00\x03\x00\x07\x08\x04\x00\x04\x00\x03\x00\x07\x08"
  "\x05\x00\x07\x00\x03\x00\x07\x08\x06\x00\x07\x00\x03\x00\x07\x08\x07\x00\x07\x00"
  "\x03\x00\x07\x08\x08\x00\x08\x00\x03\x00\x07\x08\x09\x00\x0f\x00\x03\x00\x07\x08"
  "\x0a\x00\x0f\x00\x03\x00\x07\x08\x0b\x00\x0f\x00\x03\x00\x07\x08\x0c\x00\x0f\x00"
  "\x03\x00\x07\x08\x0d\x00\x0f\x00\x03\x00\x07\x08\x0e\x00\x0f\x00\x03\x00\x07\x09"
  "\x00\x00\x0f\x00\x03\x00\x07\x09\x01\x00\x0f\x00\x03\x00\x07\x09\x02\x00\x0f\x00"
  "\x03\x00\x07\x09\x03\x00\x0f\x00\x03\x00\x07\x09\x04\x00\x0f\x00\x03\x00\x07\x09"
  "\x05\x00\x0f\x00\x03\x00\x07\x09\x06\x00\x0f\x00\x03\x00\x07\x09\x07\x00\x0f\x00"
  "\x03\x00\x07\x09\x08\x00\x0f\x00\x03\x00\x07\x09\x09\x00\x0f\x00\x03\x00\x07\x09"
  "\x0a\x00\x0f\x00\x03\x00\x07\x09\x0b\x00\x0f\x00\x03\x00\x07\x09\x0c\x00\x0f\x00"
  "\x03\x00\x07\x09\x0d\x00\x0f\x00\x03\x00\x07\x09\x0e\x00\x0f\x00\x03\x00\x07\x0a"
  "\x00\x00\x0f\x00\x03\x00\x07\x0a\x01\x00\x0f\x00\x03\x00\x07\x0a\x02\x00\x0f\x00"
  "\x03\x00\x07\x0a\x03\x00\x0f\x00\x03\x00\x07\x0a\x04\x00\x0f\x00\x03\x00\x07\x0a"
  "\x05\x00\x0f\x00\x03\x00\x07\x0a\x06\x00\x0f\x00\x03\x00\x07\x0a\x07\x00\x0f\x00"
  "\x03\x00\x07\x0a\x08\x00\x0f\x00\x03\x00\x07\x0a\x09\x00\x0f\x00\x03\x00\x07\x0a"
  "\x0a\x00\x0f\x00\x03\x00\x07\x0a\x0b\x00\x0f\x00\x03\x00\x07\x0a\x0c\x00\x0f\x00"
  "\x03\x00\x07\x0a\x0d\x00\x0f\x00\x03\x00\x07\x0a\x0e\x00\x0f\x00\x03\x00\x07\x0b"
  "\x00\x00\x0f\x00\x03\x00\x07\x0b\x01\x00\x0f\x00\x03\x00\x07\x0b\x02\x00\x0f\x00"
  "\x03\x00\x07\x0b\x03\x00\x0f\x00\x03\x00\x07\x0b\x04\x00\x0f\x00\x03\x00\x07\x0b"
  "\x05\x00\x0f\x00\x03\x00\x07\x0b\x06\x00\x0f\x00\x03\x00\x07\x0b\x07\x00\x0f\x00"
  "\x03\x00\x07\x0b\x08\x00\x0f\x00\x03\x00\x07\x0b\x09\x00\x0f\x00\x03\x00\x07\x0b"
  "\x0a\x00\x0f\x00\x03\x00\x07\x0b\x0b\x00\x0f\x00\x03\x00\x07\x0b\x0c\x00\x0f\x00"
  "\x03\x00\x07\x0b\x0d\x00\x0f\x00\x03\x00\x07\x0b\x0e\x00\x0f\x00\x03\x00\x07\x0c"
  "\x00\x00\x04\x00\x03\x00\x07\x0c\x01\x00\x04\x00\x03\x00\x07\x0c\x02\x00\x04\x00"
  "\x03\x00\x07\x0c\x03\x00\x04\x00\x03\x00\x07\x0c\x04\x00\x04\x00\x03\x00\x07\x0c"
  "\x05\x00\x04\x00\x03\x00\x07\x0c\x06\x00\x04\x00\x03\x00\x07\x0c\x07\x00\x04\x00"
  "\x03\x00\x07\x0c\x08\x00\x04\x00\x03\x00\x07\x0c\x09\x00\x04\x00\x03\x00\x07\x0c"
  "\x0a\x00\x04\x00\x03\x00\x07\x0c\x0b\x00\x04\x00\x03\x00\x07\x0c\x0c\x00\x04\x00"
  "\x03\x00\x07\x0c\x0d\x00\x04\x00\x03\x00\x07\x0c\x0e\x00\x04\x00\x03\x00\x07\x0d"
  "\x00\x00\x00\x00\x03\x00\x07\x0d\x01\x00\x01\x00\x03\x00\x07\x0d\x02\x00\x02\x00"
  "\x03\x00\x07\x0d\x03\x00\x03\x00\x03\x00\x07\x0d\x04\x00\x04\x00\x03\x00\x07\x0d"
  "\x05\x00\x05\x00\x03\x00\x07\x0d\x06\x00\x06\x00\x03\x00\x07\x0d\x07\x00\x07\x00"
  "\x03\x00\x07\x0d\x08\x00\x08\x00\x03\x00\x07\x0d\x09\x00\x09\x00\x03\x00\x07\x0d"
  "\x0a\x00\x0a\x00\x03\x00\x07\x0d\x0b\x00\x0b\x00\x03\x00\x07\x0d\x0c\x00\x0c\x00"
  "\x03\x00\x07\x0d\x0d\x00\x0d\x00\x03\x00\x07\x0d\x0e\x00\x0e\x00\x03\x00\x07\x0e"
  "\x00\x00\x0f\x00\x03\x00\x07\x0e\x01\x00\x0f\x00\x03\x00\x07\x0e\x02\x00\x0f\x00"
  "\x03\x00\x07\x0e\x03\x00\x0f\x00\x03\x00\x07\x0e\x04\x00\x0f\x00\x03\x00\x07\x0e"
  "\x05\x00\x0f\x00\x03\x00\x07\x0e\x06\x00\x0f\x00\x03\x00\x07\x0e\x07\x00\x0f\x00"
  "\x03\x00\x07\x0e\x08\x00\x0f\x00\x03\x00\x07\x0e\x09\x00\x0f\x00\x03\x00\x07\x0e"
  "\x0a\x00\x0f\x00\x03\x00\x07\x0e\x0b\x00\x0f\x00\x03\x00\x07\x0e\x0c\x00\x0f\x00"
  "\x03\x00\x07\x0e\x0d\x00\x0f\x00\x03\x00\x07\x0e\x0e\x00\x0f\x00\x03\x00\x07\x0f"
  "\x00\x00\x0f\x00\x03\x00\x07\x0f\x01\x00\x07\x00\x03\x00\x07\x0f\x02\x00\x07\x00"
  "\x03\x00\x07\x0f\x03\x00\x07\x00\x03\x00\x07\x0f\x04\x00\x04\x00\x03\x00\x07\x0f"
  "\x05\x00\x07\x00\x03\x00\x07\x0f\x06\x00\x07\x00\x03\x00\x07\x0f\x07\x00\x07\x00"
  "\x03\x00\x07\x0f\x08\x00\x08\x00\x03\x00\x07\x0f\x09\x00\x0f\x00\x03\x00\x07\x0f"
  "\x0a\x00\x0f\x00\x03\x00\x07\x0f\x0b\x00\x0f\x00\x03\x00\x07\x0f\x0c\x00\x0f\x00"
  "\x03\x00\x07\x0f\x0d\x00\x0f\x00\x03\x00\x07\x0f\x0e\x00\x0f\x00\x03\x00\x07\x10"
  "\x00\x00\x0f\x00\x03\x00\x07\x10\x01\x00\x07\x00\x03\x00\x07\x10\x02\x00\x07\x00"
  "\x03\x00\x07\x10\x03\x00\x07\x00\x03\x00\x07\x10\x04\x00\x04\x00\x03\x00\x07\x10"
  "\x05\x00\x07\x00\x03\x00\x07\x10\x06\x00\x07\x00\x03\x00\x07\x10\x07\x00\x07\x00"
  "\x03\x00\x07\x10\x08\x00\x08\x00\x03\x00\x07\x10\x09\x00\x0f\x00\x03\x00\x07\x10"
  "\x0a\x00\x0f\x00\x03\x00\x07\x10\x0b\x00\x0f\x00\x03\x00\x07\x10\x0c\x00\x0f\x00"
  "\x03\x00\x07\x10\x0d\x00\x0f\x00\x03\x00\x07\x10\x0e\x00\x0f\x00\x03\x00\x07\x11"
  "\x00\x00\x0f\x00\x03\x00\x07\x11\x01\x00\x07\x00\x03\x00\x07\x11\x02\x00\x07\x00"
  "\x03\x00\x07\x11\x03\x00\x07\x00\x03\x00\x07\x11\x04\x00\x07\x00\x03\x00\x07\x11"
  "\x05\x00\x07\x00\x03\x00\x07\x11\x06\x00\x07\x00\x03\x00\x07\x11\x07\x00\x07\x00"
  "\x03\x00\x07\x11\x08\x00\x07\x00\x03\x00\x07\x11\x09\x00\x0f\x00\x03\x00\x07\x11"
  "\x0a\x00\x0f\x00\x03\x00\x07\x11\x0b\x00\x0f\x00\x03\x00\x07\x11\x0c\x00\x0f\x00"
  "\x03\x00\x07\x11\x0d\x00\x0f\x00\x03\x00\x07\x11\x0e\x00\x0f\x00\x03\x00\x07\x12"
  "\x00\x00\x0f\x00\x03\x00\x07\x12\x01\x00\x07\x00\x03\x00\x07\x12\x02\x00\x07\x00"
  "\x03\x00\x07\x12\x03\x00\x07\x00\x03\x00\x07\x12\x04\x00\x07\x00\x03\x00\x07\x12"
  "\x05\x00\x07\x00\x03\x00\x07\x12\x06\x00\x07\x00\x03\x00\x07\x12\x07\x00\x07\x00"
  "\x03\x00\x07\x12\x08\x00\x07\x00\x03\x00\x07\x12\x09\x00\x0f\x00\x03\x00\x07\x12"
  "\x0a\x00\x0f\x00\x03\x00\x07\x12\x0b\x00\x0f\x00\x03\x00\x07\x12\x0c\x00\x0f\x00"
  "\x03\x00\x07\x12\x0d\x00\x0f\x00\x03\x00\x07\x12\x0e\x00\x0f\x00\x03\x00\x08\x00"
  "\x00\x00\x0f\x00\x03\x00\x08\x00\x01\x00\x08\x00\x03\x00\x08\x00\x02\x00\x08\x00"
  "\x03\x00\x08\x00\x03\x00\x08\x00\x03\x00\x08\x00\x04\x00\x08\x00\x03\x00\x08\x00"
  "\x05\x00\x08\x00\x03\x00\x08\x00\x06\x00\x08\x00\x03\x00\x08\x00\x07\x00\x08\x00"
  "\x03\x00\x08\x00\x08\x00\x08\x00\x03\x00\x08\x00\x09\x00\x09\x00\x03\x00\x08\x00"
  "\x0a\x00\x09\x00\x03\x00\x08\x00\x0b\x00\x0f\x00\x03\x00\x08\x00\x0c\x00\x0f\x00"
  "\x03\x00\x08\x00\x0d\x00\x0d\x00\x03\x00\x08\x00\x0e\x00\x0e\x00\x03\x00\x08\x01"
  "\x00\x00\x0f\x00\x03\x00\x08\x01\x01\x00\x08\x00\x03\x00\x08\x01\x02\x00\x08\x00"
  "\x03\x00\x08\x01\x03\x00\x08\x00\x03\x00\x08\x01\x04\x00\x08\x00\x03\x00\x08\x01"
  "\x05\x00\x08\x00\x03\x00\x08\x01\x06\x00\x08\x00\x03\x00\x08\x01\x07\x00\x08\x00"
  "\x03\x00\x08\x01\x08\x00\x08\x00\x03\x00\x08\x01\x09\x00\x0f\x00\x03\x00\x08\x01"
  "\x0a\x00\x0f\x00\x03\x00\x08\x01\x0b\x00\x0f\x00\x03\x00\x08\x01\x0c\x00\x0f\x00"
  "\x03\x00\x08\x01\x0d\x00\x0d\x00\x03\x00\x08\x01\x0e\x00\x0e\x00\x03\x00\x08\x02"
  "\x00\x00\x0f\x00\x03\x00\x08\x02\x01\x00\x08\x00\x03\x00\x08\x02\x02\x00\x08\x00"
  "\x03\x00\x08\x02\x03\x00\x08\x00\x03\x00\x08\x02\x04\x00\x08\x00\x03\x00\x08\x02"
  "\x05\x00\x08\x00\x03\x00\x08\x02\x06\x00\x08\x00\x03\x00\x08\x02\x07\x00\x08\x00"
  "\x03\x00\x08\x02\x08\x00\x08\x00\x03\x00\x08\x02\x09\x00\x0f\x00\x03\x00\x08\x02"
  "\x0a\x00\x0f\x00\x03\x00\x08\x02\x0b\x00\x0f\x00\x03\x00\x08\x02\x0c\x00\x0f\x00"
  "\x03\x00\x08\x02\x0d\x00\x0d\x00\x03\x00\x08\x02\x0e\x00\x0e\x00\x03\x00\x08\x03"
  "\x00\x00\x0f\x00\x03\x00\x08\x03\x01\x00\x08\x00\x03\x00\x08\x03\x02\x00\x08\x00"
  "\x03\x00\x08\x03\x03\x00\x08\x00\x03\x00\x08\x03\x04\x00\x08\x00\x03\x00\x08\x03"
  "\x05\x00\x08\x00\x03\x00\x08\x03\x06\x00\x08\x00\x03\x00\x08\x03\x07\x00\x08\x00"
  "\x03\x00\x08\x03\x08\x00\x08\x00\x03\x00\x08\x03\x09\x00\x0f\x00\x03\x00\x08\x03"
  "\x0a\x00\x0f\x00\x03\x00\x08\x03\x0b\x00\x0f\x00\x03\x00\x08\x03\x0c\x00\x0f\x00"
  "\x03\x00\x08\x03\x0d\x00\x0d\x00\x03\x00\x08\x03\x0e\x00\x0e\x00\x03\x00\x08\x04"
  "\x00\x00\x0f\x00\x03\x00\x08\x04\x01\x00\x08\x00\x03\x00\x08\x04\x02\x00\x08\x00"
  "\x03\x00\x08\x04\x03\x00\x08\x00\x03\x00\x08\x04\x04\x00\x08\x00\x03\x00\x08\x04"
  "\x05\x00\x08\x00\x03\x00\x08\x04\x06\x00\x08\x00\x03\x00\x08\x04\x07\x00\x08\x00"
  "\x03\x00\x08\x04\x08\x00\x08\x00\x03\x00\x08\x04\x09\x00\x0f\x00\x03\x00\x08\x04"
  "\x0a\x00\x0f\x00\x03\x00\x08\x04\x0b\x00\x0f\x00\x03\x00\x08\x04\x0c\x00\x0f\x00"
  "\x03\x00\x08\x04\x0d\x00\x0f\x00\x03\x00\x08\x04\x0e\x00\x0f\x00\x03\x00\x08\x05"
  "\x00\x00\x04\x00\x03\x00\x08\x05\x01\x00\x04\x00\x03\x00\x08\x05\x02\x00\x04\x00"
  "\x03\x00\x08\x05\x03\x00\x04\x00\x03\x00\x08\x05\x04\x00\x04\x00\x03\x00\x08\x05"
  "\x05\x00\x04\x00\x03\x00\x08\x05\x06\x00\x04\x00\x03\x00\x08\x05\x07\x00\x04\x00"
  "\x03\x00\x08\x05\x08\x00\x04\x00\x03\x00\x08\x05\x09\x00\x04\x00\x03\x00\x08\x05"
  "\x0a\x00\x04\x00\x03\x00\x08\x05\x0b\x00\x04\x00\x03\x00\x08\x05\x0c\x00\x04\x00"
  "\x03\x00\x08\x05\x0d\x00\x04\x00\x03\x00\x08\x05\x0e\x00\x04\x00\x03\x00\x08\x06"
  "\x00\x00\x04\x00\x03\x00\x08\x06\x01\x00\x04\x00\x03\x00\x08\x06\x02\x00\x04\x00"
  "\x03\x00\x08\x06\x03\x00\x04\x00\x03\x00\x08\x06\x04\x00\x04\x00\x03\x00\x08\x06"
  "\x05\x00\x04\x00\x03\x00\x08\x06\x06\x00\x04\x00\x03\x00\x08\x06\x07\x00\x04\x00"
  "\x03\x00\x08\x06\x08\x00\x04\x00\x03\x00\x08\x06\x09\x00\x04\x00\x03\x00\x08\x06"
  "\x0a\x00\x04\x00\x03\x00\x08\x06\x0b\x00\x04\x00\x03\x00\x08\x06\x0c\x00\x04\x00"
  "\x03\x00\x08\x06\x0d\x00\x04\x00\x03\x00\x08\x06\x0e\x00\x04\x00\x03\x00\x08\x07"
  "\x00\x00\x08\x00\x03\x00\x08\x07\x01\x00\x08\x00\x03\x00\x08\x07\x02\x00\x08\x00"
  "\x03\x00\x08\x07\x03\x00\x08\x00\x03\x00\x08\x07\x04\x00\x08\x00\x03\x00\x08\x07"
  "\x05\x00\x08\x00\x03\x00\x08\x07\x06\x00\x08\x00\x03\x00\x08\x07\x07\x00\x08\x00"
  "\x03\x00\x08\x07\x08\x00\x08\x00\x03\x00\x08\x07\x09\x00\x08\x00\x03\x00\x08\x07"
  "\x0a\x00\x08\x00\x03\x00\x08\x07\x0b\x00\x08\x00\x03\x00\x08\x07\x0c\x00\x08\x00"
  "\x03\x00\x08\x07\x0d\x00\x08\x00\x03\x00\x08\x07\x0e\x00\x08\x00\x03\x00\x08\x08"
  "\x00\x00\x0f\x00\x03\x00\x08\x08\x01\x00\x08\x00\x03\x00\x08\x08\x02\x00\x08\x00"
  "\x03\x00\x08\x08\x03\x00\x08\x00\x03\x00\x08\x08\x04\x00\x08\x00\x03\x00\x08\x08"
  "\x05\x00\x08\x00\x03\x00\x08\x08\x06\x00\x08\x00\x03\x00\x08\x08\x07\x00\x08\x00"
  "\x03\x00\x08\x08\x08\x00\x08\x00\x03\x00\x08\x08\x09\x00\x0f\x00\x03\x00\x08\x08"
  "\x0a\x00\x0f\x00\x03\x00\x08\x08\x0b\x00\x0f\x00\x03\x00\x08\x08\x0c\x00\x0f\x00"
  "\x03\x00\x08\x08\x0d\x00\x0f\x00\x03\x00\x08\x08\x0e\x00\x0f\x00\x03\x00\x08\x09"
  "\x00\x00\x0f\x00\x03\x00\x08\x09\x01\x00\x0f\x00\x03\x00\x08\x09\x02\x00\x0f\x00"
  "\x03\x00\x08\x09\x03\x00\x0f\x00\x03\x00\x08\x09\x04\x00\x0f\x00\x03\x00\x08\x09"
  "\x05\x00\x0f\x00\x03\x00\x08\x09\x06\x00\x0f\x00\x03\x00\x08\x09\x07\x00\x0f\x00"
  "\x03\x00\x08\x09\x08\x00\x0f\x00\x03\x00\x08\x09\x09\x00\x0f\x00\x03\x00\x08\x09"
  "\x0a\x00\x0f\x00\x03\x00\x08\x09\x0b\x00\x0f\x00\x03\x00\x08\x09\x0c\x00\x0f\x00"
  "\x03\x00\x08\x09\x0d\x00\x0f\x00\x03\x00\x08\x09\x0e\x00\x0f\x00\x03\x00\x08\x0a"
  "\x00\x00\x0f\x00\x03\x00\x08\x0a\x01\x00\x0f\x00\x03\x00\x08\x0a\x02\x00\x0f\x00"
  "\x03\x00\x08\x0a\x03\x00\x0f\x00\x03\x00\x08\x0a\x04\x00\x0f\x00\x03\x00\x08\x0a"
  "\x05\x00\x0f\x00\x03\x00\x08\x0a\x06\x00\x0f\x00\x03\x00\x08\x0a\x07\x00\x0f\x00"
  "\x03\x00\x08\x0a\x08\x00\x0f\x00\x03\x00\x08\x0a\x09\x00\x0f\x00\x03\x00\x08\x0a"
  "\x0a\x00\x0f\x00\x03\x00\x08\x0a\x0b\x00\x0f\x00\x03\x00\x08\x0a\x0c\x00\x0f\x00"
  "\x03\x00\x08\x0a\x0d\x00\x0f\x00\x03\x00\x08\x0a\x0e\x00\x0f\x00\x03\x00\x08\x0b"
  "\x00\x00\x0f\x00\x03\x00\x08\x0b\x01\x00\x0f\x00\x03\x00\x08\x0b\x02\x00\x0f\x00"
  "\x03\x00\x08\x0b\x03\x00\x0f\x00\x03\x00\x08\x0b\x04\x00\x0f\x00\x03\x00\x08\x0b"
  "\x05\x00\x0f\x00\x03\x00\x08\x0b\x06\x00\x0f\x00\x03\x00\x08\x0b\x07\x00\x0f\x00"
  "\x03\x00\x08\x0b\x08\x00\x0f\x00\x03\x00\x08\x0b\x09\x00\x0f\x00\x03\x00\x08\x0b"
  "\x0a\x00\x0f\x00\x03\x00\x08\x0b\x0b\x00\x0f\x00\x03\x00\x08\x0b\x0c\x00\x0f\x00"
  "\x03\x00\x08\x0b\x0d\x00\x0f\x00\x03\x00\x08\x0b\x0e\x00\x0f\x00\x03\x00\x08\x0c"
  "\x00\x00\x04\x00\x03\x00\x08\x0c\x01\x00\x04\x00\x03\x00\x08\x0c\x02\x00\x04\x00"
  "\x03\x00\x08\x0c\x03\x00\x04\x00\x03\x00\x08\x0c\x04\x00\x04\x00\x03\x00\x08\x0c"
  "\x05\x00\x04\x00\x03\x00\x08\x0c\x06\x00\x04\x00\x03\x00\x08\x0c\x07\x00\x04\x00"
  "\x03\x00\x08\x0c\x08\x00\x04\x00\x03\x00\x08\x0c\x09\x00\x04\x00\x03\x00\x08\x0c"
  "\x0a\x00\x04\x00\x03\x00\x08\x0c\x0b\x00\x04\x00\x03\x00\x08\x0c\x0c\x00\x04\x00"
  "\x03\x00\x08\x0c\x0d\x00\x04\x00\x03\x00\x08\x0c\x0e\x00\x04\x00\x03\x00\x08\x0d"
  "\x00\x00\x00\x00\x03\x00\x08\x0d\x01\x00\x01\x00\x03\x00\x08\x0d\x02\x00\x02\x00"
  "\x03\x00\x08\x0d\x03\x00\x03\x00\x03\x00\x08\x0d\x04\x00\x04\x00\x03\x00\x08\x0d"
  "\x05\x00\x05\x00\x03\x00\x08\x0d\x06\x00\x06\x00\x03\x00\x08\x0d\x07\x00\x07\x00"
  "\x03\x00\x08\x0d\x08\x00\x08\x00\x03\x00\x08\x0d\x09\x00\x09\x00\x03\x00\x08\x0d"
  "\x0a\x00\x0a\x00\x03\x00\x08\x0d\x0b\x00\x0b\x00\x03\x00\x08\x0d\x0c\x00\x0c\x00"
  "\x03\x00\x08\x0d\x0d\x00\x0d\x00\x03\x00\x08\x0d\x0e\x00\x0e\x00\x03\x00\x08\x0e"
  "\x00\x00\x0f\x00\x03\x00\x08\x0e\x01\x00\x0f\x00\x03\x00\x08\x0e\x02\x00\x0f\x00"
  "\x03\x00\x08\x0e\x03\x00\x0f\x00\x03\x00\x08\x0e\x04\x00\x0f\x00\x03\x00\x08\x0e"
  "\x05\x00\x0f\x00\x03\x00\x08\x0e\x06\x00\x0f\x00\x03\x00\x08\x0e\x07\x00\x0f\x00"
  "\x03\x00\x08\x0e\x08\x00\x0f\x00\x03\x00\x08\x0e\x09\x00\x0f\x00\x03\x00\x08\x0e"
  "\x0a\x00\x0f\x00\x03\x00\x08\x0e\x0b\x00\x0f\x00\x03\x00\x08\x0e\x0c\x00\x0f\x00"
  "\x03\x00\x08\x0e\x0d\x00\x0f\x00\x03\x00\x08\x0e\x0e\x00\x0f\x00\x03\x00\x08\x0f"
  "\x00\x00\x0f\x00\x03\x00\x08\x0f\x01\x00\x08\x00\x03\x00\x08\x0f\x02\x00\x08\x00"
  "\x03\x00\x08\x0f\x03\x00\x08\x00\x03\x00\x08\x0f\x04\x00\x08\x00\x03\x00\x08\x0f"
  "\x05\x00\x08\x00\x03\x00\x08\x0f\x06\x00\x08\x00\x03\x00\x08\x0f\x07\x00\x08\x00"
  "\x03\x00\x08\x0f\x08\x00\x08\x00\x03\x00\x08\x0f\x09\x00\x0f\x00\x03\x00\x08\x0f"
  "\x0a\x00\x0f\x00\x03\x00\x08\x0f\x0b\x00\x0f\x00\x03\x00\x08\x0f\x0c\x00\x0f\x00"
  "\x03\x00\x08\x0f\x0d\x00\x0f\x00\x03\x00\x08\x0f\x0e\x00\x0f\x00\x03\x00\x08\x10"
  "\x00\x00\x0f\x00\x03\x00\x08\x10\x01\x00\x08\x00\x03\x00\x08\x10\x02\x00\x08\x00"
  "\x03\x00\x08\x10\x03\x00\x08\x00\x03\x00\x08\x10\x04\x00\x08\x00\x03\x00\x08\x10"
  "\x05\x00\x08\x00\x03\x00\x08\x10\x06\x00\x08\x00\x03\x00\x08\x10\x07\x00\x08\x00"
  "\x03\x00\x08\x10\x08\x00\x08\x00\x03\x00\x08\x10\x09\x00\x0f\x00\x03\x00\x08\x10"
  "\x0a\x00\x0f\x00\x03\x00\x08\x10\x0b\x00\x0f\x00\x03\x00\x08\x10\x0c\x00\x0f\x00"
  "\x03\x00\x08\x10\x0d\x00\x0f\x00\x03\x00\x08\x10\x0e\x00\x0f\x00\x03\x00\x08\x11"
  "\x00\x00\x0f\x00\x03\x00\x08\x11\x01\x00\x08\x00\x03\x00\x08\x11\x02\x00\x08\x00"
  "\x03\x00\x08\x11\x03\x00\x08\x00\x03\x00\x08\x11\x04\x00\x08\x00\x03\x00\x08\x11"
  "\x05\x00\x08\x00\x03\x00\x08\x11\x06\x00\x08\x00\x03\x00\x08\x11\x07\x00\x08\x00"
  "\x03\x00\x08\x11\x08\x00\x08\x00\x03\x00\x08\x11\x09\x00\x0f\x00\x03\x00\x08\x11"
  "\x0a\x00\x0f\x00\x03\x00\x08\x11\x0b\x00\x0f\x00\x03\x00\x08\x11\x0c\x00\x0f\x00"
  "\x03\x00\x08\x11\x0d\x00\x0f\x00\x03\x00\x08\x11\x0e\x00\x0f\x00\x03\x00\x08\x12"
  "\x00\x00\x0f\x00\x03\x00\x08\x12\x01\x00\x08\x00\x03\x00\x08\x12\x02\x00\x08\x00"
  "\x03\x00\x08\x12\x03\x00\x08\x00\x03\x00\x08\x12\x04\x00\x08\x00\x03\x00\x08\x12"
  "\x05\x00\x08\x00\x03\x00\x08\x12\x06\x00\x08\x00\x03\x00\x08\x12\x07\x00\x08\x00"
  "\x03\x00\x08\x12\x08\x00\x08\x00\x03\x00\x08\x12\x09\x00\x0f\x00\x03\x00\x08\x12"
  "\x0a\x00\x0f\x00\x03\x00\x08\x12\x0b\x00\x0f\x00\x03\x00\x08\x12\x0c\x00\x0f\x00"
  "\x03\x00\x08\x12\x0d\x00\x0f\x00\x03\x00\x08\x12\x0e\x00\x0f\x00\x03\x00\x09\x00"
  "\x00\x00\x0f\x00\x03\x00\x09\x00\x01\x00\x09\x00\x03\x00\x09\x00\x02\x00\x09\x00"
  "\x03\x00\x09\x00\x03\x00\x09\x00\x03\x00\x09\x00\x04\x00\x09\x00\x03\x00\x09\x00"
  "\x05\x00\x09\x00\x03\x00\x09\x00\x06\x00\x09\x00\x03\x00\x09\x00\x07\x00\x09\x00"
  "\x03\x00\x09\x00\x08\x00\x09\x00\x03\x00\x09\x00\x09\x00\x0f\x00\x03\x00\x09\x00"
  "\x0a\x00\x0f\x00\x03\x00\x09\x00\x0b\x00\x0f\x00\x03\x00\x09\x00\x0c\x00\x0f\x00"
  "\x03\x00\x09\x00\x0d\x00\x0f\x00\x03\x00\x09\x00\x0e\x00\x0f\x00\x03\x00\x09\x01"
  "\x00\x00\x0f\x00\x03\x00\x09\x01\x01\x00\x09\x00\x03\x00\x09\x01\x02\x00\x09\x00"
  "\x03\x00\x09\x01\x03\x00\x09\x00\x03\x00\x09\x01\x04\x00\x09\x00\x03\x00\x09\x01"
  "\x05\x00\x09\x00\x03\x00\x09\x01\x06\x00\x09\x00\x03\x00\x09\x01\x07\x00\x09\x00"
  "\x03\x00\x09\x01\x08\x00\x09\x00\x03\x00\x09\x01\x09\x00\x04\x00\x03\x00\x09\x01"
  "\x0a\x00\x0f\x00\x03\x00\x09\x01\x0b\x00\x0f\x00\x03\x00\x09\x01\x0c\x00\x0f\x00"
  "\x03\x00\x09\x01\x0d\x00\x0f\x00\x03\x00\x09\x01\x0e\x00\x0f\x00\x03\x00\x09\x02"
  "\x00\x00\x0f\x00\x03\x00\x09\x02\x01\x00\x0f\x00\x03\x00\x09\x02\x02\x00\x0f\x00"
  "\x03\x00\x09\x02\x03\x00\x0f\x00\x03\x00\x09\x02\x04\x00\x0f\x00\x03\x00\x09\x02"
  "\x05\x00\x0f\x00\x03\x00\x09\x02\x06\x00\x0f\x00\x03\x00\x09\x02\x07\x00\x0f\x00"
  "\x03\x00\x09\x02\x08\x00\x0f\x00\x03\x00\x09\x02\x09\x00\x0f\x00\x03\x00\x09\x02"
  "\x0a\x00\x0f\x00\x03\x00\x09\x02\x0b\x00\x0f\x00\x03\x00\x09\x02\x0c\x00\x0f\x00"
  "\x03\x00\x09\x02\x0d\x00\x0f\x00\x03\x00\x09\x02\x0e\x00\x0f\x00\x03\x00\x09\x03"
  "\x00\x00\x0f\x00\x03\x00\x09\x03\x01\x00\x0f\x00\x03\x00\x09\x03\x02\x00\x0f\x00"
  "\x03\x00\x09\x03\x03\x00\x0f\x00\x03\x00\x09\x03\x04\x00\x0f\x00\x03\x00\x09\x03"
  "\x05\x00\x0f\x00\x03\x00\x09\x03\x06\x00\x0f\x00\x03\x00\x09\x03\x07\x00\x0f\x00"
  "\x03\x00\x09\x03\x08\x00\x0f\x00\x03\x00\x09\x03\x09\x00\x0f\x00\x03\x00\x09\x03"
  "\x0a\x00\x0f\x00\x03\x00\x09\x03\x0b\x00\x0f\x00\x03\x00\x09\x03\x0c\x00\x0f\x00"
  "\x03\x00\x09\x03\x0d\x00\x0f\x00\x03\x00\x09\x03\x0e\x00\x0f\x00\x03\x00\x09\x04"
  "\x00\x00\x0f\x00\x03\x00\x09\x04\x01\x00\x0f\x00\x03\x00\x09\x04\x02\x00\x0f\x00"
  "\x03\x00\x09\x04\x03\x00\x0f\x00\x03\x00\x09\x04\x04\x00\x0f\x00\x03\x00\x09\x04"
  "\x05\x00\x0f\x00\x03\x00\x09\x04\x06\x00\x0f\x00\x03\x00\x09\x04\x07\x00\x0f\x00"
  "\x03\x00\x09\x04\x08\x00\x0f\x00\x03\x00\x09\x04\x09\x00\x0f\x00\x03\x00\x09\x04"
  "\x0a\x00\x0f\x00\x03\x00\x09\x04\x0b\x00\x0f\x00\x03\x00\x09\x04\x0c\x00\x0f\x00"
  "\x03\x00\x09\x04\x0d\x00\x0f\x00\x03\x00\x09\x04\x0e\x00\x0f\x00\x03\x00\x09\x05"
  "\x00\x00\x04\x00\x03\x00\x09\x05\x01\x00\x04\x00\x03\x00\x09\x05\x02\x00\x04\x00"
  "\x03\x00\x09\x05\x03\x00\x04\x00\x03\x00\x09\x05\x04\x00\x04\x00\x03\x00\x09\x05"
  "\x05\x00\x04\x00\x03\x00\x09\x05\x06\x00\x04\x00\x03\x00\x09\x05\x07\x00\x04\x00"
  "\x03\x00\x09\x05\x08\x00\x04\x00\x03\x00\x09\x05\x09\x00\x04\x00\x03\x00\x09\x05"
  "\x0a\x00\x04\x00\x03\x00\x09\x05\x0b\x00\x04\x00\x03\x00\x09\x05\x0c\x00\x04\x00"
  "\x03\x00\x09\x05\x0d\x00\x0f\x00\x03\x00\x09\x05\x0e\x00\x0f\x00\x03\x00\x09\x06"
  "\x00\x00\x04\x00\x03\x00\x09\x06\x01\x00\x04\x00\x03\x00\x09\x06\x02\x00\x04\x00"
  "\x03\x00\x09\x06\x03\x00\x04\x00\x03\x00\x09\x06\x04\x00\x04\x00\x03\x00\x09\x06"
  "\x05\x00\x04\x00\x03\x00\x09\x06\x06\x00\x04\x00\x03\x00\x09\x06\x07\x00\x04\x00"
  "\x03\x00\x09\x06\x08\x00\x04\x00\x03\x00\x09\x06\x09\x00\x04\x00\x03\x00\x09\x06"
  "\x0a\x00\x04\x00\x03\x00\x09\x06\x0b\x00\x04\x00\x03\x00\x09\x06\x0c\x00\x04\x00"
  "\x03\x00\x09\x06\x0d\x00\x0f\x00\x03\x00\x09\x06\x0e\x00\x0f\x00\x03\x00\x09\x07"
  "\x00\x00\x09\x00\x03\x00\x09\x07\x01\x00\x09\x00\x03\x00\x09\x07\x02\x00\x09\x00"
  "\x03\x00\x09\x07\x03\x00\x09\x00\x03\x00\x09\x07\x04\x00\x09\x00\x03\x00\x09\x07"
  "\x05\x00\x09\x00\x03\x00\x09\x07\x06\x00\x09\x00\x03\x00\x09\x07\x07\x00\x09\x00"
  "\x03\x00\x09\x07\x08\x00\x09\x00\x03\x00\x09\x07\x09\x00\x09\x00\x03\x00\x09\x07"
  "\x0a\x00\x09\x00\x03\x00\x09\x07\x0b\x00\x09\x00\x03\x00\x09\x07\x0c\x00\x09\x00"
  "\x03\x00\x09\x07\x0d\x00\x09\x00\x03\x00\x09\x07\x0e\x00\x09\x00\x03\x00\x09\x08"
  "\x00\x00\x0f\x00\x03\x00\x09\x08\x01\x00\x0f\x00\x03\x00\x09\x08\x02\x00\x0f\x00"
  "\x03\x00\x09\x08\x03\x00\x0f\x00\x03\x00\x09\x08\x04\x00\x0f\x00\x03\x00\x09\x08"
  "\x05\x00\x0f\x00\x03\x00\x09\x08\x06\x00\x0f\x00\x03\x00\x09\x08\x07\x00\x0f\x00"
  "\x03\x00\x09\x08\x08\x00\x0f\x00\x03\x00\x09\x08\x09\x00\x0f\x00\x03\x00\x09\x08"
  "\x0a\x00\x0f\x00\x03\x00\x09\x08\x0b\x00\x0f\x00\x03\x00\x09\x08\x0c\x00\x0f\x00"
  "\x03\x00\x09\x08\x0d\x00\x0f\x00\x03\x00\x09\x08\x0e\x00\x0f\x00\x03\x00\x09\x09"
  "\x00\x00\x04\x00\x03\x00\x09\x09\x01\x00\x04\x00\x03\x00\x09\x09\x02\x00\x04\x00"
  "\x03\x00\x09\x09\x03\x00\x04\x00\x03\x00\x09\x09\x04\x00\x04\x00\x03\x00\x09\x09"
  "\x05\x00\x04\x00\x03\x00\x09\x09\x06\x00\x04\x00\x03\x00\x09\x09\x07\x00\x04\x00"
  "\x03\x00\x09\x09\x08\x00\x04\x00\x03\x00\x09\x09\x09\x00\x04\x00\x03\x00\x09\x09"
  "\x0a\x00\x04\x00\x03\x00\x09\x09\x0b\x00\x04\x00\x03\x00\x09\x09\x0c\x00\x04\x00"
  "\x03\x00\x09\x09\x0d\x00\x04\x00\x03\x00\x09\x09\x0e\x00\x04\x00\x03\x00\x09\x0a"
  "\x00\x00\x0f\x00\x03\x00\x09\x0a\x01\x00\x0f\x00\x03\x00\x09\x0a\x02\x00\x0f\x00"
  "\x03\x00\x09\x0a\x03\x00\x0f\x00\x03\x00\x09\x0a\x04\x00\x0f\x00\x03\x00\x09\x0a"
  "\x05\x00\x0f\x00\x03\x00\x09\x0a\x06\x00\x0f\x00\x03\x00\x09\x0a\x07\x00\x0f\x00"
  "\x03\x00\x09\x0a\x08\x00\x0f\x00\x03\x00\x09\x0a\x09\x00\x0f\x00\x03\x00\x09\x0a"
  "\x0a\x00\x0f\x00\x03\x00\x09\x0a\x0b\x00\x0f\x00\x03\x00\x09\x0a\x0c\x00\x0f\x00"
  "\x03\x00\x09\x0a\x0d\x00\x0f\x00\x03\x00\x09\x0a\x0e\x00\x0f\x00\x03\x00\x09\x0b"
  "\x00\x00\x0f\x00\x03\x00\x09\x0b\x01\x00\x0f\x00\x03\x00\x09\x0b\x02\x00\x0f\x00"
  "\x03\x00\x09\x0b\x03\x00\x0f\x00\x03\x00\x09\x0b\x04\x00\x0f\x00\x03\x00\x09\x0b"
  "\x05\x00\x0f\x00\x03\x00\x09\x0b\x06\x00\x0f\x00\x03\x00\x09\x0b\x07\x00\x0f\x00"
  "\x03\x00\x09\x0b\x08\x00\x0f\x00\x03\x00\x09\x0b\x09\x00\x0f\x00\x03\x00\x09\x0b"
  "\x0a\x00\x0f\x00\x03\x00\x09\x0b\x0b\x00\x0f\x00\x03\x00\x09\x0b\x0c\x00\x0f\x00"
  "\x03\x00\x09\x0b\x0d\x00\x0f\x00\x03\x00\x09\x0b\x0e\x00\x0f\x00\x03\x00\x09\x0c"
  "\x00\x00\x04\x00\x03\x00\x09\x0c\x01\x00\x04\x00\x03\x00\x09\x0c\x02\x00\x04\x00"
  "\x03\x00\x09\x0c\x03\x00\x04\x00\x03\x00\x09\x0c\x04\x00\x04\x00\x03\x00\x09\x0c"
  "\x05\x00\x04\x00\x03\x00\x09\x0c\x06\x00\x04\x00\x03\x00\x09\x0c\x07\x00\x04\x00"
  "\x03\x00\x09\x0c\x08\x00\x04\x00\x03\x00\x09\x0c\x09\x00\x04\x00\x03\x00\x09\x0c"
  "\x0a\x00\x04\x00\x03\x00\x09\x0c\x0b\x00\x04\x00\x03\x00\x09\x0c\x0c\x00\x04\x00"
  "\x03\x00\x09\x0c\x0d\x00\x04\x00\x03\x00\x09\x0c\x0e\x00\x04\x00\x03\x00\x09\x0d"
  "\x00\x00\x00\x00\x03\x00\x09\x0d\x01\x00\x01\x00\x03\x00\x09\x0d\x02\x00\x02\x00"
  "\x03\x00\x09\x0d\x03\x00\x03\x00\x03\x00\x09\x0d\x04\x00\x04\x00\x03\x00\x09\x0d"
  "\x05\x00\x05\x00\x03\x00\x09\x0d\x06\x00\x06\x00\x03\x00\x09\x0d\x07\x00\x07\x00"
  "\x03\x00\x09\x0d\x08\x00\x08\x00\x03\x00\x09\x0d\x09\x00\x09\x00\x03\x00\x09\x0d"
  "\x0a\x00\x0a\x00\x03\x00\x09\x0d\x0b\x00\x0b\x00\x03\x00\x09\x0d\x0c\x00\x0c\x00"
  "\x03\x00\x09\x0d\x0d\x00\x0d\x00\x03\x00\x09\x0d\x0e\x00\x0e\x00\x03\x00\x09\x0e"
  "\x00\x00\x04\x00\x03\x00\x09\x0e\x01\x00\x04\x00\x03\x00\x09\x0e\x02\x00\x04\x00"
  "\x03\x00\x09\x0e\x03\x00\x04\x00\x03\x00\x09\x0e\x04\x00\x04\x00\x03\x00\x09\x0e"
  "\x05\x00\x04\x00\x03\x00\x09\x0e\x06\x00\x04\x00\x03\x00\x09\x0e\x07\x00\x04\x00"
  "\x03\x00\x09\x0e\x08\x00\x04\x00\x03\x00\x09\x0e\x09\x00\x04\x00\x03\x00\x09\x0e"
  "\x0a\x00\x04\x00\x03\x00\x09\x0e\x0b\x00\x04\x00\x03\x00\x09\x0e\x0c\x00\x04\x00"
  "\x03\x00\x09\x0e\x0d\x00\x04\x00\x03\x00\x09\x0e\x0e\x00\x04\x00\x03\x00\x09\x0f"
  "\x00\x00\x0f\x00\x03\x00\x09\x0f\x01\x00\x0f\x00\x03\x00\x09\x0f\x02\x00\x0f\x00"
  "\x03\x00\x09\x0f\x03\x00\x0f\x00\x03\x00\x09\x0f\x04\x00\x0f\x00\x03\x00\x09\x0f"
  "\x05\x00\x0f\x00\x03\x00\x09\x0f\x06\x00\x0f\x00\x03\x00\x09\x0f\x07\x00\x0f\x00"
  "\x03\x00\x09\x0f\x08\x00\x0f\x00\x03\x00\x09\x0f\x09\x00\x0f\x00\x03\x00\x09\x0f"
  "\x0a\x00\x0f\x00\x03\x00\x09\x0f\x0b\x00\x0f\x00\x03\x00\x09\x0f\x0c\x00\x0f\x00"
  "\x03\x00\x09\x0f\x0d\x00\x0f\x00\x03\x00\x09\x0f\x0e\x00\x0f\x00\x03\x00\x09\x10"
  "\x00\x00\x0f\x00\x03\x00\x09\x10\x01\x00\x0f\x00\x03\x00\x09\x10\x02\x00\x0f\x00"
  "\x03\x00\x09\x10\x03\x00\x0f\x00\x03\x00\x09\x10\x04\x00\x0f\x00\x03\x00\x09\x10"
  "\x05\x00\x0f\x00\x03\x00\x09\x10\x06\x00\x0f\x00\x03\x00\x09\x10\x07\x00\x0f\x00"
  "\x03\x00\x09\x10\x08\x00\x0f\x00\x03\x00\x09\x10\x09\x00\x0f\x00\x03\x00\x09\x10"
  "\x0a\x00\x0f\x00\x03\x00\x09\x10\x0b\x00\x0f\x00\x03\x00\x09\x10\x0c\x00\x0f\x00"
  "\x03\x00\x09\x10\x0d\x00\x0f\x00\x03\x00\x09\x10\x0e\x00\x0f\x00\x03\x00\x09\x11"
  "\x00\x00\x0f\x00\x03\x00\x09\x11\x01\x00\x0f\x00\x03\x00\x09\x11\x02\x00\x0f\x00"
  "\x03\x00\x09\x11\x03\x00\x0f\x00\x03\x00\x09\x11\x04\x00\x0f\x00\x03\x00\x09\x11"
  "\x05\x00\x0f\x00\x03\x00\x09\x11\x06\x00\x0f\x00\x03\x00\x09\x11\x07\x00\x0f\x00"
  "\x03\x00\x09\x11\x08\x00\x0f\x00\x03\x00\x09\x11\x09\x00\x0f\x00\x03\x00\x09\x11"
  "\x0a\x00\x0f\x00\x03\x00\x09\x11\x0b\x00\x0f\x00\x03\x00\x09\x11\x0c\x00\x0f\x00"
  "\x03\x00\x09\x11\x0d\x00\x0f\x00\x03\x00\x09\x11\x0e\x00\x0f\x00\x03\x00\x09\x12"
  "\x00\x00\x0f\x00\x03\x00\x09\x12\x01\x00\x0f\x00\x03\x00\x09\x12\x02\x00\x0f\x00"
  "\x03\x00\x09\x12\x03\x00\x0f\x00\x03\x00\x09\x12\x04\x00\x0f\x00\x03\x00\x09\x12"
  "\x05\x00\x0f\x00\x03\x00\x09\x12\x06\x00\x0f\x00\x03\x00\x09\x12\x07\x00\x0f\x00"
  "\x03\x00\x09\x12\x08\x00\x0f\x00\x03\x00\x09\x12\x09\x00\x0f\x00\x03\x00\x09\x12"
  "\x0a\x00\x0f\x00\x03\x00\x09\x12\x0b\x00\x0f\x00\x03\x00\x09\x12\x0c\x00\x0f\x00"
  "\x03\x00\x09\x12\x0d\x00\x0f\x00\x03\x00\x09\x12\x0e\x00\x0f\x00\x03\x00\x0a\x00"
  "\x00\x00\x0f\x00\x03\x00\x0a\x00\x01\x00\x09\x00\x03\x00\x0a\x00\x02\x00\x09\x00"
  "\x03\x00\x0a\x00\x03\x00\x09\x00\x03\x00\x0a\x00\x04\x00\x09\x00\x03\x00\x0a\x00"
  "\x05\x00\x09\x00\x03\x00\x0a\x00\x06\x00\x09\x00\x03\x00\x0a\x00\x07\x00\x09\x00"
  "\x03\x00\x0a\x00\x08\x00\x09\x00\x03\x00\x0a\x00\x09\x00\x0f\x00\x03\x00\x0a\x00"
  "\x0a\x00\x0f\x00\x03\x00\x0a\x00\x0b\x00\x0f\x00\x03\x00\x0a\x00\x0c\x00\x0f\x00"
  "\x03\x00\x0a\x00\x0d\x00\x0f\x00\x03\x00\x0a\x00\x0e\x00\x0f\x00\x03\x00\x0a\x01"
  "\x00\x00\x0f\x00\x03\x00\x0a\x01\x01\x00\x09\x00\x03\x00\x0a\x01\x02\x00\x09\x00"
  "\x03\x00\x0a\x01\x03\x00\x09\x00\x03\x00\x0a\x01\x04\x00\x09\x00\x03\x00\x0a\x01"
  "\x05\x00\x09\x00\x03\x00\x0a\x01\x06\x00\x09\x00\x03\x00\x0a\x01\x07\x00\x09\x00"
  "\x03\x00\x0a\x01\x08\x00\x09\x00\x03\x00\x0a\x01\x09\x00\x0f\x00\x03\x00\x0a\x01"
  "\x0a\x00\x0f\x00\x03\x00\x0a\x01\x0b\x00\x0f\x00\x03\x00\x0a\x01\x0c\x00\x0f\x00"
  "\x03\x00\x0a\x01\x0d\x00\x0f\x00\x03\x00\x0a\x01\x0e\x00\x0f\x00\x03\x00\x0a\x02"
  "\x00\x00\x0f\x00\x03\x00\x0a\x02\x01\x00\x0f\x00\x03\x00\x0a\x02\x02\x00\x0f\x00"
  "\x03\x00\x0a\x02\x03\x00\x0f\x00\x03\x00\x0a\x02\x04\x00\x0f\x00\x03\x00\x0a\x02"
  "\x05\x00\x0f\x00\x03\x00\x0a\x02\x06\x00\x0f\x00\x03\x00\x0a\x02\x07\x00\x0f\x00"
  "\x03\x00\x0a\x02\x08\x00\x0f\x00\x03\x00\x0a\x02\x09\x00\x0f\x00\x03\x00\x0a\x02"
  "\x0a\x00\x0f\x00\x03\x00\x0a\x02\x0b\x00\x0f\x00\x03\x00\x0a\x02\x0c\x00\x0f\x00"
  "\x03\x00\x0a\x02\x0d\x00\x0f\x00\x03\x00\x0a\x02\x0e\x00\x0f\x00\x03\x00\x0a\x03"
  "\x00\x00\x0f\x00\x03\x00\x0a\x03\x01\x00\x0f\x00\x03\x00\x0a\x03\x02\x00\x0f\x00"
  "\x03\x00\x0a\x03\x03\x00\x0f\x00\x03\x00\x0a\x03\x04\x00\x0f\x00\x03\x00\x0a\x03"
  "\x05\x00\x0f\x00\x03\x00\x0a\x03\x06\x00\x0f\x00\x03\x00\x0a\x03\x07\x00\x0f\x00"
  "\x03\x00\x0a\x03\x08\x00\x0f\x00\x03\x00\x0a\x03\x09\x00\x0f\x00\x03\x00\x0a\x03"
  "\x0a\x00\x0f\x00\x03\x00\x0a\x03\x0b\x00\x0f\x00\x03\x00\x0a\x03\x0c\x00\x0f\x00"
  "\x03\x00\x0a\x03\x0d\x00\x0f\x00\x03\x00\x0a\x03\x0e\x00\x0f\x00\x03\x00\x0a\x04"
  "\x00\x00\x0f\x00\x03\x00\x0a\x04\x01\x00\x0f\x00\x03\x00\x0a\x04\x02\x00\x0f\x00"
  "\x03\x00\x0a\x04\x03\x00\x0f\x00\x03\x00\x0a\x04\x04\x00\x0f\x00\x03\x00\x0a\x04"
  "\x05\x00\x0f\x00\x03\x00\x0a\x04\x06\x00\x0f\x00\x03\x00\x0a\x04\x07\x00\x0f\x00"
  "\x03\x00\x0a\x04\x08\x00\x0f\x00\x03\x00\x0a\x04\x09\x00\x0f\x00\x03\x00\x0a\x04"
  "\x0a\x00\x0f\x00\x03\x00\x0a\x04\x0b\x00\x0f\x00\x03\x00\x0a\x04\x0c\x00\x0f\x00"
  "\x03\x00\x0a\x04\x0d\x00\x0f\x00\x03\x00\x0a\x04\x0e\x00\x0f\x00\x03\x00\x0a\x05"
  "\x00\x00\x04\x00\x03\x00\x0a\x05\x01\x00\x04\x00\x03\x00\x0a\x05\x02\x00\x04\x00"
  "\x03\x00\x0a\x05\x03\x00\x04\x00\x03\x00\x0a\x05\x04\x00\x04\x00\x03\x00\x0a\x05"
  "\x05\x00\x04\x00\x03\x00\x0a\x05\x06\x00\x04\x00\x03\x00\x0a\x05\x07\x00\x04\x00"
  "\x03\x00\x0a\x05\x08\x00\x04\x00\x03\x00\x0a\x05\x09\x00\x04\x00\x03\x00\x0a\x05"
  "\x0a\x00\x04\x00\x03\x00\x0a\x05\x0b\x00\x04\x00\x03\x00\x0a\x05\x0c\x00\x04\x00"
  "\x03\x00\x0a\x05\x0d\x00\x0f\x00\x03\x00\x0a\x05\x0e\x00\x0f\x00\x03\x00\x0a\x06"
  "\x00\x00\x04\x00\x03\x00\x0a\x06\x01\x00\x04\x00\x03\x00\x0a\x06\x02\x00\x04\x00"
  "\x03\x00\x0a\x06\x03\x00\x04\x00\x03\x00\x0a\x06\x04\x00\x04\x00\x03\x00\x0a\x06"
  "\x05\x00\x04\x00\x03\x00\x0a\x06\x06\x00\x04\x00\x03\x00\x0a\x06\x07\x00\x04\x00"
  "\x03\x00\x0a\x06\x08\x00\x04\x00\x03\x00\x0a\x06\x09\x00\x04\x00\x03\x00\x0a\x06"
  "\x0a\x00\x04\x00\x03\x00\x0a\x06\x0b\x00\x04\x00\x03\x00\x0a\x06\x0c\x00\x04\x00"
  "\x03\x00\x0a\x06\x0d\x00\x0f\x00\x03\x00\x0a\x06\x0e\x00\x0f\x00\x03\x00\x0a\x07"
  "\x00\x00\x0a\x00\x03\x00\x0a\x07\x01\x00\x0a\x00\x03\x00\x0a\x07\x02\x00\x0a\x00"
  "\x03\x00\x0a\x07\x03\x00\x0a\x00\x03\x00\x0a\x07\x04\x00\x0a\x00\x03\x00\x0a\x07"
  "\x05\x00\x0a\x00\x03\x00\x0a\x07\x06\x00\x0a\x00\x03\x00\x0a\x07\x07\x00\x0a\x00"
  "\x03\x00\x0a\x07\x08\x00\x0a\x00\x03\x00\x0a\x07\x09\x00\x0a\x00\x03\x00\x0a\x07"
  "\x0a\x00\x0a\x00\x03\x00\x0a\x07\x0b\x00\x0a\x00\x03\x00\x0a\x07\x0c\x00\x0a\x00"
  "\x03\x00\x0a\x07\x0d\x00\x0a\x00\x03\x00\x0a\x07\x0e\x00\x0a\x00\x03\x00\x0a\x08"
  "\x00\x00\x0f\x00\x03\x00\x0a\x08\x01\x00\x0f\x00\x03\x00\x0a\x08\x02\x00\x0f\x00"
  "\x03\x00\x0a\x08\x03\x00\x0f\x00\x03\x00\x0a\x08\x04\x00\x0f\x00\x03\x00\x0a\x08"
  "\x05\x00\x0f\x00\x03\x00\x0a\x08\x06\x00\x0f\x00\x03\x00\x0a\x08\x07\x00\x0f\x00"
  "\x03\x00\x0a\x08\x08\x00\x0f\x00\x03\x00\x0a\x08\x09\x00\x0f\x00\x03\x00\x0a\x08"
  "\x0a\x00\x0f\x00\x03\x00\x0a\x08\x0b\x00\x0f\x00\x03\x00\x0a\x08\x0c\x00\x0f\x00"
  "\x03\x00\x0a\x08\x0d\x00\x0f\x00\x03\x00\x0a\x08\x0e\x00\x0f\x00\x03\x00\x0a\x09"
  "\x00\x00\x04\x00\x03\x00\x0a\x09\x01\x00\x04\x00\x03\x00\x0a\x09\x02\x00\x04\x00"
  "\x03\x00\x0a\x09\x03\x00\x04\x00\x03\x00\x0a\x09\x04\x00\x04\x00\x03\x00\x0a\x09"
  "\x05\x00\x04\x00\x03\x00\x0a\x09\x06\x00\x04\x00\x03\x00\x0a\x09\x07\x00\x04\x00"
  "\x03\x00\x0a\x09\x08\x00\x04\x00\x03\x00\x0a\x09\x09\x00\x04\x00\x03\x00\x0a\x09"
  "\x0a\x00\x04\x00\x03\x00\x0a\x09\x0b\x00\x04\x00\x03\x00\x0a\x09\x0c\x00\x04\x00"
  "\x03\x00\x0a\x09\x0d\x00\x04\x00\x03\x00\x0a\x09\x0e\x00\x04\x00\x03\x00\x0a\x0a"
  "\x00\x00\x0f\x00\x03\x00\x0a\x0a\x01\x00\x0f\x00\x03\x00\x0a\x0a\x02\x00\x0f\x00"
  "\x03\x00\x0a\x0a\x03\x00\x0f\x00\x03\x00\x0a\x0a\x04\x00\x0f\x00\x03\x00\x0a\x0a"
  "\x05\x00\x0f\x00\x03\x00\x0a\x0a\x06\x00\x0f\x00\x03\x00\x0a\x0a\x07\x00\x0f\x00"
  "\x03\x00\x0a\x0a\x08\x00\x0f\x00\x03\x00\x0a\x0a\x09\x00\x0f\x00\x03\x00\x0a\x0a"
  "\x0a\x00\x0f\x00\x03\x00\x0a\x0a\x0b\x00\x0f\x00\x03\x00\x0a\x0a\x0c\x00\x0f\x00"
  "\x03\x00\x0a\x0a\x0d\x00\x0f\x00\x03\x00\x0a\x0a\x0e\x00\x0f\x00\x03\x00\x0a\x0b"
  "\x00\x00\x0f\x00\x03\x00\x0a\x0b\x01\x00\x0f\x00\x03\x00\x0a\x0b\x02\x00\x0f\x00"
  "\x03\x00\x0a\x0b\x03\x00\x0f\x00\x03\x00\x0a\x0b\x04\x00\x0f\x00\x03\x00\x0a\x0b"
  "\x05\x00\x0f\x00\x03\x00\x0a\x0b\x06\x00\x0f\x00\x03\x00\x0a\x0b\x07\x00\x0f\x00"
  "\x03\x00\x0a\x0b\x08\x00\x0f\x00\x03\x00\x0a\x0b\x09\x00\x0f\x00\x03\x00\x0a\x0b"
  "\x0a\x00\x0f\x00\x03\x00\x0a\x0b\x0b\x00\x0f\x00\x03\x00\x0a\x0b\x0c\x00\x0f\x00"
  "\x03\x00\x0a\x0b\x0d\x00\x0f\x00\x03\x00\x0a\x0b\x0e\x00\x0f\x00\x03\x00\x0a\x0c"
  "\x00\x00\x04\x00\x03\x00\x0a\x0c\x01\x00\x04\x00\x03\x00\x0a\x0c\x02\x00\x04\x00"
  "\x03\x00\x0a\x0c\x03\x00\x04\x00\x03\x00\x0a\x0c\x04\x00\x04\x00\x03\x00\x0a\x0c"
  "\x05\x00\x04\x00\x03\x00\x0a\x0c\x06\x00\x04\x00\x03\x00\x0a\x0c\x07\x00\x04\x00"
  "\x03\x00\x0a\x0c\x08\x00\x04\x00\x03\x00\x0a\x0c\x09\x00\x04\x00\x03\x00\x0a\x0c"
  "\x0a\x00\x04\x00\x03\x00\x0a\x0c\x0b\x00\x04\x00\x03\x00\x0a\x0c\x0c\x00\x04\x00"
  "\x03\x00\x0a\x0c\x0d\x00\x04\x00\x03\x00\x0a\x0c\x0e\x00\x04\x00\x03\x00\x0a\x0d"
  "\x00\x00\x00\x00\x03\x00\x0a\x0d\x01\x00\x01\x00\x03\x00\x0a\x0d\x02\x00\x02\x00"
  "\x03\x00\x0a\x0d\x03\x00\x03\x00\x03\x00\x0a\x0d\x04\x00\x04\x00\x03\x00\x0a\x0d"
  "\x05\x00\x05\x00\x03\x00\x0a\x0d\x06\x00\x06\x00\x03\x00\x0a\x0d\x07\x00\x07\x00"
  "\x03\x00\x0a\x0d\x08\x00\x08\x00\x03\x00\x0a\x0d\x09\x00\x09\x00\x03\x00\x0a\x0d"
  "\x0a\x00\x0a\x00\x03\x00\x0a\x0d\x0b\x00\x0b\x00\x03\x00\x0a\x0d\x0c\x00\x0c\x00"
  "\x03\x00\x0a\x0d\x0d\x00\x0d\x00\x03\x00\x0a\x0d\x0e\x00\x0e\x00\x03\x00\x0a\x0e"
  "\x00\x00\x0f\x00\x03\x00\x0a\x0e\x01\x00\x0f\x00\x03\x00\x0a\x0e\x02\x00\x0f\x00"
  "\x03\x00\x0a\x0e\x03\x00\x0f\x00\x03\x00\x0a\x0e\x04\x00\x0f\x00\x03\x00\x0a\x0e"
  "\x05\x00\x0f\x00\x03\x00\x0a\x0e\x06\x00\x0f\x00\x03\x00\x0a\x0e\x07\x00\x0f\x00"
  "\x03\x00\x0a\x0e\x08\x00\x0f\x00\x03\x00\x0a\x0e\x09\x00\x0f\x00\x03\x00\x0a\x0e"
  "\x0a\x00\x0f\x00\x03\x00\x0a\x0e\x0b\x00\x0f\x00\x03\x00\x0a\x0e\x0c\x00\x0f\x00"
  "\x03\x00\x0a\x0e\x0d\x00\x0f\x00\x03\x00\x0a\x0e\x0e\x00\x0f\x00\x03\x00\x0a\x0f"
  "\x00\x00\x0f\x00\x03\x00\x0a\x0f\x01\x00\x0f\x00\x03\x00\x0a\x0f\x02\x00\x0f\x00"
  "\x03\x00\x0a\x0f\x03\x00\x0f\x00\x03\x00\x0a\x0f\x04\x00\x0f\x00\x03\x00\x0a\x0f"
  "\x05\x00\x0f\x00\x03\x00\x0a\x0f\x06\x00\x0f\x00\x03\x00\x0a\x0f\x07\x00\x0f\x00"
  "\x03\x00\x0a\x0f\x08\x00\x0f\x00\x03\x00\x0a\x0f\x09\x00\x0f\x00\x03\x00\x0a\x0f"
  "\x0a\x00\x0f\x00\x03\x00\x0a\x0f\x0b\x00\x0f\x00\x03\x00\x0a\x0f\x0c\x00\x0f\x00"
  "\x03\x00\x0a\x0f\x0d\x00\x0f\x00\x03\x00\x0a\x0f\x0e\x00\x0f\x00\x03\x00\x0a\x10"
  "\x00\x00\x0f\x00\x03\x00\x0a\x10\x01\x00\x0f\x00\x03\x00\x0a\x10\x02\x00\x0f\x00"
  "\x03\x00\x0a\x10\x03\x00\x0f\x00\x03\x00\x0a\x10\x04\x00\x0f\x00\x03\x00\x0a\x10"
  "\x05\x00\x0f\x00\x03\x00\x0a\x10\x06\x00\x0f\x00\x03\x00\x0a\x10\x07\x00\x0f\x00"
  "\x03\x00\x0a\x10\x08\x00\x0f\x00\x03\x00\x0a\x10\x09\x00\x0f\x00\x03\x00\x0a\x10"
  "\x0a\x00\x0f\x00\x03\x00\x0a\x10\x0b\x00\x0f\x00\x03\x00\x0a\x10\x0c\x00\x0f\x00"
  "\x03\x00\x0a\x10\x0d\x00\x0f\x00\x03\x00\x0a\x10\x0e\x00\x0f\x00\x03\x00\x0a\x11"
  "\x00\x00\x0f\x00\x03\x00\x0a\x11\x01\x00\x0f\x00\x03\x00\x0a\x11\x02\x00\x0f\x00"
  "\x03\x00\x0a\x11\x03\x00\x0f\x00\x03\x00\x0a\x11\x04\x00\x0f\x00\x03\x00\x0a\x11"
  "\x05\x00\x0f\x00\x03\x00\x0a\x11\x06\x00\x0f\x00\x03\x00\x0a\x11\x07\x00\x0f\x00"
  "\x03\x00\x0a\x11\x08\x00\x0f\x00\x03\x00\x0a\x11\x09\x00\x0f\x00\x03\x00\x0a\x11"
  "\x0a\x00\x0f\x00\x03\x00\x0a\x11\x0b\x00\x0f\x00\x03\x00\x0a\x11\x0c\x00\x0f\x00"
  "\x03\x00\x0a\x11\x0d\x00\x0f\x00\x03\x00\x0a\x11\x0e\x00\x0f\x00\x03\x00\x0a\x12"
  "\x00\x00\x0f\x00\x03\x00\x0a\x12\x01\x00\x0f\x00\x03\x00\x0a\x12\x02\x00\x0f\x00"
  "\x03\x00\x0a\x12\x03\x00\x0f\x00\x03\x00\x0a\x12\x04\x00\x0f\x00\x03\x00\x0a\x12"
  "\x05\x00\x0f\x00\x03\x00\x0a\x12\x06\x00\x0f\x00\x03\x00\x0a\x12\x07\x00\x0f\x00"
  "\x03\x00\x0a\x12\x08\x00\x0f\x00\x03\x00\x0a\x12\x09\x00\x0f\x00\x03\x00\x0a\x12"
  "\x0a\x00\x0f\x00\x03\x00\x0a\x12\x0b\x00\x0f\x00\x03\x00\x0a\x12\x0c\x00\x0f\x00"
  "\x03\x00\x0a\x12\x0d\x00\x0f\x00\x03\x00\x0a\x12\x0e\x00\x0f\x00\x03\x00\x0b\x00"
  "\x00\x00\x0f\x00\x03\x00\x0b\x00\x01\x00\x0f\x00\x03\x00\x0b\x00\x02\x00\x0f\x00"
  "\x03\x00\x0b\x00\x03\x00\x0f\x00\x03\x00\x0b\x00\x04\x00\x0f\x00\x03\x00\x0b\x00"
  "\x05\x00\x0f\x00\x03\x00\x0b\x00\x06\x00\x0f\x00\x03\x00\x0b\x00\x07\x00\x0f\x00"
  "\x03\x00\x0b\x00\x08\x00\x0f\x00\x03\x00\x0b\x00\x09\x00\x0f\x00\x03\x00\x0b\x00"
  "\x0a\x00\x0f\x00\x03\x00\x0b\x00\x0b\x00\x0f\x00\x03\x00\x0b\x00\x0c\x00\x0f\x00"
  "\x03\x00\x0b\x00\x0d\x00\x0f\x00\x03\x00\x0b\x00\x0e\x00\x0f\x00\x03\x00\x0b\x01"
  "\x00\x00\x0f\x00\x03\x00\x0b\x01\x01\x00\x0f\x00\x03\x00\x0b\x01\x02\x00\x0f\x00"
  "\x03\x00\x0b\x01\x03\x00\x0f\x00\x03\x00\x0b\x01\x04\x00\x0f\x00\x03\x00\x0b\x01"
  "\x05\x00\x0f\x00\x03\x00\x0b\x01\x06\x00\x0f\x00\x03\x00\x0b\x01\x07\x00\x0f\x00"
  "\x03\x00\x0b\x01\x08\x00\x0f\x00\x03\x00\x0b\x01\x09\x00\x0f\x00\x03\x00\x0b\x01"
  "\x0a\x00\x0f\x00\x03\x00\x0b\x01\x0b\x00\x0f\x00\x03\x00\x0b\x01\x0c\x00\x0f\x00"
  "\x03\x00\x0b\x01\x0d\x00\x0f\x00\x03\x00\x0b\x01\x0e\x00\x0f\x00\x03\x00\x0b\x02"
  "\x00\x00\x0f\x00\x03\x00\x0b\x02\x01\x00\x0f\x00\x03\x00\x0b\x02\x02\x00\x0f\x00"
  "\x03\x00\x0b\x02\x03\x00\x0f\x00\x03\x00\x0b\x02\x04\x00\x0f\x00\x03\x00\x0b\x02"
  "\x05\x00\x0f\x00\x03\x00\x0b\x02\x06\x00\x0f\x00\x03\x00\x0b\x02\x07\x00\x0f\x00"
  "\x03\x00\x0b\x02\x08\x00\x0f\x00\x03\x00\x0b\x02\x09\x00\x0f\x00\x03\x00\x0b\x02"
  "\x0a\x00\x0f\x00\x03\x00\x0b\x02\x0b\x00\x0f\x00\x03\x00\x0b\x02\x0c\x00\x0f\x00"
  "\x03\x00\x0b\x02\x0d\x00\x0f\x00\x03\x00\x0b\x02\x0e\x00\x0f\x00\x03\x00\x0b\x03"
  "\x00\x00\x0f\x00\x03\x00\x0b\x03\x01\x00\x0f\x00\x03\x00\x0b\x03\x02\x00\x0f\x00"
  "\x03\x00\x0b\x03\x03\x00\x0f\x00\x03\x00\x0b\x03\x04\x00\x0f\x00\x03\x00\x0b\x03"
  "\x05\x00\x0f\x00\x03\x00\x0b\x03\x06\x00\x0f\x00\x03\x00\x0b\x03\x07\x00\x0f\x00"
  "\x03\x00\x0b\x03\x08\x00\x0f\x00\x03\x00\x0b\x03\x09\x00\x0f\x00\x03\x00\x0b\x03"
  "\x0a\x00\x0f\x00\x03\x00\x0b\x03\x0b\x00\x0f\x00\x03\x00\x0b\x03\x0c\x00\x0f\x00"
  "\x03\x00\x0b\x03\x0d\x00\x0f\x00\x03\x00\x0b\x03\x0e\x00\x0f\x00\x03\x00\x0b\x04"
  "\x00\x00\x0f\x00\x03\x00\x0b\x04\x01\x00\x0f\x00\x03\x00\x0b\x04\x02\x00\x0f\x00"
  "\x03\x00\x0b\x04\x03\x00\x0f\x00\x03\x00\x0b\x04\x04\x00\x0f\x00\x03\x00\x0b\x04"
  "\x05\x00\x0f\x00\x03\x00\x0b\x04\x06\x00\x0f\x00\x03\x00\x0b\x04\x07\x00\x0f\x00"
  "\x03\x00\x0b\x04\x08\x00\x0f\x00\x03\x00\x0b\x04\x09\x00\x0f\x00\x03\x00\x0b\x04"
  "\x0a\x00\x0f\x00\x03\x00\x0b\x04\x0b\x00\x0f\x00\x03\x00\x0b\x04\x0c\x00\x0f\x00"
  "\x03\x00\x0b\x04\x0d\x00\x0f\x00\x03\x00\x0b\x04\x0e\x00\x0f\x00\x03\x00\x0b\x05"
  "\x00\x00\x04\x00\x03\x00\x0b\x05\x01\x00\x04\x00\x03\x00\x0b\x05\x02\x00\x04\x00"
  "\x03\x00\x0b\x05\x03\x00\x04\x00\x03\x00\x0b\x05\x04\x00\x04\x00\x03\x00\x0b\x05"
  "\x05\x00\x04\x00\x03\x00\x0b\x05\x06\x00\x04\x00\x03\x00\x0b\x05\x07\x00\x04\x00"
  "\x03\x00\x0b\x05\x08\x00\x04\x00\x03\x00\x0b\x05\x09\x00\x04\x00\x03\x00\x0b\x05"
  "\x0a\x00\x04\x00\x03\x00\x0b\x05\x0b\x00\x04\x00\x03\x00\x0b\x05\x0c\x00\x04\x00"
  "\x03\x00\x0b\x05\x0d\x00\x0f\x00\x03\x00\x0b\x05\x0e\x00\x0f\x00\x03\x00\x0b\x06"
  "\x00\x00\x04\x00\x03\x00\x0b\x06\x01\x00\x04\x00\x03\x00\x0b\x06\x02\x00\x04\x00"
  "\x03\x00\x0b\x06\x03\x00\x04\x00\x03\x00\x0b\x06\x04\x00\x04\x00\x03\x00\x0b\x06"
  "\x05\x00\x04\x00\x03\x00\x0b\x06\x06\x00\x04\x00\x03\x00\x0b\x06\x07\x00\x04\x00"
  "\x03\x00\x0b\x06\x08\x00\x04\x00\x03\x00\x0b\x06\x09\x00\x04\x00\x03\x00\x0b\x06"
  "\x0a\x00\x04\x00\x03\x00\x0b\x06\x0b\x00\x04\x00\x03\x00\x0b\x06\x0c\x00\x04\x00"
  "\x03\x00\x0b\x06\x0d\x00\x0f\x00\x03\x00\x0b\x06\x0e\x00\x0f\x00\x03\x00\x0b\x07"
  "\x00\x00\x0b\x00\x03\x00\x0b\x07\x01\x00\x0b\x00\x03\x00\x0b\x07\x02\x00\x0b\x00"
  "\x03\x00\x0b\x07\x03\x00\x0b\x00\x03\x00\x0b\x07\x04\x00\x0b\x00\x03\x00\x0b\x07"
  "\x05\x00\x0b\x00\x03\x00\x0b\x07\x06\x00\x0b\x00\x03\x00\x0b\x07\x07\x00\x0b\x00"
  "\x03\x00\x0b\x07\x08\x00\x0b\x00\x03\x00\x0b\x07\x09\x00\x0b\x00\x03\x00\x0b\x07"
  "\x0a\x00\x0b\x00\x03\x00\x0b\x07\x0b\x00\x0b\x00\x03\x00\x0b\x07\x0c\x00\x0b\x00"
  "\x03\x00\x0b\x07\x0d\x00\x0b\x00\x03\x00\x0b\x07\x0e\x00\x0b\x00\x03\x00\x0b\x08"
  "\x00\x00\x0f\x00\x03\x00\x0b\x08\x01\x00\x0f\x00\x03\x00\x0b\x08\x02\x00\x0f\x00"
  "\x03\x00\x0b\x08\x03\x00\x0f\x00\x03\x00\x0b\x08\x04\x00\x0f\x00\x03\x00\x0b\x08"
  "\x05\x00\x0f\x00\x03\x00\x0b\x08\x06\x00\x0f\x00\x03\x00\x0b\x08\x07\x00\x0f\x00"
  "\x03\x00\x0b\x08\x08\x00\x0f\x00\x03\x00\x0b\x08\x09\x00\x0f\x00\x03\x00\x0b\x08"
  "\x0a\x00\x0f\x00\x03\x00\x0b\x08\x0b\x00\x0f\x00\x03\x00\x0b\x08\x0c\x00\x0f\x00"
  "\x03\x00\x0b\x08\x0d\x00\x0f\x00\x03\x00\x0b\x08\x0e\x00\x0f\x00\x03\x00\x0b\x09"
  "\x00\x00\x0f\x00\x03\x00\x0b\x09\x01\x00\x0f\x00\x03\x00\x0b\x09\x02\x00\x0f\x00"
  "\x03\x00\x0b\x09\x03\x00\x0f\x00\x03\x00\x0b\x09\x04\x00\x0f\x00\x03\x00\x0b\x09"
  "\x05\x00\x0f\x00\x03\x00\x0b\x09\x06\x00\x0f\x00\x03\x00\x0b\x09\x07\x00\x0f\x00"
  "\x03\x00\x0b\x09\x08\x00\x0f\x00\x03\x00\x0b\x09\x09\x00\x0f\x00\x03\x00\x0b\x09"
  "\x0a\x00\x0f\x00\x03\x00\x0b\x09\x0b\x00\x0f\x00\x03\x00\x0b\x09\x0c\x00\x0f\x00"
  "\x03\x00\x0b\x09\x0d\x00\x0f\x00\x03\x00\x0b\x09\x0e\x00\x0f\x00\x03\x00\x0b\x0a"
  "\x00\x00\x04\x00\x03\x00\x0b\x0a\x01\x00\x04\x00\x03\x00\x0b\x0a\x02\x00\x04\x00"
  "\x03\x00\x0b\x0a\x03\x00\x04\x00\x03\x00\x0b\x0a\x04\x00\x04\x00\x03\x00\x0b\x0a"
  "\x05\x00\x04\x00\x03\x00\x0b\x0a\x06\x00\x04\x00\x03\x00\x0b\x0a\x07\x00\x04\x00"
  "\x03\x00\x0b\x0a\x08\x00\x04\x00\x03\x00\x0b\x0a\x09\x00\x04\x00\x03\x00\x0b\x0a"
  "\x0a\x00\x04\x00\x03\x00\x0b\x0a\x0b\x00\x04\x00\x03\x00\x0b\x0a\x0c\x00\x04\x00"
  "\x03\x00\x0b\x0a\x0d\x00\x04\x00\x03\x00\x0b\x0a\x0e\x00\x04\x00\x03\x00\x0b\x0b"
  "\x00\x00\x0f\x00\x03\x00\x0b\x0b\x01\x00\x0f\x00\x03\x00\x0b\x0b\x02\x00\x0f\x00"
  "\x03\x00\x0b\x0b\x03\x00\x0f\x00\x03\x00\x0b\x0b\x04\x00\x0f\x00\x03\x00\x0b\x0b"
  "\x05\x00\x0f\x00\x03\x00\x0b\x0b\x06\x00\x0f\x00\x03\x00\x0b\x0b\x07\x00\x0f\x00"
  "\x03\x00\x0b\x0b\x08\x00\x0f\x00\x03\x00\x0b\x0b\x09\x00\x0f\x00\x03\x00\x0b\x0b"
  "\x0a\x00\x0f\x00\x03\x00\x0b\x0b\x0b\x00\x0f\x00\x03\x00\x0b\x0b\x0c\x00\x0f\x00"
  "\x03\x00\x0b\x0b\x0d\x00\x0f\x00\x03\x00\x0b\x0b\x0e\x00\x0f\x00\x03\x00\x0b\x0c"
  "\x00\x00\x04\x00\x03\x00\x0b\x0c\x01\x00\x04\x00\x03\x00\x0b\x0c\x02\x00\x04\x00"
  "\x03\x00\x0b\x0c\x03\x00\x04\x00\x03\x00\x0b\x0c\x04\x00\x04\x00\x03\x00\x0b\x0c"
  "\x05\x00\x04\x00\x03\x00\x0b\x0c\x06\x00\x04\x00\x03\x00\x0b\x0c\x07\x00\x04\x00"
  "\x03\x00\x0b\x0c\x08\x00\x04\x00\x03\x00\x0b\x0c\x09\x00\x04\x00\x03\x00\x0b\x0c"
  "\x0a\x00\x04\x00\x03\x00\x0b\x0c\x0b\x00\x04\x00\x03\x00\x0b\x0c\x0c\x00\x04\x00"
  "\x03\x00\x0b\x0c\x0d\x00\x04\x00\x03\x00\x0b\x0c\x0e\x00\x04\x00\x03\x00\x0b\x0d"
  "\x00\x00\x00\x00\x03\x00\x0b\x0d\x01\x00\x01\x00\x03\x00\x0b\x0d\x02\x00\x02\x00"
  "\x03\x00\x0b\x0d\x03\x00\x03\x00\x03\x00\x0b\x0d\x04\x00\x04\x00\x03\x00\x0b\x0d"
  "\x05\x00\x05\x00\x03\x00\x0b\x0d\x06\x00\x06\x00\x03\x00\x0b\x0d\x07\x00\x07\x00"
  "\x03\x00\x0b\x0d\x08\x00\x08\x00\x03\x00\x0b\x0d\x09\x00\x09\x00\x03\x00\x0b\x0d"
  "\x0a\x00\x0a\x00\x03\x00\x0b\x0d\x0b\x00\x0b\x00\x03\x00\x0b\x0d\x0c\x00\x0c\x00"
  "\x03\x00\x0b\x0d\x0d\x00\x0d\x00\x03\x00\x0b\x0d\x0e\x00\x0e\x00\x03\x00\x0b\x0e"
  "\x00\x00\x0f\x00\x03\x00\x0b\x0e\x01\x00\x0f\x00\x03\x00\x0b\x0e\x02\x00\x0f\x00"
  "\x03\x00\x0b\x0e\x03\x00\x0f\x00\x03\x00\x0b\x0e\x04\x00\x0f\x00\x03\x00\x0b\x0e"
  "\x05\x00\x0f\x00\x03\x00\x0b\x0e\x06\x00\x0f\x00\x03\x00\x0b\x0e\x07\x00\x0f\x00"
  "\x03\x00\x0b\x0e\x08\x00\x0f\x00\x03\x00\x0b\x0e\x09\x00\x0f\x00\x03\x00\x0b\x0e"
  "\x0a\x00\x0f\x00\x03\x00\x0b\x0e\x0b\x00\x0f\x00\x03\x00\x0b\x0e\x0c\x00\x0f\x00"
  "\x03\x00\x0b\x0e\x0d\x00\x0f\x00\x03\x00\x0b\x0e\x0e\x00\x0f\x00\x03\x00\x0b\x0f"
  "\x00\x00\x0f\x00\x03\x00\x0b\x0f\x01\x00\x0f\x00\x03\x00\x0b\x0f\x02\x00\x0f\x00"
  "\x03\x00\x0b\x0f\x03\x00\x0f\x00\x03\x00\x0b\x0f\x04\x00\x0f\x00\x03\x00\x0b\x0f"
  "\x05\x00\x0f\x00\x03\x00\x0b\x0f\x06\x00\x0f\x00\x03\x00\x0b\x0f\x07\x00\x0f\x00"
  "\x03\x00\x0b\x0f\x08\x00\x0f\x00\x03\x00\x0b\x0f\x09\x00\x0f\x00\x03\x00\x0b\x0f"
  "\x0a\x00\x0f\x00\x03\x00\x0b\x0f\x0b\x00\x0f\x00\x03\x00\x0b\x0f\x0c\x00\x0f\x00"
  "\x03\x00\x0b\x0f\x0d\x00\x0f\x00\x03\x00\x0b\x0f\x0e\x00\x0f\x00\x03\x00\x0b\x10"
  "\x00\x00\x0f\x00\x03\x00\x0b\x10\x01\x00\x0f\x00\x03\x00\x0b\x10\x02\x00\x0f\x00"
  "\x03\x00\x0b\x10\x03\x00\x0f\x00\x03\x00\x0b\x10\x04\x00\x0f\x00\x03\x00\x0b\x10"
  "\x05\x00\x0f\x00\x03\x00\x0b\x10\x06\x00\x0f\x00\x03\x00\x0b\x10\x07\x00\x0f\x00"
  "\x03\x00\x0b\x10\x08\x00\x0f\x00\x03\x00\x0b\x10\x09\x00\x0f\x00\x03\x00\x0b\x10"
  "\x0a\x00\x0f\x00\x03\x00\x0b\x10\x0b\x00\x0f\x00\x03\x00\x0b\x10\x0c\x00\x0f\x00"
  "\x03\x00\x0b\x10\x0d\x00\x0f\x00\x03\x00\x0b\x10\x0e\x00\x0f\x00\x03\x00\x0b\x11"
  "\x00\x00\x0f\x00\x03\x00\x0b\x11\x01\x00\x0f\x00\x03\x00\x0b\x11\x02\x00\x0f\x00"
  "\x03\x00\x0b\x11\x03\x00\x0f\x00\x03\x00\x0b\x11\x04\x00\x0f\x00\x03\x00\x0b\x11"
  "\x05\x00\x0f\x00\x03\x00\x0b\x11\x06\x00\x0f\x00\x03\x00\x0b\x11\x07\x00\x0f\x00"
  "\x03\x00\x0b\x11\x08\x00\x0f\x00\x03\x00\x0b\x11\x09\x00\x0f\x00\x03\x00\x0b\x11"
  "\x0a\x00\x0f\x00\x03\x00\x0b\x11\x0b\x00\x0f\x00\x03\x00\x0b\x11\x0c\x00\x0f\x00"
  "\x03\x00\x0b\x11\x0d\x00\x0f\x00\x03\x00\x0b\x11\x0e\x00\x0f\x00\x03\x00\x0b\x12"
  "\x00\x00\x0f\x00\x03\x00\x0b\x12\x01\x00\x0f\x00\x03\x00\x0b\x12\x02\x00\x0f\x00"
  "\x03\x00\x0b\x12\x03\x00\x0f\x00\x03\x00\x0b\x12\x04\x00\x0f\x00\x03\x00\x0b\x12"
  "\x05\x00\x0f\x00\x03\x00\x0b\x12\x06\x00\x0f\x00\x03\x00\x0b\x12\x07\x00\x0f\x00"
  "\x03\x00\x0b\x12\x08\x00\x0f\x00\x03\x00\x0b\x12\x09\x00\x0f\x00\x03\x00\x0b\x12"
  "\x0a\x00\x0f\x00\x03\x00\x0b\x12\x0b\x00\x0f\x00\x03\x00\x0b\x12\x0c\x00\x0f\x00"
  "\x03\x00\x0b\x12\x0d\x00\x0f\x00\x03\x00\x0b\x12\x0e\x00\x0f\x00\x03\x00\x0c\x00"
  "\x00\x00\x0f\x00\x03\x00\x0c\x00\x01\x00\x0f\x00\x03\x00\x0c\x00\x02\x00\x0f\x00"
  "\x03\x00\x0c\x00\x03\x00\x0f\x00\x03\x00\x0c\x00\x04\x00\x0f\x00\x03\x00\x0c\x00"
  "\x05\x00\x0f\x00\x03\x00\x0c\x00\x06\x00\x0f\x00\x03\x00\x0c\x00\x07\x00\x0f\x00"
  "\x03\x00\x0c\x00\x08\x00\x0f\x00\x03\x00\x0c\x00\x09\x00\x0f\x00\x03\x00\x0c\x00"
  "\x0a\x00\x0f\x00\x03\x00\x0c\x00\x0b\x00\x0f\x00\x03\x00\x0c\x00\x0c\x00\x0f\x00"
  "\x03\x00\x0c\x00\x0d\x00\x0f\x00\x03\x00\x0c\x00\x0e\x00\x0f\x00\x03\x00\x0c\x01"
  "\x00\x00\x0f\x00\x03\x00\x0c\x01\x01\x00\x0f\x00\x03\x00\x0c\x01\x02\x00\x0f\x00"
  "\x03\x00\x0c\x01\x03\x00\x0f\x00\x03\x00\x0c\x01\x04\x00\x0f\x00\x03\x00\x0c\x01"
  "\x05\x00\x0f\x00\x03\x00\x0c\x01\x06\x00\x0f\x00\x03\x00\x0c\x01\x07\x00\x0f\x00"
  "\x03\x00\x0c\x01\x08\x00\x0f\x00\x03\x00\x0c\x01\x09\x00\x0f\x00\x03\x00\x0c\x01"
  "\x0a\x00\x0f\x00\x03\x00\x0c\x01\x0b\x00\x0f\x00\x03\x00\x0c\x01\x0c\x00\x0f\x00"
  "\x03\x00\x0c\x01\x0d\x00\x0f\x00\x03\x00\x0c\x01\x0e\x00\x0f\x00\x03\x00\x0c\x02"
  "\x00\x00\x0f\x00\x03\x00\x0c\x02\x01\x00\x0f\x00\x03\x00\x0c\x02\x02\x00\x0f\x00"
  "\x03\x00\x0c\x02\x03\x00\x0f\x00\x03\x00\x0c\x02\x04\x00\x0f\x00\x03\x00\x0c\x02"
  "\x05\x00\x0f\x00\x03\x00\x0c\x02\x06\x00\x0f\x00\x03\x00\x0c\x02\x07\x00\x0f\x00"
  "\x03\x00\x0c\x02\x08\x00\x0f\x00\x03\x00\x0c\x02\x09\x00\x0f\x00\x03\x00\x0c\x02"
  "\x0a\x00\x0f\x00\x03\x00\x0c\x02\x0b\x00\x0f\x00\x03\x00\x0c\x02\x0c\x00\x0f\x00"
  "\x03\x00\x0c\x02\x0d\x00\x0f\x00\x03\x00\x0c\x02\x0e\x00\x0f\x00\x03\x00\x0c\x03"
  "\x00\x00\x0f\x00\x03\x00\x0c\x03\x01\x00\x0f\x00\x03\x00\x0c\x03\x02\x00\x0f\x00"
  "\x03\x00\x0c\x03\x03\x00\x0f\x00\x03\x00\x0c\x03\x04\x00\x0f\x00\x03\x00\x0c\x03"
  "\x05\x00\x0f\x00\x03\x00\x0c\x03\x06\x00\x0f\x00\x03\x00\x0c\x03\x07\x00\x0f\x00"
  "\x03\x00\x0c\x03\x08\x00\x0f\x00\x03\x00\x0c\x03\x09\x00\x0f\x00\x03\x00\x0c\x03"
  "\x0a\x00\x0f\x00\x03\x00\x0c\x03\x0b\x00\x0f\x00\x03\x00\x0c\x03\x0c\x00\x0f\x00"
  "\x03\x00\x0c\x03\x0d\x00\x0f\x00\x03\x00\x0c\x03\x0e\x00\x0f\x00\x03\x00\x0c\x04"
  "\x00\x00\x0f\x00\x03\x00\x0c\x04\x01\x00\x0f\x00\x03\x00\x0c\x04\x02\x00\x0f\x00"
  "\x03\x00\x0c\x04\x03\x00\x0f\x00\x03\x00\x0c\x04\x04\x00\x0f\x00\x03\x00\x0c\x04"
  "\x05\x00\x0f\x00\x03\x00\x0c\x04\x06\x00\x0f\x00\x03\x00\x0c\x04\x07\x00\x0f\x00"
  "\x03\x00\x0c\x04\x08\x00\x0f\x00\x03\x00\x0c\x04\x09\x00\x0f\x00\x03\x00\x0c\x04"
  "\x0a\x00\x0f\x00\x03\x00\x0c\x04\x0b\x00\x0f\x00\x03\x00\x0c\x04\x0c\x00\x0f\x00"
  "\x03\x00\x0c\x04\x0d\x00\x0f\x00\x03\x00\x0c\x04\x0e\x00\x0f\x00\x03\x00\x0c\x05"
  "\x00\x00\x04\x00\x03\x00\x0c\x05\x01\x00\x04\x00\x03\x00\x0c\x05\x02\x00\x04\x00"
  "\x03\x00\x0c\x05\x03\x00\x04\x00\x03\x00\x0c\x05\x04\x00\x04\x00\x03\x00\x0c\x05"
  "\x05\x00\x04\x00\x03\x00\x0c\x05\x06\x00\x04\x00\x03\x00\x0c\x05\x07\x00\x04\x00"
  "\x03\x00\x0c\x05\x08\x00\x04\x00\x03\x00\x0c\x05\x09\x00\x04\x00\x03\x00\x0c\x05"
  "\x0a\x00\x04\x00\x03\x00\x0c\x05\x0b\x00\x04\x00\x03\x00\x0c\x05\x0c\x00\x04\x00"
  "\x03\x00\x0c\x05\x0d\x00\x0f\x00\x03\x00\x0c\x05\x0e\x00\x0f\x00\x03\x00\x0c\x06"
  "\x00\x00\x04\x00\x03\x00\x0c\x06\x01\x00\x04\x00\x03\x00\x0c\x06\x02\x00\x04\x00"
  "\x03\x00\x0c\x06\x03\x00\x04\x00\x03\x00\x0c\x06\x04\x00\x04\x00\x03\x00\x0c\x06"
  "\x05\x00\x04\x00\x03\x00\x0c\x06\x06\x00\x04\x00\x03\x00\x0c\x06\x07\x00\x04\x00"
  "\x03\x00\x0c\x06\x08\x00\x04\x00\x03\x00\x0c\x06\x09\x00\x04\x00\x03\x00\x0c\x06"
  "\x0a\x00\x04\x00\x03\x00\x0c\x06\x0b\x00\x04\x00\x03\x00\x0c\x06\x0c\x00\x04\x00"
  "\x03\x00\x0c\x06\x0d\x00\x0f\x00\x03\x00\x0c\x06\x0e\x00\x0f\x00\x03\x00\x0c\x07"
  "\x00\x00\x0c\x00\x03\x00\x0c\x07\x01\x00\x0c\x00\x03\x00\x0c\x07\x02\x00\x0c\x00"
  "\x03\x00\x0c\x07\x03\x00\x0c\x00\x03\x00\x0c\x07\x04\x00\x0c\x00\x03\x00\x0c\x07"
  "\x05\x00\x0c\x00\x03\x00\x0c\x07\x06\x00\x0c\x00\x03\x00\x0c\x07\x07\x00\x0c\x00"
  "\x03\x00\x0c\x07\x08\x00\x0c\x00\x03\x00\x0c\x07\x09\x00\x0c\x00\x03\x00\x0c\x07"
  "\x0a\x00\x0c\x00\x03\x00\x0c\x07\x0b\x00\x0c\x00\x03\x00\x0c\x07\x0c\x00\x0c\x00"
  "\x03\x00\x0c\x07\x0d\x00\x0c\x00\x03\x00\x0c\x07\x0e\x00\x0c\x00\x03\x00\x0c\x08"
  "\x00\x00\x0f\x00\x03\x00\x0c\x08\x01\x00\x0f\x00\x03\x00\x0c\x08\x02\x00\x0f\x00"
  "\x03\x00\x0c\x08\x03\x00\x0f\x00\x03\x00\x0c\x08\x04\x00\x0f\x00\x03\x00\x0c\x08"
  "\x05\x00\x0f\x00\x03\x00\x0c\x08\x06\x00\x0f\x00\x03\x00\x0c\x08\x07\x00\x0f\x00"
  "\x03\x00\x0c\x08\x08\x00\x0f\x00\x03\x00\x0c\x08\x09\x00\x0f\x00\x03\x00\x0c\x08"
  "\x0a\x00\x0f\x00\x03\x00\x0c\x08\x0b\x00\x0f\x00\x03\x00\x0c\x08\x0c\x00\x0f\x00"
  "\x03\x00\x0c\x08\x0d\x00\x0f\x00\x03\x00\x0c\x08\x0e\x00\x0f\x00\x03\x00\x0c\x09"
  "\x00\x00\x0f\x00\x03\x00\x0c\x09\x01\x00\x0f\x00\x03\x00\x0c\x09\x02\x00\x0f\x00"
  "\x03\x00\x0c\x09\x03\x00\x0f\x00\x03\x00\x0c\x09\x04\x00\x0f\x00\x03\x00\x0c\x09"
  "\x05\x00\x0f\x00\x03\x00\x0c\x09\x06\x00\x0f\x00\x03\x00\x0c\x09\x07\x00\x0f\x00"
  "\x03\x00\x0c\x09\x08\x00\x0f\x00\x03\x00\x0c\x09\x09\x00\x0f\x00\x03\x00\x0c\x09"
  "\x0a\x00\x0f\x00\x03\x00\x0c\x09\x0b\x00\x0f\x00\x03\x00\x0c\x09\x0c\x00\x0f\x00"
  "\x03\x00\x0c\x09\x0d\x00\x0f\x00\x03\x00\x0c\x09\x0e\x00\x0f\x00\x03\x00\x0c\x0a"
  "\x00\x00\x0f\x00\x03\x00\x0c\x0a\x01\x00\x0f\x00\x03\x00\x0c\x0a\x02\x00\x0f\x00"
  "\x03\x00\x0c\x0a\x03\x00\x0f\x00\x03\x00\x0c\x0a\x04\x00\x0f\x00\x03\x00\x0c\x0a"
  "\x05\x00\x0f\x00\x03\x00\x0c\x0a\x06\x00\x0f\x00\x03\x00\x0c\x0a\x07\x00\x0f\x00"
  "\x03\x00\x0c\x0a\x08\x00\x0f\x00\x03\x00\x0c\x0a\x09\x00\x0f\x00\x03\x00\x0c\x0a"
  "\x0a\x00\x0f\x00\x03\x00\x0c\x0a\x0b\x00\x0f\x00\x03\x00\x0c\x0a\x0c\x00\x0f\x00"
  "\x03\x00\x0c\x0a\x0d\x00\x0f\x00\x03\x00\x0c\x0a\x0e\x00\x0f\x00\x03\x00\x0c\x0b"
  "\x00\x00\x04\x00\x03\x00\x0c\x0b\x01\x00\x04\x00\x03\x00\x0c\x0b\x02\x00\x04\x00"
  "\x03\x00\x0c\x0b\x03\x00\x04\x00\x03\x00\x0c\x0b\x04\x00\x04\x00\x03\x00\x0c\x0b"
  "\x05\x00\x04\x00\x03\x00\x0c\x0b\x06\x00\x04\x00\x03\x00\x0c\x0b\x07\x00\x04\x00"
  "\x03\x00\x0c\x0b\x08\x00\x04\x00\x03\x00\x0c\x0b\x09\x00\x04\x00\x03\x00\x0c\x0b"
  "\x0a\x00\x04\x00\x03\x00\x0c\x0b\x0b\x00\x04\x00\x03\x00\x0c\x0b\x0c\x00\x04\x00"
  "\x03\x00\x0c\x0b\x0d\x00\x04\x00\x03\x00\x0c\x0b\x0e\x00\x04\x00\x03\x00\x0c\x0c"
  "\x00\x00\x04\x00\x03\x00\x0c\x0c\x01\x00\x04\x00\x03\x00\x0c\x0c\x02\x00\x04\x00"
  "\x03\x00\x0c\x0c\x03\x00\x04\x00\x03\x00\x0c\x0c\x04\x00\x04\x00\x03\x00\x0c\x0c"
  "\x05\x00\x04\x00\x03\x00\x0c\x0c\x06\x00\x04\x00\x03\x00\x0c\x0c\x07\x00\x04\x00"
  "\x03\x00\x0c\x0c\x08\x00\x04\x00\x03\x00\x0c\x0c\x09\x00\x04\x00\x03\x00\x0c\x0c"
  "\x0a\x00\x04\x00\x03\x00\x0c\x0c\x0b\x00\x04\x00\x03\x00\x0c\x0c\x0c\x00\x04\x00"
  "\x03\x00\x0c\x0c\x0d\x00\x04\x00\x03\x00\x0c\x0c\x0e\x00\x04\x00\x03\x00\x0c\x0d"
  "\x00\x00\x00\x00\x03\x00\x0c\x0d\x01\x00\x01\x00\x03\x00\x0c\x0d\x02\x00\x02\x00"
  "\x03\x00\x0c\x0d\x03\x00\x03\x00\x03\x00\x0c\x0d\x04\x00\x04\x00\x03\x00\x0c\x0d"
  "\x05\x00\x05\x00\x03\x00\x0c\x0d\x06\x00\x06\x00\x03\x00\x0c\x0d\x07\x00\x07\x00"
  "\x03\x00\x0c\x0d\x08\x00\x08\x00\x03\x00\x0c\x0d\x09\x00\x09\x00\x03\x00\x0c\x0d"
  "\x0a\x00\x0a\x00\x03\x00\x0c\x0d\x0b\x00\x0b\x00\x03\x00\x0c\x0d\x0c\x00\x0c\x00"
  "\x03\x00\x0c\x0d\x0d\x00\x0d\x00\x03\x00\x0c\x0d\x0e\x00\x0e\x00\x03\x00\x0c\x0e"
  "\x00\x00\x0f\x00\x03\x00\x0c\x0e\x01\x00\x0f\x00\x03\x00\x0c\x0e\x02\x00\x0f\x00"
  "\x03\x00\x0c\x0e\x03\x00\x0f\x00\x03\x00\x0c\x0e\x04\x00\x0f\x00\x03\x00\x0c\x0e"
  "\x05\x00\x0f\x00\x03\x00\x0c\x0e\x06\x00\x0f\x00\x03\x00\x0c\x0e\x07\x00\x0f\x00"
  "\x03\x00\x0c\x0e\x08\x00\x0f\x00\x03\x00\x0c\x0e\x09\x00\x0f\x00\x03\x00\x0c\x0e"
  "\x0a\x00\x0f\x00\x03\x00\x0c\x0e\x0b\x00\x0f\x00\x03\x00\x0c\x0e\x0c\x00\x0f\x00"
  "\x03\x00\x0c\x0e\x0d\x00\x0f\x00\x03\x00\x0c\x0e\x0e\x00\x0f\x00\x03\x00\x0c\x0f"
  "\x00\x00\x0f\x00\x03\x00\x0c\x0f\x01\x00\x0f\x00\x03\x00\x0c\x0f\x02\x00\x0f\x00"
  "\x03\x00\x0c\x0f\x03\x00\x0f\x00\x03\x00\x0c\x0f\x04\x00\x0f\x00\x03\x00\x0c\x0f"
  "\x05\x00\x0f\x00\x03\x00\x0c\x0f\x06\x00\x0f\x00\x03\x00\x0c\x0f\x07\x00\x0f\x00"
  "\x03\x00\x0c\x0f\x08\x00\x0f\x00\x03\x00\x0c\x0f\x09\x00\x0f\x00\x03\x00\x0c\x0f"
  "\x0a\x00\x0f\x00\x03\x00\x0c\x0f\x0b\x00\x0f\x00\x03\x00\x0c\x0f\x0c\x00\x0f\x00"
  "\x03\x00\x0c\x0f\x0d\x00\x0f\x00\x03\x00\x0c\x0f\x0e\x00\x0f\x00\x03\x00\x0c\x10"
  "\x00\x00\x0f\x00\x03\x00\x0c\x10\x01\x00\x0f\x00\x03\x00\x0c\x10\x02\x00\x0f\x00"
  "\x03\x00\x0c\x10\x03\x00\x0f\x00\x03\x00\x0c\x10\x04\x00\x0f\x00\x03\x00\x0c\x10"
  "\x05\x00\x0f\x00\x03\x00\x0c\x10\x06\x00\x0f\x00\x03\x00\x0c\x10\x07\x00\x0f\x00"
  "\x03\x00\x0c\x10\x08\x00\x0f\x00\x03\x00\x0c\x10\x09\x00\x0f\x00\x03\x00\x0c\x10"
  "\x0a\x00\x0f\x00\x03\x00\x0c\x10\x0b\x00\x0f\x00\x03\x00\x0c\x10\x0c\x00\x0f\x00"
  "\x03\x00\x0c\x10\x0d\x00\x0f\x00\x03\x00\x0c\x10\x0e\x00\x0f\x00\x03\x00\x0c\x11"
  "\x00\x00\x0f\x00\x03\x00\x0c\x11\x01\x00\x0f\x00\x03\x00\x0c\x11\x02\x00\x0f\x00"
  "\x03\x00\x0c\x11\x03\x00\x0f\x00\x03\x00\x0c\x11\x04\x00\x0f\x00\x03\x00\x0c\x11"
  "\x05\x00\x0f\x00\x03\x00\x0c\x11\x06\x00\x0f\x00\x03\x00\x0c\x11\x07\x00\x0f\x00"
  "\x03\x00\x0c\x11\x08\x00\x0f\x00\x03\x00\x0c\x11\x09\x00\x0f\x00\x03\x00\x0c\x11"
  "\x0a\x00\x0f\x00\x03\x00\x0c\x11\x0b\x00\x0f\x00\x03\x00\x0c\x11\x0c\x00\x0f\x00"
  "\x03\x00\x0c\x11\x0d\x00\x0f\x00\x03\x00\x0c\x11\x0e\x00\x0f\x00\x03\x00\x0c\x12"
  "\x00\x00\x0f\x00\x03\x00\x0c\x12\x01\x00\x0f\x00\x03\x00\x0c\x12\x02\x00\x0f\x00"
  "\x03\x00\x0c\x12\x03\x00\x0f\x00\x03\x00\x0c\x12\x04\x00\x0f\x00\x03\x00\x0c\x12"
  "\x05\x00\x0f\x00\x03\x00\x0c\x12\x06\x00\x0f\x00\x03\x00\x0c\x12\x07\x00\x0f\x00"
  "\x03\x00\x0c\x12\x08\x00\x0f\x00\x03\x00\x0c\x12\x09\x00\x0f\x00\x03\x00\x0c\x12"
  "\x0a\x00\x0f\x00\x03\x00\x0c\x12\x0b\x00\x0f\x00\x03\x00\x0c\x12\x0c\x00\x0f\x00"
  "\x03\x00\x0c\x12\x0d\x00\x0f\x00\x03\x00\x0c\x12\x0e\x00\x0f\x00\x03\x00\x0d\x00"
  "\x00\x00\x0f\x00\x03\x00\x0d\x00\x01\x00\x0d\x00\x03\x00\x0d\x00\x02\x00\x0d\x00"
  "\x03\x00\x0d\x00\x03\x00\x0d\x00\x03\x00\x0d\x00\x04\x00\x0d\x00\x03\x00\x0d\x00"
  "\x05\x00\x0d\x00\x03\x00\x0d\x00\x06\x00\x0d\x00\x03\x00\x0d\x00\x07\x00\x0d\x00"
  "\x03\x00\x0d\x00\x08\x00\x0d\x00\x03\x00\x0d\x00\x09\x00\x0f\x00\x03\x00\x0d\x00"
  "\x0a\x00\x0f\x00\x03\x00\x0d\x00\x0b\x00\x0f\x00\x03\x00\x0d\x00\x0c\x00\x0f\x00"
  "\x03\x00\x0d\x00\x0d\x00\x0d\x00\x03\x00\x0d\x00\x0e\x00\x0e\x00\x03\x00\x0d\x01"
  "\x00\x00\x0f\x00\x03\x00\x0d\x01\x01\x00\x0d\x00\x03\x00\x0d\x01\x02\x00\x0d\x00"
  "\x03\x00\x0d\x01\x03\x00\x0d\x00\x03\x00\x0d\x01\x04\x00\x0d\x00\x03\x00\x0d\x01"
  "\x05\x00\x0d\x00\x03\x00\x0d\x01\x06\x00\x0d\x00\x03\x00\x0d\x01\x07\x00\x0d\x00"
  "\x03\x00\x0d\x01\x08\x00\x0d\x00\x03\x00\x0d\x01\x09\x00\x0f\x00\x03\x00\x0d\x01"
  "\x0a\x00\x0f\x00\x03\x00\x0d\x01\x0b\x00\x0f\x00\x03\x00\x0d\x01\x0c\x00\x0f\x00"
  "\x03\x00\x0d\x01\x0d\x00\x0d\x00\x03\x00\x0d\x01\x0e\x00\x0e\x00\x03\x00\x0d\x02"
  "\x00\x00\x0f\x00\x03\x00\x0d\x02\x01\x00\x0d\x00\x03\x00\x0d\x02\x02\x00\x0d\x00"
  "\x03\x00\x0d\x02\x03\x00\x0d\x00\x03\x00\x0d\x02\x04\x00\x0d\x00\x03\x00\x0d\x02"
  "\x05\x00\x0d\x00\x03\x00\x0d\x02\x06\x00\x0d\x00\x03\x00\x0d\x02\x07\x00\x0d\x00"
  "\x03\x00\x0d\x02\x08\x00\x0d\x00\x03\x00\x0d\x02\x09\x00\x0f\x00\x03\x00\x0d\x02"
  "\x0a\x00\x0f\x00\x03\x00\x0d\x02\x0b\x00\x0f\x00\x03\x00\x0d\x02\x0c\x00\x0f\x00"
  "\x03\x00\x0d\x02\x0d\x00\x0d\x00\x03\x00\x0d\x02\x0e\x00\x0e\x00\x03\x00\x0d\x03"
  "\x00\x00\x0f\x00\x03\x00\x0d\x03\x01\x00\x0d\x00\x03\x00\x0d\x03\x02\x00\x0d\x00"
  "\x03\x00\x0d\x03\x03\x00\x0d\x00\x03\x00\x0d\x03\x04\x00\x0d\x00\x03\x00\x0d\x03"
  "\x05\x00\x0d\x00\x03\x00\x0d\x03\x06\x00\x0d\x00\x03\x00\x0d\x03\x07\x00\x0d\x00"
  "\x03\x00\x0d\x03\x08\x00\x0d\x00\x03\x00\x0d\x03\x09\x00\x0f\x00\x03\x00\x0d\x03"
  "\x0a\x00\x0f\x00\x03\x00\x0d\x03\x0b\x00\x0f\x00\x03\x00\x0d\x03\x0c\x00\x0f\x00"
  "\x03\x00\x0d\x03\x0d\x00\x0d\x00\x03\x00\x0d\x03\x0e\x00\x0e\x00\x03\x00\x0d\x04"
  "\x00\x00\x0f\x00\x03\x00\x0d\x04\x01\x00\x0f\x00\x03\x00\x0d\x04\x02\x00\x0f\x00"
  "\x03\x00\x0d\x04\x03\x00\x0f\x00\x03\x00\x0d\x04\x04\x00\x0f\x00\x03\x00\x0d\x04"
  "\x05\x00\x0f\x00\x03\x00\x0d\x04\x06\x00\x0f\x00\x03\x00\x0d\x04\x07\x00\x0f\x00"
  "\x03\x00\x0d\x04\x08\x00\x0f\x00\x03\x00\x0d\x04\x09\x00\x0f\x00\x03\x00\x0d\x04"
  "\x0a\x00\x0f\x00\x03\x00\x0d\x04\x0b\x00\x0f\x00\x03\x00\x0d\x04\x0c\x00\x0f\x00"
  "\x03\x00\x0d\x04\x0d\x00\x0f\x00\x03\x00\x0d\x04\x0e\x00\x0f\x00\x03\x00\x0d\x05"
  "\x00\x00\x0f\x00\x03\x00\x0d\x05\x01\x00\x04\x00\x03\x00\x0d\x05\x02\x00\x04\x00"
  "\x03\x00\x0d\x05\x03\x00\x04\x00\x03\x00\x0d\x05\x04\x00\x04\x00\x03\x00\x0d\x05"
  "\x05\x00\x04\x00\x03\x00\x0d\x05\x06\x00\x04\x00\x03\x00\x0d\x05\x07\x00\x04\x00"
  "\x03\x00\x0d\x05\x08\x00\x04\x00\x03\x00\x0d\x05\x09\x00\x0f\x00\x03\x00\x0d\x05"
  "\x0a\x00\x0f\x00\x03\x00\x0d\x05\x0b\x00\x0f\x00\x03\x00\x0d\x05\x0c\x00\x0f\x00"
  "\x03\x00\x0d\x05\x0d\x00\x04\x00\x03\x00\x0d\x05\x0e\x00\x04\x00\x03\x00\x0d\x06"
  "\x00\x00\x0f\x00\x03\x00\x0d\x06\x01\x00\x04\x00\x03\x00\x0d\x06\x02\x00\x04\x00"
  "\x03\x00\x0d\x06\x03\x00\x04\x00\x03\x00\x0d\x06\x04\x00\x04\x00\x03\x00\x0d\x06"
  "\x05\x00\x04\x00\x03\x00\x0d\x06\x06\x00\x04\x00\x03\x00\x0d\x06\x07\x00\x04\x00"
  "\x03\x00\x0d\x06\x08\x00\x04\x00\x03\x00\x0d\x06\x09\x00\x0f\x00\x03\x00\x0d\x06"
  "\x0a\x00\x0f\x00\x03\x00\x0d\x06\x0b\x00\x0f\x00\x03\x00\x0d\x06\x0c\x00\x0f\x00"
  "\x03\x00\x0d\x06\x0d\x00\x04\x00\x03\x00\x0d\x06\x0e\x00\x04\x00\x03\x00\x0d\x07"
  "\x00\x00\x0d\x00\x03\x00\x0d\x07\x01\x00\x0d\x00\x03\x00\x0d\x07\x02\x00\x0d\x00"
  "\x03\x00\x0d\x07\x03\x00\x0d\x00\x03\x00\x0d\x07\x04\x00\x0d\x00\x03\x00\x0d\x07"
  "\x05\x00\x0d\x00\x03\x00\x0d\x07\x06\x00\x0d\x00\x03\x00\x0d\x07\x07\x00\x0d\x00"
  "\x03\x00\x0d\x07\x08\x00\x0d\x00\x03\x00\x0d\x07\x09\x00\x0d\x00\x03\x00\x0d\x07"
  "\x0a\x00\x0d\x00\x03\x00\x0d\x07\x0b\x00\x0d\x00\x03\x00\x0d\x07\x0c\x00\x0d\x00"
  "\x03\x00\x0d\x07\x0d\x00\x0d\x00\x03\x00\x0d\x07\x0e\x00\x0d\x00\x03\x00\x0d\x08"
  "\x00\x00\x0f\x00\x03\x00\x0d\x08\x01\x00\x0f\x00\x03\x00\x0d\x08\x02\x00\x0f\x00"
  "\x03\x00\x0d\x08\x03\x00\x0f\x00\x03\x00\x0d\x08\x04\x00\x0f\x00\x03\x00\x0d\x08"
  "\x05\x00\x0f\x00\x03\x00\x0d\x08\x06\x00\x0f\x00\x03\x00\x0d\x08\x07\x00\x0f\x00"
  "\x03\x00\x0d\x08\x08\x00\x0f\x00\x03\x00\x0d\x08\x09\x00\x0f\x00\x03\x00\x0d\x08"
  "\x0a\x00\x0f\x00\x03\x00\x0d\x08\x0b\x00\x0f\x00\x03\x00\x0d\x08\x0c\x00\x0f\x00"
  "\x03\x00\x0d\x08\x0d\x00\x0f\x00\x03\x00\x0d\x08\x0e\x00\x0f\x00\x03\x00\x0d\x09"
  "\x00\x00\x0f\x00\x03\x00\x0d\x09\x01\x00\x0f\x00\x03\x00\x0d\x09\x02\x00\x0f\x00"
  "\x03\x00\x0d\x09\x03\x00\x0f\x00\x03\x00\x0d\x09\x04\x00\x0f\x00\x03\x00\x0d\x09"
  "\x05\x00\x0f\x00\x03\x00\x0d\x09\x06\x00\x0f\x00\x03\x00\x0d\x09\x07\x00\x0f\x00"
  "\x03\x00\x0d\x09\x08\x00\x0f\x00\x03\x00\x0d\x09\x09\x00\x0f\x00\x03\x00\x0d\x09"
  "\x0a\x00\x0f\x00\x03\x00\x0d\x09\x0b\x00\x0f\x00\x03\x00\x0d\x09\x0c\x00\x0f\x00"
  "\x03\x00\x0d\x09\x0d\x00\x0f\x00\x03\x00\x0d\x09\x0e\x00\x0f\x00\x03\x00\x0d\x0a"
  "\x00\x00\x0f\x00\x03\x00\x0d\x0a\x01\x00\x0f\x00\x03\x00\x0d\x0a\x02\x00\x0f\x00"
  "\x03\x00\x0d\x0a\x03\x00\x0f\x00\x03\x00\x0d\x0a\x04\x00\x0f\x00\x03\x00\x0d\x0a"
  "\x05\x00\x0f\x00\x03\x00\x0d\x0a\x06\x00\x0f\x00\x03\x00\x0d\x0a\x07\x00\x0f\x00"
  "\x03\x00\x0d\x0a\x08\x00\x0f\x00\x03\x00\x0d\x0a\x09\x00\x0f\x00\x03\x00\x0d\x0a"
  "\x0a\x00\x0f\x00\x03\x00\x0d\x0a\x0b\x00\x0f\x00\x03\x00\x0d\x0a\x0c\x00\x0f\x00"
  "\x03\x00\x0d\x0a\x0d\x00\x0f\x00\x03\x00\x0d\x0a\x0e\x00\x0f\x00\x03\x00\x0d\x0b"
  "\x00\x00\x0f\x00\x03\x00\x0d\x0b\x01\x00\x0f\x00\x03\x00\x0d\x0b\x02\x00\x0f\x00"
  "\x03\x00\x0d\x0b\x03\x00\x0f\x00\x03\x00\x0d\x0b\x04\x00\x0f\x00\x03\x00\x0d\x0b"
  "\x05\x00\x0f\x00\x03\x00\x0d\x0b\x06\x00\x0f\x00\x03\x00\x0d\x0b\x07\x00\x0f\x00"
  "\x03\x00\x0d\x0b\x08\x00\x0f\x00\x03\x00\x0d\x0b\x09\x00\x0f\x00\x03\x00\x0d\x0b"
  "\x0a\x00\x0f\x00\x03\x00\x0d\x0b\x0b\x00\x0f\x00\x03\x00\x0d\x0b\x0c\x00\x0f\x00"
  "\x03\x00\x0d\x0b\x0d\x00\x0f\x00\x03\x00\x0d\x0b\x0e\x00\x0f\x00\x03\x00\x0d\x0c"
  "\x00\x00\x04\x00\x03\x00\x0d\x0c\x01\x00\x04\x00\x03\x00\x0d\x0c\x02\x00\x04\x00"
  "\x03\x00\x0d\x0c\x03\x00\x04\x00\x03\x00\x0d\x0c\x04\x00\x04\x00\x03\x00\x0d\x0c"
  "\x05\x00\x04\x00\x03\x00\x0d\x0c\x06\x00\x04\x00\x03\x00\x0d\x0c\x07\x00\x04\x00"
  "\x03\x00\x0d\x0c\x08\x00\x04\x00\x03\x00\x0d\x0c\x09\x00\x04\x00\x03\x00\x0d\x0c"
  "\x0a\x00\x04\x00\x03\x00\x0d\x0c\x0b\x00\x04\x00\x03\x00\x0d\x0c\x0c\x00\x04\x00"
  "\x03\x00\x0d\x0c\x0d\x00\x04\x00\x03\x00\x0d\x0c\x0e\x00\x04\x00\x03\x00\x0d\x0d"
  "\x00\x00\x00\x00\x03\x00\x0d\x0d\x01\x00\x01\x00\x03\x00\x0d\x0d\x02\x00\x02\x00"
  "\x03\x00\x0d\x0d\x03\x00\x03\x00\x03\x00\x0d\x0d\x04\x00\x04\x00\x03\x00\x0d\x0d"
  "\x05\x00\x05\x00\x03\x00\x0d\x0d\x06\x00\x06\x00\x03\x00\x0d\x0d\x07\x00\x07\x00"
  "\x03\x00\x0d\x0d\x08\x00\x08\x00\x03\x00\x0d\x0d\x09\x00\x09\x00\x03\x00\x0d\x0d"
  "\x0a\x00\x0a\x00\x03\x00\x0d\x0d\x0b\x00\x0b\x00\x03\x00\x0d\x0d\x0c\x00\x0c\x00"
  "\x03\x00\x0d\x0d\x0d\x00\x0d\x00\x03\x00\x0d\x0d\x0e\x00\x0e\x00\x03\x00\x0d\x0e"
  "\x00\x00\x0f\x00\x03\x00\x0d\x0e\x01\x00\x0f\x00\x03\x00\x0d\x0e\x02\x00\x0f\x00"
  "\x03\x00\x0d\x0e\x03\x00\x0f\x00\x03\x00\x0d\x0e\x04\x00\x0f\x00\x03\x00\x0d\x0e"
  "\x05\x00\x0f\x00\x03\x00\x0d\x0e\x06\x00\x0f\x00\x03\x00\x0d\x0e\x07\x00\x0f\x00"
  "\x03\x00\x0d\x0e\x08\x00\x0f\x00\x03\x00\x0d\x0e\x09\x00\x0f\x00\x03\x00\x0d\x0e"
  "\x0a\x00\x0f\x00\x03\x00\x0d\x0e\x0b\x00\x0f\x00\x03\x00\x0d\x0e\x0c\x00\x0f\x00"
  "\x03\x00\x0d\x0e\x0d\x00\x0f\x00\x03\x00\x0d\x0e\x0e\x00\x0f\x00\x03\x00\x0d\x0f"
  "\x00\x00\x0f\x00\x03\x00\x0d\x0f\x01\x00\x0f\x00\x03\x00\x0d\x0f\x02\x00\x0f\x00"
  "\x03\x00\x0d\x0f\x03\x00\x0f\x00\x03\x00\x0d\x0f\x04\x00\x0f\x00\x03\x00\x0d\x0f"
  "\x05\x00\x0f\x00\x03\x00\x0d\x0f\x06\x00\x0f\x00\x03\x00\x0d\x0f\x07\x00\x0f\x00"
  "\x03\x00\x0d\x0f\x08\x00\x0f\x00\x03\x00\x0d\x0f\x09\x00\x0f\x00\x03\x00\x0d\x0f"
  "\x0a\x00\x0f\x00\x03\x00\x0d\x0f\x0b\x00\x0f\x00\x03\x00\x0d\x0f\x0c\x00\x0f\x00"
  "\x03\x00\x0d\x0f\x0d\x00\x0f\x00\x03\x00\x0d\x0f\x0e\x00\x0f\x00\x03\x00\x0d\x10"
  "\x00\x00\x0f\x00\x03\x00\x0d\x10\x01\x00\x0f\x00\x03\x00\x0d\x10\x02\x00\x0f\x00"
  "\x03\x00\x0d\x10\x03\x00\x0f\x00\x03\x00\x0d\x10\x04\x00\x0f\x00\x03\x00\x0d\x10"
  "\x05\x00\x0f\x00\x03\x00\x0d\x10\x06\x00\x0f\x00\x03\x00\x0d\x10\x07\x00\x0f\x00"
  "\x03\x00\x0d\x10\x08\x00\x0f\x00\x03\x00\x0d\x10\x09\x00\x0f\x00\x03\x00\x0d\x10"
  "\x0a\x00\x0f\x00\x03\x00\x0d\x10\x0b\x00\x0f\x00\x03\x00\x0d\x10\x0c\x00\x0f\x00"
  "\x03\x00\x0d\x10\x0d\x00\x0f\x00\x03\x00\x0d\x10\x0e\x00\x0f\x00\x03\x00\x0d\x11"
  "\x00\x00\x0f\x00\x03\x00\x0d\x11\x01\x00\x0f\x00\x03\x00\x0d\x11\x02\x00\x0f\x00"
  "\x03\x00\x0d\x11\x03\x00\x0f\x00\x03\x00\x0d\x11\x04\x00\x0f\x00\x03\x00\x0d\x11"
  "\x05\x00\x0f\x00\x03\x00\x0d\x11\x06\x00\x0f\x00\x03\x00\x0d\x11\x07\x00\x0f\x00"
  "\x03\x00\x0d\x11\x08\x00\x0f\x00\x03\x00\x0d\x11\x09\x00\x0f\x00\x03\x00\x0d\x11"
  "\x0a\x00\x0f\x00\x03\x00\x0d\x11\x0b\x00\x0f\x00\x03\x00\x0d\x11\x0c\x00\x0f\x00"
  "\x03\x00\x0d\x11\x0d\x00\x0f\x00\x03\x00\x0d\x11\x0e\x00\x0f\x00\x03\x00\x0d\x12"
  "\x00\x00\x0f\x00\x03\x00\x0d\x12\x01\x00\x0f\x00\x03\x00\x0d\x12\x02\x00\x0f\x00"
  "\x03\x00\x0d\x12\x03\x00\x0f\x00\x03\x00\x0d\x12\x04\x00\x0f\x00\x03\x00\x0d\x12"
  "\x05\x00\x0f\x00\x03\x00\x0d\x12\x06\x00\x0f\x00\x03\x00\x0d\x12\x07\x00\x0f\x00"
  "\x03\x00\x0d\x12\x08\x00\x0f\x00\x03\x00\x0d\x12\x09\x00\x0f\x00\x03\x00\x0d\x12"
  "\x0a\x00\x0f\x00\x03\x00\x0d\x12\x0b\x00\x0f\x00\x03\x00\x0d\x12\x0c\x00\x0f\x00"
  "\x03\x00\x0d\x12\x0d\x00\x0f\x00\x03\x00\x0d\x12\x0e\x00\x0f\x00\x03\x00\x0e\x00"
  "\x00\x00\x0f\x00\x03\x00\x0e\x00\x01\x00\x0e\x00\x03\x00\x0e\x00\x02\x00\x0e\x00"
  "\x03\x00\x0e\x00\x03\x00\x0e\x00\x03\x00\x0e\x00\x04\x00\x0e\x00\x03\x00\x0e\x00"
  "\x05\x00\x0e\x00\x03\x00\x0e\x00\x06\x00\x0e\x00\x03\x00\x0e\x00\x07\x00\x0e\x00"
  "\x03\x00\x0e\x00\x08\x00\x0e\x00\x03\x00\x0e\x00\x09\x00\x0f\x00\x03\x00\x0e\x00"
  "\x0a\x00\x0f\x00\x03\x00\x0e\x00\x0b\x00\x0f\x00\x03\x00\x0e\x00\x0c\x00\x0f\x00"
  "\x03\x00\x0e\x00\x0d\x00\x0e\x00\x03\x00\x0e\x00\x0e\x00\x0e\x00\x03\x00\x0e\x01"
  "\x00\x00\x0f\x00\x03\x00\x0e\x01\x01\x00\x0e\x00\x03\x00\x0e\x01\x02\x00\x0e\x00"
  "\x03\x00\x0e\x01\x03\x00\x0e\x00\x03\x00\x0e\x01\x04\x00\x0e\x00\x03\x00\x0e\x01"
  "\x05\x00\x0e\x00\x03\x00\x0e\x01\x06\x00\x0e\x00\x03\x00\x0e\x01\x07\x00\x0e\x00"
  "\x03\x00\x0e\x01\x08\x00\x0e\x00\x03\x00\x0e\x01\x09\x00\x0f\x00\x03\x00\x0e\x01"
  "\x0a\x00\x0f\x00\x03\x00\x0e\x01\x0b\x00\x0f\x00\x03\x00\x0e\x01\x0c\x00\x0f\x00"
  "\x03\x00\x0e\x01\x0d\x00\x0e\x00\x03\x00\x0e\x01\x0e\x00\x0e\x00\x03\x00\x0e\x02"
  "\x00\x00\x0f\x00\x03\x00\x0e\x02\x01\x00\x0e\x00\x03\x00\x0e\x02\x02\x00\x0e\x00"
  "\x03\x00\x0e\x02\x03\x00\x0e\x00\x03\x00\x0e\x02\x04\x00\x0e\x00\x03\x00\x0e\x02"
  "\x05\x00\x0e\x00\x03\x00\x0e\x02\x06\x00\x0e\x00\x03\x00\x0e\x02\x07\x00\x0e\x00"
  "\x03\x00\x0e\x02\x08\x00\x0e\x00\x03\x00\x0e\x02\x09\x00\x0f\x00\x03\x00\x0e\x02"
  "\x0a\x00\x0f\x00\x03\x00\x0e\x02\x0b\x00\x0f\x00\x03\x00\x0e\x02\x0c\x00\x0f\x00"
  "\x03\x00\x0e\x02\x0d\x00\x0e\x00\x03\x00\x0e\x02\x0e\x00\x0e\x00\x03\x00\x0e\x03"
  "\x00\x00\x0f\x00\x03\x00\x0e\x03\x01\x00\x0e\x00\x03\x00\x0e\x03\x02\x00\x0e\x00"
  "\x03\x00\x0e\x03\x03\x00\x0e\x00\x03\x00\x0e\x03\x04\x00\x0e\x00\x03\x00\x0e\x03"
  "\x05\x00\x0e\x00\x03\x00\x0e\x03\x06\x00\x0e\x00\x03\x00\x0e\x03\x07\x00\x0e\x00"
  "\x03\x00\x0e\x03\x08\x00\x0e\x00\x03\x00\x0e\x03\x09\x00\x0f\x00\x03\x00\x0e\x03"
  "\x0a\x00\x0f\x00\x03\x00\x0e\x03\x0b\x00\x0f\x00\x03\x00\x0e\x03\x0c\x00\x0f\x00"
  "\x03\x00\x0e\x03\x0d\x00\x0e\x00\x03\x00\x0e\x03\x0e\x00\x0e\x00\x03\x00\x0e\x04"
  "\x00\x00\x0f\x00\x03\x00\x0e\x04\x01\x00\x0f\x00\x03\x00\x0e\x04\x02\x00\x0f\x00"
  "\x03\x00\x0e\x04\x03\x00\x0f\x00\x03\x00\x0e\x04\x04\x00\x0f\x00\x03\x00\x0e\x04"
  "\x05\x00\x0f\x00\x03\x00\x0e\x04\x06\x00\x0f\x00\x03\x00\x0e\x04\x07\x00\x0f\x00"
  "\x03\x00\x0e\x04\x08\x00\x0f\x00\x03\x00\x0e\x04\x09\x00\x0f\x00\x03\x00\x0e\x04"
  "\x0a\x00\x0f\x00\x03\x00\x0e\x04\x0b\x00\x0f\x00\x03\x00\x0e\x04\x0c\x00\x0f\x00"
  "\x03\x00\x0e\x04\x0d\x00\x0f\x00\x03\x00\x0e\x04\x0e\x00\x0f\x00\x03\x00\x0e\x05"
  "\x00\x00\x0f\x00\x03\x00\x0e\x05\x01\x00\x04\x00\x03\x00\x0e\x05\x02\x00\x04\x00"
  "\x03\x00\x0e\x05\x03\x00\x04\x00\x03\x00\x0e\x05\x04\x00\x04\x00\x03\x00\x0e\x05"
  "\x05\x00\x04\x00\x03\x00\x0e\x05\x06\x00\x04\x00\x03\x00\x0e\x05\x07\x00\x04\x00"
  "\x03\x00\x0e\x05\x08\x00\x04\x00\x03\x00\x0e\x05\x09\x00\x0f\x00\x03\x00\x0e\x05"
  "\x0a\x00\x0f\x00\x03\x00\x0e\x05\x0b\x00\x0f\x00\x03\x00\x0e\x05\x0c\x00\x0f\x00"
  "\x03\x00\x0e\x05\x0d\x00\x04\x00\x03\x00\x0e\x05\x0e\x00\x04\x00\x03\x00\x0e\x06"
  "\x00\x00\x0f\x00\x03\x00\x0e\x06\x01\x00\x04\x00\x03\x00\x0e\x06\x02\x00\x04\x00"
  "\x03\x00\x0e\x06\x03\x00\x04\x00\x03\x00\x0e\x06\x04\x00\x04\x00\x03\x00\x0e\x06"
  "\x05\x00\x04\x00\x03\x00\x0e\x06\x06\x00\x04\x00\x03\x00\x0e\x06\x07\x00\x04\x00"
  "\x03\x00\x0e\x06\x08\x00\x04\x00\x03\x00\x0e\x06\x09\x00\x0f\x00\x03\x00\x0e\x06"
  "\x0a\x00\x0f\x00\x03\x00\x0e\x06\x0b\x00\x0f\x00\x03\x00\x0e\x06\x0c\x00\x0f\x00"
  "\x03\x00\x0e\x06\x0d\x00\x04\x00\x03\x00\x0e\x06\x0e\x00\x04\x00\x03\x00\x0e\x07"
  "\x00\x00\x0e\x00\x03\x00\x0e\x07\x01\x00\x0e\x00\x03\x00\x0e\x07\x02\x00\x0e\x00"
  "\x03\x00\x0e\x07\x03\x00\x0e\x00\x03\x00\x0e\x07\x04\x00\x0e\x00\x03\x00\x0e\x07"
  "\x05\x00\x0e\x00\x03\x00\x0e\x07\x06\x00\x0e\x00\x03\x00\x0e\x07\x07\x00\x0e\x00"
  "\x03\x00\x0e\x07\x08\x00\x0e\x00\x03\x00\x0e\x07\x09\x00\x0e\x00\x03\x00\x0e\x07"
  "\x0a\x00\x0e\x00\x03\x00\x0e\x07\x0b\x00\x0e\x00\x03\x00\x0e\x07\x0c\x00\x0e\x00"
  "\x03\x00\x0e\x07\x0d\x00\x0e\x00\x03\x00\x0e\x07\x0e\x00\x0e\x00\x03\x00\x0e\x08"
  "\x00\x00\x0f\x00\x03\x00\x0e\x08\x01\x00\x0f\x00\x03\x00\x0e\x08\x02\x00\x0f\x00"
  "\x03\x00\x0e\x08\x03\x00\x0f\x00\x03\x00\x0e\x08\x04\x00\x0f\x00\x03\x00\x0e\x08"
  "\x05\x00\x0f\x00\x03\x00\x0e\x08\x06\x00\x0f\x00\x03\x00\x0e\x08\x07\x00\x0f\x00"
  "\x03\x00\x0e\x08\x08\x00\x0f\x00\x03\x00\x0e\x08\x09\x00\x0f\x00\x03\x00\x0e\x08"
  "\x0a\x00\x0f\x00\x03\x00\x0e\x08\x0b\x00\x0f\x00\x03\x00\x0e\x08\x0c\x00\x0f\x00"
  "\x03\x00\x0e\x08\x0d\x00\x0f\x00\x03\x00\x0e\x08\x0e\x00\x0f\x00\x03\x00\x0e\x09"
  "\x00\x00\x0f\x00\x03\x00\x0e\x09\x01\x00\x0f\x00\x03\x00\x0e\x09\x02\x00\x0f\x00"
  "\x03\x00\x0e\x09\x03\x00\x0f\x00\x03\x00\x0e\x09\x04\x00\x0f\x00\x03\x00\x0e\x09"
  "\x05\x00\x0f\x00\x03\x00\x0e\x09\x06\x00\x0f\x00\x03\x00\x0e\x09\x07\x00\x0f\x00"
  "\x03\x00\x0e\x09\x08\x00\x0f\x00\x03\x00\x0e\x09\x09\x00\x0f\x00\x03\x00\x0e\x09"
  "\x0a\x00\x0f\x00\x03\x00\x0e\x09\x0b\x00\x0f\x00\x03\x00\x0e\x09\x0c\x00\x0f\x00"
  "\x03\x00\x0e\x09\x0d\x00\x0f\x00\x03\x00\x0e\x09\x0e\x00\x0f\x00\x03\x00\x0e\x0a"
  "\x00\x00\x0f\x00\x03\x00\x0e\x0a\x01\x00\x0f\x00\x03\x00\x0e\x0a\x02\x00\x0f\x00"
  "\x03\x00\x0e\x0a\x03\x00\x0f\x00\x03\x00\x0e\x0a\x04\x00\x0f\x00\x03\x00\x0e\x0a"
  "\x05\x00\x0f\x00\x03\x00\x0e\x0a\x06\x00\x0f\x00\x03\x00\x0e\x0a\x07\x00\x0f\x00"
  "\x03\x00\x0e\x0a\x08\x00\x0f\x00\x03\x00\x0e\x0a\x09\x00\x0f\x00\x03\x00\x0e\x0a"
  "\x0a\x00\x0f\x00\x03\x00\x0e\x0a\x0b\x00\x0f\x00\x03\x00\x0e\x0a\x0c\x00\x0f\x00"
  "\x03\x00\x0e\x0a\x0d\x00\x0f\x00\x03\x00\x0e\x0a\x0e\x00\x0f\x00\x03\x00\x0e\x0b"
  "\x00\x00\x0f\x00\x03\x00\x0e\x0b\x01\x00\x0f\x00\x03\x00\x0e\x0b\x02\x00\x0f\x00"
  "\x03\x00\x0e\x0b\x03\x00\x0f\x00\x03\x00\x0e\x0b\x04\x00\x0f\x00\x03\x00\x0e\x0b"
  "\x05\x00\x0f\x00\x03\x00\x0e\x0b\x06\x00\x0f\x00\x03\x00\x0e\x0b\x07\x00\x0f\x00"
  "\x03\x00\x0e\x0b\x08\x00\x0f\x00\x03\x00\x0e\x0b\x09\x00\x0f\x00\x03\x00\x0e\x0b"
  "\x0a\x00\x0f\x00\x03\x00\x0e\x0b\x0b\x00\x0f\x00\x03\x00\x0e\x0b\x0c\x00\x0f\x00"
  "\x03\x00\x0e\x0b\x0d\x00\x0f\x00\x03\x00\x0e\x0b\x0e\x00\x0f\x00\x03\x00\x0e\x0c"
  "\x00\x00\x04\x00\x03\x00\x0e\x0c\x01\x00\x04\x00\x03\x00\x0e\x0c\x02\x00\x04\x00"
  "\x03\x00\x0e\x0c\x03\x00\x04\x00\x03\x00\x0e\x0c\x04\x00\x04\x00\x03\x00\x0e\x0c"
  "\x05\x00\x04\x00\x03\x00\x0e\x0c\x06\x00\x04\x00\x03\x00\x0e\x0c\x07\x00\x04\x00"
  "\x03\x00\x0e\x0c\x08\x00\x04\x00\x03\x00\x0e\x0c\x09\x00\x04\x00\x03\x00\x0e\x0c"
  "\x0a\x00\x04\x00\x03\x00\x0e\x0c\x0b\x00\x04\x00\x03\x00\x0e\x0c\x0c\x00\x04\x00"
  "\x03\x00\x0e\x0c\x0d\x00\x04\x00\x03\x00\x0e\x0c\x0e\x00\x04\x00\x03\x00\x0e\x0d"
  "\x00\x00\x00\x00\x03\x00\x0e\x0d\x01\x00\x01\x00\x03\x00\x0e\x0d\x02\x00\x02\x00"
  "\x03\x00\x0e\x0d\x03\x00\x03\x00\x03\x00\x0e\x0d\x04\x00\x04\x00\x03\x00\x0e\x0d"
  "\x05\x00\x05\x00\x03\x00\x0e\x0d\x06\x00\x06\x00\x03\x00\x0e\x0d\x07\x00\x07\x00"
  "\x03\x00\x0e\x0d\x08\x00\x08\x00\x03\x00\x0e\x0d\x09\x00\x09\x00\x03\x00\x0e\x0d"
  "\x0a\x00\x0a\x00\x03\x00\x0e\x0d\x0b\x00\x0b\x00\x03\x00\x0e\x0d\x0c\x00\x0c\x00"
  "\x03\x00\x0e\x0d\x0d\x00\x0d\x00\x03\x00\x0e\x0d\x0e\x00\x0e\x00\x03\x00\x0e\x0e"
  "\x00\x00\x0f\x00\x03\x00\x0e\x0e\x01\x00\x0f\x00\x03\x00\x0e\x0e\x02\x00\x0f\x00"
  "\x03\x00\x0e\x0e\x03\x00\x0f\x00\x03\x00\x0e\x0e\x04\x00\x0f\x00\x03\x00\x0e\x0e"
  "\x05\x00\x0f\x00\x03\x00\x0e\x0e\x06\x00\x0f\x00\x03\x00\x0e\x0e\x07\x00\x0f\x00"
  "\x03\x00\x0e\x0e\x08\x00\x0f\x00\x03\x00\x0e\x0e\x09\x00\x0f\x00\x03\x00\x0e\x0e"
  "\x0a\x00\x0f\x00\x03\x00\x0e\x0e\x0b\x00\x0f\x00\x03\x00\x0e\x0e\x0c\x00\x0f\x00"
  "\x03\x00\x0e\x0e\x0d\x00\x0f\x00\x03\x00\x0e\x0e\x0e\x00\x0f\x00\x03\x00\x0e\x0f"
  "\x00\x00\x0f\x00\x03\x00\x0e\x0f\x01\x00\x0f\x00\x03\x00\x0e\x0f\x02\x00\x0f\x00"
  "\x03\x00\x0e\x0f\x03\x00\x0f\x00\x03\x00\x0e\x0f\x04\x00\x0f\x00\x03\x00\x0e\x0f"
  "\x05\x00\x0f\x00\x03\x00\x0e\x0f\x06\x00\x0f\x00\x03\x00\x0e\x0f\x07\x00\x0f\x00"
  "\x03\x00\x0e\x0f\x08\x00\x0f\x00\x03\x00\x0e\x0f\x09\x00\x0f\x00\x03\x00\x0e\x0f"
  "\x0a\x00\x0f\x00\x03\x00\x0e\x0f\x0b\x00\x0f\x00\x03\x00\x0e\x0f\x0c\x00\x0f\x00"
  "\x03\x00\x0e\x0f\x0d\x00\x0f\x00\x03\x00\x0e\x0f\x0e\x00\x0f\x00\x03\x00\x0e\x10"
  "\x00\x00\x0f\x00\x03\x00\x0e\x10\x01\x00\x0f\x00\x03\x00\x0e\x10\x02\x00\x0f\x00"
  "\x03\x00\x0e\x10\x03\x00\x0f\x00\x03\x00\x0e\x10\x04\x00\x0f\x00\x03\x00\x0e\x10"
  "\x05\x00\x0f\x00\x03\x00\x0e\x10\x06\x00\x0f\x00\x03\x00\x0e\x10\x07\x00\x0f\x00"
  "\x03\x00\x0e\x10\x08\x00\x0f\x00\x03\x00\x0e\x10\x09\x00\x0f\x00\x03\x00\x0e\x10"
  "\x0a\x00\x0f\x00\x03\x00\x0e\x10\x0b\x00\x0f\x00\x03\x00\x0e\x10\x0c\x00\x0f\x00"
  "\x03\x00\x0e\x10\x0d\x00\x0f\x00\x03\x00\x0e\x10\x0e\x00\x0f\x00\x03\x00\x0e\x11"
  "\x00\x00\x0f\x00\x03\x00\x0e\x11\x01\x00\x0f\x00\x03\x00\x0e\x11\x02\x00\x0f\x00"
  "\x03\x00\x0e\x11\x03\x00\x0f\x00\x03\x00\x0e\x11\x04\x00\x0f\x00\x03\x00\x0e\x11"
  "\x05\x00\x0f\x00\x03\x00\x0e\x11\x06\x00\x0f\x00\x03\x00\x0e\x11\x07\x00\x0f\x00"
  "\x03\x00\x0e\x11\x08\x00\x0f\x00\x03\x00\x0e\x11\x09\x00\x0f\x00\x03\x00\x0e\x11"
  "\x0a\x00\x0f\x00\x03\x00\x0e\x11\x0b\x00\x0f\x00\x03\x00\x0e\x11\x0c\x00\x0f\x00"
  "\x03\x00\x0e\x11\x0d\x00\x0f\x00\x03\x00\x0e\x11\x0e\x00\x0f\x00\x03\x00\x0e\x12"
  "\x00\x00\x0f\x00\x03\x00\x0e\x12\x01\x00\x0f\x00\x03\x00\x0e\x12\x02\x00\x0f\x00"
  "\x03\x00\x0e\x12\x03\x00\x0f\x00\x03\x00\x0e\x12\x04\x00\x0f\x00\x03\x00\x0e\x12"
  "\x05\x00\x0f\x00\x03\x00\x0e\x12\x06\x00\x0f\x00\x03\x00\x0e\x12\x07\x00\x0f\x00"
  "\x03\x00\x0e\x12\x08\x00\x0f\x00\x03\x00\x0e\x12\x09\x00\x0f\x00\x03\x00\x0e\x12"
  "\x0a\x00\x0f\x00\x03\x00\x0e\x12\x0b\x00\x0f\x00\x03\x00\x0e\x12\x0c\x00\x0f\x00"
  "\x03\x00\x0e\x12\x0d\x00\x0f\x00\x03\x00\x0e\x12\x0e\x00\x0f\x00\x04\x00\x00\x00"
  "\x00\x00\x04\x00\x04\x00\x00\x01\x00\x00\x00\x00\x04\x00\x00\x02\x00\x00\x04\x00"
  "\x04\x00\x00\x03\x00\x00\x03\x00\x04\x00\x00\x04\x00\x00\x05\x00\x04\x00\x01\x00"
  "\x00\x00\x03\x00\x04\x00\x01\x01\x00\x00\x01\x00\x04\x00\x01\x02\x00\x00\x03\x00"
  "\x04\x00\x01\x03\x00\x00\x03\x00\x04\x00\x01\x04\x00\x00\x03\x00\x04\x00\x02\x00"
  "\x00\x00\x04\x00\x04\x00\x02\x01\x00\x00\x02\x00\x04\x00\x02\x02\x00\x00\x04\x00"
  "\x04\x00\x02\x03\x00\x00\x03\x00\x04\x00\x02\x04\x00\x00\x03\x00\x04\x00\x03\x00"
  "\x00\x00\x03\x00\x04\x00\x03\x01\x00\x00\x03\x00\x04\x00\x03\x02\x00\x00\x03\x00"
  "\x04\x00\x03\x03\x00\x00\x03\x00\x04\x00\x03\x04\x00\x00\x03\x00\x04\x00\x04\x00"
  "\x00\x00\x04\x00\x04\x00\x04\x01\x00\x00\x03\x00\x04\x00\x04\x02\x00\x00\x04\x00"
  "\x04\x00\x04\x03\x00\x00\x03\x00\x04\x00\x04\x04\x00\x00\x03\x00\x04\x00\x05\x00"
  "\x00\x00\x03\x00\x04\x00\x05\x01\x00\x00\x06\x00\x04\x00\x05\x02\x00\x00\x03\x00"
  "\x04\x00\x05\x03\x00\x00\x03\x00\x04\x00\x05\x04\x00\x00\x03\x00\x05\x00\x00\x00"
  "\x00\x00\x00\x00\x05\x00\x00\x01\x00\x00\x33\x00\x05\x00\x00\x02\x00\x00\x28\x00"
  "\x05\x00\x00\x03\x00\x00\x30\x00\x05\x00\x00\x04\x00\x00\x2f\x00\x05\x00\x00\x05"
  "\x00\x00\x30\x00\x05\x00\x00\x06\x00\x00\x2f\x00\x05\x00\x00\x07\x00\x00\x0e\x00"
  "\x05\x00\x00\x08\x00\x00\x29\x00\x05\x00\x00\x09\x00\x00\x33\x00\x05\x00\x00\x0a"
  "\x00\x00\x01\x00\x05\x00\x00\x0b\x00\x00\x2a\x00\x05\x00\x00\x0c\x00\x00\x37\x00"
  "\x05\x00\x00\x0d\x00\x00\x2d\x00\x05\x00\x00\x0e\x00\x00\x2e\x00\x05\x00\x00\x0f"
  "\x00\x00\x35\x00\x05\x00\x00\x10\x00\x00\x34\x00\x05\x00\x00\x11\x00\x00\x35\x00"
  "\x05\x00\x00\x12\x00\x00\x34\x00\x05\x00\x00\x13\x00\x00\x27\x00\x05\x00\x00\x14"
  "\x00\x00\x39\x00\x05\x00\x00\x15\x00\x00\x39\x00\x05\x00\x00\x16\x00\x00\x39\x00"
  "\x05\x00\x00\x17\x00\x00\x39\x00\x05\x00\x00\x18\x00\x00\x39\x00\x05\x00\x00\x19"
  "\x00\x00\x39\x00\x05\x00\x00\x1a\x00\x00\x39\x00\x05\x00\x00\x1b\x00\x00\x39\x00"
  "\x05\x00\x00\x1c\x00\x00\x39\x00\x05\x00\x00\x1d\x00\x00\x39\x00\x05\x00\x00\x1e"
  "\x00\x00\x39\x00\x05\x00\x00\x1f\x00\x00\x39\x00\x05\x00\x00\x20\x00\x00\x39\x00"
  "\x05\x00\x00\x21\x00\x00\x39\x00\x05\x00\x00\x22\x00\x00\x39\x00\x05\x00\x00\x23"
  "\x00\x00\x39\x00\x05\x00\x00\x24\x00\x00\x39\x00\x05\x00\x00\x25\x00\x00\x39\x00"
  "\x05\x00\x00\x26\x00\x00\x39\x00\x05\x00\x00\x27\x00\x00\x39\x00\x05\x00\x00\x28"
  "\x00\x00\x39\x00\x05\x00\x00\x29\x00\x00\x39\x00\x05\x00\x00\x2a\x00\x00\x39\x00"
  "\x05\x00\x00\x2b\x00\x00\x39\x00\x05\x00\x00\x2c\x00\x00\x39\x00\x05\x00\x00\x2d"
  "\x00\x00\x39\x00\x05\x00\x00\x2e\x00\x00\x39\x00\x05\x00\x00\x2f\x00\x00\x39\x00"
  "\x05\x00\x00\x30\x00\x00\x39\x00\x05\x00\x00\x31\x00\x00\x39\x00\x05\x00\x00\x32"
  "\x00\x00\x39\x00\x05\x00\x00\x33\x00\x00\x39\x00\x05\x00\x00\x34\x00\x00\x39\x00"
  "\x05\x00\x00\x35\x00\x00\x39\x00\x05\x00\x00\x36\x00\x00\x39\x00\x05\x00\x00\x37"
  "\x00\x00\x39\x00\x05\x00\x00\x38\x00\x00\x39\x00\x05\x00\x00\x39\x00\x00\x39\x00"
  "\x05\x00\x00\x3a\x00\x00\x39\x00\x05\x00\x00\x3b\x00\x00\x39\x00\x05\x00\x00\x3c"
  "\x00\x00\x39\x00\x05\x00\x00\x3d\x00\x00\x39\x00\x05\x00\x01\x00\x00\x00\x39\x00"
  "\x05\x00\x01\x01\x00\x00\x39\x00\x05\x00\x01\x02\x00\x00\x39\x00\x05\x00\x01\x03"
  "\x00\x00\x39\x00\x05\x00\x01\x04\x00\x00\x39\x00\x05\x00\x01\x05\x00\x00\x39\x00"
  "\x05\x00\x01\x06\x00\x00\x39\x00\x05\x00\x01\x07\x00\x00\x39\x00\x05\x00\x01\x08"
  "\x00\x00\x39\x00\x05\x00\x01\x09\x00\x00\x39\x00\x05\x00\x01\x0a\x00\x00\x39\x00"
  "\x05\x00\x01\x0b\x00\x00\x39\x00\x05\x00\x01\x0c\x00\x00\x39\x00\x05\x00\x01\x0d"
  "\x00\x00\x39\x00\x05\x00\x01\x0e\x00\x00\x39\x00\x05\x00\x01\x0f\x00\x00\x39\x00"
  "\x05\x00\x01\x10\x00\x00\x39\x00\x05\x00\x01\x11\x00\x00\x39\x00\x05\x00\x01\x12"
  "\x00\x00\x39\x00\x05\x00\x01\x13\x00\x00\x39\x00\x05\x00\x01\x14\x00\x00\x26\x00"
  "\x05\x00\x01\x15\x00\x00\x32\x00\x05\x00\x01\x16\x00\x00\x25\x00\x05\x00\x01\x17"
  "\x00\x00\x24\x00\x05\x00\x01\x18\x00\x00\x31\x00\x05\x00\x01\x19\x00\x00\x38\x00"
  "\x05\x00\x01\x1a\x00\x00\x39\x00\x05\x00\x01\x1b\x00\x00\x39\x00\x05\x00\x01\x1c"
  "\x00\x00\x39\x00\x05\x00\x01\x1d\x00\x00\x39\x00\x05\x00\x01\x1e\x00\x00\x39\x00"
  "\x05\x00\x01\x1f\x00\x00\x39\x00\x05\x00\x01\x20\x00\x00\x39\x00\x05\x00\x01\x21"
  "\x00\x00\x39\x00\x05\x00\x01\x22\x00\x00\x39\x00\x05\x00\x01\x23\x00\x00\x39\x00"
  "\x05\x00\x01\x24\x00\x00\x39\x00\x05\x00\x01\x25\x00\x00\x39\x00\x05\x00\x01\x26"
  "\x00\x00\x39\x00\x05\x00\x01\x27\x00\x00\x39\x00\x05\x00\x01\x28\x00\x00\x39\x00"
  "\x05\x00\x01\x29\x00\x00\x39\x00\x05\x00\x01\x2a\x00\x00\x39\x00\x05\x00\x01\x2b"
  "\x00\x00\x39\x00\x05\x00\x01\x2c\x00\x00\x39\x00\x05\x00\x01\x2d\x00\x00\x39\x00"
  "\x05\x00\x01\x2e\x00\x00\x39\x00\x05\x00\x01\x2f\x00\x00\x39\x00\x05\x00\x01\x30"
  "\x00\x00\x39\x00\x05\x00\x01\x31\x00\x00\x39\x00\x05\x00\x01\x32\x00\x00\x39\x00"
  "\x05\x00\x01\x33\x00\x00\x39\x00\x05\x00\x01\x34\x00\x00\x39\x00\x05\x00\x01\x35"
  "\x00\x00\x39\x00\x05\x00\x01\x36\x00\x00\x39\x00\x05\x00\x01\x37\x00\x00\x39\x00"
  "\x05\x00\x01\x38\x00\x00\x39\x00\x05\x00\x01\x39\x00\x00\x39\x00\x05\x00\x01\x3a"
  "\x00\x00\x39\x00\x05\x00\x01\x3b\x00\x00\x39\x00\x05\x00\x01\x3c\x00\x00\x39\x00"
  "\x05\x00\x01\x3d\x00\x00\x39\x00\x05\x00\x02\x00\x00\x00\x39\x00\x05\x00\x02\x01"
  "\x00\x00\x39\x00\x05\x00\x02\x02\x00\x00\x39\x00\x05\x00\x02\x03\x00\x00\x39\x00"
  "\x05\x00\x02\x04\x00\x00\x39\x00\x05\x00\x02\x05\x00\x00\x39\x00\x05\x00\x02\x06"
  "\x00\x00\x39\x00\x05\x00\x02\x07\x00\x00\x39\x00\x05\x00\x02\x08\x00\x00\x39\x00"
  "\x05\x00\x02\x09\x00\x00\x39\x00\x05\x00\x02\x0a\x00\x00\x39\x00\x05\x00\x02\x0b"
  "\x00\x00\x39\x00\x05\x00\x02\x0c\x00\x00\x39\x00\x05\x00\x02\x0d\x00\x00\x39\x00"
  "\x05\x00\x02\x0e\x00\x00\x39\x00\x05\x00\x02\x0f\x00\x00\x39\x00\x05\x00\x02\x10"
  "\x00\x00\x39\x00\x05\x00\x02\x11\x00\x00\x39\x00\x05\x00\x02\x12\x00\x00\x39\x00"
  "\x05\x00\x02\x13\x00\x00\x39\x00\x05\x00\x02\x14\x00\x00\x39\x00\x05\x00\x02\x15"
  "\x00\x00\x39\x00\x05\x00\x02\x16\x00\x00\x39\x00\x05\x00\x02\x17\x00\x00\x39\x00"
  "\x05\x00\x02\x18\x00\x00\x39\x00\x05\x00\x02\x19\x00\x00\x39\x00\x05\x00\x02\x1a"
  "\x00\x00\x22\x00\x05\x00\x02\x1b\x00\x00\x23\x00\x05\x00\x02\x1c\x00\x00\x2c\x00"
  "\x05\x00\x02\x1d\x00\x00\x39\x00\x05\x00\x02\x1e\x00\x00\x39\x00\x05\x00\x02\x1f"
  "\x00\x00\x39\x00\x05\x00\x02\x20\x00\x00\x39\x00\x05\x00\x02\x21\x00\x00\x39\x00"
  "\x05\x00\x02\x22\x00\x00\x39\x00\x05\x00\x02\x23\x00\x00\x39\x00\x05\x00\x02\x24"
  "\x00\x00\x39\x00\x05\x00\x02\x25\x00\x00\x39\x00\x05\x00\x02\x26\x00\x00\x39\x00"
  "\x05\x00\x02\x27\x00\x00\x39\x00\x05\x00\x02\x28\x00\x00\x39\x00\x05\x00\x02\x29"
  "\x00\x00\x39\x00\x05\x00\x02\x2a\x00\x00\x39\x00\x05\x00\x02\x2b\x00\x00\x39\x00"
  "\x05\x00\x02\x2c\x00\x00\x39\x00\x05\x00\x02\x2d\x00\x00\x39\x00\x05\x00\x02\x2e"
  "\x00\x00\x39\x00\x05\x00\x02\x2f\x00\x00\x39\x00\x05\x00\x02\x30\x00\x00\x39\x00"
  "\x05\x00\x02\x31\x00\x00\x39\x00\x05\x00\x02\x32\x00\x00\x39\x00\x05\x00\x02\x33"
  "\x00\x00\x39\x00\x05\x00\x02\x34\x00\x00\x39\x00\x05\x00\x02\x35\x00\x00\x39\x00"
  "\x05\x00\x02\x36\x00\x00\x39\x00\x05\x00\x02\x37\x00\x00\x39\x00\x05\x00\x02\x38"
  "\x00\x00\x39\x00\x05\x00\x02\x39\x00\x00\x39\x00\x05\x00\x02\x3a\x00\x00\x39\x00"
  "\x05\x00\x02\x3b\x00\x00\x39\x00\x05\x00\x02\x3c\x00\x00\x39\x00\x05\x00\x02\x3d"
  "\x00\x00\x39\x00\x05\x00\x03\x00\x00\x00\x39\x00\x05\x00\x03\x01\x00\x00\x39\x00"
  "\x05\x00\x03\x02\x00\x00\x39\x00\x05\x00\x03\x03\x00\x00\x39\x00\x05\x00\x03\x04"
  "\x00\x00\x39\x00\x05\x00\x03\x05\x00\x00\x39\x00\x05\x00\x03\x06\x00\x00\x39\x00"
  "\x05\x00\x03\x07\x00\x00\x39\x00\x05\x00\x03\x08\x00\x00\x39\x00\x05\x00\x03\x09"
  "\x00\x00\x39\x00\x05\x00\x03\x0a\x00\x00\x39\x00\x05\x00\x03\x0b\x00\x00\x39\x00"
  "\x05\x00\x03\x0c\x00\x00\x39\x00\x05\x00\x03\x0d\x00\x00\x39\x00\x05\x00\x03\x0e"
  "\x00\x00\x39\x00\x05\x00\x03\x0f\x00\x00\x39\x00\x05\x00\x03\x10\x00\x00\x39\x00"
  "\x05\x00\x03\x11\x00\x00\x39\x00\x05\x00\x03\x12\x00\x00\x39\x00\x05\x00\x03\x13"
  "\x00\x00\x39\x00\x05\x00\x03\x14\x00\x00\x39\x00\x05\x00\x03\x15\x00\x00\x39\x00"
  "\x05\x00\x03\x16\x00\x00\x39\x00\x05\x00\x03\x17\x00\x00\x39\x00\x05\x00\x03\x18"
  "\x00\x00\x39\x00\x05\x00\x03\x19\x00\x00\x39\x00\x05\x00\x03\x1a\x00\x00\x39\x00"
  "\x05\x00\x03\x1b\x00\x00\x39\x00\x05\x00\x03\x1c\x00\x00\x39\x00\x05\x00\x03\x1d"
  "\x00\x00\x03\x00\x05\x00\x03\x1e\x00\x00\x04\x00\x05\x00\x03\x1f\x00\x00\x02\x00"
  "\x05\x00\x03\x20\x00\x00\x1c\x00\x05\x00\x03\x21\x00\x00\x05\x00\x05\x00\x03\x22"
  "\x00\x00\x39\x00\x05\x00\x03\x23\x00\x00\x39\x00\x05\x00\x03\x24\x00\x00\x39\x00"
  "\x05\x00\x03\x25\x00\x00\x39\x00\x05\x00\x03\x26\x00\x00\x39\x00\x05\x00\x03\x27"
  "\x00\x00\x39\x00\x05\x00\x03\x28\x00\x00\x39\x00\x05\x00\x03\x29\x00\x00\x39\x00"
  "\x05\x00\x03\x2a\x00\x00\x39\x00\x05\x00\x03\x2b\x00\x00\x39\x00\x05\x00\x03\x2c"
  "\x00\x00\x39\x00\x05\x00\x03\x2d\x00\x00\x39\x00\x05\x00\x03\x2e\x00\x00\x39\x00"
  "\x05\x00\x03\x2f\x00\x00\x39\x00\x05\x00\x03\x30\x00\x00\x39\x00\x05\x00\x03\x31"
  "\x00\x00\x39\x00\x05\x00\x03\x32\x00\x00\x39\x00\x05\x00\x03\x33\x00\x00\x39\x00"
  "\x05\x00\x03\x34\x00\x00\x39\x00\x05\x00\x03\x35\x00\x00\x39\x00\x05\x00\x03\x36"
  "\x00\x00\x39\x00\x05\x00\x03\x37\x00\x00\x39\x00\x05\x00\x03\x38\x00\x00\x39\x00"
  "\x05\x00\x03\x39\x00\x00\x39\x00\x05\x00\x03\x3a\x00\x00\x39\x00\x05\x00\x03\x3b"
  "\x00\x00\x39\x00\x05\x00\x03\x3c\x00\x00\x39\x00\x05\x00\x03\x3d\x00\x00\x39\x00"
  "\x05\x00\x04\x00\x00\x00\x39\x00\x05\x00\x04\x01\x00\x00\x39\x00\x05\x00\x04\x02"
  "\x00\x00\x39\x00\x05\x00\x04\x03\x00\x00\x39\x00\x05\x00\x04\x04\x00\x00\x39\x00"
  "\x05\x00\x04\x05\x00\x00\x39\x00\x05\x00\x04\x06\x00\x00\x39\x00\x05\x00\x04\x07"
  "\x00\x00\x39\x00\x05\x00\x04\x08\x00\x00\x39\x00\x05\x00\x04\x09\x00\x00\x39\x00"
  "\x05\x00\x04\x0a\x00\x00\x39\x00\x05\x00\x04\x0b\x00\x00\x39\x00\x05\x00\x04\x0c"
  "\x00\x00\x39\x00\x05\x00\x04\x0d\x00\x00\x39\x00\x05\x00\x04\x0e\x00\x00\x39\x00"
  "\x05\x00\x04\x0f\x00\x00\x39\x00\x05\x00\x04\x10\x00\x00\x39\x00\x05\x00\x04\x11"
  "\x00\x00\x39\x00\x05\x00\x04\x12\x00\x00\x39\x00\x05\x00\x04\x13\x00\x00\x39\x00"
  "\x05\x00\x04\x14\x00\x00\x39\x00\x05\x00\x04\x15\x00\x00\x39\x00\x05\x00\x04\x16"
  "\x00\x00\x39\x00\x05\x00\x04\x17\x00\x00\x39\x00\x05\x00\x04\x18\x00\x00\x39\x00"
  "\x05\x00\x04\x19\x00\x00\x39\x00\x05\x00\x04\x1a\x00\x00\x39\x00\x05\x00\x04\x1b"
  "\x00\x00\x39\x00\x05\x00\x04\x1c\x00\x00\x39\x00\x05\x00\x04\x1d\x00\x00\x39\x00"
  "\x05\x00\x04\x1e\x00\x00\x39\x00\x05\x00\x04\x1f\x00\x00\x39\x00\x05\x00\x04\x20"
  "\x00\x00\x39\x00\x05\x00\x04\x21\x00\x00\x39\x00\x05\x00\x04\x22\x00\x00\x21\x00"
  "\x05\x00\x04\x23\x00\x00\x2b\x00\x05\x00\x04\x24\x00\x00\x36\x00\x05\x00\x04\x25"
  "\x00\x00\x0f\x00\x05\x00\x04\x26\x00\x00\x39\x00\x05\x00\x04\x27\x00\x00\x39\x00"
  "\x05\x00\x04\x28\x00\x00\x39\x00\x05\x00\x04\x29\x00\x00\x39\x00\x05\x00\x04\x2a"
  "\x00\x00\x39\x00\x05\x00\x04\x2b\x00\x00\x39\x00\x05\x00\x04\x2c\x00\x00\x39\x00"
  "\x05\x00\x04\x2d\x00\x00\x39\x00\x05\x00\x04\x2e\x00\x00\x39\x00\x05\x00\x04\x2f"
  "\x00\x00\x39\x00\x05\x00\x04\x30\x00\x00\x39\x00\x05\x00\x04\x31\x00\x00\x39\x00"
  "\x05\x00\x04\x32\x00\x00\x39\x00\x05\x00\x04\x33\x00\x00\x39\x00\x05\x00\x04\x34"
  "\x00\x00\x39\x00\x05\x00\x04\x35\x00\x00\x39\x00\x05\x00\x04\x36\x00\x00\x39\x00"
  "\x05\x00\x04\x37\x00\x00\x39\x00\x05\x00\x04\x38\x00\x00\x39\x00\x05\x00\x04\x39"
  "\x00\x00\x39\x00\x05\x00\x04\x3a\x00\x00\x39\x00\x05\x00\x04\x3b\x00\x00\x39\x00"
  "\x05\x00\x04\x3c\x00\x00\x39\x00\x05\x00\x04\x3d\x00\x00\x39\x00\x05\x00\x05\x00"
  "\x00\x00\x39\x00\x05\x00\x05\x01\x00\x00\x39\x00\x05\x00\x05\x02\x00\x00\x39\x00"
  "\x05\x00\x05\x03\x00\x00\x39\x00\x05\x00\x05\x04\x00\x00\x39\x00\x05\x00\x05\x05"
  "\x00\x00\x39\x00\x05\x00\x05\x06\x00\x00\x39\x00\x05\x00\x05\x07\x00\x00\x39\x00"
  "\x05\x00\x05\x08\x00\x00\x39\x00\x05\x00\x05\x09\x00\x00\x39\x00\x05\x00\x05\x0a"
  "\x00\x00\x39\x00\x05\x00\x05\x0b\x00\x00\x39\x00\x05\x00\x05\x0c\x00\x00\x39\x00"
  "\x05\x00\x05\x0d\x00\x00\x39\x00\x05\x00\x05\x0e\x00\x00\x39\x00\x05\x00\x05\x0f"
  "\x00\x00\x39\x00\x05\x00\x05\x10\x00\x00\x39\x00\x05\x00\x05\x11\x00\x00\x39\x00"
  "\x05\x00\x05\x12\x00\x00\x39\x00\x05\x00\x05\x13\x00\x00\x39\x00\x05\x00\x05\x14"
  "\x00\x00\x39\x00\x05\x00\x05\x15\x00\x00\x39\x00\x05\x00\x05\x16\x00\x00\x39\x00"
  "\x05\x00\x05\x17\x00\x00\x39\x00\x05\x00\x05\x18\x00\x00\x39\x00\x05\x00\x05\x19"
  "\x00\x00\x39\x00\x05\x00\x05\x1a\x00\x00\x39\x00\x05\x00\x05\x1b\x00\x00\x39\x00"
  "\x05\x00\x05\x1c\x00\x00\x39\x00\x05\x00\x05\x1d\x00\x00\x39\x00\x05\x00\x05\x1e"
  "\x00\x00\x39\x00\x05\x00\x05\x1f\x00\x00\x39\x00\x05\x00\x05\x20\x00\x00\x39\x00"
  "\x05\x00\x05\x21\x00\x00\x39\x00\x05\x00\x05\x22\x00\x00\x39\x00\x05\x00\x05\x23"
  "\x00\x00\x39\x00\x05\x00\x05\x24\x00\x00\x39\x00\x05\x00\x05\x25\x00\x00\x39\x00"
  "\x05\x00\x05\x26\x00\x00\x11\x00\x05\x00\x05\x27\x00\x00\x20\x00\x05\x00\x05\x28"
  "\x00\x00\x1b\x00\x05\x00\x05\x29\x00\x00\x13\x00\x05\x00\x05\x2a\x00\x00\x19\x00"
  "\x05\x00\x05\x2b\x00\x00\x17\x00\x05\x00\x05\x2c\x00\x00\x15\x00\x05\x00\x05\x2d"
  "\x00\x00\x10\x00\x05\x00\x05\x2e\x00\x00\x1f\x00\x05\x00\x05\x2f\x00\x00\x1a\x00"
  "\x05\x00\x05\x30\x00\x00\x12\x00\x05\x00\x05\x31\x00\x00\x18\x00\x05\x00\x05\x32"
  "\x00\x00\x16\x00\x05\x00\x05\x33\x00\x00\x14\x00\x05\x00\x05\x34\x00\x00\x09\x00"
  "\x05\x00\x05\x35\x00\x00\x0c\x00\x05\x00\x05\x36\x00\x00\x0a\x00\x05\x00\x05\x37"
  "\x00\x00\x0d\x00\x05\x00\x05\x38\x00\x00\x06\x00\x05\x00\x05\x39\x00\x00\x08\x00"
  "\x05\x00\x05\x3a\x00\x00\x0b\x00\x05\x00\x05\x3b\x00\x00\x07\x00\x05\x00\x05\x3c"
  "\x00\x00\x1e\x00\x05\x00\x05\x3d\x00\x00\x1d\x00\x06\x00\x00\x00\x00\x00\x00\x00"
  "\x06\x00\x00\x00\x01\x00\x01\x00\x06\x00\x00\x01\x00\x00\x00\x00\x06\x00\x00\x01"
  "\x01\x00\x01\x00\x06\x00\x00\x02\x00\x00\x02\x00\x06\x00\x00\x02\x01\x00\x02\x00"
  "\x06\x00\x01\x00\x00\x00\x00\x00\x06\x00\x01\x00\x01\x00\x01\x00\x06\x00\x01\x01"
  "\x00\x00\x00\x00\x06\x00\x01\x01\x01\x00\x01\x00\x06\x00\x01\x02\x00\x00\x02\x00"
  "\x06\x00\x01\x02\x01\x00\x02\x00\x06\x00\x02\x00\x00\x00\x00\x00\x06\x00\x02\x00"
  "\x01\x00\x01\x00\x06\x00\x02\x01\x00\x00\x00\x00\x06\x00\x02\x01\x01\x00\x01\x00"
  "\x06\x00\x02\x02\x00\x00\x02\x00\x06\x00\x02\x02\x01\x00\x02\x00\x06\x00\x03\x00"
  "\x00\x00\x00\x00\x06\x00\x03\x00\x01\x00\x01\x00\x06\x00\x03\x01\x00\x00\x00\x00"
  "\x06\x00\x03\x01\x01\x00\x01\x00\x06\x00\x03\x02\x00\x00\x02\x00\x06\x00\x03\x02"
  "\x01\x00\x02\x00\x06\x00\x04\x00\x00\x00\x00\x00\x06\x00\x04\x00\x01\x00\x01\x00"
  "\x06\x00\x04\x01\x00\x00\x00\x00\x06\x00\x04\x01\x01\x00\x01\x00\x06\x00\x04\x02"
  "\x00\x00\x02\x00\x06\x00\x04\x02\x01\x00\x02\x00\x06\x00\x05\x00\x00\x00\x00\x00"
  "\x06\x00\x05\x00\x01\x00\x01\x00\x06\x00\x05\x01\x00\x00\x00\x00\x06\x00\x05\x01"
  "\x01\x00\x01\x00\x06\x00\x05\x02\x00\x00\x02\x00\x06\x00\x05\x02\x01\x00\x02\x00"
  "\x06\x00\x06\x00\x00\x00\x00\x00\x06\x00\x06\x00\x01\x00\x01\x00\x06\x00\x06\x01"
  "\x00\x00\x00\x00\x06\x00\x06\x01\x01\x00\x01\x00\x06\x00\x06\x02\x00\x00\x02\x00"
  "\x06\x00\x06\x02\x01\x00\x02\x00\x06\x00\x07\x00\x00\x00\x00\x00\x06\x00\x07\x00"
  "\x01\x00\x01\x00\x06\x00\x07\x01\x00\x00\x00\x00\x06\x00\x07\x01\x01\x00\x01\x00"
  "\x06\x00\x07\x02\x00\x00\x02\x00\x06\x00\x07\x02\x01\x00\x02\x00\x06\x00\x08\x00"
  "\x00\x00\x00\x00\x06\x00\x08\x00\x01\x00\x01\x00\x06\x00\x08\x01\x00\x00\x00\x00"
  "\x06\x00\x08\x01\x01\x00\x01\x00\x06\x00\x08\x02\x00\x00\x02\x00\x06\x00\x08\x02"
  "\x01\x00\x02\x00\x06\x00\x09\x00\x00\x00\x00\x00\x06\x00\x09\x00\x01\x00\x01\x00"
  "\x06\x00\x09\x01\x00\x00\x00\x00\x06\x00\x09\x01\x01\x00\x01\x00\x06\x00\x09\x02"
  "\x00\x00\x02\x00\x06\x00\x09\x02\x01\x00\x02\x00\x06\x00\x0a\x00\x00\x00\x00\x00"
  "\x06\x00\x0a\x00\x01\x00\x01\x00\x06\x00\x0a\x01\x00\x00\x00\x00\x06\x00\x0a\x01"
  "\x01\x00\x01\x00\x06\x00\x0a\x02\x00\x00\x02\x00\x06\x00\x0a\x02\x01\x00\x02\x00"
  "\x06\x00\x0b\x00\x00\x00\x00\x00\x06\x00\x0b\x00\x01\x00\x01\x00\x06\x00\x0b\x01"
  "\x00\x00\x00\x00\x06\x00\x0b\x01\x01\x00\x01\x00\x06\x00\x0b\x02\x00\x00\x02\x00"
  "\x06\x00\x0b\x02\x01\x00\x02\x00\x06\x00\x0c\x00\x00\x00\x00\x00\x06\x00\x0c\x00"
  "\x01\x00\x01\x00\x06\x00\x0c\x01\x00\x00\x00\x00\x06\x00\x0c\x01\x01\x00\x01\x00"
  "\x06\x00\x0c\x02\x00\x00\x02\x00\x06\x00\x0c\x02\x01\x00\x02\x00\x06\x00\x0d\x00"
  "\x00\x00\x00\x00\x06\x00\x0d\x00\x01\x00\x01\x00\x06\x00\x0d\x01\x00\x00\x00\x00"
  "\x06\x00\x0d\x01\x01\x00\x01\x00\x06\x00\x0d\x02\x00\x00\x02\x00\x06\x00\x0d\x02"
  "\x01\x00\x02\x00\x06\x00\x0e\x00\x00\x00\x00\x00\x06\x00\x0e\x00\x01\x00\x01\x00"
  "\x06\x00\x0e\x01\x00\x00\x00\x00\x06\x00\x0e\x01\x01\x00\x01\x00\x06\x00\x0e\x02"
  "\x00\x00\x02\x00\x06\x00\x0e\x02\x01\x00\x02\x00\x06\x00\x0f\x00\x00\x00\x00\x00"
  "\x06\x00\x0f\x00\x01\x00\x01\x00\x06\x00\x0f\x01\x00\x00\x00\x00\x06\x00\x0f\x01"
  "\x01\x00\x01\x00\x06\x00\x0f\x02\x00\x00\x02\x00\x06\x00\x0f\x02\x01\x00\x02\x00"
  "\x06\x00\x10\x00\x00\x00\x00\x00\x06\x00\x10\x00\x01\x00\x01\x00\x06\x00\x10\x01"
  "\x00\x00\x00\x00\x06\x00\x10\x01\x01\x00\x01\x00\x06\x00\x10\x02\x00\x00\x02\x00"
  "\x06\x00\x10\x02\x01\x00\x02\x00\x06\x00\x11\x00\x00\x00\x00\x00\x06\x00\x11\x00"
  "\x01\x00\x01\x00\x06\x00\x11\x01\x00\x00\x00\x00\x06\x00\x11\x01\x01\x00\x01\x00"
  "\x06\x00\x11\x02\x00\x00\x02\x00\x06\x00\x11\x02\x01\x00\x02\x00\x06\x00\x12\x00"
  "\x00\x00\x00\x00\x06\x00\x12\x00\x01\x00\x01\x00\x06\x00\x12\x01\x00\x00\x00\x00"
  "\x06\x00\x12\x01\x01\x00\x01\x00\x06\x00\x12\x02\x00\x00\x02\x00\x06\x00\x12\x02"
  "\x01\x00\x02\x00\x06\x00\x13\x00\x00\x00\x03\x00\x06\x00\x13\x00\x01\x00\x04\x00"
  "\x06\x00\x13\x01\x00\x00\x03\x00\x06\x00\x13\x01\x01\x00\x04\x00\x06\x00\x13\x02"
  "\x00\x00\x03\x00\x06\x00\x13\x02\x01\x00\x04\x00\x06\x00\x14\x00\x00\x00\x03\x00"
  "\x06\x00\x14\x00\x01\x00\x04\x00\x06\x00\x14\x01\x00\x00\x03\x00\x06\x00\x14\x01"
  "\x01\x00\x04\x00\x06\x00\x14\x02\x00\x00\x03\x00\x06\x00\x14\x02\x01\x00\x04\x00"
  "\x06\x00\x15\x00\x00\x00\x03\x00\x06\x00\x15\x00\x01\x00\x04\x00\x06\x00\x15\x01"
  "\x00\x00\x03\x00\x06\x00\x15\x01\x01\x00\x04\x00\x06\x00\x15\x02\x00\x00\x03\x00"
  "\x06\x00\x15\x02\x01\x00\x04\x00\x06\x00\x16\x00\x00\x00\x03\x00\x06\x00\x16\x00"
  "\x01\x00\x04\x00\x06\x00\x16\x01\x00\x00\x03\x00\x06\x00\x16\x01\x01\x00\x04\x00"
  "\x06\x00\x16\x02\x00\x00\x03\x00\x06\x00\x16\x02\x01\x00\x04\x00\x06\x00\x17\x00"
  "\x00\x00\x03\x00\x06\x00\x17\x00\x01\x00\x04\x00\x06\x00\x17\x01\x00\x00\x03\x00"
  "\x06\x00\x17\x01\x01\x00\x04\x00\x06\x00\x17\x02\x00\x00\x03\x00\x06\x00\x17\x02"
  "\x01\x00\x04\x00\x06\x00\x18\x00\x00\x00\x03\x00\x06\x00\x18\x00\x01\x00\x04\x00"
  "\x06\x00\x18\x01\x00\x00\x03\x00\x06\x00\x18\x01\x01\x00\x04\x00\x06\x00\x18\x02"
  "\x00\x00\x03\x00\x06\x00\x18\x02\x01\x00\x04\x00\x06\x00\x19\x00\x00\x00\x03\x00"
  "\x06\x00\x19\x00\x01\x00\x04\x00\x06\x00\x19\x01\x00\x00\x03\x00\x06\x00\x19\x01"
  "\x01\x00\x04\x00\x06\x00\x19\x02\x00\x00\x03\x00\x06\x00\x19\x02\x01\x00\x04\x00"
  "\x06\x00\x1a\x00\x00\x00\x03\x00\x06\x00\x1a\x00\x01\x00\x04\x00\x06\x00\x1a\x01"
  "\x00\x00\x03\x00\x06\x00\x1a\x01\x01\x00\x04\x00\x06\x00\x1a\x02\x00\x00\x03\x00"
  "\x06\x00\x1a\x02\x01\x00\x04\x00\x06\x00\x1b\x00\x00\x00\x03\x00\x06\x00\x1b\x00"
  "\x01\x00\x04\x00\x06\x00\x1b\x01\x00\x00\x03\x00\x06\x00\x1b\x01\x01\x00\x04\x00"
  "\x06\x00\x1b\x02\x00\x00\x03\x00\x06\x00\x1b\x02\x01\x00\x04\x00\x06\x00\x1c\x00"
  "\x00\x00\x03\x00\x06\x00\x1c\x00\x01\x00\x04\x00\x06\x00\x1c\x01\x00\x00\x03\x00"
  "\x06\x00\x1c\x01\x01\x00\x04\x00\x06\x00\x1c\x02\x00\x00\x03\x00\x06\x00\x1c\x02"
  "\x01\x00\x04\x00\x06\x00\x1d\x00\x00\x00\x03\x00\x06\x00\x1d\x00\x01\x00\x04\x00"
  "\x06\x00\x1d\x01\x00\x00\x03\x00\x06\x00\x1d\x01\x01\x00\x04\x00\x06\x00\x1d\x02"
  "\x00\x00\x03\x00\x06\x00\x1d\x02\x01\x00\x04\x00\x06\x00\x1e\x00\x00\x00\x03\x00"
  "\x06\x00\x1e\x00\x01\x00\x04\x00\x06\x00\x1e\x01\x00\x00\x03\x00\x06\x00\x1e\x01"
  "\x01\x00\x04\x00\x06\x00\x1e\x02\x00\x00\x03\x00\x06\x00\x1e\x02\x01\x00\x04\x00"
  "\x06\x00\x1f\x00\x00\x00\x03\x00\x06\x00\x1f\x00\x01\x00\x04\x00\x06\x00\x1f\x01"
  "\x00\x00\x03\x00\x06\x00\x1f\x01\x01\x00\x04\x00\x06\x00\x1f\x02\x00\x00\x03\x00"
  "\x06\x00\x1f\x02\x01\x00\x04\x00\x06\x00\x20\x00\x00\x00\x03\x00\x06\x00\x20\x00"
  "\x01\x00\x04\x00\x06\x00\x20\x01\x00\x00\x03\x00\x06\x00\x20\x01\x01\x00\x04\x00"
  "\x06\x00\x20\x02\x00\x00\x03\x00\x06\x00\x20\x02\x01\x00\x04\x00\x06\x00\x21\x00"
  "\x00\x00\x03\x00\x06\x00\x21\x00\x01\x00\x04\x00\x06\x00\x21\x01\x00\x00\x03\x00"
  "\x06\x00\x21\x01\x01\x00\x04\x00\x06\x00\x21\x02\x00\x00\x03\x00\x06\x00\x21\x02"
  "\x01\x00\x04\x00\x06\x00\x22\x00\x00\x00\x03\x00\x06\x00\x22\x00\x01\x00\x04\x00"
  "\x06\x00\x22\x01\x00\x00\x03\x00\x06\x00\x22\x01\x01\x00\x04\x00\x06\x00\x22\x02"
  "\x00\x00\x03\x00\x06\x00\x22\x02\x01\x00\x04\x00\x06\x00\x23\x00\x00\x00\x03\x00"
  "\x06\x00\x23\x00\x01\x00\x04\x00\x06\x00\x23\x01\x00\x00\x03\x00\x06\x00\x23\x01"
  "\x01\x00\x04\x00\x06\x00\x23\x02\x00\x00\x03\x00\x06\x00\x23\x02\x01\x00\x04\x00"
  "\x06\x00\x24\x00\x00\x00\x03\x00\x06\x00\x24\x00\x01\x00\x04\x00\x06\x00\x24\x01"
  "\x00\x00\x03\x00\x06\x00\x24\x01\x01\x00\x04\x00\x06\x00\x24\x02\x00\x00\x03\x00"
  "\x06\x00\x24\x02\x01\x00\x04\x00\x06\x00\x25\x00\x00\x00\x03\x00\x06\x00\x25\x00"
  "\x01\x00\x04\x00\x06\x00\x25\x01\x00\x00\x03\x00\x06\x00\x25\x01\x01\x00\x04\x00"
  "\x06\x00\x25\x02\x00\x00\x03\x00\x06\x00\x25\x02\x01\x00\x04\x00\x06\x00\x26\x00"
  "\x00\x00\x03\x00\x06\x00\x26\x00\x01\x00\x04\x00\x06\x00\x26\x01\x00\x00\x03\x00"
  "\x06\x00\x26\x01\x01\x00\x04\x00\x06\x00\x26\x02\x00\x00\x03\x00\x06\x00\x26\x02"
  "\x01\x00\x04\x00\x06\x00\x27\x00\x00\x00\x03\x00\x06\x00\x27\x00\x01\x00\x04\x00"
  "\x06\x00\x27\x01\x00\x00\x03\x00\x06\x00\x27\x01\x01\x00\x04\x00\x06\x00\x27\x02"
  "\x00\x00\x03\x00\x06\x00\x27\x02\x01\x00\x04\x00\x06\x00\x28\x00\x00\x00\x03\x00"
  "\x06\x00\x28\x00\x01\x00\x04\x00\x06\x00\x28\x01\x00\x00\x03\x00\x06\x00\x28\x01"
  "\x01\x00\x04\x00\x06\x00\x28\x02\x00\x00\x03\x00\x06\x00\x28\x02\x01\x00\x04\x00"
  "\x06\x00\x29\x00\x00\x00\x03\x00\x06\x00\x29\x00\x01\x00\x04\x00\x06\x00\x29\x01"
  "\x00\x00\x03\x00\x06\x00\x29\x01\x01\x00\x04\x00\x06\x00\x29\x02\x00\x00\x03\x00"
  "\x06\x00\x29\x02\x01\x00\x04\x00\x06\x00\x2a\x00\x00\x00\x03\x00\x06\x00\x2a\x00"
  "\x01\x00\x04\x00\x06\x00\x2a\x01\x00\x00\x03\x00\x06\x00\x2a\x01\x01\x00\x04\x00"
  "\x06\x00\x2a\x02\x00\x00\x03\x00\x06\x00\x2a\x02\x01\x00\x04\x00\x06\x00\x2b\x00"
  "\x00\x00\x03\x00\x06\x00\x2b\x00\x01\x00\x04\x00\x06\x00\x2b\x01\x00\x00\x03\x00"
  "\x06\x00\x2b\x01\x01\x00\x04\x00\x06\x00\x2b\x02\x00\x00\x03\x00\x06\x00\x2b\x02"
  "\x01\x00\x04\x00\x06\x00\x2c\x00\x00\x00\x03\x00\x06\x00\x2c\x00\x01\x00\x04\x00"
  "\x06\x00\x2c\x01\x00\x00\x03\x00\x06\x00\x2c\x01\x01\x00\x04\x00\x06\x00\x2c\x02"
  "\x00\x00\x03\x00\x06\x00\x2c\x02\x01\x00\x04\x00\x06\x00\x2d\x00\x00\x00\x03\x00"
  "\x06\x00\x2d\x00\x01\x00\x04\x00\x06\x00\x2d\x01\x00\x00\x03\x00\x06\x00\x2d\x01"
  "\x01\x00\x04\x00\x06\x00\x2d\x02\x00\x00\x03\x00\x06\x00\x2d\x02\x01\x00\x04\x00"
  "\x06\x00\x2e\x00\x00\x00\x03\x00\x06\x00\x2e\x00\x01\x00\x04\x00\x06\x00\x2e\x01"
  "\x00\x00\x03\x00\x06\x00\x2e\x01\x01\x00\x04\x00\x06\x00\x2e\x02\x00\x00\x03\x00"
  "\x06\x00\x2e\x02\x01\x00\x04\x00\x06\x00\x2f\x00\x00\x00\x03\x00\x06\x00\x2f\x00"
  "\x01\x00\x04\x00\x06\x00\x2f\x01\x00\x00\x03\x00\x06\x00\x2f\x01\x01\x00\x04\x00"
  "\x06\x00\x2f\x02\x00\x00\x03\x00\x06\x00\x2f\x02\x01\x00\x04\x00\x06\x00\x30\x00"
  "\x00\x00\x03\x00\x06\x00\x30\x00\x01\x00\x04\x00\x06\x00\x30\x01\x00\x00\x03\x00"
  "\x06\x00\x30\x01\x01\x00\x04\x00\x06\x00\x30\x02\x00\x00\x03\x00\x06\x00\x30\x02"
  "\x01\x00\x04\x00\x06\x00\x31\x00\x00\x00\x03\x00\x06\x00\x31\x00\x01\x00\x04\x00"
  "\x06\x00\x31\x01\x00\x00\x03\x00\x06\x00\x31\x01\x01\x00\x04\x00\x06\x00\x31\x02"
  "\x00\x00\x03\x00\x06\x00\x31\x02\x01\x00\x04\x00\x06\x00\x32\x00\x00\x00\x03\x00"
  "\x06\x00\x32\x00\x01\x00\x04\x00\x06\x00\x32\x01\x00\x00\x03\x00\x06\x00\x32\x01"
  "\x01\x00\x04\x00\x06\x00\x32\x02\x00\x00\x03\x00\x06\x00\x32\x02\x01\x00\x04\x00"
  "\x06\x00\x33\x00\x00\x00\x03\x00\x06\x00\x33\x00\x01\x00\x04\x00\x06\x00\x33\x01"
  "\x00\x00\x03\x00\x06\x00\x33\x01\x01\x00\x04\x00\x06\x00\x33\x02\x00\x00\x03\x00"
  "\x06\x00\x33\x02\x01\x00\x04\x00\x06\x00\x34\x00\x00\x00\x03\x00\x06\x00\x34\x00"
  "\x01\x00\x04\x00\x06\x00\x34\x01\x00\x00\x03\x00\x06\x00\x34\x01\x01\x00\x04\x00"
  "\x06\x00\x34\x02\x00\x00\x03\x00\x06\x00\x34\x02\x01\x00\x04\x00\x06\x00\x35\x00"
  "\x00\x00\x03\x00\x06\x00\x35\x00\x01\x00\x04\x00\x06\x00\x35\x01\x00\x00\x03\x00"
  "\x06\x00\x35\x01\x01\x00\x04\x00\x06\x00\x35\x02\x00\x00\x03\x00\x06\x00\x35\x02"
  "\x01\x00\x04\x00\x06\x00\x36\x00\x00\x00\x03\x00\x06\x00\x36\x00\x01\x00\x04\x00"
  "\x06\x00\x36\x01\x00\x00\x03\x00\x06\x00\x36\x01\x01\x00\x04\x00\x06\x00\x36\x02"
  "\x00\x00\x03\x00\x06\x00\x36\x02\x01\x00\x04\x00\x06\x00\x37\x00\x00\x00\x03\x00"
  "\x06\x00\x37\x00\x01\x00\x04\x00\x06\x00\x37\x01\x00\x00\x03\x00\x06\x00\x37\x01"
  "\x01\x00\x04\x00\x06\x00\x37\x02\x00\x00\x03\x00\x06\x00\x37\x02\x01\x00\x04\x00"
  "\x06\x00\x38\x00\x00\x00\x03\x00\x06\x00\x38\x00\x01\x00\x04\x00\x06\x00\x38\x01"
  "\x00\x00\x03\x00\x06\x00\x38\x01\x01\x00\x04\x00\x06\x00\x38\x02\x00\x00\x03\x00"
  "\x06\x00\x38\x02\x01\x00\x04\x00\x06\x00\x39\x00\x00\x00\x03\x00\x06\x00\x39\x00"
  "\x01\x00\x04\x00\x06\x00\x39\x01\x00\x00\x03\x00\x06\x00\x39\x01\x01\x00\x04\x00"
  "\x06\x00\x39\x02\x00\x00\x03\x00\x06\x00\x39\x02\x01\x00\x04\x00\x06\x00\x3a\x00"
  "\x00\x00\x03\x00\x06\x00\x3a\x00\x01\x00\x04\x00\x06\x00\x3a\x01\x00\x00\x03\x00"
  "\x06\x00\x3a\x01\x01\x00\x04\x00\x06\x00\x3a\x02\x00\x00\x03\x00\x06\x00\x3a\x02"
  "\x01\x00\x04\x00\x06\x00\x3b\x00\x00\x00\x03\x00\x06\x00\x3b\x00\x01\x00\x04\x00"
  "\x06\x00\x3b\x01\x00\x00\x03\x00\x06\x00\x3b\x01\x01\x00\x04\x00\x06\x00\x3b\x02"
  "\x00\x00\x03\x00\x06\x00\x3b\x02\x01\x00\x04\x00\x06\x00\x3c\x00\x00\x00\x03\x00"
  "\x06\x00\x3c\x00\x01\x00\x04\x00\x06\x00\x3c\x01\x00\x00\x03\x00\x06\x00\x3c\x01"
  "\x01\x00\x04\x00\x06\x00\x3c\x02\x00\x00\x03\x00\x06\x00\x3c\x02\x01\x00\x04\x00"
  "\x06\x00\x3d\x00\x00\x00\x03\x00\x06\x00\x3d\x00\x01\x00\x04\x00\x06\x00\x3d\x01"
  "\x00\x00\x03\x00\x06\x00\x3d\x01\x01\x00\x04\x00\x06\x00\x3d\x02\x00\x00\x03\x00"
  "\x06\x00\x3d\x02\x01\x00\x04\x00\x06\x00\x3e\x00\x00\x00\x03\x00\x06\x00\x3e\x00"
  "\x01\x00\x04\x00\x06\x00\x3e\x01\x00\x00\x03\x00\x06\x00\x3e\x01\x01\x00\x04\x00"
  "\x06\x00\x3e\x02\x00\x00\x03\x00\x06\x00\x3e\x02\x01\x00\x04\x00\x06\x00\x3f\x00"
  "\x00\x00\x03\x00\x06\x00\x3f\x00\x01\x00\x04\x00\x06\x00\x3f\x01\x00\x00\x03\x00"
  "\x06\x00\x3f\x01\x01\x00\x04\x00\x06\x00\x3f\x02\x00\x00\x03\x00\x06\x00\x3f\x02"
  "\x01\x00\x04\x00\x06\x00\x40\x00\x00\x00\x03\x00\x06\x00\x40\x00\x01\x00\x04\x00"
  "\x06\x00\x40\x01\x00\x00\x03\x00\x06\x00\x40\x01\x01\x00\x04\x00\x06\x00\x40\x02"
  "\x00\x00\x03\x00\x06\x00\x40\x02\x01\x00\x04\x00\x06\x00\x41\x00\x00\x00\x03\x00"
  "\x06\x00\x41\x00\x01\x00\x04\x00\x06\x00\x41\x01\x00\x00\x03\x00\x06\x00\x41\x01"
  "\x01\x00\x04\x00\x06\x00\x41\x02\x00\x00\x03\x00\x06\x00\x41\x02\x01\x00\x04\x00"
  "\x06\x00\x42\x00\x00\x00\x03\x00\x06\x00\x42\x00\x01\x00\x04\x00\x06\x00\x42\x01"
  "\x00\x00\x03\x00\x06\x00\x42\x01\x01\x00\x04\x00\x06\x00\x42\x02\x00\x00\x03\x00"
  "\x06\x00\x42\x02\x01\x00\x04\x00\x06\x00\x43\x00\x00\x00\x03\x00\x06\x00\x43\x00"
  "\x01\x00\x04\x00\x06\x00\x43\x01\x00\x00\x03\x00\x06\x00\x43\x01\x01\x00\x04\x00"
  "\x06\x00\x43\x02\x00\x00\x03\x00\x06\x00\x43\x02\x01\x00\x04\x00\x06\x00\x44\x00"
  "\x00\x00\x03\x00\x06\x00\x44\x00\x01\x00\x04\x00\x06\x00\x44\x01\x00\x00\x03\x00"
  "\x06\x00\x44\x01\x01\x00\x04\x00\x06\x00\x44\x02\x00\x00\x03\x00\x06\x00\x44\x02"
  "\x01\x00\x04\x00\x06\x00\x45\x00\x00\x00\x03\x00\x06\x00\x45\x00\x01\x00\x04\x00"
  "\x06\x00\x45\x01\x00\x00\x03\x00\x06\x00\x45\x01\x01\x00\x04\x00\x06\x00\x45\x02"
  "\x00\x00\x03\x00\x06\x00\x45\x02\x01\x00\x04\x00\x07\x00\x00\x00\x00\x00\x00\x00"
  "\x07\x00\x00\x01\x00\x00\x01\x00\x07\x00\x01\x00\x00\x00\x00\x00\x07\x00\x01\x01"
  "\x00\x00\x02\x00\x07\x00\x02\x00\x00\x00\x00\x00\x07\x00\x02\x01\x00\x00\x01\x00"
  "\x08\x00\x00\x00\x00\x00\x00\x00\x08\x01\x00\x00\x00\x00\x1d\x00\x08\x00\x00\x01"
  "\x00\x00\x01\x00\x08\x01\x00\x01\x00\x00\x1d\x00\x08\x00\x01\x00\x00\x00\x00\x00"
  "\x08\x01\x01\x00\x00\x00\x42\x00\x08\x00\x01\x01\x00\x00\x01\x00\x08\x01\x01\x01"
  "\x00\x00\x42\x00\x08\x00\x02\x00\x00\x00\x00\x00\x08\x01\x02\x00\x00\x00\x59\x00"
  "\x08\x00\x02\x01\x00\x00\x01\x00\x08\x01\x02\x01\x00\x00\x59\x00\x08\x00\x03\x00"
  "\x00\x00\x00\x00\x08\x01\x03\x00\x00\x00\x3c\x00\x08\x00\x03\x01\x00\x00\x01\x00"
  "\x08\x01\x03\x01\x00\x00\x3c\x00\x08\x00\x04\x00\x00\x00\x00\x00\x08\x01\x04\x00"
  "\x00\x00\x0f\x00\x08\x00\x04\x01\x00\x00\x01\x00\x08\x01\x04\x01\x00\x00\x0f\x00"
  "\x08\x00\x05\x00\x00\x00\x00\x00\x08\x01\x05\x00\x00\x00\x31\x00\x08\x00\x05\x01"
  "\x00\x00\x01\x00\x08\x01\x05\x01\x00\x00\x31\x00\x08\x00\x06\x00\x00\x00\x00\x00"
  "\x08\x01\x06\x00\x00\x00\x38\x00\x08\x00\x06\x01\x00\x00\x01\x00\x08\x01\x06\x01"
  "\x00\x00\x38\x00\x08\x00\x07\x00\x00\x00\x00\x00\x08\x01\x07\x00\x00\x00\x33\x00"
  "\x08\x00\x07\x01\x00\x00\x01\x00\x08\x01\x07\x01\x00\x00\x33\x00\x08\x00\x08\x00"
  "\x00\x00\x00\x00\x08\x01\x08\x00\x00\x00\x28\x00\x08\x00\x08\x01\x00\x00\x01\x00"
  "\x08\x01\x08\x01\x00\x00\x28\x00\x08\x00\x09\x00\x00\x00\x00\x00\x08\x01\x09\x00"
  "\x00\x00\x0d\x00\x08\x00\x09\x01\x00\x00\x01\x00\x08\x01\x09\x01\x00\x00\x0d\x00"
  "\x08\x00\x0a\x00\x00\x00\x00\x00\x08\x01\x0a\x00\x00\x00\x39\x00\x08\x00\x0a\x01"
  "\x00\x00\x01\x00\x08\x01\x0a\x01\x00\x00\x39\x00\x08\x00\x0b\x00\x00\x00\x00\x00"
  "\x08\x01\x0b\x00\x00\x00\x27\x00\x08\x00\x0b\x01\x00\x00\x01\x00\x08\x01\x0b\x01"
  "\x00\x00\x27\x00\x08\x00\x0c\x00\x00\x00\x00\x00\x08\x01\x0c\x00\x00\x00\x4c\x00"
  "\x08\x00\x0c\x01\x00\x00\x01\x00\x08\x01\x0c\x01\x00\x00\x4c\x00\x08\x00\x0d\x00"
  "\x00\x00\x00\x00\x08\x01\x0d\x00\x00\x00\x11\x00\x08\x00\x0d\x01\x00\x00\x01\x00"
  "\x08\x01\x0d\x01\x00\x00\x11\x00\x08\x00\x0e\x00\x00\x00\x00\x00\x08\x01\x0e\x00"
  "\x00\x00\x07\x00\x08\x00\x0e\x01\x00\x00\x01\x00\x08\x01\x0e\x01\x00\x00\x07\x00"
  "\x08\x00\x0f\x00\x00\x00\x00\x00\x08\x01\x0f\x00\x00\x00\x2d\x00\x08\x00\x0f\x01"
  "\x00\x00\x01\x00\x08\x01\x0f\x01\x00\x00\x2d\x00\x08\x00\x10\x00\x00\x00\x00\x00"
  "\x08\x01\x10\x00\x00\x00\x00\x00\x08\x00\x10\x01\x00\x00\x01\x00\x08\x01\x10\x01"
  "\x00\x00\x00\x00\x08\x00\x11\x00\x00\x00\x00\x00\x08\x01\x11\x00\x00\x00\x0e\x00"
  "\x08\x00\x11\x01\x00\x00\x01\x00\x08\x01\x11\x01\x00\x00\x0e\x00\x08\x00\x12\x00"
  "\x00\x00\x00\x00\x08\x01\x12\x00\x00\x00\x1c\x00\x08\x00\x12\x01\x00\x00\x01\x00"
  "\x08\x01\x12\x01\x00\x00\x1c\x00\x08\x00\x13\x00\x00\x00\x03\x00\x08\x01\x13\x00"
  "\x00\x00\x01\x00\x08\x00\x13\x01\x00\x00\x04\x00\x08\x01\x13\x01\x00\x00\x01\x00"
  "\x08\x00\x14\x00\x00\x00\x03\x00\x08\x01\x14\x00\x00\x00\x51\x00\x08\x00\x14\x01"
  "\x00\x00\x04\x00\x08\x01\x14\x01\x00\x00\x51\x00\x08\x00\x15\x00\x00\x00\x03\x00"
  "\x08\x01\x15\x00\x00\x00\x5a\x00\x08\x00\x15\x01\x00\x00\x04\x00\x08\x01\x15\x01"
  "\x00\x00\x1b\x00\x08\x00\x16\x00\x00\x00\x03\x00\x08\x01\x16\x00\x00\x00\x29\x00"
  "\x08\x00\x16\x01\x00\x00\x04\x00\x08\x01\x16\x01\x00\x00\x35\x00\x08\x00\x17\x00"
  "\x00\x00\x03\x00\x08\x01\x17\x00\x00\x00\x48\x00\x08\x00\x17\x01\x00\x00\x04\x00"
  "\x08\x01\x17\x01\x00\x00\x12\x00\x08\x00\x18\x00\x00\x00\x03\x00\x08\x01\x18\x00"
  "\x00\x00\x49\x00\x08\x00\x18\x01\x00\x00\x04\x00\x08\x01\x18\x01\x00\x00\x12\x00"
  "\x08\x00\x19\x00\x00\x00\x03\x00\x08\x01\x19\x00\x00\x00\x32\x00\x08\x00\x19\x01"
  "\x00\x00\x04\x00\x08\x01\x19\x01\x00\x00\x2c\x00\x08\x00\x1a\x00\x00\x00\x03\x00"
  "\x08\x01\x1a\x00\x00\x00\x32\x00\x08\x00\x1a\x01\x00\x00\x04\x00\x08\x01\x1a\x01"
  "\x00\x00\x50\x00\x08\x00\x1b\x00\x00\x00\x03\x00\x08\x01\x1b\x00\x00\x00\x2a\x00"
  "\x08\x00\x1b\x01\x00\x00\x04\x00\x08\x01\x1b\x01\x00\x00\x06\x00\x08\x00\x1c\x00"
  "\x00\x00\x03\x00\x08\x01\x1c\x00\x00\x00\x2b\x00\x08\x00\x1c\x01\x00\x00\x04\x00"
  "\x08\x01\x1c\x01\x00\x00\x0c\x00\x08\x00\x1d\x00\x00\x00\x03\x00\x08\x01\x1d\x00"
  "\x00\x00\x0a\x00\x08\x00\x1d\x01\x00\x00\x04\x00\x08\x01\x1d\x01\x00\x00\x08\x00"
  "\x08\x00\x1e\x00\x00\x00\x03\x00\x08\x01\x1e\x00\x00\x00\x43\x00\x08\x00\x1e\x01"
  "\x00\x00\x04\x00\x08\x01\x1e\x01\x00\x00\x43\x00\x08\x00\x1f\x00\x00\x00\x03\x00"
  "\x08\x01\x1f\x00\x00\x00\x3b\x00\x08\x00\x1f\x01\x00\x00\x04\x00\x08\x01\x1f\x01"
  "\x00\x00\x3b\x00\x08\x00\x20\x00\x00\x00\x03\x00\x08\x01\x20\x00\x00\x00\x10\x00"
  "\x08\x00\x20\x01\x00\x00\x04\x00\x08\x01\x20\x01\x00\x00\x0b\x00\x08\x00\x21\x00"
  "\x00\x00\x03\x00\x08\x01\x21\x00\x00\x00\x30\x00\x08\x00\x21\x01\x00\x00\x04\x00"
  "\x08\x01\x21\x01\x00\x00\x1a\x00\x08\x00\x22\x00\x00\x00\x03\x00\x08\x01\x22\x00"
  "\x00\x00\x55\x00\x08\x00\x22\x01\x00\x00\x04\x00\x08\x01\x22\x01\x00\x00\x54\x00"
  "\x08\x00\x23\x00\x00\x00\x03\x00\x08\x01\x23\x00\x00\x00\x40\x00\x08\x00\x23\x01"
  "\x00\x00\x04\x00\x08\x01\x23\x01\x00\x00\x34\x00\x08\x00\x24\x00\x00\x00\x03\x00"
  "\x08\x01\x24\x00\x00\x00\x41\x00\x08\x00\x24\x01\x00\x00\x04\x00\x08\x01\x24\x01"
  "\x00\x00\x34\x00\x08\x00\x25\x00\x00\x00\x03\x00\x08\x01\x25\x00\x00\x00\x3f\x00"
  "\x08\x00\x25\x01\x00\x00\x04\x00\x08\x01\x25\x01\x00\x00\x4f\x00\x08\x00\x26\x00"
  "\x00\x00\x03\x00\x08\x01\x26\x00\x00\x00\x04\x00\x08\x00\x26\x01\x00\x00\x04\x00"
  "\x08\x01\x26\x01\x00\x00\x04\x00\x08\x00\x27\x00\x00\x00\x03\x00\x08\x01\x27\x00"
  "\x00\x00\x3d\x00\x08\x00\x27\x01\x00\x00\x04\x00\x08\x01\x27\x01\x00\x00\x3e\x00"
  "\x08\x00\x28\x00\x00\x00\x03\x00\x08\x01\x28\x00\x00\x00\x4a\x00\x08\x00\x28\x01"
  "\x00\x00\x04\x00\x08\x01\x28\x01\x00\x00\x2e\x00\x08\x00\x29\x00\x00\x00\x03\x00"
  "\x08\x01\x29\x00\x00\x00\x44\x00\x08\x00\x29\x01\x00\x00\x04\x00\x08\x01\x29\x01"
  "\x00\x00\x05\x00\x08\x00\x2a\x00\x00\x00\x03\x00\x08\x01\x2a\x00\x00\x00\x0a\x00"
  "\x08\x00\x2a\x01\x00\x00\x04\x00\x08\x01\x2a\x01\x00\x00\x09\x00\x08\x00\x2b\x00"
  "\x00\x00\x03\x00\x08\x01\x2b\x00\x00\x00\x46\x00\x08\x00\x2b\x01\x00\x00\x04\x00"
  "\x08\x01\x2b\x01\x00\x00\x12\x00\x08\x00\x2c\x00\x00\x00\x03\x00\x08\x01\x2c\x00"
  "\x00\x00\x47\x00\x08\x00\x2c\x01\x00\x00\x04\x00\x08\x01\x2c\x01\x00\x00\x12\x00"
  "\x08\x00\x2d\x00\x00\x00\x03\x00\x08\x01\x2d\x00\x00\x00\x4b\x00\x08\x00\x2d\x01"
  "\x00\x00\x04\x00\x08\x01\x2d\x01\x00\x00\x2f\x00\x08\x00\x2e\x00\x00\x00\x03\x00"
  "\x08\x01\x2e\x00\x00\x00\x02\x00\x08\x00\x2e\x01\x00\x00\x04\x00\x08\x01\x2e\x01"
  "\x00\x00\x1e\x00\x08\x00\x2f\x00\x00\x00\x03\x00\x08\x01\x2f\x00\x00\x00\x52\x00"
  "\x08\x00\x2f\x01\x00\x00\x04\x00\x08\x01\x2f\x01\x00\x00\x26\x00\x08\x00\x30\x00"
  "\x00\x00\x03\x00\x08\x01\x30\x00\x00\x00\x36\x00\x08\x00\x30\x01\x00\x00\x04\x00"
  "\x08\x01\x30\x01\x00\x00\x24\x00\x08\x00\x31\x00\x00\x00\x03\x00\x08\x01\x31\x00"
  "\x00\x00\x18\x00\x08\x00\x31\x01\x00\x00\x04\x00\x08\x01\x31\x01\x00\x00\x23\x00"
  "\x08\x00\x32\x00\x00\x00\x03\x00\x08\x01\x32\x00\x00\x00\x56\x00\x08\x00\x32\x01"
  "\x00\x00\x04\x00\x08\x01\x32\x01\x00\x00\x1f\x00\x08\x00\x33\x00\x00\x00\x03\x00"
  "\x08\x01\x33\x00\x00\x00\x56\x00\x08\x00\x33\x01\x00\x00\x04\x00\x08\x01\x33\x01"
  "\x00\x00\x1f\x00\x08\x00\x34\x00\x00\x00\x03\x00\x08\x01\x34\x00\x00\x00\x56\x00"
  "\x08\x00\x34\x01\x00\x00\x04\x00\x08\x01\x34\x01\x00\x00\x1f\x00\x08\x00\x35\x00"
  "\x00\x00\x03\x00\x08\x01\x35\x00\x00\x00\x03\x00\x08\x00\x35\x01\x00\x00\x04\x00"
  "\x08\x01\x35\x01\x00\x00\x1e\x00\x08\x00\x36\x00\x00\x00\x03\x00\x08\x01\x36\x00"
  "\x00\x00\x53\x00\x08\x00\x36\x01\x00\x00\x04\x00\x08\x01\x36\x01\x00\x00\x26\x00"
  "\x08\x00\x37\x00\x00\x00\x03\x00\x08\x01\x37\x00\x00\x00\x37\x00\x08\x00\x37\x01"
  "\x00\x00\x04\x00\x08\x01\x37\x01\x00\x00\x24\x00\x08\x00\x38\x00\x00\x00\x03\x00"
  "\x08\x01\x38\x00\x00\x00\x19\x00\x08\x00\x38\x01\x00\x00\x04\x00\x08\x01\x38\x01"
  "\x00\x00\x23\x00\x08\x00\x39\x00\x00\x00\x03\x00\x08\x01\x39\x00\x00\x00\x57\x00"
  "\x08\x00\x39\x01\x00\x00\x04\x00\x08\x01\x39\x01\x00\x00\x1f\x00\x08\x00\x3a\x00"
  "\x00\x00\x03\x00\x08\x01\x3a\x00\x00\x00\x57\x00\x08\x00\x3a\x01\x00\x00\x04\x00"
  "\x08\x01\x3a\x01\x00\x00\x1f\x00\x08\x00\x3b\x00\x00\x00\x03\x00\x08\x01\x3b\x00"
  "\x00\x00\x57\x00\x08\x00\x3b\x01\x00\x00\x04\x00\x08\x01\x3b\x01\x00\x00\x1f\x00"
  "\x08\x00\x3c\x00\x00\x00\x03\x00\x08\x01\x3c\x00\x00\x00\x14\x00\x08\x00\x3c\x01"
  "\x00\x00\x04\x00\x08\x01\x3c\x01\x00\x00\x45\x00\x08\x00\x3d\x00\x00\x00\x03\x00"
  "\x08\x01\x3d\x00\x00\x00\x14\x00\x08\x00\x3d\x01\x00\x00\x04\x00\x08\x01\x3d\x01"
  "\x00\x00\x58\x00\x08\x00\x3e\x00\x00\x00\x03\x00\x08\x01\x3e\x00\x00\x00\x15\x00"
  "\x08\x00\x3e\x01\x00\x00\x04\x00\x08\x01\x3e\x01\x00\x00\x45\x00\x08\x00\x3f\x00"
  "\x00\x00\x03\x00\x08\x01\x3f\x00\x00\x00\x15\x00\x08\x00\x3f\x01\x00\x00\x04\x00"
  "\x08\x01\x3f\x01\x00\x00\x58\x00\x08\x00\x40\x00\x00\x00\x03\x00\x08\x01\x40\x00"
  "\x00\x00\x17\x00\x08\x00\x40\x01\x00\x00\x04\x00\x08\x01\x40\x01\x00\x00\x21\x00"
  "\x08\x00\x41\x00\x00\x00\x03\x00\x08\x01\x41\x00\x00\x00\x17\x00\x08\x00\x41\x01"
  "\x00\x00\x04\x00\x08\x01\x41\x01\x00\x00\x22\x00\x08\x00\x42\x00\x00\x00\x03\x00"
  "\x08\x01\x42\x00\x00\x00\x16\x00\x08\x00\x42\x01\x00\x00\x04\x00\x08\x01\x42\x01"
  "\x00\x00\x20\x00\x08\x00\x43\x00\x00\x00\x03\x00\x08\x01\x43\x00\x00\x00\x13\x00"
  "\x08\x00\x43\x01\x00\x00\x04\x00\x08\x01\x43\x01\x00\x00\x20\x00\x08\x00\x44\x00"
  "\x00\x00\x03\x00\x08\x01\x44\x00\x00\x00\x4d\x00\x08\x00\x44\x01\x00\x00\x04\x00"
  "\x08\x01\x44\x01\x00\x00\x25\x00\x08\x00\x45\x00\x00\x00\x03\x00\x08\x01\x45\x00"
  "\x00\x00\x4e\x00\x08\x00\x45\x01\x00\x00\x04\x00\x08\x01\x45\x01\x00\x00\x25\x00"
  "\x09\x00\x00\x00\x00\x00\x31\x00\x09\x01\x00\x00\x00\x00\x00\x00\x09\x02\x00\x00"
  "\x00\x00\x01\x00\x09\x03\x00\x00\x00\x00\x02\x00\x09\x04\x00\x00\x00\x00\x07\x00"
  "\x09\x05\x00\x00\x00\x00\x03\x00\x09\x06\x00\x00\x00\x00\x00\x00\x09\x00\x00\x00"
  "\x01\x00\x35\x00\x09\x01\x00\x00\x01\x00\x08\x00\x09\x02\x00\x00\x01\x00\x09\x00"
  "\x09\x03\x00\x00\x01\x00\x0a\x00\x09\x04\x00\x00\x01\x00\x08\x00\x09\x05\x00\x00"
  "\x01\x00\x03\x00\x09\x06\x00\x00\x01\x00\x01\x00\x09\x00\x00\x01\x00\x00\x01\x00"
  "\x09\x01\x00\x01\x00\x00\x00\x00\x09\x02\x00\x01\x00\x00\x01\x00\x09\x03\x00\x01"
  "\x00\x00\x02\x00\x09\x04\x00\x01\x00\x00\x07\x00\x09\x05\x00\x01\x00\x00\x03\x00"
  "\x09\x06\x00\x01\x00\x00\x00\x00\x09\x00\x00\x01\x01\x00\x01\x00\x09\x01\x00\x01"
  "\x01\x00\x08\x00\x09\x02\x00\x01\x01\x00\x09\x00\x09\x03\x00\x01\x01\x00\x0a\x00"
  "\x09\x04\x00\x01\x01\x00\x08\x00\x09\x05\x00\x01\x01\x00\x03\x00\x09\x06\x00\x01"
  "\x01\x00\x02\x00\x09\x00\x00\x02\x00\x00\x37\x00\x09\x01\x00\x02\x00\x00\x04\x00"
  "\x09\x02\x00\x02\x00\x00\x02\x00\x09\x03\x00\x02\x00\x00\x05\x00\x09\x04\x00\x02"
  "\x00\x00\x07\x00\x09\x05\x00\x02\x00\x00\x03\x00\x09\x06\x00\x02\x00\x00\x03\x00"
  "\x09\x00\x00\x02\x01\x00\x37\x00\x09\x01\x00\x02\x01\x00\x08\x00\x09\x02\x00\x02"
  "\x01\x00\x09\x00\x09\x03\x00\x02\x01\x00\x0a\x00\x09\x04\x00\x02\x01\x00\x08\x00"
  "\x09\x05\x00\x02\x01\x00\x03\x00\x09\x06\x00\x02\x01\x00\x03\x00\x09\x00\x01\x00"
  "\x00\x00\x00\x00\x09\x01\x01\x00\x00\x00\x00\x00\x09\x02\x01\x00\x00\x00\x01\x00"
  "\x09\x03\x01\x00\x00\x00\x02\x00\x09\x04\x01\x00\x00\x00\x07\x00\x09\x05\x01\x00"
  "\x00\x00\x03\x00\x09\x06\x01\x00\x00\x00\x00\x00\x09\x00\x01\x00\x01\x00\x32\x00"
  "\x09\x01\x01\x00\x01\x00\x08\x00\x09\x02\x01\x00\x01\x00\x09\x00\x09\x03\x01\x00"
  "\x01\x00\x0a\x00\x09\x04\x01\x00\x01\x00\x08\x00\x09\x05\x01\x00\x01\x00\x03\x00"
  "\x09\x06\x01\x00\x01\x00\x01\x00\x09\x00\x01\x01\x00\x00\x02\x00\x09\x01\x01\x01"
  "\x00\x00\x00\x00\x09\x02\x01\x01\x00\x00\x01\x00\x09\x03\x01\x01\x00\x00\x02\x00"
  "\x09\x04\x01\x01\x00\x00\x07\x00\x09\x05\x01\x01\x00\x00\x03\x00\x09\x06\x01\x01"
  "\x00\x00\x00\x00\x09\x00\x01\x01\x01\x00\x02\x00\x09\x01\x01\x01\x01\x00\x08\x00"
  "\x09\x02\x01\x01\x01\x00\x09\x00\x09\x03\x01\x01\x01\x00\x0a\x00\x09\x04\x01\x01"
  "\x01\x00\x08\x00\x09\x05\x01\x01\x01\x00\x03\x00\x09\x06\x01\x01\x01\x00\x02\x00"
  "\x09\x00\x01\x02\x00\x00\x37\x00\x09\x01\x01\x02\x00\x00\x04\x00\x09\x02\x01\x02"
  "\x00\x00\x02\x00\x09\x03\x01\x02\x00\x00\x05\x00\x09\x04\x01\x02\x00\x00\x07\x00"
  "\x09\x05\x01\x02\x00\x00\x03\x00\x09\x06\x01\x02\x00\x00\x03\x00\x09\x00\x01\x02"
  "\x01\x00\x37\x00\x09\x01\x01\x02\x01\x00\x08\x00\x09\x02\x01\x02\x01\x00\x09\x00"
  "\x09\x03\x01\x02\x01\x00\x0a\x00\x09\x04\x01\x02\x01\x00\x08\x00\x09\x05\x01\x02"
  "\x01\x00\x03\x00\x09\x06\x01\x02\x01\x00\x03\x00\x09\x00\x02\x00\x00\x00\x14\x00"
  "\x09\x01\x02\x00\x00\x00\x00\x00\x09\x02\x02\x00\x00\x00\x01\x00\x09\x03\x02\x00"
  "\x00\x00\x02\x00\x09\x04\x02\x00\x00\x00\x07\x00\x09\x05\x02\x00\x00\x00\x03\x00"
  "\x09\x06\x02\x00\x00\x00\x00\x00\x09\x00\x02\x00\x01\x00\x33\x00\x09\x01\x02\x00"
  "\x01\x00\x08\x00\x09\x02\x02\x00\x01\x00\x09\x00\x09\x03\x02\x00\x01\x00\x0a\x00"
  "\x09\x04\x02\x00\x01\x00\x08\x00\x09\x05\x02\x00\x01\x00\x03\x00\x09\x06\x02\x00"
  "\x01\x00\x01\x00\x09\x00\x02\x01\x00\x00\x03\x00\x09\x01\x02\x01\x00\x00\x00\x00"
  "\x09\x02\x02\x01\x00\x00\x01\x00\x09\x03\x02\x01\x00\x00\x02\x00\x09\x04\x02\x01"
  "\x00\x00\x07\x00\x09\x05\x02\x01\x00\x00\x03\x00\x09\x06\x02\x01\x00\x00\x00\x00"
  "\x09\x00\x02\x01\x01\x00\x03\x00\x09\x01\x02\x01\x01\x00\x08\x00\x09\x02\x02\x01"
  "\x01\x00\x09\x00\x09\x03\x02\x01\x01\x00\x0a\x00\x09\x04\x02\x01\x01\x00\x08\x00"
  "\x09\x05\x02\x01\x01\x00\x03\x00\x09\x06\x02\x01\x01\x00\x02\x00\x09\x00\x02\x02"
  "\x00\x00\x37\x00\x09\x01\x02\x02\x00\x00\x04\x00\x09\x02\x02\x02\x00\x00\x02\x00"
  "\x09\x03\x02\x02\x00\x00\x05\x00\x09\x04\x02\x02\x00\x00\x07\x00\x09\x05\x02\x02"
  "\x00\x00\x03\x00\x09\x06\x02\x02\x00\x00\x03\x00\x09\x00\x02\x02\x01\x00\x37\x00"
  "\x09\x01\x02\x02\x01\x00\x08\x00\x09\x02\x02\x02\x01\x00\x09\x00\x09\x03\x02\x02"
  "\x01\x00\x0a\x00\x09\x04\x02\x02\x01\x00\x08\x00\x09\x05\x02\x02\x01\x00\x03\x00"
  "\x09\x06\x02\x02\x01\x00\x03\x00\x09\x00\x03\x00\x00\x00\x1b\x00\x09\x01\x03\x00"
  "\x00\x00\x00\x00\x09\x02\x03\x00\x00\x00\x01\x00\x09\x03\x03\x00\x00\x00\x02\x00"
  "\x09\x04\x03\x00\x00\x00\x07\x00\x09\x05\x03\x00\x00\x00\x03\x00\x09\x06\x03\x00"
  "\x00\x00\x00\x00\x09\x00\x03\x00\x01\x00\x2e\x00\x09\x01\x03\x00\x01\x00\x08\x00"
  "\x09\x02\x03\x00\x01\x00\x09\x00\x09\x03\x03\x00\x01\x00\x0a\x00\x09\x04\x03\x00"
  "\x01\x00\x08\x00\x09\x05\x03\x00\x01\x00\x03\x00\x09\x06\x03\x00\x01\x00\x01\x00"
  "\x09\x00\x03\x01\x00\x00\x04\x00\x09\x01\x03\x01\x00\x00\x00\x00\x09\x02\x03\x01"
  "\x00\x00\x01\x00\x09\x03\x03\x01\x00\x00\x02\x00\x09\x04\x03\x01\x00\x00\x07\x00"
  "\x09\x05\x03\x01\x00\x00\x03\x00\x09\x06\x03\x01\x00\x00\x00\x00\x09\x00\x03\x01"
  "\x01\x00\x04\x00\x09\x01\x03\x01\x01\x00\x08\x00\x09\x02\x03\x01\x01\x00\x09\x00"
  "\x09\x03\x03\x01\x01\x00\x0a\x00\x09\x04\x03\x01\x01\x00\x08\x00\x09\x05\x03\x01"
  "\x01\x00\x03\x00\x09\x06\x03\x01\x01\x00\x02\x00\x09\x00\x03\x02\x00\x00\x37\x00"
  "\x09\x01\x03\x02\x00\x00\x04\x00\x09\x02\x03\x02\x00\x00\x02\x00\x09\x03\x03\x02"
  "\x00\x00\x05\x00\x09\x04\x03\x02\x00\x00\x07\x00\x09\x05\x03\x02\x00\x00\x03\x00"
  "\x09\x06\x03\x02\x00\x00\x03\x00\x09\x00\x03\x02\x01\x00\x37\x00\x09\x01\x03\x02"
  "\x01\x00\x08\x00\x09\x02\x03\x02\x01\x00\x09\x00\x09\x03\x03\x02\x01\x00\x0a\x00"
  "\x09\x04\x03\x02\x01\x00\x08\x00\x09\x05\x03\x02\x01\x00\x03\x00\x09\x06\x03\x02"
  "\x01\x00\x03\x00\x09\x00\x04\x00\x00\x00\x26\x00\x09\x01\x04\x00\x00\x00\x00\x00"
  "\x09\x02\x04\x00\x00\x00\x01\x00\x09\x03\x04\x00\x00\x00\x02\x00\x09\x04\x04\x00"
  "\x00\x00\x07\x00\x09\x05\x04\x00\x00\x00\x03\x00\x09\x06\x04\x00\x00\x00\x00\x00"
  "\x09\x00\x04\x00\x01\x00\x2f\x00\x09\x01\x04\x00\x01\x00\x08\x00\x09\x02\x04\x00"
  "\x01\x00\x09\x00\x09\x03\x04\x00\x01\x00\x0a\x00\x09\x04\x04\x00\x01\x00\x08\x00"
  "\x09\x05\x04\x00\x01\x00\x03\x00\x09\x06\x04\x00\x01\x00\x01\x00\x09\x00\x04\x01"
  "\x00\x00\x05\x00\x09\x01\x04\x01\x00\x00\x00\x00\x09\x02\x04\x01\x00\x00\x01\x00"
  "\x09\x03\x04\x01\x00\x00\x02\x00\x09\x04\x04\x01\x00\x00\x07\x00\x09\x05\x04\x01"
  "\x00\x00\x03\x00\x09\x06\x04\x01\x00\x00\x00\x00\x09\x00\x04\x01\x01\x00\x05\x00"
  "\x09\x01\x04\x01\x01\x00\x08\x00\x09\x02\x04\x01\x01\x00\x09\x00\x09\x03\x04\x01"
  "\x01\x00\x0a\x00\x09\x04\x04\x01\x01\x00\x08\x00\x09\x05\x04\x01\x01\x00\x03\x00"
  "\x09\x06\x04\x01\x01\x00\x02\x00\x09\x00\x04\x02\x00\x00\x37\x00\x09\x01\x04\x02"
  "\x00\x00\x04\x00\x09\x02\x04\x02\x00\x00\x02\x00\x09\x03\x04\x02\x00\x00\x05\x00"
  "\x09\x04\x04\x02\x00\x00\x07\x00\x09\x05\x04\x02\x00\x00\x03\x00\x09\x06\x04\x02"
  "\x00\x00\x03\x00\x09\x00\x04\x02\x01\x00\x37\x00\x09\x01\x04\x02\x01\x00\x08\x00"
  "\x09\x02\x04\x02\x01\x00\x09\x00\x09\x03\x04\x02\x01\x00\x0a\x00\x09\x04\x04\x02"
  "\x01\x00\x08\x00\x09\x05\x04\x02\x01\x00\x03\x00\x09\x06\x04\x02\x01\x00\x03\x00"
  "\x09\x00\x05\x00\x00\x00\x34\x00\x09\x01\x05\x00\x00\x00\x00\x00\x09\x02\x05\x00"
  "\x00\x00\x01\x00\x09\x03\x05\x00\x00\x00\x02\x00\x09\x04\x05\x00\x00\x00\x07\x00"
  "\x09\x05\x05\x00\x00\x00\x03\x00\x09\x06\x05\x00\x00\x00\x00\x00\x09\x00\x05\x00"
  "\x01\x00\x23\x00\x09\x01\x05\x00\x01\x00\x08\x00\x09\x02\x05\x00\x01\x00\x09\x00"
  "\x09\x03\x05\x00\x01\x00\x0a\x00\x09\x04\x05\x00\x01\x00\x08\x00\x09\x05\x05\x00"
  "\x01\x00\x03\x00\x09\x06\x05\x00\x01\x00\x01\x00\x09\x00\x05\x01\x00\x00\x10\x00"
  "\x09\x01\x05\x01\x00\x00\x00\x00\x09\x02\x05\x01\x00\x00\x01\x00\x09\x03\x05\x01"
  "\x00\x00\x02\x00\x09\x04\x05\x01\x00\x00\x07\x00\x09\x05\x05\x01\x00\x00\x03\x00"
  "\x09\x06\x05\x01\x00\x00\x00\x00\x09\x00\x05\x01\x01\x00\x10\x00\x09\x01\x05\x01"
  "\x01\x00\x08\x00\x09\x02\x05\x01\x01\x00\x09\x00\x09\x03\x05\x01\x01\x00\x0a\x00"
  "\x09\x04\x05\x01\x01\x00\x08\x00\x09\x05\x05\x01\x01\x00\x03\x00\x09\x06\x05\x01"
  "\x01\x00\x02\x00\x09\x00\x05\x02\x00\x00\x37\x00\x09\x01\x05\x02\x00\x00\x04\x00"
  "\x09\x02\x05\x02\x00\x00\x02\x00\x09\x03\x05\x02\x00\x00\x05\x00\x09\x04\x05\x02"
  "\x00\x00\x07\x00\x09\x05\x05\x02\x00\x00\x03\x00\x09\x06\x05\x02\x00\x00\x03\x00"
  "\x09\x00\x05\x02\x01\x00\x37\x00\x09\x01\x05\x02\x01\x00\x08\x00\x09\x02\x05\x02"
  "\x01\x00\x09\x00\x09\x03\x05\x02\x01\x00\x0a\x00\x09\x04\x05\x02\x01\x00\x08\x00"
  "\x09\x05\x05\x02\x01\x00\x03\x00\x09\x06\x05\x02\x01\x00\x03\x00\x09\x00\x06\x00"
  "\x00\x00\x17\x00\x09\x01\x06\x00\x00\x00\x00\x00\x09\x02\x06\x00\x00\x00\x01\x00"
  "\x09\x03\x06\x00\x00\x00\x02\x00\x09\x04\x06\x00\x00\x00\x07\x00\x09\x05\x06\x00"
  "\x00\x00\x03\x00\x09\x06\x06\x00\x00\x00\x00\x00\x09\x00\x06\x00\x01\x00\x20\x00"
  "\x09\x01\x06\x00\x01\x00\x08\x00\x09\x02\x06\x00\x01\x00\x09\x00\x09\x03\x06\x00"
  "\x01\x00\x0a\x00\x09\x04\x06\x00\x01\x00\x08\x00\x09\x05\x06\x00\x01\x00\x03\x00"
  "\x09\x06\x06\x00\x01\x00\x01\x00\x09\x00\x06\x01\x00\x00\x09\x00\x09\x01\x06\x01"
  "\x00\x00\x00\x00\x09\x02\x06\x01\x00\x00\x01\x00\x09\x03\x06\x01\x00\x00\x02\x00"
  "\x09\x04\x06\x01\x00\x00\x07\x00\x09\x05\x06\x01\x00\x00\x03\x00\x09\x06\x06\x01"
  "\x00\x00\x00\x00\x09\x00\x06\x01\x01\x00\x09\x00\x09\x01\x06\x01\x01\x00\x08\x00"
  "\x09\x02\x06\x01\x01\x00\x09\x00\x09\x03\x06\x01\x01\x00\x0a\x00\x09\x04\x06\x01"
  "\x01\x00\x08\x00\x09\x05\x06\x01\x01\x00\x03\x00\x09\x06\x06\x01\x01\x00\x02\x00"
  "\x09\x00\x06\x02\x00\x00\x37\x00\x09\x01\x06\x02\x00\x00\x04\x00\x09\x02\x06\x02"
  "\x00\x00\x02\x00\x09\x03\x06\x02\x00\x00\x05\x00\x09\x04\x06\x02\x00\x00\x07\x00"
  "\x09\x05\x06\x02\x00\x00\x03\x00\x09\x06\x06\x02\x00\x00\x03\x00\x09\x00\x06\x02"
  "\x01\x00\x37\x00\x09\x01\x06\x02\x01\x00\x08\x00\x09\x02\x06\x02\x01\x00\x09\x00"
  "\x09\x03\x06\x02\x01\x00\x0a\x00\x09\x04\x06\x02\x01\x00\x08\x00\x09\x05\x06\x02"
  "\x01\x00\x03\x00\x09\x06\x06\x02\x01\x00\x03\x00\x09\x00\x07\x00\x00\x00\x15\x00"
  "\x09\x01\x07\x00\x00\x00\x00\x00\x09\x02\x07\x00\x00\x00\x01\x00\x09\x03\x07\x00"
  "\x00\x00\x02\x00\x09\x04\x07\x00\x00\x00\x07\x00\x09\x05\x07\x00\x00\x00\x03\x00"
  "\x09\x06\x07\x00\x00\x00\x00\x00\x09\x00\x07\x00\x01\x00\x24\x00\x09\x01\x07\x00"
  "\x01\x00\x08\x00\x09\x02\x07\x00\x01\x00\x09\x00\x09\x03\x07\x00\x01\x00\x0a\x00"
  "\x09\x04\x07\x00\x01\x00\x08\x00\x09\x05\x07\x00\x01\x00\x03\x00\x09\x06\x07\x00"
  "\x01\x00\x01\x00\x09\x00\x07\x01\x00\x00\x0a\x00\x09\x01\x07\x01\x00\x00\x00\x00"
  "\x09\x02\x07\x01\x00\x00\x01\x00\x09\x03\x07\x01\x00\x00\x02\x00\x09\x04\x07\x01"
  "\x00\x00\x07\x00\x09\x05\x07\x01\x00\x00\x03\x00\x09\x06\x07\x01\x00\x00\x00\x00"
  "\x09\x00\x07\x01\x01\x00\x0a\x00\x09\x01\x07\x01\x01\x00\x08\x00\x09\x02\x07\x01"
  "\x01\x00\x09\x00\x09\x03\x07\x01\x01\x00\x0a\x00\x09\x04\x07\x01\x01\x00\x08\x00"
  "\x09\x05\x07\x01\x01\x00\x03\x00\x09\x06\x07\x01\x01\x00\x02\x00\x09\x00\x07\x02"
  "\x00\x00\x37\x00\x09\x01\x07\x02\x00\x00\x04\x00\x09\x02\x07\x02\x00\x00\x02\x00"
  "\x09\x03\x07\x02\x00\x00\x05\x00\x09\x04\x07\x02\x00\x00\x07\x00\x09\x05\x07\x02"
  "\x00\x00\x03\x00\x09\x06\x07\x02\x00\x00\x03\x00\x09\x00\x07\x02\x01\x00\x37\x00"
  "\x09\x01\x07\x02\x01\x00\x08\x00\x09\x02\x07\x02\x01\x00\x09\x00\x09\x03\x07\x02"
  "\x01\x00\x0a\x00\x09\x04\x07\x02\x01\x00\x08\x00\x09\x05\x07\x02\x01\x00\x03\x00"
  "\x09\x06\x07\x02\x01\x00\x03\x00\x09\x00\x08\x00\x00\x00\x28\x00\x09\x01\x08\x00"
  "\x00\x00\x00\x00\x09\x02\x08\x00\x00\x00\x01\x00\x09\x03\x08\x00\x00\x00\x02\x00"
  "\x09\x04\x08\x00\x00\x00\x07\x00\x09\x05\x08\x00\x00\x00\x03\x00\x09\x06\x08\x00"
  "\x00\x00\x00\x00\x09\x00\x08\x00\x01\x00\x19\x00\x09\x01\x08\x00\x01\x00\x08\x00"
  "\x09\x02\x08\x00\x01\x00\x09\x00\x09\x03\x08\x00\x01\x00\x0a\x00\x09\x04\x08\x00"
  "\x01\x00\x08\x00\x09\x05\x08\x00\x01\x00\x03\x00\x09\x06\x08\x00\x01\x00\x01\x00"
  "\x09\x00\x08\x01\x00\x00\x06\x00\x09\x01\x08\x01\x00\x00\x00\x00\x09\x02\x08\x01"
  "\x00\x00\x01\x00\x09\x03\x08\x01\x00\x00\x02\x00\x09\x04\x08\x01\x00\x00\x07\x00"
  "\x09\x05\x08\x01\x00\x00\x03\x00\x09\x06\x08\x01\x00\x00\x00\x00\x09\x00\x08\x01"
  "\x01\x00\x06\x00\x09\x01\x08\x01\x01\x00\x08\x00\x09\x02\x08\x01\x01\x00\x09\x00"
  "\x09\x03\x08\x01\x01\x00\x0a\x00\x09\x04\x08\x01\x01\x00\x08\x00\x09\x05\x08\x01"
  "\x01\x00\x03\x00\x09\x06\x08\x01\x01\x00\x02\x00\x09\x00\x08\x02\x00\x00\x37\x00"
  "\x09\x01\x08\x02\x00\x00\x04\x00\x09\x02\x08\x02\x00\x00\x02\x00\x09\x03\x08\x02"
  "\x00\x00\x05\x00\x09\x04\x08\x02\x00\x00\x07\x00\x09\x05\x08\x02\x00\x00\x03\x00"
  "\x09\x06\x08\x02\x00\x00\x03\x00\x09\x00\x08\x02\x01\x00\x37\x00\x09\x01\x08\x02"
  "\x01\x00\x08\x00\x09\x02\x08\x02\x01\x00\x09\x00\x09\x03\x08\x02\x01\x00\x0a\x00"
  "\x09\x04\x08\x02\x01\x00\x08\x00\x09\x05\x08\x02\x01\x00\x03\x00\x09\x06\x08\x02"
  "\x01\x00\x03\x00\x09\x00\x09\x00\x00\x00\x25\x00\x09\x01\x09\x00\x00\x00\x00\x00"
  "\x09\x02\x09\x00\x00\x00\x01\x00\x09\x03\x09\x00\x00\x00\x02\x00\x09\x04\x09\x00"
  "\x00\x00\x07\x00\x09\x05\x09\x00\x00\x00\x03\x00\x09\x06\x09\x00\x00\x00\x00\x00"
  "\x09\x00\x09\x00\x01\x00\x18\x00\x09\x01\x09\x00\x01\x00\x08\x00\x09\x02\x09\x00"
  "\x01\x00\x09\x00\x09\x03\x09\x00\x01\x00\x0a\x00\x09\x04\x09\x00\x01\x00\x08\x00"
  "\x09\x05\x09\x00\x01\x00\x03\x00\x09\x06\x09\x00\x01\x00\x01\x00\x09\x00\x09\x01"
  "\x00\x00\x0f\x00\x09\x01\x09\x01\x00\x00\x00\x00\x09\x02\x09\x01\x00\x00\x01\x00"
  "\x09\x03\x09\x01\x00\x00\x02\x00\x09\x04\x09\x01\x00\x00\x07\x00\x09\x05\x09\x01"
  "\x00\x00\x03\x00\x09\x06\x09\x01\x00\x00\x00\x00\x09\x00\x09\x01\x01\x00\x0f\x00"
  "\x09\x01\x09\x01\x01\x00\x08\x00\x09\x02\x09\x01\x01\x00\x09\x00\x09\x03\x09\x01"
  "\x01\x00\x0a\x00\x09\x04\x09\x01\x01\x00\x08\x00\x09\x05\x09\x01\x01\x00\x03\x00"
  "\x09\x06\x09\x01\x01\x00\x02\x00\x09\x00\x09\x02\x00\x00\x37\x00\x09\x01\x09\x02"
  "\x00\x00\x04\x00\x09\x02\x09\x02\x00\x00\x02\x00\x09\x03\x09\x02\x00\x00\x05\x00"
  "\x09\x04\x09\x02\x00\x00\x07\x00\x09\x05\x09\x02\x00\x00\x03\x00\x09\x06\x09\x02"
  "\x00\x00\x03\x00\x09\x00\x09\x02\x01\x00\x37\x00\x09\x01\x09\x02\x01\x00\x08\x00"
  "\x09\x02\x09\x02\x01\x00\x09\x00\x09\x03\x09\x02\x01\x00\x0a\x00\x09\x04\x09\x02"
  "\x01\x00\x08\x00\x09\x05\x09\x02\x01\x00\x03\x00\x09\x06\x09\x02\x01\x00\x03\x00"
  "\x09\x00\x0a\x00\x00\x00\x27\x00\x09\x01\x0a\x00\x00\x00\x00\x00\x09\x02\x0a\x00"
  "\x00\x00\x01\x00\x09\x03\x0a\x00\x00\x00\x02\x00\x09\x04\x0a\x00\x00\x00\x07\x00"
  "\x09\x05\x0a\x00\x00\x00\x03\x00\x09\x06\x0a\x00\x00\x00\x00\x00\x09\x00\x0a\x00"
  "\x01\x00\x16\x00\x09\x01\x0a\x00\x01\x00\x08\x00\x09\x02\x0a\x00\x01\x00\x09\x00"
  "\x09\x03\x0a\x00\x01\x00\x0a\x00\x09\x04\x0a\x00\x01\x00\x08\x00\x09\x05\x0a\x00"
  "\x01\x00\x03\x00\x09\x06\x0a\x00\x01\x00\x01\x00\x09\x00\x0a\x01\x00\x00\x11\x00"
  "\x09\x01\x0a\x01\x00\x00\x00\x00\x09\x02\x0a\x01\x00\x00\x01\x00\x09\x03\x0a\x01"
  "\x00\x00\x02\x00\x09\x04\x0a\x01\x00\x00\x07\x00\x09\x05\x0a\x01\x00\x00\x03\x00"
  "\x09\x06\x0a\x01\x00\x00\x00\x00\x09\x00\x0a\x01\x01\x00\x11\x00\x09\x01\x0a\x01"
  "\x01\x00\x08\x00\x09\x02\x0a\x01\x01\x00\x09\x00\x09\x03\x0a\x01\x01\x00\x0a\x00"
  "\x09\x04\x0a\x01\x01\x00\x08\x00\x09\x05\x0a\x01\x01\x00\x03\x00\x09\x06\x0a\x01"
  "\x01\x00\x02\x00\x09\x00\x0a\x02\x00\x00\x37\x00\x09\x01\x0a\x02\x00\x00\x04\x00"
  "\x09\x02\x0a\x02\x00\x00\x02\x00\x09\x03\x0a\x02\x00\x00\x05\x00\x09\x04\x0a\x02"
  "\x00\x00\x07\x00\x09\x05\x0a\x02\x00\x00\x03\x00\x09\x06\x0a\x02\x00\x00\x03\x00"
  "\x09\x00\x0a\x02\x01\x00\x37\x00\x09\x01\x0a\x02\x01\x00\x08\x00\x09\x02\x0a\x02"
  "\x01\x00\x09\x00\x09\x03\x0a\x02\x01\x00\x0a\x00\x09\x04\x0a\x02\x01\x00\x08\x00"
  "\x09\x05\x0a\x02\x01\x00\x03\x00\x09\x06\x0a\x02\x01\x00\x03\x00\x09\x00\x0b\x00"
  "\x00\x00\x1e\x00\x09\x01\x0b\x00\x00\x00\x00\x00\x09\x02\x0b\x00\x00\x00\x01\x00"
  "\x09\x03\x0b\x00\x00\x00\x02\x00\x09\x04\x0b\x00\x00\x00\x07\x00\x09\x05\x0b\x00"
  "\x00\x00\x03\x00\x09\x06\x0b\x00\x00\x00\x00\x00\x09\x00\x0b\x00\x01\x00\x36\x00"
  "\x09\x01\x0b\x00\x01\x00\x08\x00\x09\x02\x0b\x00\x01\x00\x09\x00\x09\x03\x0b\x00"
  "\x01\x00\x0a\x00\x09\x04\x0b\x00\x01\x00\x08\x00\x09\x05\x0b\x00\x01\x00\x03\x00"
  "\x09\x06\x0b\x00\x01\x00\x01\x00\x09\x00\x0b\x01\x00\x00\x13\x00\x09\x01\x0b\x01"
  "\x00\x00\x00\x00\x09\x02\x0b\x01\x00\x00\x01\x00\x09\x03\x0b\x01\x00\x00\x02\x00"
  "\x09\x04\x0b\x01\x00\x00\x07\x00\x09\x05\x0b\x01\x00\x00\x03\x00\x09\x06\x0b\x01"
  "\x00\x00\x00\x00\x09\x00\x0b\x01\x01\x00\x13\x00\x09\x01\x0b\x01\x01\x00\x08\x00"
  "\x09\x02\x0b\x01\x01\x00\x09\x00\x09\x03\x0b\x01\x01\x00\x0a\x00\x09\x04\x0b\x01"
  "\x01\x00\x08\x00\x09\x05\x0b\x01\x01\x00\x03\x00\x09\x06\x0b\x01\x01\x00\x02\x00"
  "\x09\x00\x0b\x02\x00\x00\x37\x00\x09\x01\x0b\x02\x00\x00\x04\x00\x09\x02\x0b\x02"
  "\x00\x00\x02\x00\x09\x03\x0b\x02\x00\x00\x05\x00\x09\x04\x0b\x02\x00\x00\x07\x00"
  "\x09\x05\x0b\x02\x00\x00\x03\x00\x09\x06\x0b\x02\x00\x00\x03\x00\x09\x00\x0b\x02"
  "\x01\x00\x37\x00\x09\x01\x0b\x02\x01\x00\x08\x00\x09\x02\x0b\x02\x01\x00\x09\x00"
  "\x09\x03\x0b\x02\x01\x00\x0a\x00\x09\x04\x0b\x02\x01\x00\x08\x00\x09\x05\x0b\x02"
  "\x01\x00\x03\x00\x09\x06\x0b\x02\x01\x00\x03\x00\x09\x00\x0c\x00\x00\x00\x29\x00"
  "\x09\x01\x0c\x00\x00\x00\x00\x00\x09\x02\x0c\x00\x00\x00\x01\x00\x09\x03\x0c\x00"
  "\x00\x00\x02\x00\x09\x04\x0c\x00\x00\x00\x07\x00\x09\x05\x0c\x00\x00\x00\x03\x00"
  "\x09\x06\x0c\x00\x00\x00\x00\x00\x09\x00\x0c\x00\x01\x00\x1a\x00\x09\x01\x0c\x00"
  "\x01\x00\x08\x00\x09\x02\x0c\x00\x01\x00\x09\x00\x09\x03\x0c\x00\x01\x00\x0a\x00"
  "\x09\x04\x0c\x00\x01\x00\x08\x00\x09\x05\x0c\x00\x01\x00\x03\x00\x09\x06\x0c\x00"
  "\x01\x00\x01\x00\x09\x00\x0c\x01\x00\x00\x0b\x00\x09\x01\x0c\x01\x00\x00\x00\x00"
  "\x09\x02\x0c\x01\x00\x00\x01\x00\x09\x03\x0c\x01\x00\x00\x02\x00\x09\x04\x0c\x01"
  "\x00\x00\x07\x00\x09\x05\x0c\x01\x00\x00\x03\x00\x09\x06\x0c\x01\x00\x00\x00\x00"
  "\x09\x00\x0c\x01\x01\x00\x0b\x00\x09\x01\x0c\x01\x01\x00\x08\x00\x09\x02\x0c\x01"
  "\x01\x00\x09\x00\x09\x03\x0c\x01\x01\x00\x0a\x00\x09\x04\x0c\x01\x01\x00\x08\x00"
  "\x09\x05\x0c\x01\x01\x00\x03\x00\x09\x06\x0c\x01\x01\x00\x02\x00\x09\x00\x0c\x02"
  "\x00\x00\x37\x00\x09\x01\x0c\x02\x00\x00\x04\x00\x09\x02\x0c\x02\x00\x00\x02\x00"
  "\x09\x03\x0c\x02\x00\x00\x05\x00\x09\x04\x0c\x02\x00\x00\x07\x00\x09\x05\x0c\x02"
  "\x00\x00\x03\x00\x09\x06\x0c\x02\x00\x00\x03\x00\x09\x00\x0c\x02\x01\x00\x37\x00"
  "\x09\x01\x0c\x02\x01\x00\x08\x00\x09\x02\x0c\x02\x01\x00\x09\x00\x09\x03\x0c\x02"
  "\x01\x00\x0a\x00\x09\x04\x0c\x02\x01\x00\x08\x00\x09\x05\x0c\x02\x01\x00\x03\x00"
  "\x09\x06\x0c\x02\x01\x00\x03\x00\x09\x00\x0d\x00\x00\x00\x2a\x00\x09\x01\x0d\x00"
  "\x00\x00\x00\x00\x09\x02\x0d\x00\x00\x00\x01\x00\x09\x03\x0d\x00\x00\x00\x02\x00"
  "\x09\x04\x0d\x00\x00\x00\x07\x00\x09\x05\x0d\x00\x00\x00\x03\x00\x09\x06\x0d\x00"
  "\x00\x00\x00\x00\x09\x00\x0d\x00\x01\x00\x1f\x00\x09\x01\x0d\x00\x01\x00\x08\x00"
  "\x09\x02\x0d\x00\x01\x00\x09\x00\x09\x03\x0d\x00\x01\x00\x0a\x00\x09\x04\x0d\x00"
  "\x01\x00\x08\x00\x09\x05\x0d\x00\x01\x00\x03\x00\x09\x06\x0d\x00\x01\x00\x01\x00"
  "\x09\x00\x0d\x01\x00\x00\x0c\x00\x09\x01\x0d\x01\x00\x00\x00\x00\x09\x02\x0d\x01"
  "\x00\x00\x01\x00\x09\x03\x0d\x01\x00\x00\x02\x00\x09\x04\x0d\x01\x00\x00\x07\x00"
  "\x09\x05\x0d\x01\x00\x00\x03\x00\x09\x06\x0d\x01\x00\x00\x00\x00\x09\x00\x0d\x01"
  "\x01\x00\x0c\x00\x09\x01\x0d\x01\x01\x00\x08\x00\x09\x02\x0d\x01\x01\x00\x09\x00"
  "\x09\x03\x0d\x01\x01\x00\x0a\x00\x09\x04\x0d\x01\x01\x00\x08\x00\x09\x05\x0d\x01"
  "\x01\x00\x03\x00\x09\x06\x0d\x01\x01\x00\x02\x00\x09\x00\x0d\x02\x00\x00\x37\x00"
  "\x09\x01\x0d\x02\x00\x00\x04\x00\x09\x02\x0d\x02\x00\x00\x02\x00\x09\x03\x0d\x02"
  "\x00\x00\x05\x00\x09\x04\x0d\x02\x00\x00\x07\x00\x09\x05\x0d\x02\x00\x00\x03\x00"
  "\x09\x06\x0d\x02\x00\x00\x03\x00\x09\x00\x0d\x02\x01\x00\x37\x00\x09\x01\x0d\x02"
  "\x01\x00\x08\x00\x09\x02\x0d\x02\x01\x00\x09\x00\x09\x03\x0d\x02\x01\x00\x0a\x00"
  "\x09\x04\x0d\x02\x01\x00\x08\x00\x09\x05\x0d\x02\x01\x00\x03\x00\x09\x06\x0d\x02"
  "\x01\x00\x03\x00\x09\x00\x0e\x00\x00\x00\x2c\x00\x09\x01\x0e\x00\x00\x00\x00\x00"
  "\x09\x02\x0e\x00\x00\x00\x01\x00\x09\x03\x0e\x00\x00\x00\x02\x00\x09\x04\x0e\x00"
  "\x00\x00\x07\x00\x09\x05\x0e\x00\x00\x00\x03\x00\x09\x06\x0e\x00\x00\x00\x00\x00"
  "\x09\x00\x0e\x00\x01\x00\x1c\x00\x09\x01\x0e\x00\x01\x00\x08\x00\x09\x02\x0e\x00"
  "\x01\x00\x09\x00\x09\x03\x0e\x00\x01\x00\x0a\x00\x09\x04\x0e\x00\x01\x00\x08\x00"
  "\x09\x05\x0e\x00\x01\x00\x03\x00\x09\x06\x0e\x00\x01\x00\x01\x00\x09\x00\x0e\x01"
  "\x00\x00\x0d\x00\x09\x01\x0e\x01\x00\x00\x00\x00\x09\x02\x0e\x01\x00\x00\x01\x00"
  "\x09\x03\x0e\x01\x00\x00\x02\x00\x09\x04\x0e\x01\x00\x00\x07\x00\x09\x05\x0e\x01"
  "\x00\x00\x03\x00\x09\x06\x0e\x01\x00\x00\x00\x00\x09\x00\x0e\x01\x01\x00\x0d\x00"
  "\x09\x01\x0e\x01\x01\x00\x08\x00\x09\x02\x0e\x01\x01\x00\x09\x00\x09\x03\x0e\x01"
  "\x01\x00\x0a\x00\x09\x04\x0e\x01\x01\x00\x08\x00\x09\x05\x0e\x01\x01\x00\x03\x00"
  "\x09\x06\x0e\x01\x01\x00\x02\x00\x09\x00\x0e\x02\x00\x00\x37\x00\x09\x01\x0e\x02"
  "\x00\x00\x04\x00\x09\x02\x0e\x02\x00\x00\x02\x00\x09\x03\x0e\x02\x00\x00\x05\x00"
  "\x09\x04\x0e\x02\x00\x00\x07\x00\x09\x05\x0e\x02\x00\x00\x03\x00\x09\x06\x0e\x02"
  "\x00\x00\x03\x00\x09\x00\x0e\x02\x01\x00\x37\x00\x09\x01\x0e\x02\x01\x00\x08\x00"
  "\x09\x02\x0e\x02\x01\x00\x09\x00\x09\x03\x0e\x02\x01\x00\x0a\x00\x09\x04\x0e\x02"
  "\x01\x00\x08\x00\x09\x05\x0e\x02\x01\x00\x03\x00\x09\x06\x0e\x02\x01\x00\x03\x00"
  "\x09\x00\x0f\x00\x00\x00\x2d\x00\x09\x01\x0f\x00\x00\x00\x00\x00\x09\x02\x0f\x00"
  "\x00\x00\x01\x00\x09\x03\x0f\x00\x00\x00\x02\x00\x09\x04\x0f\x00\x00\x00\x07\x00"
  "\x09\x05\x0f\x00\x00\x00\x03\x00\x09\x06\x0f\x00\x00\x00\x00\x00\x09\x00\x0f\x00"
  "\x01\x00\x1d\x00\x09\x01\x0f\x00\x01\x00\x08\x00\x09\x02\x0f\x00\x01\x00\x09\x00"
  "\x09\x03\x0f\x00\x01\x00\x0a\x00\x09\x04\x0f\x00\x01\x00\x08\x00\x09\x05\x0f\x00"
  "\x01\x00\x03\x00\x09\x06\x0f\x00\x01\x00\x01\x00\x09\x00\x0f\x01\x00\x00\x0e\x00"
  "\x09\x01\x0f\x01\x00\x00\x00\x00\x09\x02\x0f\x01\x00\x00\x01\x00\x09\x03\x0f\x01"
  "\x00\x00\x02\x00\x09\x04\x0f\x01\x00\x00\x07\x00\x09\x05\x0f\x01\x00\x00\x03\x00"
  "\x09\x06\x0f\x01\x00\x00\x00\x00\x09\x00\x0f\x01\x01\x00\x0e\x00\x09\x01\x0f\x01"
  "\x01\x00\x08\x00\x09\x02\x0f\x01\x01\x00\x09\x00\x09\x03\x0f\x01\x01\x00\x0a\x00"
  "\x09\x04\x0f\x01\x01\x00\x08\x00\x09\x05\x0f\x01\x01\x00\x03\x00\x09\x06\x0f\x01"
  "\x01\x00\x02\x00\x09\x00\x0f\x02\x00\x00\x37\x00\x09\x01\x0f\x02\x00\x00\x04\x00"
  "\x09\x02\x0f\x02\x00\x00\x02\x00\x09\x03\x0f\x02\x00\x00\x05\x00\x09\x04\x0f\x02"
  "\x00\x00\x07\x00\x09\x05\x0f\x02\x00\x00\x03\x00\x09\x06\x0f\x02\x00\x00\x03\x00"
  "\x09\x00\x0f\x02\x01\x00\x37\x00\x09\x01\x0f\x02\x01\x00\x08\x00\x09\x02\x0f\x02"
  "\x01\x00\x09\x00\x09\x03\x0f\x02\x01\x00\x0a\x00\x09\x04\x0f\x02\x01\x00\x08\x00"
  "\x09\x05\x0f\x02\x01\x00\x03\x00\x09\x06\x0f\x02\x01\x00\x03\x00\x09\x00\x10\x00"
  "\x00\x00\x2b\x00\x09\x01\x10\x00\x00\x00\x00\x00\x09\x02\x10\x00\x00\x00\x01\x00"
  "\x09\x03\x10\x00\x00\x00\x02\x00\x09\x04\x10\x00\x00\x00\x07\x00\x09\x05\x10\x00"
  "\x00\x00\x03\x00\x09\x06\x10\x00\x00\x00\x00\x00\x09\x00\x10\x00\x01\x00\x1e\x00"
  "\x09\x01\x10\x00\x01\x00\x08\x00\x09\x02\x10\x00\x01\x00\x09\x00\x09\x03\x10\x00"
  "\x01\x00\x0a\x00\x09\x04\x10\x00\x01\x00\x08\x00\x09\x05\x10\x00\x01\x00\x03\x00"
  "\x09\x06\x10\x00\x01\x00\x01\x00\x09\x00\x10\x01\x00\x00\x07\x00\x09\x01\x10\x01"
  "\x00\x00\x00\x00\x09\x02\x10\x01\x00\x00\x01\x00\x09\x03\x10\x01\x00\x00\x02\x00"
  "\x09\x04\x10\x01\x00\x00\x07\x00\x09\x05\x10\x01\x00\x00\x03\x00\x09\x06\x10\x01"
  "\x00\x00\x00\x00\x09\x00\x10\x01\x01\x00\x07\x00\x09\x01\x10\x01\x01\x00\x08\x00"
  "\x09\x02\x10\x01\x01\x00\x09\x00\x09\x03\x10\x01\x01\x00\x0a\x00\x09\x04\x10\x01"
  "\x01\x00\x08\x00\x09\x05\x10\x01\x01\x00\x03\x00\x09\x06\x10\x01\x01\x00\x02\x00"
  "\x09\x00\x10\x02\x00\x00\x37\x00\x09\x01\x10\x02\x00\x00\x04\x00\x09\x02\x10\x02"
  "\x00\x00\x02\x00\x09\x03\x10\x02\x00\x00\x05\x00\x09\x04\x10\x02\x00\x00\x07\x00"
  "\x09\x05\x10\x02\x00\x00\x03\x00\x09\x06\x10\x02\x00\x00\x03\x00\x09\x00\x10\x02"
  "\x01\x00\x37\x00\x09\x01\x10\x02\x01\x00\x08\x00\x09\x02\x10\x02\x01\x00\x09\x00"
  "\x09\x03\x10\x02\x01\x00\x0a\x00\x09\x04\x10\x02\x01\x00\x08\x00\x09\x05\x10\x02"
  "\x01\x00\x03\x00\x09\x06\x10\x02\x01\x00\x03\x00\x09\x00\x11\x00\x00\x00\x2e\x00"
  "\x09\x01\x11\x00\x00\x00\x00\x00\x09\x02\x11\x00\x00\x00\x01\x00\x09\x03\x11\x00"
  "\x00\x00\x02\x00\x09\x04\x11\x00\x00\x00\x07\x00\x09\x05\x11\x00\x00\x00\x03\x00"
  "\x09\x06\x11\x00\x00\x00\x00\x00\x09\x00\x11\x00\x01\x00\x21\x00\x09\x01\x11\x00"
  "\x01\x00\x08\x00\x09\x02\x11\x00\x01\x00\x09\x00\x09\x03\x11\x00\x01\x00\x0a\x00"
  "\x09\x04\x11\x00\x01\x00\x08\x00\x09\x05\x11\x00\x01\x00\x03\x00\x09\x06\x11\x00"
  "\x01\x00\x01\x00\x09\x00\x11\x01\x00\x00\x12\x00\x09\x01\x11\x01\x00\x00\x00\x00"
  "\x09\x02\x11\x01\x00\x00\x01\x00\x09\x03\x11\x01\x00\x00\x02\x00\x09\x04\x11\x01"
  "\x00\x00\x07\x00\x09\x05\x11\x01\x00\x00\x03\x00\x09\x06\x11\x01\x00\x00\x00\x00"
  "\x09\x00\x11\x01\x01\x00\x12\x00\x09\x01\x11\x01\x01\x00\x08\x00\x09\x02\x11\x01"
  "\x01\x00\x09\x00\x09\x03\x11\x01\x01\x00\x0a\x00\x09\x04\x11\x01\x01\x00\x08\x00"
  "\x09\x05\x11\x01\x01\x00\x03\x00\x09\x06\x11\x01\x01\x00\x02\x00\x09\x00\x11\x02"
  "\x00\x00\x37\x00\x09\x01\x11\x02\x00\x00\x04\x00\x09\x02\x11\x02\x00\x00\x02\x00"
  "\x09\x03\x11\x02\x00\x00\x05\x00\x09\x04\x11\x02\x00\x00\x07\x00\x09\x05\x11\x02"
  "\x00\x00\x03\x00\x09\x06\x11\x02\x00\x00\x03\x00\x09\x00\x11\x02\x01\x00\x37\x00"
  "\x09\x01\x11\x02\x01\x00\x08\x00\x09\x02\x11\x02\x01\x00\x09\x00\x09\x03\x11\x02"
  "\x01\x00\x0a\x00\x09\x04\x11\x02\x01\x00\x08\x00\x09\x05\x11\x02\x01\x00\x03\x00"
  "\x09\x06\x11\x02\x01\x00\x03\x00\x09\x00\x12\x00\x00\x00\x30\x00\x09\x01\x12\x00"
  "\x00\x00\x00\x00\x09\x02\x12\x00\x00\x00\x01\x00\x09\x03\x12\x00\x00\x00\x02\x00"
  "\x09\x04\x12\x00\x00\x00\x07\x00\x09\x05\x12\x00\x00\x00\x03\x00\x09\x06\x12\x00"
  "\x00\x00\x00\x00\x09\x00\x12\x00\x01\x00\x22\x00\x09\x01\x12\x00\x01\x00\x08\x00"
  "\x09\x02\x12\x00\x01\x00\x09\x00\x09\x03\x12\x00\x01\x00\x0a\x00\x09\x04\x12\x00"
  "\x01\x00\x08\x00\x09\x05\x12\x00\x01\x00\x03\x00\x09\x06\x12\x00\x01\x00\x01\x00"
  "\x09\x00\x12\x01\x00\x00\x08\x00\x09\x01\x12\x01\x00\x00\x00\x00\x09\x02\x12\x01"
  "\x00\x00\x01\x00\x09\x03\x12\x01\x00\x00\x02\x00\x09\x04\x12\x01\x00\x00\x07\x00"
  "\x09\x05\x12\x01\x00\x00\x03\x00\x09\x06\x12\x01\x00\x00\x00\x00\x09\x00\x12\x01"
  "\x01\x00\x08\x00\x09\x01\x12\x01\x01\x00\x08\x00\x09\x02\x12\x01\x01\x00\x09\x00"
  "\x09\x03\x12\x01\x01\x00\x0a\x00\x09\x04\x12\x01\x01\x00\x08\x00\x09\x05\x12\x01"
  "\x01\x00\x03\x00\x09\x06\x12\x01\x01\x00\x02\x00\x09\x00\x12\x02\x00\x00\x37\x00"
  "\x09\x01\x12\x02\x00\x00\x04\x00\x09\x02\x12\x02\x00\x00\x02\x00\x09\x03\x12\x02"
  "\x00\x00\x05\x00\x09\x04\x12\x02\x00\x00\x07\x00\x09\x05\x12\x02\x00\x00\x03\x00"
  "\x09\x06\x12\x02\x00\x00\x03\x00\x09\x00\x12\x02\x01\x00\x37\x00\x09\x01\x12\x02"
  "\x01\x00\x08\x00\x09\x02\x12\x02\x01\x00\x09\x00\x09\x03\x12\x02\x01\x00\x0a\x00"
  "\x09\x04\x12\x02\x01\x00\x08\x00\x09\x05\x12\x02\x01\x00\x03\x00\x09\x06\x12\x02"
  "\x01\x00\x03\x00\x09\x00\x13\x00\x00\x00\x37\x00\x09\x01\x13\x00\x00\x00\x11\x00"
  "\x09\x02\x13\x00\x00\x00\x11\x00\x09\x03\x13\x00\x00\x00\x11\x00\x09\x04\x13\x00"
  "\x00\x00\x11\x00\x09\x05\x13\x00\x00\x00\x03\x00\x09\x06\x13\x00\x00\x00\x04\x00"
  "\x09\x00\x13\x00\x01\x00\x37\x00\x09\x01\x13\x00\x01\x00\x11\x00\x09\x02\x13\x00"
  "\x01\x00\x11\x00\x09\x03\x13\x00\x01\x00\x11\x00\x09\x04\x13\x00\x01\x00\x11\x00"
  "\x09\x05\x13\x00\x01\x00\x03\x00\x09\x06\x13\x00\x01\x00\x04\x00\x09\x00\x13\x01"
  "\x00\x00\x37\x00\x09\x01\x13\x01\x00\x00\x11\x00\x09\x02\x13\x01\x00\x00\x11\x00"
  "\x09\x03\x13\x01\x00\x00\x11\x00\x09\x04\x13\x01\x00\x00\x11\x00\x09\x05\x13\x01"
  "\x00\x00\x03\x00\x09\x06\x13\x01\x00\x00\x04\x00\x09\x00\x13\x01\x01\x00\x37\x00"
  "\x09\x01\x13\x01\x01\x00\x11\x00\x09\x02\x13\x01\x01\x00\x11\x00\x09\x03\x13\x01"
  "\x01\x00\x11\x00\x09\x04\x13\x01\x01\x00\x11\x00\x09\x05\x13\x01\x01\x00\x03\x00"
  "\x09\x06\x13\x01\x01\x00\x04\x00\x09\x00\x13\x02\x00\x00\x37\x00\x09\x01\x13\x02"
  "\x00\x00\x11\x00\x09\x02\x13\x02\x00\x00\x11\x00\x09\x03\x13\x02\x00\x00\x11\x00"
  "\x09\x04\x13\x02\x00\x00\x11\x00\x09\x05\x13\x02\x00\x00\x03\x00\x09\x06\x13\x02"
  "\x00\x00\x04\x00\x09\x00\x13\x02\x01\x00\x37\x00\x09\x01\x13\x02\x01\x00\x11\x00"
  "\x09\x02\x13\x02\x01\x00\x11\x00\x09\x03\x13\x02\x01\x00\x11\x00\x09\x04\x13\x02"
  "\x01\x00\x11\x00\x09\x05\x13\x02\x01\x00\x03\x00\x09\x06\x13\x02\x01\x00\x04\x00"
  "\x09\x00\x14\x00\x00\x00\x37\x00\x09\x01\x14\x00\x00\x00\x11\x00\x09\x02\x14\x00"
  "\x00\x00\x11\x00\x09\x03\x14\x00\x00\x00\x11\x00\x09\x04\x14\x00\x00\x00\x11\x00"
  "\x09\x05\x14\x00\x00\x00\x03\x00\x09\x06\x14\x00\x00\x00\x04\x00\x09\x00\x14\x00"
  "\x01\x00\x37\x00\x09\x01\x14\x00\x01\x00\x11\x00\x09\x02\x14\x00\x01\x00\x11\x00"
  "\x09\x03\x14\x00\x01\x00\x11\x00\x09\x04\x14\x00\x01\x00\x11\x00\x09\x05\x14\x00"
  "\x01\x00\x03\x00\x09\x06\x14\x00\x01\x00\x04\x00\x09\x00\x14\x01\x00\x00\x37\x00"
  "\x09\x01\x14\x01\x00\x00\x11\x00\x09\x02\x14\x01\x00\x00\x11\x00\x09\x03\x14\x01"
  "\x00\x00\x11\x00\x09\x04\x14\x01\x00\x00\x11\x00\x09\x05\x14\x01\x00\x00\x03\x00"
  "\x09\x06\x14\x01\x00\x00\x04\x00\x09\x00\x14\x01\x01\x00\x37\x00\x09\x01\x14\x01"
  "\x01\x00\x11\x00\x09\x02\x14\x01\x01\x00\x11\x00\x09\x03\x14\x01\x01\x00\x11\x00"
  "\x09\x04\x14\x01\x01\x00\x11\x00\x09\x05\x14\x01\x01\x00\x03\x00\x09\x06\x14\x01"
  "\x01\x00\x04\x00\x09\x00\x14\x02\x00\x00\x37\x00\x09\x01\x14\x02\x00\x00\x11\x00"
  "\x09\x02\x14\x02\x00\x00\x11\x00\x09\x03\x14\x02\x00\x00\x11\x00\x09\x04\x14\x02"
  "\x00\x00\x11\x00\x09\x05\x14\x02\x00\x00\x03\x00\x09\x06\x14\x02\x00\x00\x04\x00"
  "\x09\x00\x14\x02\x01\x00\x37\x00\x09\x01\x14\x02\x01\x00\x11\x00\x09\x02\x14\x02"
  "\x01\x00\x11\x00\x09\x03\x14\x02\x01\x00\x11\x00\x09\x04\x14\x02\x01\x00\x11\x00"
  "\x09\x05\x14\x02\x01\x00\x03\x00\x09\x06\x14\x02\x01\x00\x04\x00\x09\x00\x15\x00"
  "\x00\x00\x37\x00\x09\x01\x15\x00\x00\x00\x11\x00\x09\x02\x15\x00\x00\x00\x11\x00"
  "\x09\x03\x15\x00\x00\x00\x11\x00\x09\x04\x15\x00\x00\x00\x11\x00\x09\x05\x15\x00"
  "\x00\x00\x03\x00\x09\x06\x15\x00\x00\x00\x04\x00\x09\x00\x15\x00\x01\x00\x37\x00"
  "\x09\x01\x15\x00\x01\x00\x11\x00\x09\x02\x15\x00\x01\x00\x11\x00\x09\x03\x15\x00"
  "\x01\x00\x11\x00\x09\x04\x15\x00\x01\x00\x11\x00\x09\x05\x15\x00\x01\x00\x03\x00"
  "\x09\x06\x15\x00\x01\x00\x04\x00\x09\x00\x15\x01\x00\x00\x37\x00\x09\x01\x15\x01"
  "\x00\x00\x11\x00\x09\x02\x15\x01\x00\x00\x11\x00\x09\x03\x15\x01\x00\x00\x11\x00"
  "\x09\x04\x15\x01\x00\x00\x11\x00\x09\x05\x15\x01\x00\x00\x03\x00\x09\x06\x15\x01"
  "\x00\x00\x04\x00\x09\x00\x15\x01\x01\x00\x37\x00\x09\x01\x15\x01\x01\x00\x11\x00"
  "\x09\x02\x15\x01\x01\x00\x11\x00\x09\x03\x15\x01\x01\x00\x11\x00\x09\x04\x15\x01"
  "\x01\x00\x11\x00\x09\x05\x15\x01\x01\x00\x03\x00\x09\x06\x15\x01\x01\x00\x04\x00"
  "\x09\x00\x15\x02\x00\x00\x37\x00\x09\x01\x15\x02\x00\x00\x11\x00\x09\x02\x15\x02"
  "\x00\x00\x11\x00\x09\x03\x15\x02\x00\x00\x11\x00\x09\x04\x15\x02\x00\x00\x11\x00"
  "\x09\x05\x15\x02\x00\x00\x03\x00\x09\x06\x15\x02\x00\x00\x04\x00\x09\x00\x15\x02"
  "\x01\x00\x37\x00\x09\x01\x15\x02\x01\x00\x11\x00\x09\x02\x15\x02\x01\x00\x11\x00"
  "\x09\x03\x15\x02\x01\x00\x11\x00\x09\x04\x15\x02\x01\x00\x11\x00\x09\x05\x15\x02"
  "\x01\x00\x03\x00\x09\x06\x15\x02\x01\x00\x04\x00\x09\x00\x16\x00\x00\x00\x37\x00"
  "\x09\x01\x16\x00\x00\x00\x11\x00\x09\x02\x16\x00\x00\x00\x11\x00\x09\x03\x16\x00"
  "\x00\x00\x11\x00\x09\x04\x16\x00\x00\x00\x11\x00\x09\x05\x16\x00\x00\x00\x03\x00"
  "\x09\x06\x16\x00\x00\x00\x04\x00\x09\x00\x16\x00\x01\x00\x37\x00\x09\x01\x16\x00"
  "\x01\x00\x11\x00\x09\x02\x16\x00\x01\x00\x11\x00\x09\x03\x16\x00\x01\x00\x11\x00"
  "\x09\x04\x16\x00\x01\x00\x11\x00\x09\x05\x16\x00\x01\x00\x03\x00\x09\x06\x16\x00"
  "\x01\x00\x04\x00\x09\x00\x16\x01\x00\x00\x37\x00\x09\x01\x16\x01\x00\x00\x11\x00"
  "\x09\x02\x16\x01\x00\x00\x11\x00\x09\x03\x16\x01\x00\x00\x11\x00\x09\x04\x16\x01"
  "\x00\x00\x11\x00\x09\x05\x16\x01\x00\x00\x03\x00\x09\x06\x16\x01\x00\x00\x04\x00"
  "\x09\x00\x16\x01\x01\x00\x37\x00\x09\x01\x16\x01\x01\x00\x11\x00\x09\x02\x16\x01"
  "\x01\x00\x11\x00\x09\x03\x16\x01\x01\x00\x11\x00\x09\x04\x16\x01\x01\x00\x11\x00"
  "\x09\x05\x16\x01\x01\x00\x03\x00\x09\x06\x16\x01\x01\x00\x04\x00\x09\x00\x16\x02"
  "\x00\x00\x37\x00\x09\x01\x16\x02\x00\x00\x11\x00\x09\x02\x16\x02\x00\x00\x11\x00"
  "\x09\x03\x16\x02\x00\x00\x11\x00\x09\x04\x16\x02\x00\x00\x11\x00\x09\x05\x16\x02"
  "\x00\x00\x03\x00\x09\x06\x16\x02\x00\x00\x04\x00\x09\x00\x16\x02\x01\x00\x37\x00"
  "\x09\x01\x16\x02\x01\x00\x11\x00\x09\x02\x16\x02\x01\x00\x11\x00\x09\x03\x16\x02"
  "\x01\x00\x11\x00\x09\x04\x16\x02\x01\x00\x11\x00\x09\x05\x16\x02\x01\x00\x03\x00"
  "\x09\x06\x16\x02\x01\x00\x04\x00\x09\x00\x17\x00\x00\x00\x37\x00\x09\x01\x17\x00"
  "\x00\x00\x11\x00\x09\x02\x17\x00\x00\x00\x11\x00\x09\x03\x17\x00\x00\x00\x11\x00"
  "\x09\x04\x17\x00\x00\x00\x11\x00\x09\x05\x17\x00\x00\x00\x03\x00\x09\x06\x17\x00"
  "\x00\x00\x04\x00\x09\x00\x17\x00\x01\x00\x37\x00\x09\x01\x17\x00\x01\x00\x11\x00"
  "\x09\x02\x17\x00\x01\x00\x11\x00\x09\x03\x17\x00\x01\x00\x11\x00\x09\x04\x17\x00"
  "\x01\x00\x11\x00\x09\x05\x17\x00\x01\x00\x03\x00\x09\x06\x17\x00\x01\x00\x04\x00"
  "\x09\x00\x17\x01\x00\x00\x37\x00\x09\x01\x17\x01\x00\x00\x11\x00\x09\x02\x17\x01"
  "\x00\x00\x11\x00\x09\x03\x17\x01\x00\x00\x11\x00\x09\x04\x17\x01\x00\x00\x11\x00"
  "\x09\x05\x17\x01\x00\x00\x03\x00\x09\x06\x17\x01\x00\x00\x04\x00\x09\x00\x17\x01"
  "\x01\x00\x37\x00\x09\x01\x17\x01\x01\x00\x11\x00\x09\x02\x17\x01\x01\x00\x11\x00"
  "\x09\x03\x17\x01\x01\x00\x11\x00\x09\x04\x17\x01\x01\x00\x11\x00\x09\x05\x17\x01"
  "\x01\x00\x03\x00\x09\x06\x17\x01\x01\x00\x04\x00\x09\x00\x17\x02\x00\x00\x37\x00"
  "\x09\x01\x17\x02\x00\x00\x11\x00\x09\x02\x17\x02\x00\x00\x11\x00\x09\x03\x17\x02"
  "\x00\x00\x11\x00\x09\x04\x17\x02\x00\x00\x11\x00\x09\x05\x17\x02\x00\x00\x03\x00"
  "\x09\x06\x17\x02\x00\x00\x04\x00\x09\x00\x17\x02\x01\x00\x37\x00\x09\x01\x17\x02"
  "\x01\x00\x11\x00\x09\x02\x17\x02\x01\x00\x11\x00\x09\x03\x17\x02\x01\x00\x11\x00"
  "\x09\x04\x17\x02\x01\x00\x11\x00\x09\x05\x17\x02\x01\x00\x03\x00\x09\x06\x17\x02"
  "\x01\x00\x04\x00\x09\x00\x18\x00\x00\x00\x37\x00\x09\x01\x18\x00\x00\x00\x11\x00"
  "\x09\x02\x18\x00\x00\x00\x11\x00\x09\x03\x18\x00\x00\x00\x11\x00\x09\x04\x18\x00"
  "\x00\x00\x11\x00\x09\x05\x18\x00\x00\x00\x03\x00\x09\x06\x18\x00\x00\x00\x04\x00"
  "\x09\x00\x18\x00\x01\x00\x37\x00\x09\x01\x18\x00\x01\x00\x11\x00\x09\x02\x18\x00"
  "\x01\x00\x11\x00\x09\x03\x18\x00\x01\x00\x11\x00\x09\x04\x18\x00\x01\x00\x11\x00"
  "\x09\x05\x18\x00\x01\x00\x03\x00\x09\x06\x18\x00\x01\x00\x04\x00\x09\x00\x18\x01"
  "\x00\x00\x37\x00\x09\x01\x18\x01\x00\x00\x11\x00\x09\x02\x18\x01\x00\x00\x11\x00"
  "\x09\x03\x18\x01\x00\x00\x11\x00\x09\x04\x18\x01\x00\x00\x11\x00\x09\x05\x18\x01"
  "\x00\x00\x03\x00\x09\x06\x18\x01\x00\x00\x04\x00\x09\x00\x18\x01\x01\x00\x37\x00"
  "\x09\x01\x18\x01\x01\x00\x11\x00\x09\x02\x18\x01\x01\x00\x11\x00\x09\x03\x18\x01"
  "\x01\x00\x11\x00\x09\x04\x18\x01\x01\x00\x11\x00\x09\x05\x18\x01\x01\x00\x03\x00"
  "\x09\x06\x18\x01\x01\x00\x04\x00\x09\x00\x18\x02\x00\x00\x37\x00\x09\x01\x18\x02"
  "\x00\x00\x11\x00\x09\x02\x18\x02\x00\x00\x11\x00\x09\x03\x18\x02\x00\x00\x11\x00"
  "\x09\x04\x18\x02\x00\x00\x11\x00\x09\x05\x18\x02\x00\x00\x03\x00\x09\x06\x18\x02"
  "\x00\x00\x04\x00\x09\x00\x18\x02\x01\x00\x37\x00\x09\x01\x18\x02\x01\x00\x11\x00"
  "\x09\x02\x18\x02\x01\x00\x11\x00\x09\x03\x18\x02\x01\x00\x11\x00\x09\x04\x18\x02"
  "\x01\x00\x11\x00\x09\x05\x18\x02\x01\x00\x03\x00\x09\x06\x18\x02\x01\x00\x04\x00"
  "\x09\x00\x19\x00\x00\x00\x37\x00\x09\x01\x19\x00\x00\x00\x11\x00\x09\x02\x19\x00"
  "\x00\x00\x11\x00\x09\x03\x19\x00\x00\x00\x11\x00\x09\x04\x19\x00\x00\x00\x11\x00"
  "\x09\x05\x19\x00\x00\x00\x03\x00\x09\x06\x19\x00\x00\x00\x04\x00\x09\x00\x19\x00"
  "\x01\x00\x37\x00\x09\x01\x19\x00\x01\x00\x11\x00\x09\x02\x19\x00\x01\x00\x11\x00"
  "\x09\x03\x19\x00\x01\x00\x11\x00\x09\x04\x19\x00\x01\x00\x11\x00\x09\x05\x19\x00"
  "\x01\x00\x03\x00\x09\x06\x19\x00\x01\x00\x04\x00\x09\x00\x19\x01\x00\x00\x37\x00"
  "\x09\x01\x19\x01\x00\x00\x11\x00\x09\x02\x19\x01\x00\x00\x11\x00\x09\x03\x19\x01"
  "\x00\x00\x11\x00\x09\x04\x19\x01\x00\x00\x11\x00\x09\x05\x19\x01\x00\x00\x03\x00"
  "\x09\x06\x19\x01\x00\x00\x04\x00\x09\x00\x19\x01\x01\x00\x37\x00\x09\x01\x19\x01"
  "\x01\x00\x11\x00\x09\x02\x19\x01\x01\x00\x11\x00\x09\x03\x19\x01\x01\x00\x11\x00"
  "\x09\x04\x19\x01\x01\x00\x11\x00\x09\x05\x19\x01\x01\x00\x03\x00\x09\x06\x19\x01"
  "\x01\x00\x04\x00\x09\x00\x19\x02\x00\x00\x37\x00\x09\x01\x19\x02\x00\x00\x11\x00"
  "\x09\x02\x19\x02\x00\x00\x11\x00\x09\x03\x19\x02\x00\x00\x11\x00\x09\x04\x19\x02"
  "\x00\x00\x11\x00\x09\x05\x19\x02\x00\x00\x03\x00\x09\x06\x19\x02\x00\x00\x04\x00"
  "\x09\x00\x19\x02\x01\x00\x37\x00\x09\x01\x19\x02\x01\x00\x11\x00\x09\x02\x19\x02"
  "\x01\x00\x11\x00\x09\x03\x19\x02\x01\x00\x11\x00\x09\x04\x19\x02\x01\x00\x11\x00"
  "\x09\x05\x19\x02\x01\x00\x03\x00\x09\x06\x19\x02\x01\x00\x04\x00\x09\x00\x1a\x00"
  "\x00\x00\x37\x00\x09\x01\x1a\x00\x00\x00\x11\x00\x09\x02\x1a\x00\x00\x00\x11\x00"
  "\x09\x03\x1a\x00\x00\x00\x11\x00\x09\x04\x1a\x00\x00\x00\x11\x00\x09\x05\x1a\x00"
  "\x00\x00\x03\x00\x09\x06\x1a\x00\x00\x00\x04\x00\x09\x00\x1a\x00\x01\x00\x37\x00"
  "\x09\x01\x1a\x00\x01\x00\x11\x00\x09\x02\x1a\x00\x01\x00\x11\x00\x09\x03\x1a\x00"
  "\x01\x00\x11\x00\x09\x04\x1a\x00\x01\x00\x11\x00\x09\x05\x1a\x00\x01\x00\x03\x00"
  "\x09\x06\x1a\x00\x01\x00\x04\x00\x09\x00\x1a\x01\x00\x00\x37\x00\x09\x01\x1a\x01"
  "\x00\x00\x11\x00\x09\x02\x1a\x01\x00\x00\x11\x00\x09\x03\x1a\x01\x00\x00\x11\x00"
  "\x09\x04\x1a\x01\x00\x00\x11\x00\x09\x05\x1a\x01\x00\x00\x03\x00\x09\x06\x1a\x01"
  "\x00\x00\x04\x00\x09\x00\x1a\x01\x01\x00\x37\x00\x09\x01\x1a\x01\x01\x00\x11\x00"
  "\x09\x02\x1a\x01\x01\x00\x11\x00\x09\x03\x1a\x01\x01\x00\x11\x00\x09\x04\x1a\x01"
  "\x01\x00\x11\x00\x09\x05\x1a\x01\x01\x00\x03\x00\x09\x06\x1a\x01\x01\x00\x04\x00"
  "\x09\x00\x1a\x02\x00\x00\x37\x00\x09\x01\x1a\x02\x00\x00\x11\x00\x09\x02\x1a\x02"
  "\x00\x00\x11\x00\x09\x03\x1a\x02\x00\x00\x11\x00\x09\x04\x1a\x02\x00\x00\x11\x00"
  "\x09\x05\x1a\x02\x00\x00\x03\x00\x09\x06\x1a\x02\x00\x00\x04\x00\x09\x00\x1a\x02"
  "\x01\x00\x37\x00\x09\x01\x1a\x02\x01\x00\x11\x00\x09\x02\x1a\x02\x01\x00\x11\x00"
  "\x09\x03\x1a\x02\x01\x00\x11\x00\x09\x04\x1a\x02\x01\x00\x11\x00\x09\x05\x1a\x02"
  "\x01\x00\x03\x00\x09\x06\x1a\x02\x01\x00\x04\x00\x09\x00\x1b\x00\x00\x00\x37\x00"
  "\x09\x01\x1b\x00\x00\x00\x11\x00\x09\x02\x1b\x00\x00\x00\x11\x00\x09\x03\x1b\x00"
  "\x00\x00\x11\x00\x09\x04\x1b\x00\x00\x00\x11\x00\x09\x05\x1b\x00\x00\x00\x03\x00"
  "\x09\x06\x1b\x00\x00\x00\x04\x00\x09\x00\x1b\x00\x01\x00\x37\x00\x09\x01\x1b\x00"
  "\x01\x00\x11\x00\x09\x02\x1b\x00\x01\x00\x11\x00\x09\x03\x1b\x00\x01\x00\x11\x00"
  "\x09\x04\x1b\x00\x01\x00\x11\x00\x09\x05\x1b\x00\x01\x00\x03\x00\x09\x06\x1b\x00"
  "\x01\x00\x04\x00\x09\x00\x1b\x01\x00\x00\x37\x00\x09\x01\x1b\x01\x00\x00\x11\x00"
  "\x09\x02\x1b\x01\x00\x00\x11\x00\x09\x03\x1b\x01\x00\x00\x11\x00\x09\x04\x1b\x01"
  "\x00\x00\x11\x00\x09\x05\x1b\x01\x00\x00\x03\x00\x09\x06\x1b\x01\x00\x00\x04\x00"
  "\x09\x00\x1b\x01\x01\x00\x37\x00\x09\x01\x1b\x01\x01\x00\x11\x00\x09\x02\x1b\x01"
  "\x01\x00\x11\x00\x09\x03\x1b\x01\x01\x00\x11\x00\x09\x04\x1b\x01\x01\x00\x11\x00"
  "\x09\x05\x1b\x01\x01\x00\x03\x00\x09\x06\x1b\x01\x01\x00\x04\x00\x09\x00\x1b\x02"
  "\x00\x00\x37\x00\x09\x01\x1b\x02\x00\x00\x11\x00\x09\x02\x1b\x02\x00\x00\x11\x00"
  "\x09\x03\x1b\x02\x00\x00\x11\x00\x09\x04\x1b\x02\x00\x00\x11\x00\x09\x05\x1b\x02"
  "\x00\x00\x03\x00\x09\x06\x1b\x02\x00\x00\x04\x00\x09\x00\x1b\x02\x01\x00\x37\x00"
  "\x09\x01\x1b\x02\x01\x00\x11\x00\x09\x02\x1b\x02\x01\x00\x11\x00\x09\x03\x1b\x02"
  "\x01\x00\x11\x00\x09\x04\x1b\x02\x01\x00\x11\x00\x09\x05\x1b\x02\x01\x00\x03\x00"
  "\x09\x06\x1b\x02\x01\x00\x04\x00\x09\x00\x1c\x00\x00\x00\x37\x00\x09\x01\x1c\x00"
  "\x00\x00\x11\x00\x09\x02\x1c\x00\x00\x00\x11\x00\x09\x03\x1c\x00\x00\x00\x11\x00"
  "\x09\x04\x1c\x00\x00\x00\x11\x00\x09\x05\x1c\x00\x00\x00\x03\x00\x09\x06\x1c\x00"
  "\x00\x00\x04\x00\x09\x00\x1c\x00\x01\x00\x37\x00\x09\x01\x1c\x00\x01\x00\x11\x00"
  "\x09\x02\x1c\x00\x01\x00\x11\x00\x09\x03\x1c\x00\x01\x00\x11\x00\x09\x04\x1c\x00"
  "\x01\x00\x11\x00\x09\x05\x1c\x00\x01\x00\x03\x00\x09\x06\x1c\x00\x01\x00\x04\x00"
  "\x09\x00\x1c\x01\x00\x00\x37\x00\x09\x01\x1c\x01\x00\x00\x11\x00\x09\x02\x1c\x01"
  "\x00\x00\x11\x00\x09\x03\x1c\x01\x00\x00\x11\x00\x09\x04\x1c\x01\x00\x00\x11\x00"
  "\x09\x05\x1c\x01\x00\x00\x03\x00\x09\x06\x1c\x01\x00\x00\x04\x00\x09\x00\x1c\x01"
  "\x01\x00\x37\x00\x09\x01\x1c\x01\x01\x00\x11\x00\x09\x02\x1c\x01\x01\x00\x11\x00"
  "\x09\x03\x1c\x01\x01\x00\x11\x00\x09\x04\x1c\x01\x01\x00\x11\x00\x09\x05\x1c\x01"
  "\x01\x00\x03\x00\x09\x06\x1c\x01\x01\x00\x04\x00\x09\x00\x1c\x02\x00\x00\x37\x00"
  "\x09\x01\x1c\x02\x00\x00\x11\x00\x09\x02\x1c\x02\x00\x00\x11\x00\x09\x03\x1c\x02"
  "\x00\x00\x11\x00\x09\x04\x1c\x02\x00\x00\x11\x00\x09\x05\x1c\x02\x00\x00\x03\x00"
  "\x09\x06\x1c\x02\x00\x00\x04\x00\x09\x00\x1c\x02\x01\x00\x37\x00\x09\x01\x1c\x02"
  "\x01\x00\x11\x00\x09\x02\x1c\x02\x01\x00\x11\x00\x09\x03\x1c\x02\x01\x00\x11\x00"
  "\x09\x04\x1c\x02\x01\x00\x11\x00\x09\x05\x1c\x02\x01\x00\x03\x00\x09\x06\x1c\x02"
  "\x01\x00\x04\x00\x09\x00\x1d\x00\x00\x00\x37\x00\x09\x01\x1d\x00\x00\x00\x11\x00"
  "\x09\x02\x1d\x00\x00\x00\x11\x00\x09\x03\x1d\x00\x00\x00\x11\x00\x09\x04\x1d\x00"
  "\x00\x00\x11\x00\x09\x05\x1d\x00\x00\x00\x03\x00\x09\x06\x1d\x00\x00\x00\x04\x00"
  "\x09\x00\x1d\x00\x01\x00\x37\x00\x09\x01\x1d\x00\x01\x00\x11\x00\x09\x02\x1d\x00"
  "\x01\x00\x11\x00\x09\x03\x1d\x00\x01\x00\x11\x00\x09\x04\x1d\x00\x01\x00\x11\x00"
  "\x09\x05\x1d\x00\x01\x00\x03\x00\x09\x06\x1d\x00\x01\x00\x04\x00\x09\x00\x1d\x01"
  "\x00\x00\x37\x00\x09\x01\x1d\x01\x00\x00\x11\x00\x09\x02\x1d\x01\x00\x00\x11\x00"
  "\x09\x03\x1d\x01\x00\x00\x11\x00\x09\x04\x1d\x01\x00\x00\x11\x00\x09\x05\x1d\x01"
  "\x00\x00\x03\x00\x09\x06\x1d\x01\x00\x00\x04\x00\x09\x00\x1d\x01\x01\x00\x37\x00"
  "\x09\x01\x1d\x01\x01\x00\x11\x00\x09\x02\x1d\x01\x01\x00\x11\x00\x09\x03\x1d\x01"
  "\x01\x00\x11\x00\x09\x04\x1d\x01\x01\x00\x11\x00\x09\x05\x1d\x01\x01\x00\x03\x00"
  "\x09\x06\x1d\x01\x01\x00\x04\x00\x09\x00\x1d\x02\x00\x00\x37\x00\x09\x01\x1d\x02"
  "\x00\x00\x11\x00\x09\x02\x1d\x02\x00\x00\x11\x00\x09\x03\x1d\x02\x00\x00\x11\x00"
  "\x09\x04\x1d\x02\x00\x00\x11\x00\x09\x05\x1d\x02\x00\x00\x03\x00\x09\x06\x1d\x02"
  "\x00\x00\x04\x00\x09\x00\x1d\x02\x01\x00\x37\x00\x09\x01\x1d\x02\x01\x00\x11\x00"
  "\x09\x02\x1d\x02\x01\x00\x11\x00\x09\x03\x1d\x02\x01\x00\x11\x00\x09\x04\x1d\x02"
  "\x01\x00\x11\x00\x09\x05\x1d\x02\x01\x00\x03\x00\x09\x06\x1d\x02\x01\x00\x04\x00"
  "\x09\x00\x1e\x00\x00\x00\x37\x00\x09\x01\x1e\x00\x00\x00\x11\x00\x09\x02\x1e\x00"
  "\x00\x00\x11\x00\x09\x03\x1e\x00\x00\x00\x11\x00\x09\x04\x1e\x00\x00\x00\x11\x00"
  "\x09\x05\x1e\x00\x00\x00\x03\x00\x09\x06\x1e\x00\x00\x00\x04\x00\x09\x00\x1e\x00"
  "\x01\x00\x37\x00\x09\x01\x1e\x00\x01\x00\x11\x00\x09\x02\x1e\x00\x01\x00\x11\x00"
  "\x09\x03\x1e\x00\x01\x00\x11\x00\x09\x04\x1e\x00\x01\x00\x11\x00\x09\x05\x1e\x00"
  "\x01\x00\x03\x00\x09\x06\x1e\x00\x01\x00\x04\x00\x09\x00\x1e\x01\x00\x00\x37\x00"
  "\x09\x01\x1e\x01\x00\x00\x11\x00\x09\x02\x1e\x01\x00\x00\x11\x00\x09\x03\x1e\x01"
  "\x00\x00\x11\x00\x09\x04\x1e\x01\x00\x00\x11\x00\x09\x05\x1e\x01\x00\x00\x03\x00"
  "\x09\x06\x1e\x01\x00\x00\x04\x00\x09\x00\x1e\x01\x01\x00\x37\x00\x09\x01\x1e\x01"
  "\x01\x00\x11\x00\x09\x02\x1e\x01\x01\x00\x11\x00\x09\x03\x1e\x01\x01\x00\x11\x00"
  "\x09\x04\x1e\x01\x01\x00\x11\x00\x09\x05\x1e\x01\x01\x00\x03\x00\x09\x06\x1e\x01"
  "\x01\x00\x04\x00\x09\x00\x1e\x02\x00\x00\x37\x00\x09\x01\x1e\x02\x00\x00\x11\x00"
  "\x09\x02\x1e\x02\x00\x00\x11\x00\x09\x03\x1e\x02\x00\x00\x11\x00\x09\x04\x1e\x02"
  "\x00\x00\x11\x00\x09\x05\x1e\x02\x00\x00\x03\x00\x09\x06\x1e\x02\x00\x00\x04\x00"
  "\x09\x00\x1e\x02\x01\x00\x37\x00\x09\x01\x1e\x02\x01\x00\x11\x00\x09\x02\x1e\x02"
  "\x01\x00\x11\x00\x09\x03\x1e\x02\x01\x00\x11\x00\x09\x04\x1e\x02\x01\x00\x11\x00"
  "\x09\x05\x1e\x02\x01\x00\x03\x00\x09\x06\x1e\x02\x01\x00\x04\x00\x09\x00\x1f\x00"
  "\x00\x00\x37\x00\x09\x01\x1f\x00\x00\x00\x11\x00\x09\x02\x1f\x00\x00\x00\x11\x00"
  "\x09\x03\x1f\x00\x00\x00\x11\x00\x09\x04\x1f\x00\x00\x00\x11\x00\x09\x05\x1f\x00"
  "\x00\x00\x03\x00\x09\x06\x1f\x00\x00\x00\x04\x00\x09\x00\x1f\x00\x01\x00\x37\x00"
  "\x09\x01\x1f\x00\x01\x00\x11\x00\x09\x02\x1f\x00\x01\x00\x11\x00\x09\x03\x1f\x00"
  "\x01\x00\x11\x00\x09\x04\x1f\x00\x01\x00\x11\x00\x09\x05\x1f\x00\x01\x00\x03\x00"
  "\x09\x06\x1f\x00\x01\x00\x04\x00\x09\x00\x1f\x01\x00\x00\x37\x00\x09\x01\x1f\x01"
  "\x00\x00\x11\x00\x09\x02\x1f\x01\x00\x00\x11\x00\x09\x03\x1f\x01\x00\x00\x11\x00"
  "\x09\x04\x1f\x01\x00\x00\x11\x00\x09\x05\x1f\x01\x00\x00\x03\x00\x09\x06\x1f\x01"
  "\x00\x00\x04\x00\x09\x00\x1f\x01\x01\x00\x37\x00\x09\x01\x1f\x01\x01\x00\x11\x00"
  "\x09\x02\x1f\x01\x01\x00\x11\x00\x09\x03\x1f\x01\x01\x00\x11\x00\x09\x04\x1f\x01"
  "\x01\x00\x11\x00\x09\x05\x1f\x01\x01\x00\x03\x00\x09\x06\x1f\x01\x01\x00\x04\x00"
  "\x09\x00\x1f\x02\x00\x00\x37\x00\x09\x01\x1f\x02\x00\x00\x11\x00\x09\x02\x1f\x02"
  "\x00\x00\x11\x00\x09\x03\x1f\x02\x00\x00\x11\x00\x09\x04\x1f\x02\x00\x00\x11\x00"
  "\x09\x05\x1f\x02\x00\x00\x03\x00\x09\x06\x1f\x02\x00\x00\x04\x00\x09\x00\x1f\x02"
  "\x01\x00\x37\x00\x09\x01\x1f\x02\x01\x00\x11\x00\x09\x02\x1f\x02\x01\x00\x11\x00"
  "\x09\x03\x1f\x02\x01\x00\x11\x00\x09\x04\x1f\x02\x01\x00\x11\x00\x09\x05\x1f\x02"
  "\x01\x00\x03\x00\x09\x06\x1f\x02\x01\x00\x04\x00\x09\x00\x20\x00\x00\x00\x37\x00"
  "\x09\x01\x20\x00\x00\x00\x11\x00\x09\x02\x20\x00\x00\x00\x11\x00\x09\x03\x20\x00"
  "\x00\x00\x11\x00\x09\x04\x20\x00\x00\x00\x11\x00\x09\x05\x20\x00\x00\x00\x03\x00"
  "\x09\x06\x20\x00\x00\x00\x04\x00\x09\x00\x20\x00\x01\x00\x37\x00\x09\x01\x20\x00"
  "\x01\x00\x11\x00\x09\x02\x20\x00\x01\x00\x11\x00\x09\x03\x20\x00\x01\x00\x11\x00"
  "\x09\x04\x20\x00\x01\x00\x11\x00\x09\x05\x20\x00\x01\x00\x03\x00\x09\x06\x20\x00"
  "\x01\x00\x04\x00\x09\x00\x20\x01\x00\x00\x37\x00\x09\x01\x20\x01\x00\x00\x11\x00"
  "\x09\x02\x20\x01\x00\x00\x11\x00\x09\x03\x20\x01\x00\x00\x11\x00\x09\x04\x20\x01"
  "\x00\x00\x11\x00\x09\x05\x20\x01\x00\x00\x03\x00\x09\x06\x20\x01\x00\x00\x04\x00"
  "\x09\x00\x20\x01\x01\x00\x37\x00\x09\x01\x20\x01\x01\x00\x11\x00\x09\x02\x20\x01"
  "\x01\x00\x11\x00\x09\x03\x20\x01\x01\x00\x11\x00\x09\x04\x20\x01\x01\x00\x11\x00"
  "\x09\x05\x20\x01\x01\x00\x03\x00\x09\x06\x20\x01\x01\x00\x04\x00\x09\x00\x20\x02"
  "\x00\x00\x37\x00\x09\x01\x20\x02\x00\x00\x11\x00\x09\x02\x20\x02\x00\x00\x11\x00"
  "\x09\x03\x20\x02\x00\x00\x11\x00\x09\x04\x20\x02\x00\x00\x11\x00\x09\x05\x20\x02"
  "\x00\x00\x03\x00\x09\x06\x20\x02\x00\x00\x04\x00\x09\x00\x20\x02\x01\x00\x37\x00"
  "\x09\x01\x20\x02\x01\x00\x11\x00\x09\x02\x20\x02\x01\x00\x11\x00\x09\x03\x20\x02"
  "\x01\x00\x11\x00\x09\x04\x20\x02\x01\x00\x11\x00\x09\x05\x20\x02\x01\x00\x03\x00"
  "\x09\x06\x20\x02\x01\x00\x04\x00\x09\x00\x21\x00\x00\x00\x37\x00\x09\x01\x21\x00"
  "\x00\x00\x11\x00\x09\x02\x21\x00\x00\x00\x11\x00\x09\x03\x21\x00\x00\x00\x11\x00"
  "\x09\x04\x21\x00\x00\x00\x11\x00\x09\x05\x21\x00\x00\x00\x03\x00\x09\x06\x21\x00"
  "\x00\x00\x04\x00\x09\x00\x21\x00\x01\x00\x37\x00\x09\x01\x21\x00\x01\x00\x11\x00"
  "\x09\x02\x21\x00\x01\x00\x11\x00\x09\x03\x21\x00\x01\x00\x11\x00\x09\x04\x21\x00"
  "\x01\x00\x11\x00\x09\x05\x21\x00\x01\x00\x03\x00\x09\x06\x21\x00\x01\x00\x04\x00"
  "\x09\x00\x21\x01\x00\x00\x37\x00\x09\x01\x21\x01\x00\x00\x11\x00\x09\x02\x21\x01"
  "\x00\x00\x11\x00\x09\x03\x21\x01\x00\x00\x11\x00\x09\x04\x21\x01\x00\x00\x11\x00"
  "\x09\x05\x21\x01\x00\x00\x03\x00\x09\x06\x21\x01\x00\x00\x04\x00\x09\x00\x21\x01"
  "\x01\x00\x37\x00\x09\x01\x21\x01\x01\x00\x11\x00\x09\x02\x21\x01\x01\x00\x11\x00"
  "\x09\x03\x21\x01\x01\x00\x11\x00\x09\x04\x21\x01\x01\x00\x11\x00\x09\x05\x21\x01"
  "\x01\x00\x03\x00\x09\x06\x21\x01\x01\x00\x04\x00\x09\x00\x21\x02\x00\x00\x37\x00"
  "\x09\x01\x21\x02\x00\x00\x11\x00\x09\x02\x21\x02\x00\x00\x11\x00\x09\x03\x21\x02"
  "\x00\x00\x11\x00\x09\x04\x21\x02\x00\x00\x11\x00\x09\x05\x21\x02\x00\x00\x03\x00"
  "\x09\x06\x21\x02\x00\x00\x04\x00\x09\x00\x21\x02\x01\x00\x37\x00\x09\x01\x21\x02"
  "\x01\x00\x11\x00\x09\x02\x21\x02\x01\x00\x11\x00\x09\x03\x21\x02\x01\x00\x11\x00"
  "\x09\x04\x21\x02\x01\x00\x11\x00\x09\x05\x21\x02\x01\x00\x03\x00\x09\x06\x21\x02"
  "\x01\x00\x04\x00\x09\x00\x22\x00\x00\x00\x37\x00\x09\x01\x22\x00\x00\x00\x11\x00"
  "\x09\x02\x22\x00\x00\x00\x11\x00\x09\x03\x22\x00\x00\x00\x11\x00\x09\x04\x22\x00"
  "\x00\x00\x11\x00\x09\x05\x22\x00\x00\x00\x03\x00\x09\x06\x22\x00\x00\x00\x00\x00"
  "\x09\x00\x22\x00\x01\x00\x37\x00\x09\x01\x22\x00\x01\x00\x11\x00\x09\x02\x22\x00"
  "\x01\x00\x11\x00\x09\x03\x22\x00\x01\x00\x11\x00\x09\x04\x22\x00\x01\x00\x11\x00"
  "\x09\x05\x22\x00\x01\x00\x03\x00\x09\x06\x22\x00\x01\x00\x01\x00\x09\x00\x22\x01"
  "\x00\x00\x37\x00\x09\x01\x22\x01\x00\x00\x11\x00\x09\x02\x22\x01\x00\x00\x11\x00"
  "\x09\x03\x22\x01\x00\x00\x11\x00\x09\x04\x22\x01\x00\x00\x11\x00\x09\x05\x22\x01"
  "\x00\x00\x03\x00\x09\x06\x22\x01\x00\x00\x00\x00\x09\x00\x22\x01\x01\x00\x37\x00"
  "\x09\x01\x22\x01\x01\x00\x11\x00\x09\x02\x22\x01\x01\x00\x11\x00\x09\x03\x22\x01"
  "\x01\x00\x11\x00\x09\x04\x22\x01\x01\x00\x11\x00\x09\x05\x22\x01\x01\x00\x03\x00"
  "\x09\x06\x22\x01\x01\x00\x02\x00\x09\x00\x22\x02\x00\x00\x37\x00\x09\x01\x22\x02"
  "\x00\x00\x11\x00\x09\x02\x22\x02\x00\x00\x11\x00\x09\x03\x22\x02\x00\x00\x11\x00"
  "\x09\x04\x22\x02\x00\x00\x11\x00\x09\x05\x22\x02\x00\x00\x03\x00\x09\x06\x22\x02"
  "\x00\x00\x03\x00\x09\x00\x22\x02\x01\x00\x37\x00\x09\x01\x22\x02\x01\x00\x11\x00"
  "\x09\x02\x22\x02\x01\x00\x11\x00\x09\x03\x22\x02\x01\x00\x11\x00\x09\x04\x22\x02"
  "\x01\x00\x11\x00\x09\x05\x22\x02\x01\x00\x03\x00\x09\x06\x22\x02\x01\x00\x03\x00"
  "\x09\x00\x23\x00\x00\x00\x37\x00\x09\x01\x23\x00\x00\x00\x11\x00\x09\x02\x23\x00"
  "\x00\x00\x11\x00\x09\x03\x23\x00\x00\x00\x11\x00\x09\x04\x23\x00\x00\x00\x11\x00"
  "\x09\x05\x23\x00\x00\x00\x00\x00\x09\x06\x23\x00\x00\x00\x04\x00\x09\x00\x23\x00"
  "\x01\x00\x37\x00\x09\x01\x23\x00\x01\x00\x11\x00\x09\x02\x23\x00\x01\x00\x11\x00"
  "\x09\x03\x23\x00\x01\x00\x11\x00\x09\x04\x23\x00\x01\x00\x11\x00\x09\x05\x23\x00"
  "\x01\x00\x01\x00\x09\x06\x23\x00\x01\x00\x04\x00\x09\x00\x23\x01\x00\x00\x37\x00"
  "\x09\x01\x23\x01\x00\x00\x11\x00\x09\x02\x23\x01\x00\x00\x11\x00\x09\x03\x23\x01"
  "\x00\x00\x11\x00\x09\x04\x23\x01\x00\x00\x11\x00\x09\x05\x23\x01\x00\x00\x00\x00"
  "\x09\x06\x23\x01\x00\x00\x04\x00\x09\x00\x23\x01\x01\x00\x37\x00\x09\x01\x23\x01"
  "\x01\x00\x11\x00\x09\x02\x23\x01\x01\x00\x11\x00\x09\x03\x23\x01\x01\x00\x11\x00"
  "\x09\x04\x23\x01\x01\x00\x11\x00\x09\x05\x23\x01\x01\x00\x01\x00\x09\x06\x23\x01"
  "\x01\x00\x04\x00\x09\x00\x23\x02\x00\x00\x37\x00\x09\x01\x23\x02\x00\x00\x11\x00"
  "\x09\x02\x23\x02\x00\x00\x11\x00\x09\x03\x23\x02\x00\x00\x11\x00\x09\x04\x23\x02"
  "\x00\x00\x11\x00\x09\x05\x23\x02\x00\x00\x02\x00\x09\x06\x23\x02\x00\x00\x04\x00"
  "\x09\x00\x23\x02\x01\x00\x37\x00\x09\x01\x23\x02\x01\x00\x11\x00\x09\x02\x23\x02"
  "\x01\x00\x11\x00\x09\x03\x23\x02\x01\x00\x11\x00\x09\x04\x23\x02\x01\x00\x11\x00"
  "\x09\x05\x23\x02\x01\x00\x02\x00\x09\x06\x23\x02\x01\x00\x04\x00\x09\x00\x24\x00"
  "\x00\x00\x37\x00\x09\x01\x24\x00\x00\x00\x11\x00\x09\x02\x24\x00\x00\x00\x11\x00"
  "\x09\x03\x24\x00\x00\x00\x11\x00\x09\x04\x24\x00\x00\x00\x11\x00\x09\x05\x24\x00"
  "\x00\x00\x03\x00\x09\x06\x24\x00\x00\x00\x04\x00\x09\x00\x24\x00\x01\x00\x37\x00"
  "\x09\x01\x24\x00\x01\x00\x11\x00\x09\x02\x24\x00\x01\x00\x11\x00\x09\x03\x24\x00"
  "\x01\x00\x11\x00\x09\x04\x24\x00\x01\x00\x11\x00\x09\x05\x24\x00\x01\x00\x03\x00"
  "\x09\x06\x24\x00\x01\x00\x04\x00\x09\x00\x24\x01\x00\x00\x37\x00\x09\x01\x24\x01"
  "\x00\x00\x11\x00\x09\x02\x24\x01\x00\x00\x11\x00\x09\x03\x24\x01\x00\x00\x11\x00"
  "\x09\x04\x24\x01\x00\x00\x11\x00\x09\x05\x24\x01\x00\x00\x03\x00\x09\x06\x24\x01"
  "\x00\x00\x04\x00\x09\x00\x24\x01\x01\x00\x37\x00\x09\x01\x24\x01\x01\x00\x11\x00"
  "\x09\x02\x24\x01\x01\x00\x11\x00\x09\x03\x24\x01\x01\x00\x11\x00\x09\x04\x24\x01"
  "\x01\x00\x11\x00\x09\x05\x24\x01\x01\x00\x03\x00\x09\x06\x24\x01\x01\x00\x04\x00"
  "\x09\x00\x24\x02\x00\x00\x37\x00\x09\x01\x24\x02\x00\x00\x11\x00\x09\x02\x24\x02"
  "\x00\x00\x11\x00\x09\x03\x24\x02\x00\x00\x11\x00\x09\x04\x24\x02\x00\x00\x11\x00"
  "\x09\x05\x24\x02\x00\x00\x03\x00\x09\x06\x24\x02\x00\x00\x04\x00\x09\x00\x24\x02"
  "\x01\x00\x37\x00\x09\x01\x24\x02\x01\x00\x11\x00\x09\x02\x24\x02\x01\x00\x11\x00"
  "\x09\x03\x24\x02\x01\x00\x11\x00\x09\x04\x24\x02\x01\x00\x11\x00\x09\x05\x24\x02"
  "\x01\x00\x03\x00\x09\x06\x24\x02\x01\x00\x04\x00\x09\x00\x25\x00\x00\x00\x37\x00"
  "\x09\x01\x25\x00\x00\x00\x11\x00\x09\x02\x25\x00\x00\x00\x11\x00\x09\x03\x25\x00"
  "\x00\x00\x11\x00\x09\x04\x25\x00\x00\x00\x11\x00\x09\x05\x25\x00\x00\x00\x03\x00"
  "\x09\x06\x25\x00\x00\x00\x04\x00\x09\x00\x25\x00\x01\x00\x37\x00\x09\x01\x25\x00"
  "\x01\x00\x11\x00\x09\x02\x25\x00\x01\x00\x11\x00\x09\x03\x25\x00\x01\x00\x11\x00"
  "\x09\x04\x25\x00\x01\x00\x11\x00\x09\x05\x25\x00\x01\x00\x03\x00\x09\x06\x25\x00"
  "\x01\x00\x04\x00\x09\x00\x25\x01\x00\x00\x37\x00\x09\x01\x25\x01\x00\x00\x11\x00"
  "\x09\x02\x25\x01\x00\x00\x11\x00\x09\x03\x25\x01\x00\x00\x11\x00\x09\x04\x25\x01"
  "\x00\x00\x11\x00\x09\x05\x25\x01\x00\x00\x03\x00\x09\x06\x25\x01\x00\x00\x04\x00"
  "\x09\x00\x25\x01\x01\x00\x37\x00\x09\x01\x25\x01\x01\x00\x11\x00\x09\x02\x25\x01"
  "\x01\x00\x11\x00\x09\x03\x25\x01\x01\x00\x11\x00\x09\x04\x25\x01\x01\x00\x11\x00"
  "\x09\x05\x25\x01\x01\x00\x03\x00\x09\x06\x25\x01\x01\x00\x04\x00\x09\x00\x25\x02"
  "\x00\x00\x37\x00\x09\x01\x25\x02\x00\x00\x11\x00\x09\x02\x25\x02\x00\x00\x11\x00"
  "\x09\x03\x25\x02\x00\x00\x11\x00\x09\x04\x25\x02\x00\x00\x11\x00\x09\x05\x25\x02"
  "\x00\x00\x03\x00\x09\x06\x25\x02\x00\x00\x04\x00\x09\x00\x25\x02\x01\x00\x37\x00"
  "\x09\x01\x25\x02\x01\x00\x11\x00\x09\x02\x25\x02\x01\x00\x11\x00\x09\x03\x25\x02"
  "\x01\x00\x11\x00\x09\x04\x25\x02\x01\x00\x11\x00\x09\x05\x25\x02\x01\x00\x03\x00"
  "\x09\x06\x25\x02\x01\x00\x04\x00\x09\x00\x26\x00\x00\x00\x37\x00\x09\x01\x26\x00"
  "\x00\x00\x11\x00\x09\x02\x26\x00\x00\x00\x11\x00\x09\x03\x26\x00\x00\x00\x11\x00"
  "\x09\x04\x26\x00\x00\x00\x11\x00\x09\x05\x26\x00\x00\x00\x03\x00\x09\x06\x26\x00"
  "\x00\x00\x04\x00\x09\x00\x26\x00\x01\x00\x37\x00\x09\x01\x26\x00\x01\x00\x11\x00"
  "\x09\x02\x26\x00\x01\x00\x11\x00\x09\x03\x26\x00\x01\x00\x11\x00\x09\x04\x26\x00"
  "\x01\x00\x11\x00\x09\x05\x26\x00\x01\x00\x03\x00\x09\x06\x26\x00\x01\x00\x04\x00"
  "\x09\x00\x26\x01\x00\x00\x37\x00\x09\x01\x26\x01\x00\x00\x11\x00\x09\x02\x26\x01"
  "\x00\x00\x11\x00\x09\x03\x26\x01\x00\x00\x11\x00\x09\x04\x26\x01\x00\x00\x11\x00"
  "\x09\x05\x26\x01\x00\x00\x03\x00\x09\x06\x26\x01\x00\x00\x04\x00\x09\x00\x26\x01"
  "\x01\x00\x37\x00\x09\x01\x26\x01\x01\x00\x11\x00\x09\x02\x26\x01\x01\x00\x11\x00"
  "\x09\x03\x26\x01\x01\x00\x11\x00\x09\x04\x26\x01\x01\x00\x11\x00\x09\x05\x26\x01"
  "\x01\x00\x03\x00\x09\x06\x26\x01\x01\x00\x04\x00\x09\x00\x26\x02\x00\x00\x37\x00"
  "\x09\x01\x26\x02\x00\x00\x11\x00\x09\x02\x26\x02\x00\x00\x11\x00\x09\x03\x26\x02"
  "\x00\x00\x11\x00\x09\x04\x26\x02\x00\x00\x11\x00\x09\x05\x26\x02\x00\x00\x03\x00"
  "\x09\x06\x26\x02\x00\x00\x04\x00\x09\x00\x26\x02\x01\x00\x37\x00\x09\x01\x26\x02"
  "\x01\x00\x11\x00\x09\x02\x26\x02\x01\x00\x11\x00\x09\x03\x26\x02\x01\x00\x11\x00"
  "\x09\x04\x26\x02\x01\x00\x11\x00\x09\x05\x26\x02\x01\x00\x03\x00\x09\x06\x26\x02"
  "\x01\x00\x04\x00\x09\x00\x27\x00\x00\x00\x37\x00\x09\x01\x27\x00\x00\x00\x11\x00"
  "\x09\x02\x27\x00\x00\x00\x11\x00\x09\x03\x27\x00\x00\x00\x11\x00\x09\x04\x27\x00"
  "\x00\x00\x11\x00\x09\x05\x27\x00\x00\x00\x03\x00\x09\x06\x27\x00\x00\x00\x04\x00"
  "\x09\x00\x27\x00\x01\x00\x37\x00\x09\x01\x27\x00\x01\x00\x11\x00\x09\x02\x27\x00"
  "\x01\x00\x11\x00\x09\x03\x27\x00\x01\x00\x11\x00\x09\x04\x27\x00\x01\x00\x11\x00"
  "\x09\x05\x27\x00\x01\x00\x03\x00\x09\x06\x27\x00\x01\x00\x04\x00\x09\x00\x27\x01"
  "\x00\x00\x37\x00\x09\x01\x27\x01\x00\x00\x11\x00\x09\x02\x27\x01\x00\x00\x11\x00"
  "\x09\x03\x27\x01\x00\x00\x11\x00\x09\x04\x27\x01\x00\x00\x11\x00\x09\x05\x27\x01"
  "\x00\x00\x03\x00\x09\x06\x27\x01\x00\x00\x04\x00\x09\x00\x27\x01\x01\x00\x37\x00"
  "\x09\x01\x27\x01\x01\x00\x11\x00\x09\x02\x27\x01\x01\x00\x11\x00\x09\x03\x27\x01"
  "\x01\x00\x11\x00\x09\x04\x27\x01\x01\x00\x11\x00\x09\x05\x27\x01\x01\x00\x03\x00"
  "\x09\x06\x27\x01\x01\x00\x04\x00\x09\x00\x27\x02\x00\x00\x37\x00\x09\x01\x27\x02"
  "\x00\x00\x11\x00\x09\x02\x27\x02\x00\x00\x11\x00\x09\x03\x27\x02\x00\x00\x11\x00"
  "\x09\x04\x27\x02\x00\x00\x11\x00\x09\x05\x27\x02\x00\x00\x03\x00\x09\x06\x27\x02"
  "\x00\x00\x04\x00\x09\x00\x27\x02\x01\x00\x37\x00\x09\x01\x27\x02\x01\x00\x11\x00"
  "\x09\x02\x27\x02\x01\x00\x11\x00\x09\x03\x27\x02\x01\x00\x11\x00\x09\x04\x27\x02"
  "\x01\x00\x11\x00\x09\x05\x27\x02\x01\x00\x03\x00\x09\x06\x27\x02\x01\x00\x04\x00"
  "\x09\x00\x28\x00\x00\x00\x37\x00\x09\x01\x28\x00\x00\x00\x11\x00\x09\x02\x28\x00"
  "\x00\x00\x11\x00\x09\x03\x28\x00\x00\x00\x11\x00\x09\x04\x28\x00\x00\x00\x11\x00"
  "\x09\x05\x28\x00\x00\x00\x03\x00\x09\x06\x28\x00\x00\x00\x04\x00\x09\x00\x28\x00"
  "\x01\x00\x37\x00\x09\x01\x28\x00\x01\x00\x11\x00\x09\x02\x28\x00\x01\x00\x11\x00"
  "\x09\x03\x28\x00\x01\x00\x11\x00\x09\x04\x28\x00\x01\x00\x11\x00\x09\x05\x28\x00"
  "\x01\x00\x03\x00\x09\x06\x28\x00\x01\x00\x04\x00\x09\x00\x28\x01\x00\x00\x37\x00"
  "\x09\x01\x28\x01\x00\x00\x11\x00\x09\x02\x28\x01\x00\x00\x11\x00\x09\x03\x28\x01"
  "\x00\x00\x11\x00\x09\x04\x28\x01\x00\x00\x11\x00\x09\x05\x28\x01\x00\x00\x03\x00"
  "\x09\x06\x28\x01\x00\x00\x04\x00\x09\x00\x28\x01\x01\x00\x37\x00\x09\x01\x28\x01"
  "\x01\x00\x11\x00\x09\x02\x28\x01\x01\x00\x11\x00\x09\x03\x28\x01\x01\x00\x11\x00"
  "\x09\x04\x28\x01\x01\x00\x11\x00\x09\x05\x28\x01\x01\x00\x03\x00\x09\x06\x28\x01"
  "\x01\x00\x04\x00\x09\x00\x28\x02\x00\x00\x37\x00\x09\x01\x28\x02\x00\x00\x11\x00"
  "\x09\x02\x28\x02\x00\x00\x11\x00\x09\x03\x28\x02\x00\x00\x11\x00\x09\x04\x28\x02"
  "\x00\x00\x11\x00\x09\x05\x28\x02\x00\x00\x03\x00\x09\x06\x28\x02\x00\x00\x04\x00"
  "\x09\x00\x28\x02\x01\x00\x37\x00\x09\x01\x28\x02\x01\x00\x11\x00\x09\x02\x28\x02"
  "\x01\x00\x11\x00\x09\x03\x28\x02\x01\x00\x11\x00\x09\x04\x28\x02\x01\x00\x11\x00"
  "\x09\x05\x28\x02\x01\x00\x03\x00\x09\x06\x28\x02\x01\x00\x04\x00\x09\x00\x29\x00"
  "\x00\x00\x37\x00\x09\x01\x29\x00\x00\x00\x11\x00\x09\x02\x29\x00\x00\x00\x11\x00"
  "\x09\x03\x29\x00\x00\x00\x11\x00\x09\x04\x29\x00\x00\x00\x11\x00\x09\x05\x29\x00"
  "\x00\x00\x03\x00\x09\x06\x29\x00\x00\x00\x04\x00\x09\x00\x29\x00\x01\x00\x37\x00"
  "\x09\x01\x29\x00\x01\x00\x11\x00\x09\x02\x29\x00\x01\x00\x11\x00\x09\x03\x29\x00"
  "\x01\x00\x11\x00\x09\x04\x29\x00\x01\x00\x11\x00\x09\x05\x29\x00\x01\x00\x03\x00"
  "\x09\x06\x29\x00\x01\x00\x04\x00\x09\x00\x29\x01\x00\x00\x37\x00\x09\x01\x29\x01"
  "\x00\x00\x11\x00\x09\x02\x29\x01\x00\x00\x11\x00\x09\x03\x29\x01\x00\x00\x11\x00"
  "\x09\x04\x29\x01\x00\x00\x11\x00\x09\x05\x29\x01\x00\x00\x03\x00\x09\x06\x29\x01"
  "\x00\x00\x04\x00\x09\x00\x29\x01\x01\x00\x37\x00\x09\x01\x29\x01\x01\x00\x11\x00"
  "\x09\x02\x29\x01\x01\x00\x11\x00\x09\x03\x29\x01\x01\x00\x11\x00\x09\x04\x29\x01"
  "\x01\x00\x11\x00\x09\x05\x29\x01\x01\x00\x03\x00\x09\x06\x29\x01\x01\x00\x04\x00"
  "\x09\x00\x29\x02\x00\x00\x37\x00\x09\x01\x29\x02\x00\x00\x11\x00\x09\x02\x29\x02"
  "\x00\x00\x11\x00\x09\x03\x29\x02\x00\x00\x11\x00\x09\x04\x29\x02\x00\x00\x11\x00"
  "\x09\x05\x29\x02\x00\x00\x03\x00\x09\x06\x29\x02\x00\x00\x04\x00\x09\x00\x29\x02"
  "\x01\x00\x37\x00\x09\x01\x29\x02\x01\x00\x11\x00\x09\x02\x29\x02\x01\x00\x11\x00"
  "\x09\x03\x29\x02\x01\x00\x11\x00\x09\x04\x29\x02\x01\x00\x11\x00\x09\x05\x29\x02"
  "\x01\x00\x03\x00\x09\x06\x29\x02\x01\x00\x04\x00\x09\x00\x2a\x00\x00\x00\x37\x00"
  "\x09\x01\x2a\x00\x00\x00\x11\x00\x09\x02\x2a\x00\x00\x00\x11\x00\x09\x03\x2a\x00"
  "\x00\x00\x11\x00\x09\x04\x2a\x00\x00\x00\x11\x00\x09\x05\x2a\x00\x00\x00\x03\x00"
  "\x09\x06\x2a\x00\x00\x00\x04\x00\x09\x00\x2a\x00\x01\x00\x37\x00\x09\x01\x2a\x00"
  "\x01\x00\x11\x00\x09\x02\x2a\x00\x01\x00\x11\x00\x09\x03\x2a\x00\x01\x00\x11\x00"
  "\x09\x04\x2a\x00\x01\x00\x11\x00\x09\x05\x2a\x00\x01\x00\x03\x00\x09\x06\x2a\x00"
  "\x01\x00\x04\x00\x09\x00\x2a\x01\x00\x00\x37\x00\x09\x01\x2a\x01\x00\x00\x11\x00"
  "\x09\x02\x2a\x01\x00\x00\x11\x00\x09\x03\x2a\x01\x00\x00\x11\x00\x09\x04\x2a\x01"
  "\x00\x00\x11\x00\x09\x05\x2a\x01\x00\x00\x03\x00\x09\x06\x2a\x01\x00\x00\x04\x00"
  "\x09\x00\x2a\x01\x01\x00\x37\x00\x09\x01\x2a\x01\x01\x00\x11\x00\x09\x02\x2a\x01"
  "\x01\x00\x11\x00\x09\x03\x2a\x01\x01\x00\x11\x00\x09\x04\x2a\x01\x01\x00\x11\x00"
  "\x09\x05\x2a\x01\x01\x00\x03\x00\x09\x06\x2a\x01\x01\x00\x04\x00\x09\x00\x2a\x02"
  "\x00\x00\x37\x00\x09\x01\x2a\x02\x00\x00\x11\x00\x09\x02\x2a\x02\x00\x00\x11\x00"
  "\x09\x03\x2a\x02\x00\x00\x11\x00\x09\x04\x2a\x02\x00\x00\x11\x00\x09\x05\x2a\x02"
  "\x00\x00\x03\x00\x09\x06\x2a\x02\x00\x00\x04\x00\x09\x00\x2a\x02\x01\x00\x37\x00"
  "\x09\x01\x2a\x02\x01\x00\x11\x00\x09\x02\x2a\x02\x01\x00\x11\x00\x09\x03\x2a\x02"
  "\x01\x00\x11\x00\x09\x04\x2a\x02\x01\x00\x11\x00\x09\x05\x2a\x02\x01\x00\x03\x00"
  "\x09\x06\x2a\x02\x01\x00\x04\x00\x09\x00\x2b\x00\x00\x00\x37\x00\x09\x01\x2b\x00"
  "\x00\x00\x11\x00\x09\x02\x2b\x00\x00\x00\x11\x00\x09\x03\x2b\x00\x00\x00\x11\x00"
  "\x09\x04\x2b\x00\x00\x00\x11\x00\x09\x05\x2b\x00\x00\x00\x03\x00\x09\x06\x2b\x00"
  "\x00\x00\x04\x00\x09\x00\x2b\x00\x01\x00\x37\x00\x09\x01\x2b\x00\x01\x00\x11\x00"
  "\x09\x02\x2b\x00\x01\x00\x11\x00\x09\x03\x2b\x00\x01\x00\x11\x00\x09\x04\x2b\x00"
  "\x01\x00\x11\x00\x09\x05\x2b\x00\x01\x00\x03\x00\x09\x06\x2b\x00\x01\x00\x04\x00"
  "\x09\x00\x2b\x01\x00\x00\x37\x00\x09\x01\x2b\x01\x00\x00\x11\x00\x09\x02\x2b\x01"
  "\x00\x00\x11\x00\x09\x03\x2b\x01\x00\x00\x11\x00\x09\x04\x2b\x01\x00\x00\x11\x00"
  "\x09\x05\x2b\x01\x00\x00\x03\x00\x09\x06\x2b\x01\x00\x00\x04\x00\x09\x00\x2b\x01"
  "\x01\x00\x37\x00\x09\x01\x2b\x01\x01\x00\x11\x00\x09\x02\x2b\x01\x01\x00\x11\x00"
  "\x09\x03\x2b\x01\x01\x00\x11\x00\x09\x04\x2b\x01\x01\x00\x11\x00\x09\x05\x2b\x01"
  "\x01\x00\x03\x00\x09\x06\x2b\x01\x01\x00\x04\x00\x09\x00\x2b\x02\x00\x00\x37\x00"
  "\x09\x01\x2b\x02\x00\x00\x11\x00\x09\x02\x2b\x02\x00\x00\x11\x00\x09\x03\x2b\x02"
  "\x00\x00\x11\x00\x09\x04\x2b\x02\x00\x00\x11\x00\x09\x05\x2b\x02\x00\x00\x03\x00"
  "\x09\x06\x2b\x02\x00\x00\x04\x00\x09\x00\x2b\x02\x01\x00\x37\x00\x09\x01\x2b\x02"
  "\x01\x00\x11\x00\x09\x02\x2b\x02\x01\x00\x11\x00\x09\x03\x2b\x02\x01\x00\x11\x00"
  "\x09\x04\x2b\x02\x01\x00\x11\x00\x09\x05\x2b\x02\x01\x00\x03\x00\x09\x06\x2b\x02"
  "\x01\x00\x04\x00\x09\x00\x2c\x00\x00\x00\x37\x00\x09\x01\x2c\x00\x00\x00\x11\x00"
  "\x09\x02\x2c\x00\x00\x00\x11\x00\x09\x03\x2c\x00\x00\x00\x11\x00\x09\x04\x2c\x00"
  "\x00\x00\x11\x00\x09\x05\x2c\x00\x00\x00\x03\x00\x09\x06\x2c\x00\x00\x00\x04\x00"
  "\x09\x00\x2c\x00\x01\x00\x37\x00\x09\x01\x2c\x00\x01\x00\x11\x00\x09\x02\x2c\x00"
  "\x01\x00\x11\x00\x09\x03\x2c\x00\x01\x00\x11\x00\x09\x04\x2c\x00\x01\x00\x11\x00"
  "\x09\x05\x2c\x00\x01\x00\x03\x00\x09\x06\x2c\x00\x01\x00\x04\x00\x09\x00\x2c\x01"
  "\x00\x00\x37\x00\x09\x01\x2c\x01\x00\x00\x11\x00\x09\x02\x2c\x01\x00\x00\x11\x00"
  "\x09\x03\x2c\x01\x00\x00\x11\x00\x09\x04\x2c\x01\x00\x00\x11\x00\x09\x05\x2c\x01"
  "\x00\x00\x03\x00\x09\x06\x2c\x01\x00\x00\x04\x00\x09\x00\x2c\x01\x01\x00\x37\x00"
  "\x09\x01\x2c\x01\x01\x00\x11\x00\x09\x02\x2c\x01\x01\x00\x11\x00\x09\x03\x2c\x01"
  "\x01\x00\x11\x00\x09\x04\x2c\x01\x01\x00\x11\x00\x09\x05\x2c\x01\x01\x00\x03\x00"
  "\x09\x06\x2c\x01\x01\x00\x04\x00\x09\x00\x2c\x02\x00\x00\x37\x00\x09\x01\x2c\x02"
  "\x00\x00\x11\x00\x09\x02\x2c\x02\x00\x00\x11\x00\x09\x03\x2c\x02\x00\x00\x11\x00"
  "\x09\x04\x2c\x02\x00\x00\x11\x00\x09\x05\x2c\x02\x00\x00\x03\x00\x09\x06\x2c\x02"
  "\x00\x00\x04\x00\x09\x00\x2c\x02\x01\x00\x37\x00\x09\x01\x2c\x02\x01\x00\x11\x00"
  "\x09\x02\x2c\x02\x01\x00\x11\x00\x09\x03\x2c\x02\x01\x00\x11\x00\x09\x04\x2c\x02"
  "\x01\x00\x11\x00\x09\x05\x2c\x02\x01\x00\x03\x00\x09\x06\x2c\x02\x01\x00\x04\x00"
  "\x09\x00\x2d\x00\x00\x00\x37\x00\x09\x01\x2d\x00\x00\x00\x11\x00\x09\x02\x2d\x00"
  "\x00\x00\x11\x00\x09\x03\x2d\x00\x00\x00\x11\x00\x09\x04\x2d\x00\x00\x00\x11\x00"
  "\x09\x05\x2d\x00\x00\x00\x03\x00\x09\x06\x2d\x00\x00\x00\x04\x00\x09\x00\x2d\x00"
  "\x01\x00\x37\x00\x09\x01\x2d\x00\x01\x00\x11\x00\x09\x02\x2d\x00\x01\x00\x11\x00"
  "\x09\x03\x2d\x00\x01\x00\x11\x00\x09\x04\x2d\x00\x01\x00\x11\x00\x09\x05\x2d\x00"
  "\x01\x00\x03\x00\x09\x06\x2d\x00\x01\x00\x04\x00\x09\x00\x2d\x01\x00\x00\x37\x00"
  "\x09\x01\x2d\x01\x00\x00\x11\x00\x09\x02\x2d\x01\x00\x00\x11\x00\x09\x03\x2d\x01"
  "\x00\x00\x11\x00\x09\x04\x2d\x01\x00\x00\x11\x00\x09\x05\x2d\x01\x00\x00\x03\x00"
  "\x09\x06\x2d\x01\x00\x00\x04\x00\x09\x00\x2d\x01\x01\x00\x37\x00\x09\x01\x2d\x01"
  "\x01\x00\x11\x00\x09\x02\x2d\x01\x01\x00\x11\x00\x09\x03\x2d\x01\x01\x00\x11\x00"
  "\x09\x04\x2d\x01\x01\x00\x11\x00\x09\x05\x2d\x01\x01\x00\x03\x00\x09\x06\x2d\x01"
  "\x01\x00\x04\x00\x09\x00\x2d\x02\x00\x00\x37\x00\x09\x01\x2d\x02\x00\x00\x11\x00"
  "\x09\x02\x2d\x02\x00\x00\x11\x00\x09\x03\x2d\x02\x00\x00\x11\x00\x09\x04\x2d\x02"
  "\x00\x00\x11\x00\x09\x05\x2d\x02\x00\x00\x03\x00\x09\x06\x2d\x02\x00\x00\x04\x00"
  "\x09\x00\x2d\x02\x01\x00\x37\x00\x09\x01\x2d\x02\x01\x00\x11\x00\x09\x02\x2d\x02"
  "\x01\x00\x11\x00\x09\x03\x2d\x02\x01\x00\x11\x00\x09\x04\x2d\x02\x01\x00\x11\x00"
  "\x09\x05\x2d\x02\x01\x00\x03\x00\x09\x06\x2d\x02\x01\x00\x04\x00\x09\x00\x2e\x00"
  "\x00\x00\x37\x00\x09\x01\x2e\x00\x00\x00\x11\x00\x09\x02\x2e\x00\x00\x00\x11\x00"
  "\x09\x03\x2e\x00\x00\x00\x11\x00\x09\x04\x2e\x00\x00\x00\x11\x00\x09\x05\x2e\x00"
  "\x00\x00\x03\x00\x09\x06\x2e\x00\x00\x00\x04\x00\x09\x00\x2e\x00\x01\x00\x37\x00"
  "\x09\x01\x2e\x00\x01\x00\x11\x00\x09\x02\x2e\x00\x01\x00\x11\x00\x09\x03\x2e\x00"
  "\x01\x00\x11\x00\x09\x04\x2e\x00\x01\x00\x11\x00\x09\x05\x2e\x00\x01\x00\x03\x00"
  "\x09\x06\x2e\x00\x01\x00\x04\x00\x09\x00\x2e\x01\x00\x00\x37\x00\x09\x01\x2e\x01"
  "\x00\x00\x11\x00\x09\x02\x2e\x01\x00\x00\x11\x00\x09\x03\x2e\x01\x00\x00\x11\x00"
  "\x09\x04\x2e\x01\x00\x00\x11\x00\x09\x05\x2e\x01\x00\x00\x03\x00\x09\x06\x2e\x01"
  "\x00\x00\x04\x00\x09\x00\x2e\x01\x01\x00\x37\x00\x09\x01\x2e\x01\x01\x00\x11\x00"
  "\x09\x02\x2e\x01\x01\x00\x11\x00\x09\x03\x2e\x01\x01\x00\x11\x00\x09\x04\x2e\x01"
  "\x01\x00\x11\x00\x09\x05\x2e\x01\x01\x00\x03\x00\x09\x06\x2e\x01\x01\x00\x04\x00"
  "\x09\x00\x2e\x02\x00\x00\x37\x00\x09\x01\x2e\x02\x00\x00\x11\x00\x09\x02\x2e\x02"
  "\x00\x00\x11\x00\x09\x03\x2e\x02\x00\x00\x11\x00\x09\x04\x2e\x02\x00\x00\x11\x00"
  "\x09\x05\x2e\x02\x00\x00\x03\x00\x09\x06\x2e\x02\x00\x00\x04\x00\x09\x00\x2e\x02"
  "\x01\x00\x37\x00\x09\x01\x2e\x02\x01\x00\x11\x00\x09\x02\x2e\x02\x01\x00\x11\x00"
  "\x09\x03\x2e\x02\x01\x00\x11\x00\x09\x04\x2e\x02\x01\x00\x11\x00\x09\x05\x2e\x02"
  "\x01\x00\x03\x00\x09\x06\x2e\x02\x01\x00\x04\x00\x09\x00\x2f\x00\x00\x00\x37\x00"
  "\x09\x01\x2f\x00\x00\x00\x11\x00\x09\x02\x2f\x00\x00\x00\x11\x00\x09\x03\x2f\x00"
  "\x00\x00\x11\x00\x09\x04\x2f\x00\x00\x00\x11\x00\x09\x05\x2f\x00\x00\x00\x03\x00"
  "\x09\x06\x2f\x00\x00\x00\x04\x00\x09\x00\x2f\x00\x01\x00\x37\x00\x09\x01\x2f\x00"
  "\x01\x00\x11\x00\x09\x02\x2f\x00\x01\x00\x11\x00\x09\x03\x2f\x00\x01\x00\x11\x00"
  "\x09\x04\x2f\x00\x01\x00\x11\x00\x09\x05\x2f\x00\x01\x00\x03\x00\x09\x06\x2f\x00"
  "\x01\x00\x04\x00\x09\x00\x2f\x01\x00\x00\x37\x00\x09\x01\x2f\x01\x00\x00\x11\x00"
  "\x09\x02\x2f\x01\x00\x00\x11\x00\x09\x03\x2f\x01\x00\x00\x11\x00\x09\x04\x2f\x01"
  "\x00\x00\x11\x00\x09\x05\x2f\x01\x00\x00\x03\x00\x09\x06\x2f\x01\x00\x00\x04\x00"
  "\x09\x00\x2f\x01\x01\x00\x37\x00\x09\x01\x2f\x01\x01\x00\x11\x00\x09\x02\x2f\x01"
  "\x01\x00\x11\x00\x09\x03\x2f\x01\x01\x00\x11\x00\x09\x04\x2f\x01\x01\x00\x11\x00"
  "\x09\x05\x2f\x01\x01\x00\x03\x00\x09\x06\x2f\x01\x01\x00\x04\x00\x09\x00\x2f\x02"
  "\x00\x00\x37\x00\x09\x01\x2f\x02\x00\x00\x11\x00\x09\x02\x2f\x02\x00\x00\x11\x00"
  "\x09\x03\x2f\x02\x00\x00\x11\x00\x09\x04\x2f\x02\x00\x00\x11\x00\x09\x05\x2f\x02"
  "\x00\x00\x03\x00\x09\x06\x2f\x02\x00\x00\x04\x00\x09\x00\x2f\x02\x01\x00\x37\x00"
  "\x09\x01\x2f\x02\x01\x00\x11\x00\x09\x02\x2f\x02\x01\x00\x11\x00\x09\x03\x2f\x02"
  "\x01\x00\x11\x00\x09\x04\x2f\x02\x01\x00\x11\x00\x09\x05\x2f\x02\x01\x00\x03\x00"
  "\x09\x06\x2f\x02\x01\x00\x04\x00\x09\x00\x30\x00\x00\x00\x37\x00\x09\x01\x30\x00"
  "\x00\x00\x11\x00\x09\x02\x30\x00\x00\x00\x11\x00\x09\x03\x30\x00\x00\x00\x11\x00"
  "\x09\x04\x30\x00\x00\x00\x11\x00\x09\x05\x30\x00\x00\x00\x03\x00\x09\x06\x30\x00"
  "\x00\x00\x04\x00\x09\x00\x30\x00\x01\x00\x37\x00\x09\x01\x30\x00\x01\x00\x11\x00"
  "\x09\x02\x30\x00\x01\x00\x11\x00\x09\x03\x30\x00\x01\x00\x11\x00\x09\x04\x30\x00"
  "\x01\x00\x11\x00\x09\x05\x30\x00\x01\x00\x03\x00\x09\x06\x30\x00\x01\x00\x04\x00"
  "\x09\x00\x30\x01\x00\x00\x37\x00\x09\x01\x30\x01\x00\x00\x11\x00\x09\x02\x30\x01"
  "\x00\x00\x11\x00\x09\x03\x30\x01\x00\x00\x11\x00\x09\x04\x30\x01\x00\x00\x11\x00"
  "\x09\x05\x30\x01\x00\x00\x03\x00\x09\x06\x30\x01\x00\x00\x04\x00\x09\x00\x30\x01"
  "\x01\x00\x37\x00\x09\x01\x30\x01\x01\x00\x11\x00\x09\x02\x30\x01\x01\x00\x11\x00"
  "\x09\x03\x30\x01\x01\x00\x11\x00\x09\x04\x30\x01\x01\x00\x11\x00\x09\x05\x30\x01"
  "\x01\x00\x03\x00\x09\x06\x30\x01\x01\x00\x04\x00\x09\x00\x30\x02\x00\x00\x37\x00"
  "\x09\x01\x30\x02\x00\x00\x11\x00\x09\x02\x30\x02\x00\x00\x11\x00\x09\x03\x30\x02"
  "\x00\x00\x11\x00\x09\x04\x30\x02\x00\x00\x11\x00\x09\x05\x30\x02\x00\x00\x03\x00"
  "\x09\x06\x30\x02\x00\x00\x04\x00\x09\x00\x30\x02\x01\x00\x37\x00\x09\x01\x30\x02"
  "\x01\x00\x11\x00\x09\x02\x30\x02\x01\x00\x11\x00\x09\x03\x30\x02\x01\x00\x11\x00"
  "\x09\x04\x30\x02\x01\x00\x11\x00\x09\x05\x30\x02\x01\x00\x03\x00\x09\x06\x30\x02"
  "\x01\x00\x04\x00\x09\x00\x31\x00\x00\x00\x37\x00\x09\x01\x31\x00\x00\x00\x11\x00"
  "\x09\x02\x31\x00\x00\x00\x11\x00\x09\x03\x31\x00\x00\x00\x11\x00\x09\x04\x31\x00"
  "\x00\x00\x11\x00\x09\x05\x31\x00\x00\x00\x03\x00\x09\x06\x31\x00\x00\x00\x04\x00"
  "\x09\x00\x31\x00\x01\x00\x37\x00\x09\x01\x31\x00\x01\x00\x11\x00\x09\x02\x31\x00"
  "\x01\x00\x11\x00\x09\x03\x31\x00\x01\x00\x11\x00\x09\x04\x31\x00\x01\x00\x11\x00"
  "\x09\x05\x31\x00\x01\x00\x03\x00\x09\x06\x31\x00\x01\x00\x04\x00\x09\x00\x31\x01"
  "\x00\x00\x37\x00\x09\x01\x31\x01\x00\x00\x11\x00\x09\x02\x31\x01\x00\x00\x11\x00"
  "\x09\x03\x31\x01\x00\x00\x11\x00\x09\x04\x31\x01\x00\x00\x11\x00\x09\x05\x31\x01"
  "\x00\x00\x03\x00\x09\x06\x31\x01\x00\x00\x04\x00\x09\x00\x31\x01\x01\x00\x37\x00"
  "\x09\x01\x31\x01\x01\x00\x11\x00\x09\x02\x31\x01\x01\x00\x11\x00\x09\x03\x31\x01"
  "\x01\x00\x11\x00\x09\x04\x31\x01\x01\x00\x11\x00\x09\x05\x31\x01\x01\x00\x03\x00"
  "\x09\x06\x31\x01\x01\x00\x04\x00\x09\x00\x31\x02\x00\x00\x37\x00\x09\x01\x31\x02"
  "\x00\x00\x11\x00\x09\x02\x31\x02\x00\x00\x11\x00\x09\x03\x31\x02\x00\x00\x11\x00"
  "\x09\x04\x31\x02\x00\x00\x11\x00\x09\x05\x31\x02\x00\x00\x03\x00\x09\x06\x31\x02"
  "\x00\x00\x04\x00\x09\x00\x31\x02\x01\x00\x37\x00\x09\x01\x31\x02\x01\x00\x11\x00"
  "\x09\x02\x31\x02\x01\x00\x11\x00\x09\x03\x31\x02\x01\x00\x11\x00\x09\x04\x31\x02"
  "\x01\x00\x11\x00\x09\x05\x31\x02\x01\x00\x03\x00\x09\x06\x31\x02\x01\x00\x04\x00"
  "\x09\x00\x32\x00\x00\x00\x37\x00\x09\x01\x32\x00\x00\x00\x11\x00\x09\x02\x32\x00"
  "\x00\x00\x11\x00\x09\x03\x32\x00\x00\x00\x11\x00\x09\x04\x32\x00\x00\x00\x11\x00"
  "\x09\x05\x32\x00\x00\x00\x03\x00\x09\x06\x32\x00\x00\x00\x04\x00\x09\x00\x32\x00"
  "\x01\x00\x37\x00\x09\x01\x32\x00\x01\x00\x11\x00\x09\x02\x32\x00\x01\x00\x11\x00"
  "\x09\x03\x32\x00\x01\x00\x11\x00\x09\x04\x32\x00\x01\x00\x11\x00\x09\x05\x32\x00"
  "\x01\x00\x03\x00\x09\x06\x32\x00\x01\x00\x04\x00\x09\x00\x32\x01\x00\x00\x37\x00"
  "\x09\x01\x32\x01\x00\x00\x11\x00\x09\x02\x32\x01\x00\x00\x11\x00\x09\x03\x32\x01"
  "\x00\x00\x11\x00\x09\x04\x32\x01\x00\x00\x11\x00\x09\x05\x32\x01\x00\x00\x03\x00"
  "\x09\x06\x32\x01\x00\x00\x04\x00\x09\x00\x32\x01\x01\x00\x37\x00\x09\x01\x32\x01"
  "\x01\x00\x11\x00\x09\x02\x32\x01\x01\x00\x11\x00\x09\x03\x32\x01\x01\x00\x11\x00"
  "\x09\x04\x32\x01\x01\x00\x11\x00\x09\x05\x32\x01\x01\x00\x03\x00\x09\x06\x32\x01"
  "\x01\x00\x04\x00\x09\x00\x32\x02\x00\x00\x37\x00\x09\x01\x32\x02\x00\x00\x11\x00"
  "\x09\x02\x32\x02\x00\x00\x11\x00\x09\x03\x32\x02\x00\x00\x11\x00\x09\x04\x32\x02"
  "\x00\x00\x11\x00\x09\x05\x32\x02\x00\x00\x03\x00\x09\x06\x32\x02\x00\x00\x04\x00"
  "\x09\x00\x32\x02\x01\x00\x37\x00\x09\x01\x32\x02\x01\x00\x11\x00\x09\x02\x32\x02"
  "\x01\x00\x11\x00\x09\x03\x32\x02\x01\x00\x11\x00\x09\x04\x32\x02\x01\x00\x11\x00"
  "\x09\x05\x32\x02\x01\x00\x03\x00\x09\x06\x32\x02\x01\x00\x04\x00\x09\x00\x33\x00"
  "\x00\x00\x37\x00\x09\x01\x33\x00\x00\x00\x11\x00\x09\x02\x33\x00\x00\x00\x11\x00"
  "\x09\x03\x33\x00\x00\x00\x11\x00\x09\x04\x33\x00\x00\x00\x11\x00\x09\x05\x33\x00"
  "\x00\x00\x03\x00\x09\x06\x33\x00\x00\x00\x04\x00\x09\x00\x33\x00\x01\x00\x37\x00"
  "\x09\x01\x33\x00\x01\x00\x11\x00\x09\x02\x33\x00\x01\x00\x11\x00\x09\x03\x33\x00"
  "\x01\x00\x11\x00\x09\x04\x33\x00\x01\x00\x11\x00\x09\x05\x33\x00\x01\x00\x03\x00"
  "\x09\x06\x33\x00\x01\x00\x04\x00\x09\x00\x33\x01\x00\x00\x37\x00\x09\x01\x33\x01"
  "\x00\x00\x11\x00\x09\x02\x33\x01\x00\x00\x11\x00\x09\x03\x33\x01\x00\x00\x11\x00"
  "\x09\x04\x33\x01\x00\x00\x11\x00\x09\x05\x33\x01\x00\x00\x03\x00\x09\x06\x33\x01"
  "\x00\x00\x04\x00\x09\x00\x33\x01\x01\x00\x37\x00\x09\x01\x33\x01\x01\x00\x11\x00"
  "\x09\x02\x33\x01\x01\x00\x11\x00\x09\x03\x33\x01\x01\x00\x11\x00\x09\x04\x33\x01"
  "\x01\x00\x11\x00\x09\x05\x33\x01\x01\x00\x03\x00\x09\x06\x33\x01\x01\x00\x04\x00"
  "\x09\x00\x33\x02\x00\x00\x37\x00\x09\x01\x33\x02\x00\x00\x11\x00\x09\x02\x33\x02"
  "\x00\x00\x11\x00\x09\x03\x33\x02\x00\x00\x11\x00\x09\x04\x33\x02\x00\x00\x11\x00"
  "\x09\x05\x33\x02\x00\x00\x03\x00\x09\x06\x33\x02\x00\x00\x04\x00\x09\x00\x33\x02"
  "\x01\x00\x37\x00\x09\x01\x33\x02\x01\x00\x11\x00\x09\x02\x33\x02\x01\x00\x11\x00"
  "\x09\x03\x33\x02\x01\x00\x11\x00\x09\x04\x33\x02\x01\x00\x11\x00\x09\x05\x33\x02"
  "\x01\x00\x03\x00\x09\x06\x33\x02\x01\x00\x04\x00\x09\x00\x34\x00\x00\x00\x37\x00"
  "\x09\x01\x34\x00\x00\x00\x11\x00\x09\x02\x34\x00\x00\x00\x11\x00\x09\x03\x34\x00"
  "\x00\x00\x11\x00\x09\x04\x34\x00\x00\x00\x11\x00\x09\x05\x34\x00\x00\x00\x03\x00"
  "\x09\x06\x34\x00\x00\x00\x04\x00\x09\x00\x34\x00\x01\x00\x37\x00\x09\x01\x34\x00"
  "\x01\x00\x11\x00\x09\x02\x34\x00\x01\x00\x11\x00\x09\x03\x34\x00\x01\x00\x11\x00"
  "\x09\x04\x34\x00\x01\x00\x11\x00\x09\x05\x34\x00\x01\x00\x03\x00\x09\x06\x34\x00"
  "\x01\x00\x04\x00\x09\x00\x34\x01\x00\x00\x37\x00\x09\x01\x34\x01\x00\x00\x11\x00"
  "\x09\x02\x34\x01\x00\x00\x11\x00\x09\x03\x34\x01\x00\x00\x11\x00\x09\x04\x34\x01"
  "\x00\x00\x11\x00\x09\x05\x34\x01\x00\x00\x03\x00\x09\x06\x34\x01\x00\x00\x04\x00"
  "\x09\x00\x34\x01\x01\x00\x37\x00\x09\x01\x34\x01\x01\x00\x11\x00\x09\x02\x34\x01"
  "\x01\x00\x11\x00\x09\x03\x34\x01\x01\x00\x11\x00\x09\x04\x34\x01\x01\x00\x11\x00"
  "\x09\x05\x34\x01\x01\x00\x03\x00\x09\x06\x34\x01\x01\x00\x04\x00\x09\x00\x34\x02"
  "\x00\x00\x37\x00\x09\x01\x34\x02\x00\x00\x11\x00\x09\x02\x34\x02\x00\x00\x11\x00"
  "\x09\x03\x34\x02\x00\x00\x11\x00\x09\x04\x34\x02\x00\x00\x11\x00\x09\x05\x34\x02"
  "\x00\x00\x03\x00\x09\x06\x34\x02\x00\x00\x04\x00\x09\x00\x34\x02\x01\x00\x37\x00"
  "\x09\x01\x34\x02\x01\x00\x11\x00\x09\x02\x34\x02\x01\x00\x11\x00\x09\x03\x34\x02"
  "\x01\x00\x11\x00\x09\x04\x34\x02\x01\x00\x11\x00\x09\x05\x34\x02\x01\x00\x03\x00"
  "\x09\x06\x34\x02\x01\x00\x04\x00\x09\x00\x35\x00\x00\x00\x37\x00\x09\x01\x35\x00"
  "\x00\x00\x11\x00\x09\x02\x35\x00\x00\x00\x11\x00\x09\x03\x35\x00\x00\x00\x11\x00"
  "\x09\x04\x35\x00\x00\x00\x11\x00\x09\x05\x35\x00\x00\x00\x03\x00\x09\x06\x35\x00"
  "\x00\x00\x04\x00\x09\x00\x35\x00\x01\x00\x37\x00\x09\x01\x35\x00\x01\x00\x11\x00"
  "\x09\x02\x35\x00\x01\x00\x11\x00\x09\x03\x35\x00\x01\x00\x11\x00\x09\x04\x35\x00"
  "\x01\x00\x11\x00\x09\x05\x35\x00\x01\x00\x03\x00\x09\x06\x35\x00\x01\x00\x04\x00"
  "\x09\x00\x35\x01\x00\x00\x37\x00\x09\x01\x35\x01\x00\x00\x11\x00\x09\x02\x35\x01"
  "\x00\x00\x11\x00\x09\x03\x35\x01\x00\x00\x11\x00\x09\x04\x35\x01\x00\x00\x11\x00"
  "\x09\x05\x35\x01\x00\x00\x03\x00\x09\x06\x35\x01\x00\x00\x04\x00\x09\x00\x35\x01"
  "\x01\x00\x37\x00\x09\x01\x35\x01\x01\x00\x11\x00\x09\x02\x35\x01\x01\x00\x11\x00"
  "\x09\x03\x35\x01\x01\x00\x11\x00\x09\x04\x35\x01\x01\x00\x11\x00\x09\x05\x35\x01"
  "\x01\x00\x03\x00\x09\x06\x35\x01\x01\x00\x04\x00\x09\x00\x35\x02\x00\x00\x37\x00"
  "\x09\x01\x35\x02\x00\x00\x11\x00\x09\x02\x35\x02\x00\x00\x11\x00\x09\x03\x35\x02"
  "\x00\x00\x11\x00\x09\x04\x35\x02\x00\x00\x11\x00\x09\x05\x35\x02\x00\x00\x03\x00"
  "\x09\x06\x35\x02\x00\x00\x04\x00\x09\x00\x35\x02\x01\x00\x37\x00\x09\x01\x35\x02"
  "\x01\x00\x11\x00\x09\x02\x35\x02\x01\x00\x11\x00\x09\x03\x35\x02\x01\x00\x11\x00"
  "\x09\x04\x35\x02\x01\x00\x11\x00\x09\x05\x35\x02\x01\x00\x03\x00\x09\x06\x35\x02"
  "\x01\x00\x04\x00\x09\x00\x36\x00\x00\x00\x37\x00\x09\x01\x36\x00\x00\x00\x11\x00"
  "\x09\x02\x36\x00\x00\x00\x11\x00\x09\x03\x36\x00\x00\x00\x11\x00\x09\x04\x36\x00"
  "\x00\x00\x11\x00\x09\x05\x36\x00\x00\x00\x03\x00\x09\x06\x36\x00\x00\x00\x04\x00"
  "\x09\x00\x36\x00\x01\x00\x37\x00\x09\x01\x36\x00\x01\x00\x11\x00\x09\x02\x36\x00"
  "\x01\x00\x11\x00\x09\x03\x36\x00\x01\x00\x11\x00\x09\x04\x36\x00\x01\x00\x11\x00"
  "\x09\x05\x36\x00\x01\x00\x03\x00\x09\x06\x36\x00\x01\x00\x04\x00\x09\x00\x36\x01"
  "\x00\x00\x37\x00\x09\x01\x36\x01\x00\x00\x11\x00\x09\x02\x36\x01\x00\x00\x11\x00"
  "\x09\x03\x36\x01\x00\x00\x11\x00\x09\x04\x36\x01\x00\x00\x11\x00\x09\x05\x36\x01"
  "\x00\x00\x03\x00\x09\x06\x36\x01\x00\x00\x04\x00\x09\x00\x36\x01\x01\x00\x37\x00"
  "\x09\x01\x36\x01\x01\x00\x11\x00\x09\x02\x36\x01\x01\x00\x11\x00\x09\x03\x36\x01"
  "\x01\x00\x11\x00\x09\x04\x36\x01\x01\x00\x11\x00\x09\x05\x36\x01\x01\x00\x03\x00"
  "\x09\x06\x36\x01\x01\x00\x04\x00\x09\x00\x36\x02\x00\x00\x37\x00\x09\x01\x36\x02"
  "\x00\x00\x11\x00\x09\x02\x36\x02\x00\x00\x11\x00\x09\x03\x36\x02\x00\x00\x11\x00"
  "\x09\x04\x36\x02\x00\x00\x11\x00\x09\x05\x36\x02\x00\x00\x03\x00\x09\x06\x36\x02"
  "\x00\x00\x04\x00\x09\x00\x36\x02\x01\x00\x37\x00\x09\x01\x36\x02\x01\x00\x11\x00"
  "\x09\x02\x36\x02\x01\x00\x11\x00\x09\x03\x36\x02\x01\x00\x11\x00\x09\x04\x36\x02"
  "\x01\x00\x11\x00\x09\x05\x36\x02\x01\x00\x03\x00\x09\x06\x36\x02\x01\x00\x04\x00"
  "\x09\x00\x37\x00\x00\x00\x37\x00\x09\x01\x37\x00\x00\x00\x11\x00\x09\x02\x37\x00"
  "\x00\x00\x11\x00\x09\x03\x37\x00\x00\x00\x11\x00\x09\x04\x37\x00\x00\x00\x11\x00"
  "\x09\x05\x37\x00\x00\x00\x03\x00\x09\x06\x37\x00\x00\x00\x04\x00\x09\x00\x37\x00"
  "\x01\x00\x37\x00\x09\x01\x37\x00\x01\x00\x11\x00\x09\x02\x37\x00\x01\x00\x11\x00"
  "\x09\x03\x37\x00\x01\x00\x11\x00\x09\x04\x37\x00\x01\x00\x11\x00\x09\x05\x37\x00"
  "\x01\x00\x03\x00\x09\x06\x37\x00\x01\x00\x04\x00\x09\x00\x37\x01\x00\x00\x37\x00"
  "\x09\x01\x37\x01\x00\x00\x11\x00\x09\x02\x37\x01\x00\x00\x11\x00\x09\x03\x37\x01"
  "\x00\x00\x11\x00\x09\x04\x37\x01\x00\x00\x11\x00\x09\x05\x37\x01\x00\x00\x03\x00"
  "\x09\x06\x37\x01\x00\x00\x04\x00\x09\x00\x37\x01\x01\x00\x37\x00\x09\x01\x37\x01"
  "\x01\x00\x11\x00\x09\x02\x37\x01\x01\x00\x11\x00\x09\x03\x37\x01\x01\x00\x11\x00"
  "\x09\x04\x37\x01\x01\x00\x11\x00\x09\x05\x37\x01\x01\x00\x03\x00\x09\x06\x37\x01"
  "\x01\x00\x04\x00\x09\x00\x37\x02\x00\x00\x37\x00\x09\x01\x37\x02\x00\x00\x11\x00"
  "\x09\x02\x37\x02\x00\x00\x11\x00\x09\x03\x37\x02\x00\x00\x11\x00\x09\x04\x37\x02"
  "\x00\x00\x11\x00\x09\x05\x37\x02\x00\x00\x03\x00\x09\x06\x37\x02\x00\x00\x04\x00"
  "\x09\x00\x37\x02\x01\x00\x37\x00\x09\x01\x37\x02\x01\x00\x11\x00\x09\x02\x37\x02"
  "\x01\x00\x11\x00\x09\x03\x37\x02\x01\x00\x11\x00\x09\x04\x37\x02\x01\x00\x11\x00"
  "\x09\x05\x37\x02\x01\x00\x03\x00\x09\x06\x37\x02\x01\x00\x04\x00\x09\x00\x38\x00"
  "\x00\x00\x37\x00\x09\x01\x38\x00\x00\x00\x11\x00\x09\x02\x38\x00\x00\x00\x11\x00"
  "\x09\x03\x38\x00\x00\x00\x11\x00\x09\x04\x38\x00\x00\x00\x11\x00\x09\x05\x38\x00"
  "\x00\x00\x03\x00\x09\x06\x38\x00\x00\x00\x04\x00\x09\x00\x38\x00\x01\x00\x37\x00"
  "\x09\x01\x38\x00\x01\x00\x11\x00\x09\x02\x38\x00\x01\x00\x11\x00\x09\x03\x38\x00"
  "\x01\x00\x11\x00\x09\x04\x38\x00\x01\x00\x11\x00\x09\x05\x38\x00\x01\x00\x03\x00"
  "\x09\x06\x38\x00\x01\x00\x04\x00\x09\x00\x38\x01\x00\x00\x37\x00\x09\x01\x38\x01"
  "\x00\x00\x11\x00\x09\x02\x38\x01\x00\x00\x11\x00\x09\x03\x38\x01\x00\x00\x11\x00"
  "\x09\x04\x38\x01\x00\x00\x11\x00\x09\x05\x38\x01\x00\x00\x03\x00\x09\x06\x38\x01"
  "\x00\x00\x04\x00\x09\x00\x38\x01\x01\x00\x37\x00\x09\x01\x38\x01\x01\x00\x11\x00"
  "\x09\x02\x38\x01\x01\x00\x11\x00\x09\x03\x38\x01\x01\x00\x11\x00\x09\x04\x38\x01"
  "\x01\x00\x11\x00\x09\x05\x38\x01\x01\x00\x03\x00\x09\x06\x38\x01\x01\x00\x04\x00"
  "\x09\x00\x38\x02\x00\x00\x37\x00\x09\x01\x38\x02\x00\x00\x11\x00\x09\x02\x38\x02"
  "\x00\x00\x11\x00\x09\x03\x38\x02\x00\x00\x11\x00\x09\x04\x38\x02\x00\x00\x11\x00"
  "\x09\x05\x38\x02\x00\x00\x03\x00\x09\x06\x38\x02\x00\x00\x04\x00\x09\x00\x38\x02"
  "\x01\x00\x37\x00\x09\x01\x38\x02\x01\x00\x11\x00\x09\x02\x38\x02\x01\x00\x11\x00"
  "\x09\x03\x38\x02\x01\x00\x11\x00\x09\x04\x38\x02\x01\x00\x11\x00\x09\x05\x38\x02"
  "\x01\x00\x03\x00\x09\x06\x38\x02\x01\x00\x04\x00\x09\x00\x39\x00\x00\x00\x37\x00"
  "\x09\x01\x39\x00\x00\x00\x11\x00\x09\x02\x39\x00\x00\x00\x11\x00\x09\x03\x39\x00"
  "\x00\x00\x11\x00\x09\x04\x39\x00\x00\x00\x11\x00\x09\x05\x39\x00\x00\x00\x03\x00"
  "\x09\x06\x39\x00\x00\x00\x04\x00\x09\x00\x39\x00\x01\x00\x37\x00\x09\x01\x39\x00"
  "\x01\x00\x11\x00\x09\x02\x39\x00\x01\x00\x11\x00\x09\x03\x39\x00\x01\x00\x11\x00"
  "\x09\x04\x39\x00\x01\x00\x11\x00\x09\x05\x39\x00\x01\x00\x03\x00\x09\x06\x39\x00"
  "\x01\x00\x04\x00\x09\x00\x39\x01\x00\x00\x37\x00\x09\x01\x39\x01\x00\x00\x11\x00"
  "\x09\x02\x39\x01\x00\x00\x11\x00\x09\x03\x39\x01\x00\x00\x11\x00\x09\x04\x39\x01"
  "\x00\x00\x11\x00\x09\x05\x39\x01\x00\x00\x03\x00\x09\x06\x39\x01\x00\x00\x04\x00"
  "\x09\x00\x39\x01\x01\x00\x37\x00\x09\x01\x39\x01\x01\x00\x11\x00\x09\x02\x39\x01"
  "\x01\x00\x11\x00\x09\x03\x39\x01\x01\x00\x11\x00\x09\x04\x39\x01\x01\x00\x11\x00"
  "\x09\x05\x39\x01\x01\x00\x03\x00\x09\x06\x39\x01\x01\x00\x04\x00\x09\x00\x39\x02"
  "\x00\x00\x37\x00\x09\x01\x39\x02\x00\x00\x11\x00\x09\x02\x39\x02\x00\x00\x11\x00"
  "\x09\x03\x39\x02\x00\x00\x11\x00\x09\x04\x39\x02\x00\x00\x11\x00\x09\x05\x39\x02"
  "\x00\x00\x03\x00\x09\x06\x39\x02\x00\x00\x04\x00\x09\x00\x39\x02\x01\x00\x37\x00"
  "\x09\x01\x39\x02\x01\x00\x11\x00\x09\x02\x39\x02\x01\x00\x11\x00\x09\x03\x39\x02"
  "\x01\x00\x11\x00\x09\x04\x39\x02\x01\x00\x11\x00\x09\x05\x39\x02\x01\x00\x03\x00"
  "\x09\x06\x39\x02\x01\x00\x04\x00\x09\x00\x3a\x00\x00\x00\x37\x00\x09\x01\x3a\x00"
  "\x00\x00\x11\x00\x09\x02\x3a\x00\x00\x00\x11\x00\x09\x03\x3a\x00\x00\x00\x11\x00"
  "\x09\x04\x3a\x00\x00\x00\x11\x00\x09\x05\x3a\x00\x00\x00\x03\x00\x09\x06\x3a\x00"
  "\x00\x00\x04\x00\x09\x00\x3a\x00\x01\x00\x37\x00\x09\x01\x3a\x00\x01\x00\x11\x00"
  "\x09\x02\x3a\x00\x01\x00\x11\x00\x09\x03\x3a\x00\x01\x00\x11\x00\x09\x04\x3a\x00"
  "\x01\x00\x11\x00\x09\x05\x3a\x00\x01\x00\x03\x00\x09\x06\x3a\x00\x01\x00\x04\x00"
  "\x09\x00\x3a\x01\x00\x00\x37\x00\x09\x01\x3a\x01\x00\x00\x11\x00\x09\x02\x3a\x01"
  "\x00\x00\x11\x00\x09\x03\x3a\x01\x00\x00\x11\x00\x09\x04\x3a\x01\x00\x00\x11\x00"
  "\x09\x05\x3a\x01\x00\x00\x03\x00\x09\x06\x3a\x01\x00\x00\x04\x00\x09\x00\x3a\x01"
  "\x01\x00\x37\x00\x09\x01\x3a\x01\x01\x00\x11\x00\x09\x02\x3a\x01\x01\x00\x11\x00"
  "\x09\x03\x3a\x01\x01\x00\x11\x00\x09\x04\x3a\x01\x01\x00\x11\x00\x09\x05\x3a\x01"
  "\x01\x00\x03\x00\x09\x06\x3a\x01\x01\x00\x04\x00\x09\x00\x3a\x02\x00\x00\x37\x00"
  "\x09\x01\x3a\x02\x00\x00\x11\x00\x09\x02\x3a\x02\x00\x00\x11\x00\x09\x03\x3a\x02"
  "\x00\x00\x11\x00\x09\x04\x3a\x02\x00\x00\x11\x00\x09\x05\x3a\x02\x00\x00\x03\x00"
  "\x09\x06\x3a\x02\x00\x00\x04\x00\x09\x00\x3a\x02\x01\x00\x37\x00\x09\x01\x3a\x02"
  "\x01\x00\x11\x00\x09\x02\x3a\x02\x01\x00\x11\x00\x09\x03\x3a\x02\x01\x00\x11\x00"
  "\x09\x04\x3a\x02\x01\x00\x11\x00\x09\x05\x3a\x02\x01\x00\x03\x00\x09\x06\x3a\x02"
  "\x01\x00\x04\x00\x09\x00\x3b\x00\x00\x00\x37\x00\x09\x01\x3b\x00\x00\x00\x11\x00"
  "\x09\x02\x3b\x00\x00\x00\x11\x00\x09\x03\x3b\x00\x00\x00\x11\x00\x09\x04\x3b\x00"
  "\x00\x00\x11\x00\x09\x05\x3b\x00\x00\x00\x03\x00\x09\x06\x3b\x00\x00\x00\x04\x00"
  "\x09\x00\x3b\x00\x01\x00\x37\x00\x09\x01\x3b\x00\x01\x00\x11\x00\x09\x02\x3b\x00"
  "\x01\x00\x11\x00\x09\x03\x3b\x00\x01\x00\x11\x00\x09\x04\x3b\x00\x01\x00\x11\x00"
  "\x09\x05\x3b\x00\x01\x00\x03\x00\x09\x06\x3b\x00\x01\x00\x04\x00\x09\x00\x3b\x01"
  "\x00\x00\x37\x00\x09\x01\x3b\x01\x00\x00\x11\x00\x09\x02\x3b\x01\x00\x00\x11\x00"
  "\x09\x03\x3b\x01\x00\x00\x11\x00\x09\x04\x3b\x01\x00\x00\x11\x00\x09\x05\x3b\x01"
  "\x00\x00\x03\x00\x09\x06\x3b\x01\x00\x00\x04\x00\x09\x00\x3b\x01\x01\x00\x37\x00"
  "\x09\x01\x3b\x01\x01\x00\x11\x00\x09\x02\x3b\x01\x01\x00\x11\x00\x09\x03\x3b\x01"
  "\x01\x00\x11\x00\x09\x04\x3b\x01\x01\x00\x11\x00\x09\x05\x3b\x01\x01\x00\x03\x00"
  "\x09\x06\x3b\x01\x01\x00\x04\x00\x09\x00\x3b\x02\x00\x00\x37\x00\x09\x01\x3b\x02"
  "\x00\x00\x11\x00\x09\x02\x3b\x02\x00\x00\x11\x00\x09\x03\x3b\x02\x00\x00\x11\x00"
  "\x09\x04\x3b\x02\x00\x00\x11\x00\x09\x05\x3b\x02\x00\x00\x03\x00\x09\x06\x3b\x02"
  "\x00\x00\x04\x00\x09\x00\x3b\x02\x01\x00\x37\x00\x09\x01\x3b\x02\x01\x00\x11\x00"
  "\x09\x02\x3b\x02\x01\x00\x11\x00\x09\x03\x3b\x02\x01\x00\x11\x00\x09\x04\x3b\x02"
  "\x01\x00\x11\x00\x09\x05\x3b\x02\x01\x00\x03\x00\x09\x06\x3b\x02\x01\x00\x04\x00"
  "\x09\x00\x3c\x00\x00\x00\x37\x00\x09\x01\x3c\x00\x00\x00\x11\x00\x09\x02\x3c\x00"
  "\x00\x00\x11\x00\x09\x03\x3c\x00\x00\x00\x11\x00\x09\x04\x3c\x00\x00\x00\x11\x00"
  "\x09\x05\x3c\x00\x00\x00\x03\x00\x09\x06\x3c\x00\x00\x00\x04\x00\x09\x00\x3c\x00"
  "\x01\x00\x37\x00\x09\x01\x3c\x00\x01\x00\x11\x00\x09\x02\x3c\x00\x01\x00\x11\x00"
  "\x09\x03\x3c\x00\x01\x00\x11\x00\x09\x04\x3c\x00\x01\x00\x11\x00\x09\x05\x3c\x00"
  "\x01\x00\x03\x00\x09\x06\x3c\x00\x01\x00\x04\x00\x09\x00\x3c\x01\x00\x00\x37\x00"
  "\x09\x01\x3c\x01\x00\x00\x11\x00\x09\x02\x3c\x01\x00\x00\x11\x00\x09\x03\x3c\x01"
  "\x00\x00\x11\x00\x09\x04\x3c\x01\x00\x00\x11\x00\x09\x05\x3c\x01\x00\x00\x03\x00"
  "\x09\x06\x3c\x01\x00\x00\x04\x00\x09\x00\x3c\x01\x01\x00\x37\x00\x09\x01\x3c\x01"
  "\x01\x00\x11\x00\x09\x02\x3c\x01\x01\x00\x11\x00\x09\x03\x3c\x01\x01\x00\x11\x00"
  "\x09\x04\x3c\x01\x01\x00\x11\x00\x09\x05\x3c\x01\x01\x00\x03\x00\x09\x06\x3c\x01"
  "\x01\x00\x04\x00\x09\x00\x3c\x02\x00\x00\x37\x00\x09\x01\x3c\x02\x00\x00\x11\x00"
  "\x09\x02\x3c\x02\x00\x00\x11\x00\x09\x03\x3c\x02\x00\x00\x11\x00\x09\x04\x3c\x02"
  "\x00\x00\x11\x00\x09\x05\x3c\x02\x00\x00\x03\x00\x09\x06\x3c\x02\x00\x00\x04\x00"
  "\x09\x00\x3c\x02\x01\x00\x37\x00\x09\x01\x3c\x02\x01\x00\x11\x00\x09\x02\x3c\x02"
  "\x01\x00\x11\x00\x09\x03\x3c\x02\x01\x00\x11\x00\x09\x04\x3c\x02\x01\x00\x11\x00"
  "\x09\x05\x3c\x02\x01\x00\x03\x00\x09\x06\x3c\x02\x01\x00\x04\x00\x09\x00\x3d\x00"
  "\x00\x00\x37\x00\x09\x01\x3d\x00\x00\x00\x11\x00\x09\x02\x3d\x00\x00\x00\x11\x00"
  "\x09\x03\x3d\x00\x00\x00\x11\x00\x09\x04\x3d\x00\x00\x00\x11\x00\x09\x05\x3d\x00"
  "\x00\x00\x03\x00\x09\x06\x3d\x00\x00\x00\x04\x00\x09\x00\x3d\x00\x01\x00\x37\x00"
  "\x09\x01\x3d\x00\x01\x00\x11\x00\x09\x02\x3d\x00\x01\x00\x11\x00\x09\x03\x3d\x00"
  "\x01\x00\x11\x00\x09\x04\x3d\x00\x01\x00\x11\x00\x09\x05\x3d\x00\x01\x00\x03\x00"
  "\x09\x06\x3d\x00\x01\x00\x04\x00\x09\x00\x3d\x01\x00\x00\x37\x00\x09\x01\x3d\x01"
  "\x00\x00\x11\x00\x09\x02\x3d\x01\x00\x00\x11\x00\x09\x03\x3d\x01\x00\x00\x11\x00"
  "\x09\x04\x3d\x01\x00\x00\x11\x00\x09\x05\x3d\x01\x00\x00\x03\x00\x09\x06\x3d\x01"
  "\x00\x00\x04\x00\x09\x00\x3d\x01\x01\x00\x37\x00\x09\x01\x3d\x01\x01\x00\x11\x00"
  "\x09\x02\x3d\x01\x01\x00\x11\x00\x09\x03\x3d\x01\x01\x00\x11\x00\x09\x04\x3d\x01"
  "\x01\x00\x11\x00\x09\x05\x3d\x01\x01\x00\x03\x00\x09\x06\x3d\x01\x01\x00\x04\x00"
  "\x09\x00\x3d\x02\x00\x00\x37\x00\x09\x01\x3d\x02\x00\x00\x11\x00\x09\x02\x3d\x02"
  "\x00\x00\x11\x00\x09\x03\x3d\x02\x00\x00\x11\x00\x09\x04\x3d\x02\x00\x00\x11\x00"
  "\x09\x05\x3d\x02\x00\x00\x03\x00\x09\x06\x3d\x02\x00\x00\x04\x00\x09\x00\x3d\x02"
  "\x01\x00\x37\x00\x09\x01\x3d\x02\x01\x00\x11\x00\x09\x02\x3d\x02\x01\x00\x11\x00"
  "\x09\x03\x3d\x02\x01\x00\x11\x00\x09\x04\x3d\x02\x01\x00\x11\x00\x09\x05\x3d\x02"
  "\x01\x00\x03\x00\x09\x06\x3d\x02\x01\x00\x04\x00\x09\x00\x3e\x00\x00\x00\x37\x00"
  "\x09\x01\x3e\x00\x00\x00\x11\x00\x09\x02\x3e\x00\x00\x00\x11\x00\x09\x03\x3e\x00"
  "\x00\x00\x11\x00\x09\x04\x3e\x00\x00\x00\x11\x00\x09\x05\x3e\x00\x00\x00\x03\x00"
  "\x09\x06\x3e\x00\x00\x00\x04\x00\x09\x00\x3e\x00\x01\x00\x37\x00\x09\x01\x3e\x00"
  "\x01\x00\x11\x00\x09\x02\x3e\x00\x01\x00\x11\x00\x09\x03\x3e\x00\x01\x00\x11\x00"
  "\x09\x04\x3e\x00\x01\x00\x11\x00\x09\x05\x3e\x00\x01\x00\x03\x00\x09\x06\x3e\x00"
  "\x01\x00\x04\x00\x09\x00\x3e\x01\x00\x00\x37\x00\x09\x01\x3e\x01\x00\x00\x11\x00"
  "\x09\x02\x3e\x01\x00\x00\x11\x00\x09\x03\x3e\x01\x00\x00\x11\x00\x09\x04\x3e\x01"
  "\x00\x00\x11\x00\x09\x05\x3e\x01\x00\x00\x03\x00\x09\x06\x3e\x01\x00\x00\x04\x00"
  "\x09\x00\x3e\x01\x01\x00\x37\x00\x09\x01\x3e\x01\x01\x00\x11\x00\x09\x02\x3e\x01"
  "\x01\x00\x11\x00\x09\x03\x3e\x01\x01\x00\x11\x00\x09\x04\x3e\x01\x01\x00\x11\x00"
  "\x09\x05\x3e\x01\x01\x00\x03\x00\x09\x06\x3e\x01\x01\x00\x04\x00\x09\x00\x3e\x02"
  "\x00\x00\x37\x00\x09\x01\x3e\x02\x00\x00\x11\x00\x09\x02\x3e\x02\x00\x00\x11\x00"
  "\x09\x03\x3e\x02\x00\x00\x11\x00\x09\x04\x3e\x02\x00\x00\x11\x00\x09\x05\x3e\x02"
  "\x00\x00\x03\x00\x09\x06\x3e\x02\x00\x00\x04\x00\x09\x00\x3e\x02\x01\x00\x37\x00"
  "\x09\x01\x3e\x02\x01\x00\x11\x00\x09\x02\x3e\x02\x01\x00\x11\x00\x09\x03\x3e\x02"
  "\x01\x00\x11\x00\x09\x04\x3e\x02\x01\x00\x11\x00\x09\x05\x3e\x02\x01\x00\x03\x00"
  "\x09\x06\x3e\x02\x01\x00\x04\x00\x09\x00\x3f\x00\x00\x00\x37\x00\x09\x01\x3f\x00"
  "\x00\x00\x11\x00\x09\x02\x3f\x00\x00\x00\x11\x00\x09\x03\x3f\x00\x00\x00\x11\x00"
  "\x09\x04\x3f\x00\x00\x00\x11\x00\x09\x05\x3f\x00\x00\x00\x03\x00\x09\x06\x3f\x00"
  "\x00\x00\x04\x00\x09\x00\x3f\x00\x01\x00\x37\x00\x09\x01\x3f\x00\x01\x00\x11\x00"
  "\x09\x02\x3f\x00\x01\x00\x11\x00\x09\x03\x3f\x00\x01\x00\x11\x00\x09\x04\x3f\x00"
  "\x01\x00\x11\x00\x09\x05\x3f\x00\x01\x00\x03\x00\x09\x06\x3f\x00\x01\x00\x04\x00"
  "\x09\x00\x3f\x01\x00\x00\x37\x00\x09\x01\x3f\x01\x00\x00\x11\x00\x09\x02\x3f\x01"
  "\x00\x00\x11\x00\x09\x03\x3f\x01\x00\x00\x11\x00\x09\x04\x3f\x01\x00\x00\x11\x00"
  "\x09\x05\x3f\x01\x00\x00\x03\x00\x09\x06\x3f\x01\x00\x00\x04\x00\x09\x00\x3f\x01"
  "\x01\x00\x37\x00\x09\x01\x3f\x01\x01\x00\x11\x00\x09\x02\x3f\x01\x01\x00\x11\x00"
  "\x09\x03\x3f\x01\x01\x00\x11\x00\x09\x04\x3f\x01\x01\x00\x11\x00\x09\x05\x3f\x01"
  "\x01\x00\x03\x00\x09\x06\x3f\x01\x01\x00\x04\x00\x09\x00\x3f\x02\x00\x00\x37\x00"
  "\x09\x01\x3f\x02\x00\x00\x11\x00\x09\x02\x3f\x02\x00\x00\x11\x00\x09\x03\x3f\x02"
  "\x00\x00\x11\x00\x09\x04\x3f\x02\x00\x00\x11\x00\x09\x05\x3f\x02\x00\x00\x03\x00"
  "\x09\x06\x3f\x02\x00\x00\x04\x00\x09\x00\x3f\x02\x01\x00\x37\x00\x09\x01\x3f\x02"
  "\x01\x00\x11\x00\x09\x02\x3f\x02\x01\x00\x11\x00\x09\x03\x3f\x02\x01\x00\x11\x00"
  "\x09\x04\x3f\x02\x01\x00\x11\x00\x09\x05\x3f\x02\x01\x00\x03\x00\x09\x06\x3f\x02"
  "\x01\x00\x04\x00\x09\x00\x40\x00\x00\x00\x37\x00\x09\x01\x40\x00\x00\x00\x11\x00"
  "\x09\x02\x40\x00\x00\x00\x11\x00\x09\x03\x40\x00\x00\x00\x11\x00\x09\x04\x40\x00"
  "\x00\x00\x11\x00\x09\x05\x40\x00\x00\x00\x03\x00\x09\x06\x40\x00\x00\x00\x04\x00"
  "\x09\x00\x40\x00\x01\x00\x37\x00\x09\x01\x40\x00\x01\x00\x11\x00\x09\x02\x40\x00"
  "\x01\x00\x11\x00\x09\x03\x40\x00\x01\x00\x11\x00\x09\x04\x40\x00\x01\x00\x11\x00"
  "\x09\x05\x40\x00\x01\x00\x03\x00\x09\x06\x40\x00\x01\x00\x04\x00\x09\x00\x40\x01"
  "\x00\x00\x37\x00\x09\x01\x40\x01\x00\x00\x11\x00\x09\x02\x40\x01\x00\x00\x11\x00"
  "\x09\x03\x40\x01\x00\x00\x11\x00\x09\x04\x40\x01\x00\x00\x11\x00\x09\x05\x40\x01"
  "\x00\x00\x03\x00\x09\x06\x40\x01\x00\x00\x04\x00\x09\x00\x40\x01\x01\x00\x37\x00"
  "\x09\x01\x40\x01\x01\x00\x11\x00\x09\x02\x40\x01\x01\x00\x11\x00\x09\x03\x40\x01"
  "\x01\x00\x11\x00\x09\x04\x40\x01\x01\x00\x11\x00\x09\x05\x40\x01\x01\x00\x03\x00"
  "\x09\x06\x40\x01\x01\x00\x04\x00\x09\x00\x40\x02\x00\x00\x37\x00\x09\x01\x40\x02"
  "\x00\x00\x11\x00\x09\x02\x40\x02\x00\x00\x11\x00\x09\x03\x40\x02\x00\x00\x11\x00"
  "\x09\x04\x40\x02\x00\x00\x11\x00\x09\x05\x40\x02\x00\x00\x03\x00\x09\x06\x40\x02"
  "\x00\x00\x04\x00\x09\x00\x40\x02\x01\x00\x37\x00\x09\x01\x40\x02\x01\x00\x11\x00"
  "\x09\x02\x40\x02\x01\x00\x11\x00\x09\x03\x40\x02\x01\x00\x11\x00\x09\x04\x40\x02"
  "\x01\x00\x11\x00\x09\x05\x40\x02\x01\x00\x03\x00\x09\x06\x40\x02\x01\x00\x04\x00"
  "\x09\x00\x41\x00\x00\x00\x37\x00\x09\x01\x41\x00\x00\x00\x11\x00\x09\x02\x41\x00"
  "\x00\x00\x11\x00\x09\x03\x41\x00\x00\x00\x11\x00\x09\x04\x41\x00\x00\x00\x11\x00"
  "\x09\x05\x41\x00\x00\x00\x03\x00\x09\x06\x41\x00\x00\x00\x04\x00\x09\x00\x41\x00"
  "\x01\x00\x37\x00\x09\x01\x41\x00\x01\x00\x11\x00\x09\x02\x41\x00\x01\x00\x11\x00"
  "\x09\x03\x41\x00\x01\x00\x11\x00\x09\x04\x41\x00\x01\x00\x11\x00\x09\x05\x41\x00"
  "\x01\x00\x03\x00\x09\x06\x41\x00\x01\x00\x04\x00\x09\x00\x41\x01\x00\x00\x37\x00"
  "\x09\x01\x41\x01\x00\x00\x11\x00\x09\x02\x41\x01\x00\x00\x11\x00\x09\x03\x41\x01"
  "\x00\x00\x11\x00\x09\x04\x41\x01\x00\x00\x11\x00\x09\x05\x41\x01\x00\x00\x03\x00"
  "\x09\x06\x41\x01\x00\x00\x04\x00\x09\x00\x41\x01\x01\x00\x37\x00\x09\x01\x41\x01"
  "\x01\x00\x11\x00\x09\x02\x41\x01\x01\x00\x11\x00\x09\x03\x41\x01\x01\x00\x11\x00"
  "\x09\x04\x41\x01\x01\x00\x11\x00\x09\x05\x41\x01\x01\x00\x03\x00\x09\x06\x41\x01"
  "\x01\x00\x04\x00\x09\x00\x41\x02\x00\x00\x37\x00\x09\x01\x41\x02\x00\x00\x11\x00"
  "\x09\x02\x41\x02\x00\x00\x11\x00\x09\x03\x41\x02\x00\x00\x11\x00\x09\x04\x41\x02"
  "\x00\x00\x11\x00\x09\x05\x41\x02\x00\x00\x03\x00\x09\x06\x41\x02\x00\x00\x04\x00"
  "\x09\x00\x41\x02\x01\x00\x37\x00\x09\x01\x41\x02\x01\x00\x11\x00\x09\x02\x41\x02"
  "\x01\x00\x11\x00\x09\x03\x41\x02\x01\x00\x11\x00\x09\x04\x41\x02\x01\x00\x11\x00"
  "\x09\x05\x41\x02\x01\x00\x03\x00\x09\x06\x41\x02\x01\x00\x04\x00\x09\x00\x42\x00"
  "\x00\x00\x37\x00\x09\x01\x42\x00\x00\x00\x11\x00\x09\x02\x42\x00\x00\x00\x11\x00"
  "\x09\x03\x42\x00\x00\x00\x11\x00\x09\x04\x42\x00\x00\x00\x11\x00\x09\x05\x42\x00"
  "\x00\x00\x03\x00\x09\x06\x42\x00\x00\x00\x04\x00\x09\x00\x42\x00\x01\x00\x37\x00"
  "\x09\x01\x42\x00\x01\x00\x11\x00\x09\x02\x42\x00\x01\x00\x11\x00\x09\x03\x42\x00"
  "\x01\x00\x11\x00\x09\x04\x42\x00\x01\x00\x11\x00\x09\x05\x42\x00\x01\x00\x03\x00"
  "\x09\x06\x42\x00\x01\x00\x04\x00\x09\x00\x42\x01\x00\x00\x37\x00\x09\x01\x42\x01"
  "\x00\x00\x11\x00\x09\x02\x42\x01\x00\x00\x11\x00\x09\x03\x42\x01\x00\x00\x11\x00"
  "\x09\x04\x42\x01\x00\x00\x11\x00\x09\x05\x42\x01\x00\x00\x03\x00\x09\x06\x42\x01"
  "\x00\x00\x04\x00\x09\x00\x42\x01\x01\x00\x37\x00\x09\x01\x42\x01\x01\x00\x11\x00"
  "\x09\x02\x42\x01\x01\x00\x11\x00\x09\x03\x42\x01\x01\x00\x11\x00\x09\x04\x42\x01"
  "\x01\x00\x11\x00\x09\x05\x42\x01\x01\x00\x03\x00\x09\x06\x42\x01\x01\x00\x04\x00"
  "\x09\x00\x42\x02\x00\x00\x37\x00\x09\x01\x42\x02\x00\x00\x11\x00\x09\x02\x42\x02"
  "\x00\x00\x11\x00\x09\x03\x42\x02\x00\x00\x11\x00\x09\x04\x42\x02\x00\x00\x11\x00"
  "\x09\x05\x42\x02\x00\x00\x03\x00\x09\x06\x42\x02\x00\x00\x04\x00\x09\x00\x42\x02"
  "\x01\x00\x37\x00\x09\x01\x42\x02\x01\x00\x11\x00\x09\x02\x42\x02\x01\x00\x11\x00"
  "\x09\x03\x42\x02\x01\x00\x11\x00\x09\x04\x42\x02\x01\x00\x11\x00\x09\x05\x42\x02"
  "\x01\x00\x03\x00\x09\x06\x42\x02\x01\x00\x04\x00\x09\x00\x43\x00\x00\x00\x37\x00"
  "\x09\x01\x43\x00\x00\x00\x11\x00\x09\x02\x43\x00\x00\x00\x11\x00\x09\x03\x43\x00"
  "\x00\x00\x11\x00\x09\x04\x43\x00\x00\x00\x11\x00\x09\x05\x43\x00\x00\x00\x03\x00"
  "\x09\x06\x43\x00\x00\x00\x04\x00\x09\x00\x43\x00\x01\x00\x37\x00\x09\x01\x43\x00"
  "\x01\x00\x11\x00\x09\x02\x43\x00\x01\x00\x11\x00\x09\x03\x43\x00\x01\x00\x11\x00"
  "\x09\x04\x43\x00\x01\x00\x11\x00\x09\x05\x43\x00\x01\x00\x03\x00\x09\x06\x43\x00"
  "\x01\x00\x04\x00\x09\x00\x43\x01\x00\x00\x37\x00\x09\x01\x43\x01\x00\x00\x11\x00"
  "\x09\x02\x43\x01\x00\x00\x11\x00\x09\x03\x43\x01\x00\x00\x11\x00\x09\x04\x43\x01"
  "\x00\x00\x11\x00\x09\x05\x43\x01\x00\x00\x03\x00\x09\x06\x43\x01\x00\x00\x04\x00"
  "\x09\x00\x43\x01\x01\x00\x37\x00\x09\x01\x43\x01\x01\x00\x11\x00\x09\x02\x43\x01"
  "\x01\x00\x11\x00\x09\x03\x43\x01\x01\x00\x11\x00\x09\x04\x43\x01\x01\x00\x11\x00"
  "\x09\x05\x43\x01\x01\x00\x03\x00\x09\x06\x43\x01\x01\x00\x04\x00\x09\x00\x43\x02"
  "\x00\x00\x37\x00\x09\x01\x43\x02\x00\x00\x11\x00\x09\x02\x43\x02\x00\x00\x11\x00"
  "\x09\x03\x43\x02\x00\x00\x11\x00\x09\x04\x43\x02\x00\x00\x11\x00\x09\x05\x43\x02"
  "\x00\x00\x03\x00\x09\x06\x43\x02\x00\x00\x04\x00\x09\x00\x43\x02\x01\x00\x37\x00"
  "\x09\x01\x43\x02\x01\x00\x11\x00\x09\x02\x43\x02\x01\x00\x11\x00\x09\x03\x43\x02"
  "\x01\x00\x11\x00\x09\x04\x43\x02\x01\x00\x11\x00\x09\x05\x43\x02\x01\x00\x03\x00"
  "\x09\x06\x43\x02\x01\x00\x04\x00\x09\x00\x44\x00\x00\x00\x37\x00\x09\x01\x44\x00"
  "\x00\x00\x11\x00\x09\x02\x44\x00\x00\x00\x11\x00\x09\x03\x44\x00\x00\x00\x11\x00"
  "\x09\x04\x44\x00\x00\x00\x11\x00\x09\x05\x44\x00\x00\x00\x03\x00\x09\x06\x44\x00"
  "\x00\x00\x04\x00\x09\x00\x44\x00\x01\x00\x37\x00\x09\x01\x44\x00\x01\x00\x11\x00"
  "\x09\x02\x44\x00\x01\x00\x11\x00\x09\x03\x44\x00\x01\x00\x11\x00\x09\x04\x44\x00"
  "\x01\x00\x11\x00\x09\x05\x44\x00\x01\x00\x03\x00\x09\x06\x44\x00\x01\x00\x04\x00"
  "\x09\x00\x44\x01\x00\x00\x37\x00\x09\x01\x44\x01\x00\x00\x11\x00\x09\x02\x44\x01"
  "\x00\x00\x11\x00\x09\x03\x44\x01\x00\x00\x11\x00\x09\x04\x44\x01\x00\x00\x11\x00"
  "\x09\x05\x44\x01\x00\x00\x03\x00\x09\x06\x44\x01\x00\x00\x04\x00\x09\x00\x44\x01"
  "\x01\x00\x37\x00\x09\x01\x44\x01\x01\x00\x11\x00\x09\x02\x44\x01\x01\x00\x11\x00"
  "\x09\x03\x44\x01\x01\x00\x11\x00\x09\x04\x44\x01\x01\x00\x11\x00\x09\x05\x44\x01"
  "\x01\x00\x03\x00\x09\x06\x44\x01\x01\x00\x04\x00\x09\x00\x44\x02\x00\x00\x37\x00"
  "\x09\x01\x44\x02\x00\x00\x11\x00\x09\x02\x44\x02\x00\x00\x11\x00\x09\x03\x44\x02"
  "\x00\x00\x11\x00\x09\x04\x44\x02\x00\x00\x11\x00\x09\x05\x44\x02\x00\x00\x03\x00"
  "\x09\x06\x44\x02\x00\x00\x04\x00\x09\x00\x44\x02\x01\x00\x37\x00\x09\x01\x44\x02"
  "\x01\x00\x11\x00\x09\x02\x44\x02\x01\x00\x11\x00\x09\x03\x44\x02\x01\x00\x11\x00"
  "\x09\x04\x44\x02\x01\x00\x11\x00\x09\x05\x44\x02\x01\x00\x03\x00\x09\x06\x44\x02"
  "\x01\x00\x04\x00\x09\x00\x45\x00\x00\x00\x37\x00\x09\x01\x45\x00\x00\x00\x11\x00"
  "\x09\x02\x45\x00\x00\x00\x11\x00\x09\x03\x45\x00\x00\x00\x11\x00\x09\x04\x45\x00"
  "\x00\x00\x11\x00\x09\x05\x45\x00\x00\x00\x03\x00\x09\x06\x45\x00\x00\x00\x04\x00"
  "\x09\x00\x45\x00\x01\x00\x37\x00\x09\x01\x45\x00\x01\x00\x11\x00\x09\x02\x45\x00"
  "\x01\x00\x11\x00\x09\x03\x45\x00\x01\x00\x11\x00\x09\x04\x45\x00\x01\x00\x11\x00"
  "\x09\x05\x45\x00\x01\x00\x03\x00\x09\x06\x45\x00\x01\x00\x04\x00\x09\x00\x45\x01"
  "\x00\x00\x37\x00\x09\x01\x45\x01\x00\x00\x11\x00\x09\x02\x45\x01\x00\x00\x11\x00"
  "\x09\x03\x45\x01\x00\x00\x11\x00\x09\x04\x45\x01\x00\x00\x11\x00\x09\x05\x45\x01"
  "\x00\x00\x03\x00\x09\x06\x45\x01\x00\x00\x04\x00\x09\x00\x45\x01\x01\x00\x37\x00"
  "\x09\x01\x45\x01\x01\x00\x11\x00\x09\x02\x45\x01\x01\x00\x11\x00\x09\x03\x45\x01"
  "\x01\x00\x11\x00\x09\x04\x45\x01\x01\x00\x11\x00\x09\x05\x45\x01\x01\x00\x03\x00"
  "\x09\x06\x45\x01\x01\x00\x04\x00\x09\x00\x45\x02\x00\x00\x37\x00\x09\x01\x45\x02"
  "\x00\x00\x11\x00\x09\x02\x45\x02\x00\x00\x11\x00\x09\x03\x45\x02\x00\x00\x11\x00"
  "\x09\x04\x45\x02\x00\x00\x11\x00\x09\x05\x45\x02\x00\x00\x03\x00\x09\x06\x45\x02"
  "\x00\x00\x04\x00\x09\x00\x45\x02\x01\x00\x37\x00\x09\x01\x45\x02\x01\x00\x11\x00"
  "\x09\x02\x45\x02\x01\x00\x11\x00\x09\x03\x45\x02\x01\x00\x11\x00\x09\x04\x45\x02"
  "\x01\x00\x11\x00\x09\x05\x45\x02\x01\x00\x03\x00\x09\x06\x45\x02\x01\x00\x04\x00"
  "\x0a\x00\x00\x00\x00\x00\x00\x00\x0a\x01\x00\x00\x00\x00\x1d\x00\x0a\x02\x00\x00"
  "\x00\x00\x31\x00\x0a\x03\x00\x00\x00\x00\x00\x00\x0a\x04\x00\x00\x00\x00\x01\x00"
  "\x0a\x05\x00\x00\x00\x00\x02\x00\x0a\x06\x00\x00\x00\x00\x07\x00\x0a\x07\x00\x00"
  "\x00\x00\x03\x00\x0a\x08\x00\x00\x00\x00\x00\x00\x0a\x00\x00\x00\x01\x00\x01\x00"
  "\x0a\x01\x00\x00\x01\x00\x1d\x00\x0a\x02\x00\x00\x01\x00\x35\x00\x0a\x03\x00\x00"
  "\x01\x00\x08\x00\x0a\x04\x00\x00\x01\x00\x09\x00\x0a\x05\x00\x00\x01\x00\x0a\x00"
  "\x0a\x06\x00\x00\x01\x00\x08\x00\x0a\x07\x00\x00\x01\x00\x03\x00\x0a\x08\x00\x00"
  "\x01\x00\x01\x00\x0a\x00\x00\x01\x00\x00\x00\x00\x0a\x01\x00\x01\x00\x00\x1d\x00"
  "\x0a\x02\x00\x01\x00\x00\x01\x00\x0a\x03\x00\x01\x00\x00\x00\x00\x0a\x04\x00\x01"
  "\x00\x00\x01\x00\x0a\x05\x00\x01\x00\x00\x02\x00\x0a\x06\x00\x01\x00\x00\x07\x00"
  "\x0a\x07\x00\x01\x00\x00\x03\x00\x0a\x08\x00\x01\x00\x00\x00\x00\x0a\x00\x00\x01"
  "\x01\x00\x01\x00\x0a\x01\x00\x01\x01\x00\x1d\x00\x0a\x02\x00\x01\x01\x00\x01\x00"
  "\x0a\x03\x00\x01\x01\x00\x08\x00\x0a\x04\x00\x01\x01\x00\x09\x00\x0a\x05\x00\x01"
  "\x01\x00\x0a\x00\x0a\x06\x00\x01\x01\x00\x08\x00\x0a\x07\x00\x01\x01\x00\x03\x00"
  "\x0a\x08\x00\x01\x01\x00\x02\x00\x0a\x00\x00\x02\x00\x00\x02\x00\x0a\x01\x00\x02"
  "\x00\x00\x1d\x00\x0a\x02\x00\x02\x00\x00\x37\x00\x0a\x03\x00\x02\x00\x00\x04\x00"
  "\x0a\x04\x00\x02\x00\x00\x02\x00\x0a\x05\x00\x02\x00\x00\x05\x00\x0a\x06\x00\x02"
  "\x00\x00\x07\x00\x0a\x07\x00\x02\x00\x00\x03\x00\x0a\x08\x00\x02\x00\x00\x03\x00"
  "\x0a\x00\x00\x02\x01\x00\x02\x00\x0a\x01\x00\x02\x01\x00\x1d\x00\x0a\x02\x00\x02"
  "\x01\x00\x37\x00\x0a\x03\x00\x02\x01\x00\x08\x00\x0a\x04\x00\x02\x01\x00\x09\x00"
  "\x0a\x05\x00\x02\x01\x00\x0a\x00\x0a\x06\x00\x02\x01\x00\x08\x00\x0a\x07\x00\x02"
  "\x01\x00\x03\x00\x0a\x08\x00\x02\x01\x00\x03\x00\x0a\x00\x01\x00\x00\x00\x00\x00"
  "\x0a\x01\x01\x00\x00\x00\x42\x00\x0a\x02\x01\x00\x00\x00\x00\x00\x0a\x03\x01\x00"
  "\x00\x00\x00\x00\x0a\x04\x01\x00\x00\x00\x01\x00\x0a\x05\x01\x00\x00\x00\x02\x00"
  "\x0a\x06\x01\x00\x00\x00\x07\x00\x0a\x07\x01\x00\x00\x00\x03\x00\x0a\x08\x01\x00"
  "\x00\x00\x00\x00\x0a\x00\x01\x00\x01\x00\x01\x00\x0a\x01\x01\x00\x01\x00\x42\x00"
  "\x0a\x02\x01\x00\x01\x00\x32\x00\x0a\x03\x01\x00\x01\x00\x08\x00\x0a\x04\x01\x00"
  "\x01\x00\x09\x00\x0a\x05\x01\x00\x01\x00\x0a\x00\x0a\x06\x01\x00\x01\x00\x08\x00"
  "\x0a\x07\x01\x00\x01\x00\x03\x00\x0a\x08\x01\x00\x01\x00\x01\x00\x0a\x00\x01\x01"
  "\x00\x00\x00\x00\x0a\x01\x01\x01\x00\x00\x42\x00\x0a\x02\x01\x01\x00\x00\x02\x00"
  "\x0a\x03\x01\x01\x00\x00\x00\x00\x0a\x04\x01\x01\x00\x00\x01\x00\x0a\x05\x01\x01"
  "\x00\x00\x02\x00\x0a\x06\x01\x01\x00\x00\x07\x00\x0a\x07\x01\x01\x00\x00\x03\x00"
  "\x0a\x08\x01\x01\x00\x00\x00\x00\x0a\x00\x01\x01\x01\x00\x01\x00\x0a\x01\x01\x01"
  "\x01\x00\x42\x00\x0a\x02\x01\x01\x01\x00\x02\x00\x0a\x03\x01\x01\x01\x00\x08\x00"
  "\x0a\x04\x01\x01\x01\x00\x09\x00\x0a\x05\x01\x01\x01\x00\x0a\x00\x0a\x06\x01\x01"
  "\x01\x00\x08\x00\x0a\x07\x01\x01\x01\x00\x03\x00\x0a\x08\x01\x01\x01\x00\x02\x00"
  "\x0a\x00\x01\x02\x00\x00\x02\x00\x0a\x01\x01\x02\x00\x00\x42\x00\x0a\x02\x01\x02"
  "\x00\x00\x37\x00\x0a\x03\x01\x02\x00\x00\x04\x00\x0a\x04\x01\x02\x00\x00\x02\x00"
  "\x0a\x05\x01\x02\x00\x00\x05\x00\x0a\x06\x01\x02\x00\x00\x07\x00\x0a\x07\x01\x02"
  "\x00\x00\x03\x00\x0a\x08\x01\x02\x00\x00\x03\x00\x0a\x00\x01\x02\x01\x00\x02\x00"
  "\x0a\x01\x01\x02\x01\x00\x42\x00\x0a\x02\x01\x02\x01\x00\x37\x00\x0a\x03\x01\x02"
  "\x01\x00\x08\x00\x0a\x04\x01\x02\x01\x00\x09\x00\x0a\x05\x01\x02\x01\x00\x0a\x00"
  "\x0a\x06\x01\x02\x01\x00\x08\x00\x0a\x07\x01\x02\x01\x00\x03\x00\x0a\x08\x01\x02"
  "\x01\x00\x03\x00\x0a\x00\x02\x00\x00\x00\x00\x00\x0a\x01\x02\x00\x00\x00\x59\x00"
  "\x0a\x02\x02\x00\x00\x00\x14\x00\x0a\x03\x02\x00\x00\x00\x00\x00\x0a\x04\x02\x00"
  "\x00\x00\x01\x00\x0a\x05\x02\x00\x00\x00\x02\x00\x0a\x06\x02\x00\x00\x00\x07\x00"
  "\x0a\x07\x02\x00\x00\x00\x03\x00\x0a\x08\x02\x00\x00\x00\x00\x00\x0a\x00\x02\x00"
  "\x01\x00\x01\x00\x0a\x01\x02\x00\x01\x00\x59\x00\x0a\x02\x02\x00\x01\x00\x33\x00"
  "\x0a\x03\x02\x00\x01\x00\x08\x00\x0a\x04\x02\x00\x01\x00\x09\x00\x0a\x05\x02\x00"
  "\x01\x00\x0a\x00\x0a\x06\x02\x00\x01\x00\x08\x00\x0a\x07\x02\x00\x01\x00\x03\x00"
  "\x0a\x08\x02\x00\x01\x00\x01\x00\x0a\x00\x02\x01\x00\x00\x00\x00\x0a\x01\x02\x01"
  "\x00\x00\x59\x00\x0a\x02\x02\x01\x00\x00\x03\x00\x0a\x03\x02\x01\x00\x00\x00\x00"
  "\x0a\x04\x02\x01\x00\x00\x01\x00\x0a\x05\x02\x01\x00\x00\x02\x00\x0a\x06\x02\x01"
  "\x00\x00\x07\x00\x0a\x07\x02\x01\x00\x00\x03\x00\x0a\x08\x02\x01\x00\x00\x00\x00"
  "\x0a\x00\x02\x01\x01\x00\x01\x00\x0a\x01\x02\x01\x01\x00\x59\x00\x0a\x02\x02\x01"
  "\x01\x00\x03\x00\x0a\x03\x02\x01\x01\x00\x08\x00\x0a\x04\x02\x01\x01\x00\x09\x00"
  "\x0a\x05\x02\x01\x01\x00\x0a\x00\x0a\x06\x02\x01\x01\x00\x08\x00\x0a\x07\x02\x01"
  "\x01\x00\x03\x00\x0a\x08\x02\x01\x01\x00\x02\x00\x0a\x00\x02\x02\x00\x00\x02\x00"
  "\x0a\x01\x02\x02\x00\x00\x59\x00\x0a\x02\x02\x02\x00\x00\x37\x00\x0a\x03\x02\x02"
  "\x00\x00\x04\x00\x0a\x04\x02\x02\x00\x00\x02\x00\x0a\x05\x02\x02\x00\x00\x05\x00"
  "\x0a\x06\x02\x02\x00\x00\x07\x00\x0a\x07\x02\x02\x00\x00\x03\x00\x0a\x08\x02\x02"
  "\x00\x00\x03\x00\x0a\x00\x02\x02\x01\x00\x02\x00\x0a\x01\x02\x02\x01\x00\x59\x00"
  "\x0a\x02\x02\x02\x01\x00\x37\x00\x0a\x03\x02\x02\x01\x00\x08\x00\x0a\x04\x02\x02"
  "\x01\x00\x09\x00\x0a\x05\x02\x02\x01\x00\x0a\x00\x0a\x06\x02\x02\x01\x00\x08\x00"
  "\x0a\x07\x02\x02\x01\x00\x03\x00\x0a\x08\x02\x02\x01\x00\x03\x00\x0a\x00\x03\x00"
  "\x00\x00\x00\x00\x0a\x01\x03\x00\x00\x00\x3c\x00\x0a\x02\x03\x00\x00\x00\x1b\x00"
  "\x0a\x03\x03\x00\x00\x00\x00\x00\x0a\x04\x03\x00\x00\x00\x01\x00\x0a\x05\x03\x00"
  "\x00\x00\x02\x00\x0a\x06\x03\x00\x00\x00\x07\x00\x0a\x07\x03\x00\x00\x00\x03\x00"
  "\x0a\x08\x03\x00\x00\x00\x00\x00\x0a\x00\x03\x00\x01\x00\x01\x00\x0a\x01\x03\x00"
  "\x01\x00\x3c\x00\x0a\x02\x03\x00\x01\x00\x2e\x00\x0a\x03\x03\x00\x01\x00\x08\x00"
  "\x0a\x04\x03\x00\x01\x00\x09\x00\x0a\x05\x03\x00\x01\x00\x0a\x00\x0a\x06\x03\x00"
  "\x01\x00\x08\x00\x0a\x07\x03\x00\x01\x00\x03\x00\x0a\x08\x03\x00\x01\x00\x01\x00"
  "\x0a\x00\x03\x01\x00\x00\x00\x00\x0a\x01\x03\x01\x00\x00\x3c\x00\x0a\x02\x03\x01"
  "\x00\x00\x04\x00\x0a\x03\x03\x01\x00\x00\x00\x00\x0a\x04\x03\x01\x00\x00\x01\x00"
  "\x0a\x05\x03\x01\x00\x00\x02\x00\x0a\x06\x03\x01\x00\x00\x07\x00\x0a\x07\x03\x01"
  "\x00\x00\x03\x00\x0a\x08\x03\x01\x00\x00\x00\x00\x0a\x00\x03\x01\x01\x00\x01\x00"
  "\x0a\x01\x03\x01\x01\x00\x3c\x00\x0a\x02\x03\x01\x01\x00\x04\x00\x0a\x03\x03\x01"
  "\x01\x00\x08\x00\x0a\x04\x03\x01\x01\x00\x09\x00\x0a\x05\x03\x01\x01\x00\x0a\x00"
  "\x0a\x06\x03\x01\x01\x00\x08\x00\x0a\x07\x03\x01\x01\x00\x03\x00\x0a\x08\x03\x01"
  "\x01\x00\x02\x00\x0a\x00\x03\x02\x00\x00\x02\x00\x0a\x01\x03\x02\x00\x00\x3c\x00"
  "\x0a\x02\x03\x02\x00\x00\x37\x00\x0a\x03\x03\x02\x00\x00\x04\x00\x0a\x04\x03\x02"
  "\x00\x00\x02\x00\x0a\x05\x03\x02\x00\x00\x05\x00\x0a\x06\x03\x02\x00\x00\x07\x00"
  "\x0a\x07\x03\x02\x00\x00\x03\x00\x0a\x08\x03\x02\x00\x00\x03\x00\x0a\x00\x03\x02"
  "\x01\x00\x02\x00\x0a\x01\x03\x02\x01\x00\x3c\x00\x0a\x02\x03\x02\x01\x00\x37\x00"
  "\x0a\x03\x03\x02\x01\x00\x08\x00\x0a\x04\x03\x02\x01\x00\x09\x00\x0a\x05\x03\x02"
  "\x01\x00\x0a\x00\x0a\x06\x03\x02\x01\x00\x08\x00\x0a\x07\x03\x02\x01\x00\x03\x00"
  "\x0a\x08\x03\x02\x01\x00\x03\x00\x0a\x00\x04\x00\x00\x00\x00\x00\x0a\x01\x04\x00"
  "\x00\x00\x0f\x00\x0a\x02\x04\x00\x00\x00\x26\x00\x0a\x03\x04\x00\x00\x00\x00\x00"
  "\x0a\x04\x04\x00\x00\x00\x01\x00\x0a\x05\x04\x00\x00\x00\x02\x00\x0a\x06\x04\x00"
  "\x00\x00\x07\x00\x0a\x07\x04\x00\x00\x00\x03\x00\x0a\x08\x04\x00\x00\x00\x00\x00"
  "\x0a\x00\x04\x00\x01\x00\x01\x00\x0a\x01\x04\x00\x01\x00\x0f\x00\x0a\x02\x04\x00"
  "\x01\x00\x2f\x00\x0a\x03\x04\x00\x01\x00\x08\x00\x0a\x04\x04\x00\x01\x00\x09\x00"
  "\x0a\x05\x04\x00\x01\x00\x0a\x00\x0a\x06\x04\x00\x01\x00\x08\x00\x0a\x07\x04\x00"
  "\x01\x00\x03\x00\x0a\x08\x04\x00\x01\x00\x01\x00\x0a\x00\x04\x01\x00\x00\x00\x00"
  "\x0a\x01\x04\x01\x00\x00\x0f\x00\x0a\x02\x04\x01\x00\x00\x05\x00\x0a\x03\x04\x01"
  "\x00\x00\x00\x00\x0a\x04\x04\x01\x00\x00\x01\x00\x0a\x05\x04\x01\x00\x00\x02\x00"
  "\x0a\x06\x04\x01\x00\x00\x07\x00\x0a\x07\x04\x01\x00\x00\x03\x00\x0a\x08\x04\x01"
  "\x00\x00\x00\x00\x0a\x00\x04\x01\x01\x00\x01\x00\x0a\x01\x04\x01\x01\x00\x0f\x00"
  "\x0a\x02\x04\x01\x01\x00\x05\x00\x0a\x03\x04\x01\x01\x00\x08\x00\x0a\x04\x04\x01"
  "\x01\x00\x09\x00\x0a\x05\x04\x01\x01\x00\x0a\x00\x0a\x06\x04\x01\x01\x00\x08\x00"
  "\x0a\x07\x04\x01\x01\x00\x03\x00\x0a\x08\x04\x01\x01\x00\x02\x00\x0a\x00\x04\x02"
  "\x00\x00\x02\x00\x0a\x01\x04\x02\x00\x00\x0f\x00\x0a\x02\x04\x02\x00\x00\x37\x00"
  "\x0a\x03\x04\x02\x00\x00\x04\x00\x0a\x04\x04\x02\x00\x00\x02\x00\x0a\x05\x04\x02"
  "\x00\x00\x05\x00\x0a\x06\x04\x02\x00\x00\x07\x00\x0a\x07\x04\x02\x00\x00\x03\x00"
  "\x0a\x08\x04\x02\x00\x00\x03\x00\x0a\x00\x04\x02\x01\x00\x02\x00\x0a\x01\x04\x02"
  "\x01\x00\x0f\x00\x0a\x02\x04\x02\x01\x00\x37\x00\x0a\x03\x04\x02\x01\x00\x08\x00"
  "\x0a\x04\x04\x02\x01\x00\x09\x00\x0a\x05\x04\x02\x01\x00\x0a\x00\x0a\x06\x04\x02"
  "\x01\x00\x08\x00\x0a\x07\x04\x02\x01\x00\x03\x00\x0a\x08\x04\x02\x01\x00\x03\x00"
  "\x0a\x00\x05\x00\x00\x00\x00\x00\x0a\x01\x05\x00\x00\x00\x31\x00\x0a\x02\x05\x00"
  "\x00\x00\x34\x00\x0a\x03\x05\x00\x00\x00\x00\x00\x0a\x04\x05\x00\x00\x00\x01\x00"
  "\x0a\x05\x05\x00\x00\x00\x02\x00\x0a\x06\x05\x00\x00\x00\x07\x00\x0a\x07\x05\x00"
  "\x00\x00\x03\x00\x0a\x08\x05\x00\x00\x00\x00\x00\x0a\x00\x05\x00\x01\x00\x01\x00"
  "\x0a\x01\x05\x00\x01\x00\x31\x00\x0a\x02\x05\x00\x01\x00\x23\x00\x0a\x03\x05\x00"
  "\x01\x00\x08\x00\x0a\x04\x05\x00\x01\x00\x09\x00\x0a\x05\x05\x00\x01\x00\x0a\x00"
  "\x0a\x06\x05\x00\x01\x00\x08\x00\x0a\x07\x05\x00\x01\x00\x03\x00\x0a\x08\x05\x00"
  "\x01\x00\x01\x00\x0a\x00\x05\x01\x00\x00\x00\x00\x0a\x01\x05\x01\x00\x00\x31\x00"
  "\x0a\x02\x05\x01\x00\x00\x10\x00\x0a\x03\x05\x01\x00\x00\x00\x00\x0a\x04\x05\x01"
  "\x00\x00\x01\x00\x0a\x05\x05\x01\x00\x00\x02\x00\x0a\x06\x05\x01\x00\x00\x07\x00"
  "\x0a\x07\x05\x01\x00\x00\x03\x00\x0a\x08\x05\x01\x00\x00\x00\x00\x0a\x00\x05\x01"
  "\x01\x00\x01\x00\x0a\x01\x05\x01\x01\x00\x31\x00\x0a\x02\x05\x01\x01\x00\x10\x00"
  "\x0a\x03\x05\x01\x01\x00\x08\x00\x0a\x04\x05\x01\x01\x00\x09\x00\x0a\x05\x05\x01"
  "\x01\x00\x0a\x00\x0a\x06\x05\x01\x01\x00\x08\x00\x0a\x07\x05\x01\x01\x00\x03\x00"
  "\x0a\x08\x05\x01\x01\x00\x02\x00\x0a\x00\x05\x02\x00\x00\x02\x00\x0a\x01\x05\x02"
  "\x00\x00\x31\x00\x0a\x02\x05\x02\x00\x00\x37\x00\x0a\x03\x05\x02\x00\x00\x04\x00"
  "\x0a\x04\x05\x02\x00\x00\x02\x00\x0a\x05\x05\x02\x00\x00\x05\x00\x0a\x06\x05\x02"
  "\x00\x00\x07\x00\x0a\x07\x05\x02\x00\x00\x03\x00\x0a\x08\x05\x02\x00\x00\x03\x00"
  "\x0a\x00\x05\x02\x01\x00\x02\x00\x0a\x01\x05\x02\x01\x00\x31\x00\x0a\x02\x05\x02"
  "\x01\x00\x37\x00\x0a\x03\x05\x02\x01\x00\x08\x00\x0a\x04\x05\x02\x01\x00\x09\x00"
  "\x0a\x05\x05\x02\x01\x00\x0a\x00\x0a\x06\x05\x02\x01\x00\x08\x00\x0a\x07\x05\x02"
  "\x01\x00\x03\x00\x0a\x08\x05\x02\x01\x00\x03\x00\x0a\x00\x06\x00\x00\x00\x00\x00"
  "\x0a\x01\x06\x00\x00\x00\x38\x00\x0a\x02\x06\x00\x00\x00\x17\x00\x0a\x03\x06\x00"
  "\x00\x00\x00\x00\x0a\x04\x06\x00\x00\x00\x01\x00\x0a\x05\x06\x00\x00\x00\x02\x00"
  "\x0a\x06\x06\x00\x00\x00\x07\x00\x0a\x07\x06\x00\x00\x00\x03\x00\x0a\x08\x06\x00"
  "\x00\x00\x00\x00\x0a\x00\x06\x00\x01\x00\x01\x00\x0a\x01\x06\x00\x01\x00\x38\x00"
  "\x0a\x02\x06\x00\x01\x00\x20\x00\x0a\x03\x06\x00\x01\x00\x08\x00\x0a\x04\x06\x00"
  "\x01\x00\x09\x00\x0a\x05\x06\x00\x01\x00\x0a\x00\x0a\x06\x06\x00\x01\x00\x08\x00"
  "\x0a\x07\x06\x00\x01\x00\x03\x00\x0a\x08\x06\x00\x01\x00\x01\x00\x0a\x00\x06\x01"
  "\x00\x00\x00\x00\x0a\x01\x06\x01\x00\x00\x38\x00\x0a\x02\x06\x01\x00\x00\x09\x00"
  "\x0a\x03\x06\x01\x00\x00\x00\x00\x0a\x04\x06\x01\x00\x00\x01\x00\x0a\x05\x06\x01"
  "\x00\x00\x02\x00\x0a\x06\x06\x01\x00\x00\x07\x00\x0a\x07\x06\x01\x00\x00\x03\x00"
  "\x0a\x08\x06\x01\x00\x00\x00\x00\x0a\x00\x06\x01\x01\x00\x01\x00\x0a\x01\x06\x01"
  "\x01\x00\x38\x00\x0a\x02\x06\x01\x01\x00\x09\x00\x0a\x03\x06\x01\x01\x00\x08\x00"
  "\x0a\x04\x06\x01\x01\x00\x09\x00\x0a\x05\x06\x01\x01\x00\x0a\x00\x0a\x06\x06\x01"
  "\x01\x00\x08\x00\x0a\x07\x06\x01\x01\x00\x03\x00\x0a\x08\x06\x01\x01\x00\x02\x00"
  "\x0a\x00\x06\x02\x00\x00\x02\x00\x0a\x01\x06\x02\x00\x00\x38\x00\x0a\x02\x06\x02"
  "\x00\x00\x37\x00\x0a\x03\x06\x02\x00\x00\x04\x00\x0a\x04\x06\x02\x00\x00\x02\x00"
  "\x0a\x05\x06\x02\x00\x00\x05\x00\x0a\x06\x06\x02\x00\x00\x07\x00\x0a\x07\x06\x02"
  "\x00\x00\x03\x00\x0a\x08\x06\x02\x00\x00\x03\x00\x0a\x00\x06\x02\x01\x00\x02\x00"
  "\x0a\x01\x06\x02\x01\x00\x38\x00\x0a\x02\x06\x02\x01\x00\x37\x00\x0a\x03\x06\x02"
  "\x01\x00\x08\x00\x0a\x04\x06\x02\x01\x00\x09\x00\x0a\x05\x06\x02\x01\x00\x0a\x00"
  "\x0a\x06\x06\x02\x01\x00\x08\x00\x0a\x07\x06\x02\x01\x00\x03\x00\x0a\x08\x06\x02"
  "\x01\x00\x03\x00\x0a\x00\x07\x00\x00\x00\x00\x00\x0a\x01\x07\x00\x00\x00\x33\x00"
  "\x0a\x02\x07\x00\x00\x00\x15\x00\x0a\x03\x07\x00\x00\x00\x00\x00\x0a\x04\x07\x00"
  "\x00\x00\x01\x00\x0a\x05\x07\x00\x00\x00\x02\x00\x0a\x06\x07\x00\x00\x00\x07\x00"
  "\x0a\x07\x07\x00\x00\x00\x03\x00\x0a\x08\x07\x00\x00\x00\x00\x00\x0a\x00\x07\x00"
  "\x01\x00\x01\x00\x0a\x01\x07\x00\x01\x00\x33\x00\x0a\x02\x07\x00\x01\x00\x24\x00"
  "\x0a\x03\x07\x00\x01\x00\x08\x00\x0a\x04\x07\x00\x01\x00\x09\x00\x0a\x05\x07\x00"
  "\x01\x00\x0a\x00\x0a\x06\x07\x00\x01\x00\x08\x00\x0a\x07\x07\x00\x01\x00\x03\x00"
  "\x0a\x08\x07\x00\x01\x00\x01\x00\x0a\x00\x07\x01\x00\x00\x00\x00\x0a\x01\x07\x01"
  "\x00\x00\x33\x00\x0a\x02\x07\x01\x00\x00\x0a\x00\x0a\x03\x07\x01\x00\x00\x00\x00"
  "\x0a\x04\x07\x01\x00\x00\x01\x00\x0a\x05\x07\x01\x00\x00\x02\x00\x0a\x06\x07\x01"
  "\x00\x00\x07\x00\x0a\x07\x07\x01\x00\x00\x03\x00\x0a\x08\x07\x01\x00\x00\x00\x00"
  "\x0a\x00\x07\x01\x01\x00\x01\x00\x0a\x01\x07\x01\x01\x00\x33\x00\x0a\x02\x07\x01"
  "\x01\x00\x0a\x00\x0a\x03\x07\x01\x01\x00\x08\x00\x0a\x04\x07\x01\x01\x00\x09\x00"
  "\x0a\x05\x07\x01\x01\x00\x0a\x00\x0a\x06\x07\x01\x01\x00\x08\x00\x0a\x07\x07\x01"
  "\x01\x00\x03\x00\x0a\x08\x07\x01\x01\x00\x02\x00\x0a\x00\x07\x02\x00\x00\x02\x00"
  "\x0a\x01\x07\x02\x00\x00\x33\x00\x0a\x02\x07\x02\x00\x00\x37\x00\x0a\x03\x07\x02"
  "\x00\x00\x04\x00\x0a\x04\x07\x02\x00\x00\x02\x00\x0a\x05\x07\x02\x00\x00\x05\x00"
  "\x0a\x06\x07\x02\x00\x00\x07\x00\x0a\x07\x07\x02\x00\x00\x03\x00\x0a\x08\x07\x02"
  "\x00\x00\x03\x00\x0a\x00\x07\x02\x01\x00\x02\x00\x0a\x01\x07\x02\x01\x00\x33\x00"
  "\x0a\x02\x07\x02\x01\x00\x37\x00\x0a\x03\x07\x02\x01\x00\x08\x00\x0a\x04\x07\x02"
  "\x01\x00\x09\x00\x0a\x05\x07\x02\x01\x00\x0a\x00\x0a\x06\x07\x02\x01\x00\x08\x00"
  "\x0a\x07\x07\x02\x01\x00\x03\x00\x0a\x08\x07\x02\x01\x00\x03\x00\x0a\x00\x08\x00"
  "\x00\x00\x00\x00\x0a\x01\x08\x00\x00\x00\x28\x00\x0a\x02\x08\x00\x00\x00\x28\x00"
  "\x0a\x03\x08\x00\x00\x00\x00\x00\x0a\x04\x08\x00\x00\x00\x01\x00\x0a\x05\x08\x00"
  "\x00\x00\x02\x00\x0a\x06\x08\x00\x00\x00\x07\x00\x0a\x07\x08\x00\x00\x00\x03\x00"
  "\x0a\x08\x08\x00\x00\x00\x00\x00\x0a\x00\x08\x00\x01\x00\x01\x00\x0a\x01\x08\x00"
  "\x01\x00\x28\x00\x0a\x02\x08\x00\x01\x00\x19\x00\x0a\x03\x08\x00\x01\x00\x08\x00"
  "\x0a\x04\x08\x00\x01\x00\x09\x00\x0a\x05\x08\x00\x01\x00\x0a\x00\x0a\x06\x08\x00"
  "\x01\x00\x08\x00\x0a\x07\x08\x00\x01\x00\x03\x00\x0a\x08\x08\x00\x01\x00\x01\x00"
  "\x0a\x00\x08\x01\x00\x00\x00\x00\x0a\x01\x08\x01\x00\x00\x28\x00\x0a\x02\x08\x01"
  "\x00\x00\x06\x00\x0a\x03\x08\x01\x00\x00\x00\x00\x0a\x04\x08\x01\x00\x00\x01\x00"
  "\x0a\x05\x08\x01\x00\x00\x02\x00\x0a\x06\x08\x01\x00\x00\x07\x00\x0a\x07\x08\x01"
  "\x00\x00\x03\x00\x0a\x08\x08\x01\x00\x00\x00\x00\x0a\x00\x08\x01\x01\x00\x01\x00"
  "\x0a\x01\x08\x01\x01\x00\x28\x00\x0a\x02\x08\x01\x01\x00\x06\x00\x0a\x03\x08\x01"
  "\x01\x00\x08\x00\x0a\x04\x08\x01\x01\x00\x09\x00\x0a\x05\x08\x01\x01\x00\x0a\x00"
  "\x0a\x06\x08\x01\x01\x00\x08\x00\x0a\x07\x08\x01\x01\x00\x03\x00\x0a\x08\x08\x01"
  "\x01\x00\x02\x00\x0a\x00\x08\x02\x00\x00\x02\x00\x0a\x01\x08\x02\x00\x00\x28\x00"
  "\x0a\x02\x08\x02\x00\x00\x37\x00\x0a\x03\x08\x02\x00\x00\x04\x00\x0a\x04\x08\x02"
  "\x00\x00\x02\x00\x0a\x05\x08\x02\x00\x00\x05\x00\x0a\x06\x08\x02\x00\x00\x07\x00"
  "\x0a\x07\x08\x02\x00\x00\x03\x00\x0a\x08\x08\x02\x00\x00\x03\x00\x0a\x00\x08\x02"
  "\x01\x00\x02\x00\x0a\x01\x08\x02\x01\x00\x28\x00\x0a\x02\x08\x02\x01\x00\x37\x00"
  "\x0a\x03\x08\x02\x01\x00\x08\x00\x0a\x04\x08\x02\x01\x00\x09\x00\x0a\x05\x08\x02"
  "\x01\x00\x0a\x00\x0a\x06\x08\x02\x01\x00\x08\x00\x0a\x07\x08\x02\x01\x00\x03\x00"
  "\x0a\x08\x08\x02\x01\x00\x03\x00\x0a\x00\x09\x00\x00\x00\x00\x00\x0a\x01\x09\x00"
  "\x00\x00\x0d\x00\x0a\x02\x09\x00\x00\x00\x25\x00\x0a\x03\x09\x00\x00\x00\x00\x00"
  "\x0a\x04\x09\x00\x00\x00\x01\x00\x0a\x05\x09\x00\x00\x00\x02\x00\x0a\x06\x09\x00"
  "\x00\x00\x07\x00\x0a\x07\x09\x00\x00\x00\x03\x00\x0a\x08\x09\x00\x00\x00\x00\x00"
  "\x0a\x00\x09\x00\x01\x00\x01\x00\x0a\x01\x09\x00\x01\x00\x0d\x00\x0a\x02\x09\x00"
  "\x01\x00\x18\x00\x0a\x03\x09\x00\x01\x00\x08\x00\x0a\x04\x09\x00\x01\x00\x09\x00"
  "\x0a\x05\x09\x00\x01\x00\x0a\x00\x0a\x06\x09\x00\x01\x00\x08\x00\x0a\x07\x09\x00"
  "\x01\x00\x03\x00\x0a\x08\x09\x00\x01\x00\x01\x00\x0a\x00\x09\x01\x00\x00\x00\x00"
  "\x0a\x01\x09\x01\x00\x00\x0d\x00\x0a\x02\x09\x01\x00\x00\x0f\x00\x0a\x03\x09\x01"
  "\x00\x00\x00\x00\x0a\x04\x09\x01\x00\x00\x01\x00\x0a\x05\x09\x01\x00\x00\x02\x00"
  "\x0a\x06\x09\x01\x00\x00\x07\x00\x0a\x07\x09\x01\x00\x00\x03\x00\x0a\x08\x09\x01"
  "\x00\x00\x00\x00\x0a\x00\x09\x01\x01\x00\x01\x00\x0a\x01\x09\x01\x01\x00\x0d\x00"
  "\x0a\x02\x09\x01\x01\x00\x0f\x00\x0a\x03\x09\x01\x01\x00\x08\x00\x0a\x04\x09\x01"
  "\x01\x00\x09\x00\x0a\x05\x09\x01\x01\x00\x0a\x00\x0a\x06\x09\x01\x01\x00\x08\x00"
  "\x0a\x07\x09\x01\x01\x00\x03\x00\x0a\x08\x09\x01\x01\x00\x02\x00\x0a\x00\x09\x02"
  "\x00\x00\x02\x00\x0a\x01\x09\x02\x00\x00\x0d\x00\x0a\x02\x09\x02\x00\x00\x37\x00"
  "\x0a\x03\x09\x02\x00\x00\x04\x00\x0a\x04\x09\x02\x00\x00\x02\x00\x0a\x05\x09\x02"
  "\x00\x00\x05\x00\x0a\x06\x09\x02\x00\x00\x07\x00\x0a\x07\x09\x02\x00\x00\x03\x00"
  "\x0a\x08\x09\x02\x00\x00\x03\x00\x0a\x00\x09\x02\x01\x00\x02\x00\x0a\x01\x09\x02"
  "\x01\x00\x0d\x00\x0a\x02\x09\x02\x01\x00\x37\x00\x0a\x03\x09\x02\x01\x00\x08\x00"
  "\x0a\x04\x09\x02\x01\x00\x09\x00\x0a\x05\x09\x02\x01\x00\x0a\x00\x0a\x06\x09\x02"
  "\x01\x00\x08\x00\x0a\x07\x09\x02\x01\x00\x03\x00\x0a\x08\x09\x02\x01\x00\x03\x00"
  "\x0a\x00\x0a\x00\x00\x00\x00\x00\x0a\x01\x0a\x00\x00\x00\x39\x00\x0a\x02\x0a\x00"
  "\x00\x00\x27\x00\x0a\x03\x0a\x00\x00\x00\x00\x00\x0a\x04\x0a\x00\x00\x00\x01\x00"
  "\x0a\x05\x0a\x00\x00\x00\x02\x00\x0a\x06\x0a\x00\x00\x00\x07\x00\x0a\x07\x0a\x00"
  "\x00\x00\x03\x00\x0a\x08\x0a\x00\x00\x00\x00\x00\x0a\x00\x0a\x00\x01\x00\x01\x00"
  "\x0a\x01\x0a\x00\x01\x00\x39\x00\x0a\x02\x0a\x00\x01\x00\x16\x00\x0a\x03\x0a\x00"
  "\x01\x00\x08\x00\x0a\x04\x0a\x00\x01\x00\x09\x00\x0a\x05\x0a\x00\x01\x00\x0a\x00"
  "\x0a\x06\x0a\x00\x01\x00\x08\x00\x0a\x07\x0a\x00\x01\x00\x03\x00\x0a\x08\x0a\x00"
  "\x01\x00\x01\x00\x0a\x00\x0a\x01\x00\x00\x00\x00\x0a\x01\x0a\x01\x00\x00\x39\x00"
  "\x0a\x02\x0a\x01\x00\x00\x11\x00\x0a\x03\x0a\x01\x00\x00\x00\x00\x0a\x04\x0a\x01"
  "\x00\x00\x01\x00\x0a\x05\x0a\x01\x00\x00\x02\x00\x0a\x06\x0a\x01\x00\x00\x07\x00"
  "\x0a\x07\x0a\x01\x00\x00\x03\x00\x0a\x08\x0a\x01\x00\x00\x00\x00\x0a\x00\x0a\x01"
  "\x01\x00\x01\x00\x0a\x01\x0a\x01\x01\x00\x39\x00\x0a\x02\x0a\x01\x01\x00\x11\x00"
  "\x0a\x03\x0a\x01\x01\x00\x08\x00\x0a\x04\x0a\x01\x01\x00\x09\x00\x0a\x05\x0a\x01"
  "\x01\x00\x0a\x00\x0a\x06\x0a\x01\x01\x00\x08\x00\x0a\x07\x0a\x01\x01\x00\x03\x00"
  "\x0a\x08\x0a\x01\x01\x00\x02\x00\x0a\x00\x0a\x02\x00\x00\x02\x00\x0a\x01\x0a\x02"
  "\x00\x00\x39\x00\x0a\x02\x0a\x02\x00\x00\x37\x00\x0a\x03\x0a\x02\x00\x00\x04\x00"
  "\x0a\x04\x0a\x02\x00\x00\x02\x00\x0a\x05\x0a\x02\x00\x00\x05\x00\x0a\x06\x0a\x02"
  "\x00\x00\x07\x00\x0a\x07\x0a\x02\x00\x00\x03\x00\x0a\x08\x0a\x02\x00\x00\x03\x00"
  "\x0a\x00\x0a\x02\x01\x00\x02\x00\x0a\x01\x0a\x02\x01\x00\x39\x00\x0a\x02\x0a\x02"
  "\x01\x00\x37\x00\x0a\x03\x0a\x02\x01\x00\x08\x00\x0a\x04\x0a\x02\x01\x00\x09\x00"
  "\x0a\x05\x0a\x02\x01\x00\x0a\x00\x0a\x06\x0a\x02\x01\x00\x08\x00\x0a\x07\x0a\x02"
  "\x01\x00\x03\x00\x0a\x08\x0a\x02\x01\x00\x03\x00\x0a\x00\x0b\x00\x00\x00\x00\x00"
  "\x0a\x01\x0b\x00\x00\x00\x27\x00\x0a\x02\x0b\x00\x00\x00\x1e\x00\x0a\x03\x0b\x00"
  "\x00\x00\x00\x00\x0a\x04\x0b\x00\x00\x00\x01\x00\x0a\x05\x0b\x00\x00\x00\x02\x00"
  "\x0a\x06\x0b\x00\x00\x00\x07\x00\x0a\x07\x0b\x00\x00\x00\x03\x00\x0a\x08\x0b\x00"
  "\x00\x00\x00\x00\x0a\x00\x0b\x00\x01\x00\x01\x00\x0a\x01\x0b\x00\x01\x00\x27\x00"
  "\x0a\x02\x0b\x00\x01\x00\x36\x00\x0a\x03\x0b\x00\x01\x00\x08\x00\x0a\x04\x0b\x00"
  "\x01\x00\x09\x00\x0a\x05\x0b\x00\x01\x00\x0a\x00\x0a\x06\x0b\x00\x01\x00\x08\x00"
  "\x0a\x07\x0b\x00\x01\x00\x03\x00\x0a\x08\x0b\x00\x01\x00\x01\x00\x0a\x00\x0b\x01"
  "\x00\x00\x00\x00\x0a\x01\x0b\x01\x00\x00\x27\x00\x0a\x02\x0b\x01\x00\x00\x13\x00"
  "\x0a\x03\x0b\x01\x00\x00\x00\x00\x0a\x04\x0b\x01\x00\x00\x01\x00\x0a\x05\x0b\x01"
  "\x00\x00\x02\x00\x0a\x06\x0b\x01\x00\x00\x07\x00\x0a\x07\x0b\x01\x00\x00\x03\x00"
  "\x0a\x08\x0b\x01\x00\x00\x00\x00\x0a\x00\x0b\x01\x01\x00\x01\x00\x0a\x01\x0b\x01"
  "\x01\x00\x27\x00\x0a\x02\x0b\x01\x01\x00\x13\x00\x0a\x03\x0b\x01\x01\x00\x08\x00"
  "\x0a\x04\x0b\x01\x01\x00\x09\x00\x0a\x05\x0b\x01\x01\x00\x0a\x00\x0a\x06\x0b\x01"
  "\x01\x00\x08\x00\x0a\x07\x0b\x01\x01\x00\x03\x00\x0a\x08\x0b\x01\x01\x00\x02\x00"
  "\x0a\x00\x0b\x02\x00\x00\x02\x00\x0a\x01\x0b\x02\x00\x00\x27\x00\x0a\x02\x0b\x02"
  "\x00\x00\x37\x00\x0a\x03\x0b\x02\x00\x00\x04\x00\x0a\x04\x0b\x02\x00\x00\x02\x00"
  "\x0a\x05\x0b\x02\x00\x00\x05\x00\x0a\x06\x0b\x02\x00\x00\x07\x00\x0a\x07\x0b\x02"
  "\x00\x00\x03\x00\x0a\x08\x0b\x02\x00\x00\x03\x00\x0a\x00\x0b\x02\x01\x00\x02\x00"
  "\x0a\x01\x0b\x02\x01\x00\x27\x00\x0a\x02\x0b\x02\x01\x00\x37\x00\x0a\x03\x0b\x02"
  "\x01\x00\x08\x00\x0a\x04\x0b\x02\x01\x00\x09\x00\x0a\x05\x0b\x02\x01\x00\x0a\x00"
  "\x0a\x06\x0b\x02\x01\x00\x08\x00\x0a\x07\x0b\x02\x01\x00\x03\x00\x0a\x08\x0b\x02"
  "\x01\x00\x03\x00\x0a\x00\x0c\x00\x00\x00\x00\x00\x0a\x01\x0c\x00\x00\x00\x4c\x00"
  "\x0a\x02\x0c\x00\x00\x00\x29\x00\x0a\x03\x0c\x00\x00\x00\x00\x00\x0a\x04\x0c\x00"
  "\x00\x00\x01\x00\x0a\x05\x0c\x00\x00\x00\x02\x00\x0a\x06\x0c\x00\x00\x00\x07\x00"
  "\x0a\x07\x0c\x00\x00\x00\x03\x00\x0a\x08\x0c\x00\x00\x00\x00\x00\x0a\x00\x0c\x00"
  "\x01\x00\x01\x00\x0a\x01\x0c\x00\x01\x00\x4c\x00\x0a\x02\x0c\x00\x01\x00\x1a\x00"
  "\x0a\x03\x0c\x00\x01\x00\x08\x00\x0a\x04\x0c\x00\x01\x00\x09\x00\x0a\x05\x0c\x00"
  "\x01\x00\x0a\x00\x0a\x06\x0c\x00\x01\x00\x08\x00\x0a\x07\x0c\x00\x01\x00\x03\x00"
  "\x0a\x08\x0c\x00\x01\x00\x01\x00\x0a\x00\x0c\x01\x00\x00\x00\x00\x0a\x01\x0c\x01"
  "\x00\x00\x4c\x00\x0a\x02\x0c\x01\x00\x00\x0b\x00\x0a\x03\x0c\x01\x00\x00\x00\x00"
  "\x0a\x04\x0c\x01\x00\x00\x01\x00\x0a\x05\x0c\x01\x00\x00\x02\x00\x0a\x06\x0c\x01"
  "\x00\x00\x07\x00\x0a\x07\x0c\x01\x00\x00\x03\x00\x0a\x08\x0c\x01\x00\x00\x00\x00"
  "\x0a\x00\x0c\x01\x01\x00\x01\x00\x0a\x01\x0c\x01\x01\x00\x4c\x00\x0a\x02\x0c\x01"
  "\x01\x00\x0b\x00\x0a\x03\x0c\x01\x01\x00\x08\x00\x0a\x04\x0c\x01\x01\x00\x09\x00"
  "\x0a\x05\x0c\x01\x01\x00\x0a\x00\x0a\x06\x0c\x01\x01\x00\x08\x00\x0a\x07\x0c\x01"
  "\x01\x00\x03\x00\x0a\x08\x0c\x01\x01\x00\x02\x00\x0a\x00\x0c\x02\x00\x00\x02\x00"
  "\x0a\x01\x0c\x02\x00\x00\x4c\x00\x0a\x02\x0c\x02\x00\x00\x37\x00\x0a\x03\x0c\x02"
  "\x00\x00\x04\x00\x0a\x04\x0c\x02\x00\x00\x02\x00\x0a\x05\x0c\x02\x00\x00\x05\x00"
  "\x0a\x06\x0c\x02\x00\x00\x07\x00\x0a\x07\x0c\x02\x00\x00\x03\x00\x0a\x08\x0c\x02"
  "\x00\x00\x03\x00\x0a\x00\x0c\x02\x01\x00\x02\x00\x0a\x01\x0c\x02\x01\x00\x4c\x00"
  "\x0a\x02\x0c\x02\x01\x00\x37\x00\x0a\x03\x0c\x02\x01\x00\x08\x00\x0a\x04\x0c\x02"
  "\x01\x00\x09\x00\x0a\x05\x0c\x02\x01\x00\x0a\x00\x0a\x06\x0c\x02\x01\x00\x08\x00"
  "\x0a\x07\x0c\x02\x01\x00\x03\x00\x0a\x08\x0c\x02\x01\x00\x03\x00\x0a\x00\x0d\x00"
  "\x00\x00\x00\x00\x0a\x01\x0d\x00\x00\x00\x11\x00\x0a\x02\x0d\x00\x00\x00\x2a\x00"
  "\x0a\x03\x0d\x00\x00\x00\x00\x00\x0a\x04\x0d\x00\x00\x00\x01\x00\x0a\x05\x0d\x00"
  "\x00\x00\x02\x00\x0a\x06\x0d\x00\x00\x00\x07\x00\x0a\x07\x0d\x00\x00\x00\x03\x00"
  "\x0a\x08\x0d\x00\x00\x00\x00\x00\x0a\x00\x0d\x00\x01\x00\x01\x00\x0a\x01\x0d\x00"
  "\x01\x00\x11\x00\x0a\x02\x0d\x00\x01\x00\x1f\x00\x0a\x03\x0d\x00\x01\x00\x08\x00"
  "\x0a\x04\x0d\x00\x01\x00\x09\x00\x0a\x05\x0d\x00\x01\x00\x0a\x00\x0a\x06\x0d\x00"
  "\x01\x00\x08\x00\x0a\x07\x0d\x00\x01\x00\x03\x00\x0a\x08\x0d\x00\x01\x00\x01\x00"
  "\x0a\x00\x0d\x01\x00\x00\x00\x00\x0a\x01\x0d\x01\x00\x00\x11\x00\x0a\x02\x0d\x01"
  "\x00\x00\x0c\x00\x0a\x03\x0d\x01\x00\x00\x00\x00\x0a\x04\x0d\x01\x00\x00\x01\x00"
  "\x0a\x05\x0d\x01\x00\x00\x02\x00\x0a\x06\x0d\x01\x00\x00\x07\x00\x0a\x07\x0d\x01"
  "\x00\x00\x03\x00\x0a\x08\x0d\x01\x00\x00\x00\x00\x0a\x00\x0d\x01\x01\x00\x01\x00"
  "\x0a\x01\x0d\x01\x01\x00\x11\x00\x0a\x02\x0d\x01\x01\x00\x0c\x00\x0a\x03\x0d\x01"
  "\x01\x00\x08\x00\x0a\x04\x0d\x01\x01\x00\x09\x00\x0a\x05\x0d\x01\x01\x00\x0a\x00"
  "\x0a\x06\x0d\x01\x01\x00\x08\x00\x0a\x07\x0d\x01\x01\x00\x03\x00\x0a\x08\x0d\x01"
  "\x01\x00\x02\x00\x0a\x00\x0d\x02\x00\x00\x02\x00\x0a\x01\x0d\x02\x00\x00\x11\x00"
  "\x0a\x02\x0d\x02\x00\x00\x37\x00\x0a\x03\x0d\x02\x00\x00\x04\x00\x0a\x04\x0d\x02"
  "\x00\x00\x02\x00\x0a\x05\x0d\x02\x00\x00\x05\x00\x0a\x06\x0d\x02\x00\x00\x07\x00"
  "\x0a\x07\x0d\x02\x00\x00\x03\x00\x0a\x08\x0d\x02\x00\x00\x03\x00\x0a\x00\x0d\x02"
  "\x01\x00\x02\x00\x0a\x01\x0d\x02\x01\x00\x11\x00\x0a\x02\x0d\x02\x01\x00\x37\x00"
  "\x0a\x03\x0d\x02\x01\x00\x08\x00\x0a\x04\x0d\x02\x01\x00\x09\x00\x0a\x05\x0d\x02"
  "\x01\x00\x0a\x00\x0a\x06\x0d\x02\x01\x00\x08\x00\x0a\x07\x0d\x02\x01\x00\x03\x00"
  "\x0a\x08\x0d\x02\x01\x00\x03\x00\x0a\x00\x0e\x00\x00\x00\x00\x00\x0a\x01\x0e\x00"
  "\x00\x00\x07\x00\x0a\x02\x0e\x00\x00\x00\x2c\x00\x0a\x03\x0e\x00\x00\x00\x00\x00"
  "\x0a\x04\x0e\x00\x00\x00\x01\x00\x0a\x05\x0e\x00\x00\x00\x02\x00\x0a\x06\x0e\x00"
  "\x00\x00\x07\x00\x0a\x07\x0e\x00\x00\x00\x03\x00\x0a\x08\x0e\x00\x00\x00\x00\x00"
  "\x0a\x00\x0e\x00\x01\x00\x01\x00\x0a\x01\x0e\x00\x01\x00\x07\x00\x0a\x02\x0e\x00"
  "\x01\x00\x1c\x00\x0a\x03\x0e\x00\x01\x00\x08\x00\x0a\x04\x0e\x00\x01\x00\x09\x00"
  "\x0a\x05\x0e\x00\x01\x00\x0a\x00\x0a\x06\x0e\x00\x01\x00\x08\x00\x0a\x07\x0e\x00"
  "\x01\x00\x03\x00\x0a\x08\x0e\x00\x01\x00\x01\x00\x0a\x00\x0e\x01\x00\x00\x00\x00"
  "\x0a\x01\x0e\x01\x00\x00\x07\x00\x0a\x02\x0e\x01\x00\x00\x0d\x00\x0a\x03\x0e\x01"
  "\x00\x00\x00\x00\x0a\x04\x0e\x01\x00\x00\x01\x00\x0a\x05\x0e\x01\x00\x00\x02\x00"
  "\x0a\x06\x0e\x01\x00\x00\x07\x00\x0a\x07\x0e\x01\x00\x00\x03\x00\x0a\x08\x0e\x01"
  "\x00\x00\x00\x00\x0a\x00\x0e\x01\x01\x00\x01\x00\x0a\x01\x0e\x01\x01\x00\x07\x00"
  "\x0a\x02\x0e\x01\x01\x00\x0d\x00\x0a\x03\x0e\x01\x01\x00\x08\x00\x0a\x04\x0e\x01"
  "\x01\x00\x09\x00\x0a\x05\x0e\x01\x01\x00\x0a\x00\x0a\x06\x0e\x01\x01\x00\x08\x00"
  "\x0a\x07\x0e\x01\x01\x00\x03\x00\x0a\x08\x0e\x01\x01\x00\x02\x00\x0a\x00\x0e\x02"
  "\x00\x00\x02\x00\x0a\x01\x0e\x02\x00\x00\x07\x00\x0a\x02\x0e\x02\x00\x00\x37\x00"
  "\x0a\x03\x0e\x02\x00\x00\x04\x00\x0a\x04\x0e\x02\x00\x00\x02\x00\x0a\x05\x0e\x02"
  "\x00\x00\x05\x00\x0a\x06\x0e\x02\x00\x00\x07\x00\x0a\x07\x0e\x02\x00\x00\x03\x00"
  "\x0a\x08\x0e\x02\x00\x00\x03\x00\x0a\x00\x0e\x02\x01\x00\x02\x00\x0a\x01\x0e\x02"
  "\x01\x00\x07\x00\x0a\x02\x0e\x02\x01\x00\x37\x00\x0a\x03\x0e\x02\x01\x00\x08\x00"
  "\x0a\x04\x0e\x02\x01\x00\x09\x00\x0a\x05\x0e\x02\x01\x00\x0a\x00\x0a\x06\x0e\x02"
  "\x01\x00\x08\x00\x0a\x07\x0e\x02\x01\x00\x03\x00\x0a\x08\x0e\x02\x01\x00\x03\x00"
  "\x0a\x00\x0f\x00\x00\x00\x00\x00\x0a\x01\x0f\x00\x00\x00\x2d\x00\x0a\x02\x0f\x00"
  "\x00\x00\x2d\x00\x0a\x03\x0f\x00\x00\x00\x00\x00\x0a\x04\x0f\x00\x00\x00\x01\x00"
  "\x0a\x05\x0f\x00\x00\x00\x02\x00\x0a\x06\x0f\x00\x00\x00\x07\x00\x0a\x07\x0f\x00"
  "\x00\x00\x03\x00\x0a\x08\x0f\x00\x00\x00\x00\x00\x0a\x00\x0f\x00\x01\x00\x01\x00"
  "\x0a\x01\x0f\x00\x01\x00\x2d\x00\x0a\x02\x0f\x00\x01\x00\x1d\x00\x0a\x03\x0f\x00"
  "\x01\x00\x08\x00\x0a\x04\x0f\x00\x01\x00\x09\x00\x0a\x05\x0f\x00\x01\x00\x0a\x00"
  "\x0a\x06\x0f\x00\x01\x00\x08\x00\x0a\x07\x0f\x00\x01\x00\x03\x00\x0a\x08\x0f\x00"
  "\x01\x00\x01\x00\x0a\x00\x0f\x01\x00\x00\x00\x00\x0a\x01\x0f\x01\x00\x00\x2d\x00"
  "\x0a\x02\x0f\x01\x00\x00\x0e\x00\x0a\x03\x0f\x01\x00\x00\x00\x00\x0a\x04\x0f\x01"
  "\x00\x00\x01\x00\x0a\x05\x0f\x01\x00\x00\x02\x00\x0a\x06\x0f\x01\x00\x00\x07\x00"
  "\x0a\x07\x0f\x01\x00\x00\x03\x00\x0a\x08\x0f\x01\x00\x00\x00\x00\x0a\x00\x0f\x01"
  "\x01\x00\x01\x00\x0a\x01\x0f\x01\x01\x00\x2d\x00\x0a\x02\x0f\x01\x01\x00\x0e\x00"
  "\x0a\x03\x0f\x01\x01\x00\x08\x00\x0a\x04\x0f\x01\x01\x00\x09\x00\x0a\x05\x0f\x01"
  "\x01\x00\x0a\x00\x0a\x06\x0f\x01\x01\x00\x08\x00\x0a\x07\x0f\x01\x01\x00\x03\x00"
  "\x0a\x08\x0f\x01\x01\x00\x02\x00\x0a\x00\x0f\x02\x00\x00\x02\x00\x0a\x01\x0f\x02"
  "\x00\x00\x2d\x00\x0a\x02\x0f\x02\x00\x00\x37\x00\x0a\x03\x0f\x02\x00\x00\x04\x00"
  "\x0a\x04\x0f\x02\x00\x00\x02\x00\x0a\x05\x0f\x02\x00\x00\x05\x00\x0a\x06\x0f\x02"
  "\x00\x00\x07\x00\x0a\x07\x0f\x02\x00\x00\x03\x00\x0a\x08\x0f\x02\x00\x00\x03\x00"
  "\x0a\x00\x0f\x02\x01\x00\x02\x00\x0a\x01\x0f\x02\x01\x00\x2d\x00\x0a\x02\x0f\x02"
  "\x01\x00\x37\x00\x0a\x03\x0f\x02\x01\x00\x08\x00\x0a\x04\x0f\x02\x01\x00\x09\x00"
  "\x0a\x05\x0f\x02\x01\x00\x0a\x00\x0a\x06\x0f\x02\x01\x00\x08\x00\x0a\x07\x0f\x02"
  "\x01\x00\x03\x00\x0a\x08\x0f\x02\x01\x00\x03\x00\x0a\x00\x10\x00\x00\x00\x00\x00"
  "\x0a\x01\x10\x00\x00\x00\x00\x00\x0a\x02\x10\x00\x00\x00\x2b\x00\x0a\x03\x10\x00"
  "\x00\x00\x00\x00\x0a\x04\x10\x00\x00\x00\x01\x00\x0a\x05\x10\x00\x00\x00\x02\x00"
  "\x0a\x06\x10\x00\x00\x00\x07\x00\x0a\x07\x10\x00\x00\x00\x03\x00\x0a\x08\x10\x00"
  "\x00\x00\x00\x00\x0a\x00\x10\x00\x01\x00\x01\x00\x0a\x01\x10\x00\x01\x00\x00\x00"
  "\x0a\x02\x10\x00\x01\x00\x1e\x00\x0a\x03\x10\x00\x01\x00\x08\x00\x0a\x04\x10\x00"
  "\x01\x00\x09\x00\x0a\x05\x10\x00\x01\x00\x0a\x00\x0a\x06\x10\x00\x01\x00\x08\x00"
  "\x0a\x07\x10\x00\x01\x00\x03\x00\x0a\x08\x10\x00\x01\x00\x01\x00\x0a\x00\x10\x01"
  "\x00\x00\x00\x00\x0a\x01\x10\x01\x00\x00\x00\x00\x0a\x02\x10\x01\x00\x00\x07\x00"
  "\x0a\x03\x10\x01\x00\x00\x00\x00\x0a\x04\x10\x01\x00\x00\x01\x00\x0a\x05\x10\x01"
  "\x00\x00\x02\x00\x0a\x06\x10\x01\x00\x00\x07\x00\x0a\x07\x10\x01\x00\x00\x03\x00"
  "\x0a\x08\x10\x01\x00\x00\x00\x00\x0a\x00\x10\x01\x01\x00\x01\x00\x0a\x01\x10\x01"
  "\x01\x00\x00\x00\x0a\x02\x10\x01\x01\x00\x07\x00\x0a\x03\x10\x01\x01\x00\x08\x00"
  "\x0a\x04\x10\x01\x01\x00\x09\x00\x0a\x05\x10\x01\x01\x00\x0a\x00\x0a\x06\x10\x01"
  "\x01\x00\x08\x00\x0a\x07\x10\x01\x01\x00\x03\x00\x0a\x08\x10\x01\x01\x00\x02\x00"
  "\x0a\x00\x10\x02\x00\x00\x02\x00\x0a\x01\x10\x02\x00\x00\x00\x00\x0a\x02\x10\x02"
  "\x00\x00\x37\x00\x0a\x03\x10\x02\x00\x00\x04\x00\x0a\x04\x10\x02\x00\x00\x02\x00"
  "\x0a\x05\x10\x02\x00\x00\x05\x00\x0a\x06\x10\x02\x00\x00\x07\x00\x0a\x07\x10\x02"
  "\x00\x00\x03\x00\x0a\x08\x10\x02\x00\x00\x03\x00\x0a\x00\x10\x02\x01\x00\x02\x00"
  "\x0a\x01\x10\x02\x01\x00\x00\x00\x0a\x02\x10\x02\x01\x00\x37\x00\x0a\x03\x10\x02"
  "\x01\x00\x08\x00\x0a\x04\x10\x02\x01\x00\x09\x00\x0a\x05\x10\x02\x01\x00\x0a\x00"
  "\x0a\x06\x10\x02\x01\x00\x08\x00\x0a\x07\x10\x02\x01\x00\x03\x00\x0a\x08\x10\x02"
  "\x01\x00\x03\x00\x0a\x00\x11\x00\x00\x00\x00\x00\x0a\x01\x11\x00\x00\x00\x0e\x00"
  "\x0a\x02\x11\x00\x00\x00\x2e\x00\x0a\x03\x11\x00\x00\x00\x00\x00\x0a\x04\x11\x00"
  "\x00\x00\x01\x00\x0a\x05\x11\x00\x00\x00\x02\x00\x0a\x06\x11\x00\x00\x00\x07\x00"
  "\x0a\x07\x11\x00\x00\x00\x03\x00\x0a\x08\x11\x00\x00\x00\x00\x00\x0a\x00\x11\x00"
  "\x01\x00\x01\x00\x0a\x01\x11\x00\x01\x00\x0e\x00\x0a\x02\x11\x00\x01\x00\x21\x00"
  "\x0a\x03\x11\x00\x01\x00\x08\x00\x0a\x04\x11\x00\x01\x00\x09\x00\x0a\x05\x11\x00"
  "\x01\x00\x0a\x00\x0a\x06\x11\x00\x01\x00\x08\x00\x0a\x07\x11\x00\x01\x00\x03\x00"
  "\x0a\x08\x11\x00\x01\x00\x01\x00\x0a\x00\x11\x01\x00\x00\x00\x00\x0a\x01\x11\x01"
  "\x00\x00\x0e\x00\x0a\x02\x11\x01\x00\x00\x12\x00\x0a\x03\x11\x01\x00\x00\x00\x00"
  "\x0a\x04\x11\x01\x00\x00\x01\x00\x0a\x05\x11\x01\x00\x00\x02\x00\x0a\x06\x11\x01"
  "\x00\x00\x07\x00\x0a\x07\x11\x01\x00\x00\x03\x00\x0a\x08\x11\x01\x00\x00\x00\x00"
  "\x0a\x00\x11\x01\x01\x00\x01\x00\x0a\x01\x11\x01\x01\x00\x0e\x00\x0a\x02\x11\x01"
  "\x01\x00\x12\x00\x0a\x03\x11\x01\x01\x00\x08\x00\x0a\x04\x11\x01\x01\x00\x09\x00"
  "\x0a\x05\x11\x01\x01\x00\x0a\x00\x0a\x06\x11\x01\x01\x00\x08\x00\x0a\x07\x11\x01"
  "\x01\x00\x03\x00\x0a\x08\x11\x01\x01\x00\x02\x00\x0a\x00\x11\x02\x00\x00\x02\x00"
  "\x0a\x01\x11\x02\x00\x00\x0e\x00\x0a\x02\x11\x02\x00\x00\x37\x00\x0a\x03\x11\x02"
  "\x00\x00\x04\x00\x0a\x04\x11\x02\x00\x00\x02\x00\x0a\x05\x11\x02\x00\x00\x05\x00"
  "\x0a\x06\x11\x02\x00\x00\x07\x00\x0a\x07\x11\x02\x00\x00\x03\x00\x0a\x08\x11\x02"
  "\x00\x00\x03\x00\x0a\x00\x11\x02\x01\x00\x02\x00\x0a\x01\x11\x02\x01\x00\x0e\x00"
  "\x0a\x02\x11\x02\x01\x00\x37\x00\x0a\x03\x11\x02\x01\x00\x08\x00\x0a\x04\x11\x02"
  "\x01\x00\x09\x00\x0a\x05\x11\x02\x01\x00\x0a\x00\x0a\x06\x11\x02\x01\x00\x08\x00"
  "\x0a\x07\x11\x02\x01\x00\x03\x00\x0a\x08\x11\x02\x01\x00\x03\x00\x0a\x00\x12\x00"
  "\x00\x00\x00\x00\x0a\x01\x12\x00\x00\x00\x1c\x00\x0a\x02\x12\x00\x00\x00\x30\x00"
  "\x0a\x03\x12\x00\x00\x00\x00\x00\x0a\x04\x12\x00\x00\x00\x01\x00\x0a\x05\x12\x00"
  "\x00\x00\x02\x00\x0a\x06\x12\x00\x00\x00\x07\x00\x0a\x07\x12\x00\x00\x00\x03\x00"
  "\x0a\x08\x12\x00\x00\x00\x00\x00\x0a\x00\x12\x00\x01\x00\x01\x00\x0a\x01\x12\x00"
  "\x01\x00\x1c\x00\x0a\x02\x12\x00\x01\x00\x22\x00\x0a\x03\x12\x00\x01\x00\x08\x00"
  "\x0a\x04\x12\x00\x01\x00\x09\x00\x0a\x05\x12\x00\x01\x00\x0a\x00\x0a\x06\x12\x00"
  "\x01\x00\x08\x00\x0a\x07\x12\x00\x01\x00\x03\x00\x0a\x08\x12\x00\x01\x00\x01\x00"
  "\x0a\x00\x12\x01\x00\x00\x00\x00\x0a\x01\x12\x01\x00\x00\x1c\x00\x0a\x02\x12\x01"
  "\x00\x00\x08\x00\x0a\x03\x12\x01\x00\x00\x00\x00\x0a\x04\x12\x01\x00\x00\x01\x00"
  "\x0a\x05\x12\x01\x00\x00\x02\x00\x0a\x06\x12\x01\x00\x00\x07\x00\x0a\x07\x12\x01"
  "\x00\x00\x03\x00\x0a\x08\x12\x01\x00\x00\x00\x00\x0a\x00\x12\x01\x01\x00\x01\x00"
  "\x0a\x01\x12\x01\x01\x00\x1c\x00\x0a\x02\x12\x01\x01\x00\x08\x00\x0a\x03\x12\x01"
  "\x01\x00\x08\x00\x0a\x04\x12\x01\x01\x00\x09\x00\x0a\x05\x12\x01\x01\x00\x0a\x00"
  "\x0a\x06\x12\x01\x01\x00\x08\x00\x0a\x07\x12\x01\x01\x00\x03\x00\x0a\x08\x12\x01"
  "\x01\x00\x02\x00\x0a\x00\x12\x02\x00\x00\x02\x00\x0a\x01\x12\x02\x00\x00\x1c\x00"
  "\x0a\x02\x12\x02\x00\x00\x37\x00\x0a\x03\x12\x02\x00\x00\x04\x00\x0a\x04\x12\x02"
  "\x00\x00\x02\x00\x0a\x05\x12\x02\x00\x00\x05\x00\x0a\x06\x12\x02\x00\x00\x07\x00"
  "\x0a\x07\x12\x02\x00\x00\x03\x00\x0a\x08\x12\x02\x00\x00\x03\x00\x0a\x00\x12\x02"
  "\x01\x00\x02\x00\x0a\x01\x12\x02\x01\x00\x1c\x00\x0a\x02\x12\x02\x01\x00\x37\x00"
  "\x0a\x03\x12\x02\x01\x00\x08\x00\x0a\x04\x12\x02\x01\x00\x09\x00\x0a\x05\x12\x02"
  "\x01\x00\x0a\x00\x0a\x06\x12\x02\x01\x00\x08\x00\x0a\x07\x12\x02\x01\x00\x03\x00"
  "\x0a\x08\x12\x02\x01\x00\x03\x00\x0a\x00\x13\x00\x00\x00\x03\x00\x0a\x01\x13\x00"
  "\x00\x00\x01\x00\x0a\x02\x13\x00\x00\x00\x37\x00\x0a\x03\x13\x00\x00\x00\x11\x00"
  "\x0a\x04\x13\x00\x00\x00\x11\x00\x0a\x05\x13\x00\x00\x00\x11\x00\x0a\x06\x13\x00"
  "\x00\x00\x11\x00\x0a\x07\x13\x00\x00\x00\x03\x00\x0a\x08\x13\x00\x00\x00\x04\x00"
  "\x0a\x00\x13\x00\x01\x00\x04\x00\x0a\x01\x13\x00\x01\x00\x01\x00\x0a\x02\x13\x00"
  "\x01\x00\x37\x00\x0a\x03\x13\x00\x01\x00\x11\x00\x0a\x04\x13\x00\x01\x00\x11\x00"
  "\x0a\x05\x13\x00\x01\x00\x11\x00\x0a\x06\x13\x00\x01\x00\x11\x00\x0a\x07\x13\x00"
  "\x01\x00\x03\x00\x0a\x08\x13\x00\x01\x00\x04\x00\x0a\x00\x13\x01\x00\x00\x03\x00"
  "\x0a\x01\x13\x01\x00\x00\x01\x00\x0a\x02\x13\x01\x00\x00\x37\x00\x0a\x03\x13\x01"
  "\x00\x00\x11\x00\x0a\x04\x13\x01\x00\x00\x11\x00\x0a\x05\x13\x01\x00\x00\x11\x00"
  "\x0a\x06\x13\x01\x00\x00\x11\x00\x0a\x07\x13\x01\x00\x00\x03\x00\x0a\x08\x13\x01"
  "\x00\x00\x04\x00\x0a\x00\x13\x01\x01\x00\x04\x00\x0a\x01\x13\x01\x01\x00\x01\x00"
  "\x0a\x02\x13\x01\x01\x00\x37\x00\x0a\x03\x13\x01\x01\x00\x11\x00\x0a\x04\x13\x01"
  "\x01\x00\x11\x00\x0a\x05\x13\x01\x01\x00\x11\x00\x0a\x06\x13\x01\x01\x00\x11\x00"
  "\x0a\x07\x13\x01\x01\x00\x03\x00\x0a\x08\x13\x01\x01\x00\x04\x00\x0a\x00\x13\x02"
  "\x00\x00\x03\x00\x0a\x01\x13\x02\x00\x00\x01\x00\x0a\x02\x13\x02\x00\x00\x37\x00"
  "\x0a\x03\x13\x02\x00\x00\x11\x00\x0a\x04\x13\x02\x00\x00\x11\x00\x0a\x05\x13\x02"
  "\x00\x00\x11\x00\x0a\x06\x13\x02\x00\x00\x11\x00\x0a\x07\x13\x02\x00\x00\x03\x00"
  "\x0a\x08\x13\x02\x00\x00\x04\x00\x0a\x00\x13\x02\x01\x00\x04\x00\x0a\x01\x13\x02"
  "\x01\x00\x01\x00\x0a\x02\x13\x02\x01\x00\x37\x00\x0a\x03\x13\x02\x01\x00\x11\x00"
  "\x0a\x04\x13\x02\x01\x00\x11\x00\x0a\x05\x13\x02\x01\x00\x11\x00\x0a\x06\x13\x02"
  "\x01\x00\x11\x00\x0a\x07\x13\x02\x01\x00\x03\x00\x0a\x08\x13\x02\x01\x00\x04\x00"
  "\x0a\x00\x14\x00\x00\x00\x03\x00\x0a\x01\x14\x00\x00\x00\x51\x00\x0a\x02\x14\x00"
  "\x00\x00\x37\x00\x0a\x03\x14\x00\x00\x00\x11\x00\x0a\x04\x14\x00\x00\x00\x11\x00"
  "\x0a\x05\x14\x00\x00\x00\x11\x00\x0a\x06\x14\x00\x00\x00\x11\x00\x0a\x07\x14\x00"
  "\x00\x00\x03\x00\x0a\x08\x14\x00\x00\x00\x04\x00\x0a\x00\x14\x00\x01\x00\x04\x00"
  "\x0a\x01\x14\x00\x01\x00\x51\x00\x0a\x02\x14\x00\x01\x00\x37\x00\x0a\x03\x14\x00"
  "\x01\x00\x11\x00\x0a\x04\x14\x00\x01\x00\x11\x00\x0a\x05\x14\x00\x01\x00\x11\x00"
  "\x0a\x06\x14\x00\x01\x00\x11\x00\x0a\x07\x14\x00\x01\x00\x03\x00\x0a\x08\x14\x00"
  "\x01\x00\x04\x00\x0a\x00\x14\x01\x00\x00\x03\x00\x0a\x01\x14\x01\x00\x00\x51\x00"
  "\x0a\x02\x14\x01\x00\x00\x37\x00\x0a\x03\x14\x01\x00\x00\x11\x00\x0a\x04\x14\x01"
  "\x00\x00\x11\x00\x0a\x05\x14\x01\x00\x00\x11\x00\x0a\x06\x14\x01\x00\x00\x11\x00"
  "\x0a\x07\x14\x01\x00\x00\x03\x00\x0a\x08\x14\x01\x00\x00\x04\x00\x0a\x00\x14\x01"
  "\x01\x00\x04\x00\x0a\x01\x14\x01\x01\x00\x51\x00\x0a\x02\x14\x01\x01\x00\x37\x00"
  "\x0a\x03\x14\x01\x01\x00\x11\x00\x0a\x04\x14\x01\x01\x00\x11\x00\x0a\x05\x14\x01"
  "\x01\x00\x11\x00\x0a\x06\x14\x01\x01\x00\x11\x00\x0a\x07\x14\x01\x01\x00\x03\x00"
  "\x0a\x08\x14\x01\x01\x00\x04\x00\x0a\x00\x14\x02\x00\x00\x03\x00\x0a\x01\x14\x02"
  "\x00\x00\x51\x00\x0a\x02\x14\x02\x00\x00\x37\x00\x0a\x03\x14\x02\x00\x00\x11\x00"
  "\x0a\x04\x14\x02\x00\x00\x11\x00\x0a\x05\x14\x02\x00\x00\x11\x00\x0a\x06\x14\x02"
  "\x00\x00\x11\x00\x0a\x07\x14\x02\x00\x00\x03\x00\x0a\x08\x14\x02\x00\x00\x04\x00"
  "\x0a\x00\x14\x02\x01\x00\x04\x00\x0a\x01\x14\x02\x01\x00\x51\x00\x0a\x02\x14\x02"
  "\x01\x00\x37\x00\x0a\x03\x14\x02\x01\x00\x11\x00\x0a\x04\x14\x02\x01\x00\x11\x00"
  "\x0a\x05\x14\x02\x01\x00\x11\x00\x0a\x06\x14\x02\x01\x00\x11\x00\x0a\x07\x14\x02"
  "\x01\x00\x03\x00\x0a\x08\x14\x02\x01\x00\x04\x00\x0a\x00\x15\x00\x00\x00\x03\x00"
  "\x0a\x01\x15\x00\x00\x00\x5a\x00\x0a\x02\x15\x00\x00\x00\x37\x00\x0a\x03\x15\x00"
  "\x00\x00\x11\x00\x0a\x04\x15\x00\x00\x00\x11\x00\x0a\x05\x15\x00\x00\x00\x11\x00"
  "\x0a\x06\x15\x00\x00\x00\x11\x00\x0a\x07\x15\x00\x00\x00\x03\x00\x0a\x08\x15\x00"
  "\x00\x00\x04\x00\x0a\x00\x15\x00\x01\x00\x04\x00\x0a\x01\x15\x00\x01\x00\x1b\x00"
  "\x0a\x02\x15\x00\x01\x00\x37\x00\x0a\x03\x15\x00\x01\x00\x11\x00\x0a\x04\x15\x00"
  "\x01\x00\x11\x00\x0a\x05\x15\x00\x01\x00\x11\x00\x0a\x06\x15\x00\x01\x00\x11\x00"
  "\x0a\x07\x15\x00\x01\x00\x03\x00\x0a\x08\x15\x00\x01\x00\x04\x00\x0a\x00\x15\x01"
  "\x00\x00\x03\x00\x0a\x01\x15\x01\x00\x00\x5a\x00\x0a\x02\x15\x01\x00\x00\x37\x00"
  "\x0a\x03\x15\x01\x00\x00\x11\x00\x0a\x04\x15\x01\x00\x00\x11\x00\x0a\x05\x15\x01"
  "\x00\x00\x11\x00\x0a\x06\x15\x01\x00\x00\x11\x00\x0a\x07\x15\x01\x00\x00\x03\x00"
  "\x0a\x08\x15\x01\x00\x00\x04\x00\x0a\x00\x15\x01\x01\x00\x04\x00\x0a\x01\x15\x01"
  "\x01\x00\x1b\x00\x0a\x02\x15\x01\x01\x00\x37\x00\x0a\x03\x15\x01\x01\x00\x11\x00"
  "\x0a\x04\x15\x01\x01\x00\x11\x00\x0a\x05\x15\x01\x01\x00\x11\x00\x0a\x06\x15\x01"
  "\x01\x00\x11\x00\x0a\x07\x15\x01\x01\x00\x03\x00\x0a\x08\x15\x01\x01\x00\x04\x00"
  "\x0a\x00\x15\x02\x00\x00\x03\x00\x0a\x01\x15\x02\x00\x00\x5a\x00\x0a\x02\x15\x02"
  "\x00\x00\x37\x00\x0a\x03\x15\x02\x00\x00\x11\x00\x0a\x04\x15\x02\x00\x00\x11\x00"
  "\x0a\x05\x15\x02\x00\x00\x11\x00\x0a\x06\x15\x02\x00\x00\x11\x00\x0a\x07\x15\x02"
  "\x00\x00\x03\x00\x0a\x08\x15\x02\x00\x00\x04\x00\x0a\x00\x15\x02\x01\x00\x04\x00"
  "\x0a\x01\x15\x02\x01\x00\x1b\x00\x0a\x02\x15\x02\x01\x00\x37\x00\x0a\x03\x15\x02"
  "\x01\x00\x11\x00\x0a\x04\x15\x02\x01\x00\x11\x00\x0a\x05\x15\x02\x01\x00\x11\x00"
  "\x0a\x06\x15\x02\x01\x00\x11\x00\x0a\x07\x15\x02\x01\x00\x03\x00\x0a\x08\x15\x02"
  "\x01\x00\x04\x00\x0a\x00\x16\x00\x00\x00\x03\x00\x0a\x01\x16\x00\x00\x00\x29\x00"
  "\x0a\x02\x16\x00\x00\x00\x37\x00\x0a\x03\x16\x00\x00\x00\x11\x00\x0a\x04\x16\x00"
  "\x00\x00\x11\x00\x0a\x05\x16\x00\x00\x00\x11\x00\x0a\x06\x16\x00\x00\x00\x11\x00"
  "\x0a\x07\x16\x00\x00\x00\x03\x00\x0a\x08\x16\x00\x00\x00\x04\x00\x0a\x00\x16\x00"
  "\x01\x00\x04\x00\x0a\x01\x16\x00\x01\x00\x35\x00\x0a\x02\x16\x00\x01\x00\x37\x00"
  "\x0a\x03\x16\x00\x01\x00\x11\x00\x0a\x04\x16\x00\x01\x00\x11\x00\x0a\x05\x16\x00"
  "\x01\x00\x11\x00\x0a\x06\x16\x00\x01\x00\x11\x00\x0a\x07\x16\x00\x01\x00\x03\x00"
  "\x0a\x08\x16\x00\x01\x00\x04\x00\x0a\x00\x16\x01\x00\x00\x03\x00\x0a\x01\x16\x01"
  "\x00\x00\x29\x00\x0a\x02\x16\x01\x00\x00\x37\x00\x0a\x03\x16\x01\x00\x00\x11\x00"
  "\x0a\x04\x16\x01\x00\x00\x11\x00\x0a\x05\x16\x01\x00\x00\x11\x00\x0a\x06\x16\x01"
  "\x00\x00\x11\x00\x0a\x07\x16\x01\x00\x00\x03\x00\x0a\x08\x16\x01\x00\x00\x04\x00"
  "\x0a\x00\x16\x01\x01\x00\x04\x00\x0a\x01\x16\x01\x01\x00\x35\x00\x0a\x02\x16\x01"
  "\x01\x00\x37\x00\x0a\x03\x16\x01\x01\x00\x11\x00\x0a\x04\x16\x01\x01\x00\x11\x00"
  "\x0a\x05\x16\x01\x01\x00\x11\x00\x0a\x06\x16\x01\x01\x00\x11\x00\x0a\x07\x16\x01"
  "\x01\x00\x03\x00\x0a\x08\x16\x01\x01\x00\x04\x00\x0a\x00\x16\x02\x00\x00\x03\x00"
  "\x0a\x01\x16\x02\x00\x00\x29\x00\x0a\x02\x16\x02\x00\x00\x37\x00\x0a\x03\x16\x02"
  "\x00\x00\x11\x00\x0a\x04\x16\x02\x00\x00\x11\x00\x0a\x05\x16\x02\x00\x00\x11\x00"
  "\x0a\x06\x16\x02\x00\x00\x11\x00\x0a\x07\x16\x02\x00\x00\x03\x00\x0a\x08\x16\x02"
  "\x00\x00\x04\x00\x0a\x00\x16\x02\x01\x00\x04\x00\x0a\x01\x16\x02\x01\x00\x35\x00"
  "\x0a\x02\x16\x02\x01\x00\x37\x00\x0a\x03\x16\x02\x01\x00\x11\x00\x0a\x04\x16\x02"
  "\x01\x00\x11\x00\x0a\x05\x16\x02\x01\x00\x11\x00\x0a\x06\x16\x02\x01\x00\x11\x00"
  "\x0a\x07\x16\x02\x01\x00\x03\x00\x0a\x08\x16\x02\x01\x00\x04\x00\x0a\x00\x17\x00"
  "\x00\x00\x03\x00\x0a\x01\x17\x00\x00\x00\x48\x00\x0a\x02\x17\x00\x00\x00\x37\x00"
  "\x0a\x03\x17\x00\x00\x00\x11\x00\x0a\x04\x17\x00\x00\x00\x11\x00\x0a\x05\x17\x00"
  "\x00\x00\x11\x00\x0a\x06\x17\x00\x00\x00\x11\x00\x0a\x07\x17\x00\x00\x00\x03\x00"
  "\x0a\x08\x17\x00\x00\x00\x04\x00\x0a\x00\x17\x00\x01\x00\x04\x00\x0a\x01\x17\x00"
  "\x01\x00\x12\x00\x0a\x02\x17\x00\x01\x00\x37\x00\x0a\x03\x17\x00\x01\x00\x11\x00"
  "\x0a\x04\x17\x00\x01\x00\x11\x00\x0a\x05\x17\x00\x01\x00\x11\x00\x0a\x06\x17\x00"
  "\x01\x00\x11\x00\x0a\x07\x17\x00\x01\x00\x03\x00\x0a\x08\x17\x00\x01\x00\x04\x00"
  "\x0a\x00\x17\x01\x00\x00\x03\x00\x0a\x01\x17\x01\x00\x00\x48\x00\x0a\x02\x17\x01"
  "\x00\x00\x37\x00\x0a\x03\x17\x01\x00\x00\x11\x00\x0a\x04\x17\x01\x00\x00\x11\x00"
  "\x0a\x05\x17\x01\x00\x00\x11\x00\x0a\x06\x17\x01\x00\x00\x11\x00\x0a\x07\x17\x01"
  "\x00\x00\x03\x00\x0a\x08\x17\x01\x00\x00\x04\x00\x0a\x00\x17\x01\x01\x00\x04\x00"
  "\x0a\x01\x17\x01\x01\x00\x12\x00\x0a\x02\x17\x01\x01\x00\x37\x00\x0a\x03\x17\x01"
  "\x01\x00\x11\x00\x0a\x04\x17\x01\x01\x00\x11\x00\x0a\x05\x17\x01\x01\x00\x11\x00"
  "\x0a\x06\x17\x01\x01\x00\x11\x00\x0a\x07\x17\x01\x01\x00\x03\x00\x0a\x08\x17\x01"
  "\x01\x00\x04\x00\x0a\x00\x17\x02\x00\x00\x03\x00\x0a\x01\x17\x02\x00\x00\x48\x00"
  "\x0a\x02\x17\x02\x00\x00\x37\x00\x0a\x03\x17\x02\x00\x00\x11\x00\x0a\x04\x17\x02"
  "\x00\x00\x11\x00\x0a\x05\x17\x02\x00\x00\x11\x00\x0a\x06\x17\x02\x00\x00\x11\x00"
  "\x0a\x07\x17\x02\x00\x00\x03\x00\x0a\x08\x17\x02\x00\x00\x04\x00\x0a\x00\x17\x02"
  "\x01\x00\x04\x00\x0a\x01\x17\x02\x01\x00\x12\x00\x0a\x02\x17\x02\x01\x00\x37\x00"
  "\x0a\x03\x17\x02\x01\x00\x11\x00\x0a\x04\x17\x02\x01\x00\x11\x00\x0a\x05\x17\x02"
  "\x01\x00\x11\x00\x0a\x06\x17\x02\x01\x00\x11\x00\x0a\x07\x17\x02\x01\x00\x03\x00"
  "\x0a\x08\x17\x02\x01\x00\x04\x00\x0a\x00\x18\x00\x00\x00\x03\x00\x0a\x01\x18\x00"
  "\x00\x00\x49\x00\x0a\x02\x18\x00\x00\x00\x37\x00\x0a\x03\x18\x00\x00\x00\x11\x00"
  "\x0a\x04\x18\x00\x00\x00\x11\x00\x0a\x05\x18\x00\x00\x00\x11\x00\x0a\x06\x18\x00"
  "\x00\x00\x11\x00\x0a\x07\x18\x00\x00\x00\x03\x00\x0a\x08\x18\x00\x00\x00\x04\x00"
  "\x0a\x00\x18\x00\x01\x00\x04\x00\x0a\x01\x18\x00\x01\x00\x12\x00\x0a\x02\x18\x00"
  "\x01\x00\x37\x00\x0a\x03\x18\x00\x01\x00\x11\x00\x0a\x04\x18\x00\x01\x00\x11\x00"
  "\x0a\x05\x18\x00\x01\x00\x11\x00\x0a\x06\x18\x00\x01\x00\x11\x00\x0a\x07\x18\x00"
  "\x01\x00\x03\x00\x0a\x08\x18\x00\x01\x00\x04\x00\x0a\x00\x18\x01\x00\x00\x03\x00"
  "\x0a\x01\x18\x01\x00\x00\x49\x00\x0a\x02\x18\x01\x00\x00\x37\x00\x0a\x03\x18\x01"
  "\x00\x00\x11\x00\x0a\x04\x18\x01\x00\x00\x11\x00\x0a\x05\x18\x01\x00\x00\x11\x00"
  "\x0a\x06\x18\x01\x00\x00\x11\x00\x0a\x07\x18\x01\x00\x00\x03\x00\x0a\x08\x18\x01"
  "\x00\x00\x04\x00\x0a\x00\x18\x01\x01\x00\x04\x00\x0a\x01\x18\x01\x01\x00\x12\x00"
  "\x0a\x02\x18\x01\x01\x00\x37\x00\x0a\x03\x18\x01\x01\x00\x11\x00\x0a\x04\x18\x01"
  "\x01\x00\x11\x00\x0a\x05\x18\x01\x01\x00\x11\x00\x0a\x06\x18\x01\x01\x00\x11\x00"
  "\x0a\x07\x18\x01\x01\x00\x03\x00\x0a\x08\x18\x01\x01\x00\x04\x00\x0a\x00\x18\x02"
  "\x00\x00\x03\x00\x0a\x01\x18\x02\x00\x00\x49\x00\x0a\x02\x18\x02\x00\x00\x37\x00"
  "\x0a\x03\x18\x02\x00\x00\x11\x00\x0a\x04\x18\x02\x00\x00\x11\x00\x0a\x05\x18\x02"
  "\x00\x00\x11\x00\x0a\x06\x18\x02\x00\x00\x11\x00\x0a\x07\x18\x02\x00\x00\x03\x00"
  "\x0a\x08\x18\x02\x00\x00\x04\x00\x0a\x00\x18\x02\x01\x00\x04\x00\x0a\x01\x18\x02"
  "\x01\x00\x12\x00\x0a\x02\x18\x02\x01\x00\x37\x00\x0a\x03\x18\x02\x01\x00\x11\x00"
  "\x0a\x04\x18\x02\x01\x00\x11\x00\x0a\x05\x18\x02\x01\x00\x11\x00\x0a\x06\x18\x02"
  "\x01\x00\x11\x00\x0a\x07\x18\x02\x01\x00\x03\x00\x0a\x08\x18\x02\x01\x00\x04\x00"
  "\x0a\x00\x19\x00\x00\x00\x03\x00\x0a\x01\x19\x00\x00\x00\x32\x00\x0a\x02\x19\x00"
  "\x00\x00\x37\x00\x0a\x03\x19\x00\x00\x00\x11\x00\x0a\x04\x19\x00\x00\x00\x11\x00"
  "\x0a\x05\x19\x00\x00\x00\x11\x00\x0a\x06\x19\x00\x00\x00\x11\x00\x0a\x07\x19\x00"
  "\x00\x00\x03\x00\x0a\x08\x19\x00\x00\x00\x04\x00\x0a\x00\x19\x00\x01\x00\x04\x00"
  "\x0a\x01\x19\x00\x01\x00\x2c\x00\x0a\x02\x19\x00\x01\x00\x37\x00\x0a\x03\x19\x00"
  "\x01\x00\x11\x00\x0a\x04\x19\x00\x01\x00\x11\x00\x0a\x05\x19\x00\x01\x00\x11\x00"
  "\x0a\x06\x19\x00\x01\x00\x11\x00\x0a\x07\x19\x00\x01\x00\x03\x00\x0a\x08\x19\x00"
  "\x01\x00\x04\x00\x0a\x00\x19\x01\x00\x00\x03\x00\x0a\x01\x19\x01\x00\x00\x32\x00"
  "\x0a\x02\x19\x01\x00\x00\x37\x00\x0a\x03\x19\x01\x00\x00\x11\x00\x0a\x04\x19\x01"
  "\x00\x00\x11\x00\x0a\x05\x19\x01\x00\x00\x11\x00\x0a\x06\x19\x01\x00\x00\x11\x00"
  "\x0a\x07\x19\x01\x00\x00\x03\x00\x0a\x08\x19\x01\x00\x00\x04\x00\x0a\x00\x19\x01"
  "\x01\x00\x04\x00\x0a\x01\x19\x01\x01\x00\x2c\x00\x0a\x02\x19\x01\x01\x00\x37\x00"
  "\x0a\x03\x19\x01\x01\x00\x11\x00\x0a\x04\x19\x01\x01\x00\x11\x00\x0a\x05\x19\x01"
  "\x01\x00\x11\x00\x0a\x06\x19\x01\x01\x00\x11\x00\x0a\x07\x19\x01\x01\x00\x03\x00"
  "\x0a\x08\x19\x01\x01\x00\x04\x00\x0a\x00\x19\x02\x00\x00\x03\x00\x0a\x01\x19\x02"
  "\x00\x00\x32\x00\x0a\x02\x19\x02\x00\x00\x37\x00\x0a\x03\x19\x02\x00\x00\x11\x00"
  "\x0a\x04\x19\x02\x00\x00\x11\x00\x0a\x05\x19\x02\x00\x00\x11\x00\x0a\x06\x19\x02"
  "\x00\x00\x11\x00\x0a\x07\x19\x02\x00\x00\x03\x00\x0a\x08\x19\x02\x00\x00\x04\x00"
  "\x0a\x00\x19\x02\x01\x00\x04\x00\x0a\x01\x19\x02\x01\x00\x2c\x00\x0a\x02\x19\x02"
  "\x01\x00\x37\x00\x0a\x03\x19\x02\x01\x00\x11\x00\x0a\x04\x19\x02\x01\x00\x11\x00"
  "\x0a\x05\x19\x02\x01\x00\x11\x00\x0a\x06\x19\x02\x01\x00\x11\x00\x0a\x07\x19\x02"
  "\x01\x00\x03\x00\x0a\x08\x19\x02\x01\x00\x04\x00\x0a\x00\x1a\x00\x00\x00\x03\x00"
  "\x0a\x01\x1a\x00\x00\x00\x32\x00\x0a\x02\x1a\x00\x00\x00\x37\x00\x0a\x03\x1a\x00"
  "\x00\x00\x11\x00\x0a\x04\x1a\x00\x00\x00\x11\x00\x0a\x05\x1a\x00\x00\x00\x11\x00"
  "\x0a\x06\x1a\x00\x00\x00\x11\x00\x0a\x07\x1a\x00\x00\x00\x03\x00\x0a\x08\x1a\x00"
  "\x00\x00\x04\x00\x0a\x00\x1a\x00\x01\x00\x04\x00\x0a\x01\x1a\x00\x01\x00\x50\x00"
  "\x0a\x02\x1a\x00\x01\x00\x37\x00\x0a\x03\x1a\x00\x01\x00\x11\x00\x0a\x04\x1a\x00"
  "\x01\x00\x11\x00\x0a\x05\x1a\x00\x01\x00\x11\x00\x0a\x06\x1a\x00\x01\x00\x11\x00"
  "\x0a\x07\x1a\x00\x01\x00\x03\x00\x0a\x08\x1a\x00\x01\x00\x04\x00\x0a\x00\x1a\x01"
  "\x00\x00\x03\x00\x0a\x01\x1a\x01\x00\x00\x32\x00\x0a\x02\x1a\x01\x00\x00\x37\x00"
  "\x0a\x03\x1a\x01\x00\x00\x11\x00\x0a\x04\x1a\x01\x00\x00\x11\x00\x0a\x05\x1a\x01"
  "\x00\x00\x11\x00\x0a\x06\x1a\x01\x00\x00\x11\x00\x0a\x07\x1a\x01\x00\x00\x03\x00"
  "\x0a\x08\x1a\x01\x00\x00\x04\x00\x0a\x00\x1a\x01\x01\x00\x04\x00\x0a\x01\x1a\x01"
  "\x01\x00\x50\x00\x0a\x02\x1a\x01\x01\x00\x37\x00\x0a\x03\x1a\x01\x01\x00\x11\x00"
  "\x0a\x04\x1a\x01\x01\x00\x11\x00\x0a\x05\x1a\x01\x01\x00\x11\x00\x0a\x06\x1a\x01"
  "\x01\x00\x11\x00\x0a\x07\x1a\x01\x01\x00\x03\x00\x0a\x08\x1a\x01\x01\x00\x04\x00"
  "\x0a\x00\x1a\x02\x00\x00\x03\x00\x0a\x01\x1a\x02\x00\x00\x32\x00\x0a\x02\x1a\x02"
  "\x00\x00\x37\x00\x0a\x03\x1a\x02\x00\x00\x11\x00\x0a\x04\x1a\x02\x00\x00\x11\x00"
  "\x0a\x05\x1a\x02\x00\x00\x11\x00\x0a\x06\x1a\x02\x00\x00\x11\x00\x0a\x07\x1a\x02"
  "\x00\x00\x03\x00\x0a\x08\x1a\x02\x00\x00\x04\x00\x0a\x00\x1a\x02\x01\x00\x04\x00"
  "\x0a\x01\x1a\x02\x01\x00\x50\x00\x0a\x02\x1a\x02\x01\x00\x37\x00\x0a\x03\x1a\x02"
  "\x01\x00\x11\x00\x0a\x04\x1a\x02\x01\x00\x11\x00\x0a\x05\x1a\x02\x01\x00\x11\x00"
  "\x0a\x06\x1a\x02\x01\x00\x11\x00\x0a\x07\x1a\x02\x01\x00\x03\x00\x0a\x08\x1a\x02"
  "\x01\x00\x04\x00\x0a\x00\x1b\x00\x00\x00\x03\x00\x0a\x01\x1b\x00\x00\x00\x2a\x00"
  "\x0a\x02\x1b\x00\x00\x00\x37\x00\x0a\x03\x1b\x00\x00\x00\x11\x00\x0a\x04\x1b\x00"
  "\x00\x00\x11\x00\x0a\x05\x1b\x00\x00\x00\x11\x00\x0a\x06\x1b\x00\x00\x00\x11\x00"
  "\x0a\x07\x1b\x00\x00\x00\x03\x00\x0a\x08\x1b\x00\x00\x00\x04\x00\x0a\x00\x1b\x00"
  "\x01\x00\x04\x00\x0a\x01\x1b\x00\x01\x00\x06\x00\x0a\x02\x1b\x00\x01\x00\x37\x00"
  "\x0a\x03\x1b\x00\x01\x00\x11\x00\x0a\x04\x1b\x00\x01\x00\x11\x00\x0a\x05\x1b\x00"
  "\x01\x00\x11\x00\x0a\x06\x1b\x00\x01\x00\x11\x00\x0a\x07\x1b\x00\x01\x00\x03\x00"
  "\x0a\x08\x1b\x00\x01\x00\x04\x00\x0a\x00\x1b\x01\x00\x00\x03\x00\x0a\x01\x1b\x01"
  "\x00\x00\x2a\x00\x0a\x02\x1b\x01\x00\x00\x37\x00\x0a\x03\x1b\x01\x00\x00\x11\x00"
  "\x0a\x04\x1b\x01\x00\x00\x11\x00\x0a\x05\x1b\x01\x00\x00\x11\x00\x0a\x06\x1b\x01"
  "\x00\x00\x11\x00\x0a\x07\x1b\x01\x00\x00\x03\x00\x0a\x08\x1b\x01\x00\x00\x04\x00"
  "\x0a\x00\x1b\x01\x01\x00\x04\x00\x0a\x01\x1b\x01\x01\x00\x06\x00\x0a\x02\x1b\x01"
  "\x01\x00\x37\x00\x0a\x03\x1b\x01\x01\x00\x11\x00\x0a\x04\x1b\x01\x01\x00\x11\x00"
  "\x0a\x05\x1b\x01\x01\x00\x11\x00\x0a\x06\x1b\x01\x01\x00\x11\x00\x0a\x07\x1b\x01"
  "\x01\x00\x03\x00\x0a\x08\x1b\x01\x01\x00\x04\x00\x0a\x00\x1b\x02\x00\x00\x03\x00"
  "\x0a\x01\x1b\x02\x00\x00\x2a\x00\x0a\x02\x1b\x02\x00\x00\x37\x00\x0a\x03\x1b\x02"
  "\x00\x00\x11\x00\x0a\x04\x1b\x02\x00\x00\x11\x00\x0a\x05\x1b\x02\x00\x00\x11\x00"
  "\x0a\x06\x1b\x02\x00\x00\x11\x00\x0a\x07\x1b\x02\x00\x00\x03\x00\x0a\x08\x1b\x02"
  "\x00\x00\x04\x00\x0a\x00\x1b\x02\x01\x00\x04\x00\x0a\x01\x1b\x02\x01\x00\x06\x00"
  "\x0a\x02\x1b\x02\x01\x00\x37\x00\x0a\x03\x1b\x02\x01\x00\x11\x00\x0a\x04\x1b\x02"
  "\x01\x00\x11\x00\x0a\x05\x1b\x02\x01\x00\x11\x00\x0a\x06\x1b\x02\x01\x00\x11\x00"
  "\x0a\x07\x1b\x02\x01\x00\x03\x00\x0a\x08\x1b\x02\x01\x00\x04\x00\x0a\x00\x1c\x00"
  "\x00\x00\x03\x00\x0a\x01\x1c\x00\x00\x00\x2b\x00\x0a\x02\x1c\x00\x00\x00\x37\x00"
  "\x0a\x03\x1c\x00\x00\x00\x11\x00\x0a\x04\x1c\x00\x00\x00\x11\x00\x0a\x05\x1c\x00"
  "\x00\x00\x11\x00\x0a\x06\x1c\x00\x00\x00\x11\x00\x0a\x07\x1c\x00\x00\x00\x03\x00"
  "\x0a\x08\x1c\x00\x00\x00\x04\x00\x0a\x00\x1c\x00\x01\x00\x04\x00\x0a\x01\x1c\x00"
  "\x01\x00\x0c\x00\x0a\x02\x1c\x00\x01\x00\x37\x00\x0a\x03\x1c\x00\x01\x00\x11\x00"
  "\x0a\x04\x1c\x00\x01\x00\x11\x00\x0a\x05\x1c\x00\x01\x00\x11\x00\x0a\x06\x1c\x00"
  "\x01\x00\x11\x00\x0a\x07\x1c\x00\x01\x00\x03\x00\x0a\x08\x1c\x00\x01\x00\x04\x00"
  "\x0a\x00\x1c\x01\x00\x00\x03\x00\x0a\x01\x1c\x01\x00\x00\x2b\x00\x0a\x02\x1c\x01"
  "\x00\x00\x37\x00\x0a\x03\x1c\x01\x00\x00\x11\x00\x0a\x04\x1c\x01\x00\x00\x11\x00"
  "\x0a\x05\x1c\x01\x00\x00\x11\x00\x0a\x06\x1c\x01\x00\x00\x11\x00\x0a\x07\x1c\x01"
  "\x00\x00\x03\x00\x0a\x08\x1c\x01\x00\x00\x04\x00\x0a\x00\x1c\x01\x01\x00\x04\x00"
  "\x0a\x01\x1c\x01\x01\x00\x0c\x00\x0a\x02\x1c\x01\x01\x00\x37\x00\x0a\x03\x1c\x01"
  "\x01\x00\x11\x00\x0a\x04\x1c\x01\x01\x00\x11\x00\x0a\x05\x1c\x01\x01\x00\x11\x00"
  "\x0a\x06\x1c\x01\x01\x00\x11\x00\x0a\x07\x1c\x01\x01\x00\x03\x00\x0a\x08\x1c\x01"
  "\x01\x00\x04\x00\x0a\x00\x1c\x02\x00\x00\x03\x00\x0a\x01\x1c\x02\x00\x00\x2b\x00"
  "\x0a\x02\x1c\x02\x00\x00\x37\x00\x0a\x03\x1c\x02\x00\x00\x11\x00\x0a\x04\x1c\x02"
  "\x00\x00\x11\x00\x0a\x05\x1c\x02\x00\x00\x11\x00\x0a\x06\x1c\x02\x00\x00\x11\x00"
  "\x0a\x07\x1c\x02\x00\x00\x03\x00\x0a\x08\x1c\x02\x00\x00\x04\x00\x0a\x00\x1c\x02"
  "\x01\x00\x04\x00\x0a\x01\x1c\x02\x01\x00\x0c\x00\x0a\x02\x1c\x02\x01\x00\x37\x00"
  "\x0a\x03\x1c\x02\x01\x00\x11\x00\x0a\x04\x1c\x02\x01\x00\x11\x00\x0a\x05\x1c\x02"
  "\x01\x00\x11\x00\x0a\x06\x1c\x02\x01\x00\x11\x00\x0a\x07\x1c\x02\x01\x00\x03\x00"
  "\x0a\x08\x1c\x02\x01\x00\x04\x00\x0a\x00\x1d\x00\x00\x00\x03\x00\x0a\x01\x1d\x00"
  "\x00\x00\x0a\x00\x0a\x02\x1d\x00\x00\x00\x37\x00\x0a\x03\x1d\x00\x00\x00\x11\x00"
  "\x0a\x04\x1d\x00\x00\x00\x11\x00\x0a\x05\x1d\x00\x00\x00\x11\x00\x0a\x06\x1d\x00"
  "\x00\x00\x11\x00\x0a\x07\x1d\x00\x00\x00\x03\x00\x0a\x08\x1d\x00\x00\x00\x04\x00"
  "\x0a\x00\x1d\x00\x01\x00\x04\x00\x0a\x01\x1d\x00\x01\x00\x08\x00\x0a\x02\x1d\x00"
  "\x01\x00\x37\x00\x0a\x03\x1d\x00\x01\x00\x11\x00\x0a\x04\x1d\x00\x01\x00\x11\x00"
  "\x0a\x05\x1d\x00\x01\x00\x11\x00\x0a\x06\x1d\x00\x01\x00\x11\x00\x0a\x07\x1d\x00"
  "\x01\x00\x03\x00\x0a\x08\x1d\x00\x01\x00\x04\x00\x0a\x00\x1d\x01\x00\x00\x03\x00"
  "\x0a\x01\x1d\x01\x00\x00\x0a\x00\x0a\x02\x1d\x01\x00\x00\x37\x00\x0a\x03\x1d\x01"
  "\x00\x00\x11\x00\x0a\x04\x1d\x01\x00\x00\x11\x00\x0a\x05\x1d\x01\x00\x00\x11\x00"
  "\x0a\x06\x1d\x01\x00\x00\x11\x00\x0a\x07\x1d\x01\x00\x00\x03\x00\x0a\x08\x1d\x01"
  "\x00\x00\x04\x00\x0a\x00\x1d\x01\x01\x00\x04\x00\x0a\x01\x1d\x01\x01\x00\x08\x00"
  "\x0a\x02\x1d\x01\x01\x00\x37\x00\x0a\x03\x1d\x01\x01\x00\x11\x00\x0a\x04\x1d\x01"
  "\x01\x00\x11\x00\x0a\x05\x1d\x01\x01\x00\x11\x00\x0a\x06\x1d\x01\x01\x00\x11\x00"
  "\x0a\x07\x1d\x01\x01\x00\x03\x00\x0a\x08\x1d\x01\x01\x00\x04\x00\x0a\x00\x1d\x02"
  "\x00\x00\x03\x00\x0a\x01\x1d\x02\x00\x00\x0a\x00\x0a\x02\x1d\x02\x00\x00\x37\x00"
  "\x0a\x03\x1d\x02\x00\x00\x11\x00\x0a\x04\x1d\x02\x00\x00\x11\x00\x0a\x05\x1d\x02"
  "\x00\x00\x11\x00\x0a\x06\x1d\x02\x00\x00\x11\x00\x0a\x07\x1d\x02\x00\x00\x03\x00"
  "\x0a\x08\x1d\x02\x00\x00\x04\x00\x0a\x00\x1d\x02\x01\x00\x04\x00\x0a\x01\x1d\x02"
  "\x01\x00\x08\x00\x0a\x02\x1d\x02\x01\x00\x37\x00\x0a\x03\x1d\x02\x01\x00\x11\x00"
  "\x0a\x04\x1d\x02\x01\x00\x11\x00\x0a\x05\x1d\x02\x01\x00\x11\x00\x0a\x06\x1d\x02"
  "\x01\x00\x11\x00\x0a\x07\x1d\x02\x01\x00\x03\x00\x0a\x08\x1d\x02\x01\x00\x04\x00"
  "\x0a\x00\x1e\x00\x00\x00\x03\x00\x0a\x01\x1e\x00\x00\x00\x43\x00\x0a\x02\x1e\x00"
  "\x00\x00\x37\x00\x0a\x03\x1e\x00\x00\x00\x11\x00\x0a\x04\x1e\x00\x00\x00\x11\x00"
  "\x0a\x05\x1e\x00\x00\x00\x11\x00\x0a\x06\x1e\x00\x00\x00\x11\x00\x0a\x07\x1e\x00"
  "\x00\x00\x03\x00\x0a\x08\x1e\x00\x00\x00\x04\x00\x0a\x00\x1e\x00\x01\x00\x04\x00"
  "\x0a\x01\x1e\x00\x01\x00\x43\x00\x0a\x02\x1e\x00\x01\x00\x37\x00\x0a\x03\x1e\x00"
  "\x01\x00\x11\x00\x0a\x04\x1e\x00\x01\x00\x11\x00\x0a\x05\x1e\x00\x01\x00\x11\x00"
  "\x0a\x06\x1e\x00\x01\x00\x11\x00\x0a\x07\x1e\x00\x01\x00\x03\x00\x0a\x08\x1e\x00"
  "\x01\x00\x04\x00\x0a\x00\x1e\x01\x00\x00\x03\x00\x0a\x01\x1e\x01\x00\x00\x43\x00"
  "\x0a\x02\x1e\x01\x00\x00\x37\x00\x0a\x03\x1e\x01\x00\x00\x11\x00\x0a\x04\x1e\x01"
  "\x00\x00\x11\x00\x0a\x05\x1e\x01\x00\x00\x11\x00\x0a\x06\x1e\x01\x00\x00\x11\x00"
  "\x0a\x07\x1e\x01\x00\x00\x03\x00\x0a\x08\x1e\x01\x00\x00\x04\x00\x0a\x00\x1e\x01"
  "\x01\x00\x04\x00\x0a\x01\x1e\x01\x01\x00\x43\x00\x0a\x02\x1e\x01\x01\x00\x37\x00"
  "\x0a\x03\x1e\x01\x01\x00\x11\x00\x0a\x04\x1e\x01\x01\x00\x11\x00\x0a\x05\x1e\x01"
  "\x01\x00\x11\x00\x0a\x06\x1e\x01\x01\x00\x11\x00\x0a\x07\x1e\x01\x01\x00\x03\x00"
  "\x0a\x08\x1e\x01\x01\x00\x04\x00\x0a\x00\x1e\x02\x00\x00\x03\x00\x0a\x01\x1e\x02"
  "\x00\x00\x43\x00\x0a\x02\x1e\x02\x00\x00\x37\x00\x0a\x03\x1e\x02\x00\x00\x11\x00"
  "\x0a\x04\x1e\x02\x00\x00\x11\x00\x0a\x05\x1e\x02\x00\x00\x11\x00\x0a\x06\x1e\x02"
  "\x00\x00\x11\x00\x0a\x07\x1e\x02\x00\x00\x03\x00\x0a\x08\x1e\x02\x00\x00\x04\x00"
  "\x0a\x00\x1e\x02\x01\x00\x04\x00\x0a\x01\x1e\x02\x01\x00\x43\x00\x0a\x02\x1e\x02"
  "\x01\x00\x37\x00\x0a\x03\x1e\x02\x01\x00\x11\x00\x0a\x04\x1e\x02\x01\x00\x11\x00"
  "\x0a\x05\x1e\x02\x01\x00\x11\x00\x0a\x06\x1e\x02\x01\x00\x11\x00\x0a\x07\x1e\x02"
  "\x01\x00\x03\x00\x0a\x08\x1e\x02\x01\x00\x04\x00\x0a\x00\x1f\x00\x00\x00\x03\x00"
  "\x0a\x01\x1f\x00\x00\x00\x3b\x00\x0a\x02\x1f\x00\x00\x00\x37\x00\x0a\x03\x1f\x00"
  "\x00\x00\x11\x00\x0a\x04\x1f\x00\x00\x00\x11\x00\x0a\x05\x1f\x00\x00\x00\x11\x00"
  "\x0a\x06\x1f\x00\x00\x00\x11\x00\x0a\x07\x1f\x00\x00\x00\x03\x00\x0a\x08\x1f\x00"
  "\x00\x00\x04\x00\x0a\x00\x1f\x00\x01\x00\x04\x00\x0a\x01\x1f\x00\x01\x00\x3b\x00"
  "\x0a\x02\x1f\x00\x01\x00\x37\x00\x0a\x03\x1f\x00\x01\x00\x11\x00\x0a\x04\x1f\x00"
  "\x01\x00\x11\x00\x0a\x05\x1f\x00\x01\x00\x11\x00\x0a\x06\x1f\x00\x01\x00\x11\x00"
  "\x0a\x07\x1f\x00\x01\x00\x03\x00\x0a\x08\x1f\x00\x01\x00\x04\x00\x0a\x00\x1f\x01"
  "\x00\x00\x03\x00\x0a\x01\x1f\x01\x00\x00\x3b\x00\x0a\x02\x1f\x01\x00\x00\x37\x00"
  "\x0a\x03\x1f\x01\x00\x00\x11\x00\x0a\x04\x1f\x01\x00\x00\x11\x00\x0a\x05\x1f\x01"
  "\x00\x00\x11\x00\x0a\x06\x1f\x01\x00\x00\x11\x00\x0a\x07\x1f\x01\x00\x00\x03\x00"
  "\x0a\x08\x1f\x01\x00\x00\x04\x00\x0a\x00\x1f\x01\x01\x00\x04\x00\x0a\x01\x1f\x01"
  "\x01\x00\x3b\x00\x0a\x02\x1f\x01\x01\x00\x37\x00\x0a\x03\x1f\x01\x01\x00\x11\x00"
  "\x0a\x04\x1f\x01\x01\x00\x11\x00\x0a\x05\x1f\x01\x01\x00\x11\x00\x0a\x06\x1f\x01"
  "\x01\x00\x11\x00\x0a\x07\x1f\x01\x01\x00\x03\x00\x0a\x08\x1f\x01\x01\x00\x04\x00"
  "\x0a\x00\x1f\x02\x00\x00\x03\x00\x0a\x01\x1f\x02\x00\x00\x3b\x00\x0a\x02\x1f\x02"
  "\x00\x00\x37\x00\x0a\x03\x1f\x02\x00\x00\x11\x00\x0a\x04\x1f\x02\x00\x00\x11\x00"
  "\x0a\x05\x1f\x02\x00\x00\x11\x00\x0a\x06\x1f\x02\x00\x00\x11\x00\x0a\x07\x1f\x02"
  "\x00\x00\x03\x00\x0a\x08\x1f\x02\x00\x00\x04\x00\x0a\x00\x1f\x02\x01\x00\x04\x00"
  "\x0a\x01\x1f\x02\x01\x00\x3b\x00\x0a\x02\x1f\x02\x01\x00\x37\x00\x0a\x03\x1f\x02"
  "\x01\x00\x11\x00\x0a\x04\x1f\x02\x01\x00\x11\x00\x0a\x05\x1f\x02\x01\x00\x11\x00"
  "\x0a\x06\x1f\x02\x01\x00\x11\x00\x0a\x07\x1f\x02\x01\x00\x03\x00\x0a\x08\x1f\x02"
  "\x01\x00\x04\x00\x0a\x00\x20\x00\x00\x00\x03\x00\x0a\x01\x20\x00\x00\x00\x10\x00"
  "\x0a\x02\x20\x00\x00\x00\x37\x00\x0a\x03\x20\x00\x00\x00\x11\x00\x0a\x04\x20\x00"
  "\x00\x00\x11\x00\x0a\x05\x20\x00\x00\x00\x11\x00\x0a\x06\x20\x00\x00\x00\x11\x00"
  "\x0a\x07\x20\x00\x00\x00\x03\x00\x0a\x08\x20\x00\x00\x00\x04\x00\x0a\x00\x20\x00"
  "\x01\x00\x04\x00\x0a\x01\x20\x00\x01\x00\x0b\x00\x0a\x02\x20\x00\x01\x00\x37\x00"
  "\x0a\x03\x20\x00\x01\x00\x11\x00\x0a\x04\x20\x00\x01\x00\x11\x00\x0a\x05\x20\x00"
  "\x01\x00\x11\x00\x0a\x06\x20\x00\x01\x00\x11\x00\x0a\x07\x20\x00\x01\x00\x03\x00"
  "\x0a\x08\x20\x00\x01\x00\x04\x00\x0a\x00\x20\x01\x00\x00\x03\x00\x0a\x01\x20\x01"
  "\x00\x00\x10\x00\x0a\x02\x20\x01\x00\x00\x37\x00\x0a\x03\x20\x01\x00\x00\x11\x00"
  "\x0a\x04\x20\x01\x00\x00\x11\x00\x0a\x05\x20\x01\x00\x00\x11\x00\x0a\x06\x20\x01"
  "\x00\x00\x11\x00\x0a\x07\x20\x01\x00\x00\x03\x00\x0a\x08\x20\x01\x00\x00\x04\x00"
  "\x0a\x00\x20\x01\x01\x00\x04\x00\x0a\x01\x20\x01\x01\x00\x0b\x00\x0a\x02\x20\x01"
  "\x01\x00\x37\x00\x0a\x03\x20\x01\x01\x00\x11\x00\x0a\x04\x20\x01\x01\x00\x11\x00"
  "\x0a\x05\x20\x01\x01\x00\x11\x00\x0a\x06\x20\x01\x01\x00\x11\x00\x0a\x07\x20\x01"
  "\x01\x00\x03\x00\x0a\x08\x20\x01\x01\x00\x04\x00\x0a\x00\x20\x02\x00\x00\x03\x00"
  "\x0a\x01\x20\x02\x00\x00\x10\x00\x0a\x02\x20\x02\x00\x00\x37\x00\x0a\x03\x20\x02"
  "\x00\x00\x11\x00\x0a\x04\x20\x02\x00\x00\x11\x00\x0a\x05\x20\x02\x00\x00\x11\x00"
  "\x0a\x06\x20\x02\x00\x00\x11\x00\x0a\x07\x20\x02\x00\x00\x03\x00\x0a\x08\x20\x02"
  "\x00\x00\x04\x00\x0a\x00\x20\x02\x01\x00\x04\x00\x0a\x01\x20\x02\x01\x00\x0b\x00"
  "\x0a\x02\x20\x02\x01\x00\x37\x00\x0a\x03\x20\x02\x01\x00\x11\x00\x0a\x04\x20\x02"
  "\x01\x00\x11\x00\x0a\x05\x20\x02\x01\x00\x11\x00\x0a\x06\x20\x02\x01\x00\x11\x00"
  "\x0a\x07\x20\x02\x01\x00\x03\x00\x0a\x08\x20\x02\x01\x00\x04\x00\x0a\x00\x21\x00"
  "\x00\x00\x03\x00\x0a\x01\x21\x00\x00\x00\x30\x00\x0a\x02\x21\x00\x00\x00\x37\x00"
  "\x0a\x03\x21\x00\x00\x00\x11\x00\x0a\x04\x21\x00\x00\x00\x11\x00\x0a\x05\x21\x00"
  "\x00\x00\x11\x00\x0a\x06\x21\x00\x00\x00\x11\x00\x0a\x07\x21\x00\x00\x00\x03\x00"
  "\x0a\x08\x21\x00\x00\x00\x04\x00\x0a\x00\x21\x00\x01\x00\x04\x00\x0a\x01\x21\x00"
  "\x01\x00\x1a\x00\x0a\x02\x21\x00\x01\x00\x37\x00\x0a\x03\x21\x00\x01\x00\x11\x00"
  "\x0a\x04\x21\x00\x01\x00\x11\x00\x0a\x05\x21\x00\x01\x00\x11\x00\x0a\x06\x21\x00"
  "\x01\x00\x11\x00\x0a\x07\x21\x00\x01\x00\x03\x00\x0a\x08\x21\x00\x01\x00\x04\x00"
  "\x0a\x00\x21\x01\x00\x00\x03\x00\x0a\x01\x21\x01\x00\x00\x30\x00\x0a\x02\x21\x01"
  "\x00\x00\x37\x00\x0a\x03\x21\x01\x00\x00\x11\x00\x0a\x04\x21\x01\x00\x00\x11\x00"
  "\x0a\x05\x21\x01\x00\x00\x11\x00\x0a\x06\x21\x01\x00\x00\x11\x00\x0a\x07\x21\x01"
  "\x00\x00\x03\x00\x0a\x08\x21\x01\x00\x00\x04\x00\x0a\x00\x21\x01\x01\x00\x04\x00"
  "\x0a\x01\x21\x01\x01\x00\x1a\x00\x0a\x02\x21\x01\x01\x00\x37\x00\x0a\x03\x21\x01"
  "\x01\x00\x11\x00\x0a\x04\x21\x01\x01\x00\x11\x00\x0a\x05\x21\x01\x01\x00\x11\x00"
  "\x0a\x06\x21\x01\x01\x00\x11\x00\x0a\x07\x21\x01\x01\x00\x03\x00\x0a\x08\x21\x01"
  "\x01\x00\x04\x00\x0a\x00\x21\x02\x00\x00\x03\x00\x0a\x01\x21\x02\x00\x00\x30\x00"
  "\x0a\x02\x21\x02\x00\x00\x37\x00\x0a\x03\x21\x02\x00\x00\x11\x00\x0a\x04\x21\x02"
  "\x00\x00\x11\x00\x0a\x05\x21\x02\x00\x00\x11\x00\x0a\x06\x21\x02\x00\x00\x11\x00"
  "\x0a\x07\x21\x02\x00\x00\x03\x00\x0a\x08\x21\x02\x00\x00\x04\x00\x0a\x00\x21\x02"
  "\x01\x00\x04\x00\x0a\x01\x21\x02\x01\x00\x1a\x00\x0a\x02\x21\x02\x01\x00\x37\x00"
  "\x0a\x03\x21\x02\x01\x00\x11\x00\x0a\x04\x21\x02\x01\x00\x11\x00\x0a\x05\x21\x02"
  "\x01\x00\x11\x00\x0a\x06\x21\x02\x01\x00\x11\x00\x0a\x07\x21\x02\x01\x00\x03\x00"
  "\x0a\x08\x21\x02\x01\x00\x04\x00\x0a\x00\x22\x00\x00\x00\x03\x00\x0a\x01\x22\x00"
  "\x00\x00\x55\x00\x0a\x02\x22\x00\x00\x00\x37\x00\x0a\x03\x22\x00\x00\x00\x11\x00"
  "\x0a\x04\x22\x00\x00\x00\x11\x00\x0a\x05\x22\x00\x00\x00\x11\x00\x0a\x06\x22\x00"
  "\x00\x00\x11\x00\x0a\x07\x22\x00\x00\x00\x03\x00\x0a\x08\x22\x00\x00\x00\x00\x00"
  "\x0a\x00\x22\x00\x01\x00\x04\x00\x0a\x01\x22\x00\x01\x00\x54\x00\x0a\x02\x22\x00"
  "\x01\x00\x37\x00\x0a\x03\x22\x00\x01\x00\x11\x00\x0a\x04\x22\x00\x01\x00\x11\x00"
  "\x0a\x05\x22\x00\x01\x00\x11\x00\x0a\x06\x22\x00\x01\x00\x11\x00\x0a\x07\x22\x00"
  "\x01\x00\x03\x00\x0a\x08\x22\x00\x01\x00\x01\x00\x0a\x00\x22\x01\x00\x00\x03\x00"
  "\x0a\x01\x22\x01\x00\x00\x55\x00\x0a\x02\x22\x01\x00\x00\x37\x00\x0a\x03\x22\x01"
  "\x00\x00\x11\x00\x0a\x04\x22\x01\x00\x00\x11\x00\x0a\x05\x22\x01\x00\x00\x11\x00"
  "\x0a\x06\x22\x01\x00\x00\x11\x00\x0a\x07\x22\x01\x00\x00\x03\x00\x0a\x08\x22\x01"
  "\x00\x00\x00\x00\x0a\x00\x22\x01\x01\x00\x04\x00\x0a\x01\x22\x01\x01\x00\x54\x00"
  "\x0a\x02\x22\x01\x01\x00\x37\x00\x0a\x03\x22\x01\x01\x00\x11\x00\x0a\x04\x22\x01"
  "\x01\x00\x11\x00\x0a\x05\x22\x01\x01\x00\x11\x00\x0a\x06\x22\x01\x01\x00\x11\x00"
  "\x0a\x07\x22\x01\x01\x00\x03\x00\x0a\x08\x22\x01\x01\x00\x02\x00\x0a\x00\x22\x02"
  "\x00\x00\x03\x00\x0a\x01\x22\x02\x00\x00\x55\x00\x0a\x02\x22\x02\x00\x00\x37\x00"
  "\x0a\x03\x22\x02\x00\x00\x11\x00\x0a\x04\x22\x02\x00\x00\x11\x00\x0a\x05\x22\x02"
  "\x00\x00\x11\x00\x0a\x06\x22\x02\x00\x00\x11\x00\x0a\x07\x22\x02\x00\x00\x03\x00"
  "\x0a\x08\x22\x02\x00\x00\x03\x00\x0a\x00\x22\x02\x01\x00\x04\x00\x0a\x01\x22\x02"
  "\x01\x00\x54\x00\x0a\x02\x22\x02\x01\x00\x37\x00\x0a\x03\x22\x02\x01\x00\x11\x00"
  "\x0a\x04\x22\x02\x01\x00\x11\x00\x0a\x05\x22\x02\x01\x00\x11\x00\x0a\x06\x22\x02"
  "\x01\x00\x11\x00\x0a\x07\x22\x02\x01\x00\x03\x00\x0a\x08\x22\x02\x01\x00\x03\x00"
  "\x0a\x00\x23\x00\x00\x00\x03\x00\x0a\x01\x23\x00\x00\x00\x40\x00\x0a\x02\x23\x00"
  "\x00\x00\x37\x00\x0a\x03\x23\x00\x00\x00\x11\x00\x0a\x04\x23\x00\x00\x00\x11\x00"
  "\x0a\x05\x23\x00\x00\x00\x11\x00\x0a\x06\x23\x00\x00\x00\x11\x00\x0a\x07\x23\x00"
  "\x00\x00\x00\x00\x0a\x08\x23\x00\x00\x00\x04\x00\x0a\x00\x23\x00\x01\x00\x04\x00"
  "\x0a\x01\x23\x00\x01\x00\x34\x00\x0a\x02\x23\x00\x01\x00\x37\x00\x0a\x03\x23\x00"
  "\x01\x00\x11\x00\x0a\x04\x23\x00\x01\x00\x11\x00\x0a\x05\x23\x00\x01\x00\x11\x00"
  "\x0a\x06\x23\x00\x01\x00\x11\x00\x0a\x07\x23\x00\x01\x00\x01\x00\x0a\x08\x23\x00"
  "\x01\x00\x04\x00\x0a\x00\x23\x01\x00\x00\x03\x00\x0a\x01\x23\x01\x00\x00\x40\x00"
  "\x0a\x02\x23\x01\x00\x00\x37\x00\x0a\x03\x23\x01\x00\x00\x11\x00\x0a\x04\x23\x01"
  "\x00\x00\x11\x00\x0a\x05\x23\x01\x00\x00\x11\x00\x0a\x06\x23\x01\x00\x00\x11\x00"
  "\x0a\x07\x23\x01\x00\x00\x00\x00\x0a\x08\x23\x01\x00\x00\x04\x00\x0a\x00\x23\x01"
  "\x01\x00\x04\x00\x0a\x01\x23\x01\x01\x00\x34\x00\x0a\x02\x23\x01\x01\x00\x37\x00"
  "\x0a\x03\x23\x01\x01\x00\x11\x00\x0a\x04\x23\x01\x01\x00\x11\x00\x0a\x05\x23\x01"
  "\x01\x00\x11\x00\x0a\x06\x23\x01\x01\x00\x11\x00\x0a\x07\x23\x01\x01\x00\x01\x00"
  "\x0a\x08\x23\x01\x01\x00\x04\x00\x0a\x00\x23\x02\x00\x00\x03\x00\x0a\x01\x23\x02"
  "\x00\x00\x40\x00\x0a\x02\x23\x02\x00\x00\x37\x00\x0a\x03\x23\x02\x00\x00\x11\x00"
  "\x0a\x04\x23\x02\x00\x00\x11\x00\x0a\x05\x23\x02\x00\x00\x11\x00\x0a\x06\x23\x02"
  "\x00\x00\x11\x00\x0a\x07\x23\x02\x00\x00\x02\x00\x0a\x08\x23\x02\x00\x00\x04\x00"
  "\x0a\x00\x23\x02\x01\x00\x04\x00\x0a\x01\x23\x02\x01\x00\x34\x00\x0a\x02\x23\x02"
  "\x01\x00\x37\x00\x0a\x03\x23\x02\x01\x00\x11\x00\x0a\x04\x23\x02\x01\x00\x11\x00"
  "\x0a\x05\x23\x02\x01\x00\x11\x00\x0a\x06\x23\x02\x01\x00\x11\x00\x0a\x07\x23\x02"
  "\x01\x00\x02\x00\x0a\x08\x23\x02\x01\x00\x04\x00\x0a\x00\x24\x00\x00\x00\x03\x00"
  "\x0a\x01\x24\x00\x00\x00\x41\x00\x0a\x02\x24\x00\x00\x00\x37\x00\x0a\x03\x24\x00"
  "\x00\x00\x11\x00\x0a\x04\x24\x00\x00\x00\x11\x00\x0a\x05\x24\x00\x00\x00\x11\x00"
  "\x0a\x06\x24\x00\x00\x00\x11\x00\x0a\x07\x24\x00\x00\x00\x03\x00\x0a\x08\x24\x00"
  "\x00\x00\x04\x00\x0a\x00\x24\x00\x01\x00\x04\x00\x0a\x01\x24\x00\x01\x00\x34\x00"
  "\x0a\x02\x24\x00\x01\x00\x37\x00\x0a\x03\x24\x00\x01\x00\x11\x00\x0a\x04\x24\x00"
  "\x01\x00\x11\x00\x0a\x05\x24\x00\x01\x00\x11\x00\x0a\x06\x24\x00\x01\x00\x11\x00"
  "\x0a\x07\x24\x00\x01\x00\x03\x00\x0a\x08\x24\x00\x01\x00\x04\x00\x0a\x00\x24\x01"
  "\x00\x00\x03\x00\x0a\x01\x24\x01\x00\x00\x41\x00\x0a\x02\x24\x01\x00\x00\x37\x00"
  "\x0a\x03\x24\x01\x00\x00\x11\x00\x0a\x04\x24\x01\x00\x00\x11\x00\x0a\x05\x24\x01"
  "\x00\x00\x11\x00\x0a\x06\x24\x01\x00\x00\x11\x00\x0a\x07\x24\x01\x00\x00\x03\x00"
  "\x0a\x08\x24\x01\x00\x00\x04\x00\x0a\x00\x24\x01\x01\x00\x04\x00\x0a\x01\x24\x01"
  "\x01\x00\x34\x00\x0a\x02\x24\x01\x01\x00\x37\x00\x0a\x03\x24\x01\x01\x00\x11\x00"
  "\x0a\x04\x24\x01\x01\x00\x11\x00\x0a\x05\x24\x01\x01\x00\x11\x00\x0a\x06\x24\x01"
  "\x01\x00\x11\x00\x0a\x07\x24\x01\x01\x00\x03\x00\x0a\x08\x24\x01\x01\x00\x04\x00"
  "\x0a\x00\x24\x02\x00\x00\x03\x00\x0a\x01\x24\x02\x00\x00\x41\x00\x0a\x02\x24\x02"
  "\x00\x00\x37\x00\x0a\x03\x24\x02\x00\x00\x11\x00\x0a\x04\x24\x02\x00\x00\x11\x00"
  "\x0a\x05\x24\x02\x00\x00\x11\x00\x0a\x06\x24\x02\x00\x00\x11\x00\x0a\x07\x24\x02"
  "\x00\x00\x03\x00\x0a\x08\x24\x02\x00\x00\x04\x00\x0a\x00\x24\x02\x01\x00\x04\x00"
  "\x0a\x01\x24\x02\x01\x00\x34\x00\x0a\x02\x24\x02\x01\x00\x37\x00\x0a\x03\x24\x02"
  "\x01\x00\x11\x00\x0a\x04\x24\x02\x01\x00\x11\x00\x0a\x05\x24\x02\x01\x00\x11\x00"
  "\x0a\x06\x24\x02\x01\x00\x11\x00\x0a\x07\x24\x02\x01\x00\x03\x00\x0a\x08\x24\x02"
  "\x01\x00\x04\x00\x0a\x00\x25\x00\x00\x00\x03\x00\x0a\x01\x25\x00\x00\x00\x3f\x00"
  "\x0a\x02\x25\x00\x00\x00\x37\x00\x0a\x03\x25\x00\x00\x00\x11\x00\x0a\x04\x25\x00"
  "\x00\x00\x11\x00\x0a\x05\x25\x00\x00\x00\x11\x00\x0a\x06\x25\x00\x00\x00\x11\x00"
  "\x0a\x07\x25\x00\x00\x00\x03\x00\x0a\x08\x25\x00\x00\x00\x04\x00\x0a\x00\x25\x00"
  "\x01\x00\x04\x00\x0a\x01\x25\x00\x01\x00\x4f\x00\x0a\x02\x25\x00\x01\x00\x37\x00"
  "\x0a\x03\x25\x00\x01\x00\x11\x00\x0a\x04\x25\x00\x01\x00\x11\x00\x0a\x05\x25\x00"
  "\x01\x00\x11\x00\x0a\x06\x25\x00\x01\x00\x11\x00\x0a\x07\x25\x00\x01\x00\x03\x00"
  "\x0a\x08\x25\x00\x01\x00\x04\x00\x0a\x00\x25\x01\x00\x00\x03\x00\x0a\x01\x25\x01"
  "\x00\x00\x3f\x00\x0a\x02\x25\x01\x00\x00\x37\x00\x0a\x03\x25\x01\x00\x00\x11\x00"
  "\x0a\x04\x25\x01\x00\x00\x11\x00\x0a\x05\x25\x01\x00\x00\x11\x00\x0a\x06\x25\x01"
  "\x00\x00\x11\x00\x0a\x07\x25\x01\x00\x00\x03\x00\x0a\x08\x25\x01\x00\x00\x04\x00"
  "\x0a\x00\x25\x01\x01\x00\x04\x00\x0a\x01\x25\x01\x01\x00\x4f\x00\x0a\x02\x25\x01"
  "\x01\x00\x37\x00\x0a\x03\x25\x01\x01\x00\x11\x00\x0a\x04\x25\x01\x01\x00\x11\x00"
  "\x0a\x05\x25\x01\x01\x00\x11\x00\x0a\x06\x25\x01\x01\x00\x11\x00\x0a\x07\x25\x01"
  "\x01\x00\x03\x00\x0a\x08\x25\x01\x01\x00\x04\x00\x0a\x00\x25\x02\x00\x00\x03\x00"
  "\x0a\x01\x25\x02\x00\x00\x3f\x00\x0a\x02\x25\x02\x00\x00\x37\x00\x0a\x03\x25\x02"
  "\x00\x00\x11\x00\x0a\x04\x25\x02\x00\x00\x11\x00\x0a\x05\x25\x02\x00\x00\x11\x00"
  "\x0a\x06\x25\x02\x00\x00\x11\x00\x0a\x07\x25\x02\x00\x00\x03\x00\x0a\x08\x25\x02"
  "\x00\x00\x04\x00\x0a\x00\x25\x02\x01\x00\x04\x00\x0a\x01\x25\x02\x01\x00\x4f\x00"
  "\x0a\x02\x25\x02\x01\x00\x37\x00\x0a\x03\x25\x02\x01\x00\x11\x00\x0a\x04\x25\x02"
  "\x01\x00\x11\x00\x0a\x05\x25\x02\x01\x00\x11\x00\x0a\x06\x25\x02\x01\x00\x11\x00"
  "\x0a\x07\x25\x02\x01\x00\x03\x00\x0a\x08\x25\x02\x01\x00\x04\x00\x0a\x00\x26\x00"
  "\x00\x00\x03\x00\x0a\x01\x26\x00\x00\x00\x04\x00\x0a\x02\x26\x00\x00\x00\x37\x00"
  "\x0a\x03\x26\x00\x00\x00\x11\x00\x0a\x04\x26\x00\x00\x00\x11\x00\x0a\x05\x26\x00"
  "\x00\x00\x11\x00\x0a\x06\x26\x00\x00\x00\x11\x00\x0a\x07\x26\x00\x00\x00\x03\x00"
  "\x0a\x08\x26\x00\x00\x00\x04\x00\x0a\x00\x26\x00\x01\x00\x04\x00\x0a\x01\x26\x00"
  "\x01\x00\x04\x00\x0a\x02\x26\x00\x01\x00\x37\x00\x0a\x03\x26\x00\x01\x00\x11\x00"
  "\x0a\x04\x26\x00\x01\x00\x11\x00\x0a\x05\x26\x00\x01\x00\x11\x00\x0a\x06\x26\x00"
  "\x01\x00\x11\x00\x0a\x07\x26\x00\x01\x00\x03\x00\x0a\x08\x26\x00\x01\x00\x04\x00"
  "\x0a\x00\x26\x01\x00\x00\x03\x00\x0a\x01\x26\x01\x00\x00\x04\x00\x0a\x02\x26\x01"
  "\x00\x00\x37\x00\x0a\x03\x26\x01\x00\x00\x11\x00\x0a\x04\x26\x01\x00\x00\x11\x00"
  "\x0a\x05\x26\x01\x00\x00\x11\x00\x0a\x06\x26\x01\x00\x00\x11\x00\x0a\x07\x26\x01"
  "\x00\x00\x03\x00\x0a\x08\x26\x01\x00\x00\x04\x00\x0a\x00\x26\x01\x01\x00\x04\x00"
  "\x0a\x01\x26\x01\x01\x00\x04\x00\x0a\x02\x26\x01\x01\x00\x37\x00\x0a\x03\x26\x01"
  "\x01\x00\x11\x00\x0a\x04\x26\x01\x01\x00\x11\x00\x0a\x05\x26\x01\x01\x00\x11\x00"
  "\x0a\x06\x26\x01\x01\x00\x11\x00\x0a\x07\x26\x01\x01\x00\x03\x00\x0a\x08\x26\x01"
  "\x01\x00\x04\x00\x0a\x00\x26\x02\x00\x00\x03\x00\x0a\x01\x26\x02\x00\x00\x04\x00"
  "\x0a\x02\x26\x02\x00\x00\x37\x00\x0a\x03\x26\x02\x00\x00\x11\x00\x0a\x04\x26\x02"
  "\x00\x00\x11\x00\x0a\x05\x26\x02\x00\x00\x11\x00\x0a\x06\x26\x02\x00\x00\x11\x00"
  "\x0a\x07\x26\x02\x00\x00\x03\x00\x0a\x08\x26\x02\x00\x00\x04\x00\x0a\x00\x26\x02"
  "\x01\x00\x04\x00\x0a\x01\x26\x02\x01\x00\x04\x00\x0a\x02\x26\x02\x01\x00\x37\x00"
  "\x0a\x03\x26\x02\x01\x00\x11\x00\x0a\x04\x26\x02\x01\x00\x11\x00\x0a\x05\x26\x02"
  "\x01\x00\x11\x00\x0a\x06\x26\x02\x01\x00\x11\x00\x0a\x07\x26\x02\x01\x00\x03\x00"
  "\x0a\x08\x26\x02\x01\x00\x04\x00\x0a\x00\x27\x00\x00\x00\x03\x00\x0a\x01\x27\x00"
  "\x00\x00\x3d\x00\x0a\x02\x27\x00\x00\x00\x37\x00\x0a\x03\x27\x00\x00\x00\x11\x00"
  "\x0a\x04\x27\x00\x00\x00\x11\x00\x0a\x05\x27\x00\x00\x00\x11\x00\x0a\x06\x27\x00"
  "\x00\x00\x11\x00\x0a\x07\x27\x00\x00\x00\x03\x00\x0a\x08\x27\x00\x00\x00\x04\x00"
  "\x0a\x00\x27\x00\x01\x00\x04\x00\x0a\x01\x27\x00\x01\x00\x3e\x00\x0a\x02\x27\x00"
  "\x01\x00\x37\x00\x0a\x03\x27\x00\x01\x00\x11\x00\x0a\x04\x27\x00\x01\x00\x11\x00"
  "\x0a\x05\x27\x00\x01\x00\x11\x00\x0a\x06\x27\x00\x01\x00\x11\x00\x0a\x07\x27\x00"
  "\x01\x00\x03\x00\x0a\x08\x27\x00\x01\x00\x04\x00\x0a\x00\x27\x01\x00\x00\x03\x00"
  "\x0a\x01\x27\x01\x00\x00\x3d\x00\x0a\x02\x27\x01\x00\x00\x37\x00\x0a\x03\x27\x01"
  "\x00\x00\x11\x00\x0a\x04\x27\x01\x00\x00\x11\x00\x0a\x05\x27\x01\x00\x00\x11\x00"
  "\x0a\x06\x27\x01\x00\x00\x11\x00\x0a\x07\x27\x01\x00\x00\x03\x00\x0a\x08\x27\x01"
  "\x00\x00\x04\x00\x0a\x00\x27\x01\x01\x00\x04\x00\x0a\x01\x27\x01\x01\x00\x3e\x00"
  "\x0a\x02\x27\x01\x01\x00\x37\x00\x0a\x03\x27\x01\x01\x00\x11\x00\x0a\x04\x27\x01"
  "\x01\x00\x11\x00\x0a\x05\x27\x01\x01\x00\x11\x00\x0a\x06\x27\x01\x01\x00\x11\x00"
  "\x0a\x07\x27\x01\x01\x00\x03\x00\x0a\x08\x27\x01\x01\x00\x04\x00\x0a\x00\x27\x02"
  "\x00\x00\x03\x00\x0a\x01\x27\x02\x00\x00\x3d\x00\x0a\x02\x27\x02\x00\x00\x37\x00"
  "\x0a\x03\x27\x02\x00\x00\x11\x00\x0a\x04\x27\x02\x00\x00\x11\x00\x0a\x05\x27\x02"
  "\x00\x00\x11\x00\x0a\x06\x27\x02\x00\x00\x11\x00\x0a\x07\x27\x02\x00\x00\x03\x00"
  "\x0a\x08\x27\x02\x00\x00\x04\x00\x0a\x00\x27\x02\x01\x00\x04\x00\x0a\x01\x27\x02"
  "\x01\x00\x3e\x00\x0a\x02\x27\x02\x01\x00\x37\x00\x0a\x03\x27\x02\x01\x00\x11\x00"
  "\x0a\x04\x27\x02\x01\x00\x11\x00\x0a\x05\x27\x02\x01\x00\x11\x00\x0a\x06\x27\x02"
  "\x01\x00\x11\x00\x0a\x07\x27\x02\x01\x00\x03\x00\x0a\x08\x27\x02\x01\x00\x04\x00"
  "\x0a\x00\x28\x00\x00\x00\x03\x00\x0a\x01\x28\x00\x00\x00\x4a\x00\x0a\x02\x28\x00"
  "\x00\x00\x37\x00\x0a\x03\x28\x00\x00\x00\x11\x00\x0a\x04\x28\x00\x00\x00\x11\x00"
  "\x0a\x05\x28\x00\x00\x00\x11\x00\x0a\x06\x28\x00\x00\x00\x11\x00\x0a\x07\x28\x00"
  "\x00\x00\x03\x00\x0a\x08\x28\x00\x00\x00\x04\x00\x0a\x00\x28\x00\x01\x00\x04\x00"
  "\x0a\x01\x28\x00\x01\x00\x2e\x00\x0a\x02\x28\x00\x01\x00\x37\x00\x0a\x03\x28\x00"
  "\x01\x00\x11\x00\x0a\x04\x28\x00\x01\x00\x11\x00\x0a\x05\x28\x00\x01\x00\x11\x00"
  "\x0a\x06\x28\x00\x01\x00\x11\x00\x0a\x07\x28\x00\x01\x00\x03\x00\x0a\x08\x28\x00"
  "\x01\x00\x04\x00\x0a\x00\x28\x01\x00\x00\x03\x00\x0a\x01\x28\x01\x00\x00\x4a\x00"
  "\x0a\x02\x28\x01\x00\x00\x37\x00\x0a\x03\x28\x01\x00\x00\x11\x00\x0a\x04\x28\x01"
  "\x00\x00\x11\x00\x0a\x05\x28\x01\x00\x00\x11\x00\x0a\x06\x28\x01\x00\x00\x11\x00"
  "\x0a\x07\x28\x01\x00\x00\x03\x00\x0a\x08\x28\x01\x00\x00\x04\x00\x0a\x00\x28\x01"
  "\x01\x00\x04\x00\x0a\x01\x28\x01\x01\x00\x2e\x00\x0a\x02\x28\x01\x01\x00\x37\x00"
  "\x0a\x03\x28\x01\x01\x00\x11\x00\x0a\x04\x28\x01\x01\x00\x11\x00\x0a\x05\x28\x01"
  "\x01\x00\x11\x00\x0a\x06\x28\x01\x01\x00\x11\x00\x0a\x07\x28\x01\x01\x00\x03\x00"
  "\x0a\x08\x28\x01\x01\x00\x04\x00\x0a\x00\x28\x02\x00\x00\x03\x00\x0a\x01\x28\x02"
  "\x00\x00\x4a\x00\x0a\x02\x28\x02\x00\x00\x37\x00\x0a\x03\x28\x02\x00\x00\x11\x00"
  "\x0a\x04\x28\x02\x00\x00\x11\x00\x0a\x05\x28\x02\x00\x00\x11\x00\x0a\x06\x28\x02"
  "\x00\x00\x11\x00\x0a\x07\x28\x02\x00\x00\x03\x00\x0a\x08\x28\x02\x00\x00\x04\x00"
  "\x0a\x00\x28\x02\x01\x00\x04\x00\x0a\x01\x28\x02\x01\x00\x2e\x00\x0a\x02\x28\x02"
  "\x01\x00\x37\x00\x0a\x03\x28\x02\x01\x00\x11\x00\x0a\x04\x28\x02\x01\x00\x11\x00"
  "\x0a\x05\x28\x02\x01\x00\x11\x00\x0a\x06\x28\x02\x01\x00\x11\x00\x0a\x07\x28\x02"
  "\x01\x00\x03\x00\x0a\x08\x28\x02\x01\x00\x04\x00\x0a\x00\x29\x00\x00\x00\x03\x00"
  "\x0a\x01\x29\x00\x00\x00\x44\x00\x0a\x02\x29\x00\x00\x00\x37\x00\x0a\x03\x29\x00"
  "\x00\x00\x11\x00\x0a\x04\x29\x00\x00\x00\x11\x00\x0a\x05\x29\x00\x00\x00\x11\x00"
  "\x0a\x06\x29\x00\x00\x00\x11\x00\x0a\x07\x29\x00\x00\x00\x03\x00\x0a\x08\x29\x00"
  "\x00\x00\x04\x00\x0a\x00\x29\x00\x01\x00\x04\x00\x0a\x01\x29\x00\x01\x00\x05\x00"
  "\x0a\x02\x29\x00\x01\x00\x37\x00\x0a\x03\x29\x00\x01\x00\x11\x00\x0a\x04\x29\x00"
  "\x01\x00\x11\x00\x0a\x05\x29\x00\x01\x00\x11\x00\x0a\x06\x29\x00\x01\x00\x11\x00"
  "\x0a\x07\x29\x00\x01\x00\x03\x00\x0a\x08\x29\x00\x01\x00\x04\x00\x0a\x00\x29\x01"
  "\x00\x00\x03\x00\x0a\x01\x29\x01\x00\x00\x44\x00\x0a\x02\x29\x01\x00\x00\x37\x00"
  "\x0a\x03\x29\x01\x00\x00\x11\x00\x0a\x04\x29\x01\x00\x00\x11\x00\x0a\x05\x29\x01"
  "\x00\x00\x11\x00\x0a\x06\x29\x01\x00\x00\x11\x00\x0a\x07\x29\x01\x00\x00\x03\x00"
  "\x0a\x08\x29\x01\x00\x00\x04\x00\x0a\x00\x29\x01\x01\x00\x04\x00\x0a\x01\x29\x01"
  "\x01\x00\x05\x00\x0a\x02\x29\x01\x01\x00\x37\x00\x0a\x03\x29\x01\x01\x00\x11\x00"
  "\x0a\x04\x29\x01\x01\x00\x11\x00\x0a\x05\x29\x01\x01\x00\x11\x00\x0a\x06\x29\x01"
  "\x01\x00\x11\x00\x0a\x07\x29\x01\x01\x00\x03\x00\x0a\x08\x29\x01\x01\x00\x04\x00"
  "\x0a\x00\x29\x02\x00\x00\x03\x00\x0a\x01\x29\x02\x00\x00\x44\x00\x0a\x02\x29\x02"
  "\x00\x00\x37\x00\x0a\x03\x29\x02\x00\x00\x11\x00\x0a\x04\x29\x02\x00\x00\x11\x00"
  "\x0a\x05\x29\x02\x00\x00\x11\x00\x0a\x06\x29\x02\x00\x00\x11\x00\x0a\x07\x29\x02"
  "\x00\x00\x03\x00\x0a\x08\x29\x02\x00\x00\x04\x00\x0a\x00\x29\x02\x01\x00\x04\x00"
  "\x0a\x01\x29\x02\x01\x00\x05\x00\x0a\x02\x29\x02\x01\x00\x37\x00\x0a\x03\x29\x02"
  "\x01\x00\x11\x00\x0a\x04\x29\x02\x01\x00\x11\x00\x0a\x05\x29\x02\x01\x00\x11\x00"
  "\x0a\x06\x29\x02\x01\x00\x11\x00\x0a\x07\x29\x02\x01\x00\x03\x00\x0a\x08\x29\x02"
  "\x01\x00\x04\x00\x0a\x00\x2a\x00\x00\x00\x03\x00\x0a\x01\x2a\x00\x00\x00\x0a\x00"
  "\x0a\x02\x2a\x00\x00\x00\x37\x00\x0a\x03\x2a\x00\x00\x00\x11\x00\x0a\x04\x2a\x00"
  "\x00\x00\x11\x00\x0a\x05\x2a\x00\x00\x00\x11\x00\x0a\x06\x2a\x00\x00\x00\x11\x00"
  "\x0a\x07\x2a\x00\x00\x00\x03\x00\x0a\x08\x2a\x00\x00\x00\x04\x00\x0a\x00\x2a\x00"
  "\x01\x00\x04\x00\x0a\x01\x2a\x00\x01\x00\x09\x00\x0a\x02\x2a\x00\x01\x00\x37\x00"
  "\x0a\x03\x2a\x00\x01\x00\x11\x00\x0a\x04\x2a\x00\x01\x00\x11\x00\x0a\x05\x2a\x00"
  "\x01\x00\x11\x00\x0a\x06\x2a\x00\x01\x00\x11\x00\x0a\x07\x2a\x00\x01\x00\x03\x00"
  "\x0a\x08\x2a\x00\x01\x00\x04\x00\x0a\x00\x2a\x01\x00\x00\x03\x00\x0a\x01\x2a\x01"
  "\x00\x00\x0a\x00\x0a\x02\x2a\x01\x00\x00\x37\x00\x0a\x03\x2a\x01\x00\x00\x11\x00"
  "\x0a\x04\x2a\x01\x00\x00\x11\x00\x0a\x05\x2a\x01\x00\x00\x11\x00\x0a\x06\x2a\x01"
  "\x00\x00\x11\x00\x0a\x07\x2a\x01\x00\x00\x03\x00\x0a\x08\x2a\x01\x00\x00\x04\x00"
  "\x0a\x00\x2a\x01\x01\x00\x04\x00\x0a\x01\x2a\x01\x01\x00\x09\x00\x0a\x02\x2a\x01"
  "\x01\x00\x37\x00\x0a\x03\x2a\x01\x01\x00\x11\x00\x0a\x04\x2a\x01\x01\x00\x11\x00"
  "\x0a\x05\x2a\x01\x01\x00\x11\x00\x0a\x06\x2a\x01\x01\x00\x11\x00\x0a\x07\x2a\x01"
  "\x01\x00\x03\x00\x0a\x08\x2a\x01\x01\x00\x04\x00\x0a\x00\x2a\x02\x00\x00\x03\x00"
  "\x0a\x01\x2a\x02\x00\x00\x0a\x00\x0a\x02\x2a\x02\x00\x00\x37\x00\x0a\x03\x2a\x02"
  "\x00\x00\x11\x00\x0a\x04\x2a\x02\x00\x00\x11\x00\x0a\x05\x2a\x02\x00\x00\x11\x00"
  "\x0a\x06\x2a\x02\x00\x00\x11\x00\x0a\x07\x2a\x02\x00\x00\x03\x00\x0a\x08\x2a\x02"
  "\x00\x00\x04\x00\x0a\x00\x2a\x02\x01\x00\x04\x00\x0a\x01\x2a\x02\x01\x00\x09\x00"
  "\x0a\x02\x2a\x02\x01\x00\x37\x00\x0a\x03\x2a\x02\x01\x00\x11\x00\x0a\x04\x2a\x02"
  "\x01\x00\x11\x00\x0a\x05\x2a\x02\x01\x00\x11\x00\x0a\x06\x2a\x02\x01\x00\x11\x00"
  "\x0a\x07\x2a\x02\x01\x00\x03\x00\x0a\x08\x2a\x02\x01\x00\x04\x00\x0a\x00\x2b\x00"
  "\x00\x00\x03\x00\x0a\x01\x2b\x00\x00\x00\x46\x00\x0a\x02\x2b\x00\x00\x00\x37\x00"
  "\x0a\x03\x2b\x00\x00\x00\x11\x00\x0a\x04\x2b\x00\x00\x00\x11\x00\x0a\x05\x2b\x00"
  "\x00\x00\x11\x00\x0a\x06\x2b\x00\x00\x00\x11\x00\x0a\x07\x2b\x00\x00\x00\x03\x00"
  "\x0a\x08\x2b\x00\x00\x00\x04\x00\x0a\x00\x2b\x00\x01\x00\x04\x00\x0a\x01\x2b\x00"
  "\x01\x00\x12\x00\x0a\x02\x2b\x00\x01\x00\x37\x00\x0a\x03\x2b\x00\x01\x00\x11\x00"
  "\x0a\x04\x2b\x00\x01\x00\x11\x00\x0a\x05\x2b\x00\x01\x00\x11\x00\x0a\x06\x2b\x00"
  "\x01\x00\x11\x00\x0a\x07\x2b\x00\x01\x00\x03\x00\x0a\x08\x2b\x00\x01\x00\x04\x00"
  "\x0a\x00\x2b\x01\x00\x00\x03\x00\x0a\x01\x2b\x01\x00\x00\x46\x00\x0a\x02\x2b\x01"
  "\x00\x00\x37\x00\x0a\x03\x2b\x01\x00\x00\x11\x00\x0a\x04\x2b\x01\x00\x00\x11\x00"
  "\x0a\x05\x2b\x01\x00\x00\x11\x00\x0a\x06\x2b\x01\x00\x00\x11\x00\x0a\x07\x2b\x01"
  "\x00\x00\x03\x00\x0a\x08\x2b\x01\x00\x00\x04\x00\x0a\x00\x2b\x01\x01\x00\x04\x00"
  "\x0a\x01\x2b\x01\x01\x00\x12\x00\x0a\x02\x2b\x01\x01\x00\x37\x00\x0a\x03\x2b\x01"
  "\x01\x00\x11\x00\x0a\x04\x2b\x01\x01\x00\x11\x00\x0a\x05\x2b\x01\x01\x00\x11\x00"
  "\x0a\x06\x2b\x01\x01\x00\x11\x00\x0a\x07\x2b\x01\x01\x00\x03\x00\x0a\x08\x2b\x01"
  "\x01\x00\x04\x00\x0a\x00\x2b\x02\x00\x00\x03\x00\x0a\x01\x2b\x02\x00\x00\x46\x00"
  "\x0a\x02\x2b\x02\x00\x00\x37\x00\x0a\x03\x2b\x02\x00\x00\x11\x00\x0a\x04\x2b\x02"
  "\x00\x00\x11\x00\x0a\x05\x2b\x02\x00\x00\x11\x00\x0a\x06\x2b\x02\x00\x00\x11\x00"
  "\x0a\x07\x2b\x02\x00\x00\x03\x00\x0a\x08\x2b\x02\x00\x00\x04\x00\x0a\x00\x2b\x02"
  "\x01\x00\x04\x00\x0a\x01\x2b\x02\x01\x00\x12\x00\x0a\x02\x2b\x02\x01\x00\x37\x00"
  "\x0a\x03\x2b\x02\x01\x00\x11\x00\x0a\x04\x2b\x02\x01\x00\x11\x00\x0a\x05\x2b\x02"
  "\x01\x00\x11\x00\x0a\x06\x2b\x02\x01\x00\x11\x00\x0a\x07\x2b\x02\x01\x00\x03\x00"
  "\x0a\x08\x2b\x02\x01\x00\x04\x00\x0a\x00\x2c\x00\x00\x00\x03\x00\x0a\x01\x2c\x00"
  "\x00\x00\x47\x00\x0a\x02\x2c\x00\x00\x00\x37\x00\x0a\x03\x2c\x00\x00\x00\x11\x00"
  "\x0a\x04\x2c\x00\x00\x00\x11\x00\x0a\x05\x2c\x00\x00\x00\x11\x00\x0a\x06\x2c\x00"
  "\x00\x00\x11\x00\x0a\x07\x2c\x00\x00\x00\x03\x00\x0a\x08\x2c\x00\x00\x00\x04\x00"
  "\x0a\x00\x2c\x00\x01\x00\x04\x00\x0a\x01\x2c\x00\x01\x00\x12\x00\x0a\x02\x2c\x00"
  "\x01\x00\x37\x00\x0a\x03\x2c\x00\x01\x00\x11\x00\x0a\x04\x2c\x00\x01\x00\x11\x00"
  "\x0a\x05\x2c\x00\x01\x00\x11\x00\x0a\x06\x2c\x00\x01\x00\x11\x00\x0a\x07\x2c\x00"
  "\x01\x00\x03\x00\x0a\x08\x2c\x00\x01\x00\x04\x00\x0a\x00\x2c\x01\x00\x00\x03\x00"
  "\x0a\x01\x2c\x01\x00\x00\x47\x00\x0a\x02\x2c\x01\x00\x00\x37\x00\x0a\x03\x2c\x01"
  "\x00\x00\x11\x00\x0a\x04\x2c\x01\x00\x00\x11\x00\x0a\x05\x2c\x01\x00\x00\x11\x00"
  "\x0a\x06\x2c\x01\x00\x00\x11\x00\x0a\x07\x2c\x01\x00\x00\x03\x00\x0a\x08\x2c\x01"
  "\x00\x00\x04\x00\x0a\x00\x2c\x01\x01\x00\x04\x00\x0a\x01\x2c\x01\x01\x00\x12\x00"
  "\x0a\x02\x2c\x01\x01\x00\x37\x00\x0a\x03\x2c\x01\x01\x00\x11\x00\x0a\x04\x2c\x01"
  "\x01\x00\x11\x00\x0a\x05\x2c\x01\x01\x00\x11\x00\x0a\x06\x2c\x01\x01\x00\x11\x00"
  "\x0a\x07\x2c\x01\x01\x00\x03\x00\x0a\x08\x2c\x01\x01\x00\x04\x00\x0a\x00\x2c\x02"
  "\x00\x00\x03\x00\x0a\x01\x2c\x02\x00\x00\x47\x00\x0a\x02\x2c\x02\x00\x00\x37\x00"
  "\x0a\x03\x2c\x02\x00\x00\x11\x00\x0a\x04\x2c\x02\x00\x00\x11\x00\x0a\x05\x2c\x02"
  "\x00\x00\x11\x00\x0a\x06\x2c\x02\x00\x00\x11\x00\x0a\x07\x2c\x02\x00\x00\x03\x00"
  "\x0a\x08\x2c\x02\x00\x00\x04\x00\x0a\x00\x2c\x02\x01\x00\x04\x00\x0a\x01\x2c\x02"
  "\x01\x00\x12\x00\x0a\x02\x2c\x02\x01\x00\x37\x00\x0a\x03\x2c\x02\x01\x00\x11\x00"
  "\x0a\x04\x2c\x02\x01\x00\x11\x00\x0a\x05\x2c\x02\x01\x00\x11\x00\x0a\x06\x2c\x02"
  "\x01\x00\x11\x00\x0a\x07\x2c\x02\x01\x00\x03\x00\x0a\x08\x2c\x02\x01\x00\x04\x00"
  "\x0a\x00\x2d\x00\x00\x00\x03\x00\x0a\x01\x2d\x00\x00\x00\x4b\x00\x0a\x02\x2d\x00"
  "\x00\x00\x37\x00\x0a\x03\x2d\x00\x00\x00\x11\x00\x0a\x04\x2d\x00\x00\x00\x11\x00"
  "\x0a\x05\x2d\x00\x00\x00\x11\x00\x0a\x06\x2d\x00\x00\x00\x11\x00\x0a\x07\x2d\x00"
  "\x00\x00\x03\x00\x0a\x08\x2d\x00\x00\x00\x04\x00\x0a\x00\x2d\x00\x01\x00\x04\x00"
  "\x0a\x01\x2d\x00\x01\x00\x2f\x00\x0a\x02\x2d\x00\x01\x00\x37\x00\x0a\x03\x2d\x00"
  "\x01\x00\x11\x00\x0a\x04\x2d\x00\x01\x00\x11\x00\x0a\x05\x2d\x00\x01\x00\x11\x00"
  "\x0a\x06\x2d\x00\x01\x00\x11\x00\x0a\x07\x2d\x00\x01\x00\x03\x00\x0a\x08\x2d\x00"
  "\x01\x00\x04\x00\x0a\x00\x2d\x01\x00\x00\x03\x00\x0a\x01\x2d\x01\x00\x00\x4b\x00"
  "\x0a\x02\x2d\x01\x00\x00\x37\x00\x0a\x03\x2d\x01\x00\x00\x11\x00\x0a\x04\x2d\x01"
  "\x00\x00\x11\x00\x0a\x05\x2d\x01\x00\x00\x11\x00\x0a\x06\x2d\x01\x00\x00\x11\x00"
  "\x0a\x07\x2d\x01\x00\x00\x03\x00\x0a\x08\x2d\x01\x00\x00\x04\x00\x0a\x00\x2d\x01"
  "\x01\x00\x04\x00\x0a\x01\x2d\x01\x01\x00\x2f\x00\x0a\x02\x2d\x01\x01\x00\x37\x00"
  "\x0a\x03\x2d\x01\x01\x00\x11\x00\x0a\x04\x2d\x01\x01\x00\x11\x00\x0a\x05\x2d\x01"
  "\x01\x00\x11\x00\x0a\x06\x2d\x01\x01\x00\x11\x00\x0a\x07\x2d\x01\x01\x00\x03\x00"
  "\x0a\x08\x2d\x01\x01\x00\x04\x00\x0a\x00\x2d\x02\x00\x00\x03\x00\x0a\x01\x2d\x02"
  "\x00\x00\x4b\x00\x0a\x02\x2d\x02\x00\x00\x37\x00\x0a\x03\x2d\x02\x00\x00\x11\x00"
  "\x0a\x04\x2d\x02\x00\x00\x11\x00\x0a\x05\x2d\x02\x00\x00\x11\x00\x0a\x06\x2d\x02"
  "\x00\x00\x11\x00\x0a\x07\x2d\x02\x00\x00\x03\x00\x0a\x08\x2d\x02\x00\x00\x04\x00"
  "\x0a\x00\x2d\x02\x01\x00\x04\x00\x0a\x01\x2d\x02\x01\x00\x2f\x00\x0a\x02\x2d\x02"
  "\x01\x00\x37\x00\x0a\x03\x2d\x02\x01\x00\x11\x00\x0a\x04\x2d\x02\x01\x00\x11\x00"
  "\x0a\x05\x2d\x02\x01\x00\x11\x00\x0a\x06\x2d\x02\x01\x00\x11\x00\x0a\x07\x2d\x02"
  "\x01\x00\x03\x00\x0a\x08\x2d\x02\x01\x00\x04\x00\x0a\x00\x2e\x00\x00\x00\x03\x00"
  "\x0a\x01\x2e\x00\x00\x00\x02\x00\x0a\x02\x2e\x00\x00\x00\x37\x00\x0a\x03\x2e\x00"
  "\x00\x00\x11\x00\x0a\x04\x2e\x00\x00\x00\x11\x00\x0a\x05\x2e\x00\x00\x00\x11\x00"
  "\x0a\x06\x2e\x00\x00\x00\x11\x00\x0a\x07\x2e\x00\x00\x00\x03\x00\x0a\x08\x2e\x00"
  "\x00\x00\x04\x00\x0a\x00\x2e\x00\x01\x00\x04\x00\x0a\x01\x2e\x00\x01\x00\x1e\x00"
  "\x0a\x02\x2e\x00\x01\x00\x37\x00\x0a\x03\x2e\x00\x01\x00\x11\x00\x0a\x04\x2e\x00"
  "\x01\x00\x11\x00\x0a\x05\x2e\x00\x01\x00\x11\x00\x0a\x06\x2e\x00\x01\x00\x11\x00"
  "\x0a\x07\x2e\x00\x01\x00\x03\x00\x0a\x08\x2e\x00\x01\x00\x04\x00\x0a\x00\x2e\x01"
  "\x00\x00\x03\x00\x0a\x01\x2e\x01\x00\x00\x02\x00\x0a\x02\x2e\x01\x00\x00\x37\x00"
  "\x0a\x03\x2e\x01\x00\x00\x11\x00\x0a\x04\x2e\x01\x00\x00\x11\x00\x0a\x05\x2e\x01"
  "\x00\x00\x11\x00\x0a\x06\x2e\x01\x00\x00\x11\x00\x0a\x07\x2e\x01\x00\x00\x03\x00"
  "\x0a\x08\x2e\x01\x00\x00\x04\x00\x0a\x00\x2e\x01\x01\x00\x04\x00\x0a\x01\x2e\x01"
  "\x01\x00\x1e\x00\x0a\x02\x2e\x01\x01\x00\x37\x00\x0a\x03\x2e\x01\x01\x00\x11\x00"
  "\x0a\x04\x2e\x01\x01\x00\x11\x00\x0a\x05\x2e\x01\x01\x00\x11\x00\x0a\x06\x2e\x01"
  "\x01\x00\x11\x00\x0a\x07\x2e\x01\x01\x00\x03\x00\x0a\x08\x2e\x01\x01\x00\x04\x00"
  "\x0a\x00\x2e\x02\x00\x00\x03\x00\x0a\x01\x2e\x02\x00\x00\x02\x00\x0a\x02\x2e\x02"
  "\x00\x00\x37\x00\x0a\x03\x2e\x02\x00\x00\x11\x00\x0a\x04\x2e\x02\x00\x00\x11\x00"
  "\x0a\x05\x2e\x02\x00\x00\x11\x00\x0a\x06\x2e\x02\x00\x00\x11\x00\x0a\x07\x2e\x02"
  "\x00\x00\x03\x00\x0a\x08\x2e\x02\x00\x00\x04\x00\x0a\x00\x2e\x02\x01\x00\x04\x00"
  "\x0a\x01\x2e\x02\x01\x00\x1e\x00\x0a\x02\x2e\x02\x01\x00\x37\x00\x0a\x03\x2e\x02"
  "\x01\x00\x11\x00\x0a\x04\x2e\x02\x01\x00\x11\x00\x0a\x05\x2e\x02\x01\x00\x11\x00"
  "\x0a\x06\x2e\x02\x01\x00\x11\x00\x0a\x07\x2e\x02\x01\x00\x03\x00\x0a\x08\x2e\x02"
  "\x01\x00\x04\x00\x0a\x00\x2f\x00\x00\x00\x03\x00\x0a\x01\x2f\x00\x00\x00\x52\x00"
  "\x0a\x02\x2f\x00\x00\x00\x37\x00\x0a\x03\x2f\x00\x00\x00\x11\x00\x0a\x04\x2f\x00"
  "\x00\x00\x11\x00\x0a\x05\x2f\x00\x00\x00\x11\x00\x0a\x06\x2f\x00\x00\x00\x11\x00"
  "\x0a\x07\x2f\x00\x00\x00\x03\x00\x0a\x08\x2f\x00\x00\x00\x04\x00\x0a\x00\x2f\x00"
  "\x01\x00\x04\x00\x0a\x01\x2f\x00\x01\x00\x26\x00\x0a\x02\x2f\x00\x01\x00\x37\x00"
  "\x0a\x03\x2f\x00\x01\x00\x11\x00\x0a\x04\x2f\x00\x01\x00\x11\x00\x0a\x05\x2f\x00"
  "\x01\x00\x11\x00\x0a\x06\x2f\x00\x01\x00\x11\x00\x0a\x07\x2f\x00\x01\x00\x03\x00"
  "\x0a\x08\x2f\x00\x01\x00\x04\x00\x0a\x00\x2f\x01\x00\x00\x03\x00\x0a\x01\x2f\x01"
  "\x00\x00\x52\x00\x0a\x02\x2f\x01\x00\x00\x37\x00\x0a\x03\x2f\x01\x00\x00\x11\x00"
  "\x0a\x04\x2f\x01\x00\x00\x11\x00\x0a\x05\x2f\x01\x00\x00\x11\x00\x0a\x06\x2f\x01"
  "\x00\x00\x11\x00\x0a\x07\x2f\x01\x00\x00\x03\x00\x0a\x08\x2f\x01\x00\x00\x04\x00"
  "\x0a\x00\x2f\x01\x01\x00\x04\x00\x0a\x01\x2f\x01\x01\x00\x26\x00\x0a\x02\x2f\x01"
  "\x01\x00\x37\x00\x0a\x03\x2f\x01\x01\x00\x11\x00\x0a\x04\x2f\x01\x01\x00\x11\x00"
  "\x0a\x05\x2f\x01\x01\x00\x11\x00\x0a\x06\x2f\x01\x01\x00\x11\x00\x0a\x07\x2f\x01"
  "\x01\x00\x03\x00\x0a\x08\x2f\x01\x01\x00\x04\x00\x0a\x00\x2f\x02\x00\x00\x03\x00"
  "\x0a\x01\x2f\x02\x00\x00\x52\x00\x0a\x02\x2f\x02\x00\x00\x37\x00\x0a\x03\x2f\x02"
  "\x00\x00\x11\x00\x0a\x04\x2f\x02\x00\x00\x11\x00\x0a\x05\x2f\x02\x00\x00\x11\x00"
  "\x0a\x06\x2f\x02\x00\x00\x11\x00\x0a\x07\x2f\x02\x00\x00\x03\x00\x0a\x08\x2f\x02"
  "\x00\x00\x04\x00\x0a\x00\x2f\x02\x01\x00\x04\x00\x0a\x01\x2f\x02\x01\x00\x26\x00"
  "\x0a\x02\x2f\x02\x01\x00\x37\x00\x0a\x03\x2f\x02\x01\x00\x11\x00\x0a\x04\x2f\x02"
  "\x01\x00\x11\x00\x0a\x05\x2f\x02\x01\x00\x11\x00\x0a\x06\x2f\x02\x01\x00\x11\x00"
  "\x0a\x07\x2f\x02\x01\x00\x03\x00\x0a\x08\x2f\x02\x01\x00\x04\x00\x0a\x00\x30\x00"
  "\x00\x00\x03\x00\x0a\x01\x30\x00\x00\x00\x36\x00\x0a\x02\x30\x00\x00\x00\x37\x00"
  "\x0a\x03\x30\x00\x00\x00\x11\x00\x0a\x04\x30\x00\x00\x00\x11\x00\x0a\x05\x30\x00"
  "\x00\x00\x11\x00\x0a\x06\x30\x00\x00\x00\x11\x00\x0a\x07\x30\x00\x00\x00\x03\x00"
  "\x0a\x08\x30\x00\x00\x00\x04\x00\x0a\x00\x30\x00\x01\x00\x04\x00\x0a\x01\x30\x00"
  "\x01\x00\x24\x00\x0a\x02\x30\x00\x01\x00\x37\x00\x0a\x03\x30\x00\x01\x00\x11\x00"
  "\x0a\x04\x30\x00\x01\x00\x11\x00\x0a\x05\x30\x00\x01\x00\x11\x00\x0a\x06\x30\x00"
  "\x01\x00\x11\x00\x0a\x07\x30\x00\x01\x00\x03\x00\x0a\x08\x30\x00\x01\x00\x04\x00"
  "\x0a\x00\x30\x01\x00\x00\x03\x00\x0a\x01\x30\x01\x00\x00\x36\x00\x0a\x02\x30\x01"
  "\x00\x00\x37\x00\x0a\x03\x30\x01\x00\x00\x11\x00\x0a\x04\x30\x01\x00\x00\x11\x00"
  "\x0a\x05\x30\x01\x00\x00\x11\x00\x0a\x06\x30\x01\x00\x00\x11\x00\x0a\x07\x30\x01"
  "\x00\x00\x03\x00\x0a\x08\x30\x01\x00\x00\x04\x00\x0a\x00\x30\x01\x01\x00\x04\x00"
  "\x0a\x01\x30\x01\x01\x00\x24\x00\x0a\x02\x30\x01\x01\x00\x37\x00\x0a\x03\x30\x01"
  "\x01\x00\x11\x00\x0a\x04\x30\x01\x01\x00\x11\x00\x0a\x05\x30\x01\x01\x00\x11\x00"
  "\x0a\x06\x30\x01\x01\x00\x11\x00\x0a\x07\x30\x01\x01\x00\x03\x00\x0a\x08\x30\x01"
  "\x01\x00\x04\x00\x0a\x00\x30\x02\x00\x00\x03\x00\x0a\x01\x30\x02\x00\x00\x36\x00"
  "\x0a\x02\x30\x02\x00\x00\x37\x00\x0a\x03\x30\x02\x00\x00\x11\x00\x0a\x04\x30\x02"
  "\x00\x00\x11\x00\x0a\x05\x30\x02\x00\x00\x11\x00\x0a\x06\x30\x02\x00\x00\x11\x00"
  "\x0a\x07\x30\x02\x00\x00\x03\x00\x0a\x08\x30\x02\x00\x00\x04\x00\x0a\x00\x30\x02"
  "\x01\x00\x04\x00\x0a\x01\x30\x02\x01\x00\x24\x00\x0a\x02\x30\x02\x01\x00\x37\x00"
  "\x0a\x03\x30\x02\x01\x00\x11\x00\x0a\x04\x30\x02\x01\x00\x11\x00\x0a\x05\x30\x02"
  "\x01\x00\x11\x00\x0a\x06\x30\x02\x01\x00\x11\x00\x0a\x07\x30\x02\x01\x00\x03\x00"
  "\x0a\x08\x30\x02\x01\x00\x04\x00\x0a\x00\x31\x00\x00\x00\x03\x00\x0a\x01\x31\x00"
  "\x00\x00\x18\x00\x0a\x02\x31\x00\x00\x00\x37\x00\x0a\x03\x31\x00\x00\x00\x11\x00"
  "\x0a\x04\x31\x00\x00\x00\x11\x00\x0a\x05\x31\x00\x00\x00\x11\x00\x0a\x06\x31\x00"
  "\x00\x00\x11\x00\x0a\x07\x31\x00\x00\x00\x03\x00\x0a\x08\x31\x00\x00\x00\x04\x00"
  "\x0a\x00\x31\x00\x01\x00\x04\x00\x0a\x01\x31\x00\x01\x00\x23\x00\x0a\x02\x31\x00"
  "\x01\x00\x37\x00\x0a\x03\x31\x00\x01\x00\x11\x00\x0a\x04\x31\x00\x01\x00\x11\x00"
  "\x0a\x05\x31\x00\x01\x00\x11\x00\x0a\x06\x31\x00\x01\x00\x11\x00\x0a\x07\x31\x00"
  "\x01\x00\x03\x00\x0a\x08\x31\x00\x01\x00\x04\x00\x0a\x00\x31\x01\x00\x00\x03\x00"
  "\x0a\x01\x31\x01\x00\x00\x18\x00\x0a\x02\x31\x01\x00\x00\x37\x00\x0a\x03\x31\x01"
  "\x00\x00\x11\x00\x0a\x04\x31\x01\x00\x00\x11\x00\x0a\x05\x31\x01\x00\x00\x11\x00"
  "\x0a\x06\x31\x01\x00\x00\x11\x00\x0a\x07\x31\x01\x00\x00\x03\x00\x0a\x08\x31\x01"
  "\x00\x00\x04\x00\x0a\x00\x31\x01\x01\x00\x04\x00\x0a\x01\x31\x01\x01\x00\x23\x00"
  "\x0a\x02\x31\x01\x01\x00\x37\x00\x0a\x03\x31\x01\x01\x00\x11\x00\x0a\x04\x31\x01"
  "\x01\x00\x11\x00\x0a\x05\x31\x01\x01\x00\x11\x00\x0a\x06\x31\x01\x01\x00\x11\x00"
  "\x0a\x07\x31\x01\x01\x00\x03\x00\x0a\x08\x31\x01\x01\x00\x04\x00\x0a\x00\x31\x02"
  "\x00\x00\x03\x00\x0a\x01\x31\x02\x00\x00\x18\x00\x0a\x02\x31\x02\x00\x00\x37\x00"
  "\x0a\x03\x31\x02\x00\x00\x11\x00\x0a\x04\x31\x02\x00\x00\x11\x00\x0a\x05\x31\x02"
  "\x00\x00\x11\x00\x0a\x06\x31\x02\x00\x00\x11\x00\x0a\x07\x31\x02\x00\x00\x03\x00"
  "\x0a\x08\x31\x02\x00\x00\x04\x00\x0a\x00\x31\x02\x01\x00\x04\x00\x0a\x01\x31\x02"
  "\x01\x00\x23\x00\x0a\x02\x31\x02\x01\x00\x37\x00\x0a\x03\x31\x02\x01\x00\x11\x00"
  "\x0a\x04\x31\x02\x01\x00\x11\x00\x0a\x05\x31\x02\x01\x00\x11\x00\x0a\x06\x31\x02"
  "\x01\x00\x11\x00\x0a\x07\x31\x02\x01\x00\x03\x00\x0a\x08\x31\x02\x01\x00\x04\x00"
  "\x0a\x00\x32\x00\x00\x00\x03\x00\x0a\x01\x32\x00\x00\x00\x56\x00\x0a\x02\x32\x00"
  "\x00\x00\x37\x00\x0a\x03\x32\x00\x00\x00\x11\x00\x0a\x04\x32\x00\x00\x00\x11\x00"
  "\x0a\x05\x32\x00\x00\x00\x11\x00\x0a\x06\x32\x00\x00\x00\x11\x00\x0a\x07\x32\x00"
  "\x00\x00\x03\x00\x0a\x08\x32\x00\x00\x00\x04\x00\x0a\x00\x32\x00\x01\x00\x04\x00"
  "\x0a\x01\x32\x00\x01\x00\x1f\x00\x0a\x02\x32\x00\x01\x00\x37\x00\x0a\x03\x32\x00"
  "\x01\x00\x11\x00\x0a\x04\x32\x00\x01\x00\x11\x00\x0a\x05\x32\x00\x01\x00\x11\x00"
  "\x0a\x06\x32\x00\x01\x00\x11\x00\x0a\x07\x32\x00\x01\x00\x03\x00\x0a\x08\x32\x00"
  "\x01\x00\x04\x00\x0a\x00\x32\x01\x00\x00\x03\x00\x0a\x01\x32\x01\x00\x00\x56\x00"
  "\x0a\x02\x32\x01\x00\x00\x37\x00\x0a\x03\x32\x01\x00\x00\x11\x00\x0a\x04\x32\x01"
  "\x00\x00\x11\x00\x0a\x05\x32\x01\x00\x00\x11\x00\x0a\x06\x32\x01\x00\x00\x11\x00"
  "\x0a\x07\x32\x01\x00\x00\x03\x00\x0a\x08\x32\x01\x00\x00\x04\x00\x0a\x00\x32\x01"
  "\x01\x00\x04\x00\x0a\x01\x32\x01\x01\x00\x1f\x00\x0a\x02\x32\x01\x01\x00\x37\x00"
  "\x0a\x03\x32\x01\x01\x00\x11\x00\x0a\x04\x32\x01\x01\x00\x11\x00\x0a\x05\x32\x01"
  "\x01\x00\x11\x00\x0a\x06\x32\x01\x01\x00\x11\x00\x0a\x07\x32\x01\x01\x00\x03\x00"
  "\x0a\x08\x32\x01\x01\x00\x04\x00\x0a\x00\x32\x02\x00\x00\x03\x00\x0a\x01\x32\x02"
  "\x00\x00\x56\x00\x0a\x02\x32\x02\x00\x00\x37\x00\x0a\x03\x32\x02\x00\x00\x11\x00"
  "\x0a\x04\x32\x02\x00\x00\x11\x00\x0a\x05\x32\x02\x00\x00\x11\x00\x0a\x06\x32\x02"
  "\x00\x00\x11\x00\x0a\x07\x32\x02\x00\x00\x03\x00\x0a\x08\x32\x02\x00\x00\x04\x00"
  "\x0a\x00\x32\x02\x01\x00\x04\x00\x0a\x01\x32\x02\x01\x00\x1f\x00\x0a\x02\x32\x02"
  "\x01\x00\x37\x00\x0a\x03\x32\x02\x01\x00\x11\x00\x0a\x04\x32\x02\x01\x00\x11\x00"
  "\x0a\x05\x32\x02\x01\x00\x11\x00\x0a\x06\x32\x02\x01\x00\x11\x00\x0a\x07\x32\x02"
  "\x01\x00\x03\x00\x0a\x08\x32\x02\x01\x00\x04\x00\x0a\x00\x33\x00\x00\x00\x03\x00"
  "\x0a\x01\x33\x00\x00\x00\x56\x00\x0a\x02\x33\x00\x00\x00\x37\x00\x0a\x03\x33\x00"
  "\x00\x00\x11\x00\x0a\x04\x33\x00\x00\x00\x11\x00\x0a\x05\x33\x00\x00\x00\x11\x00"
  "\x0a\x06\x33\x00\x00\x00\x11\x00\x0a\x07\x33\x00\x00\x00\x03\x00\x0a\x08\x33\x00"
  "\x00\x00\x04\x00\x0a\x00\x33\x00\x01\x00\x04\x00\x0a\x01\x33\x00\x01\x00\x1f\x00"
  "\x0a\x02\x33\x00\x01\x00\x37\x00\x0a\x03\x33\x00\x01\x00\x11\x00\x0a\x04\x33\x00"
  "\x01\x00\x11\x00\x0a\x05\x33\x00\x01\x00\x11\x00\x0a\x06\x33\x00\x01\x00\x11\x00"
  "\x0a\x07\x33\x00\x01\x00\x03\x00\x0a\x08\x33\x00\x01\x00\x04\x00\x0a\x00\x33\x01"
  "\x00\x00\x03\x00\x0a\x01\x33\x01\x00\x00\x56\x00\x0a\x02\x33\x01\x00\x00\x37\x00"
  "\x0a\x03\x33\x01\x00\x00\x11\x00\x0a\x04\x33\x01\x00\x00\x11\x00\x0a\x05\x33\x01"
  "\x00\x00\x11\x00\x0a\x06\x33\x01\x00\x00\x11\x00\x0a\x07\x33\x01\x00\x00\x03\x00"
  "\x0a\x08\x33\x01\x00\x00\x04\x00\x0a\x00\x33\x01\x01\x00\x04\x00\x0a\x01\x33\x01"
  "\x01\x00\x1f\x00\x0a\x02\x33\x01\x01\x00\x37\x00\x0a\x03\x33\x01\x01\x00\x11\x00"
  "\x0a\x04\x33\x01\x01\x00\x11\x00\x0a\x05\x33\x01\x01\x00\x11\x00\x0a\x06\x33\x01"
  "\x01\x00\x11\x00\x0a\x07\x33\x01\x01\x00\x03\x00\x0a\x08\x33\x01\x01\x00\x04\x00"
  "\x0a\x00\x33\x02\x00\x00\x03\x00\x0a\x01\x33\x02\x00\x00\x56\x00\x0a\x02\x33\x02"
  "\x00\x00\x37\x00\x0a\x03\x33\x02\x00\x00\x11\x00\x0a\x04\x33\x02\x00\x00\x11\x00"
  "\x0a\x05\x33\x02\x00\x00\x11\x00\x0a\x06\x33\x02\x00\x00\x11\x00\x0a\x07\x33\x02"
  "\x00\x00\x03\x00\x0a\x08\x33\x02\x00\x00\x04\x00\x0a\x00\x33\x02\x01\x00\x04\x00"
  "\x0a\x01\x33\x02\x01\x00\x1f\x00\x0a\x02\x33\x02\x01\x00\x37\x00\x0a\x03\x33\x02"
  "\x01\x00\x11\x00\x0a\x04\x33\x02\x01\x00\x11\x00\x0a\x05\x33\x02\x01\x00\x11\x00"
  "\x0a\x06\x33\x02\x01\x00\x11\x00\x0a\x07\x33\x02\x01\x00\x03\x00\x0a\x08\x33\x02"
  "\x01\x00\x04\x00\x0a\x00\x34\x00\x00\x00\x03\x00\x0a\x01\x34\x00\x00\x00\x56\x00"
  "\x0a\x02\x34\x00\x00\x00\x37\x00\x0a\x03\x34\x00\x00\x00\x11\x00\x0a\x04\x34\x00"
  "\x00\x00\x11\x00\x0a\x05\x34\x00\x00\x00\x11\x00\x0a\x06\x34\x00\x00\x00\x11\x00"
  "\x0a\x07\x34\x00\x00\x00\x03\x00\x0a\x08\x34\x00\x00\x00\x04\x00\x0a\x00\x34\x00"
  "\x01\x00\x04\x00\x0a\x01\x34\x00\x01\x00\x1f\x00\x0a\x02\x34\x00\x01\x00\x37\x00"
  "\x0a\x03\x34\x00\x01\x00\x11\x00\x0a\x04\x34\x00\x01\x00\x11\x00\x0a\x05\x34\x00"
  "\x01\x00\x11\x00\x0a\x06\x34\x00\x01\x00\x11\x00\x0a\x07\x34\x00\x01\x00\x03\x00"
  "\x0a\x08\x34\x00\x01\x00\x04\x00\x0a\x00\x34\x01\x00\x00\x03\x00\x0a\x01\x34\x01"
  "\x00\x00\x56\x00\x0a\x02\x34\x01\x00\x00\x37\x00\x0a\x03\x34\x01\x00\x00\x11\x00"
  "\x0a\x04\x34\x01\x00\x00\x11\x00\x0a\x05\x34\x01\x00\x00\x11\x00\x0a\x06\x34\x01"
  "\x00\x00\x11\x00\x0a\x07\x34\x01\x00\x00\x03\x00\x0a\x08\x34\x01\x00\x00\x04\x00"
  "\x0a\x00\x34\x01\x01\x00\x04\x00\x0a\x01\x34\x01\x01\x00\x1f\x00\x0a\x02\x34\x01"
  "\x01\x00\x37\x00\x0a\x03\x34\x01\x01\x00\x11\x00\x0a\x04\x34\x01\x01\x00\x11\x00"
  "\x0a\x05\x34\x01\x01\x00\x11\x00\x0a\x06\x34\x01\x01\x00\x11\x00\x0a\x07\x34\x01"
  "\x01\x00\x03\x00\x0a\x08\x34\x01\x01\x00\x04\x00\x0a\x00\x34\x02\x00\x00\x03\x00"
  "\x0a\x01\x34\x02\x00\x00\x56\x00\x0a\x02\x34\x02\x00\x00\x37\x00\x0a\x03\x34\x02"
  "\x00\x00\x11\x00\x0a\x04\x34\x02\x00\x00\x11\x00\x0a\x05\x34\x02\x00\x00\x11\x00"
  "\x0a\x06\x34\x02\x00\x00\x11\x00\x0a\x07\x34\x02\x00\x00\x03\x00\x0a\x08\x34\x02"
  "\x00\x00\x04\x00\x0a\x00\x34\x02\x01\x00\x04\x00\x0a\x01\x34\x02\x01\x00\x1f\x00"
  "\x0a\x02\x34\x02\x01\x00\x37\x00\x0a\x03\x34\x02\x01\x00\x11\x00\x0a\x04\x34\x02"
  "\x01\x00\x11\x00\x0a\x05\x34\x02\x01\x00\x11\x00\x0a\x06\x34\x02\x01\x00\x11\x00"
  "\x0a\x07\x34\x02\x01\x00\x03\x00\x0a\x08\x34\x02\x01\x00\x04\x00\x0a\x00\x35\x00"
  "\x00\x00\x03\x00\x0a\x01\x35\x00\x00\x00\x03\x00\x0a\x02\x35\x00\x00\x00\x37\x00"
  "\x0a\x03\x35\x00\x00\x00\x11\x00\x0a\x04\x35\x00\x00\x00\x11\x00\x0a\x05\x35\x00"
  "\x00\x00\x11\x00\x0a\x06\x35\x00\x00\x00\x11\x00\x0a\x07\x35\x00\x00\x00\x03\x00"
  "\x0a\x08\x35\x00\x00\x00\x04\x00\x0a\x00\x35\x00\x01\x00\x04\x00\x0a\x01\x35\x00"
  "\x01\x00\x1e\x00\x0a\x02\x35\x00\x01\x00\x37\x00\x0a\x03\x35\x00\x01\x00\x11\x00"
  "\x0a\x04\x35\x00\x01\x00\x11\x00\x0a\x05\x35\x00\x01\x00\x11\x00\x0a\x06\x35\x00"
  "\x01\x00\x11\x00\x0a\x07\x35\x00\x01\x00\x03\x00\x0a\x08\x35\x00\x01\x00\x04\x00"
  "\x0a\x00\x35\x01\x00\x00\x03\x00\x0a\x01\x35\x01\x00\x00\x03\x00\x0a\x02\x35\x01"
  "\x00\x00\x37\x00\x0a\x03\x35\x01\x00\x00\x11\x00\x0a\x04\x35\x01\x00\x00\x11\x00"
  "\x0a\x05\x35\x01\x00\x00\x11\x00\x0a\x06\x35\x01\x00\x00\x11\x00\x0a\x07\x35\x01"
  "\x00\x00\x03\x00\x0a\x08\x35\x01\x00\x00\x04\x00\x0a\x00\x35\x01\x01\x00\x04\x00"
  "\x0a\x01\x35\x01\x01\x00\x1e\x00\x0a\x02\x35\x01\x01\x00\x37\x00\x0a\x03\x35\x01"
  "\x01\x00\x11\x00\x0a\x04\x35\x01\x01\x00\x11\x00\x0a\x05\x35\x01\x01\x00\x11\x00"
  "\x0a\x06\x35\x01\x01\x00\x11\x00\x0a\x07\x35\x01\x01\x00\x03\x00\x0a\x08\x35\x01"
  "\x01\x00\x04\x00\x0a\x00\x35\x02\x00\x00\x03\x00\x0a\x01\x35\x02\x00\x00\x03\x00"
  "\x0a\x02\x35\x02\x00\x00\x37\x00\x0a\x03\x35\x02\x00\x00\x11\x00\x0a\x04\x35\x02"
  "\x00\x00\x11\x00\x0a\x05\x35\x02\x00\x00\x11\x00\x0a\x06\x35\x02\x00\x00\x11\x00"
  "\x0a\x07\x35\x02\x00\x00\x03\x00\x0a\x08\x35\x02\x00\x00\x04\x00\x0a\x00\x35\x02"
  "\x01\x00\x04\x00\x0a\x01\x35\x02\x01\x00\x1e\x00\x0a\x02\x35\x02\x01\x00\x37\x00"
  "\x0a\x03\x35\x02\x01\x00\x11\x00\x0a\x04\x35\x02\x01\x00\x11\x00\x0a\x05\x35\x02"
  "\x01\x00\x11\x00\x0a\x06\x35\x02\x01\x00\x11\x00\x0a\x07\x35\x02\x01\x00\x03\x00"
  "\x0a\x08\x35\x02\x01\x00\x04\x00\x0a\x00\x36\x00\x00\x00\x03\x00\x0a\x01\x36\x00"
  "\x00\x00\x53\x00\x0a\x02\x36\x00\x00\x00\x37\x00\x0a\x03\x36\x00\x00\x00\x11\x00"
  "\x0a\x04\x36\x00\x00\x00\x11\x00\x0a\x05\x36\x00\x00\x00\x11\x00\x0a\x06\x36\x00"
  "\x00\x00\x11\x00\x0a\x07\x36\x00\x00\x00\x03\x00\x0a\x08\x36\x00\x00\x00\x04\x00"
  "\x0a\x00\x36\x00\x01\x00\x04\x00\x0a\x01\x36\x00\x01\x00\x26\x00\x0a\x02\x36\x00"
  "\x01\x00\x37\x00\x0a\x03\x36\x00\x01\x00\x11\x00\x0a\x04\x36\x00\x01\x00\x11\x00"
  "\x0a\x05\x36\x00\x01\x00\x11\x00\x0a\x06\x36\x00\x01\x00\x11\x00\x0a\x07\x36\x00"
  "\x01\x00\x03\x00\x0a\x08\x36\x00\x01\x00\x04\x00\x0a\x00\x36\x01\x00\x00\x03\x00"
  "\x0a\x01\x36\x01\x00\x00\x53\x00\x0a\x02\x36\x01\x00\x00\x37\x00\x0a\x03\x36\x01"
  "\x00\x00\x11\x00\x0a\x04\x36\x01\x00\x00\x11\x00\x0a\x05\x36\x01\x00\x00\x11\x00"
  "\x0a\x06\x36\x01\x00\x00\x11\x00\x0a\x07\x36\x01\x00\x00\x03\x00\x0a\x08\x36\x01"
  "\x00\x00\x04\x00\x0a\x00\x36\x01\x01\x00\x04\x00\x0a\x01\x36\x01\x01\x00\x26\x00"
  "\x0a\x02\x36\x01\x01\x00\x37\x00\x0a\x03\x36\x01\x01\x00\x11\x00\x0a\x04\x36\x01"
  "\x01\x00\x11\x00\x0a\x05\x36\x01\x01\x00\x11\x00\x0a\x06\x36\x01\x01\x00\x11\x00"
  "\x0a\x07\x36\x01\x01\x00\x03\x00\x0a\x08\x36\x01\x01\x00\x04\x00\x0a\x00\x36\x02"
  "\x00\x00\x03\x00\x0a\x01\x36\x02\x00\x00\x53\x00\x0a\x02\x36\x02\x00\x00\x37\x00"
  "\x0a\x03\x36\x02\x00\x00\x11\x00\x0a\x04\x36\x02\x00\x00\x11\x00\x0a\x05\x36\x02"
  "\x00\x00\x11\x00\x0a\x06\x36\x02\x00\x00\x11\x00\x0a\x07\x36\x02\x00\x00\x03\x00"
  "\x0a\x08\x36\x02\x00\x00\x04\x00\x0a\x00\x36\x02\x01\x00\x04\x00\x0a\x01\x36\x02"
  "\x01\x00\x26\x00\x0a\x02\x36\x02\x01\x00\x37\x00\x0a\x03\x36\x02\x01\x00\x11\x00"
  "\x0a\x04\x36\x02\x01\x00\x11\x00\x0a\x05\x36\x02\x01\x00\x11\x00\x0a\x06\x36\x02"
  "\x01\x00\x11\x00\x0a\x07\x36\x02\x01\x00\x03\x00\x0a\x08\x36\x02\x01\x00\x04\x00"
  "\x0a\x00\x37\x00\x00\x00\x03\x00\x0a\x01\x37\x00\x00\x00\x37\x00\x0a\x02\x37\x00"
  "\x00\x00\x37\x00\x0a\x03\x37\x00\x00\x00\x11\x00\x0a\x04\x37\x00\x00\x00\x11\x00"
  "\x0a\x05\x37\x00\x00\x00\x11\x00\x0a\x06\x37\x00\x00\x00\x11\x00\x0a\x07\x37\x00"
  "\x00\x00\x03\x00\x0a\x08\x37\x00\x00\x00\x04\x00\x0a\x00\x37\x00\x01\x00\x04\x00"
  "\x0a\x01\x37\x00\x01\x00\x24\x00\x0a\x02\x37\x00\x01\x00\x37\x00\x0a\x03\x37\x00"
  "\x01\x00\x11\x00\x0a\x04\x37\x00\x01\x00\x11\x00\x0a\x05\x37\x00\x01\x00\x11\x00"
  "\x0a\x06\x37\x00\x01\x00\x11\x00\x0a\x07\x37\x00\x01\x00\x03\x00\x0a\x08\x37\x00"
  "\x01\x00\x04\x00\x0a\x00\x37\x01\x00\x00\x03\x00\x0a\x01\x37\x01\x00\x00\x37\x00"
  "\x0a\x02\x37\x01\x00\x00\x37\x00\x0a\x03\x37\x01\x00\x00\x11\x00\x0a\x04\x37\x01"
  "\x00\x00\x11\x00\x0a\x05\x37\x01\x00\x00\x11\x00\x0a\x06\x37\x01\x00\x00\x11\x00"
  "\x0a\x07\x37\x01\x00\x00\x03\x00\x0a\x08\x37\x01\x00\x00\x04\x00\x0a\x00\x37\x01"
  "\x01\x00\x04\x00\x0a\x01\x37\x01\x01\x00\x24\x00\x0a\x02\x37\x01\x01\x00\x37\x00"
  "\x0a\x03\x37\x01\x01\x00\x11\x00\x0a\x04\x37\x01\x01\x00\x11\x00\x0a\x05\x37\x01"
  "\x01\x00\x11\x00\x0a\x06\x37\x01\x01\x00\x11\x00\x0a\x07\x37\x01\x01\x00\x03\x00"
  "\x0a\x08\x37\x01\x01\x00\x04\x00\x0a\x00\x37\x02\x00\x00\x03\x00\x0a\x01\x37\x02"
  "\x00\x00\x37\x00\x0a\x02\x37\x02\x00\x00\x37\x00\x0a\x03\x37\x02\x00\x00\x11\x00"
  "\x0a\x04\x37\x02\x00\x00\x11\x00\x0a\x05\x37\x02\x00\x00\x11\x00\x0a\x06\x37\x02"
  "\x00\x00\x11\x00\x0a\x07\x37\x02\x00\x00\x03\x00\x0a\x08\x37\x02\x00\x00\x04\x00"
  "\x0a\x00\x37\x02\x01\x00\x04\x00\x0a\x01\x37\x02\x01\x00\x24\x00\x0a\x02\x37\x02"
  "\x01\x00\x37\x00\x0a\x03\x37\x02\x01\x00\x11\x00\x0a\x04\x37\x02\x01\x00\x11\x00"
  "\x0a\x05\x37\x02\x01\x00\x11\x00\x0a\x06\x37\x02\x01\x00\x11\x00\x0a\x07\x37\x02"
  "\x01\x00\x03\x00\x0a\x08\x37\x02\x01\x00\x04\x00\x0a\x00\x38\x00\x00\x00\x03\x00"
  "\x0a\x01\x38\x00\x00\x00\x19\x00\x0a\x02\x38\x00\x00\x00\x37\x00\x0a\x03\x38\x00"
  "\x00\x00\x11\x00\x0a\x04\x38\x00\x00\x00\x11\x00\x0a\x05\x38\x00\x00\x00\x11\x00"
  "\x0a\x06\x38\x00\x00\x00\x11\x00\x0a\x07\x38\x00\x00\x00\x03\x00\x0a\x08\x38\x00"
  "\x00\x00\x04\x00\x0a\x00\x38\x00\x01\x00\x04\x00\x0a\x01\x38\x00\x01\x00\x23\x00"
  "\x0a\x02\x38\x00\x01\x00\x37\x00\x0a\x03\x38\x00\x01\x00\x11\x00\x0a\x04\x38\x00"
  "\x01\x00\x11\x00\x0a\x05\x38\x00\x01\x00\x11\x00\x0a\x06\x38\x00\x01\x00\x11\x00"
  "\x0a\x07\x38\x00\x01\x00\x03\x00\x0a\x08\x38\x00\x01\x00\x04\x00\x0a\x00\x38\x01"
  "\x00\x00\x03\x00\x0a\x01\x38\x01\x00\x00\x19\x00\x0a\x02\x38\x01\x00\x00\x37\x00"
  "\x0a\x03\x38\x01\x00\x00\x11\x00\x0a\x04\x38\x01\x00\x00\x11\x00\x0a\x05\x38\x01"
  "\x00\x00\x11\x00\x0a\x06\x38\x01\x00\x00\x11\x00\x0a\x07\x38\x01\x00\x00\x03\x00"
  "\x0a\x08\x38\x01\x00\x00\x04\x00\x0a\x00\x38\x01\x01\x00\x04\x00\x0a\x01\x38\x01"
  "\x01\x00\x23\x00\x0a\x02\x38\x01\x01\x00\x37\x00\x0a\x03\x38\x01\x01\x00\x11\x00"
  "\x0a\x04\x38\x01\x01\x00\x11\x00\x0a\x05\x38\x01\x01\x00\x11\x00\x0a\x06\x38\x01"
  "\x01\x00\x11\x00\x0a\x07\x38\x01\x01\x00\x03\x00\x0a\x08\x38\x01\x01\x00\x04\x00"
  "\x0a\x00\x38\x02\x00\x00\x03\x00\x0a\x01\x38\x02\x00\x00\x19\x00\x0a\x02\x38\x02"
  "\x00\x00\x37\x00\x0a\x03\x38\x02\x00\x00\x11\x00\x0a\x04\x38\x02\x00\x00\x11\x00"
  "\x0a\x05\x38\x02\x00\x00\x11\x00\x0a\x06\x38\x02\x00\x00\x11\x00\x0a\x07\x38\x02"
  "\x00\x00\x03\x00\x0a\x08\x38\x02\x00\x00\x04\x00\x0a\x00\x38\x02\x01\x00\x04\x00"
  "\x0a\x01\x38\x02\x01\x00\x23\x00\x0a\x02\x38\x02\x01\x00\x37\x00\x0a\x03\x38\x02"
  "\x01\x00\x11\x00\x0a\x04\x38\x02\x01\x00\x11\x00\x0a\x05\x38\x02\x01\x00\x11\x00"
  "\x0a\x06\x38\x02\x01\x00\x11\x00\x0a\x07\x38\x02\x01\x00\x03\x00\x0a\x08\x38\x02"
  "\x01\x00\x04\x00\x0a\x00\x39\x00\x00\x00\x03\x00\x0a\x01\x39\x00\x00\x00\x57\x00"
  "\x0a\x02\x39\x00\x00\x00\x37\x00\x0a\x03\x39\x00\x00\x00\x11\x00\x0a\x04\x39\x00"
  "\x00\x00\x11\x00\x0a\x05\x39\x00\x00\x00\x11\x00\x0a\x06\x39\x00\x00\x00\x11\x00"
  "\x0a\x07\x39\x00\x00\x00\x03\x00\x0a\x08\x39\x00\x00\x00\x04\x00\x0a\x00\x39\x00"
  "\x01\x00\x04\x00\x0a\x01\x39\x00\x01\x00\x1f\x00\x0a\x02\x39\x00\x01\x00\x37\x00"
  "\x0a\x03\x39\x00\x01\x00\x11\x00\x0a\x04\x39\x00\x01\x00\x11\x00\x0a\x05\x39\x00"
  "\x01\x00\x11\x00\x0a\x06\x39\x00\x01\x00\x11\x00\x0a\x07\x39\x00\x01\x00\x03\x00"
  "\x0a\x08\x39\x00\x01\x00\x04\x00\x0a\x00\x39\x01\x00\x00\x03\x00\x0a\x01\x39\x01"
  "\x00\x00\x57\x00\x0a\x02\x39\x01\x00\x00\x37\x00\x0a\x03\x39\x01\x00\x00\x11\x00"
  "\x0a\x04\x39\x01\x00\x00\x11\x00\x0a\x05\x39\x01\x00\x00\x11\x00\x0a\x06\x39\x01"
  "\x00\x00\x11\x00\x0a\x07\x39\x01\x00\x00\x03\x00\x0a\x08\x39\x01\x00\x00\x04\x00"
  "\x0a\x00\x39\x01\x01\x00\x04\x00\x0a\x01\x39\x01\x01\x00\x1f\x00\x0a\x02\x39\x01"
  "\x01\x00\x37\x00\x0a\x03\x39\x01\x01\x00\x11\x00\x0a\x04\x39\x01\x01\x00\x11\x00"
  "\x0a\x05\x39\x01\x01\x00\x11\x00\x0a\x06\x39\x01\x01\x00\x11\x00\x0a\x07\x39\x01"
  "\x01\x00\x03\x00\x0a\x08\x39\x01\x01\x00\x04\x00\x0a\x00\x39\x02\x00\x00\x03\x00"
  "\x0a\x01\x39\x02\x00\x00\x57\x00\x0a\x02\x39\x02\x00\x00\x37\x00\x0a\x03\x39\x02"
  "\x00\x00\x11\x00\x0a\x04\x39\x02\x00\x00\x11\x00\x0a\x05\x39\x02\x00\x00\x11\x00"
  "\x0a\x06\x39\x02\x00\x00\x11\x00\x0a\x07\x39\x02\x00\x00\x03\x00\x0a\x08\x39\x02"
  "\x00\x00\x04\x00\x0a\x00\x39\x02\x01\x00\x04\x00\x0a\x01\x39\x02\x01\x00\x1f\x00"
  "\x0a\x02\x39\x02\x01\x00\x37\x00\x0a\x03\x39\x02\x01\x00\x11\x00\x0a\x04\x39\x02"
  "\x01\x00\x11\x00\x0a\x05\x39\x02\x01\x00\x11\x00\x0a\x06\x39\x02\x01\x00\x11\x00"
  "\x0a\x07\x39\x02\x01\x00\x03\x00\x0a\x08\x39\x02\x01\x00\x04\x00\x0a\x00\x3a\x00"
  "\x00\x00\x03\x00\x0a\x01\x3a\x00\x00\x00\x57\x00\x0a\x02\x3a\x00\x00\x00\x37\x00"
  "\x0a\x03\x3a\x00\x00\x00\x11\x00\x0a\x04\x3a\x00\x00\x00\x11\x00\x0a\x05\x3a\x00"
  "\x00\x00\x11\x00\x0a\x06\x3a\x00\x00\x00\x11\x00\x0a\x07\x3a\x00\x00\x00\x03\x00"
  "\x0a\x08\x3a\x00\x00\x00\x04\x00\x0a\x00\x3a\x00\x01\x00\x04\x00\x0a\x01\x3a\x00"
  "\x01\x00\x1f\x00\x0a\x02\x3a\x00\x01\x00\x37\x00\x0a\x03\x3a\x00\x01\x00\x11\x00"
  "\x0a\x04\x3a\x00\x01\x00\x11\x00\x0a\x05\x3a\x00\x01\x00\x11\x00\x0a\x06\x3a\x00"
  "\x01\x00\x11\x00\x0a\x07\x3a\x00\x01\x00\x03\x00\x0a\x08\x3a\x00\x01\x00\x04\x00"
  "\x0a\x00\x3a\x01\x00\x00\x03\x00\x0a\x01\x3a\x01\x00\x00\x57\x00\x0a\x02\x3a\x01"
  "\x00\x00\x37\x00\x0a\x03\x3a\x01\x00\x00\x11\x00\x0a\x04\x3a\x01\x00\x00\x11\x00"
  "\x0a\x05\x3a\x01\x00\x00\x11\x00\x0a\x06\x3a\x01\x00\x00\x11\x00\x0a\x07\x3a\x01"
  "\x00\x00\x03\x00\x0a\x08\x3a\x01\x00\x00\x04\x00\x0a\x00\x3a\x01\x01\x00\x04\x00"
  "\x0a\x01\x3a\x01\x01\x00\x1f\x00\x0a\x02\x3a\x01\x01\x00\x37\x00\x0a\x03\x3a\x01"
  "\x01\x00\x11\x00\x0a\x04\x3a\x01\x01\x00\x11\x00\x0a\x05\x3a\x01\x01\x00\x11\x00"
  "\x0a\x06\x3a\x01\x01\x00\x11\x00\x0a\x07\x3a\x01\x01\x00\x03\x00\x0a\x08\x3a\x01"
  "\x01\x00\x04\x00\x0a\x00\x3a\x02\x00\x00\x03\x00\x0a\x01\x3a\x02\x00\x00\x57\x00"
  "\x0a\x02\x3a\x02\x00\x00\x37\x00\x0a\x03\x3a\x02\x00\x00\x11\x00\x0a\x04\x3a\x02"
  "\x00\x00\x11\x00\x0a\x05\x3a\x02\x00\x00\x11\x00\x0a\x06\x3a\x02\x00\x00\x11\x00"
  "\x0a\x07\x3a\x02\x00\x00\x03\x00\x0a\x08\x3a\x02\x00\x00\x04\x00\x0a\x00\x3a\x02"
  "\x01\x00\x04\x00\x0a\x01\x3a\x02\x01\x00\x1f\x00\x0a\x02\x3a\x02\x01\x00\x37\x00"
  "\x0a\x03\x3a\x02\x01\x00\x11\x00\x0a\x04\x3a\x02\x01\x00\x11\x00\x0a\x05\x3a\x02"
  "\x01\x00\x11\x00\x0a\x06\x3a\x02\x01\x00\x11\x00\x0a\x07\x3a\x02\x01\x00\x03\x00"
  "\x0a\x08\x3a\x02\x01\x00\x04\x00\x0a\x00\x3b\x00\x00\x00\x03\x00\x0a\x01\x3b\x00"
  "\x00\x00\x57\x00\x0a\x02\x3b\x00\x00\x00\x37\x00\x0a\x03\x3b\x00\x00\x00\x11\x00"
  "\x0a\x04\x3b\x00\x00\x00\x11\x00\x0a\x05\x3b\x00\x00\x00\x11\x00\x0a\x06\x3b\x00"
  "\x00\x00\x11\x00\x0a\x07\x3b\x00\x00\x00\x03\x00\x0a\x08\x3b\x00\x00\x00\x04\x00"
  "\x0a\x00\x3b\x00\x01\x00\x04\x00\x0a\x01\x3b\x00\x01\x00\x1f\x00\x0a\x02\x3b\x00"
  "\x01\x00\x37\x00\x0a\x03\x3b\x00\x01\x00\x11\x00\x0a\x04\x3b\x00\x01\x00\x11\x00"
  "\x0a\x05\x3b\x00\x01\x00\x11\x00\x0a\x06\x3b\x00\x01\x00\x11\x00\x0a\x07\x3b\x00"
  "\x01\x00\x03\x00\x0a\x08\x3b\x00\x01\x00\x04\x00\x0a\x00\x3b\x01\x00\x00\x03\x00"
  "\x0a\x01\x3b\x01\x00\x00\x57\x00\x0a\x02\x3b\x01\x00\x00\x37\x00\x0a\x03\x3b\x01"
  "\x00\x00\x11\x00\x0a\x04\x3b\x01\x00\x00\x11\x00\x0a\x05\x3b\x01\x00\x00\x11\x00"
  "\x0a\x06\x3b\x01\x00\x00\x11\x00\x0a\x07\x3b\x01\x00\x00\x03\x00\x0a\x08\x3b\x01"
  "\x00\x00\x04\x00\x0a\x00\x3b\x01\x01\x00\x04\x00\x0a\x01\x3b\x01\x01\x00\x1f\x00"
  "\x0a\x02\x3b\x01\x01\x00\x37\x00\x0a\x03\x3b\x01\x01\x00\x11\x00\x0a\x04\x3b\x01"
  "\x01\x00\x11\x00\x0a\x05\x3b\x01\x01\x00\x11\x00\x0a\x06\x3b\x01\x01\x00\x11\x00"
  "\x0a\x07\x3b\x01\x01\x00\x03\x00\x0a\x08\x3b\x01\x01\x00\x04\x00\x0a\x00\x3b\x02"
  "\x00\x00\x03\x00\x0a\x01\x3b\x02\x00\x00\x57\x00\x0a\x02\x3b\x02\x00\x00\x37\x00"
  "\x0a\x03\x3b\x02\x00\x00\x11\x00\x0a\x04\x3b\x02\x00\x00\x11\x00\x0a\x05\x3b\x02"
  "\x00\x00\x11\x00\x0a\x06\x3b\x02\x00\x00\x11\x00\x0a\x07\x3b\x02\x00\x00\x03\x00"
  "\x0a\x08\x3b\x02\x00\x00\x04\x00\x0a\x00\x3b\x02\x01\x00\x04\x00\x0a\x01\x3b\x02"
  "\x01\x00\x1f\x00\x0a\x02\x3b\x02\x01\x00\x37\x00\x0a\x03\x3b\x02\x01\x00\x11\x00"
  "\x0a\x04\x3b\x02\x01\x00\x11\x00\x0a\x05\x3b\x02\x01\x00\x11\x00\x0a\x06\x3b\x02"
  "\x01\x00\x11\x00\x0a\x07\x3b\x02\x01\x00\x03\x00\x0a\x08\x3b\x02\x01\x00\x04\x00"
  "\x0a\x00\x3c\x00\x00\x00\x03\x00\x0a\x01\x3c\x00\x00\x00\x14\x00\x0a\x02\x3c\x00"
  "\x00\x00\x37\x00\x0a\x03\x3c\x00\x00\x00\x11\x00\x0a\x04\x3c\x00\x00\x00\x11\x00"
  "\x0a\x05\x3c\x00\x00\x00\x11\x00\x0a\x06\x3c\x00\x00\x00\x11\x00\x0a\x07\x3c\x00"
  "\x00\x00\x03\x00\x0a\x08\x3c\x00\x00\x00\x04\x00\x0a\x00\x3c\x00\x01\x00\x04\x00"
  "\x0a\x01\x3c\x00\x01\x00\x45\x00\x0a\x02\x3c\x00\x01\x00\x37\x00\x0a\x03\x3c\x00"
  "\x01\x00\x11\x00\x0a\x04\x3c\x00\x01\x00\x11\x00\x0a\x05\x3c\x00\x01\x00\x11\x00"
  "\x0a\x06\x3c\x00\x01\x00\x11\x00\x0a\x07\x3c\x00\x01\x00\x03\x00\x0a\x08\x3c\x00"
  "\x01\x00\x04\x00\x0a\x00\x3c\x01\x00\x00\x03\x00\x0a\x01\x3c\x01\x00\x00\x14\x00"
  "\x0a\x02\x3c\x01\x00\x00\x37\x00\x0a\x03\x3c\x01\x00\x00\x11\x00\x0a\x04\x3c\x01"
  "\x00\x00\x11\x00\x0a\x05\x3c\x01\x00\x00\x11\x00\x0a\x06\x3c\x01\x00\x00\x11\x00"
  "\x0a\x07\x3c\x01\x00\x00\x03\x00\x0a\x08\x3c\x01\x00\x00\x04\x00\x0a\x00\x3c\x01"
  "\x01\x00\x04\x00\x0a\x01\x3c\x01\x01\x00\x45\x00\x0a\x02\x3c\x01\x01\x00\x37\x00"
  "\x0a\x03\x3c\x01\x01\x00\x11\x00\x0a\x04\x3c\x01\x01\x00\x11\x00\x0a\x05\x3c\x01"
  "\x01\x00\x11\x00\x0a\x06\x3c\x01\x01\x00\x11\x00\x0a\x07\x3c\x01\x01\x00\x03\x00"
  "\x0a\x08\x3c\x01\x01\x00\x04\x00\x0a\x00\x3c\x02\x00\x00\x03\x00\x0a\x01\x3c\x02"
  "\x00\x00\x14\x00\x0a\x02\x3c\x02\x00\x00\x37\x00\x0a\x03\x3c\x02\x00\x00\x11\x00"
  "\x0a\x04\x3c\x02\x00\x00\x11\x00\x0a\x05\x3c\x02\x00\x00\x11\x00\x0a\x06\x3c\x02"
  "\x00\x00\x11\x00\x0a\x07\x3c\x02\x00\x00\x03\x00\x0a\x08\x3c\x02\x00\x00\x04\x00"
  "\x0a\x00\x3c\x02\x01\x00\x04\x00\x0a\x01\x3c\x02\x01\x00\x45\x00\x0a\x02\x3c\x02"
  "\x01\x00\x37\x00\x0a\x03\x3c\x02\x01\x00\x11\x00\x0a\x04\x3c\x02\x01\x00\x11\x00"
  "\x0a\x05\x3c\x02\x01\x00\x11\x00\x0a\x06\x3c\x02\x01\x00\x11\x00\x0a\x07\x3c\x02"
  "\x01\x00\x03\x00\x0a\x08\x3c\x02\x01\x00\x04\x00\x0a\x00\x3d\x00\x00\x00\x03\x00"
  "\x0a\x01\x3d\x00\x00\x00\x14\x00\x0a\x02\x3d\x00\x00\x00\x37\x00\x0a\x03\x3d\x00"
  "\x00\x00\x11\x00\x0a\x04\x3d\x00\x00\x00\x11\x00\x0a\x05\x3d\x00\x00\x00\x11\x00"
  "\x0a\x06\x3d\x00\x00\x00\x11\x00\x0a\x07\x3d\x00\x00\x00\x03\x00\x0a\x08\x3d\x00"
  "\x00\x00\x04\x00\x0a\x00\x3d\x00\x01\x00\x04\x00\x0a\x01\x3d\x00\x01\x00\x58\x00"
  "\x0a\x02\x3d\x00\x01\x00\x37\x00\x0a\x03\x3d\x00\x01\x00\x11\x00\x0a\x04\x3d\x00"
  "\x01\x00\x11\x00\x0a\x05\x3d\x00\x01\x00\x11\x00\x0a\x06\x3d\x00\x01\x00\x11\x00"
  "\x0a\x07\x3d\x00\x01\x00\x03\x00\x0a\x08\x3d\x00\x01\x00\x04\x00\x0a\x00\x3d\x01"
  "\x00\x00\x03\x00\x0a\x01\x3d\x01\x00\x00\x14\x00\x0a\x02\x3d\x01\x00\x00\x37\x00"
  "\x0a\x03\x3d\x01\x00\x00\x11\x00\x0a\x04\x3d\x01\x00\x00\x11\x00\x0a\x05\x3d\x01"
  "\x00\x00\x11\x00\x0a\x06\x3d\x01\x00\x00\x11\x00\x0a\x07\x3d\x01\x00\x00\x03\x00"
  "\x0a\x08\x3d\x01\x00\x00\x04\x00\x0a\x00\x3d\x01\x01\x00\x04\x00\x0a\x01\x3d\x01"
  "\x01\x00\x58\x00\x0a\x02\x3d\x01\x01\x00\x37\x00\x0a\x03\x3d\x01\x01\x00\x11\x00"
  "\x0a\x04\x3d\x01\x01\x00\x11\x00\x0a\x05\x3d\x01\x01\x00\x11\x00\x0a\x06\x3d\x01"
  "\x01\x00\x11\x00\x0a\x07\x3d\x01\x01\x00\x03\x00\x0a\x08\x3d\x01\x01\x00\x04\x00"
  "\x0a\x00\x3d\x02\x00\x00\x03\x00\x0a\x01\x3d\x02\x00\x00\x14\x00\x0a\x02\x3d\x02"
  "\x00\x00\x37\x00\x0a\x03\x3d\x02\x00\x00\x11\x00\x0a\x04\x3d\x02\x00\x00\x11\x00"
  "\x0a\x05\x3d\x02\x00\x00\x11\x00\x0a\x06\x3d\x02\x00\x00\x11\x00\x0a\x07\x3d\x02"
  "\x00\x00\x03\x00\x0a\x08\x3d\x02\x00\x00\x04\x00\x0a\x00\x3d\x02\x01\x00\x04\x00"
  "\x0a\x01\x3d\x02\x01\x00\x58\x00\x0a\x02\x3d\x02\x01\x00\x37\x00\x0a\x03\x3d\x02"
  "\x01\x00\x11\x00\x0a\x04\x3d\x02\x01\x00\x11\x00\x0a\x05\x3d\x02\x01\x00\x11\x00"
  "\x0a\x06\x3d\x02\x01\x00\x11\x00\x0a\x07\x3d\x02\x01\x00\x03\x00\x0a\x08\x3d\x02"
  "\x01\x00\x04\x00\x0a\x00\x3e\x00\x00\x00\x03\x00\x0a\x01\x3e\x00\x00\x00\x15\x00"
  "\x0a\x02\x3e\x00\x00\x00\x37\x00\x0a\x03\x3e\x00\x00\x00\x11\x00\x0a\x04\x3e\x00"
  "\x00\x00\x11\x00\x0a\x05\x3e\x00\x00\x00\x11\x00\x0a\x06\x3e\x00\x00\x00\x11\x00"
  "\x0a\x07\x3e\x00\x00\x00\x03\x00\x0a\x08\x3e\x00\x00\x00\x04\x00\x0a\x00\x3e\x00"
  "\x01\x00\x04\x00\x0a\x01\x3e\x00\x01\x00\x45\x00\x0a\x02\x3e\x00\x01\x00\x37\x00"
  "\x0a\x03\x3e\x00\x01\x00\x11\x00\x0a\x04\x3e\x00\x01\x00\x11\x00\x0a\x05\x3e\x00"
  "\x01\x00\x11\x00\x0a\x06\x3e\x00\x01\x00\x11\x00\x0a\x07\x3e\x00\x01\x00\x03\x00"
  "\x0a\x08\x3e\x00\x01\x00\x04\x00\x0a\x00\x3e\x01\x00\x00\x03\x00\x0a\x01\x3e\x01"
  "\x00\x00\x15\x00\x0a\x02\x3e\x01\x00\x00\x37\x00\x0a\x03\x3e\x01\x00\x00\x11\x00"
  "\x0a\x04\x3e\x01\x00\x00\x11\x00\x0a\x05\x3e\x01\x00\x00\x11\x00\x0a\x06\x3e\x01"
  "\x00\x00\x11\x00\x0a\x07\x3e\x01\x00\x00\x03\x00\x0a\x08\x3e\x01\x00\x00\x04\x00"
  "\x0a\x00\x3e\x01\x01\x00\x04\x00\x0a\x01\x3e\x01\x01\x00\x45\x00\x0a\x02\x3e\x01"
  "\x01\x00\x37\x00\x0a\x03\x3e\x01\x01\x00\x11\x00\x0a\x04\x3e\x01\x01\x00\x11\x00"
  "\x0a\x05\x3e\x01\x01\x00\x11\x00\x0a\x06\x3e\x01\x01\x00\x11\x00\x0a\x07\x3e\x01"
  "\x01\x00\x03\x00\x0a\x08\x3e\x01\x01\x00\x04\x00\x0a\x00\x3e\x02\x00\x00\x03\x00"
  "\x0a\x01\x3e\x02\x00\x00\x15\x00\x0a\x02\x3e\x02\x00\x00\x37\x00\x0a\x03\x3e\x02"
  "\x00\x00\x11\x00\x0a\x04\x3e\x02\x00\x00\x11\x00\x0a\x05\x3e\x02\x00\x00\x11\x00"
  "\x0a\x06\x3e\x02\x00\x00\x11\x00\x0a\x07\x3e\x02\x00\x00\x03\x00\x0a\x08\x3e\x02"
  "\x00\x00\x04\x00\x0a\x00\x3e\x02\x01\x00\x04\x00\x0a\x01\x3e\x02\x01\x00\x45\x00"
  "\x0a\x02\x3e\x02\x01\x00\x37\x00\x0a\x03\x3e\x02\x01\x00\x11\x00\x0a\x04\x3e\x02"
  "\x01\x00\x11\x00\x0a\x05\x3e\x02\x01\x00\x11\x00\x0a\x06\x3e\x02\x01\x00\x11\x00"
  "\x0a\x07\x3e\x02\x01\x00\x03\x00\x0a\x08\x3e\x02\x01\x00\x04\x00\x0a\x00\x3f\x00"
  "\x00\x00\x03\x00\x0a\x01\x3f\x00\x00\x00\x15\x00\x0a\x02\x3f\x00\x00\x00\x37\x00"
  "\x0a\x03\x3f\x00\x00\x00\x11\x00\x0a\x04\x3f\x00\x00\x00\x11\x00\x0a\x05\x3f\x00"
  "\x00\x00\x11\x00\x0a\x06\x3f\x00\x00\x00\x11\x00\x0a\x07\x3f\x00\x00\x00\x03\x00"
  "\x0a\x08\x3f\x00\x00\x00\x04\x00\x0a\x00\x3f\x00\x01\x00\x04\x00\x0a\x01\x3f\x00"
  "\x01\x00\x58\x00\x0a\x02\x3f\x00\x01\x00\x37\x00\x0a\x03\x3f\x00\x01\x00\x11\x00"
  "\x0a\x04\x3f\x00\x01\x00\x11\x00\x0a\x05\x3f\x00\x01\x00\x11\x00\x0a\x06\x3f\x00"
  "\x01\x00\x11\x00\x0a\x07\x3f\x00\x01\x00\x03\x00\x0a\x08\x3f\x00\x01\x00\x04\x00"
  "\x0a\x00\x3f\x01\x00\x00\x03\x00\x0a\x01\x3f\x01\x00\x00\x15\x00\x0a\x02\x3f\x01"
  "\x00\x00\x37\x00\x0a\x03\x3f\x01\x00\x00\x11\x00\x0a\x04\x3f\x01\x00\x00\x11\x00"
  "\x0a\x05\x3f\x01\x00\x00\x11\x00\x0a\x06\x3f\x01\x00\x00\x11\x00\x0a\x07\x3f\x01"
  "\x00\x00\x03\x00\x0a\x08\x3f\x01\x00\x00\x04\x00\x0a\x00\x3f\x01\x01\x00\x04\x00"
  "\x0a\x01\x3f\x01\x01\x00\x58\x00\x0a\x02\x3f\x01\x01\x00\x37\x00\x0a\x03\x3f\x01"
  "\x01\x00\x11\x00\x0a\x04\x3f\x01\x01\x00\x11\x00\x0a\x05\x3f\x01\x01\x00\x11\x00"
  "\x0a\x06\x3f\x01\x01\x00\x11\x00\x0a\x07\x3f\x01\x01\x00\x03\x00\x0a\x08\x3f\x01"
  "\x01\x00\x04\x00\x0a\x00\x3f\x02\x00\x00\x03\x00\x0a\x01\x3f\x02\x00\x00\x15\x00"
  "\x0a\x02\x3f\x02\x00\x00\x37\x00\x0a\x03\x3f\x02\x00\x00\x11\x00\x0a\x04\x3f\x02"
  "\x00\x00\x11\x00\x0a\x05\x3f\x02\x00\x00\x11\x00\x0a\x06\x3f\x02\x00\x00\x11\x00"
  "\x0a\x07\x3f\x02\x00\x00\x03\x00\x0a\x08\x3f\x02\x00\x00\x04\x00\x0a\x00\x3f\x02"
  "\x01\x00\x04\x00\x0a\x01\x3f\x02\x01\x00\x58\x00\x0a\x02\x3f\x02\x01\x00\x37\x00"
  "\x0a\x03\x3f\x02\x01\x00\x11\x00\x0a\x04\x3f\x02\x01\x00\x11\x00\x0a\x05\x3f\x02"
  "\x01\x00\x11\x00\x0a\x06\x3f\x02\x01\x00\x11\x00\x0a\x07\x3f\x02\x01\x00\x03\x00"
  "\x0a\x08\x3f\x02\x01\x00\x04\x00\x0a\x00\x40\x00\x00\x00\x03\x00\x0a\x01\x40\x00"
  "\x00\x00\x17\x00\x0a\x02\x40\x00\x00\x00\x37\x00\x0a\x03\x40\x00\x00\x00\x11\x00"
  "\x0a\x04\x40\x00\x00\x00\x11\x00\x0a\x05\x40\x00\x00\x00\x11\x00\x0a\x06\x40\x00"
  "\x00\x00\x11\x00\x0a\x07\x40\x00\x00\x00\x03\x00\x0a\x08\x40\x00\x00\x00\x04\x00"
  "\x0a\x00\x40\x00\x01\x00\x04\x00\x0a\x01\x40\x00\x01\x00\x21\x00\x0a\x02\x40\x00"
  "\x01\x00\x37\x00\x0a\x03\x40\x00\x01\x00\x11\x00\x0a\x04\x40\x00\x01\x00\x11\x00"
  "\x0a\x05\x40\x00\x01\x00\x11\x00\x0a\x06\x40\x00\x01\x00\x11\x00\x0a\x07\x40\x00"
  "\x01\x00\x03\x00\x0a\x08\x40\x00\x01\x00\x04\x00\x0a\x00\x40\x01\x00\x00\x03\x00"
  "\x0a\x01\x40\x01\x00\x00\x17\x00\x0a\x02\x40\x01\x00\x00\x37\x00\x0a\x03\x40\x01"
  "\x00\x00\x11\x00\x0a\x04\x40\x01\x00\x00\x11\x00\x0a\x05\x40\x01\x00\x00\x11\x00"
  "\x0a\x06\x40\x01\x00\x00\x11\x00\x0a\x07\x40\x01\x00\x00\x03\x00\x0a\x08\x40\x01"
  "\x00\x00\x04\x00\x0a\x00\x40\x01\x01\x00\x04\x00\x0a\x01\x40\x01\x01\x00\x21\x00"
  "\x0a\x02\x40\x01\x01\x00\x37\x00\x0a\x03\x40\x01\x01\x00\x11\x00\x0a\x04\x40\x01"
  "\x01\x00\x11\x00\x0a\x05\x40\x01\x01\x00\x11\x00\x0a\x06\x40\x01\x01\x00\x11\x00"
  "\x0a\x07\x40\x01\x01\x00\x03\x00\x0a\x08\x40\x01\x01\x00\x04\x00\x0a\x00\x40\x02"
  "\x00\x00\x03\x00\x0a\x01\x40\x02\x00\x00\x17\x00\x0a\x02\x40\x02\x00\x00\x37\x00"
  "\x0a\x03\x40\x02\x00\x00\x11\x00\x0a\x04\x40\x02\x00\x00\x11\x00\x0a\x05\x40\x02"
  "\x00\x00\x11\x00\x0a\x06\x40\x02\x00\x00\x11\x00\x0a\x07\x40\x02\x00\x00\x03\x00"
  "\x0a\x08\x40\x02\x00\x00\x04\x00\x0a\x00\x40\x02\x01\x00\x04\x00\x0a\x01\x40\x02"
  "\x01\x00\x21\x00\x0a\x02\x40\x02\x01\x00\x37\x00\x0a\x03\x40\x02\x01\x00\x11\x00"
  "\x0a\x04\x40\x02\x01\x00\x11\x00\x0a\x05\x40\x02\x01\x00\x11\x00\x0a\x06\x40\x02"
  "\x01\x00\x11\x00\x0a\x07\x40\x02\x01\x00\x03\x00\x0a\x08\x40\x02\x01\x00\x04\x00"
  "\x0a\x00\x41\x00\x00\x00\x03\x00\x0a\x01\x41\x00\x00\x00\x17\x00\x0a\x02\x41\x00"
  "\x00\x00\x37\x00\x0a\x03\x41\x00\x00\x00\x11\x00\x0a\x04\x41\x00\x00\x00\x11\x00"
  "\x0a\x05\x41\x00\x00\x00\x11\x00\x0a\x06\x41\x00\x00\x00\x11\x00\x0a\x07\x41\x00"
  "\x00\x00\x03\x00\x0a\x08\x41\x00\x00\x00\x04\x00\x0a\x00\x41\x00\x01\x00\x04\x00"
  "\x0a\x01\x41\x00\x01\x00\x22\x00\x0a\x02\x41\x00\x01\x00\x37\x00\x0a\x03\x41\x00"
  "\x01\x00\x11\x00\x0a\x04\x41\x00\x01\x00\x11\x00\x0a\x05\x41\x00\x01\x00\x11\x00"
  "\x0a\x06\x41\x00\x01\x00\x11\x00\x0a\x07\x41\x00\x01\x00\x03\x00\x0a\x08\x41\x00"
  "\x01\x00\x04\x00\x0a\x00\x41\x01\x00\x00\x03\x00\x0a\x01\x41\x01\x00\x00\x17\x00"
  "\x0a\x02\x41\x01\x00\x00\x37\x00\x0a\x03\x41\x01\x00\x00\x11\x00\x0a\x04\x41\x01"
  "\x00\x00\x11\x00\x0a\x05\x41\x01\x00\x00\x11\x00\x0a\x06\x41\x01\x00\x00\x11\x00"
  "\x0a\x07\x41\x01\x00\x00\x03\x00\x0a\x08\x41\x01\x00\x00\x04\x00\x0a\x00\x41\x01"
  "\x01\x00\x04\x00\x0a\x01\x41\x01\x01\x00\x22\x00\x0a\x02\x41\x01\x01\x00\x37\x00"
  "\x0a\x03\x41\x01\x01\x00\x11\x00\x0a\x04\x41\x01\x01\x00\x11\x00\x0a\x05\x41\x01"
  "\x01\x00\x11\x00\x0a\x06\x41\x01\x01\x00\x11\x00\x0a\x07\x41\x01\x01\x00\x03\x00"
  "\x0a\x08\x41\x01\x01\x00\x04\x00\x0a\x00\x41\x02\x00\x00\x03\x00\x0a\x01\x41\x02"
  "\x00\x00\x17\x00\x0a\x02\x41\x02\x00\x00\x37\x00\x0a\x03\x41\x02\x00\x00\x11\x00"
  "\x0a\x04\x41\x02\x00\x00\x11\x00\x0a\x05\x41\x02\x00\x00\x11\x00\x0a\x06\x41\x02"
  "\x00\x00\x11\x00\x0a\x07\x41\x02\x00\x00\x03\x00\x0a\x08\x41\x02\x00\x00\x04\x00"
  "\x0a\x00\x41\x02\x01\x00\x04\x00\x0a\x01\x41\x02\x01\x00\x22\x00\x0a\x02\x41\x02"
  "\x01\x00\x37\x00\x0a\x03\x41\x02\x01\x00\x11\x00\x0a\x04\x41\x02\x01\x00\x11\x00"
  "\x0a\x05\x41\x02\x01\x00\x11\x00\x0a\x06\x41\x02\x01\x00\x11\x00\x0a\x07\x41\x02"
  "\x01\x00\x03\x00\x0a\x08\x41\x02\x01\x00\x04\x00\x0a\x00\x42\x00\x00\x00\x03\x00"
  "\x0a\x01\x42\x00\x00\x00\x16\x00\x0a\x02\x42\x00\x00\x00\x37\x00\x0a\x03\x42\x00"
  "\x00\x00\x11\x00\x0a\x04\x42\x00\x00\x00\x11\x00\x0a\x05\x42\x00\x00\x00\x11\x00"
  "\x0a\x06\x42\x00\x00\x00\x11\x00\x0a\x07\x42\x00\x00\x00\x03\x00\x0a\x08\x42\x00"
  "\x00\x00\x04\x00\x0a\x00\x42\x00\x01\x00\x04\x00\x0a\x01\x42\x00\x01\x00\x20\x00"
  "\x0a\x02\x42\x00\x01\x00\x37\x00\x0a\x03\x42\x00\x01\x00\x11\x00\x0a\x04\x42\x00"
  "\x01\x00\x11\x00\x0a\x05\x42\x00\x01\x00\x11\x00\x0a\x06\x42\x00\x01\x00\x11\x00"
  "\x0a\x07\x42\x00\x01\x00\x03\x00\x0a\x08\x42\x00\x01\x00\x04\x00\x0a\x00\x42\x01"
  "\x00\x00\x03\x00\x0a\x01\x42\x01\x00\x00\x16\x00\x0a\x02\x42\x01\x00\x00\x37\x00"
  "\x0a\x03\x42\x01\x00\x00\x11\x00\x0a\x04\x42\x01\x00\x00\x11\x00\x0a\x05\x42\x01"
  "\x00\x00\x11\x00\x0a\x06\x42\x01\x00\x00\x11\x00\x0a\x07\x42\x01\x00\x00\x03\x00"
  "\x0a\x08\x42\x01\x00\x00\x04\x00\x0a\x00\x42\x01\x01\x00\x04\x00\x0a\x01\x42\x01"
  "\x01\x00\x20\x00\x0a\x02\x42\x01\x01\x00\x37\x00\x0a\x03\x42\x01\x01\x00\x11\x00"
  "\x0a\x04\x42\x01\x01\x00\x11\x00\x0a\x05\x42\x01\x01\x00\x11\x00\x0a\x06\x42\x01"
  "\x01\x00\x11\x00\x0a\x07\x42\x01\x01\x00\x03\x00\x0a\x08\x42\x01\x01\x00\x04\x00"
  "\x0a\x00\x42\x02\x00\x00\x03\x00\x0a\x01\x42\x02\x00\x00\x16\x00\x0a\x02\x42\x02"
  "\x00\x00\x37\x00\x0a\x03\x42\x02\x00\x00\x11\x00\x0a\x04\x42\x02\x00\x00\x11\x00"
  "\x0a\x05\x42\x02\x00\x00\x11\x00\x0a\x06\x42\x02\x00\x00\x11\x00\x0a\x07\x42\x02"
  "\x00\x00\x03\x00\x0a\x08\x42\x02\x00\x00\x04\x00\x0a\x00\x42\x02\x01\x00\x04\x00"
  "\x0a\x01\x42\x02\x01\x00\x20\x00\x0a\x02\x42\x02\x01\x00\x37\x00\x0a\x03\x42\x02"
  "\x01\x00\x11\x00\x0a\x04\x42\x02\x01\x00\x11\x00\x0a\x05\x42\x02\x01\x00\x11\x00"
  "\x0a\x06\x42\x02\x01\x00\x11\x00\x0a\x07\x42\x02\x01\x00\x03\x00\x0a\x08\x42\x02"
  "\x01\x00\x04\x00\x0a\x00\x43\x00\x00\x00\x03\x00\x0a\x01\x43\x00\x00\x00\x13\x00"
  "\x0a\x02\x43\x00\x00\x00\x37\x00\x0a\x03\x43\x00\x00\x00\x11\x00\x0a\x04\x43\x00"
  "\x00\x00\x11\x00\x0a\x05\x43\x00\x00\x00\x11\x00\x0a\x06\x43\x00\x00\x00\x11\x00"
  "\x0a\x07\x43\x00\x00\x00\x03\x00\x0a\x08\x43\x00\x00\x00\x04\x00\x0a\x00\x43\x00"
  "\x01\x00\x04\x00\x0a\x01\x43\x00\x01\x00\x20\x00\x0a\x02\x43\x00\x01\x00\x37\x00"
  "\x0a\x03\x43\x00\x01\x00\x11\x00\x0a\x04\x43\x00\x01\x00\x11\x00\x0a\x05\x43\x00"
  "\x01\x00\x11\x00\x0a\x06\x43\x00\x01\x00\x11\x00\x0a\x07\x43\x00\x01\x00\x03\x00"
  "\x0a\x08\x43\x00\x01\x00\x04\x00\x0a\x00\x43\x01\x00\x00\x03\x00\x0a\x01\x43\x01"
  "\x00\x00\x13\x00\x0a\x02\x43\x01\x00\x00\x37\x00\x0a\x03\x43\x01\x00\x00\x11\x00"
  "\x0a\x04\x43\x01\x00\x00\x11\x00\x0a\x05\x43\x01\x00\x00\x11\x00\x0a\x06\x43\x01"
  "\x00\x00\x11\x00\x0a\x07\x43\x01\x00\x00\x03\x00\x0a\x08\x43\x01\x00\x00\x04\x00"
  "\x0a\x00\x43\x01\x01\x00\x04\x00\x0a\x01\x43\x01\x01\x00\x20\x00\x0a\x02\x43\x01"
  "\x01\x00\x37\x00\x0a\x03\x43\x01\x01\x00\x11\x00\x0a\x04\x43\x01\x01\x00\x11\x00"
  "\x0a\x05\x43\x01\x01\x00\x11\x00\x0a\x06\x43\x01\x01\x00\x11\x00\x0a\x07\x43\x01"
  "\x01\x00\x03\x00\x0a\x08\x43\x01\x01\x00\x04\x00\x0a\x00\x43\x02\x00\x00\x03\x00"
  "\x0a\x01\x43\x02\x00\x00\x13\x00\x0a\x02\x43\x02\x00\x00\x37\x00\x0a\x03\x43\x02"
  "\x00\x00\x11\x00\x0a\x04\x43\x02\x00\x00\x11\x00\x0a\x05\x43\x02\x00\x00\x11\x00"
  "\x0a\x06\x43\x02\x00\x00\x11\x00\x0a\x07\x43\x02\x00\x00\x03\x00\x0a\x08\x43\x02"
  "\x00\x00\x04\x00\x0a\x00\x43\x02\x01\x00\x04\x00\x0a\x01\x43\x02\x01\x00\x20\x00"
  "\x0a\x02\x43\x02\x01\x00\x37\x00\x0a\x03\x43\x02\x01\x00\x11\x00\x0a\x04\x43\x02"
  "\x01\x00\x11\x00\x0a\x05\x43\x02\x01\x00\x11\x00\x0a\x06\x43\x02\x01\x00\x11\x00"
  "\x0a\x07\x43\x02\x01\x00\x03\x00\x0a\x08\x43\x02\x01\x00\x04\x00\x0a\x00\x44\x00"
  "\x00\x00\x03\x00\x0a\x01\x44\x00\x00\x00\x4d\x00\x0a\x02\x44\x00\x00\x00\x37\x00"
  "\x0a\x03\x44\x00\x00\x00\x11\x00\x0a\x04\x44\x00\x00\x00\x11\x00\x0a\x05\x44\x00"
  "\x00\x00\x11\x00\x0a\x06\x44\x00\x00\x00\x11\x00\x0a\x07\x44\x00\x00\x00\x03\x00"
  "\x0a\x08\x44\x00\x00\x00\x04\x00\x0a\x00\x44\x00\x01\x00\x04\x00\x0a\x01\x44\x00"
  "\x01\x00\x25\x00\x0a\x02\x44\x00\x01\x00\x37\x00\x0a\x03\x44\x00\x01\x00\x11\x00"
  "\x0a\x04\x44\x00\x01\x00\x11\x00\x0a\x05\x44\x00\x01\x00\x11\x00\x0a\x06\x44\x00"
  "\x01\x00\x11\x00\x0a\x07\x44\x00\x01\x00\x03\x00\x0a\x08\x44\x00\x01\x00\x04\x00"
  "\x0a\x00\x44\x01\x00\x00\x03\x00\x0a\x01\x44\x01\x00\x00\x4d\x00\x0a\x02\x44\x01"
  "\x00\x00\x37\x00\x0a\x03\x44\x01\x00\x00\x11\x00\x0a\x04\x44\x01\x00\x00\x11\x00"
  "\x0a\x05\x44\x01\x00\x00\x11\x00\x0a\x06\x44\x01\x00\x00\x11\x00\x0a\x07\x44\x01"
  "\x00\x00\x03\x00\x0a\x08\x44\x01\x00\x00\x04\x00\x0a\x00\x44\x01\x01\x00\x04\x00"
  "\x0a\x01\x44\x01\x01\x00\x25\x00\x0a\x02\x44\x01\x01\x00\x37\x00\x0a\x03\x44\x01"
  "\x01\x00\x11\x00\x0a\x04\x44\x01\x01\x00\x11\x00\x0a\x05\x44\x01\x01\x00\x11\x00"
  "\x0a\x06\x44\x01\x01\x00\x11\x00\x0a\x07\x44\x01\x01\x00\x03\x00\x0a\x08\x44\x01"
  "\x01\x00\x04\x00\x0a\x00\x44\x02\x00\x00\x03\x00\x0a\x01\x44\x02\x00\x00\x4d\x00"
  "\x0a\x02\x44\x02\x00\x00\x37\x00\x0a\x03\x44\x02\x00\x00\x11\x00\x0a\x04\x44\x02"
  "\x00\x00\x11\x00\x0a\x05\x44\x02\x00\x00\x11\x00\x0a\x06\x44\x02\x00\x00\x11\x00"
  "\x0a\x07\x44\x02\x00\x00\x03\x00\x0a\x08\x44\x02\x00\x00\x04\x00\x0a\x00\x44\x02"
  "\x01\x00\x04\x00\x0a\x01\x44\x02\x01\x00\x25\x00\x0a\x02\x44\x02\x01\x00\x37\x00"
  "\x0a\x03\x44\x02\x01\x00\x11\x00\x0a\x04\x44\x02\x01\x00\x11\x00\x0a\x05\x44\x02"
  "\x01\x00\x11\x00\x0a\x06\x44\x02\x01\x00\x11\x00\x0a\x07\x44\x02\x01\x00\x03\x00"
  "\x0a\x08\x44\x02\x01\x00\x04\x00\x0a\x00\x45\x00\x00\x00\x03\x00\x0a\x01\x45\x00"
  "\x00\x00\x4e\x00\x0a\x02\x45\x00\x00\x00\x37\x00\x0a\x03\x45\x00\x00\x00\x11\x00"
  "\x0a\x04\x45\x00\x00\x00\x11\x00\x0a\x05\x45\x00\x00\x00\x11\x00\x0a\x06\x45\x00"
  "\x00\x00\x11\x00\x0a\x07\x45\x00\x00\x00\x03\x00\x0a\x08\x45\x00\x00\x00\x04\x00"
  "\x0a\x00\x45\x00\x01\x00\x04\x00\x0a\x01\x45\x00\x01\x00\x25\x00\x0a\x02\x45\x00"
  "\x01\x00\x37\x00\x0a\x03\x45\x00\x01\x00\x11\x00\x0a\x04\x45\x00\x01\x00\x11\x00"
  "\x0a\x05\x45\x00\x01\x00\x11\x00\x0a\x06\x45\x00\x01\x00\x11\x00\x0a\x07\x45\x00"
  "\x01\x00\x03\x00\x0a\x08\x45\x00\x01\x00\x04\x00\x0a\x00\x45\x01\x00\x00\x03\x00"
  "\x0a\x01\x45\x01\x00\x00\x4e\x00\x0a\x02\x45\x01\x00\x00\x37\x00\x0a\x03\x45\x01"
  "\x00\x00\x11\x00\x0a\x04\x45\x01\x00\x00\x11\x00\x0a\x05\x45\x01\x00\x00\x11\x00"
  "\x0a\x06\x45\x01\x00\x00\x11\x00\x0a\x07\x45\x01\x00\x00\x03\x00\x0a\x08\x45\x01"
  "\x00\x00\x04\x00\x0a\x00\x45\x01\x01\x00\x04\x00\x0a\x01\x45\x01\x01\x00\x25\x00"
  "\x0a\x02\x45\x01\x01\x00\x37\x00\x0a\x03\x45\x01\x01\x00\x11\x00\x0a\x04\x45\x01"
  "\x01\x00\x11\x00\x0a\x05\x45\x01\x01\x00\x11\x00\x0a\x06\x45\x01\x01\x00\x11\x00"
  "\x0a\x07\x45\x01\x01\x00\x03\x00\x0a\x08\x45\x01\x01\x00\x04\x00\x0a\x00\x45\x02"
  "\x00\x00\x03\x00\x0a\x01\x45\x02\x00\x00\x4e\x00\x0a\x02\x45\x02\x00\x00\x37\x00"
  "\x0a\x03\x45\x02\x00\x00\x11\x00\x0a\x04\x45\x02\x00\x00\x11\x00\x0a\x05\x45\x02"
  "\x00\x00\x11\x00\x0a\x06\x45\x02\x00\x00\x11\x00\x0a\x07\x45\x02\x00\x00\x03\x00"
  "\x0a\x08\x45\x02\x00\x00\x04\x00\x0a\x00\x45\x02\x01\x00\x04\x00\x0a\x01\x45\x02"
  "\x01\x00\x25\x00\x0a\x02\x45\x02\x01\x00\x37\x00\x0a\x03\x45\x02\x01\x00\x11\x00"
  "\x0a\x04\x45\x02\x01\x00\x11\x00\x0a\x05\x45\x02\x01\x00\x11\x00\x0a\x06\x45\x02"
  "\x01\x00\x11\x00\x0a\x07\x45\x02\x01\x00\x03\x00\x0a\x08\x45\x02\x01\x00\x04\x00";

#define NSTAGE 11
#define NCASE 12605

int STAGE_M[11];
int STAGE_H[11];
int STAGE_OFF[11];
int STAGE_NCLS[132];
int STAGE_MW[11];
int act[4096];
int z[512];

int model_dims(void) {
  STAGE_M[0] = 2; STAGE_H[0] = 6; STAGE_OFF[0] = 0;  STAGE_MW[0] = 1;
  STAGE_NCLS[0] = 4;
  STAGE_M[1] = 2; STAGE_H[1] = 11; STAGE_OFF[1] = 142;  STAGE_MW[1] = 1;
  STAGE_NCLS[12] = 10;
  STAGE_M[2] = 2; STAGE_H[2] = 34; STAGE_OFF[2] = 399;  STAGE_MW[2] = 2;
  STAGE_NCLS[24] = 36;
  STAGE_M[3] = 3; STAGE_H[3] = 61; STAGE_OFF[3] = 2751;  STAGE_MW[3] = 1;
  STAGE_NCLS[36] = 16;
  STAGE_M[4] = 2; STAGE_H[4] = 9; STAGE_OFF[4] = 4646;  STAGE_MW[4] = 1;
  STAGE_NCLS[48] = 7;
  STAGE_M[5] = 2; STAGE_H[5] = 63; STAGE_OFF[5] = 4857;  STAGE_MW[5] = 1;
  STAGE_NCLS[60] = 58;
  STAGE_M[6] = 3; STAGE_H[6] = 5; STAGE_OFF[6] = 6310;  STAGE_MW[6] = 2;
  STAGE_NCLS[72] = 5;
  STAGE_M[7] = 2; STAGE_H[7] = 3; STAGE_OFF[7] = 6589;  STAGE_MW[7] = 1;
  STAGE_NCLS[84] = 3;
  STAGE_M[8] = 2; STAGE_H[8] = 70; STAGE_OFF[8] = 6662;  STAGE_MW[8] = 2;
  STAGE_NCLS[96] = 5;
  STAGE_NCLS[97] = 91;
  STAGE_M[9] = 3; STAGE_H[9] = 37; STAGE_OFF[9] = 10488;  STAGE_MW[9] = 2;
  STAGE_NCLS[108] = 56;
  STAGE_NCLS[109] = 18;
  STAGE_NCLS[110] = 18;
  STAGE_NCLS[111] = 18;
  STAGE_NCLS[112] = 18;
  STAGE_NCLS[113] = 4;
  STAGE_NCLS[114] = 5;
  STAGE_M[10] = 3; STAGE_H[10] = 84; STAGE_OFF[10] = 13297;  STAGE_MW[10] = 2;
  STAGE_NCLS[120] = 5;
  STAGE_NCLS[121] = 91;
  STAGE_NCLS[122] = 56;
  STAGE_NCLS[123] = 18;
  STAGE_NCLS[124] = 18;
  STAGE_NCLS[125] = 18;
  STAGE_NCLS[126] = 18;
  STAGE_NCLS[127] = 4;
  STAGE_NCLS[128] = 5;
  return 11;
}

/* the kernel -- the deploy kernel. [K-1] [K-2] [K-5]
 *
 * embed -> match -> add -> argmax.  No softmax, no libm, no malloc, and -- for
 * the constructed integer nets -- no multiply and no float either: a unit fires
 * when every one of its literal masks contains the key's value, and a firing
 * unit simply ADDS its W2 entries.
 *
 * Written in the same C subset unisa itself compiles, so `unisa run` and
 * `cc` must agree on its output.
 */
int getb(int i) { return MODEL[i] & 255; }

long mask64(int p) {
    long v; int k;
    v = 0;
    k = 7;
    while (k >= 0) { v = (v << 8) | getb(p + k); k = k - 1; }
    return v;
}

/* one decision: stage index s, key[] holds one value index per field */
int infer(int s, int *key, int head) {
    int m; int H; int off; int j; int f; int hit; int ne; int k;
    int p; int best; int bi; int u; int hh; int c; int w; int ncls;
    int any; int got; int wi; int mw;
    long lit;
    m = STAGE_M[s]; H = STAGE_H[s]; off = STAGE_OFF[s]; mw = STAGE_MW[s];
    j = 0;
    while (j < H) {
        hit = 1;
        f = 0;
        while (f < m) {
            /* MASKW u64 words per field: a vocabulary may exceed 64 values */
            any = 0; got = 0; wi = 0;
            while (wi < mw) {
                lit = mask64(off + ((j * m + f) * mw + wi) * 8);
                if (lit) any = 1;
                if (wi == (key[f] >> 6)) {
                    if ((lit >> (key[f] & 63)) & 1) got = 1;
                }
                wi = wi + 1;
            }
            if (any) { if (got == 0) hit = 0; }
            f = f + 1;
        }
        act[j] = hit;
        j = j + 1;
    }
    p = off + H * m * mw * 8;
    ne = getb(p) | (getb(p+1) << 8) | (getb(p+2) << 16) | (getb(p+3) << 24);
    p = p + 4;
    ncls = STAGE_NCLS[s * 12 + head];
    c = 0;
    while (c < ncls) { z[c] = 0; c = c + 1; }
    k = 0;
    while (k < ne) {
        u = getb(p) | (getb(p+1) << 8);
        hh = getb(p+2);
        c = getb(p+3) | (getb(p+4) << 8);
        w = getb(p+5) | (getb(p+6) << 8);
        if (hh == head) { if (act[u]) z[c] = z[c] + w; }
        p = p + 7;
        k = k + 1;
    }
    best = z[0]; bi = 0;
    c = 1;
    while (c < ncls) { if (z[c] > best) { best = z[c]; bi = c; } c = c + 1; }
    return bi;
}

int main(void) {
    int i; int p; int s; int h; int got; int want; int bad;
    int key[4];
    model_dims();
    bad = 0;
    i = 0;
    p = 0;
    while (i < NCASE) {
        s = CASES[p] & 255;
        h = CASES[p+1] & 255;
        key[0] = CASES[p+2] & 255;
        key[1] = CASES[p+3] & 255;
        key[2] = CASES[p+4] & 255;
        key[3] = CASES[p+5] & 255;
        want = (CASES[p+6] & 255) | ((CASES[p+7] & 255) << 8);
        got = infer(s, key, h);
        if (got != want) bad = bad + 1;
        p = p + 8;
        i = i + 1;
    }
    printf("%d decisions, %d wrong\n", NCASE, bad);
    return bad != 0;
}

