/* generated by `unisa emit-kernel` -- do not edit.
 * Every key of every stage, with the class the gold gives it: what
 * the self test enumerates [P-3]. */

char *CASES =
  "\x00\x00\x00\x00\x00\x00\x01\x00\x00\x00\x00\x01\x00\x00\x00\x00\x00\x00\x01\x00"
  "\x00\x00\x00\x00\x00\x00\x01\x01\x00\x00\x01\x00\x00\x00\x02\x00\x00\x00\x01\x00"
  "\x00\x00\x02\x01\x00\x00\x00\x00\x00\x00\x03\x00\x00\x00\x01\x00\x00\x00\x03\x01"
  "\x00\x00\x00\x00\x00\x00\x04\x00\x00\x00\x01\x00\x00\x00\x04\x01\x00\x00\x00\x00"
  "\x00\x00\x05\x00\x00\x00\x02\x00\x00\x00\x05\x01\x00\x00\x02\x00\x00\x00\x06\x00"
  "\x00\x00\x03\x00\x00\x00\x06\x01\x00\x00\x03\x00\x00\x00\x07\x00\x00\x00\x03\x00"
  "\x00\x00\x07\x01\x00\x00\x03\x00\x00\x00\x08\x00\x00\x00\x03\x00\x00\x00\x08\x01"
  "\x00\x00\x03\x00\x01\x00\x00\x00\x00\x00\x00\x00\x01\x00\x00\x01\x00\x00\x00\x00"
  "\x01\x00\x00\x02\x00\x00\x00\x00\x01\x00\x00\x03\x00\x00\x00\x00\x01\x00\x00\x04"
  "\x00\x00\x00\x00\x01\x00\x00\x05\x00\x00\x00\x00\x01\x00\x00\x06\x00\x00\x00\x00"
  "\x01\x00\x00\x07\x00\x00\x00\x00\x01\x00\x00\x08\x00\x00\x00\x00\x01\x00\x00\x09"
  "\x00\x00\x00\x00\x01\x00\x00\x0a\x00\x00\x00\x00\x01\x00\x00\x0b\x00\x00\x00\x00"
  "\x01\x00\x01\x00\x00\x00\x01\x00\x01\x00\x01\x01\x00\x00\x01\x00\x01\x00\x01\x02"
  "\x00\x00\x01\x00\x01\x00\x01\x03\x00\x00\x01\x00\x01\x00\x01\x04\x00\x00\x01\x00"
  "\x01\x00\x01\x05\x00\x00\x01\x00\x01\x00\x01\x06\x00\x00\x01\x00\x01\x00\x01\x07"
  "\x00\x00\x01\x00\x01\x00\x01\x08\x00\x00\x01\x00\x01\x00\x01\x09\x00\x00\x01\x00"
  "\x01\x00\x01\x0a\x00\x00\x01\x00\x01\x00\x01\x0b\x00\x00\x01\x00\x01\x00\x02\x00"
  "\x00\x00\x02\x00\x01\x00\x02\x01\x00\x00\x02\x00\x01\x00\x02\x02\x00\x00\x02\x00"
  "\x01\x00\x02\x03\x00\x00\x02\x00\x01\x00\x02\x04\x00\x00\x02\x00\x01\x00\x02\x05"
  "\x00\x00\x02\x00\x01\x00\x02\x06\x00\x00\x02\x00\x01\x00\x02\x07\x00\x00\x02\x00"
  "\x01\x00\x02\x08\x00\x00\x02\x00\x01\x00\x02\x09\x00\x00\x02\x00\x01\x00\x02\x0a"
  "\x00\x00\x02\x00\x01\x00\x02\x0b\x00\x00\x02\x00\x01\x00\x03\x00\x00\x00\x03\x00"
  "\x01\x00\x03\x01\x00\x00\x03\x00\x01\x00\x03\x02\x00\x00\x03\x00\x01\x00\x03\x03"
  "\x00\x00\x03\x00\x01\x00\x03\x04\x00\x00\x03\x00\x01\x00\x03\x05\x00\x00\x03\x00"
  "\x01\x00\x03\x06\x00\x00\x03\x00\x01\x00\x03\x07\x00\x00\x03\x00\x01\x00\x03\x08"
  "\x00\x00\x03\x00\x01\x00\x03\x09\x00\x00\x03\x00\x01\x00\x03\x0a\x00\x00\x03\x00"
  "\x01\x00\x03\x0b\x00\x00\x03\x00\x01\x00\x04\x00\x00\x00\x04\x00\x01\x00\x04\x01"
  "\x00\x00\x04\x00\x01\x00\x04\x02\x00\x00\x04\x00\x01\x00\x04\x03\x00\x00\x04\x00"
  "\x01\x00\x04\x04\x00\x00\x04\x00\x01\x00\x04\x05\x00\x00\x04\x00\x01\x00\x04\x06"
  "\x00\x00\x04\x00\x01\x00\x04\x07\x00\x00\x04\x00\x01\x00\x04\x08\x00\x00\x04\x00"
  "\x01\x00\x04\x09\x00\x00\x04\x00\x01\x00\x04\x0a\x00\x00\x04\x00\x01\x00\x04\x0b"
  "\x00\x00\x04\x00\x01\x00\x05\x00\x00\x00\x05\x00\x01\x00\x05\x01\x00\x00\x05\x00"
  "\x01\x00\x05\x02\x00\x00\x05\x00\x01\x00\x05\x03\x00\x00\x05\x00\x01\x00\x05\x04"
  "\x00\x00\x05\x00\x01\x00\x05\x05\x00\x00\x05\x00\x01\x00\x05\x06\x00\x00\x05\x00"
  "\x01\x00\x05\x07\x00\x00\x05\x00\x01\x00\x05\x08\x00\x00\x05\x00\x01\x00\x05\x09"
  "\x00\x00\x05\x00\x01\x00\x05\x0a\x00\x00\x05\x00\x01\x00\x05\x0b\x00\x00\x05\x00"
  "\x01\x00\x06\x00\x00\x00\x08\x00\x01\x00\x06\x01\x00\x00\x08\x00\x01\x00\x06\x02"
  "\x00\x00\x08\x00\x01\x00\x06\x03\x00\x00\x08\x00\x01\x00\x06\x04\x00\x00\x08\x00"
  "\x01\x00\x06\x05\x00\x00\x08\x00\x01\x00\x06\x06\x00\x00\x07\x00\x01\x00\x06\x07"
  "\x00\x00\x06\x00\x01\x00\x06\x08\x00\x00\x08\x00\x01\x00\x06\x09\x00\x00\x08\x00"
  "\x01\x00\x06\x0a\x00\x00\x08\x00\x01\x00\x06\x0b\x00\x00\x08\x00\x01\x00\x07\x00"
  "\x00\x00\x08\x00\x01\x00\x07\x01\x00\x00\x08\x00\x01\x00\x07\x02\x00\x00\x08\x00"
  "\x01\x00\x07\x03\x00\x00\x08\x00\x01\x00\x07\x04\x00\x00\x08\x00\x01\x00\x07\x05"
  "\x00\x00\x08\x00\x01\x00\x07\x06\x00\x00\x08\x00\x01\x00\x07\x07\x00\x00\x08\x00"
  "\x01\x00\x07\x08\x00\x00\x08\x00\x01\x00\x07\x09\x00\x00\x08\x00\x01\x00\x07\x0a"
  "\x00\x00\x08\x00\x01\x00\x07\x0b\x00\x00\x08\x00\x01\x00\x08\x00\x00\x00\x08\x00"
  "\x01\x00\x08\x01\x00\x00\x08\x00\x01\x00\x08\x02\x00\x00\x08\x00\x01\x00\x08\x03"
  "\x00\x00\x08\x00\x01\x00\x08\x04\x00\x00\x08\x00\x01\x00\x08\x05\x00\x00\x08\x00"
  "\x01\x00\x08\x06\x00\x00\x08\x00\x01\x00\x08\x07\x00\x00\x08\x00\x01\x00\x08\x08"
  "\x00\x00\x08\x00\x01\x00\x08\x09\x00\x00\x08\x00\x01\x00\x08\x0a\x00\x00\x08\x00"
  "\x01\x00\x08\x0b\x00\x00\x08\x00\x01\x00\x09\x00\x00\x00\x00\x00\x01\x00\x09\x01"
  "\x00\x00\x00\x00\x01\x00\x09\x02\x00\x00\x00\x00\x01\x00\x09\x03\x00\x00\x00\x00"
  "\x01\x00\x09\x04\x00\x00\x00\x00\x01\x00\x09\x05\x00\x00\x00\x00\x01\x00\x09\x06"
  "\x00\x00\x00\x00\x01\x00\x09\x07\x00\x00\x00\x00\x01\x00\x09\x08\x00\x00\x00\x00"
  "\x01\x00\x09\x09\x00\x00\x00\x00\x01\x00\x09\x0a\x00\x00\x00\x00\x01\x00\x09\x0b"
  "\x00\x00\x00\x00\x01\x00\x0a\x00\x00\x00\x09\x00\x01\x00\x0a\x01\x00\x00\x09\x00"
  "\x01\x00\x0a\x02\x00\x00\x09\x00\x01\x00\x0a\x03\x00\x00\x09\x00\x01\x00\x0a\x04"
  "\x00\x00\x09\x00\x01\x00\x0a\x05\x00\x00\x09\x00\x01\x00\x0a\x06\x00\x00\x09\x00"
  "\x01\x00\x0a\x07\x00\x00\x09\x00\x01\x00\x0a\x08\x00\x00\x09\x00\x01\x00\x0a\x09"
  "\x00\x00\x09\x00\x01\x00\x0a\x0a\x00\x00\x09\x00\x01\x00\x0a\x0b\x00\x00\x09\x00"
  "\x01\x00\x0b\x00\x00\x00\x08\x00\x01\x00\x0b\x01\x00\x00\x08\x00\x01\x00\x0b\x02"
  "\x00\x00\x08\x00\x01\x00\x0b\x03\x00\x00\x03\x00\x01\x00\x0b\x04\x00\x00\x08\x00"
  "\x01\x00\x0b\x05\x00\x00\x08\x00\x01\x00\x0b\x06\x00\x00\x08\x00\x01\x00\x0b\x07"
  "\x00\x00\x08\x00\x01\x00\x0b\x08\x00\x00\x08\x00\x01\x00\x0b\x09\x00\x00\x08\x00"
  "\x01\x00\x0b\x0a\x00\x00\x08\x00\x01\x00\x0b\x0b\x00\x00\x08\x00\x02\x00\x00\x00"
  "\x00\x00\x00\x00\x02\x00\x00\x01\x00\x00\x02\x00\x02\x00\x00\x02\x00\x00\x02\x00"
  "\x02\x00\x00\x03\x00\x00\x02\x00\x02\x00\x00\x04\x00\x00\x02\x00\x02\x00\x00\x05"
  "\x00\x00\x02\x00\x02\x00\x00\x06\x00\x00\x02\x00\x02\x00\x00\x07\x00\x00\x02\x00"
  "\x02\x00\x00\x08\x00\x00\x02\x00\x02\x00\x00\x09\x00\x00\x02\x00\x02\x00\x00\x0a"
  "\x00\x00\x02\x00\x02\x00\x00\x0b\x00\x00\x02\x00\x02\x00\x00\x0c\x00\x00\x02\x00"
  "\x02\x00\x00\x0d\x00\x00\x02\x00\x02\x00\x00\x0e\x00\x00\x02\x00\x02\x00\x00\x0f"
  "\x00\x00\x02\x00\x02\x00\x00\x10\x00\x00\x02\x00\x02\x00\x00\x11\x00\x00\x04\x00"
  "\x02\x00\x00\x12\x00\x00\x03\x00\x02\x00\x00\x13\x00\x00\x05\x00\x02\x00\x00\x14"
  "\x00\x00\x02\x00\x02\x00\x00\x15\x00\x00\x02\x00\x02\x00\x00\x16\x00\x00\x02\x00"
  "\x02\x00\x00\x17\x00\x00\x02\x00\x02\x00\x00\x18\x00\x00\x02\x00\x02\x00\x00\x19"
  "\x00\x00\x02\x00\x02\x00\x00\x1a\x00\x00\x02\x00\x02\x00\x00\x1b\x00\x00\x02\x00"
  "\x02\x00\x00\x1c\x00\x00\x02\x00\x02\x00\x00\x1d\x00\x00\x02\x00\x02\x00\x00\x1e"
  "\x00\x00\x02\x00\x02\x00\x00\x1f\x00\x00\x02\x00\x02\x00\x00\x20\x00\x00\x02\x00"
  "\x02\x00\x00\x21\x00\x00\x02\x00\x02\x00\x00\x22\x00\x00\x02\x00\x02\x00\x00\x23"
  "\x00\x00\x02\x00\x02\x00\x00\x24\x00\x00\x02\x00\x02\x00\x00\x25\x00\x00\x02\x00"
  "\x02\x00\x00\x26\x00\x00\x02\x00\x02\x00\x00\x27\x00\x00\x02\x00\x02\x00\x00\x28"
  "\x00\x00\x02\x00\x02\x00\x00\x29\x00\x00\x02\x00\x02\x00\x00\x2a\x00\x00\x02\x00"
  "\x02\x00\x00\x2b\x00\x00\x02\x00\x02\x00\x00\x2c\x00\x00\x02\x00\x02\x00\x00\x2d"
  "\x00\x00\x02\x00\x02\x00\x00\x2e\x00\x00\x02\x00\x02\x00\x00\x2f\x00\x00\x02\x00"
  "\x02\x00\x00\x30\x00\x00\x02\x00\x02\x00\x00\x31\x00\x00\x02\x00\x02\x00\x00\x32"
  "\x00\x00\x02\x00\x02\x00\x00\x33\x00\x00\x02\x00\x02\x00\x00\x34\x00\x00\x02\x00"
  "\x02\x00\x00\x35\x00\x00\x02\x00\x02\x00\x00\x36\x00\x00\x02\x00\x02\x00\x00\x37"
  "\x00\x00\x02\x00\x02\x00\x00\x38\x00\x00\x02\x00\x02\x00\x00\x39\x00\x00\x02\x00"
  "\x02\x00\x00\x3a\x00\x00\x02\x00\x02\x00\x00\x3b\x00\x00\x04\x00\x02\x00\x00\x3c"
  "\x00\x00\x02\x00\x02\x00\x00\x3d\x00\x00\x02\x00\x02\x00\x00\x3e\x00\x00\x02\x00"
  "\x02\x00\x00\x3f\x00\x00\x02\x00\x02\x00\x00\x40\x00\x00\x02\x00\x02\x00\x00\x41"
  "\x00\x00\x02\x00\x02\x00\x00\x42\x00\x00\x02\x00\x02\x00\x00\x43\x00\x00\x02\x00"
  "\x02\x00\x01\x00\x00\x00\x12\x00\x02\x00\x01\x01\x00\x00\x06\x00\x02\x00\x01\x02"
  "\x00\x00\x12\x00\x02\x00\x01\x03\x00\x00\x12\x00\x02\x00\x01\x04\x00\x00\x12\x00"
  "\x02\x00\x01\x05\x00\x00\x07\x00\x02\x00\x01\x06\x00\x00\x12\x00\x02\x00\x01\x07"
  "\x00\x00\x08\x00\x02\x00\x01\x08\x00\x00\x09\x00\x02\x00\x01\x09\x00\x00\x0a\x00"
  "\x02\x00\x01\x0a\x00\x00\x0b\x00\x02\x00\x01\x0b\x00\x00\x0c\x00\x02\x00\x01\x0c"
  "\x00\x00\x0d\x00\x02\x00\x01\x0d\x00\x00\x0e\x00\x02\x00\x01\x0e\x00\x00\x0f\x00"
  "\x02\x00\x01\x0f\x00\x00\x10\x00\x02\x00\x01\x10\x00\x00\x12\x00\x02\x00\x01\x11"
  "\x00\x00\x06\x00\x02\x00\x01\x12\x00\x00\x06\x00\x02\x00\x01\x13\x00\x00\x06\x00"
  "\x02\x00\x01\x14\x00\x00\x11\x00\x02\x00\x01\x15\x00\x00\x12\x00\x02\x00\x01\x16"
  "\x00\x00\x12\x00\x02\x00\x01\x17\x00\x00\x12\x00\x02\x00\x01\x18\x00\x00\x12\x00"
  "\x02\x00\x01\x19\x00\x00\x12\x00\x02\x00\x01\x1a\x00\x00\x12\x00\x02\x00\x01\x1b"
  "\x00\x00\x12\x00\x02\x00\x01\x1c\x00\x00\x12\x00\x02\x00\x01\x1d\x00\x00\x12\x00"
  "\x02\x00\x01\x1e\x00\x00\x12\x00\x02\x00\x01\x1f\x00\x00\x12\x00\x02\x00\x01\x20"
  "\x00\x00\x12\x00\x02\x00\x01\x21\x00\x00\x12\x00\x02\x00\x01\x22\x00\x00\x12\x00"
  "\x02\x00\x01\x23\x00\x00\x12\x00\x02\x00\x01\x24\x00\x00\x12\x00\x02\x00\x01\x25"
  "\x00\x00\x12\x00\x02\x00\x01\x26\x00\x00\x12\x00\x02\x00\x01\x27\x00\x00\x12\x00"
  "\x02\x00\x01\x28\x00\x00\x12\x00\x02\x00\x01\x29\x00\x00\x12\x00\x02\x00\x01\x2a"
  "\x00\x00\x12\x00\x02\x00\x01\x2b\x00\x00\x12\x00\x02\x00\x01\x2c\x00\x00\x12\x00"
  "\x02\x00\x01\x2d\x00\x00\x12\x00\x02\x00\x01\x2e\x00\x00\x12\x00\x02\x00\x01\x2f"
  "\x00\x00\x12\x00\x02\x00\x01\x30\x00\x00\x12\x00\x02\x00\x01\x31\x00\x00\x12\x00"
  "\x02\x00\x01\x32\x00\x00\x12\x00\x02\x00\x01\x33\x00\x00\x12\x00\x02\x00\x01\x34"
  "\x00\x00\x12\x00\x02\x00\x01\x35\x00\x00\x12\x00\x02\x00\x01\x36\x00\x00\x20\x00"
  "\x02\x00\x01\x37\x00\x00\x12\x00\x02\x00\x01\x38\x00\x00\x12\x00\x02\x00\x01\x39"
  "\x00\x00\x12\x00\x02\x00\x01\x3a\x00\x00\x12\x00\x02\x00\x01\x3b\x00\x00\x06\x00"
  "\x02\x00\x01\x3c\x00\x00\x12\x00\x02\x00\x01\x3d\x00\x00\x12\x00\x02\x00\x01\x3e"
  "\x00\x00\x12\x00\x02\x00\x01\x3f\x00\x00\x12\x00\x02\x00\x01\x40\x00\x00\x12\x00"
  "\x02\x00\x01\x41\x00\x00\x12\x00\x02\x00\x01\x42\x00\x00\x12\x00\x02\x00\x01\x43"
  "\x00\x00\x12\x00\x02\x00\x02\x00\x00\x00\x18\x00\x02\x00\x02\x01\x00\x00\x18\x00"
  "\x02\x00\x02\x02\x00\x00\x18\x00\x02\x00\x02\x03\x00\x00\x18\x00\x02\x00\x02\x04"
  "\x00\x00\x18\x00\x02\x00\x02\x05\x00\x00\x18\x00\x02\x00\x02\x06\x00\x00\x18\x00"
  "\x02\x00\x02\x07\x00\x00\x18\x00\x02\x00\x02\x08\x00\x00\x18\x00\x02\x00\x02\x09"
  "\x00\x00\x18\x00\x02\x00\x02\x0a\x00\x00\x18\x00\x02\x00\x02\x0b\x00\x00\x18\x00"
  "\x02\x00\x02\x0c\x00\x00\x18\x00\x02\x00\x02\x0d\x00\x00\x18\x00\x02\x00\x02\x0e"
  "\x00\x00\x18\x00\x02\x00\x02\x0f\x00\x00\x18\x00\x02\x00\x02\x10\x00\x00\x17\x00"
  "\x02\x00\x02\x11\x00\x00\x18\x00\x02\x00\x02\x12\x00\x00\x18\x00\x02\x00\x02\x13"
  "\x00\x00\x18\x00\x02\x00\x02\x14\x00\x00\x18\x00\x02\x00\x02\x15\x00\x00\x18\x00"
  "\x02\x00\x02\x16\x00\x00\x18\x00\x02\x00\x02\x17\x00\x00\x18\x00\x02\x00\x02\x18"
  "\x00\x00\x18\x00\x02\x00\x02\x19\x00\x00\x18\x00\x02\x00\x02\x1a\x00\x00\x18\x00"
  "\x02\x00\x02\x1b\x00\x00\x18\x00\x02\x00\x02\x1c\x00\x00\x18\x00\x02\x00\x02\x1d"
  "\x00\x00\x18\x00\x02\x00\x02\x1e\x00\x00\x18\x00\x02\x00\x02\x1f\x00\x00\x18\x00"
  "\x02\x00\x02\x20\x00\x00\x18\x00\x02\x00\x02\x21\x00\x00\x18\x00\x02\x00\x02\x22"
  "\x00\x00\x18\x00\x02\x00\x02\x23\x00\x00\x23\x00\x02\x00\x02\x24\x00\x00\x13\x00"
  "\x02\x00\x02\x25\x00\x00\x15\x00\x02\x00\x02\x26\x00\x00\x18\x00\x02\x00\x02\x27"
  "\x00\x00\x18\x00\x02\x00\x02\x28\x00\x00\x18\x00\x02\x00\x02\x29\x00\x00\x18\x00"
  "\x02\x00\x02\x2a\x00\x00\x18\x00\x02\x00\x02\x2b\x00\x00\x18\x00\x02\x00\x02\x2c"
  "\x00\x00\x18\x00\x02\x00\x02\x2d\x00\x00\x18\x00\x02\x00\x02\x2e\x00\x00\x18\x00"
  "\x02\x00\x02\x2f\x00\x00\x18\x00\x02\x00\x02\x30\x00\x00\x14\x00\x02\x00\x02\x31"
  "\x00\x00\x16\x00\x02\x00\x02\x32\x00\x00\x22\x00\x02\x00\x02\x33\x00\x00\x22\x00"
  "\x02\x00\x02\x34\x00\x00\x18\x00\x02\x00\x02\x35\x00\x00\x18\x00\x02\x00\x02\x36"
  "\x00\x00\x18\x00\x02\x00\x02\x37\x00\x00\x18\x00\x02\x00\x02\x38\x00\x00\x18\x00"
  "\x02\x00\x02\x39\x00\x00\x18\x00\x02\x00\x02\x3a\x00\x00\x18\x00\x02\x00\x02\x3b"
  "\x00\x00\x18\x00\x02\x00\x02\x3c\x00\x00\x21\x00\x02\x00\x02\x3d\x00\x00\x18\x00"
  "\x02\x00\x02\x3e\x00\x00\x18\x00\x02\x00\x02\x3f\x00\x00\x18\x00\x02\x00\x02\x40"
  "\x00\x00\x18\x00\x02\x00\x02\x41\x00\x00\x18\x00\x02\x00\x02\x42\x00\x00\x18\x00"
  "\x02\x00\x02\x43\x00\x00\x18\x00\x02\x00\x03\x00\x00\x00\x1d\x00\x02\x00\x03\x01"
  "\x00\x00\x1d\x00\x02\x00\x03\x02\x00\x00\x1d\x00\x02\x00\x03\x03\x00\x00\x1d\x00"
  "\x02\x00\x03\x04\x00\x00\x1d\x00\x02\x00\x03\x05\x00\x00\x1d\x00\x02\x00\x03\x06"
  "\x00\x00\x1d\x00\x02\x00\x03\x07\x00\x00\x1d\x00\x02\x00\x03\x08\x00\x00\x1d\x00"
  "\x02\x00\x03\x09\x00\x00\x1d\x00\x02\x00\x03\x0a\x00\x00\x1d\x00\x02\x00\x03\x0b"
  "\x00\x00\x1d\x00\x02\x00\x03\x0c\x00\x00\x1d\x00\x02\x00\x03\x0d\x00\x00\x1d\x00"
  "\x02\x00\x03\x0e\x00\x00\x1d\x00\x02\x00\x03\x0f\x00\x00\x1d\x00\x02\x00\x03\x10"
  "\x00\x00\x1d\x00\x02\x00\x03\x11\x00\x00\x1d\x00\x02\x00\x03\x12\x00\x00\x1d\x00"
  "\x02\x00\x03\x13\x00\x00\x1d\x00\x02\x00\x03\x14\x00\x00\x1d\x00\x02\x00\x03\x15"
  "\x00\x00\x1d\x00\x02\x00\x03\x16\x00\x00\x1a\x00\x02\x00\x03\x17\x00\x00\x1d\x00"
  "\x02\x00\x03\x18\x00\x00\x19\x00\x02\x00\x03\x19\x00\x00\x1d\x00\x02\x00\x03\x1a"
  "\x00\x00\x1d\x00\x02\x00\x03\x1b\x00\x00\x1d\x00\x02\x00\x03\x1c\x00\x00\x1d\x00"
  "\x02\x00\x03\x1d\x00\x00\x1d\x00\x02\x00\x03\x1e\x00\x00\x1d\x00\x02\x00\x03\x1f"
  "\x00\x00\x1d\x00\x02\x00\x03\x20\x00\x00\x1d\x00\x02\x00\x03\x21\x00\x00\x1d\x00"
  "\x02\x00\x03\x22\x00\x00\x1d\x00\x02\x00\x03\x23\x00\x00\x1d\x00\x02\x00\x03\x24"
  "\x00\x00\x1d\x00\x02\x00\x03\x25\x00\x00\x1d\x00\x02\x00\x03\x26\x00\x00\x1d\x00"
  "\x02\x00\x03\x27\x00\x00\x1d\x00\x02\x00\x03\x28\x00\x00\x1d\x00\x02\x00\x03\x29"
  "\x00\x00\x1d\x00\x02\x00\x03\x2a\x00\x00\x1d\x00\x02\x00\x03\x2b\x00\x00\x1d\x00"
  "\x02\x00\x03\x2c\x00\x00\x1d\x00\x02\x00\x03\x2d\x00\x00\x1d\x00\x02\x00\x03\x2e"
  "\x00\x00\x1d\x00\x02\x00\x03\x2f\x00\x00\x1d\x00\x02\x00\x03\x30\x00\x00\x1d\x00"
  "\x02\x00\x03\x31\x00\x00\x1d\x00\x02\x00\x03\x32\x00\x00\x1b\x00\x02\x00\x03\x33"
  "\x00\x00\x1b\x00\x02\x00\x03\x34\x00\x00\x1c\x00\x02\x00\x03\x35\x00\x00\x1c\x00"
  "\x02\x00\x03\x36\x00\x00\x1d\x00\x02\x00\x03\x37\x00\x00\x1d\x00\x02\x00\x03\x38"
  "\x00\x00\x1d\x00\x02\x00\x03\x39\x00\x00\x1d\x00\x02\x00\x03\x3a\x00\x00\x1d\x00"
  "\x02\x00\x03\x3b\x00\x00\x1d\x00\x02\x00\x03\x3c\x00\x00\x1d\x00\x02\x00\x03\x3d"
  "\x00\x00\x1d\x00\x02\x00\x03\x3e\x00\x00\x1d\x00\x02\x00\x03\x3f\x00\x00\x1d\x00"
  "\x02\x00\x03\x40\x00\x00\x1d\x00\x02\x00\x03\x41\x00\x00\x1d\x00\x02\x00\x03\x42"
  "\x00\x00\x1d\x00\x02\x00\x03\x43\x00\x00\x1d\x00\x02\x00\x04\x00\x00\x00\x1f\x00"
  "\x02\x00\x04\x01\x00\x00\x1f\x00\x02\x00\x04\x02\x00\x00\x1f\x00\x02\x00\x04\x03"
  "\x00\x00\x1f\x00\x02\x00\x04\x04\x00\x00\x1f\x00\x02\x00\x04\x05\x00\x00\x1f\x00"
  "\x02\x00\x04\x06\x00\x00\x1f\x00\x02\x00\x04\x07\x00\x00\x1f\x00\x02\x00\x04\x08"
  "\x00\x00\x1f\x00\x02\x00\x04\x09\x00\x00\x1f\x00\x02\x00\x04\x0a\x00\x00\x1f\x00"
  "\x02\x00\x04\x0b\x00\x00\x1f\x00\x02\x00\x04\x0c\x00\x00\x1f\x00\x02\x00\x04\x0d"
  "\x00\x00\x1f\x00\x02\x00\x04\x0e\x00\x00\x1f\x00\x02\x00\x04\x0f\x00\x00\x1f\x00"
  "\x02\x00\x04\x10\x00\x00\x1f\x00\x02\x00\x04\x11\x00\x00\x1f\x00\x02\x00\x04\x12"
  "\x00\x00\x1f\x00\x02\x00\x04\x13\x00\x00\x1f\x00\x02\x00\x04\x14\x00\x00\x1e\x00"
  "\x02\x00\x04\x15\x00\x00\x1f\x00\x02\x00\x04\x16\x00\x00\x1e\x00\x02\x00\x04\x17"
  "\x00\x00\x1f\x00\x02\x00\x04\x18\x00\x00\x1f\x00\x02\x00\x04\x19\x00\x00\x1f\x00"
  "\x02\x00\x04\x1a\x00\x00\x1f\x00\x02\x00\x04\x1b\x00\x00\x1f\x00\x02\x00\x04\x1c"
  "\x00\x00\x1f\x00\x02\x00\x04\x1d\x00\x00\x1f\x00\x02\x00\x04\x1e\x00\x00\x1f\x00"
  "\x02\x00\x04\x1f\x00\x00\x1f\x00\x02\x00\x04\x20\x00\x00\x1f\x00\x02\x00\x04\x21"
  "\x00\x00\x1f\x00\x02\x00\x04\x22\x00\x00\x1f\x00\x02\x00\x04\x23\x00\x00\x1f\x00"
  "\x02\x00\x04\x24\x00\x00\x1f\x00\x02\x00\x04\x25\x00\x00\x1f\x00\x02\x00\x04\x26"
  "\x00\x00\x1f\x00\x02\x00\x04\x27\x00\x00\x1f\x00\x02\x00\x04\x28\x00\x00\x1f\x00"
  "\x02\x00\x04\x29\x00\x00\x1f\x00\x02\x00\x04\x2a\x00\x00\x1f\x00\x02\x00\x04\x2b"
  "\x00\x00\x1f\x00\x02\x00\x04\x2c\x00\x00\x1f\x00\x02\x00\x04\x2d\x00\x00\x1f\x00"
  "\x02\x00\x04\x2e\x00\x00\x1f\x00\x02\x00\x04\x2f\x00\x00\x1f\x00\x02\x00\x04\x30"
  "\x00\x00\x1f\x00\x02\x00\x04\x31\x00\x00\x1f\x00\x02\x00\x04\x32\x00\x00\x1f\x00"
  "\x02\x00\x04\x33\x00\x00\x1f\x00\x02\x00\x04\x34\x00\x00\x1f\x00\x02\x00\x04\x35"
  "\x00\x00\x1f\x00\x02\x00\x04\x36\x00\x00\x1f\x00\x02\x00\x04\x37\x00\x00\x1f\x00"
  "\x02\x00\x04\x38\x00\x00\x1f\x00\x02\x00\x04\x39\x00\x00\x1f\x00\x02\x00\x04\x3a"
  "\x00\x00\x1f\x00\x02\x00\x04\x3b\x00\x00\x1f\x00\x02\x00\x04\x3c\x00\x00\x1f\x00"
  "\x02\x00\x04\x3d\x00\x00\x1f\x00\x02\x00\x04\x3e\x00\x00\x1f\x00\x02\x00\x04\x3f"
  "\x00\x00\x1f\x00\x02\x00\x04\x40\x00\x00\x1f\x00\x02\x00\x04\x41\x00\x00\x1f\x00"
  "\x02\x00\x04\x42\x00\x00\x1f\x00\x02\x00\x04\x43\x00\x00\x1f\x00\x03\x00\x00\x00"
  "\x00\x00\x0f\x00\x03\x00\x00\x00\x01\x00\x0f\x00\x03\x00\x00\x00\x02\x00\x0f\x00"
  "\x03\x00\x00\x00\x03\x00\x0f\x00\x03\x00\x00\x00\x04\x00\x0f\x00\x03\x00\x00\x00"
  "\x05\x00\x0f\x00\x03\x00\x00\x00\x06\x00\x0f\x00\x03\x00\x00\x00\x07\x00\x0f\x00"
  "\x03\x00\x00\x00\x08\x00\x0f\x00\x03\x00\x00\x00\x09\x00\x0f\x00\x03\x00\x00\x00"
  "\x0a\x00\x0f\x00\x03\x00\x00\x00\x0b\x00\x0f\x00\x03\x00\x00\x00\x0c\x00\x0f\x00"
  "\x03\x00\x00\x00\x0d\x00\x0f\x00\x03\x00\x00\x00\x0e\x00\x0f\x00\x03\x00\x00\x01"
  "\x00\x00\x0f\x00\x03\x00\x00\x01\x01\x00\x0f\x00\x03\x00\x00\x01\x02\x00\x0f\x00"
  "\x03\x00\x00\x01\x03\x00\x0f\x00\x03\x00\x00\x01\x04\x00\x0f\x00\x03\x00\x00\x01"
  "\x05\x00\x0f\x00\x03\x00\x00\x01\x06\x00\x0f\x00\x03\x00\x00\x01\x07\x00\x0f\x00"
  "\x03\x00\x00\x01\x08\x00\x0f\x00\x03\x00\x00\x01\x09\x00\x0f\x00\x03\x00\x00\x01"
  "\x0a\x00\x0f\x00\x03\x00\x00\x01\x0b\x00\x0f\x00\x03\x00\x00\x01\x0c\x00\x0f\x00"
  "\x03\x00\x00\x01\x0d\x00\x0f\x00\x03\x00\x00\x01\x0e\x00\x0f\x00\x03\x00\x00\x02"
  "\x00\x00\x0f\x00\x03\x00\x00\x02\x01\x00\x0f\x00\x03\x00\x00\x02\x02\x00\x0f\x00"
  "\x03\x00\x00\x02\x03\x00\x0f\x00\x03\x00\x00\x02\x04\x00\x0f\x00\x03\x00\x00\x02"
  "\x05\x00\x0f\x00\x03\x00\x00\x02\x06\x00\x0f\x00\x03\x00\x00\x02\x07\x00\x0f\x00"
  "\x03\x00\x00\x02\x08\x00\x0f\x00\x03\x00\x00\x02\x09\x00\x0f\x00\x03\x00\x00\x02"
  "\x0a\x00\x0f\x00\x03\x00\x00\x02\x0b\x00\x0f\x00\x03\x00\x00\x02\x0c\x00\x0f\x00"
  "\x03\x00\x00\x02\x0d\x00\x0f\x00\x03\x00\x00\x02\x0e\x00\x0f\x00\x03\x00\x00\x03"
  "\x00\x00\x0f\x00\x03\x00\x00\x03\x01\x00\x0f\x00\x03\x00\x00\x03\x02\x00\x0f\x00"
  "\x03\x00\x00\x03\x03\x00\x0f\x00\x03\x00\x00\x03\x04\x00\x0f\x00\x03\x00\x00\x03"
  "\x05\x00\x0f\x00\x03\x00\x00\x03\x06\x00\x0f\x00\x03\x00\x00\x03\x07\x00\x0f\x00"
  "\x03\x00\x00\x03\x08\x00\x0f\x00\x03\x00\x00\x03\x09\x00\x0f\x00\x03\x00\x00\x03"
  "\x0a\x00\x0f\x00\x03\x00\x00\x03\x0b\x00\x0f\x00\x03\x00\x00\x03\x0c\x00\x0f\x00"
  "\x03\x00\x00\x03\x0d\x00\x0f\x00\x03\x00\x00\x03\x0e\x00\x0f\x00\x03\x00\x00\x04"
  "\x00\x00\x0f\x00\x03\x00\x00\x04\x01\x00\x0f\x00\x03\x00\x00\x04\x02\x00\x0f\x00"
  "\x03\x00\x00\x04\x03\x00\x0f\x00\x03\x00\x00\x04\x04\x00\x0f\x00\x03\x00\x00\x04"
  "\x05\x00\x0f\x00\x03\x00\x00\x04\x06\x00\x0f\x00\x03\x00\x00\x04\x07\x00\x0f\x00"
  "\x03\x00\x00\x04\x08\x00\x0f\x00\x03\x00\x00\x04\x09\x00\x0f\x00\x03\x00\x00\x04"
  "\x0a\x00\x0f\x00\x03\x00\x00\x04\x0b\x00\x0f\x00\x03\x00\x00\x04\x0c\x00\x0f\x00"
  "\x03\x00\x00\x04\x0d\x00\x0f\x00\x03\x00\x00\x04\x0e\x00\x0f\x00\x03\x00\x00\x05"
  "\x00\x00\x04\x00\x03\x00\x00\x05\x01\x00\x04\x00\x03\x00\x00\x05\x02\x00\x04\x00"
  "\x03\x00\x00\x05\x03\x00\x04\x00\x03\x00\x00\x05\x04\x00\x04\x00\x03\x00\x00\x05"
  "\x05\x00\x04\x00\x03\x00\x00\x05\x06\x00\x04\x00\x03\x00\x00\x05\x07\x00\x04\x00"
  "\x03\x00\x00\x05\x08\x00\x04\x00\x03\x00\x00\x05\x09\x00\x04\x00\x03\x00\x00\x05"
  "\x0a\x00\x04\x00\x03\x00\x00\x05\x0b\x00\x04\x00\x03\x00\x00\x05\x0c\x00\x04\x00"
  "\x03\x00\x00\x05\x0d\x00\x0f\x00\x03\x00\x00\x05\x0e\x00\x0f\x00\x03\x00\x00\x06"
  "\x00\x00\x04\x00\x03\x00\x00\x06\x01\x00\x04\x00\x03\x00\x00\x06\x02\x00\x04\x00"
  "\x03\x00\x00\x06\x03\x00\x04\x00\x03\x00\x00\x06\x04\x00\x04\x00\x03\x00\x00\x06"
  "\x05\x00\x04\x00\x03\x00\x00\x06\x06\x00\x04\x00\x03\x00\x00\x06\x07\x00\x04\x00"
  "\x03\x00\x00\x06\x08\x00\x04\x00\x03\x00\x00\x06\x09\x00\x04\x00\x03\x00\x00\x06"
  "\x0a\x00\x04\x00\x03\x00\x00\x06\x0b\x00\x04\x00\x03\x00\x00\x06\x0c\x00\x04\x00"
  "\x03\x00\x00\x06\x0d\x00\x0f\x00\x03\x00\x00\x06\x0e\x00\x0f\x00\x03\x00\x00\x07"
  "\x00\x00\x00\x00\x03\x00\x00\x07\x01\x00\x00\x00\x03\x00\x00\x07\x02\x00\x00\x00"
  "\x03\x00\x00\x07\x03\x00\x00\x00\x03\x00\x00\x07\x04\x00\x00\x00\x03\x00\x00\x07"
  "\x05\x00\x00\x00\x03\x00\x00\x07\x06\x00\x00\x00\x03\x00\x00\x07\x07\x00\x00\x00"
  "\x03\x00\x00\x07\x08\x00\x00\x00\x03\x00\x00\x07\x09\x00\x00\x00\x03\x00\x00\x07"
  "\x0a\x00\x00\x00\x03\x00\x00\x07\x0b\x00\x00\x00\x03\x00\x00\x07\x0c\x00\x00\x00"
  "\x03\x00\x00\x07\x0d\x00\x00\x00\x03\x00\x00\x07\x0e\x00\x00\x00\x03\x00\x00\x08"
  "\x00\x00\x0f\x00\x03\x00\x00\x08\x01\x00\x0f\x00\x03\x00\x00\x08\x02\x00\x0f\x00"
  "\x03\x00\x00\x08\x03\x00\x0f\x00\x03\x00\x00\x08\x04\x00\x0f\x00\x03\x00\x00\x08"
  "\x05\x00\x0f\x00\x03\x00\x00\x08\x06\x00\x0f\x00\x03\x00\x00\x08\x07\x00\x0f\x00"
  "\x03\x00\x00\x08\x08\x00\x0f\x00\x03\x00\x00\x08\x09\x00\x0f\x00\x03\x00\x00\x08"
  "\x0a\x00\x0f\x00\x03\x00\x00\x08\x0b\x00\x0f\x00\x03\x00\x00\x08\x0c\x00\x0f\x00"
  "\x03\x00\x00\x08\x0d\x00\x0f\x00\x03\x00\x00\x08\x0e\x00\x0f\x00\x03\x00\x00\x09"
  "\x00\x00\x0f\x00\x03\x00\x00\x09\x01\x00\x0f\x00\x03\x00\x00\x09\x02\x00\x0f\x00"
  "\x03\x00\x00\x09\x03\x00\x0f\x00\x03\x00\x00\x09\x04\x00\x0f\x00\x03\x00\x00\x09"
  "\x05\x00\x0f\x00\x03\x00\x00\x09\x06\x00\x0f\x00\x03\x00\x00\x09\x07\x00\x0f\x00"
  "\x03\x00\x00\x09\x08\x00\x0f\x00\x03\x00\x00\x09\x09\x00\x0f\x00\x03\x00\x00\x09"
  "\x0a\x00\x0f\x00\x03\x00\x00\x09\x0b\x00\x0f\x00\x03\x00\x00\x09\x0c\x00\x0f\x00"
  "\x03\x00\x00\x09\x0d\x00\x0f\x00\x03\x00\x00\x09\x0e\x00\x0f\x00\x03\x00\x00\x0a"
  "\x00\x00\x0f\x00\x03\x00\x00\x0a\x01\x00\x0f\x00\x03\x00\x00\x0a\x02\x00\x0f\x00"
  "\x03\x00\x00\x0a\x03\x00\x0f\x00\x03\x00\x00\x0a\x04\x00\x0f\x00\x03\x00\x00\x0a"
  "\x05\x00\x0f\x00\x03\x00\x00\x0a\x06\x00\x0f\x00\x03\x00\x00\x0a\x07\x00\x0f\x00"
  "\x03\x00\x00\x0a\x08\x00\x0f\x00\x03\x00\x00\x0a\x09\x00\x0f\x00\x03\x00\x00\x0a"
  "\x0a\x00\x0f\x00\x03\x00\x00\x0a\x0b\x00\x0f\x00\x03\x00\x00\x0a\x0c\x00\x0f\x00"
  "\x03\x00\x00\x0a\x0d\x00\x0f\x00\x03\x00\x00\x0a\x0e\x00\x0f\x00\x03\x00\x00\x0b"
  "\x00\x00\x0f\x00\x03\x00\x00\x0b\x01\x00\x0f\x00\x03\x00\x00\x0b\x02\x00\x0f\x00"
  "\x03\x00\x00\x0b\x03\x00\x0f\x00\x03\x00\x00\x0b\x04\x00\x0f\x00\x03\x00\x00\x0b"
  "\x05\x00\x0f\x00\x03\x00\x00\x0b\x06\x00\x0f\x00\x03\x00\x00\x0b\x07\x00\x0f\x00"
  "\x03\x00\x00\x0b\x08\x00\x0f\x00\x03\x00\x00\x0b\x09\x00\x0f\x00\x03\x00\x00\x0b"
  "\x0a\x00\x0f\x00\x03\x00\x00\x0b\x0b\x00\x0f\x00\x03\x00\x00\x0b\x0c\x00\x0f\x00"
  "\x03\x00\x00\x0b\x0d\x00\x0f\x00\x03\x00\x00\x0b\x0e\x00\x0f\x00\x03\x00\x00\x0c"
  "\x00\x00\x04\x00\x03\x00\x00\x0c\x01\x00\x04\x00\x03\x00\x00\x0c\x02\x00\x04\x00"
  "\x03\x00\x00\x0c\x03\x00\x04\x00\x03\x00\x00\x0c\x04\x00\x04\x00\x03\x00\x00\x0c"
  "\x05\x00\x04\x00\x03\x00\x00\x0c\x06\x00\x04\x00\x03\x00\x00\x0c\x07\x00\x04\x00"
  "\x03\x00\x00\x0c\x08\x00\x04\x00\x03\x00\x00\x0c\x09\x00\x04\x00\x03\x00\x00\x0c"
  "\x0a\x00\x04\x00\x03\x00\x00\x0c\x0b\x00\x04\x00\x03\x00\x00\x0c\x0c\x00\x04\x00"
  "\x03\x00\x00\x0c\x0d\x00\x04\x00\x03\x00\x00\x0c\x0e\x00\x04\x00\x03\x00\x00\x0d"
  "\x00\x00\x00\x00\x03\x00\x00\x0d\x01\x00\x01\x00\x03\x00\x00\x0d\x02\x00\x02\x00"
  "\x03\x00\x00\x0d\x03\x00\x03\x00\x03\x00\x00\x0d\x04\x00\x04\x00\x03\x00\x00\x0d"
  "\x05\x00\x05\x00\x03\x00\x00\x0d\x06\x00\x06\x00\x03\x00\x00\x0d\x07\x00\x07\x00"
  "\x03\x00\x00\x0d\x08\x00\x08\x00\x03\x00\x00\x0d\x09\x00\x09\x00\x03\x00\x00\x0d"
  "\x0a\x00\x0a\x00\x03\x00\x00\x0d\x0b\x00\x0b\x00\x03\x00\x00\x0d\x0c\x00\x0c\x00"
  "\x03\x00\x00\x0d\x0d\x00\x0d\x00\x03\x00\x00\x0d\x0e\x00\x0e\x00\x03\x00\x00\x0e"
  "\x00\x00\x0f\x00\x03\x00\x00\x0e\x01\x00\x0f\x00\x03\x00\x00\x0e\x02\x00\x0f\x00"
  "\x03\x00\x00\x0e\x03\x00\x0f\x00\x03\x00\x00\x0e\x04\x00\x0f\x00\x03\x00\x00\x0e"
  "\x05\x00\x0f\x00\x03\x00\x00\x0e\x06\x00\x0f\x00\x03\x00\x00\x0e\x07\x00\x0f\x00"
  "\x03\x00\x00\x0e\x08\x00\x0f\x00\x03\x00\x00\x0e\x09\x00\x0f\x00\x03\x00\x00\x0e"
  "\x0a\x00\x0f\x00\x03\x00\x00\x0e\x0b\x00\x0f\x00\x03\x00\x00\x0e\x0c\x00\x0f\x00"
  "\x03\x00\x00\x0e\x0d\x00\x0f\x00\x03\x00\x00\x0e\x0e\x00\x0f\x00\x03\x00\x00\x0f"
  "\x00\x00\x0f\x00\x03\x00\x00\x0f\x01\x00\x0f\x00\x03\x00\x00\x0f\x02\x00\x0f\x00"
  "\x03\x00\x00\x0f\x03\x00\x0f\x00\x03\x00\x00\x0f\x04\x00\x0f\x00\x03\x00\x00\x0f"
  "\x05\x00\x0f\x00\x03\x00\x00\x0f\x06\x00\x0f\x00\x03\x00\x00\x0f\x07\x00\x0f\x00"
  "\x03\x00\x00\x0f\x08\x00\x0f\x00\x03\x00\x00\x0f\x09\x00\x0f\x00\x03\x00\x00\x0f"
  "\x0a\x00\x0f\x00\x03\x00\x00\x0f\x0b\x00\x0f\x00\x03\x00\x00\x0f\x0c\x00\x0f\x00"
  "\x03\x00\x00\x0f\x0d\x00\x0f\x00\x03\x00\x00\x0f\x0e\x00\x0f\x00\x03\x00\x00\x10"
  "\x00\x00\x0f\x00\x03\x00\x00\x10\x01\x00\x0f\x00\x03\x00\x00\x10\x02\x00\x0f\x00"
  "\x03\x00\x00\x10\x03\x00\x0f\x00\x03\x00\x00\x10\x04\x00\x0f\x00\x03\x00\x00\x10"
  "\x05\x00\x0f\x00\x03\x00\x00\x10\x06\x00\x0f\x00\x03\x00\x00\x10\x07\x00\x0f\x00"
  "\x03\x00\x00\x10\x08\x00\x0f\x00\x03\x00\x00\x10\x09\x00\x0f\x00\x03\x00\x00\x10"
  "\x0a\x00\x0f\x00\x03\x00\x00\x10\x0b\x00\x0f\x00\x03\x00\x00\x10\x0c\x00\x0f\x00"
  "\x03\x00\x00\x10\x0d\x00\x0f\x00\x03\x00\x00\x10\x0e\x00\x0f\x00\x03\x00\x00\x11"
  "\x00\x00\x0f\x00\x03\x00\x00\x11\x01\x00\x0f\x00\x03\x00\x00\x11\x02\x00\x0f\x00"
  "\x03\x00\x00\x11\x03\x00\x0f\x00\x03\x00\x00\x11\x04\x00\x0f\x00\x03\x00\x00\x11"
  "\x05\x00\x0f\x00\x03\x00\x00\x11\x06\x00\x0f\x00\x03\x00\x00\x11\x07\x00\x0f\x00"
  "\x03\x00\x00\x11\x08\x00\x0f\x00\x03\x00\x00\x11\x09\x00\x0f\x00\x03\x00\x00\x11"
  "\x0a\x00\x0f\x00\x03\x00\x00\x11\x0b\x00\x0f\x00\x03\x00\x00\x11\x0c\x00\x0f\x00"
  "\x03\x00\x00\x11\x0d\x00\x0f\x00\x03\x00\x00\x11\x0e\x00\x0f\x00\x03\x00\x00\x12"
  "\x00\x00\x0f\x00\x03\x00\x00\x12\x01\x00\x0f\x00\x03\x00\x00\x12\x02\x00\x0f\x00"
  "\x03\x00\x00\x12\x03\x00\x0f\x00\x03\x00\x00\x12\x04\x00\x0f\x00\x03\x00\x00\x12"
  "\x05\x00\x0f\x00\x03\x00\x00\x12\x06\x00\x0f\x00\x03\x00\x00\x12\x07\x00\x0f\x00"
  "\x03\x00\x00\x12\x08\x00\x0f\x00\x03\x00\x00\x12\x09\x00\x0f\x00\x03\x00\x00\x12"
  "\x0a\x00\x0f\x00\x03\x00\x00\x12\x0b\x00\x0f\x00\x03\x00\x00\x12\x0c\x00\x0f\x00"
  "\x03\x00\x00\x12\x0d\x00\x0f\x00\x03\x00\x00\x12\x0e\x00\x0f\x00\x03\x00\x01\x00"
  "\x00\x00\x0f\x00\x03\x00\x01\x00\x01\x00\x03\x00\x03\x00\x01\x00\x02\x00\x03\x00"
  "\x03\x00\x01\x00\x03\x00\x03\x00\x03\x00\x01\x00\x04\x00\x04\x00\x03\x00\x01\x00"
  "\x05\x00\x03\x00\x03\x00\x01\x00\x06\x00\x03\x00\x03\x00\x01\x00\x07\x00\x07\x00"
  "\x03\x00\x01\x00\x08\x00\x08\x00\x03\x00\x01\x00\x09\x00\x09\x00\x03\x00\x01\x00"
  "\x0a\x00\x09\x00\x03\x00\x01\x00\x0b\x00\x0f\x00\x03\x00\x01\x00\x0c\x00\x0f\x00"
  "\x03\x00\x01\x00\x0d\x00\x0d\x00\x03\x00\x01\x00\x0e\x00\x0e\x00\x03\x00\x01\x01"
  "\x00\x00\x0f\x00\x03\x00\x01\x01\x01\x00\x03\x00\x03\x00\x01\x01\x02\x00\x03\x00"
  "\x03\x00\x01\x01\x03\x00\x03\x00\x03\x00\x01\x01\x04\x00\x04\x00\x03\x00\x01\x01"
  "\x05\x00\x03\x00\x03\x00\x01\x01\x06\x00\x03\x00\x03\x00\x01\x01\x07\x00\x07\x00"
  "\x03\x00\x01\x01\x08\x00\x08\x00\x03\x00\x01\x01\x09\x00\x0f\x00\x03\x00\x01\x01"
  "\x0a\x00\x0f\x00\x03\x00\x01\x01\x0b\x00\x0f\x00\x03\x00\x01\x01\x0c\x00\x0f\x00"
  "\x03\x00\x01\x01\x0d\x00\x0d\x00\x03\x00\x01\x01\x0e\x00\x0e\x00\x03\x00\x01\x02"
  "\x00\x00\x0f\x00\x03\x00\x01\x02\x01\x00\x03\x00\x03\x00\x01\x02\x02\x00\x03\x00"
  "\x03\x00\x01\x02\x03\x00\x03\x00\x03\x00\x01\x02\x04\x00\x04\x00\x03\x00\x01\x02"
  "\x05\x00\x03\x00\x03\x00\x01\x02\x06\x00\x03\x00\x03\x00\x01\x02\x07\x00\x07\x00"
  "\x03\x00\x01\x02\x08\x00\x08\x00\x03\x00\x01\x02\x09\x00\x0f\x00\x03\x00\x01\x02"
  "\x0a\x00\x0f\x00\x03\x00\x01\x02\x0b\x00\x0f\x00\x03\x00\x01\x02\x0c\x00\x0f\x00"
  "\x03\x00\x01\x02\x0d\x00\x0d\x00\x03\x00\x01\x02\x0e\x00\x0e\x00\x03\x00\x01\x03"
  "\x00\x00\x0f\x00\x03\x00\x01\x03\x01\x00\x03\x00\x03\x00\x01\x03\x02\x00\x03\x00"
  "\x03\x00\x01\x03\x03\x00\x03\x00\x03\x00\x01\x03\x04\x00\x04\x00\x03\x00\x01\x03"
  "\x05\x00\x03\x00\x03\x00\x01\x03\x06\x00\x03\x00\x03\x00\x01\x03\x07\x00\x07\x00"
  "\x03\x00\x01\x03\x08\x00\x08\x00\x03\x00\x01\x03\x09\x00\x0f\x00\x03\x00\x01\x03"
  "\x0a\x00\x0f\x00\x03\x00\x01\x03\x0b\x00\x0f\x00\x03\x00\x01\x03\x0c\x00\x0f\x00"
  "\x03\x00\x01\x03\x0d\x00\x0d\x00\x03\x00\x01\x03\x0e\x00\x0e\x00\x03\x00\x01\x04"
  "\x00\x00\x0f\x00\x03\x00\x01\x04\x01\x00\x03\x00\x03\x00\x01\x04\x02\x00\x03\x00"
  "\x03\x00\x01\x04\x03\x00\x03\x00\x03\x00\x01\x04\x04\x00\x04\x00\x03\x00\x01\x04"
  "\x05\x00\x03\x00\x03\x00\x01\x04\x06\x00\x03\x00\x03\x00\x01\x04\x07\x00\x07\x00"
  "\x03\x00\x01\x04\x08\x00\x08\x00\x03\x00\x01\x04\x09\x00\x0f\x00\x03\x00\x01\x04"
  "\x0a\x00\x0f\x00\x03\x00\x01\x04\x0b\x00\x0f\x00\x03\x00\x01\x04\x0c\x00\x0f\x00"
  "\x03\x00\x01\x04\x0d\x00\x0f\x00\x03\x00\x01\x04\x0e\x00\x0f\x00\x03\x00\x01\x05"
  "\x00\x00\x04\x00\x03\x00\x01\x05\x01\x00\x04\x00\x03\x00\x01\x05\x02\x00\x04\x00"
  "\x03\x00\x01\x05\x03\x00\x04\x00\x03\x00\x01\x05\x04\x00\x04\x00\x03\x00\x01\x05"
  "\x05\x00\x04\x00\x03\x00\x01\x05\x06\x00\x04\x00\x03\x00\x01\x05\x07\x00\x04\x00"
  "\x03\x00\x01\x05\x08\x00\x04\x00\x03\x00\x01\x05\x09\x00\x04\x00\x03\x00\x01\x05"
  "\x0a\x00\x04\x00\x03\x00\x01\x05\x0b\x00\x04\x00\x03\x00\x01\x05\x0c\x00\x04\x00"
  "\x03\x00\x01\x05\x0d\x00\x04\x00\x03\x00\x01\x05\x0e\x00\x04\x00\x03\x00\x01\x06"
  "\x00\x00\x04\x00\x03\x00\x01\x06\x01\x00\x04\x00\x03\x00\x01\x06\x02\x00\x04\x00"
  "\x03\x00\x01\x06\x03\x00\x04\x00\x03\x00\x01\x06\x04\x00\x04\x00\x03\x00\x01\x06"
  "\x05\x00\x04\x00\x03\x00\x01\x06\x06\x00\x04\x00\x03\x00\x01\x06\x07\x00\x04\x00"
  "\x03\x00\x01\x06\x08\x00\x04\x00\x03\x00\x01\x06\x09\x00\x04\x00\x03\x00\x01\x06"
  "\x0a\x00\x04\x00\x03\x00\x01\x06\x0b\x00\x04\x00\x03\x00\x01\x06\x0c\x00\x04\x00"
  "\x03\x00\x01\x06\x0d\x00\x04\x00\x03\x00\x01\x06\x0e\x00\x04\x00\x03\x00\x01\x07"
  "\x00\x00\x01\x00\x03\x00\x01\x07\x01\x00\x01\x00\x03\x00\x01\x07\x02\x00\x01\x00"
  "\x03\x00\x01\x07\x03\x00\x01\x00\x03\x00\x01\x07\x04\x00\x01\x00\x03\x00\x01\x07"
  "\x05\x00\x01\x00\x03\x00\x01\x07\x06\x00\x01\x00\x03\x00\x01\x07\x07\x00\x01\x00"
  "\x03\x00\x01\x07\x08\x00\x01\x00\x03\x00\x01\x07\x09\x00\x01\x00\x03\x00\x01\x07"
  "\x0a\x00\x01\x00\x03\x00\x01\x07\x0b\x00\x01\x00\x03\x00\x01\x07\x0c\x00\x01\x00"
  "\x03\x00\x01\x07\x0d\x00\x01\x00\x03\x00\x01\x07\x0e\x00\x01\x00\x03\x00\x01\x08"
  "\x00\x00\x0f\x00\x03\x00\x01\x08\x01\x00\x03\x00\x03\x00\x01\x08\x02\x00\x03\x00"
  "\x03\x00\x01\x08\x03\x00\x03\x00\x03\x00\x01\x08\x04\x00\x04\x00\x03\x00\x01\x08"
  "\x05\x00\x03\x00\x03\x00\x01\x08\x06\x00\x03\x00\x03\x00\x01\x08\x07\x00\x07\x00"
  "\x03\x00\x01\x08\x08\x00\x08\x00\x03\x00\x01\x08\x09\x00\x0f\x00\x03\x00\x01\x08"
  "\x0a\x00\x0f\x00\x03\x00\x01\x08\x0b\x00\x0f\x00\x03\x00\x01\x08\x0c\x00\x0f\x00"
  "\x03\x00\x01\x08\x0d\x00\x0f\x00\x03\x00\x01\x08\x0e\x00\x0f\x00\x03\x00\x01\x09"
  "\x00\x00\x0f\x00\x03\x00\x01\x09\x01\x00\x0f\x00\x03\x00\x01\x09\x02\x00\x0f\x00"
  "\x03\x00\x01\x09\x03\x00\x0f\x00\x03\x00\x01\x09\x04\x00\x0f\x00\x03\x00\x01\x09"
  "\x05\x00\x0f\x00\x03\x00\x01\x09\x06\x00\x0f\x00\x03\x00\x01\x09\x07\x00\x0f\x00"
  "\x03\x00\x01\x09\x08\x00\x0f\x00\x03\x00\x01\x09\x09\x00\x0f\x00\x03\x00\x01\x09"
  "\x0a\x00\x0f\x00\x03\x00\x01\x09\x0b\x00\x0f\x00\x03\x00\x01\x09\x0c\x00\x0f\x00"
  "\x03\x00\x01\x09\x0d\x00\x0f\x00\x03\x00\x01\x09\x0e\x00\x0f\x00\x03\x00\x01\x0a"
  "\x00\x00\x0f\x00\x03\x00\x01\x0a\x01\x00\x0f\x00\x03\x00\x01\x0a\x02\x00\x0f\x00"
  "\x03\x00\x01\x0a\x03\x00\x0f\x00\x03\x00\x01\x0a\x04\x00\x0f\x00\x03\x00\x01\x0a"
  "\x05\x00\x0f\x00\x03\x00\x01\x0a\x06\x00\x0f\x00\x03\x00\x01\x0a\x07\x00\x0f\x00"
  "\x03\x00\x01\x0a\x08\x00\x0f\x00\x03\x00\x01\x0a\x09\x00\x0f\x00\x03\x00\x01\x0a"
  "\x0a\x00\x0f\x00\x03\x00\x01\x0a\x0b\x00\x0f\x00\x03\x00\x01\x0a\x0c\x00\x0f\x00"
  "\x03\x00\x01\x0a\x0d\x00\x0f\x00\x03\x00\x01\x0a\x0e\x00\x0f\x00\x03\x00\x01\x0b"
  "\x00\x00\x0f\x00\x03\x00\x01\x0b\x01\x00\x0f\x00\x03\x00\x01\x0b\x02\x00\x0f\x00"
  "\x03\x00\x01\x0b\x03\x00\x0f\x00\x03\x00\x01\x0b\x04\x00\x0f\x00\x03\x00\x01\x0b"
  "\x05\x00\x0f\x00\x03\x00\x01\x0b\x06\x00\x0f\x00\x03\x00\x01\x0b\x07\x00\x0f\x00"
  "\x03\x00\x01\x0b\x08\x00\x0f\x00\x03\x00\x01\x0b\x09\x00\x0f\x00\x03\x00\x01\x0b"
  "\x0a\x00\x0f\x00\x03\x00\x01\x0b\x0b\x00\x0f\x00\x03\x00\x01\x0b\x0c\x00\x0f\x00"
  "\x03\x00\x01\x0b\x0d\x00\x0f\x00\x03\x00\x01\x0b\x0e\x00\x0f\x00\x03\x00\x01\x0c"
  "\x00\x00\x04\x00\x03\x00\x01\x0c\x01\x00\x04\x00\x03\x00\x01\x0c\x02\x00\x04\x00"
  "\x03\x00\x01\x0c\x03\x00\x04\x00\x03\x00\x01\x0c\x04\x00\x04\x00\x03\x00\x01\x0c"
  "\x05\x00\x04\x00\x03\x00\x01\x0c\x06\x00\x04\x00\x03\x00\x01\x0c\x07\x00\x04\x00"
  "\x03\x00\x01\x0c\x08\x00\x04\x00\x03\x00\x01\x0c\x09\x00\x04\x00\x03\x00\x01\x0c"
  "\x0a\x00\x04\x00\x03\x00\x01\x0c\x0b\x00\x04\x00\x03\x00\x01\x0c\x0c\x00\x04\x00"
  "\x03\x00\x01\x0c\x0d\x00\x04\x00\x03\x00\x01\x0c\x0e\x00\x04\x00\x03\x00\x01\x0d"
  "\x00\x00\x00\x00\x03\x00\x01\x0d\x01\x00\x01\x00\x03\x00\x01\x0d\x02\x00\x02\x00"
  "\x03\x00\x01\x0d\x03\x00\x03\x00\x03\x00\x01\x0d\x04\x00\x04\x00\x03\x00\x01\x0d"
  "\x05\x00\x05\x00\x03\x00\x01\x0d\x06\x00\x06\x00\x03\x00\x01\x0d\x07\x00\x07\x00"
  "\x03\x00\x01\x0d\x08\x00\x08\x00\x03\x00\x01\x0d\x09\x00\x09\x00\x03\x00\x01\x0d"
  "\x0a\x00\x0a\x00\x03\x00\x01\x0d\x0b\x00\x0b\x00\x03\x00\x01\x0d\x0c\x00\x0c\x00"
  "\x03\x00\x01\x0d\x0d\x00\x0d\x00\x03\x00\x01\x0d\x0e\x00\x0e\x00\x03\x00\x01\x0e"
  "\x00\x00\x0f\x00\x03\x00\x01\x0e\x01\x00\x0f\x00\x03\x00\x01\x0e\x02\x00\x0f\x00"
  "\x03\x00\x01\x0e\x03\x00\x0f\x00\x03\x00\x01\x0e\x04\x00\x0f\x00\x03\x00\x01\x0e"
  "\x05\x00\x0f\x00\x03\x00\x01\x0e\x06\x00\x0f\x00\x03\x00\x01\x0e\x07\x00\x0f\x00"
  "\x03\x00\x01\x0e\x08\x00\x0f\x00\x03\x00\x01\x0e\x09\x00\x0f\x00\x03\x00\x01\x0e"
  "\x0a\x00\x0f\x00\x03\x00\x01\x0e\x0b\x00\x0f\x00\x03\x00\x01\x0e\x0c\x00\x0f\x00"
  "\x03\x00\x01\x0e\x0d\x00\x0f\x00\x03\x00\x01\x0e\x0e\x00\x0f\x00\x03\x00\x01\x0f"
  "\x00\x00\x0f\x00\x03\x00\x01\x0f\x01\x00\x03\x00\x03\x00\x01\x0f\x02\x00\x03\x00"
  "\x03\x00\x01\x0f\x03\x00\x03\x00\x03\x00\x01\x0f\x04\x00\x04\x00\x03\x00\x01\x0f"
  "\x05\x00\x03\x00\x03\x00\x01\x0f\x06\x00\x03\x00\x03\x00\x01\x0f\x07\x00\x07\x00"
  "\x03\x00\x01\x0f\x08\x00\x08\x00\x03\x00\x01\x0f\x09\x00\x0f\x00\x03\x00\x01\x0f"
  "\x0a\x00\x0f\x00\x03\x00\x01\x0f\x0b\x00\x0f\x00\x03\x00\x01\x0f\x0c\x00\x0f\x00"
  "\x03\x00\x01\x0f\x0d\x00\x0f\x00\x03\x00\x01\x0f\x0e\x00\x0f\x00\x03\x00\x01\x10"
  "\x00\x00\x0f\x00\x03\x00\x01\x10\x01\x00\x03\x00\x03\x00\x01\x10\x02\x00\x03\x00"
  "\x03\x00\x01\x10\x03\x00\x03\x00\x03\x00\x01\x10\x04\x00\x04\x00\x03\x00\x01\x10"
  "\x05\x00\x03\x00\x03\x00\x01\x10\x06\x00\x03\x00\x03\x00\x01\x10\x07\x00\x07\x00"
  "\x03\x00\x01\x10\x08\x00\x08\x00\x03\x00\x01\x10\x09\x00\x0f\x00\x03\x00\x01\x10"
  "\x0a\x00\x0f\x00\x03\x00\x01\x10\x0b\x00\x0f\x00\x03\x00\x01\x10\x0c\x00\x0f\x00"
  "\x03\x00\x01\x10\x0d\x00\x0f\x00\x03\x00\x01\x10\x0e\x00\x0f\x00\x03\x00\x01\x11"
  "\x00\x00\x0f\x00\x03\x00\x01\x11\x01\x00\x03\x00\x03\x00\x01\x11\x02\x00\x03\x00"
  "\x03\x00\x01\x11\x03\x00\x03\x00\x03\x00\x01\x11\x04\x00\x03\x00\x03\x00\x01\x11"
  "\x05\x00\x03\x00\x03\x00\x01\x11\x06\x00\x03\x00\x03\x00\x01\x11\x07\x00\x03\x00"
  "\x03\x00\x01\x11\x08\x00\x03\x00\x03\x00\x01\x11\x09\x00\x0f\x00\x03\x00\x01\x11"
  "\x0a\x00\x0f\x00\x03\x00\x01\x11\x0b\x00\x0f\x00\x03\x00\x01\x11\x0c\x00\x0f\x00"
  "\x03\x00\x01\x11\x0d\x00\x0f\x00\x03\x00\x01\x11\x0e\x00\x0f\x00\x03\x00\x01\x12"
  "\x00\x00\x0f\x00\x03\x00\x01\x12\x01\x00\x03\x00\x03\x00\x01\x12\x02\x00\x03\x00"
  "\x03\x00\x01\x12\x03\x00\x03\x00\x03\x00\x01\x12\x04\x00\x03\x00\x03\x00\x01\x12"
  "\x05\x00\x03\x00\x03\x00\x01\x12\x06\x00\x03\x00\x03\x00\x01\x12\x07\x00\x03\x00"
  "\x03\x00\x01\x12\x08\x00\x03\x00\x03\x00\x01\x12\x09\x00\x0f\x00\x03\x00\x01\x12"
  "\x0a\x00\x0f\x00\x03\x00\x01\x12\x0b\x00\x0f\x00\x03\x00\x01\x12\x0c\x00\x0f\x00"
  "\x03\x00\x01\x12\x0d\x00\x0f\x00\x03\x00\x01\x12\x0e\x00\x0f\x00\x03\x00\x02\x00"
  "\x00\x00\x0f\x00\x03\x00\x02\x00\x01\x00\x03\x00\x03\x00\x02\x00\x02\x00\x03\x00"
  "\x03\x00\x02\x00\x03\x00\x03\x00\x03\x00\x02\x00\x04\x00\x04\x00\x03\x00\x02\x00"
  "\x05\x00\x03\x00\x03\x00\x02\x00\x06\x00\x03\x00\x03\x00\x02\x00\x07\x00\x07\x00"
  "\x03\x00\x02\x00\x08\x00\x08\x00\x03\x00\x02\x00\x09\x00\x09\x00\x03\x00\x02\x00"
  "\x0a\x00\x09\x00\x03\x00\x02\x00\x0b\x00\x0f\x00\x03\x00\x02\x00\x0c\x00\x0f\x00"
  "\x03\x00\x02\x00\x0d\x00\x0d\x00\x03\x00\x02\x00\x0e\x00\x0e\x00\x03\x00\x02\x01"
  "\x00\x00\x0f\x00\x03\x00\x02\x01\x01\x00\x03\x00\x03\x00\x02\x01\x02\x00\x03\x00"
  "\x03\x00\x02\x01\x03\x00\x03\x00\x03\x00\x02\x01\x04\x00\x04\x00\x03\x00\x02\x01"
  "\x05\x00\x03\x00\x03\x00\x02\x01\x06\x00\x03\x00\x03\x00\x02\x01\x07\x00\x07\x00"
  "\x03\x00\x02\x01\x08\x00\x08\x00\x03\x00\x02\x01\x09\x00\x0f\x00\x03\x00\x02\x01"
  "\x0a\x00\x0f\x00\x03\x00\x02\x01\x0b\x00\x0f\x00\x03\x00\x02\x01\x0c\x00\x0f\x00"
  "\x03\x00\x02\x01\x0d\x00\x0d\x00\x03\x00\x02\x01\x0e\x00\x0e\x00\x03\x00\x02\x02"
  "\x00\x00\x0f\x00\x03\x00\x02\x02\x01\x00\x03\x00\x03\x00\x02\x02\x02\x00\x03\x00"
  "\x03\x00\x02\x02\x03\x00\x03\x00\x03\x00\x02\x02\x04\x00\x04\x00\x03\x00\x02\x02"
  "\x05\x00\x03\x00\x03\x00\x02\x02\x06\x00\x03\x00\x03\x00\x02\x02\x07\x00\x07\x00"
  "\x03\x00\x02\x02\x08\x00\x08\x00\x03\x00\x02\x02\x09\x00\x0f\x00\x03\x00\x02\x02"
  "\x0a\x00\x0f\x00\x03\x00\x02\x02\x0b\x00\x0f\x00\x03\x00\x02\x02\x0c\x00\x0f\x00"
  "\x03\x00\x02\x02\x0d\x00\x0d\x00\x03\x00\x02\x02\x0e\x00\x0e\x00\x03\x00\x02\x03"
  "\x00\x00\x0f\x00\x03\x00\x02\x03\x01\x00\x03\x00\x03\x00\x02\x03\x02\x00\x03\x00"
  "\x03\x00\x02\x03\x03\x00\x03\x00\x03\x00\x02\x03\x04\x00\x04\x00\x03\x00\x02\x03"
  "\x05\x00\x03\x00\x03\x00\x02\x03\x06\x00\x03\x00\x03\x00\x02\x03\x07\x00\x07\x00"
  "\x03\x00\x02\x03\x08\x00\x08\x00\x03\x00\x02\x03\x09\x00\x0f\x00\x03\x00\x02\x03"
  "\x0a\x00\x0f\x00\x03\x00\x02\x03\x0b\x00\x0f\x00\x03\x00\x02\x03\x0c\x00\x0f\x00"
  "\x03\x00\x02\x03\x0d\x00\x0d\x00\x03\x00\x02\x03\x0e\x00\x0e\x00\x03\x00\x02\x04"
  "\x00\x00\x0f\x00\x03\x00\x02\x04\x01\x00\x03\x00\x03\x00\x02\x04\x02\x00\x03\x00"
  "\x03\x00\x02\x04\x03\x00\x03\x00\x03\x00\x02\x04\x04\x00\x04\x00\x03\x00\x02\x04"
  "\x05\x00\x03\x00\x03\x00\x02\x04\x06\x00\x03\x00\x03\x00\x02\x04\x07\x00\x07\x00"
  "\x03\x00\x02\x04\x08\x00\x08\x00\x03\x00\x02\x04\x09\x00\x0f\x00\x03\x00\x02\x04"
  "\x0a\x00\x0f\x00\x03\x00\x02\x04\x0b\x00\x0f\x00\x03\x00\x02\x04\x0c\x00\x0f\x00"
  "\x03\x00\x02\x04\x0d\x00\x0f\x00\x03\x00\x02\x04\x0e\x00\x0f\x00\x03\x00\x02\x05"
  "\x00\x00\x04\x00\x03\x00\x02\x05\x01\x00\x04\x00\x03\x00\x02\x05\x02\x00\x04\x00"
  "\x03\x00\x02\x05\x03\x00\x04\x00\x03\x00\x02\x05\x04\x00\x04\x00\x03\x00\x02\x05"
  "\x05\x00\x04\x00\x03\x00\x02\x05\x06\x00\x04\x00\x03\x00\x02\x05\x07\x00\x04\x00"
  "\x03\x00\x02\x05\x08\x00\x04\x00\x03\x00\x02\x05\x09\x00\x04\x00\x03\x00\x02\x05"
  "\x0a\x00\x04\x00\x03\x00\x02\x05\x0b\x00\x04\x00\x03\x00\x02\x05\x0c\x00\x04\x00"
  "\x03\x00\x02\x05\x0d\x00\x04\x00\x03\x00\x02\x05\x0e\x00\x04\x00\x03\x00\x02\x06"
  "\x00\x00\x04\x00\x03\x00\x02\x06\x01\x00\x04\x00\x03\x00\x02\x06\x02\x00\x04\x00"
  "\x03\x00\x02\x06\x03\x00\x04\x00\x03\x00\x02\x06\x04\x00\x04\x00\x03\x00\x02\x06"
  "\x05\x00\x04\x00\x03\x00\x02\x06\x06\x00\x04\x00\x03\x00\x02\x06\x07\x00\x04\x00"
  "\x03\x00\x02\x06\x08\x00\x04\x00\x03\x00\x02\x06\x09\x00\x04\x00\x03\x00\x02\x06"
  "\x0a\x00\x04\x00\x03\x00\x02\x06\x0b\x00\x04\x00\x03\x00\x02\x06\x0c\x00\x04\x00"
  "\x03\x00\x02\x06\x0d\x00\x04\x00\x03\x00\x02\x06\x0e\x00\x04\x00\x03\x00\x02\x07"
  "\x00\x00\x02\x00\x03\x00\x02\x07\x01\x00\x02\x00\x03\x00\x02\x07\x02\x00\x02\x00"
  "\x03\x00\x02\x07\x03\x00\x02\x00\x03\x00\x02\x07\x04\x00\x02\x00\x03\x00\x02\x07"
  "\x05\x00\x02\x00\x03\x00\x02\x07\x06\x00\x02\x00\x03\x00\x02\x07\x07\x00\x02\x00"
  "\x03\x00\x02\x07\x08\x00\x02\x00\x03\x00\x02\x07\x09\x00\x02\x00\x03\x00\x02\x07"
  "\x0a\x00\x02\x00\x03\x00\x02\x07\x0b\x00\x02\x00\x03\x00\x02\x07\x0c\x00\x02\x00"
  "\x03\x00\x02\x07\x0d\x00\x02\x00\x03\x00\x02\x07\x0e\x00\x02\x00\x03\x00\x02\x08"
  "\x00\x00\x0f\x00\x03\x00\x02\x08\x01\x00\x03\x00\x03\x00\x02\x08\x02\x00\x03\x00"
  "\x03\x00\x02\x08\x03\x00\x03\x00\x03\x00\x02\x08\x04\x00\x04\x00\x03\x00\x02\x08"
  "\x05\x00\x03\x00\x03\x00\x02\x08\x06\x00\x03\x00\x03\x00\x02\x08\x07\x00\x07\x00"
  "\x03\x00\x02\x08\x08\x00\x08\x00\x03\x00\x02\x08\x09\x00\x0f\x00\x03\x00\x02\x08"
  "\x0a\x00\x0f\x00\x03\x00\x02\x08\x0b\x00\x0f\x00\x03\x00\x02\x08\x0c\x00\x0f\x00"
  "\x03\x00\x02\x08\x0d\x00\x0f\x00\x03\x00\x02\x08\x0e\x00\x0f\x00\x03\x00\x02\x09"
  "\x00\x00\x0f\x00\x03\x00\x02\x09\x01\x00\x0f\x00\x03\x00\x02\x09\x02\x00\x0f\x00"
  "\x03\x00\x02\x09\x03\x00\x0f\x00\x03\x00\x02\x09\x04\x00\x0f\x00\x03\x00\x02\x09"
  "\x05\x00\x0f\x00\x03\x00\x02\x09\x06\x00\x0f\x00\x03\x00\x02\x09\x07\x00\x0f\x00"
  "\x03\x00\x02\x09\x08\x00\x0f\x00\x03\x00\x02\x09\x09\x00\x0f\x00\x03\x00\x02\x09"
  "\x0a\x00\x0f\x00\x03\x00\x02\x09\x0b\x00\x0f\x00\x03\x00\x02\x09\x0c\x00\x0f\x00"
  "\x03\x00\x02\x09\x0d\x00\x0f\x00\x03\x00\x02\x09\x0e\x00\x0f\x00\x03\x00\x02\x0a"
  "\x00\x00\x0f\x00\x03\x00\x02\x0a\x01\x00\x0f\x00\x03\x00\x02\x0a\x02\x00\x0f\x00"
  "\x03\x00\x02\x0a\x03\x00\x0f\x00\x03\x00\x02\x0a\x04\x00\x0f\x00\x03\x00\x02\x0a"
  "\x05\x00\x0f\x00\x03\x00\x02\x0a\x06\x00\x0f\x00\x03\x00\x02\x0a\x07\x00\x0f\x00"
  "\x03\x00\x02\x0a\x08\x00\x0f\x00\x03\x00\x02\x0a\x09\x00\x0f\x00\x03\x00\x02\x0a"
  "\x0a\x00\x0f\x00\x03\x00\x02\x0a\x0b\x00\x0f\x00\x03\x00\x02\x0a\x0c\x00\x0f\x00"
  "\x03\x00\x02\x0a\x0d\x00\x0f\x00\x03\x00\x02\x0a\x0e\x00\x0f\x00\x03\x00\x02\x0b"
  "\x00\x00\x0f\x00\x03\x00\x02\x0b\x01\x00\x0f\x00\x03\x00\x02\x0b\x02\x00\x0f\x00"
  "\x03\x00\x02\x0b\x03\x00\x0f\x00\x03\x00\x02\x0b\x04\x00\x0f\x00\x03\x00\x02\x0b"
  "\x05\x00\x0f\x00\x03\x00\x02\x0b\x06\x00\x0f\x00\x03\x00\x02\x0b\x07\x00\x0f\x00"
  "\x03\x00\x02\x0b\x08\x00\x0f\x00\x03\x00\x02\x0b\x09\x00\x0f\x00\x03\x00\x02\x0b"
  "\x0a\x00\x0f\x00\x03\x00\x02\x0b\x0b\x00\x0f\x00\x03\x00\x02\x0b\x0c\x00\x0f\x00"
  "\x03\x00\x02\x0b\x0d\x00\x0f\x00\x03\x00\x02\x0b\x0e\x00\x0f\x00\x03\x00\x02\x0c"
  "\x00\x00\x04\x00\x03\x00\x02\x0c\x01\x00\x04\x00\x03\x00\x02\x0c\x02\x00\x04\x00"
  "\x03\x00\x02\x0c\x03\x00\x04\x00\x03\x00\x02\x0c\x04\x00\x04\x00\x03\x00\x02\x0c"
  "\x05\x00\x04\x00\x03\x00\x02\x0c\x06\x00\x04\x00\x03\x00\x02\x0c\x07\x00\x04\x00"
  "\x03\x00\x02\x0c\x08\x00\x04\x00\x03\x00\x02\x0c\x09\x00\x04\x00\x03\x00\x02\x0c"
  "\x0a\x00\x04\x00\x03\x00\x02\x0c\x0b\x00\x04\x00\x03\x00\x02\x0c\x0c\x00\x04\x00"
  "\x03\x00\x02\x0c\x0d\x00\x04\x00\x03\x00\x02\x0c\x0e\x00\x04\x00\x03\x00\x02\x0d"
  "\x00\x00\x00\x00\x03\x00\x02\x0d\x01\x00\x01\x00\x03\x00\x02\x0d\x02\x00\x02\x00"
  "\x03\x00\x02\x0d\x03\x00\x03\x00\x03\x00\x02\x0d\x04\x00\x04\x00\x03\x00\x02\x0d"
  "\x05\x00\x05\x00\x03\x00\x02\x0d\x06\x00\x06\x00\x03\x00\x02\x0d\x07\x00\x07\x00"
  "\x03\x00\x02\x0d\x08\x00\x08\x00\x03\x00\x02\x0d\x09\x00\x09\x00\x03\x00\x02\x0d"
  "\x0a\x00\x0a\x00\x03\x00\x02\x0d\x0b\x00\x0b\x00\x03\x00\x02\x0d\x0c\x00\x0c\x00"
  "\x03\x00\x02\x0d\x0d\x00\x0d\x00\x03\x00\x02\x0d\x0e\x00\x0e\x00\x03\x00\x02\x0e"
  "\x00\x00\x0f\x00\x03\x00\x02\x0e\x01\x00\x0f\x00\x03\x00\x02\x0e\x02\x00\x0f\x00"
  "\x03\x00\x02\x0e\x03\x00\x0f\x00\x03\x00\x02\x0e\x04\x00\x0f\x00\x03\x00\x02\x0e"
  "\x05\x00\x0f\x00\x03\x00\x02\x0e\x06\x00\x0f\x00\x03\x00\x02\x0e\x07\x00\x0f\x00"
  "\x03\x00\x02\x0e\x08\x00\x0f\x00\x03\x00\x02\x0e\x09\x00\x0f\x00\x03\x00\x02\x0e"
  "\x0a\x00\x0f\x00\x03\x00\x02\x0e\x0b\x00\x0f\x00\x03\x00\x02\x0e\x0c\x00\x0f\x00"
  "\x03\x00\x02\x0e\x0d\x00\x0f\x00\x03\x00\x02\x0e\x0e\x00\x0f\x00\x03\x00\x02\x0f"
  "\x00\x00\x0f\x00\x03\x00\x02\x0f\x01\x00\x03\x00\x03\x00\x02\x0f\x02\x00\x03\x00"
  "\x03\x00\x02\x0f\x03\x00\x03\x00\x03\x00\x02\x0f\x04\x00\x04\x00\x03\x00\x02\x0f"
  "\x05\x00\x03\x00\x03\x00\x02\x0f\x06\x00\x03\x00\x03\x00\x02\x0f\x07\x00\x07\x00"
  "\x03\x00\x02\x0f\x08\x00\x08\x00\x03\x00\x02\x0f\x09\x00\x0f\x00\x03\x00\x02\x0f"
  "\x0a\x00\x0f\x00\x03\x00\x02\x0f\x0b\x00\x0f\x00\x03\x00\x02\x0f\x0c\x00\x0f\x00"
  "\x03\x00\x02\x0f\x0d\x00\x0f\x00\x03\x00\x02\x0f\x0e\x00\x0f\x00\x03\x00\x02\x10"
  "\x00\x00\x0f\x00\x03\x00\x02\x10\x01\x00\x03\x00\x03\x00\x02\x10\x02\x00\x03\x00"
  "\x03\x00\x02\x10\x03\x00\x03\x00\x03\x00\x02\x10\x04\x00\x04\x00\x03\x00\x02\x10"
  "\x05\x00\x03\x00\x03\x00\x02\x10\x06\x00\x03\x00\x03\x00\x02\x10\x07\x00\x07\x00"
  "\x03\x00\x02\x10\x08\x00\x08\x00\x03\x00\x02\x10\x09\x00\x0f\x00\x03\x00\x02\x10"
  "\x0a\x00\x0f\x00\x03\x00\x02\x10\x0b\x00\x0f\x00\x03\x00\x02\x10\x0c\x00\x0f\x00"
  "\x03\x00\x02\x10\x0d\x00\x0f\x00\x03\x00\x02\x10\x0e\x00\x0f\x00\x03\x00\x02\x11"
  "\x00\x00\x0f\x00\x03\x00\x02\x11\x01\x00\x03\x00\x03\x00\x02\x11\x02\x00\x03\x00"
  "\x03\x00\x02\x11\x03\x00\x03\x00\x03\x00\x02\x11\x04\x00\x03\x00\x03\x00\x02\x11"
  "\x05\x00\x03\x00\x03\x00\x02\x11\x06\x00\x03\x00\x03\x00\x02\x11\x07\x00\x03\x00"
  "\x03\x00\x02\x11\x08\x00\x03\x00\x03\x00\x02\x11\x09\x00\x0f\x00\x03\x00\x02\x11"
  "\x0a\x00\x0f\x00\x03\x00\x02\x11\x0b\x00\x0f\x00\x03\x00\x02\x11\x0c\x00\x0f\x00"
  "\x03\x00\x02\x11\x0d\x00\x0f\x00\x03\x00\x02\x11\x0e\x00\x0f\x00\x03\x00\x02\x12"
  "\x00\x00\x0f\x00\x03\x00\x02\x12\x01\x00\x03\x00\x03\x00\x02\x12\x02\x00\x03\x00"
  "\x03\x00\x02\x12\x03\x00\x03\x00\x03\x00\x02\x12\x04\x00\x03\x00\x03\x00\x02\x12"
  "\x05\x00\x03\x00\x03\x00\x02\x12\x06\x00\x03\x00\x03\x00\x02\x12\x07\x00\x03\x00"
  "\x03\x00\x02\x12\x08\x00\x03\x00\x03\x00\x02\x12\x09\x00\x0f\x00\x03\x00\x02\x12"
  "\x0a\x00\x0f\x00\x03\x00\x02\x12\x0b\x00\x0f\x00\x03\x00\x02\x12\x0c\x00\x0f\x00"
  "\x03\x00\x02\x12\x0d\x00\x0f\x00\x03\x00\x02\x12\x0e\x00\x0f\x00\x03\x00\x03\x00"
  "\x00\x00\x0f\x00\x03\x00\x03\x00\x01\x00\x03\x00\x03\x00\x03\x00\x02\x00\x03\x00"
  "\x03\x00\x03\x00\x03\x00\x03\x00\x03\x00\x03\x00\x04\x00\x04\x00\x03\x00\x03\x00"
  "\x05\x00\x03\x00\x03\x00\x03\x00\x06\x00\x03\x00\x03\x00\x03\x00\x07\x00\x07\x00"
  "\x03\x00\x03\x00\x08\x00\x08\x00\x03\x00\x03\x00\x09\x00\x09\x00\x03\x00\x03\x00"
  "\x0a\x00\x09\x00\x03\x00\x03\x00\x0b\x00\x0f\x00\x03\x00\x03\x00\x0c\x00\x0f\x00"
  "\x03\x00\x03\x00\x0d\x00\x0d\x00\x03\x00\x03\x00\x0e\x00\x0e\x00\x03\x00\x03\x01"
  "\x00\x00\x0f\x00\x03\x00\x03\x01\x01\x00\x03\x00\x03\x00\x03\x01\x02\x00\x03\x00"
  "\x03\x00\x03\x01\x03\x00\x03\x00\x03\x00\x03\x01\x04\x00\x04\x00\x03\x00\x03\x01"
  "\x05\x00\x03\x00\x03\x00\x03\x01\x06\x00\x03\x00\x03\x00\x03\x01\x07\x00\x07\x00"
  "\x03\x00\x03\x01\x08\x00\x08\x00\x03\x00\x03\x01\x09\x00\x0f\x00\x03\x00\x03\x01"
  "\x0a\x00\x0f\x00\x03\x00\x03\x01\x0b\x00\x0f\x00\x03\x00\x03\x01\x0c\x00\x0f\x00"
  "\x03\x00\x03\x01\x0d\x00\x0d\x00\x03\x00\x03\x01\x0e\x00\x0e\x00\x03\x00\x03\x02"
  "\x00\x00\x0f\x00\x03\x00\x03\x02\x01\x00\x03\x00\x03\x00\x03\x02\x02\x00\x03\x00"
  "\x03\x00\x03\x02\x03\x00\x03\x00\x03\x00\x03\x02\x04\x00\x04\x00\x03\x00\x03\x02"
  "\x05\x00\x03\x00\x03\x00\x03\x02\x06\x00\x03\x00\x03\x00\x03\x02\x07\x00\x07\x00"
  "\x03\x00\x03\x02\x08\x00\x08\x00\x03\x00\x03\x02\x09\x00\x0f\x00\x03\x00\x03\x02"
  "\x0a\x00\x0f\x00\x03\x00\x03\x02\x0b\x00\x0f\x00\x03\x00\x03\x02\x0c\x00\x0f\x00"
  "\x03\x00\x03\x02\x0d\x00\x0d\x00\x03\x00\x03\x02\x0e\x00\x0e\x00\x03\x00\x03\x03"
  "\x00\x00\x0f\x00\x03\x00\x03\x03\x01\x00\x03\x00\x03\x00\x03\x03\x02\x00\x03\x00"
  "\x03\x00\x03\x03\x03\x00\x03\x00\x03\x00\x03\x03\x04\x00\x04\x00\x03\x00\x03\x03"
  "\x05\x00\x03\x00\x03\x00\x03\x03\x06\x00\x03\x00\x03\x00\x03\x03\x07\x00\x07\x00"
  "\x03\x00\x03\x03\x08\x00\x08\x00\x03\x00\x03\x03\x09\x00\x0f\x00\x03\x00\x03\x03"
  "\x0a\x00\x0f\x00\x03\x00\x03\x03\x0b\x00\x0f\x00\x03\x00\x03\x03\x0c\x00\x0f\x00"
  "\x03\x00\x03\x03\x0d\x00\x0d\x00\x03\x00\x03\x03\x0e\x00\x0e\x00\x03\x00\x03\x04"
  "\x00\x00\x0f\x00\x03\x00\x03\x04\x01\x00\x03\x00\x03\x00\x03\x04\x02\x00\x03\x00"
  "\x03\x00\x03\x04\x03\x00\x03\x00\x03\x00\x03\x04\x04\x00\x04\x00\x03\x00\x03\x04"
  "\x05\x00\x03\x00\x03\x00\x03\x04\x06\x00\x03\x00\x03\x00\x03\x04\x07\x00\x07\x00"
  "\x03\x00\x03\x04\x08\x00\x08\x00\x03\x00\x03\x04\x09\x00\x0f\x00\x03\x00\x03\x04"
  "\x0a\x00\x0f\x00\x03\x00\x03\x04\x0b\x00\x0f\x00\x03\x00\x03\x04\x0c\x00\x0f\x00"
  "\x03\x00\x03\x04\x0d\x00\x0f\x00\x03\x00\x03\x04\x0e\x00\x0f\x00\x03\x00\x03\x05"
  "\x00\x00\x04\x00\x03\x00\x03\x05\x01\x00\x04\x00\x03\x00\x03\x05\x02\x00\x04\x00"
  "\x03\x00\x03\x05\x03\x00\x04\x00\x03\x00\x03\x05\x04\x00\x04\x00\x03\x00\x03\x05"
  "\x05\x00\x04\x00\x03\x00\x03\x05\x06\x00\x04\x00\x03\x00\x03\x05\x07\x00\x04\x00"
  "\x03\x00\x03\x05\x08\x00\x04\x00\x03\x00\x03\x05\x09\x00\x04\x00\x03\x00\x03\x05"
  "\x0a\x00\x04\x00\x03\x00\x03\x05\x0b\x00\x04\x00\x03\x00\x03\x05\x0c\x00\x04\x00"
  "\x03\x00\x03\x05\x0d\x00\x04\x00\x03\x00\x03\x05\x0e\x00\x04\x00\x03\x00\x03\x06"
  "\x00\x00\x04\x00\x03\x00\x03\x06\x01\x00\x04\x00\x03\x00\x03\x06\x02\x00\x04\x00"
  "\x03\x00\x03\x06\x03\x00\x04\x00\x03\x00\x03\x06\x04\x00\x04\x00\x03\x00\x03\x06"
  "\x05\x00\x04\x00\x03\x00\x03\x06\x06\x00\x04\x00\x03\x00\x03\x06\x07\x00\x04\x00"
  "\x03\x00\x03\x06\x08\x00\x04\x00\x03\x00\x03\x06\x09\x00\x04\x00\x03\x00\x03\x06"
  "\x0a\x00\x04\x00\x03\x00\x03\x06\x0b\x00\x04\x00\x03\x00\x03\x06\x0c\x00\x04\x00"
  "\x03\x00\x03\x06\x0d\x00\x04\x00\x03\x00\x03\x06\x0e\x00\x04\x00\x03\x00\x03\x07"
  "\x00\x00\x03\x00\x03\x00\x03\x07\x01\x00\x03\x00\x03\x00\x03\x07\x02\x00\x03\x00"
  "\x03\x00\x03\x07\x03\x00\x03\x00\x03\x00\x03\x07\x04\x00\x03\x00\x03\x00\x03\x07"
  "\x05\x00\x03\x00\x03\x00\x03\x07\x06\x00\x03\x00\x03\x00\x03\x07\x07\x00\x03\x00"
  "\x03\x00\x03\x07\x08\x00\x03\x00\x03\x00\x03\x07\x09\x00\x03\x00\x03\x00\x03\x07"
  "\x0a\x00\x03\x00\x03\x00\x03\x07\x0b\x00\x03\x00\x03\x00\x03\x07\x0c\x00\x03\x00"
  "\x03\x00\x03\x07\x0d\x00\x03\x00\x03\x00\x03\x07\x0e\x00\x03\x00\x03\x00\x03\x08"
  "\x00\x00\x0f\x00\x03\x00\x03\x08\x01\x00\x03\x00\x03\x00\x03\x08\x02\x00\x03\x00"
  "\x03\x00\x03\x08\x03\x00\x03\x00\x03\x00\x03\x08\x04\x00\x04\x00\x03\x00\x03\x08"
  "\x05\x00\x03\x00\x03\x00\x03\x08\x06\x00\x03\x00\x03\x00\x03\x08\x07\x00\x07\x00"
  "\x03\x00\x03\x08\x08\x00\x08\x00\x03\x00\x03\x08\x09\x00\x0f\x00\x03\x00\x03\x08"
  "\x0a\x00\x0f\x00\x03\x00\x03\x08\x0b\x00\x0f\x00\x03\x00\x03\x08\x0c\x00\x0f\x00"
  "\x03\x00\x03\x08\x0d\x00\x0f\x00\x03\x00\x03\x08\x0e\x00\x0f\x00\x03\x00\x03\x09"
  "\x00\x00\x0f\x00\x03\x00\x03\x09\x01\x00\x0f\x00\x03\x00\x03\x09\x02\x00\x0f\x00"
  "\x03\x00\x03\x09\x03\x00\x0f\x00\x03\x00\x03\x09\x04\x00\x0f\x00\x03\x00\x03\x09"
  "\x05\x00\x0f\x00\x03\x00\x03\x09\x06\x00\x0f\x00\x03\x00\x03\x09\x07\x00\x0f\x00"
  "\x03\x00\x03\x09\x08\x00\x0f\x00\x03\x00\x03\x09\x09\x00\x0f\x00\x03\x00\x03\x09"
  "\x0a\x00\x0f\x00\x03\x00\x03\x09\x0b\x00\x0f\x00\x03\x00\x03\x09\x0c\x00\x0f\x00"
  "\x03\x00\x03\x09\x0d\x00\x0f\x00\x03\x00\x03\x09\x0e\x00\x0f\x00\x03\x00\x03\x0a"
  "\x00\x00\x0f\x00\x03\x00\x03\x0a\x01\x00\x0f\x00\x03\x00\x03\x0a\x02\x00\x0f\x00"
  "\x03\x00\x03\x0a\x03\x00\x0f\x00\x03\x00\x03\x0a\x04\x00\x0f\x00\x03\x00\x03\x0a"
  "\x05\x00\x0f\x00\x03\x00\x03\x0a\x06\x00\x0f\x00\x03\x00\x03\x0a\x07\x00\x0f\x00"
  "\x03\x00\x03\x0a\x08\x00\x0f\x00\x03\x00\x03\x0a\x09\x00\x0f\x00\x03\x00\x03\x0a"
  "\x0a\x00\x0f\x00\x03\x00\x03\x0a\x0b\x00\x0f\x00\x03\x00\x03\x0a\x0c\x00\x0f\x00"
  "\x03\x00\x03\x0a\x0d\x00\x0f\x00\x03\x00\x03\x0a\x0e\x00\x0f\x00\x03\x00\x03\x0b"
  "\x00\x00\x0f\x00\x03\x00\x03\x0b\x01\x00\x0f\x00\x03\x00\x03\x0b\x02\x00\x0f\x00"
  "\x03\x00\x03\x0b\x03\x00\x0f\x00\x03\x00\x03\x0b\x04\x00\x0f\x00\x03\x00\x03\x0b"
  "\x05\x00\x0f\x00\x03\x00\x03\x0b\x06\x00\x0f\x00\x03\x00\x03\x0b\x07\x00\x0f\x00"
  "\x03\x00\x03\x0b\x08\x00\x0f\x00\x03\x00\x03\x0b\x09\x00\x0f\x00\x03\x00\x03\x0b"
  "\x0a\x00\x0f\x00\x03\x00\x03\x0b\x0b\x00\x0f\x00\x03\x00\x03\x0b\x0c\x00\x0f\x00"
  "\x03\x00\x03\x0b\x0d\x00\x0f\x00\x03\x00\x03\x0b\x0e\x00\x0f\x00\x03\x00\x03\x0c"
  "\x00\x00\x04\x00\x03\x00\x03\x0c\x01\x00\x04\x00\x03\x00\x03\x0c\x02\x00\x04\x00"
  "\x03\x00\x03\x0c\x03\x00\x04\x00\x03\x00\x03\x0c\x04\x00\x04\x00\x03\x00\x03\x0c"
  "\x05\x00\x04\x00\x03\x00\x03\x0c\x06\x00\x04\x00\x03\x00\x03\x0c\x07\x00\x04\x00"
  "\x03\x00\x03\x0c\x08\x00\x04\x00\x03\x00\x03\x0c\x09\x00\x04\x00\x03\x00\x03\x0c"
  "\x0a\x00\x04\x00\x03\x00\x03\x0c\x0b\x00\x04\x00\x03\x00\x03\x0c\x0c\x00\x04\x00"
  "\x03\x00\x03\x0c\x0d\x00\x04\x00\x03\x00\x03\x0c\x0e\x00\x04\x00\x03\x00\x03\x0d"
  "\x00\x00\x00\x00\x03\x00\x03\x0d\x01\x00\x01\x00\x03\x00\x03\x0d\x02\x00\x02\x00"
  "\x03\x00\x03\x0d\x03\x00\x03\x00\x03\x00\x03\x0d\x04\x00\x04\x00\x03\x00\x03\x0d"
  "\x05\x00\x05\x00\x03\x00\x03\x0d\x06\x00\x06\x00\x03\x00\x03\x0d\x07\x00\x07\x00"
  "\x03\x00\x03\x0d\x08\x00\x08\x00\x03\x00\x03\x0d\x09\x00\x09\x00\x03\x00\x03\x0d"
  "\x0a\x00\x0a\x00\x03\x00\x03\x0d\x0b\x00\x0b\x00\x03\x00\x03\x0d\x0c\x00\x0c\x00"
  "\x03\x00\x03\x0d\x0d\x00\x0d\x00\x03\x00\x03\x0d\x0e\x00\x0e\x00\x03\x00\x03\x0e"
  "\x00\x00\x0f\x00\x03\x00\x03\x0e\x01\x00\x0f\x00\x03\x00\x03\x0e\x02\x00\x0f\x00"
  "\x03\x00\x03\x0e\x03\x00\x0f\x00\x03\x00\x03\x0e\x04\x00\x0f\x00\x03\x00\x03\x0e"
  "\x05\x00\x0f\x00\x03\x00\x03\x0e\x06\x00\x0f\x00\x03\x00\x03\x0e\x07\x00\x0f\x00"
  "\x03\x00\x03\x0e\x08\x00\x0f\x00\x03\x00\x03\x0e\x09\x00\x0f\x00\x03\x00\x03\x0e"
  "\x0a\x00\x0f\x00\x03\x00\x03\x0e\x0b\x00\x0f\x00\x03\x00\x03\x0e\x0c\x00\x0f\x00"
  "\x03\x00\x03\x0e\x0d\x00\x0f\x00\x03\x00\x03\x0e\x0e\x00\x0f\x00\x03\x00\x03\x0f"
  "\x00\x00\x0f\x00\x03\x00\x03\x0f\x01\x00\x03\x00\x03\x00\x03\x0f\x02\x00\x03\x00"
  "\x03\x00\x03\x0f\x03\x00\x03\x00\x03\x00\x03\x0f\x04\x00\x04\x00\x03\x00\x03\x0f"
  "\x05\x00\x03\x00\x03\x00\x03\x0f\x06\x00\x03\x00\x03\x00\x03\x0f\x07\x00\x07\x00"
  "\x03\x00\x03\x0f\x08\x00\x08\x00\x03\x00\x03\x0f\x09\x00\x0f\x00\x03\x00\x03\x0f"
  "\x0a\x00\x0f\x00\x03\x00\x03\x0f\x0b\x00\x0f\x00\x03\x00\x03\x0f\x0c\x00\x0f\x00"
  "\x03\x00\x03\x0f\x0d\x00\x0f\x00\x03\x00\x03\x0f\x0e\x00\x0f\x00\x03\x00\x03\x10"
  "\x00\x00\x0f\x00\x03\x00\x03\x10\x01\x00\x03\x00\x03\x00\x03\x10\x02\x00\x03\x00"
  "\x03\x00\x03\x10\x03\x00\x03\x00\x03\x00\x03\x10\x04\x00\x04\x00\x03\x00\x03\x10"
  "\x05\x00\x03\x00\x03\x00\x03\x10\x06\x00\x03\x00\x03\x00\x03\x10\x07\x00\x07\x00"
  "\x03\x00\x03\x10\x08\x00\x08\x00\x03\x00\x03\x10\x09\x00\x0f\x00\x03\x00\x03\x10"
  "\x0a\x00\x0f\x00\x03\x00\x03\x10\x0b\x00\x0f\x00\x03\x00\x03\x10\x0c\x00\x0f\x00"
  "\x03\x00\x03\x10\x0d\x00\x0f\x00\x03\x00\x03\x10\x0e\x00\x0f\x00\x03\x00\x03\x11"
  "\x00\x00\x0f\x00\x03\x00\x03\x11\x01\x00\x03\x00\x03\x00\x03\x11\x02\x00\x03\x00"
  "\x03\x00\x03\x11\x03\x00\x03\x00\x03\x00\x03\x11\x04\x00\x03\x00\x03\x00\x03\x11"
  "\x05\x00\x03\x00\x03\x00\x03\x11\x06\x00\x03\x00\x03\x00\x03\x11\x07\x00\x03\x00"
  "\x03\x00\x03\x11\x08\x00\x03\x00\x03\x00\x03\x11\x09\x00\x0f\x00\x03\x00\x03\x11"
  "\x0a\x00\x0f\x00\x03\x00\x03\x11\x0b\x00\x0f\x00\x03\x00\x03\x11\x0c\x00\x0f\x00"
  "\x03\x00\x03\x11\x0d\x00\x0f\x00\x03\x00\x03\x11\x0e\x00\x0f\x00\x03\x00\x03\x12"
  "\x00\x00\x0f\x00\x03\x00\x03\x12\x01\x00\x03\x00\x03\x00\x03\x12\x02\x00\x03\x00"
  "\x03\x00\x03\x12\x03\x00\x03\x00\x03\x00\x03\x12\x04\x00\x03\x00\x03\x00\x03\x12"
  "\x05\x00\x03\x00\x03\x00\x03\x12\x06\x00\x03\x00\x03\x00\x03\x12\x07\x00\x03\x00"
  "\x03\x00\x03\x12\x08\x00\x03\x00\x03\x00\x03\x12\x09\x00\x0f\x00\x03\x00\x03\x12"
  "\x0a\x00\x0f\x00\x03\x00\x03\x12\x0b\x00\x0f\x00\x03\x00\x03\x12\x0c\x00\x0f\x00"
  "\x03\x00\x03\x12\x0d\x00\x0f\x00\x03\x00\x03\x12\x0e\x00\x0f\x00\x03\x00\x04\x00"
  "\x00\x00\x0f\x00\x03\x00\x04\x00\x01\x00\x04\x00\x03\x00\x04\x00\x02\x00\x04\x00"
  "\x03\x00\x04\x00\x03\x00\x04\x00\x03\x00\x04\x00\x04\x00\x04\x00\x03\x00\x04\x00"
  "\x05\x00\x04\x00\x03\x00\x04\x00\x06\x00\x04\x00\x03\x00\x04\x00\x07\x00\x04\x00"
  "\x03\x00\x04\x00\x08\x00\x08\x00\x03\x00\x04\x00\x09\x00\x09\x00\x03\x00\x04\x00"
  "\x0a\x00\x09\x00\x03\x00\x04\x00\x0b\x00\x0f\x00\x03\x00\x04\x00\x0c\x00\x0f\x00"
  "\x03\x00\x04\x00\x0d\x00\x0d\x00\x03\x00\x04\x00\x0e\x00\x0e\x00\x03\x00\x04\x01"
  "\x00\x00\x0f\x00\x03\x00\x04\x01\x01\x00\x04\x00\x03\x00\x04\x01\x02\x00\x04\x00"
  "\x03\x00\x04\x01\x03\x00\x04\x00\x03\x00\x04\x01\x04\x00\x04\x00\x03\x00\x04\x01"
  "\x05\x00\x04\x00\x03\x00\x04\x01\x06\x00\x04\x00\x03\x00\x04\x01\x07\x00\x04\x00"
  "\x03\x00\x04\x01\x08\x00\x08\x00\x03\x00\x04\x01\x09\x00\x0f\x00\x03\x00\x04\x01"
  "\x0a\x00\x0f\x00\x03\x00\x04\x01\x0b\x00\x0f\x00\x03\x00\x04\x01\x0c\x00\x0f\x00"
  "\x03\x00\x04\x01\x0d\x00\x0d\x00\x03\x00\x04\x01\x0e\x00\x0e\x00\x03\x00\x04\x02"
  "\x00\x00\x0f\x00\x03\x00\x04\x02\x01\x00\x04\x00\x03\x00\x04\x02\x02\x00\x04\x00"
  "\x03\x00\x04\x02\x03\x00\x04\x00\x03\x00\x04\x02\x04\x00\x04\x00\x03\x00\x04\x02"
  "\x05\x00\x04\x00\x03\x00\x04\x02\x06\x00\x04\x00\x03\x00\x04\x02\x07\x00\x04\x00"
  "\x03\x00\x04\x02\x08\x00\x08\x00\x03\x00\x04\x02\x09\x00\x0f\x00\x03\x00\x04\x02"
  "\x0a\x00\x0f\x00\x03\x00\x04\x02\x0b\x00\x0f\x00\x03\x00\x04\x02\x0c\x00\x0f\x00"
  "\x03\x00\x04\x02\x0d\x00\x0d\x00\x03\x00\x04\x02\x0e\x00\x0e\x00\x03\x00\x04\x03"
  "\x00\x00\x0f\x00\x03\x00\x04\x03\x01\x00\x04\x00\x03\x00\x04\x03\x02\x00\x04\x00"
  "\x03\x00\x04\x03\x03\x00\x04\x00\x03\x00\x04\x03\x04\x00\x04\x00\x03\x00\x04\x03"
  "\x05\x00\x04\x00\x03\x00\x04\x03\x06\x00\x04\x00\x03\x00\x04\x03\x07\x00\x04\x00"
  "\x03\x00\x04\x03\x08\x00\x08\x00\x03\x00\x04\x03\x09\x00\x0f\x00\x03\x00\x04\x03"
  "\x0a\x00\x0f\x00\x03\x00\x04\x03\x0b\x00\x0f\x00\x03\x00\x04\x03\x0c\x00\x0f\x00"
  "\x03\x00\x04\x03\x0d\x00\x0d\x00\x03\x00\x04\x03\x0e\x00\x0e\x00\x03\x00\x04\x04"
  "\x00\x00\x0f\x00\x03\x00\x04\x04\x01\x00\x04\x00\x03\x00\x04\x04\x02\x00\x04\x00"
  "\x03\x00\x04\x04\x03\x00\x04\x00\x03\x00\x04\x04\x04\x00\x04\x00\x03\x00\x04\x04"
  "\x05\x00\x04\x00\x03\x00\x04\x04\x06\x00\x04\x00\x03\x00\x04\x04\x07\x00\x04\x00"
  "\x03\x00\x04\x04\x08\x00\x08\x00\x03\x00\x04\x04\x09\x00\x0f\x00\x03\x00\x04\x04"
  "\x0a\x00\x0f\x00\x03\x00\x04\x04\x0b\x00\x0f\x00\x03\x00\x04\x04\x0c\x00\x0f\x00"
  "\x03\x00\x04\x04\x0d\x00\x0f\x00\x03\x00\x04\x04\x0e\x00\x0f\x00\x03\x00\x04\x05"
  "\x00\x00\x04\x00\x03\x00\x04\x05\x01\x00\x04\x00\x03\x00\x04\x05\x02\x00\x04\x00"
  "\x03\x00\x04\x05\x03\x00\x04\x00\x03\x00\x04\x05\x04\x00\x04\x00\x03\x00\x04\x05"
  "\x05\x00\x04\x00\x03\x00\x04\x05\x06\x00\x04\x00\x03\x00\x04\x05\x07\x00\x04\x00"
  "\x03\x00\x04\x05\x08\x00\x04\x00\x03\x00\x04\x05\x09\x00\x04\x00\x03\x00\x04\x05"
  "\x0a\x00\x04\x00\x03\x00\x04\x05\x0b\x00\x04\x00\x03\x00\x04\x05\x0c\x00\x04\x00"
  "\x03\x00\x04\x05\x0d\x00\x04\x00\x03\x00\x04\x05\x0e\x00\x04\x00\x03\x00\x04\x06"
  "\x00\x00\x04\x00\x03\x00\x04\x06\x01\x00\x04\x00\x03\x00\x04\x06\x02\x00\x04\x00"
  "\x03\x00\x04\x06\x03\x00\x04\x00\x03\x00\x04\x06\x04\x00\x04\x00\x03\x00\x04\x06"
  "\x05\x00\x04\x00\x03\x00\x04\x06\x06\x00\x04\x00\x03\x00\x04\x06\x07\x00\x04\x00"
  "\x03\x00\x04\x06\x08\x00\x04\x00\x03\x00\x04\x06\x09\x00\x04\x00\x03\x00\x04\x06"
  "\x0a\x00\x04\x00\x03\x00\x04\x06\x0b\x00\x04\x00\x03\x00\x04\x06\x0c\x00\x04\x00"
  "\x03\x00\x04\x06\x0d\x00\x04\x00\x03\x00\x04\x06\x0e\x00\x04\x00\x03\x00\x04\x07"
  "\x00\x00\x04\x00\x03\x00\x04\x07\x01\x00\x04\x00\x03\x00\x04\x07\x02\x00\x04\x00"
  "\x03\x00\x04\x07\x03\x00\x04\x00\x03\x00\x04\x07\x04\x00\x04\x00\x03\x00\x04\x07"
  "\x05\x00\x04\x00\x03\x00\x04\x07\x06\x00\x04\x00\x03\x00\x04\x07\x07\x00\x04\x00"
  "\x03\x00\x04\x07\x08\x00\x04\x00\x03\x00\x04\x07\x09\x00\x04\x00\x03\x00\x04\x07"
  "\x0a\x00\x04\x00\x03\x00\x04\x07\x0b\x00\x04\x00\x03\x00\x04\x07\x0c\x00\x04\x00"
  "\x03\x00\x04\x07\x0d\x00\x04\x00\x03\x00\x04\x07\x0e\x00\x04\x00\x03\x00\x04\x08"
  "\x00\x00\x0f\x00\x03\x00\x04\x08\x01\x00\x04\x00\x03\x00\x04\x08\x02\x00\x04\x00"
  "\x03\x00\x04\x08\x03\x00\x04\x00\x03\x00\x04\x08\x04\x00\x09\x00\x03\x00\x04\x08"
  "\x05\x00\x04\x00\x03\x00\x04\x08\x06\x00\x04\x00\x03\x00\x04\x08\x07\x00\x04\x00"
  "\x03\x00\x04\x08\x08\x00\x08\x00\x03\x00\x04\x08\x09\x00\x0f\x00\x03\x00\x04\x08"
  "\x0a\x00\x0f\x00\x03\x00\x04\x08\x0b\x00\x0f\x00\x03\x00\x04\x08\x0c\x00\x0f\x00"
  "\x03\x00\x04\x08\x0d\x00\x0f\x00\x03\x00\x04\x08\x0e\x00\x0f\x00\x03\x00\x04\x09"
  "\x00\x00\x0f\x00\x03\x00\x04\x09\x01\x00\x0f\x00\x03\x00\x04\x09\x02\x00\x0f\x00"
  "\x03\x00\x04\x09\x03\x00\x0f\x00\x03\x00\x04\x09\x04\x00\x0f\x00\x03\x00\x04\x09"
  "\x05\x00\x0f\x00\x03\x00\x04\x09\x06\x00\x0f\x00\x03\x00\x04\x09\x07\x00\x0f\x00"
  "\x03\x00\x04\x09\x08\x00\x0f\x00\x03\x00\x04\x09\x09\x00\x0f\x00\x03\x00\x04\x09"
  "\x0a\x00\x0f\x00\x03\x00\x04\x09\x0b\x00\x0f\x00\x03\x00\x04\x09\x0c\x00\x0f\x00"
  "\x03\x00\x04\x09\x0d\x00\x0f\x00\x03\x00\x04\x09\x0e\x00\x0f\x00\x03\x00\x04\x0a"
  "\x00\x00\x0f\x00\x03\x00\x04\x0a\x01\x00\x0f\x00\x03\x00\x04\x0a\x02\x00\x0f\x00"
  "\x03\x00\x04\x0a\x03\x00\x0f\x00\x03\x00\x04\x0a\x04\x00\x0f\x00\x03\x00\x04\x0a"
  "\x05\x00\x0f\x00\x03\x00\x04\x0a\x06\x00\x0f\x00\x03\x00\x04\x0a\x07\x00\x0f\x00"
  "\x03\x00\x04\x0a\x08\x00\x0f\x00\x03\x00\x04\x0a\x09\x00\x0f\x00\x03\x00\x04\x0a"
  "\x0a\x00\x0f\x00\x03\x00\x04\x0a\x0b\x00\x0f\x00\x03\x00\x04\x0a\x0c\x00\x0f\x00"
  "\x03\x00\x04\x0a\x0d\x00\x0f\x00\x03\x00\x04\x0a\x0e\x00\x0f\x00\x03\x00\x04\x0b"
  "\x00\x00\x0f\x00\x03\x00\x04\x0b\x01\x00\x0f\x00\x03\x00\x04\x0b\x02\x00\x0f\x00"
  "\x03\x00\x04\x0b\x03\x00\x0f\x00\x03\x00\x04\x0b\x04\x00\x0f\x00\x03\x00\x04\x0b"
  "\x05\x00\x0f\x00\x03\x00\x04\x0b\x06\x00\x0f\x00\x03\x00\x04\x0b\x07\x00\x0f\x00"
  "\x03\x00\x04\x0b\x08\x00\x0f\x00\x03\x00\x04\x0b\x09\x00\x0f\x00\x03\x00\x04\x0b"
  "\x0a\x00\x0f\x00\x03\x00\x04\x0b\x0b\x00\x0f\x00\x03\x00\x04\x0b\x0c\x00\x0f\x00"
  "\x03\x00\x04\x0b\x0d\x00\x0f\x00\x03\x00\x04\x0b\x0e\x00\x0f\x00\x03\x00\x04\x0c"
  "\x00\x00\x04\x00\x03\x00\x04\x0c\x01\x00\x04\x00\x03\x00\x04\x0c\x02\x00\x04\x00"
  "\x03\x00\x04\x0c\x03\x00\x04\x00\x03\x00\x04\x0c\x04\x00\x04\x00\x03\x00\x04\x0c"
  "\x05\x00\x04\x00\x03\x00\x04\x0c\x06\x00\x04\x00\x03\x00\x04\x0c\x07\x00\x04\x00"
  "\x03\x00\x04\x0c\x08\x00\x04\x00\x03\x00\x04\x0c\x09\x00\x04\x00\x03\x00\x04\x0c"
  "\x0a\x00\x04\x00\x03\x00\x04\x0c\x0b\x00\x04\x00\x03\x00\x04\x0c\x0c\x00\x04\x00"
  "\x03\x00\x04\x0c\x0d\x00\x04\x00\x03\x00\x04\x0c\x0e\x00\x04\x00\x03\x00\x04\x0d"
  "\x00\x00\x00\x00\x03\x00\x04\x0d\x01\x00\x01\x00\x03\x00\x04\x0d\x02\x00\x02\x00"
  "\x03\x00\x04\x0d\x03\x00\x03\x00\x03\x00\x04\x0d\x04\x00\x04\x00\x03\x00\x04\x0d"
  "\x05\x00\x05\x00\x03\x00\x04\x0d\x06\x00\x06\x00\x03\x00\x04\x0d\x07\x00\x07\x00"
  "\x03\x00\x04\x0d\x08\x00\x08\x00\x03\x00\x04\x0d\x09\x00\x09\x00\x03\x00\x04\x0d"
  "\x0a\x00\x0a\x00\x03\x00\x04\x0d\x0b\x00\x0b\x00\x03\x00\x04\x0d\x0c\x00\x0c\x00"
  "\x03\x00\x04\x0d\x0d\x00\x0d\x00\x03\x00\x04\x0d\x0e\x00\x0e\x00\x03\x00\x04\x0e"
  "\x00\x00\x0f\x00\x03\x00\x04\x0e\x01\x00\x0f\x00\x03\x00\x04\x0e\x02\x00\x0f\x00"
  "\x03\x00\x04\x0e\x03\x00\x0f\x00\x03\x00\x04\x0e\x04\x00\x0f\x00\x03\x00\x04\x0e"
  "\x05\x00\x0f\x00\x03\x00\x04\x0e\x06\x00\x0f\x00\x03\x00\x04\x0e\x07\x00\x0f\x00"
  "\x03\x00\x04\x0e\x08\x00\x0f\x00\x03\x00\x04\x0e\x09\x00\x0f\x00\x03\x00\x04\x0e"
  "\x0a\x00\x0f\x00\x03\x00\x04\x0e\x0b\x00\x0f\x00\x03\x00\x04\x0e\x0c\x00\x0f\x00"
  "\x03\x00\x04\x0e\x0d\x00\x0f\x00\x03\x00\x04\x0e\x0e\x00\x0f\x00\x03\x00\x04\x0f"
  "\x00\x00\x0f\x00\x03\x00\x04\x0f\x01\x00\x04\x00\x03\x00\x04\x0f\x02\x00\x04\x00"
  "\x03\x00\x04\x0f\x03\x00\x04\x00\x03\x00\x04\x0f\x04\x00\x04\x00\x03\x00\x04\x0f"
  "\x05\x00\x04\x00\x03\x00\x04\x0f\x06\x00\x04\x00\x03\x00\x04\x0f\x07\x00\x04\x00"
  "\x03\x00\x04\x0f\x08\x00\x08\x00\x03\x00\x04\x0f\x09\x00\x0f\x00\x03\x00\x04\x0f"
  "\x0a\x00\x0f\x00\x03\x00\x04\x0f\x0b\x00\x0f\x00\x03\x00\x04\x0f\x0c\x00\x0f\x00"
  "\x03\x00\x04\x0f\x0d\x00\x0f\x00\x03\x00\x04\x0f\x0e\x00\x0f\x00\x03\x00\x04\x10"
  "\x00\x00\x0f\x00\x03\x00\x04\x10\x01\x00\x04\x00\x03\x00\x04\x10\x02\x00\x04\x00"
  "\x03\x00\x04\x10\x03\x00\x04\x00\x03\x00\x04\x10\x04\x00\x04\x00\x03\x00\x04\x10"
  "\x05\x00\x04\x00\x03\x00\x04\x10\x06\x00\x04\x00\x03\x00\x04\x10\x07\x00\x04\x00"
  "\x03\x00\x04\x10\x08\x00\x08\x00\x03\x00\x04\x10\x09\x00\x0f\x00\x03\x00\x04\x10"
  "\x0a\x00\x0f\x00\x03\x00\x04\x10\x0b\x00\x0f\x00\x03\x00\x04\x10\x0c\x00\x0f\x00"
  "\x03\x00\x04\x10\x0d\x00\x0f\x00\x03\x00\x04\x10\x0e\x00\x0f\x00\x03\x00\x04\x11"
  "\x00\x00\x0f\x00\x03\x00\x04\x11\x01\x00\x04\x00\x03\x00\x04\x11\x02\x00\x04\x00"
  "\x03\x00\x04\x11\x03\x00\x04\x00\x03\x00\x04\x11\x04\x00\x04\x00\x03\x00\x04\x11"
  "\x05\x00\x04\x00\x03\x00\x04\x11\x06\x00\x04\x00\x03\x00\x04\x11\x07\x00\x04\x00"
  "\x03\x00\x04\x11\x08\x00\x04\x00\x03\x00\x04\x11\x09\x00\x0f\x00\x03\x00\x04\x11"
  "\x0a\x00\x0f\x00\x03\x00\x04\x11\x0b\x00\x0f\x00\x03\x00\x04\x11\x0c\x00\x0f\x00"
  "\x03\x00\x04\x11\x0d\x00\x0f\x00\x03\x00\x04\x11\x0e\x00\x0f\x00\x03\x00\x04\x12"
  "\x00\x00\x0f\x00\x03\x00\x04\x12\x01\x00\x04\x00\x03\x00\x04\x12\x02\x00\x04\x00"
  "\x03\x00\x04\x12\x03\x00\x04\x00\x03\x00\x04\x12\x04\x00\x04\x00\x03\x00\x04\x12"
  "\x05\x00\x04\x00\x03\x00\x04\x12\x06\x00\x04\x00\x03\x00\x04\x12\x07\x00\x04\x00"
  "\x03\x00\x04\x12\x08\x00\x04\x00\x03\x00\x04\x12\x09\x00\x0f\x00\x03\x00\x04\x12"
  "\x0a\x00\x0f\x00\x03\x00\x04\x12\x0b\x00\x0f\x00\x03\x00\x04\x12\x0c\x00\x0f\x00"
  "\x03\x00\x04\x12\x0d\x00\x0f\x00\x03\x00\x04\x12\x0e\x00\x0f\x00\x03\x00\x05\x00"
  "\x00\x00\x0f\x00\x03\x00\x05\x00\x01\x00\x03\x00\x03\x00\x05\x00\x02\x00\x03\x00"
  "\x03\x00\x05\x00\x03\x00\x03\x00\x03\x00\x05\x00\x04\x00\x04\x00\x03\x00\x05\x00"
  "\x05\x00\x03\x00\x03\x00\x05\x00\x06\x00\x03\x00\x03\x00\x05\x00\x07\x00\x07\x00"
  "\x03\x00\x05\x00\x08\x00\x08\x00\x03\x00\x05\x00\x09\x00\x09\x00\x03\x00\x05\x00"
  "\x0a\x00\x09\x00\x03\x00\x05\x00\x0b\x00\x0f\x00\x03\x00\x05\x00\x0c\x00\x0f\x00"
  "\x03\x00\x05\x00\x0d\x00\x0d\x00\x03\x00\x05\x00\x0e\x00\x0e\x00\x03\x00\x05\x01"
  "\x00\x00\x0f\x00\x03\x00\x05\x01\x01\x00\x03\x00\x03\x00\x05\x01\x02\x00\x03\x00"
  "\x03\x00\x05\x01\x03\x00\x03\x00\x03\x00\x05\x01\x04\x00\x04\x00\x03\x00\x05\x01"
  "\x05\x00\x03\x00\x03\x00\x05\x01\x06\x00\x03\x00\x03\x00\x05\x01\x07\x00\x07\x00"
  "\x03\x00\x05\x01\x08\x00\x08\x00\x03\x00\x05\x01\x09\x00\x0f\x00\x03\x00\x05\x01"
  "\x0a\x00\x0f\x00\x03\x00\x05\x01\x0b\x00\x0f\x00\x03\x00\x05\x01\x0c\x00\x0f\x00"
  "\x03\x00\x05\x01\x0d\x00\x0d\x00\x03\x00\x05\x01\x0e\x00\x0e\x00\x03\x00\x05\x02"
  "\x00\x00\x0f\x00\x03\x00\x05\x02\x01\x00\x03\x00\x03\x00\x05\x02\x02\x00\x03\x00"
  "\x03\x00\x05\x02\x03\x00\x03\x00\x03\x00\x05\x02\x04\x00\x04\x00\x03\x00\x05\x02"
  "\x05\x00\x03\x00\x03\x00\x05\x02\x06\x00\x03\x00\x03\x00\x05\x02\x07\x00\x07\x00"
  "\x03\x00\x05\x02\x08\x00\x08\x00\x03\x00\x05\x02\x09\x00\x0f\x00\x03\x00\x05\x02"
  "\x0a\x00\x0f\x00\x03\x00\x05\x02\x0b\x00\x0f\x00\x03\x00\x05\x02\x0c\x00\x0f\x00"
  "\x03\x00\x05\x02\x0d\x00\x0d\x00\x03\x00\x05\x02\x0e\x00\x0e\x00\x03\x00\x05\x03"
  "\x00\x00\x0f\x00\x03\x00\x05\x03\x01\x00\x03\x00\x03\x00\x05\x03\x02\x00\x03\x00"
  "\x03\x00\x05\x03\x03\x00\x03\x00\x03\x00\x05\x03\x04\x00\x04\x00\x03\x00\x05\x03"
  "\x05\x00\x03\x00\x03\x00\x05\x03\x06\x00\x03\x00\x03\x00\x05\x03\x07\x00\x07\x00"
  "\x03\x00\x05\x03\x08\x00\x08\x00\x03\x00\x05\x03\x09\x00\x0f\x00\x03\x00\x05\x03"
  "\x0a\x00\x0f\x00\x03\x00\x05\x03\x0b\x00\x0f\x00\x03\x00\x05\x03\x0c\x00\x0f\x00"
  "\x03\x00\x05\x03\x0d\x00\x0d\x00\x03\x00\x05\x03\x0e\x00\x0e\x00\x03\x00\x05\x04"
  "\x00\x00\x0f\x00\x03\x00\x05\x04\x01\x00\x03\x00\x03\x00\x05\x04\x02\x00\x03\x00"
  "\x03\x00\x05\x04\x03\x00\x03\x00\x03\x00\x05\x04\x04\x00\x04\x00\x03\x00\x05\x04"
  "\x05\x00\x03\x00\x03\x00\x05\x04\x06\x00\x03\x00\x03\x00\x05\x04\x07\x00\x07\x00"
  "\x03\x00\x05\x04\x08\x00\x08\x00\x03\x00\x05\x04\x09\x00\x0f\x00\x03\x00\x05\x04"
  "\x0a\x00\x0f\x00\x03\x00\x05\x04\x0b\x00\x0f\x00\x03\x00\x05\x04\x0c\x00\x0f\x00"
  "\x03\x00\x05\x04\x0d\x00\x0f\x00\x03\x00\x05\x04\x0e\x00\x0f\x00\x03\x00\x05\x05"
  "\x00\x00\x04\x00\x03\x00\x05\x05\x01\x00\x04\x00\x03\x00\x05\x05\x02\x00\x04\x00"
  "\x03\x00\x05\x05\x03\x00\x04\x00\x03\x00\x05\x05\x04\x00\x04\x00\x03\x00\x05\x05"
  "\x05\x00\x04\x00\x03\x00\x05\x05\x06\x00\x04\x00\x03\x00\x05\x05\x07\x00\x04\x00"
  "\x03\x00\x05\x05\x08\x00\x04\x00\x03\x00\x05\x05\x09\x00\x04\x00\x03\x00\x05\x05"
  "\x0a\x00\x04\x00\x03\x00\x05\x05\x0b\x00\x04\x00\x03\x00\x05\x05\x0c\x00\x04\x00"
  "\x03\x00\x05\x05\x0d\x00\x04\x00\x03\x00\x05\x05\x0e\x00\x04\x00\x03\x00\x05\x06"
  "\x00\x00\x04\x00\x03\x00\x05\x06\x01\x00\x04\x00\x03\x00\x05\x06\x02\x00\x04\x00"
  "\x03\x00\x05\x06\x03\x00\x04\x00\x03\x00\x05\x06\x04\x00\x04\x00\x03\x00\x05\x06"
  "\x05\x00\x04\x00\x03\x00\x05\x06\x06\x00\x04\x00\x03\x00\x05\x06\x07\x00\x04\x00"
  "\x03\x00\x05\x06\x08\x00\x04\x00\x03\x00\x05\x06\x09\x00\x04\x00\x03\x00\x05\x06"
  "\x0a\x00\x04\x00\x03\x00\x05\x06\x0b\x00\x04\x00\x03\x00\x05\x06\x0c\x00\x04\x00"
  "\x03\x00\x05\x06\x0d\x00\x04\x00\x03\x00\x05\x06\x0e\x00\x04\x00\x03\x00\x05\x07"
  "\x00\x00\x05\x00\x03\x00\x05\x07\x01\x00\x05\x00\x03\x00\x05\x07\x02\x00\x05\x00"
  "\x03\x00\x05\x07\x03\x00\x05\x00\x03\x00\x05\x07\x04\x00\x05\x00\x03\x00\x05\x07"
  "\x05\x00\x05\x00\x03\x00\x05\x07\x06\x00\x05\x00\x03\x00\x05\x07\x07\x00\x05\x00"
  "\x03\x00\x05\x07\x08\x00\x05\x00\x03\x00\x05\x07\x09\x00\x05\x00\x03\x00\x05\x07"
  "\x0a\x00\x05\x00\x03\x00\x05\x07\x0b\x00\x05\x00\x03\x00\x05\x07\x0c\x00\x05\x00"
  "\x03\x00\x05\x07\x0d\x00\x05\x00\x03\x00\x05\x07\x0e\x00\x05\x00\x03\x00\x05\x08"
  "\x00\x00\x0f\x00\x03\x00\x05\x08\x01\x00\x03\x00\x03\x00\x05\x08\x02\x00\x03\x00"
  "\x03\x00\x05\x08\x03\x00\x03\x00\x03\x00\x05\x08\x04\x00\x04\x00\x03\x00\x05\x08"
  "\x05\x00\x03\x00\x03\x00\x05\x08\x06\x00\x03\x00\x03\x00\x05\x08\x07\x00\x07\x00"
  "\x03\x00\x05\x08\x08\x00\x08\x00\x03\x00\x05\x08\x09\x00\x0f\x00\x03\x00\x05\x08"
  "\x0a\x00\x0f\x00\x03\x00\x05\x08\x0b\x00\x0f\x00\x03\x00\x05\x08\x0c\x00\x0f\x00"
  "\x03\x00\x05\x08\x0d\x00\x0f\x00\x03\x00\x05\x08\x0e\x00\x0f\x00\x03\x00\x05\x09"
  "\x00\x00\x0f\x00\x03\x00\x05\x09\x01\x00\x0f\x00\x03\x00\x05\x09\x02\x00\x0f\x00"
  "\x03\x00\x05\x09\x03\x00\x0f\x00\x03\x00\x05\x09\x04\x00\x0f\x00\x03\x00\x05\x09"
  "\x05\x00\x0f\x00\x03\x00\x05\x09\x06\x00\x0f\x00\x03\x00\x05\x09\x07\x00\x0f\x00"
  "\x03\x00\x05\x09\x08\x00\x0f\x00\x03\x00\x05\x09\x09\x00\x0f\x00\x03\x00\x05\x09"
  "\x0a\x00\x0f\x00\x03\x00\x05\x09\x0b\x00\x0f\x00\x03\x00\x05\x09\x0c\x00\x0f\x00"
  "\x03\x00\x05\x09\x0d\x00\x0f\x00\x03\x00\x05\x09\x0e\x00\x0f\x00\x03\x00\x05\x0a"
  "\x00\x00\x0f\x00\x03\x00\x05\x0a\x01\x00\x0f\x00\x03\x00\x05\x0a\x02\x00\x0f\x00"
  "\x03\x00\x05\x0a\x03\x00\x0f\x00\x03\x00\x05\x0a\x04\x00\x0f\x00\x03\x00\x05\x0a"
  "\x05\x00\x0f\x00\x03\x00\x05\x0a\x06\x00\x0f\x00\x03\x00\x05\x0a\x07\x00\x0f\x00"
  "\x03\x00\x05\x0a\x08\x00\x0f\x00\x03\x00\x05\x0a\x09\x00\x0f\x00\x03\x00\x05\x0a"
  "\x0a\x00\x0f\x00\x03\x00\x05\x0a\x0b\x00\x0f\x00\x03\x00\x05\x0a\x0c\x00\x0f\x00"
  "\x03\x00\x05\x0a\x0d\x00\x0f\x00\x03\x00\x05\x0a\x0e\x00\x0f\x00\x03\x00\x05\x0b"
  "\x00\x00\x0f\x00\x03\x00\x05\x0b\x01\x00\x0f\x00\x03\x00\x05\x0b\x02\x00\x0f\x00"
  "\x03\x00\x05\x0b\x03\x00\x0f\x00\x03\x00\x05\x0b\x04\x00\x0f\x00\x03\x00\x05\x0b"
  "\x05\x00\x0f\x00\x03\x00\x05\x0b\x06\x00\x0f\x00\x03\x00\x05\x0b\x07\x00\x0f\x00"
  "\x03\x00\x05\x0b\x08\x00\x0f\x00\x03\x00\x05\x0b\x09\x00\x0f\x00\x03\x00\x05\x0b"
  "\x0a\x00\x0f\x00\x03\x00\x05\x0b\x0b\x00\x0f\x00\x03\x00\x05\x0b\x0c\x00\x0f\x00"
  "\x03\x00\x05\x0b\x0d\x00\x0f\x00\x03\x00\x05\x0b\x0e\x00\x0f\x00\x03\x00\x05\x0c"
  "\x00\x00\x04\x00\x03\x00\x05\x0c\x01\x00\x04\x00\x03\x00\x05\x0c\x02\x00\x04\x00"
  "\x03\x00\x05\x0c\x03\x00\x04\x00\x03\x00\x05\x0c\x04\x00\x04\x00\x03\x00\x05\x0c"
  "\x05\x00\x04\x00\x03\x00\x05\x0c\x06\x00\x04\x00\x03\x00\x05\x0c\x07\x00\x04\x00"
  "\x03\x00\x05\x0c\x08\x00\x04\x00\x03\x00\x05\x0c\x09\x00\x04\x00\x03\x00\x05\x0c"
  "\x0a\x00\x04\x00\x03\x00\x05\x0c\x0b\x00\x04\x00\x03\x00\x05\x0c\x0c\x00\x04\x00"
  "\x03\x00\x05\x0c\x0d\x00\x04\x00\x03\x00\x05\x0c\x0e\x00\x04\x00\x03\x00\x05\x0d"
  "\x00\x00\x00\x00\x03\x00\x05\x0d\x01\x00\x01\x00\x03\x00\x05\x0d\x02\x00\x02\x00"
  "\x03\x00\x05\x0d\x03\x00\x03\x00\x03\x00\x05\x0d\x04\x00\x04\x00\x03\x00\x05\x0d"
  "\x05\x00\x05\x00\x03\x00\x05\x0d\x06\x00\x06\x00\x03\x00\x05\x0d\x07\x00\x07\x00"
  "\x03\x00\x05\x0d\x08\x00\x08\x00\x03\x00\x05\x0d\x09\x00\x09\x00\x03\x00\x05\x0d"
  "\x0a\x00\x0a\x00\x03\x00\x05\x0d\x0b\x00\x0b\x00\x03\x00\x05\x0d\x0c\x00\x0c\x00"
  "\x03\x00\x05\x0d\x0d\x00\x0d\x00\x03\x00\x05\x0d\x0e\x00\x0e\x00\x03\x00\x05\x0e"
  "\x00\x00\x0f\x00\x03\x00\x05\x0e\x01\x00\x0f\x00\x03\x00\x05\x0e\x02\x00\x0f\x00"
  "\x03\x00\x05\x0e\x03\x00\x0f\x00\x03\x00\x05\x0e\x04\x00\x0f\x00\x03\x00\x05\x0e"
  "\x05\x00\x0f\x00\x03\x00\x05\x0e\x06\x00\x0f\x00\x03\x00\x05\x0e\x07\x00\x0f\x00"
  "\x03\x00\x05\x0e\x08\x00\x0f\x00\x03\x00\x05\x0e\x09\x00\x0f\x00\x03\x00\x05\x0e"
  "\x0a\x00\x0f\x00\x03\x00\x05\x0e\x0b\x00\x0f\x00\x03\x00\x05\x0e\x0c\x00\x0f\x00"
  "\x03\x00\x05\x0e\x0d\x00\x0f\x00\x03\x00\x05\x0e\x0e\x00\x0f\x00\x03\x00\x05\x0f"
  "\x00\x00\x0f\x00\x03\x00\x05\x0f\x01\x00\x03\x00\x03\x00\x05\x0f\x02\x00\x03\x00"
  "\x03\x00\x05\x0f\x03\x00\x03\x00\x03\x00\x05\x0f\x04\x00\x04\x00\x03\x00\x05\x0f"
  "\x05\x00\x03\x00\x03\x00\x05\x0f\x06\x00\x03\x00\x03\x00\x05\x0f\x07\x00\x07\x00"
  "\x03\x00\x05\x0f\x08\x00\x08\x00\x03\x00\x05\x0f\x09\x00\x0f\x00\x03\x00\x05\x0f"
  "\x0a\x00\x0f\x00\x03\x00\x05\x0f\x0b\x00\x0f\x00\x03\x00\x05\x0f\x0c\x00\x0f\x00"
  "\x03\x00\x05\x0f\x0d\x00\x0f\x00\x03\x00\x05\x0f\x0e\x00\x0f\x00\x03\x00\x05\x10"
  "\x00\x00\x0f\x00\x03\x00\x05\x10\x01\x00\x03\x00\x03\x00\x05\x10\x02\x00\x03\x00"
  "\x03\x00\x05\x10\x03\x00\x03\x00\x03\x00\x05\x10\x04\x00\x04\x00\x03\x00\x05\x10"
  "\x05\x00\x03\x00\x03\x00\x05\x10\x06\x00\x03\x00\x03\x00\x05\x10\x07\x00\x07\x00"
  "\x03\x00\x05\x10\x08\x00\x08\x00\x03\x00\x05\x10\x09\x00\x0f\x00\x03\x00\x05\x10"
  "\x0a\x00\x0f\x00\x03\x00\x05\x10\x0b\x00\x0f\x00\x03\x00\x05\x10\x0c\x00\x0f\x00"
  "\x03\x00\x05\x10\x0d\x00\x0f\x00\x03\x00\x05\x10\x0e\x00\x0f\x00\x03\x00\x05\x11"
  "\x00\x00\x0f\x00\x03\x00\x05\x11\x01\x00\x03\x00\x03\x00\x05\x11\x02\x00\x03\x00"
  "\x03\x00\x05\x11\x03\x00\x03\x00\x03\x00\x05\x11\x04\x00\x03\x00\x03\x00\x05\x11"
  "\x05\x00\x03\x00\x03\x00\x05\x11\x06\x00\x03\x00\x03\x00\x05\x11\x07\x00\x03\x00"
  "\x03\x00\x05\x11\x08\x00\x03\x00\x03\x00\x05\x11\x09\x00\x0f\x00\x03\x00\x05\x11"
  "\x0a\x00\x0f\x00\x03\x00\x05\x11\x0b\x00\x0f\x00\x03\x00\x05\x11\x0c\x00\x0f\x00"
  "\x03\x00\x05\x11\x0d\x00\x0f\x00\x03\x00\x05\x11\x0e\x00\x0f\x00\x03\x00\x05\x12"
  "\x00\x00\x0f\x00\x03\x00\x05\x12\x01\x00\x03\x00\x03\x00\x05\x12\x02\x00\x03\x00"
  "\x03\x00\x05\x12\x03\x00\x03\x00\x03\x00\x05\x12\x04\x00\x03\x00\x03\x00\x05\x12"
  "\x05\x00\x03\x00\x03\x00\x05\x12\x06\x00\x03\x00\x03\x00\x05\x12\x07\x00\x03\x00"
  "\x03\x00\x05\x12\x08\x00\x03\x00\x03\x00\x05\x12\x09\x00\x0f\x00\x03\x00\x05\x12"
  "\x0a\x00\x0f\x00\x03\x00\x05\x12\x0b\x00\x0f\x00\x03\x00\x05\x12\x0c\x00\x0f\x00"
  "\x03\x00\x05\x12\x0d\x00\x0f\x00\x03\x00\x05\x12\x0e\x00\x0f\x00\x03\x00\x06\x00"
  "\x00\x00\x0f\x00\x03\x00\x06\x00\x01\x00\x03\x00\x03\x00\x06\x00\x02\x00\x03\x00"
  "\x03\x00\x06\x00\x03\x00\x03\x00\x03\x00\x06\x00\x04\x00\x04\x00\x03\x00\x06\x00"
  "\x05\x00\x03\x00\x03\x00\x06\x00\x06\x00\x03\x00\x03\x00\x06\x00\x07\x00\x07\x00"
  "\x03\x00\x06\x00\x08\x00\x08\x00\x03\x00\x06\x00\x09\x00\x09\x00\x03\x00\x06\x00"
  "\x0a\x00\x09\x00\x03\x00\x06\x00\x0b\x00\x0f\x00\x03\x00\x06\x00\x0c\x00\x0f\x00"
  "\x03\x00\x06\x00\x0d\x00\x0d\x00\x03\x00\x06\x00\x0e\x00\x0e\x00\x03\x00\x06\x01"
  "\x00\x00\x0f\x00\x03\x00\x06\x01\x01\x00\x03\x00\x03\x00\x06\x01\x02\x00\x03\x00"
  "\x03\x00\x06\x01\x03\x00\x03\x00\x03\x00\x06\x01\x04\x00\x04\x00\x03\x00\x06\x01"
  "\x05\x00\x03\x00\x03\x00\x06\x01\x06\x00\x03\x00\x03\x00\x06\x01\x07\x00\x07\x00"
  "\x03\x00\x06\x01\x08\x00\x08\x00\x03\x00\x06\x01\x09\x00\x0f\x00\x03\x00\x06\x01"
  "\x0a\x00\x0f\x00\x03\x00\x06\x01\x0b\x00\x0f\x00\x03\x00\x06\x01\x0c\x00\x0f\x00"
  "\x03\x00\x06\x01\x0d\x00\x0d\x00\x03\x00\x06\x01\x0e\x00\x0e\x00\x03\x00\x06\x02"
  "\x00\x00\x0f\x00\x03\x00\x06\x02\x01\x00\x03\x00\x03\x00\x06\x02\x02\x00\x03\x00"
  "\x03\x00\x06\x02\x03\x00\x03\x00\x03\x00\x06\x02\x04\x00\x04\x00\x03\x00\x06\x02"
  "\x05\x00\x03\x00\x03\x00\x06\x02\x06\x00\x03\x00\x03\x00\x06\x02\x07\x00\x07\x00"
  "\x03\x00\x06\x02\x08\x00\x08\x00\x03\x00\x06\x02\x09\x00\x0f\x00\x03\x00\x06\x02"
  "\x0a\x00\x0f\x00\x03\x00\x06\x02\x0b\x00\x0f\x00\x03\x00\x06\x02\x0c\x00\x0f\x00"
  "\x03\x00\x06\x02\x0d\x00\x0d\x00\x03\x00\x06\x02\x0e\x00\x0e\x00\x03\x00\x06\x03"
  "\x00\x00\x0f\x00\x03\x00\x06\x03\x01\x00\x03\x00\x03\x00\x06\x03\x02\x00\x03\x00"
  "\x03\x00\x06\x03\x03\x00\x03\x00\x03\x00\x06\x03\x04\x00\x04\x00\x03\x00\x06\x03"
  "\x05\x00\x03\x00\x03\x00\x06\x03\x06\x00\x03\x00\x03\x00\x06\x03\x07\x00\x07\x00"
  "\x03\x00\x06\x03\x08\x00\x08\x00\x03\x00\x06\x03\x09\x00\x0f\x00\x03\x00\x06\x03"
  "\x0a\x00\x0f\x00\x03\x00\x06\x03\x0b\x00\x0f\x00\x03\x00\x06\x03\x0c\x00\x0f\x00"
  "\x03\x00\x06\x03\x0d\x00\x0d\x00\x03\x00\x06\x03\x0e\x00\x0e\x00\x03\x00\x06\x04"
  "\x00\x00\x0f\x00\x03\x00\x06\x04\x01\x00\x03\x00\x03\x00\x06\x04\x02\x00\x03\x00"
  "\x03\x00\x06\x04\x03\x00\x03\x00\x03\x00\x06\x04\x04\x00\x04\x00\x03\x00\x06\x04"
  "\x05\x00\x03\x00\x03\x00\x06\x04\x06\x00\x03\x00\x03\x00\x06\x04\x07\x00\x07\x00"
  "\x03\x00\x06\x04\x08\x00\x08\x00\x03\x00\x06\x04\x09\x00\x0f\x00\x03\x00\x06\x04"
  "\x0a\x00\x0f\x00\x03\x00\x06\x04\x0b\x00\x0f\x00\x03\x00\x06\x04\x0c\x00\x0f\x00"
  "\x03\x00\x06\x04\x0d\x00\x0f\x00\x03\x00\x06\x04\x0e\x00\x0f\x00\x03\x00\x06\x05"
  "\x00\x00\x04\x00\x03\x00\x06\x05\x01\x00\x04\x00\x03\x00\x06\x05\x02\x00\x04\x00"
  "\x03\x00\x06\x05\x03\x00\x04\x00\x03\x00\x06\x05\x04\x00\x04\x00\x03\x00\x06\x05"
  "\x05\x00\x04\x00\x03\x00\x06\x05\x06\x00\x04\x00\x03\x00\x06\x05\x07\x00\x04\x00"
  "\x03\x00\x06\x05\x08\x00\x04\x00\x03\x00\x06\x05\x09\x00\x04\x00\x03\x00\x06\x05"
  "\x0a\x00\x04\x00\x03\x00\x06\x05\x0b\x00\x04\x00\x03\x00\x06\x05\x0c\x00\x04\x00"
  "\x03\x00\x06\x05\x0d\x00\x04\x00\x03\x00\x06\x05\x0e\x00\x04\x00\x03\x00\x06\x06"
  "\x00\x00\x04\x00\x03\x00\x06\x06\x01\x00\x04\x00\x03\x00\x06\x06\x02\x00\x04\x00"
  "\x03\x00\x06\x06\x03\x00\x04\x00\x03\x00\x06\x06\x04\x00\x04\x00\x03\x00\x06\x06"
  "\x05\x00\x04\x00\x03\x00\x06\x06\x06\x00\x04\x00\x03\x00\x06\x06\x07\x00\x04\x00"
  "\x03\x00\x06\x06\x08\x00\x04\x00\x03\x00\x06\x06\x09\x00\x04\x00\x03\x00\x06\x06"
  "\x0a\x00\x04\x00\x03\x00\x06\x06\x0b\x00\x04\x00\x03\x00\x06\x06\x0c\x00\x04\x00"
  "\x03\x00\x06\x06\x0d\x00\x04\x00\x03\x00\x06\x06\x0e\x00\x04\x00\x03\x00\x06\x07"
  "\x00\x00\x06\x00\x03\x00\x06\x07\x01\x00\x06\x00\x03\x00\x06\x07\x02\x00\x06\x00"
  "\x03\x00\x06\x07\x03\x00\x06\x00\x03\x00\x06\x07\x04\x00\x06\x00\x03\x00\x06\x07"
  "\x05\x00\x06\x00\x03\x00\x06\x07\x06\x00\x06\x00\x03\x00\x06\x07\x07\x00\x06\x00"
  "\x03\x00\x06\x07\x08\x00\x06\x00\x03\x00\x06\x07\x09\x00\x06\x00\x03\x00\x06\x07"
  "\x0a\x00\x06\x00\x03\x00\x06\x07\x0b\x00\x06\x00\x03\x00\x06\x07\x0c\x00\x06\x00"
  "\x03\x00\x06\x07\x0d\x00\x06\x00\x03\x00\x06\x07\x0e\x00\x06\x00\x03\x00\x06\x08"
  "\x00\x00\x0f\x00\x03\x00\x06\x08\x01\x00\x03\x00\x03\x00\x06\x08\x02\x00\x03\x00"
  "\x03\x00\x06\x08\x03\x00\x03\x00\x03\x00\x06\x08\x04\x00\x04\x00\x03\x00\x06\x08"
  "\x05\x00\x03\x00\x03\x00\x06\x08\x06\x00\x03\x00\x03\x00\x06\x08\x07\x00\x07\x00"
  "\x03\x00\x06\x08\x08\x00\x08\x00\x03\x00\x06\x08\x09\x00\x0f\x00\x03\x00\x06\x08"
  "\x0a\x00\x0f\x00\x03\x00\x06\x08\x0b\x00\x0f\x00\x03\x00\x06\x08\x0c\x00\x0f\x00"
  "\x03\x00\x06\x08\x0d\x00\x0f\x00\x03\x00\x06\x08\x0e\x00\x0f\x00\x03\x00\x06\x09"
  "\x00\x00\x0f\x00\x03\x00\x06\x09\x01\x00\x0f\x00\x03\x00\x06\x09\x02\x00\x0f\x00"
  "\x03\x00\x06\x09\x03\x00\x0f\x00\x03\x00\x06\x09\x04\x00\x0f\x00\x03\x00\x06\x09"
  "\x05\x00\x0f\x00\x03\x00\x06\x09\x06\x00\x0f\x00\x03\x00\x06\x09\x07\x00\x0f\x00"
  "\x03\x00\x06\x09\x08\x00\x0f\x00\x03\x00\x06\x09\x09\x00\x0f\x00\x03\x00\x06\x09"
  "\x0a\x00\x0f\x00\x03\x00\x06\x09\x0b\x00\x0f\x00\x03\x00\x06\x09\x0c\x00\x0f\x00"
  "\x03\x00\x06\x09\x0d\x00\x0f\x00\x03\x00\x06\x09\x0e\x00\x0f\x00\x03\x00\x06\x0a"
  "\x00\x00\x0f\x00\x03\x00\x06\x0a\x01\x00\x0f\x00\x03\x00\x06\x0a\x02\x00\x0f\x00"
  "\x03\x00\x06\x0a\x03\x00\x0f\x00\x03\x00\x06\x0a\x04\x00\x0f\x00\x03\x00\x06\x0a"
  "\x05\x00\x0f\x00\x03\x00\x06\x0a\x06\x00\x0f\x00\x03\x00\x06\x0a\x07\x00\x0f\x00"
  "\x03\x00\x06\x0a\x08\x00\x0f\x00\x03\x00\x06\x0a\x09\x00\x0f\x00\x03\x00\x06\x0a"
  "\x0a\x00\x0f\x00\x03\x00\x06\x0a\x0b\x00\x0f\x00\x03\x00\x06\x0a\x0c\x00\x0f\x00"
  "\x03\x00\x06\x0a\x0d\x00\x0f\x00\x03\x00\x06\x0a\x0e\x00\x0f\x00\x03\x00\x06\x0b"
  "\x00\x00\x0f\x00\x03\x00\x06\x0b\x01\x00\x0f\x00\x03\x00\x06\x0b\x02\x00\x0f\x00"
  "\x03\x00\x06\x0b\x03\x00\x0f\x00\x03\x00\x06\x0b\x04\x00\x0f\x00\x03\x00\x06\x0b"
  "\x05\x00\x0f\x00\x03\x00\x06\x0b\x06\x00\x0f\x00\x03\x00\x06\x0b\x07\x00\x0f\x00"
  "\x03\x00\x06\x0b\x08\x00\x0f\x00\x03\x00\x06\x0b\x09\x00\x0f\x00\x03\x00\x06\x0b"
  "\x0a\x00\x0f\x00\x03\x00\x06\x0b\x0b\x00\x0f\x00\x03\x00\x06\x0b\x0c\x00\x0f\x00"
  "\x03\x00\x06\x0b\x0d\x00\x0f\x00\x03\x00\x06\x0b\x0e\x00\x0f\x00\x03\x00\x06\x0c"
  "\x00\x00\x04\x00\x03\x00\x06\x0c\x01\x00\x04\x00\x03\x00\x06\x0c\x02\x00\x04\x00"
  "\x03\x00\x06\x0c\x03\x00\x04\x00\x03\x00\x06\x0c\x04\x00\x04\x00\x03\x00\x06\x0c"
  "\x05\x00\x04\x00\x03\x00\x06\x0c\x06\x00\x04\x00\x03\x00\x06\x0c\x07\x00\x04\x00"
  "\x03\x00\x06\x0c\x08\x00\x04\x00\x03\x00\x06\x0c\x09\x00\x04\x00\x03\x00\x06\x0c"
  "\x0a\x00\x04\x00\x03\x00\x06\x0c\x0b\x00\x04\x00\x03\x00\x06\x0c\x0c\x00\x04\x00"
  "\x03\x00\x06\x0c\x0d\x00\x04\x00\x03\x00\x06\x0c\x0e\x00\x04\x00\x03\x00\x06\x0d"
  "\x00\x00\x00\x00\x03\x00\x06\x0d\x01\x00\x01\x00\x03\x00\x06\x0d\x02\x00\x02\x00"
  "\x03\x00\x06\x0d\x03\x00\x03\x00\x03\x00\x06\x0d\x04\x00\x04\x00\x03\x00\x06\x0d"
  "\x05\x00\x05\x00\x03\x00\x06\x0d\x06\x00\x06\x00\x03\x00\x06\x0d\x07\x00\x07\x00"
  "\x03\x00\x06\x0d\x08\x00\x08\x00\x03\x00\x06\x0d\x09\x00\x09\x00\x03\x00\x06\x0d"
  "\x0a\x00\x0a\x00\x03\x00\x06\x0d\x0b\x00\x0b\x00\x03\x00\x06\x0d\x0c\x00\x0c\x00"
  "\x03\x00\x06\x0d\x0d\x00\x0d\x00\x03\x00\x06\x0d\x0e\x00\x0e\x00\x03\x00\x06\x0e"
  "\x00\x00\x0f\x00\x03\x00\x06\x0e\x01\x00\x0f\x00\x03\x00\x06\x0e\x02\x00\x0f\x00"
  "\x03\x00\x06\x0e\x03\x00\x0f\x00\x03\x00\x06\x0e\x04\x00\x0f\x00\x03\x00\x06\x0e"
  "\x05\x00\x0f\x00\x03\x00\x06\x0e\x06\x00\x0f\x00\x03\x00\x06\x0e\x07\x00\x0f\x00"
  "\x03\x00\x06\x0e\x08\x00\x0f\x00\x03\x00\x06\x0e\x09\x00\x0f\x00\x03\x00\x06\x0e"
  "\x0a\x00\x0f\x00\x03\x00\x06\x0e\x0b\x00\x0f\x00\x03\x00\x06\x0e\x0c\x00\x0f\x00"
  "\x03\x00\x06\x0e\x0d\x00\x0f\x00\x03\x00\x06\x0e\x0e\x00\x0f\x00\x03\x00\x06\x0f"
  "\x00\x00\x0f\x00\x03\x00\x06\x0f\x01\x00\x03\x00\x03\x00\x06\x0f\x02\x00\x03\x00"
  "\x03\x00\x06\x0f\x03\x00\x03\x00\x03\x00\x06\x0f\x04\x00\x04\x00\x03\x00\x06\x0f"
  "\x05\x00\x03\x00\x03\x00\x06\x0f\x06\x00\x03\x00\x03\x00\x06\x0f\x07\x00\x07\x00"
  "\x03\x00\x06\x0f\x08\x00\x08\x00\x03\x00\x06\x0f\x09\x00\x0f\x00\x03\x00\x06\x0f"
  "\x0a\x00\x0f\x00\x03\x00\x06\x0f\x0b\x00\x0f\x00\x03\x00\x06\x0f\x0c\x00\x0f\x00"
  "\x03\x00\x06\x0f\x0d\x00\x0f\x00\x03\x00\x06\x0f\x0e\x00\x0f\x00\x03\x00\x06\x10"
  "\x00\x00\x0f\x00\x03\x00\x06\x10\x01\x00\x03\x00\x03\x00\x06\x10\x02\x00\x03\x00"
  "\x03\x00\x06\x10\x03\x00\x03\x00\x03\x00\x06\x10\x04\x00\x04\x00\x03\x00\x06\x10"
  "\x05\x00\x03\x00\x03\x00\x06\x10\x06\x00\x03\x00\x03\x00\x06\x10\x07\x00\x07\x00"
  "\x03\x00\x06\x10\x08\x00\x08\x00\x03\x00\x06\x10\x09\x00\x0f\x00\x03\x00\x06\x10"
  "\x0a\x00\x0f\x00\x03\x00\x06\x10\x0b\x00\x0f\x00\x03\x00\x06\x10\x0c\x00\x0f\x00"
  "\x03\x00\x06\x10\x0d\x00\x0f\x00\x03\x00\x06\x10\x0e\x00\x0f\x00\x03\x00\x06\x11"
  "\x00\x00\x0f\x00\x03\x00\x06\x11\x01\x00\x03\x00\x03\x00\x06\x11\x02\x00\x03\x00"
  "\x03\x00\x06\x11\x03\x00\x03\x00\x03\x00\x06\x11\x04\x00\x03\x00\x03\x00\x06\x11"
  "\x05\x00\x03\x00\x03\x00\x06\x11\x06\x00\x03\x00\x03\x00\x06\x11\x07\x00\x03\x00"
  "\x03\x00\x06\x11\x08\x00\x03\x00\x03\x00\x06\x11\x09\x00\x0f\x00\x03\x00\x06\x11"
  "\x0a\x00\x0f\x00\x03\x00\x06\x11\x0b\x00\x0f\x00\x03\x00\x06\x11\x0c\x00\x0f\x00"
  "\x03\x00\x06\x11\x0d\x00\x0f\x00\x03\x00\x06\x11\x0e\x00\x0f\x00\x03\x00\x06\x12"
  "\x00\x00\x0f\x00\x03\x00\x06\x12\x01\x00\x03\x00\x03\x00\x06\x12\x02\x00\x03\x00"
  "\x03\x00\x06\x12\x03\x00\x03\x00\x03\x00\x06\x12\x04\x00\x03\x00\x03\x00\x06\x12"
  "\x05\x00\x03\x00\x03\x00\x06\x12\x06\x00\x03\x00\x03\x00\x06\x12\x07\x00\x03\x00"
  "\x03\x00\x06\x12\x08\x00\x03\x00\x03\x00\x06\x12\x09\x00\x0f\x00\x03\x00\x06\x12"
  "\x0a\x00\x0f\x00\x03\x00\x06\x12\x0b\x00\x0f\x00\x03\x00\x06\x12\x0c\x00\x0f\x00"
  "\x03\x00\x06\x12\x0d\x00\x0f\x00\x03\x00\x06\x12\x0e\x00\x0f\x00\x03\x00\x07\x00"
  "\x00\x00\x0f\x00\x03\x00\x07\x00\x01\x00\x07\x00\x03\x00\x07\x00\x02\x00\x07\x00"
  "\x03\x00\x07\x00\x03\x00\x07\x00\x03\x00\x07\x00\x04\x00\x04\x00\x03\x00\x07\x00"
  "\x05\x00\x07\x00\x03\x00\x07\x00\x06\x00\x07\x00\x03\x00\x07\x00\x07\x00\x07\x00"
  "\x03\x00\x07\x00\x08\x00\x08\x00\x03\x00\x07\x00\x09\x00\x09\x00\x03\x00\x07\x00"
  "\x0a\x00\x09\x00\x03\x00\x07\x00\x0b\x00\x0f\x00\x03\x00\x07\x00\x0c\x00\x0f\x00"
  "\x03\x00\x07\x00\x0d\x00\x0d\x00\x03\x00\x07\x00\x0e\x00\x0e\x00\x03\x00\x07\x01"
  "\x00\x00\x0f\x00\x03\x00\x07\x01\x01\x00\x07\x00\x03\x00\x07\x01\x02\x00\x07\x00"
  "\x03\x00\x07\x01\x03\x00\x07\x00\x03\x00\x07\x01\x04\x00\x04\x00\x03\x00\x07\x01"
  "\x05\x00\x07\x00\x03\x00\x07\x01\x06\x00\x07\x00\x03\x00\x07\x01\x07\x00\x07\x00"
  "\x03\x00\x07\x01\x08\x00\x08\x00\x03\x00\x07\x01\x09\x00\x0f\x00\x03\x00\x07\x01"
  "\x0a\x00\x0f\x00\x03\x00\x07\x01\x0b\x00\x0f\x00\x03\x00\x07\x01\x0c\x00\x0f\x00"
  "\x03\x00\x07\x01\x0d\x00\x0d\x00\x03\x00\x07\x01\x0e\x00\x0e\x00\x03\x00\x07\x02"
  "\x00\x00\x0f\x00\x03\x00\x07\x02\x01\x00\x07\x00\x03\x00\x07\x02\x02\x00\x07\x00"
  "\x03\x00\x07\x02\x03\x00\x07\x00\x03\x00\x07\x02\x04\x00\x04\x00\x03\x00\x07\x02"
  "\x05\x00\x07\x00\x03\x00\x07\x02\x06\x00\x07\x00\x03\x00\x07\x02\x07\x00\x07\x00"
  "\x03\x00\x07\x02\x08\x00\x08\x00\x03\x00\x07\x02\x09\x00\x0f\x00\x03\x00\x07\x02"
  "\x0a\x00\x0f\x00\x03\x00\x07\x02\x0b\x00\x0f\x00\x03\x00\x07\x02\x0c\x00\x0f\x00"
  "\x03\x00\x07\x02\x0d\x00\x0d\x00\x03\x00\x07\x02\x0e\x00\x0e\x00\x03\x00\x07\x03"
  "\x00\x00\x0f\x00\x03\x00\x07\x03\x01\x00\x07\x00\x03\x00\x07\x03\x02\x00\x07\x00"
  "\x03\x00\x07\x03\x03\x00\x07\x00\x03\x00\x07\x03\x04\x00\x04\x00\x03\x00\x07\x03"
  "\x05\x00\x07\x00\x03\x00\x07\x03\x06\x00\x07\x00\x03\x00\x07\x03\x07\x00\x07\x00"
  "\x03\x00\x07\x03\x08\x00\x08\x00\x03\x00\x07\x03\x09\x00\x0f\x00\x03\x00\x07\x03"
  "\x0a\x00\x0f\x00\x03\x00\x07\x03\x0b\x00\x0f\x00\x03\x00\x07\x03\x0c\x00\x0f\x00"
  "\x03\x00\x07\x03\x0d\x00\x0d\x00\x03\x00\x07\x03\x0e\x00\x0e\x00\x03\x00\x07\x04"
  "\x00\x00\x0f\x00\x03\x00\x07\x04\x01\x00\x07\x00\x03\x00\x07\x04\x02\x00\x07\x00"
  "\x03\x00\x07\x04\x03\x00\x07\x00\x03\x00\x07\x04\x04\x00\x04\x00\x03\x00\x07\x04"
  "\x05\x00\x07\x00\x03\x00\x07\x04\x06\x00\x07\x00\x03\x00\x07\x04\x07\x00\x07\x00"
  "\x03\x00\x07\x04\x08\x00\x08\x00\x03\x00\x07\x04\x09\x00\x0f\x00\x03\x00\x07\x04"
  "\x0a\x00\x0f\x00\x03\x00\x07\x04\x0b\x00\x0f\x00\x03\x00\x07\x04\x0c\x00\x0f\x00"
  "\x03\x00\x07\x04\x0d\x00\x0f\x00\x03\x00\x07\x04\x0e\x00\x0f\x00\x03\x00\x07\x05"
  "\x00\x00\x04\x00\x03\x00\x07\x05\x01\x00\x04\x00\x03\x00\x07\x05\x02\x00\x04\x00"
  "\x03\x00\x07\x05\x03\x00\x04\x00\x03\x00\x07\x05\x04\x00\x04\x00\x03\x00\x07\x05"
  "\x05\x00\x04\x00\x03\x00\x07\x05\x06\x00\x04\x00\x03\x00\x07\x05\x07\x00\x04\x00"
  "\x03\x00\x07\x05\x08\x00\x04\x00\x03\x00\x07\x05\x09\x00\x04\x00\x03\x00\x07\x05"
  "\x0a\x00\x04\x00\x03\x00\x07\x05\x0b\x00\x04\x00\x03\x00\x07\x05\x0c\x00\x04\x00"
  "\x03\x00\x07\x05\x0d\x00\x04\x00\x03\x00\x07\x05\x0e\x00\x04\x00\x03\x00\x07\x06"
  "\x00\x00\x04\x00\x03\x00\x07\x06\x01\x00\x04\x00\x03\x00\x07\x06\x02\x00\x04\x00"
  "\x03\x00\x07\x06\x03\x00\x04\x00\x03\x00\x07\x06\x04\x00\x04\x00\x03\x00\x07\x06"
  "\x05\x00\x04\x00\x03\x00\x07\x06\x06\x00\x04\x00\x03\x00\x07\x06\x07\x00\x04\x00"
  "\x03\x00\x07\x06\x08\x00\x04\x00\x03\x00\x07\x06\x09\x00\x04\x00\x03\x00\x07\x06"
  "\x0a\x00\x04\x00\x03\x00\x07\x06\x0b\x00\x04\x00\x03\x00\x07\x06\x0c\x00\x04\x00"
  "\x03\x00\x07\x06\x0d\x00\x04\x00\x03\x00\x07\x06\x0e\x00\x04\x00\x03\x00\x07\x07"
  "\x00\x00\x07\x00\x03\x00\x07\x07\x01\x00\x07\x00\x03\x00\x07\x07\x02\x00\x07\x00"
  "\x03\x00\x07\x07\x03\x00\x07\x00\x03\x00\x07\x07\x04\x00\x07\x00\x03\x00\x07\x07"
  "\x05\x00\x07\x00\x03\x00\x07\x07\x06\x00\x07\x00\x03\x00\x07\x07\x07\x00\x07\x00"
  "\x03\x00\x07\x07\x08\x00\x07\x00\x03\x00\x07\x07\x09\x00\x07\x00\x03\x00\x07\x07"
  "\x0a\x00\x07\x00\x03\x00\x07\x07\x0b\x00\x07\x00\x03\x00\x07\x07\x0c\x00\x07\x00"
  "\x03\x00\x07\x07\x0d\x00\x07\x00\x03\x00\x07\x07\x0e\x00\x07\x00\x03\x00\x07\x08"
  "\x00\x00\x0f\x00\x03\x00\x07\x08\x01\x00\x07\x00\x03\x00\x07\x08\x02\x00\x07\x00"
  "\x03\x00\x07\x08\x03\x00\x07\x00\x03\x00\x07\x08\x04\x00\x04\x00\x03\x00\x07\x08"
  "\x05\x00\x07\x00\x03\x00\x07\x08\x06\x00\x07\x00\x03\x00\x07\x08\x07\x00\x07\x00"
  "\x03\x00\x07\x08\x08\x00\x08\x00\x03\x00\x07\x08\x09\x00\x0f\x00\x03\x00\x07\x08"
  "\x0a\x00\x0f\x00\x03\x00\x07\x08\x0b\x00\x0f\x00\x03\x00\x07\x08\x0c\x00\x0f\x00"
  "\x03\x00\x07\x08\x0d\x00\x0f\x00\x03\x00\x07\x08\x0e\x00\x0f\x00\x03\x00\x07\x09"
  "\x00\x00\x0f\x00\x03\x00\x07\x09\x01\x00\x0f\x00\x03\x00\x07\x09\x02\x00\x0f\x00"
  "\x03\x00\x07\x09\x03\x00\x0f\x00\x03\x00\x07\x09\x04\x00\x0f\x00\x03\x00\x07\x09"
  "\x05\x00\x0f\x00\x03\x00\x07\x09\x06\x00\x0f\x00\x03\x00\x07\x09\x07\x00\x0f\x00"
  "\x03\x00\x07\x09\x08\x00\x0f\x00\x03\x00\x07\x09\x09\x00\x0f\x00\x03\x00\x07\x09"
  "\x0a\x00\x0f\x00\x03\x00\x07\x09\x0b\x00\x0f\x00\x03\x00\x07\x09\x0c\x00\x0f\x00"
  "\x03\x00\x07\x09\x0d\x00\x0f\x00\x03\x00\x07\x09\x0e\x00\x0f\x00\x03\x00\x07\x0a"
  "\x00\x00\x0f\x00\x03\x00\x07\x0a\x01\x00\x0f\x00\x03\x00\x07\x0a\x02\x00\x0f\x00"
  "\x03\x00\x07\x0a\x03\x00\x0f\x00\x03\x00\x07\x0a\x04\x00\x0f\x00\x03\x00\x07\x0a"
  "\x05\x00\x0f\x00\x03\x00\x07\x0a\x06\x00\x0f\x00\x03\x00\x07\x0a\x07\x00\x0f\x00"
  "\x03\x00\x07\x0a\x08\x00\x0f\x00\x03\x00\x07\x0a\x09\x00\x0f\x00\x03\x00\x07\x0a"
  "\x0a\x00\x0f\x00\x03\x00\x07\x0a\x0b\x00\x0f\x00\x03\x00\x07\x0a\x0c\x00\x0f\x00"
  "\x03\x00\x07\x0a\x0d\x00\x0f\x00\x03\x00\x07\x0a\x0e\x00\x0f\x00\x03\x00\x07\x0b"
  "\x00\x00\x0f\x00\x03\x00\x07\x0b\x01\x00\x0f\x00\x03\x00\x07\x0b\x02\x00\x0f\x00"
  "\x03\x00\x07\x0b\x03\x00\x0f\x00\x03\x00\x07\x0b\x04\x00\x0f\x00\x03\x00\x07\x0b"
  "\x05\x00\x0f\x00\x03\x00\x07\x0b\x06\x00\x0f\x00\x03\x00\x07\x0b\x07\x00\x0f\x00"
  "\x03\x00\x07\x0b\x08\x00\x0f\x00\x03\x00\x07\x0b\x09\x00\x0f\x00\x03\x00\x07\x0b"
  "\x0a\x00\x0f\x00\x03\x00\x07\x0b\x0b\x00\x0f\x00\x03\x00\x07\x0b\x0c\x00\x0f\x00"
  "\x03\x00\x07\x0b\x0d\x00\x0f\x00\x03\x00\x07\x0b\x0e\x00\x0f\x00\x03\x00\x07\x0c"
  "\x00\x00\x04\x00\x03\x00\x07\x0c\x01\x00\x04\x00\x03\x00\x07\x0c\x02\x00\x04\x00"
  "\x03\x00\x07\x0c\x03\x00\x04\x00\x03\x00\x07\x0c\x04\x00\x04\x00\x03\x00\x07\x0c"
  "\x05\x00\x04\x00\x03\x00\x07\x0c\x06\x00\x04\x00\x03\x00\x07\x0c\x07\x00\x04\x00"
  "\x03\x00\x07\x0c\x08\x00\x04\x00\x03\x00\x07\x0c\x09\x00\x04\x00\x03\x00\x07\x0c"
  "\x0a\x00\x04\x00\x03\x00\x07\x0c\x0b\x00\x04\x00\x03\x00\x07\x0c\x0c\x00\x04\x00"
  "\x03\x00\x07\x0c\x0d\x00\x04\x00\x03\x00\x07\x0c\x0e\x00\x04\x00\x03\x00\x07\x0d"
  "\x00\x00\x00\x00\x03\x00\x07\x0d\x01\x00\x01\x00\x03\x00\x07\x0d\x02\x00\x02\x00"
  "\x03\x00\x07\x0d\x03\x00\x03\x00\x03\x00\x07\x0d\x04\x00\x04\x00\x03\x00\x07\x0d"
  "\x05\x00\x05\x00\x03\x00\x07\x0d\x06\x00\x06\x00\x03\x00\x07\x0d\x07\x00\x07\x00"
  "\x03\x00\x07\x0d\x08\x00\x08\x00\x03\x00\x07\x0d\x09\x00\x09\x00\x03\x00\x07\x0d"
  "\x0a\x00\x0a\x00\x03\x00\x07\x0d\x0b\x00\x0b\x00\x03\x00\x07\x0d\x0c\x00\x0c\x00"
  "\x03\x00\x07\x0d\x0d\x00\x0d\x00\x03\x00\x07\x0d\x0e\x00\x0e\x00\x03\x00\x07\x0e"
  "\x00\x00\x0f\x00\x03\x00\x07\x0e\x01\x00\x0f\x00\x03\x00\x07\x0e\x02\x00\x0f\x00"
  "\x03\x00\x07\x0e\x03\x00\x0f\x00\x03\x00\x07\x0e\x04\x00\x0f\x00\x03\x00\x07\x0e"
  "\x05\x00\x0f\x00\x03\x00\x07\x0e\x06\x00\x0f\x00\x03\x00\x07\x0e\x07\x00\x0f\x00"
  "\x03\x00\x07\x0e\x08\x00\x0f\x00\x03\x00\x07\x0e\x09\x00\x0f\x00\x03\x00\x07\x0e"
  "\x0a\x00\x0f\x00\x03\x00\x07\x0e\x0b\x00\x0f\x00\x03\x00\x07\x0e\x0c\x00\x0f\x00"
  "\x03\x00\x07\x0e\x0d\x00\x0f\x00\x03\x00\x07\x0e\x0e\x00\x0f\x00\x03\x00\x07\x0f"
  "\x00\x00\x0f\x00\x03\x00\x07\x0f\x01\x00\x07\x00\x03\x00\x07\x0f\x02\x00\x07\x00"
  "\x03\x00\x07\x0f\x03\x00\x07\x00\x03\x00\x07\x0f\x04\x00\x04\x00\x03\x00\x07\x0f"
  "\x05\x00\x07\x00\x03\x00\x07\x0f\x06\x00\x07\x00\x03\x00\x07\x0f\x07\x00\x07\x00"
  "\x03\x00\x07\x0f\x08\x00\x08\x00\x03\x00\x07\x0f\x09\x00\x0f\x00\x03\x00\x07\x0f"
  "\x0a\x00\x0f\x00\x03\x00\x07\x0f\x0b\x00\x0f\x00\x03\x00\x07\x0f\x0c\x00\x0f\x00"
  "\x03\x00\x07\x0f\x0d\x00\x0f\x00\x03\x00\x07\x0f\x0e\x00\x0f\x00\x03\x00\x07\x10"
  "\x00\x00\x0f\x00\x03\x00\x07\x10\x01\x00\x07\x00\x03\x00\x07\x10\x02\x00\x07\x00"
  "\x03\x00\x07\x10\x03\x00\x07\x00\x03\x00\x07\x10\x04\x00\x04\x00\x03\x00\x07\x10"
  "\x05\x00\x07\x00\x03\x00\x07\x10\x06\x00\x07\x00\x03\x00\x07\x10\x07\x00\x07\x00"
  "\x03\x00\x07\x10\x08\x00\x08\x00\x03\x00\x07\x10\x09\x00\x0f\x00\x03\x00\x07\x10"
  "\x0a\x00\x0f\x00\x03\x00\x07\x10\x0b\x00\x0f\x00\x03\x00\x07\x10\x0c\x00\x0f\x00"
  "\x03\x00\x07\x10\x0d\x00\x0f\x00\x03\x00\x07\x10\x0e\x00\x0f\x00\x03\x00\x07\x11"
  "\x00\x00\x0f\x00\x03\x00\x07\x11\x01\x00\x07\x00\x03\x00\x07\x11\x02\x00\x07\x00"
  "\x03\x00\x07\x11\x03\x00\x07\x00\x03\x00\x07\x11\x04\x00\x07\x00\x03\x00\x07\x11"
  "\x05\x00\x07\x00\x03\x00\x07\x11\x06\x00\x07\x00\x03\x00\x07\x11\x07\x00\x07\x00"
  "\x03\x00\x07\x11\x08\x00\x07\x00\x03\x00\x07\x11\x09\x00\x0f\x00\x03\x00\x07\x11"
  "\x0a\x00\x0f\x00\x03\x00\x07\x11\x0b\x00\x0f\x00\x03\x00\x07\x11\x0c\x00\x0f\x00"
  "\x03\x00\x07\x11\x0d\x00\x0f\x00\x03\x00\x07\x11\x0e\x00\x0f\x00\x03\x00\x07\x12"
  "\x00\x00\x0f\x00\x03\x00\x07\x12\x01\x00\x07\x00\x03\x00\x07\x12\x02\x00\x07\x00"
  "\x03\x00\x07\x12\x03\x00\x07\x00\x03\x00\x07\x12\x04\x00\x07\x00\x03\x00\x07\x12"
  "\x05\x00\x07\x00\x03\x00\x07\x12\x06\x00\x07\x00\x03\x00\x07\x12\x07\x00\x07\x00"
  "\x03\x00\x07\x12\x08\x00\x07\x00\x03\x00\x07\x12\x09\x00\x0f\x00\x03\x00\x07\x12"
  "\x0a\x00\x0f\x00\x03\x00\x07\x12\x0b\x00\x0f\x00\x03\x00\x07\x12\x0c\x00\x0f\x00"
  "\x03\x00\x07\x12\x0d\x00\x0f\x00\x03\x00\x07\x12\x0e\x00\x0f\x00\x03\x00\x08\x00"
  "\x00\x00\x0f\x00\x03\x00\x08\x00\x01\x00\x08\x00\x03\x00\x08\x00\x02\x00\x08\x00"
  "\x03\x00\x08\x00\x03\x00\x08\x00\x03\x00\x08\x00\x04\x00\x08\x00\x03\x00\x08\x00"
  "\x05\x00\x08\x00\x03\x00\x08\x00\x06\x00\x08\x00\x03\x00\x08\x00\x07\x00\x08\x00"
  "\x03\x00\x08\x00\x08\x00\x08\x00\x03\x00\x08\x00\x09\x00\x09\x00\x03\x00\x08\x00"
  "\x0a\x00\x09\x00\x03\x00\x08\x00\x0b\x00\x0f\x00\x03\x00\x08\x00\x0c\x00\x0f\x00"
  "\x03\x00\x08\x00\x0d\x00\x0d\x00\x03\x00\x08\x00\x0e\x00\x0e\x00\x03\x00\x08\x01"
  "\x00\x00\x0f\x00\x03\x00\x08\x01\x01\x00\x08\x00\x03\x00\x08\x01\x02\x00\x08\x00"
  "\x03\x00\x08\x01\x03\x00\x08\x00\x03\x00\x08\x01\x04\x00\x08\x00\x03\x00\x08\x01"
  "\x05\x00\x08\x00\x03\x00\x08\x01\x06\x00\x08\x00\x03\x00\x08\x01\x07\x00\x08\x00"
  "\x03\x00\x08\x01\x08\x00\x08\x00\x03\x00\x08\x01\x09\x00\x0f\x00\x03\x00\x08\x01"
  "\x0a\x00\x0f\x00\x03\x00\x08\x01\x0b\x00\x0f\x00\x03\x00\x08\x01\x0c\x00\x0f\x00"
  "\x03\x00\x08\x01\x0d\x00\x0d\x00\x03\x00\x08\x01\x0e\x00\x0e\x00\x03\x00\x08\x02"
  "\x00\x00\x0f\x00\x03\x00\x08\x02\x01\x00\x08\x00\x03\x00\x08\x02\x02\x00\x08\x00"
  "\x03\x00\x08\x02\x03\x00\x08\x00\x03\x00\x08\x02\x04\x00\x08\x00\x03\x00\x08\x02"
  "\x05\x00\x08\x00\x03\x00\x08\x02\x06\x00\x08\x00\x03\x00\x08\x02\x07\x00\x08\x00"
  "\x03\x00\x08\x02\x08\x00\x08\x00\x03\x00\x08\x02\x09\x00\x0f\x00\x03\x00\x08\x02"
  "\x0a\x00\x0f\x00\x03\x00\x08\x02\x0b\x00\x0f\x00\x03\x00\x08\x02\x0c\x00\x0f\x00"
  "\x03\x00\x08\x02\x0d\x00\x0d\x00\x03\x00\x08\x02\x0e\x00\x0e\x00\x03\x00\x08\x03"
  "\x00\x00\x0f\x00\x03\x00\x08\x03\x01\x00\x08\x00\x03\x00\x08\x03\x02\x00\x08\x00"
  "\x03\x00\x08\x03\x03\x00\x08\x00\x03\x00\x08\x03\x04\x00\x08\x00\x03\x00\x08\x03"
  "\x05\x00\x08\x00\x03\x00\x08\x03\x06\x00\x08\x00\x03\x00\x08\x03\x07\x00\x08\x00"
  "\x03\x00\x08\x03\x08\x00\x08\x00\x03\x00\x08\x03\x09\x00\x0f\x00\x03\x00\x08\x03"
  "\x0a\x00\x0f\x00\x03\x00\x08\x03\x0b\x00\x0f\x00\x03\x00\x08\x03\x0c\x00\x0f\x00"
  "\x03\x00\x08\x03\x0d\x00\x0d\x00\x03\x00\x08\x03\x0e\x00\x0e\x00\x03\x00\x08\x04"
  "\x00\x00\x0f\x00\x03\x00\x08\x04\x01\x00\x08\x00\x03\x00\x08\x04\x02\x00\x08\x00"
  "\x03\x00\x08\x04\x03\x00\x08\x00\x03\x00\x08\x04\x04\x00\x08\x00\x03\x00\x08\x04"
  "\x05\x00\x08\x00\x03\x00\x08\x04\x06\x00\x08\x00\x03\x00\x08\x04\x07\x00\x08\x00"
  "\x03\x00\x08\x04\x08\x00\x08\x00\x03\x00\x08\x04\x09\x00\x0f\x00\x03\x00\x08\x04"
  "\x0a\x00\x0f\x00\x03\x00\x08\x04\x0b\x00\x0f\x00\x03\x00\x08\x04\x0c\x00\x0f\x00"
  "\x03\x00\x08\x04\x0d\x00\x0f\x00\x03\x00\x08\x04\x0e\x00\x0f\x00\x03\x00\x08\x05"
  "\x00\x00\x04\x00\x03\x00\x08\x05\x01\x00\x04\x00\x03\x00\x08\x05\x02\x00\x04\x00"
  "\x03\x00\x08\x05\x03\x00\x04\x00\x03\x00\x08\x05\x04\x00\x04\x00\x03\x00\x08\x05"
  "\x05\x00\x04\x00\x03\x00\x08\x05\x06\x00\x04\x00\x03\x00\x08\x05\x07\x00\x04\x00"
  "\x03\x00\x08\x05\x08\x00\x04\x00\x03\x00\x08\x05\x09\x00\x04\x00\x03\x00\x08\x05"
  "\x0a\x00\x04\x00\x03\x00\x08\x05\x0b\x00\x04\x00\x03\x00\x08\x05\x0c\x00\x04\x00"
  "\x03\x00\x08\x05\x0d\x00\x04\x00\x03\x00\x08\x05\x0e\x00\x04\x00\x03\x00\x08\x06"
  "\x00\x00\x04\x00\x03\x00\x08\x06\x01\x00\x04\x00\x03\x00\x08\x06\x02\x00\x04\x00"
  "\x03\x00\x08\x06\x03\x00\x04\x00\x03\x00\x08\x06\x04\x00\x04\x00\x03\x00\x08\x06"
  "\x05\x00\x04\x00\x03\x00\x08\x06\x06\x00\x04\x00\x03\x00\x08\x06\x07\x00\x04\x00"
  "\x03\x00\x08\x06\x08\x00\x04\x00\x03\x00\x08\x06\x09\x00\x04\x00\x03\x00\x08\x06"
  "\x0a\x00\x04\x00\x03\x00\x08\x06\x0b\x00\x04\x00\x03\x00\x08\x06\x0c\x00\x04\x00"
  "\x03\x00\x08\x06\x0d\x00\x04\x00\x03\x00\x08\x06\x0e\x00\x04\x00\x03\x00\x08\x07"
  "\x00\x00\x08\x00\x03\x00\x08\x07\x01\x00\x08\x00\x03\x00\x08\x07\x02\x00\x08\x00"
  "\x03\x00\x08\x07\x03\x00\x08\x00\x03\x00\x08\x07\x04\x00\x08\x00\x03\x00\x08\x07"
  "\x05\x00\x08\x00\x03\x00\x08\x07\x06\x00\x08\x00\x03\x00\x08\x07\x07\x00\x08\x00"
  "\x03\x00\x08\x07\x08\x00\x08\x00\x03\x00\x08\x07\x09\x00\x08\x00\x03\x00\x08\x07"
  "\x0a\x00\x08\x00\x03\x00\x08\x07\x0b\x00\x08\x00\x03\x00\x08\x07\x0c\x00\x08\x00"
  "\x03\x00\x08\x07\x0d\x00\x08\x00\x03\x00\x08\x07\x0e\x00\x08\x00\x03\x00\x08\x08"
  "\x00\x00\x0f\x00\x03\x00\x08\x08\x01\x00\x08\x00\x03\x00\x08\x08\x02\x00\x08\x00"
  "\x03\x00\x08\x08\x03\x00\x08\x00\x03\x00\x08\x08\x04\x00\x08\x00\x03\x00\x08\x08"
  "\x05\x00\x08\x00\x03\x00\x08\x08\x06\x00\x08\x00\x03\x00\x08\x08\x07\x00\x08\x00"
  "\x03\x00\x08\x08\x08\x00\x08\x00\x03\x00\x08\x08\x09\x00\x0f\x00\x03\x00\x08\x08"
  "\x0a\x00\x0f\x00\x03\x00\x08\x08\x0b\x00\x0f\x00\x03\x00\x08\x08\x0c\x00\x0f\x00"
  "\x03\x00\x08\x08\x0d\x00\x0f\x00\x03\x00\x08\x08\x0e\x00\x0f\x00\x03\x00\x08\x09"
  "\x00\x00\x0f\x00\x03\x00\x08\x09\x01\x00\x0f\x00\x03\x00\x08\x09\x02\x00\x0f\x00"
  "\x03\x00\x08\x09\x03\x00\x0f\x00\x03\x00\x08\x09\x04\x00\x0f\x00\x03\x00\x08\x09"
  "\x05\x00\x0f\x00\x03\x00\x08\x09\x06\x00\x0f\x00\x03\x00\x08\x09\x07\x00\x0f\x00"
  "\x03\x00\x08\x09\x08\x00\x0f\x00\x03\x00\x08\x09\x09\x00\x0f\x00\x03\x00\x08\x09"
  "\x0a\x00\x0f\x00\x03\x00\x08\x09\x0b\x00\x0f\x00\x03\x00\x08\x09\x0c\x00\x0f\x00"
  "\x03\x00\x08\x09\x0d\x00\x0f\x00\x03\x00\x08\x09\x0e\x00\x0f\x00\x03\x00\x08\x0a"
  "\x00\x00\x0f\x00\x03\x00\x08\x0a\x01\x00\x0f\x00\x03\x00\x08\x0a\x02\x00\x0f\x00"
  "\x03\x00\x08\x0a\x03\x00\x0f\x00\x03\x00\x08\x0a\x04\x00\x0f\x00\x03\x00\x08\x0a"
  "\x05\x00\x0f\x00\x03\x00\x08\x0a\x06\x00\x0f\x00\x03\x00\x08\x0a\x07\x00\x0f\x00"
  "\x03\x00\x08\x0a\x08\x00\x0f\x00\x03\x00\x08\x0a\x09\x00\x0f\x00\x03\x00\x08\x0a"
  "\x0a\x00\x0f\x00\x03\x00\x08\x0a\x0b\x00\x0f\x00\x03\x00\x08\x0a\x0c\x00\x0f\x00"
  "\x03\x00\x08\x0a\x0d\x00\x0f\x00\x03\x00\x08\x0a\x0e\x00\x0f\x00\x03\x00\x08\x0b"
  "\x00\x00\x0f\x00\x03\x00\x08\x0b\x01\x00\x0f\x00\x03\x00\x08\x0b\x02\x00\x0f\x00"
  "\x03\x00\x08\x0b\x03\x00\x0f\x00\x03\x00\x08\x0b\x04\x00\x0f\x00\x03\x00\x08\x0b"
  "\x05\x00\x0f\x00\x03\x00\x08\x0b\x06\x00\x0f\x00\x03\x00\x08\x0b\x07\x00\x0f\x00"
  "\x03\x00\x08\x0b\x08\x00\x0f\x00\x03\x00\x08\x0b\x09\x00\x0f\x00\x03\x00\x08\x0b"
  "\x0a\x00\x0f\x00\x03\x00\x08\x0b\x0b\x00\x0f\x00\x03\x00\x08\x0b\x0c\x00\x0f\x00"
  "\x03\x00\x08\x0b\x0d\x00\x0f\x00\x03\x00\x08\x0b\x0e\x00\x0f\x00\x03\x00\x08\x0c"
  "\x00\x00\x04\x00\x03\x00\x08\x0c\x01\x00\x04\x00\x03\x00\x08\x0c\x02\x00\x04\x00"
  "\x03\x00\x08\x0c\x03\x00\x04\x00\x03\x00\x08\x0c\x04\x00\x04\x00\x03\x00\x08\x0c"
  "\x05\x00\x04\x00\x03\x00\x08\x0c\x06\x00\x04\x00\x03\x00\x08\x0c\x07\x00\x04\x00"
  "\x03\x00\x08\x0c\x08\x00\x04\x00\x03\x00\x08\x0c\x09\x00\x04\x00\x03\x00\x08\x0c"
  "\x0a\x00\x04\x00\x03\x00\x08\x0c\x0b\x00\x04\x00\x03\x00\x08\x0c\x0c\x00\x04\x00"
  "\x03\x00\x08\x0c\x0d\x00\x04\x00\x03\x00\x08\x0c\x0e\x00\x04\x00\x03\x00\x08\x0d"
  "\x00\x00\x00\x00\x03\x00\x08\x0d\x01\x00\x01\x00\x03\x00\x08\x0d\x02\x00\x02\x00"
  "\x03\x00\x08\x0d\x03\x00\x03\x00\x03\x00\x08\x0d\x04\x00\x04\x00\x03\x00\x08\x0d"
  "\x05\x00\x05\x00\x03\x00\x08\x0d\x06\x00\x06\x00\x03\x00\x08\x0d\x07\x00\x07\x00"
  "\x03\x00\x08\x0d\x08\x00\x08\x00\x03\x00\x08\x0d\x09\x00\x09\x00\x03\x00\x08\x0d"
  "\x0a\x00\x0a\x00\x03\x00\x08\x0d\x0b\x00\x0b\x00\x03\x00\x08\x0d\x0c\x00\x0c\x00"
  "\x03\x00\x08\x0d\x0d\x00\x0d\x00\x03\x00\x08\x0d\x0e\x00\x0e\x00\x03\x00\x08\x0e"
  "\x00\x00\x0f\x00\x03\x00\x08\x0e\x01\x00\x0f\x00\x03\x00\x08\x0e\x02\x00\x0f\x00"
  "\x03\x00\x08\x0e\x03\x00\x0f\x00\x03\x00\x08\x0e\x04\x00\x0f\x00\x03\x00\x08\x0e"
  "\x05\x00\x0f\x00\x03\x00\x08\x0e\x06\x00\x0f\x00\x03\x00\x08\x0e\x07\x00\x0f\x00"
  "\x03\x00\x08\x0e\x08\x00\x0f\x00\x03\x00\x08\x0e\x09\x00\x0f\x00\x03\x00\x08\x0e"
  "\x0a\x00\x0f\x00\x03\x00\x08\x0e\x0b\x00\x0f\x00\x03\x00\x08\x0e\x0c\x00\x0f\x00"
  "\x03\x00\x08\x0e\x0d\x00\x0f\x00\x03\x00\x08\x0e\x0e\x00\x0f\x00\x03\x00\x08\x0f"
  "\x00\x00\x0f\x00\x03\x00\x08\x0f\x01\x00\x08\x00\x03\x00\x08\x0f\x02\x00\x08\x00"
  "\x03\x00\x08\x0f\x03\x00\x08\x00\x03\x00\x08\x0f\x04\x00\x08\x00\x03\x00\x08\x0f"
  "\x05\x00\x08\x00\x03\x00\x08\x0f\x06\x00\x08\x00\x03\x00\x08\x0f\x07\x00\x08\x00"
  "\x03\x00\x08\x0f\x08\x00\x08\x00\x03\x00\x08\x0f\x09\x00\x0f\x00\x03\x00\x08\x0f"
  "\x0a\x00\x0f\x00\x03\x00\x08\x0f\x0b\x00\x0f\x00\x03\x00\x08\x0f\x0c\x00\x0f\x00"
  "\x03\x00\x08\x0f\x0d\x00\x0f\x00\x03\x00\x08\x0f\x0e\x00\x0f\x00\x03\x00\x08\x10"
  "\x00\x00\x0f\x00\x03\x00\x08\x10\x01\x00\x08\x00\x03\x00\x08\x10\x02\x00\x08\x00"
  "\x03\x00\x08\x10\x03\x00\x08\x00\x03\x00\x08\x10\x04\x00\x08\x00\x03\x00\x08\x10"
  "\x05\x00\x08\x00\x03\x00\x08\x10\x06\x00\x08\x00\x03\x00\x08\x10\x07\x00\x08\x00"
  "\x03\x00\x08\x10\x08\x00\x08\x00\x03\x00\x08\x10\x09\x00\x0f\x00\x03\x00\x08\x10"
  "\x0a\x00\x0f\x00\x03\x00\x08\x10\x0b\x00\x0f\x00\x03\x00\x08\x10\x0c\x00\x0f\x00"
  "\x03\x00\x08\x10\x0d\x00\x0f\x00\x03\x00\x08\x10\x0e\x00\x0f\x00\x03\x00\x08\x11"
  "\x00\x00\x0f\x00\x03\x00\x08\x11\x01\x00\x08\x00\x03\x00\x08\x11\x02\x00\x08\x00"
  "\x03\x00\x08\x11\x03\x00\x08\x00\x03\x00\x08\x11\x04\x00\x08\x00\x03\x00\x08\x11"
  "\x05\x00\x08\x00\x03\x00\x08\x11\x06\x00\x08\x00\x03\x00\x08\x11\x07\x00\x08\x00"
  "\x03\x00\x08\x11\x08\x00\x08\x00\x03\x00\x08\x11\x09\x00\x0f\x00\x03\x00\x08\x11"
  "\x0a\x00\x0f\x00\x03\x00\x08\x11\x0b\x00\x0f\x00\x03\x00\x08\x11\x0c\x00\x0f\x00"
  "\x03\x00\x08\x11\x0d\x00\x0f\x00\x03\x00\x08\x11\x0e\x00\x0f\x00\x03\x00\x08\x12"
  "\x00\x00\x0f\x00\x03\x00\x08\x12\x01\x00\x08\x00\x03\x00\x08\x12\x02\x00\x08\x00"
  "\x03\x00\x08\x12\x03\x00\x08\x00\x03\x00\x08\x12\x04\x00\x08\x00\x03\x00\x08\x12"
  "\x05\x00\x08\x00\x03\x00\x08\x12\x06\x00\x08\x00\x03\x00\x08\x12\x07\x00\x08\x00"
  "\x03\x00\x08\x12\x08\x00\x08\x00\x03\x00\x08\x12\x09\x00\x0f\x00\x03\x00\x08\x12"
  "\x0a\x00\x0f\x00\x03\x00\x08\x12\x0b\x00\x0f\x00\x03\x00\x08\x12\x0c\x00\x0f\x00"
  "\x03\x00\x08\x12\x0d\x00\x0f\x00\x03\x00\x08\x12\x0e\x00\x0f\x00\x03\x00\x09\x00"
  "\x00\x00\x0f\x00\x03\x00\x09\x00\x01\x00\x09\x00\x03\x00\x09\x00\x02\x00\x09\x00"
  "\x03\x00\x09\x00\x03\x00\x09\x00\x03\x00\x09\x00\x04\x00\x09\x00\x03\x00\x09\x00"
  "\x05\x00\x09\x00\x03\x00\x09\x00\x06\x00\x09\x00\x03\x00\x09\x00\x07\x00\x09\x00"
  "\x03\x00\x09\x00\x08\x00\x09\x00\x03\x00\x09\x00\x09\x00\x0f\x00\x03\x00\x09\x00"
  "\x0a\x00\x0f\x00\x03\x00\x09\x00\x0b\x00\x0f\x00\x03\x00\x09\x00\x0c\x00\x0f\x00"
  "\x03\x00\x09\x00\x0d\x00\x0f\x00\x03\x00\x09\x00\x0e\x00\x0f\x00\x03\x00\x09\x01"
  "\x00\x00\x0f\x00\x03\x00\x09\x01\x01\x00\x09\x00\x03\x00\x09\x01\x02\x00\x09\x00"
  "\x03\x00\x09\x01\x03\x00\x09\x00\x03\x00\x09\x01\x04\x00\x09\x00\x03\x00\x09\x01"
  "\x05\x00\x09\x00\x03\x00\x09\x01\x06\x00\x09\x00\x03\x00\x09\x01\x07\x00\x09\x00"
  "\x03\x00\x09\x01\x08\x00\x09\x00\x03\x00\x09\x01\x09\x00\x04\x00\x03\x00\x09\x01"
  "\x0a\x00\x0f\x00\x03\x00\x09\x01\x0b\x00\x0f\x00\x03\x00\x09\x01\x0c\x00\x0f\x00"
  "\x03\x00\x09\x01\x0d\x00\x0f\x00\x03\x00\x09\x01\x0e\x00\x0f\x00\x03\x00\x09\x02"
  "\x00\x00\x0f\x00\x03\x00\x09\x02\x01\x00\x0f\x00\x03\x00\x09\x02\x02\x00\x0f\x00"
  "\x03\x00\x09\x02\x03\x00\x0f\x00\x03\x00\x09\x02\x04\x00\x0f\x00\x03\x00\x09\x02"
  "\x05\x00\x0f\x00\x03\x00\x09\x02\x06\x00\x0f\x00\x03\x00\x09\x02\x07\x00\x0f\x00"
  "\x03\x00\x09\x02\x08\x00\x0f\x00\x03\x00\x09\x02\x09\x00\x0f\x00\x03\x00\x09\x02"
  "\x0a\x00\x0f\x00\x03\x00\x09\x02\x0b\x00\x0f\x00\x03\x00\x09\x02\x0c\x00\x0f\x00"
  "\x03\x00\x09\x02\x0d\x00\x0f\x00\x03\x00\x09\x02\x0e\x00\x0f\x00\x03\x00\x09\x03"
  "\x00\x00\x0f\x00\x03\x00\x09\x03\x01\x00\x0f\x00\x03\x00\x09\x03\x02\x00\x0f\x00"
  "\x03\x00\x09\x03\x03\x00\x0f\x00\x03\x00\x09\x03\x04\x00\x0f\x00\x03\x00\x09\x03"
  "\x05\x00\x0f\x00\x03\x00\x09\x03\x06\x00\x0f\x00\x03\x00\x09\x03\x07\x00\x0f\x00"
  "\x03\x00\x09\x03\x08\x00\x0f\x00\x03\x00\x09\x03\x09\x00\x0f\x00\x03\x00\x09\x03"
  "\x0a\x00\x0f\x00\x03\x00\x09\x03\x0b\x00\x0f\x00\x03\x00\x09\x03\x0c\x00\x0f\x00"
  "\x03\x00\x09\x03\x0d\x00\x0f\x00\x03\x00\x09\x03\x0e\x00\x0f\x00\x03\x00\x09\x04"
  "\x00\x00\x0f\x00\x03\x00\x09\x04\x01\x00\x0f\x00\x03\x00\x09\x04\x02\x00\x0f\x00"
  "\x03\x00\x09\x04\x03\x00\x0f\x00\x03\x00\x09\x04\x04\x00\x0f\x00\x03\x00\x09\x04"
  "\x05\x00\x0f\x00\x03\x00\x09\x04\x06\x00\x0f\x00\x03\x00\x09\x04\x07\x00\x0f\x00"
  "\x03\x00\x09\x04\x08\x00\x0f\x00\x03\x00\x09\x04\x09\x00\x0f\x00\x03\x00\x09\x04"
  "\x0a\x00\x0f\x00\x03\x00\x09\x04\x0b\x00\x0f\x00\x03\x00\x09\x04\x0c\x00\x0f\x00"
  "\x03\x00\x09\x04\x0d\x00\x0f\x00\x03\x00\x09\x04\x0e\x00\x0f\x00\x03\x00\x09\x05"
  "\x00\x00\x04\x00\x03\x00\x09\x05\x01\x00\x04\x00\x03\x00\x09\x05\x02\x00\x04\x00"
  "\x03\x00\x09\x05\x03\x00\x04\x00\x03\x00\x09\x05\x04\x00\x04\x00\x03\x00\x09\x05"
  "\x05\x00\x04\x00\x03\x00\x09\x05\x06\x00\x04\x00\x03\x00\x09\x05\x07\x00\x04\x00"
  "\x03\x00\x09\x05\x08\x00\x04\x00\x03\x00\x09\x05\x09\x00\x04\x00\x03\x00\x09\x05"
  "\x0a\x00\x04\x00\x03\x00\x09\x05\x0b\x00\x04\x00\x03\x00\x09\x05\x0c\x00\x04\x00"
  "\x03\x00\x09\x05\x0d\x00\x0f\x00\x03\x00\x09\x05\x0e\x00\x0f\x00\x03\x00\x09\x06"
  "\x00\x00\x04\x00\x03\x00\x09\x06\x01\x00\x04\x00\x03\x00\x09\x06\x02\x00\x04\x00"
  "\x03\x00\x09\x06\x03\x00\x04\x00\x03\x00\x09\x06\x04\x00\x04\x00\x03\x00\x09\x06"
  "\x05\x00\x04\x00\x03\x00\x09\x06\x06\x00\x04\x00\x03\x00\x09\x06\x07\x00\x04\x00"
  "\x03\x00\x09\x06\x08\x00\x04\x00\x03\x00\x09\x06\x09\x00\x04\x00\x03\x00\x09\x06"
  "\x0a\x00\x04\x00\x03\x00\x09\x06\x0b\x00\x04\x00\x03\x00\x09\x06\x0c\x00\x04\x00"
  "\x03\x00\x09\x06\x0d\x00\x0f\x00\x03\x00\x09\x06\x0e\x00\x0f\x00\x03\x00\x09\x07"
  "\x00\x00\x09\x00\x03\x00\x09\x07\x01\x00\x09\x00\x03\x00\x09\x07\x02\x00\x09\x00"
  "\x03\x00\x09\x07\x03\x00\x09\x00\x03\x00\x09\x07\x04\x00\x09\x00\x03\x00\x09\x07"
  "\x05\x00\x09\x00\x03\x00\x09\x07\x06\x00\x09\x00\x03\x00\x09\x07\x07\x00\x09\x00"
  "\x03\x00\x09\x07\x08\x00\x09\x00\x03\x00\x09\x07\x09\x00\x09\x00\x03\x00\x09\x07"
  "\x0a\x00\x09\x00\x03\x00\x09\x07\x0b\x00\x09\x00\x03\x00\x09\x07\x0c\x00\x09\x00"
  "\x03\x00\x09\x07\x0d\x00\x09\x00\x03\x00\x09\x07\x0e\x00\x09\x00\x03\x00\x09\x08"
  "\x00\x00\x0f\x00\x03\x00\x09\x08\x01\x00\x0f\x00\x03\x00\x09\x08\x02\x00\x0f\x00"
  "\x03\x00\x09\x08\x03\x00\x0f\x00\x03\x00\x09\x08\x04\x00\x0f\x00\x03\x00\x09\x08"
  "\x05\x00\x0f\x00\x03\x00\x09\x08\x06\x00\x0f\x00\x03\x00\x09\x08\x07\x00\x0f\x00"
  "\x03\x00\x09\x08\x08\x00\x0f\x00\x03\x00\x09\x08\x09\x00\x0f\x00\x03\x00\x09\x08"
  "\x0a\x00\x0f\x00\x03\x00\x09\x08\x0b\x00\x0f\x00\x03\x00\x09\x08\x0c\x00\x0f\x00"
  "\x03\x00\x09\x08\x0d\x00\x0f\x00\x03\x00\x09\x08\x0e\x00\x0f\x00\x03\x00\x09\x09"
  "\x00\x00\x04\x00\x03\x00\x09\x09\x01\x00\x04\x00\x03\x00\x09\x09\x02\x00\x04\x00"
  "\x03\x00\x09\x09\x03\x00\x04\x00\x03\x00\x09\x09\x04\x00\x04\x00\x03\x00\x09\x09"
  "\x05\x00\x04\x00\x03\x00\x09\x09\x06\x00\x04\x00\x03\x00\x09\x09\x07\x00\x04\x00"
  "\x03\x00\x09\x09\x08\x00\x04\x00\x03\x00\x09\x09\x09\x00\x04\x00\x03\x00\x09\x09"
  "\x0a\x00\x04\x00\x03\x00\x09\x09\x0b\x00\x04\x00\x03\x00\x09\x09\x0c\x00\x04\x00"
  "\x03\x00\x09\x09\x0d\x00\x04\x00\x03\x00\x09\x09\x0e\x00\x04\x00\x03\x00\x09\x0a"
  "\x00\x00\x0f\x00\x03\x00\x09\x0a\x01\x00\x0f\x00\x03\x00\x09\x0a\x02\x00\x0f\x00"
  "\x03\x00\x09\x0a\x03\x00\x0f\x00\x03\x00\x09\x0a\x04\x00\x0f\x00\x03\x00\x09\x0a"
  "\x05\x00\x0f\x00\x03\x00\x09\x0a\x06\x00\x0f\x00\x03\x00\x09\x0a\x07\x00\x0f\x00"
  "\x03\x00\x09\x0a\x08\x00\x0f\x00\x03\x00\x09\x0a\x09\x00\x0f\x00\x03\x00\x09\x0a"
  "\x0a\x00\x0f\x00\x03\x00\x09\x0a\x0b\x00\x0f\x00\x03\x00\x09\x0a\x0c\x00\x0f\x00"
  "\x03\x00\x09\x0a\x0d\x00\x0f\x00\x03\x00\x09\x0a\x0e\x00\x0f\x00\x03\x00\x09\x0b"
  "\x00\x00\x0f\x00\x03\x00\x09\x0b\x01\x00\x0f\x00\x03\x00\x09\x0b\x02\x00\x0f\x00"
  "\x03\x00\x09\x0b\x03\x00\x0f\x00\x03\x00\x09\x0b\x04\x00\x0f\x00\x03\x00\x09\x0b"
  "\x05\x00\x0f\x00\x03\x00\x09\x0b\x06\x00\x0f\x00\x03\x00\x09\x0b\x07\x00\x0f\x00"
  "\x03\x00\x09\x0b\x08\x00\x0f\x00\x03\x00\x09\x0b\x09\x00\x0f\x00\x03\x00\x09\x0b"
  "\x0a\x00\x0f\x00\x03\x00\x09\x0b\x0b\x00\x0f\x00\x03\x00\x09\x0b\x0c\x00\x0f\x00"
  "\x03\x00\x09\x0b\x0d\x00\x0f\x00\x03\x00\x09\x0b\x0e\x00\x0f\x00\x03\x00\x09\x0c"
  "\x00\x00\x04\x00\x03\x00\x09\x0c\x01\x00\x04\x00\x03\x00\x09\x0c\x02\x00\x04\x00"
  "\x03\x00\x09\x0c\x03\x00\x04\x00\x03\x00\x09\x0c\x04\x00\x04\x00\x03\x00\x09\x0c"
  "\x05\x00\x04\x00\x03\x00\x09\x0c\x06\x00\x04\x00\x03\x00\x09\x0c\x07\x00\x04\x00"
  "\x03\x00\x09\x0c\x08\x00\x04\x00\x03\x00\x09\x0c\x09\x00\x04\x00\x03\x00\x09\x0c"
  "\x0a\x00\x04\x00\x03\x00\x09\x0c\x0b\x00\x04\x00\x03\x00\x09\x0c\x0c\x00\x04\x00"
  "\x03\x00\x09\x0c\x0d\x00\x04\x00\x03\x00\x09\x0c\x0e\x00\x04\x00\x03\x00\x09\x0d"
  "\x00\x00\x00\x00\x03\x00\x09\x0d\x01\x00\x01\x00\x03\x00\x09\x0d\x02\x00\x02\x00"
  "\x03\x00\x09\x0d\x03\x00\x03\x00\x03\x00\x09\x0d\x04\x00\x04\x00\x03\x00\x09\x0d"
  "\x05\x00\x05\x00\x03\x00\x09\x0d\x06\x00\x06\x00\x03\x00\x09\x0d\x07\x00\x07\x00"
  "\x03\x00\x09\x0d\x08\x00\x08\x00\x03\x00\x09\x0d\x09\x00\x09\x00\x03\x00\x09\x0d"
  "\x0a\x00\x0a\x00\x03\x00\x09\x0d\x0b\x00\x0b\x00\x03\x00\x09\x0d\x0c\x00\x0c\x00"
  "\x03\x00\x09\x0d\x0d\x00\x0d\x00\x03\x00\x09\x0d\x0e\x00\x0e\x00\x03\x00\x09\x0e"
  "\x00\x00\x04\x00\x03\x00\x09\x0e\x01\x00\x04\x00\x03\x00\x09\x0e\x02\x00\x04\x00"
  "\x03\x00\x09\x0e\x03\x00\x04\x00\x03\x00\x09\x0e\x04\x00\x04\x00\x03\x00\x09\x0e"
  "\x05\x00\x04\x00\x03\x00\x09\x0e\x06\x00\x04\x00\x03\x00\x09\x0e\x07\x00\x04\x00"
  "\x03\x00\x09\x0e\x08\x00\x04\x00\x03\x00\x09\x0e\x09\x00\x04\x00\x03\x00\x09\x0e"
  "\x0a\x00\x04\x00\x03\x00\x09\x0e\x0b\x00\x04\x00\x03\x00\x09\x0e\x0c\x00\x04\x00"
  "\x03\x00\x09\x0e\x0d\x00\x04\x00\x03\x00\x09\x0e\x0e\x00\x04\x00\x03\x00\x09\x0f"
  "\x00\x00\x0f\x00\x03\x00\x09\x0f\x01\x00\x0f\x00\x03\x00\x09\x0f\x02\x00\x0f\x00"
  "\x03\x00\x09\x0f\x03\x00\x0f\x00\x03\x00\x09\x0f\x04\x00\x0f\x00\x03\x00\x09\x0f"
  "\x05\x00\x0f\x00\x03\x00\x09\x0f\x06\x00\x0f\x00\x03\x00\x09\x0f\x07\x00\x0f\x00"
  "\x03\x00\x09\x0f\x08\x00\x0f\x00\x03\x00\x09\x0f\x09\x00\x0f\x00\x03\x00\x09\x0f"
  "\x0a\x00\x0f\x00\x03\x00\x09\x0f\x0b\x00\x0f\x00\x03\x00\x09\x0f\x0c\x00\x0f\x00"
  "\x03\x00\x09\x0f\x0d\x00\x0f\x00\x03\x00\x09\x0f\x0e\x00\x0f\x00\x03\x00\x09\x10"
  "\x00\x00\x0f\x00\x03\x00\x09\x10\x01\x00\x0f\x00\x03\x00\x09\x10\x02\x00\x0f\x00"
  "\x03\x00\x09\x10\x03\x00\x0f\x00\x03\x00\x09\x10\x04\x00\x0f\x00\x03\x00\x09\x10"
  "\x05\x00\x0f\x00\x03\x00\x09\x10\x06\x00\x0f\x00\x03\x00\x09\x10\x07\x00\x0f\x00"
  "\x03\x00\x09\x10\x08\x00\x0f\x00\x03\x00\x09\x10\x09\x00\x0f\x00\x03\x00\x09\x10"
  "\x0a\x00\x0f\x00\x03\x00\x09\x10\x0b\x00\x0f\x00\x03\x00\x09\x10\x0c\x00\x0f\x00"
  "\x03\x00\x09\x10\x0d\x00\x0f\x00\x03\x00\x09\x10\x0e\x00\x0f\x00\x03\x00\x09\x11"
  "\x00\x00\x0f\x00\x03\x00\x09\x11\x01\x00\x0f\x00\x03\x00\x09\x11\x02\x00\x0f\x00"
  "\x03\x00\x09\x11\x03\x00\x0f\x00\x03\x00\x09\x11\x04\x00\x0f\x00\x03\x00\x09\x11"
  "\x05\x00\x0f\x00\x03\x00\x09\x11\x06\x00\x0f\x00\x03\x00\x09\x11\x07\x00\x0f\x00"
  "\x03\x00\x09\x11\x08\x00\x0f\x00\x03\x00\x09\x11\x09\x00\x0f\x00\x03\x00\x09\x11"
  "\x0a\x00\x0f\x00\x03\x00\x09\x11\x0b\x00\x0f\x00\x03\x00\x09\x11\x0c\x00\x0f\x00"
  "\x03\x00\x09\x11\x0d\x00\x0f\x00\x03\x00\x09\x11\x0e\x00\x0f\x00\x03\x00\x09\x12"
  "\x00\x00\x0f\x00\x03\x00\x09\x12\x01\x00\x0f\x00\x03\x00\x09\x12\x02\x00\x0f\x00"
  "\x03\x00\x09\x12\x03\x00\x0f\x00\x03\x00\x09\x12\x04\x00\x0f\x00\x03\x00\x09\x12"
  "\x05\x00\x0f\x00\x03\x00\x09\x12\x06\x00\x0f\x00\x03\x00\x09\x12\x07\x00\x0f\x00"
  "\x03\x00\x09\x12\x08\x00\x0f\x00\x03\x00\x09\x12\x09\x00\x0f\x00\x03\x00\x09\x12"
  "\x0a\x00\x0f\x00\x03\x00\x09\x12\x0b\x00\x0f\x00\x03\x00\x09\x12\x0c\x00\x0f\x00"
  "\x03\x00\x09\x12\x0d\x00\x0f\x00\x03\x00\x09\x12\x0e\x00\x0f\x00\x03\x00\x0a\x00"
  "\x00\x00\x0f\x00\x03\x00\x0a\x00\x01\x00\x09\x00\x03\x00\x0a\x00\x02\x00\x09\x00"
  "\x03\x00\x0a\x00\x03\x00\x09\x00\x03\x00\x0a\x00\x04\x00\x09\x00\x03\x00\x0a\x00"
  "\x05\x00\x09\x00\x03\x00\x0a\x00\x06\x00\x09\x00\x03\x00\x0a\x00\x07\x00\x09\x00"
  "\x03\x00\x0a\x00\x08\x00\x09\x00\x03\x00\x0a\x00\x09\x00\x0f\x00\x03\x00\x0a\x00"
  "\x0a\x00\x0f\x00\x03\x00\x0a\x00\x0b\x00\x0f\x00\x03\x00\x0a\x00\x0c\x00\x0f\x00"
  "\x03\x00\x0a\x00\x0d\x00\x0f\x00\x03\x00\x0a\x00\x0e\x00\x0f\x00\x03\x00\x0a\x01"
  "\x00\x00\x0f\x00\x03\x00\x0a\x01\x01\x00\x09\x00\x03\x00\x0a\x01\x02\x00\x09\x00"
  "\x03\x00\x0a\x01\x03\x00\x09\x00\x03\x00\x0a\x01\x04\x00\x09\x00\x03\x00\x0a\x01"
  "\x05\x00\x09\x00\x03\x00\x0a\x01\x06\x00\x09\x00\x03\x00\x0a\x01\x07\x00\x09\x00"
  "\x03\x00\x0a\x01\x08\x00\x09\x00\x03\x00\x0a\x01\x09\x00\x0f\x00\x03\x00\x0a\x01"
  "\x0a\x00\x0f\x00\x03\x00\x0a\x01\x0b\x00\x0f\x00\x03\x00\x0a\x01\x0c\x00\x0f\x00"
  "\x03\x00\x0a\x01\x0d\x00\x0f\x00\x03\x00\x0a\x01\x0e\x00\x0f\x00\x03\x00\x0a\x02"
  "\x00\x00\x0f\x00\x03\x00\x0a\x02\x01\x00\x0f\x00\x03\x00\x0a\x02\x02\x00\x0f\x00"
  "\x03\x00\x0a\x02\x03\x00\x0f\x00\x03\x00\x0a\x02\x04\x00\x0f\x00\x03\x00\x0a\x02"
  "\x05\x00\x0f\x00\x03\x00\x0a\x02\x06\x00\x0f\x00\x03\x00\x0a\x02\x07\x00\x0f\x00"
  "\x03\x00\x0a\x02\x08\x00\x0f\x00\x03\x00\x0a\x02\x09\x00\x0f\x00\x03\x00\x0a\x02"
  "\x0a\x00\x0f\x00\x03\x00\x0a\x02\x0b\x00\x0f\x00\x03\x00\x0a\x02\x0c\x00\x0f\x00"
  "\x03\x00\x0a\x02\x0d\x00\x0f\x00\x03\x00\x0a\x02\x0e\x00\x0f\x00\x03\x00\x0a\x03"
  "\x00\x00\x0f\x00\x03\x00\x0a\x03\x01\x00\x0f\x00\x03\x00\x0a\x03\x02\x00\x0f\x00"
  "\x03\x00\x0a\x03\x03\x00\x0f\x00\x03\x00\x0a\x03\x04\x00\x0f\x00\x03\x00\x0a\x03"
  "\x05\x00\x0f\x00\x03\x00\x0a\x03\x06\x00\x0f\x00\x03\x00\x0a\x03\x07\x00\x0f\x00"
  "\x03\x00\x0a\x03\x08\x00\x0f\x00\x03\x00\x0a\x03\x09\x00\x0f\x00\x03\x00\x0a\x03"
  "\x0a\x00\x0f\x00\x03\x00\x0a\x03\x0b\x00\x0f\x00\x03\x00\x0a\x03\x0c\x00\x0f\x00"
  "\x03\x00\x0a\x03\x0d\x00\x0f\x00\x03\x00\x0a\x03\x0e\x00\x0f\x00\x03\x00\x0a\x04"
  "\x00\x00\x0f\x00\x03\x00\x0a\x04\x01\x00\x0f\x00\x03\x00\x0a\x04\x02\x00\x0f\x00"
  "\x03\x00\x0a\x04\x03\x00\x0f\x00\x03\x00\x0a\x04\x04\x00\x0f\x00\x03\x00\x0a\x04"
  "\x05\x00\x0f\x00\x03\x00\x0a\x04\x06\x00\x0f\x00\x03\x00\x0a\x04\x07\x00\x0f\x00"
  "\x03\x00\x0a\x04\x08\x00\x0f\x00\x03\x00\x0a\x04\x09\x00\x0f\x00\x03\x00\x0a\x04"
  "\x0a\x00\x0f\x00\x03\x00\x0a\x04\x0b\x00\x0f\x00\x03\x00\x0a\x04\x0c\x00\x0f\x00"
  "\x03\x00\x0a\x04\x0d\x00\x0f\x00\x03\x00\x0a\x04\x0e\x00\x0f\x00\x03\x00\x0a\x05"
  "\x00\x00\x04\x00\x03\x00\x0a\x05\x01\x00\x04\x00\x03\x00\x0a\x05\x02\x00\x04\x00"
  "\x03\x00\x0a\x05\x03\x00\x04\x00\x03\x00\x0a\x05\x04\x00\x04\x00\x03\x00\x0a\x05"
  "\x05\x00\x04\x00\x03\x00\x0a\x05\x06\x00\x04\x00\x03\x00\x0a\x05\x07\x00\x04\x00"
  "\x03\x00\x0a\x05\x08\x00\x04\x00\x03\x00\x0a\x05\x09\x00\x04\x00\x03\x00\x0a\x05"
  "\x0a\x00\x04\x00\x03\x00\x0a\x05\x0b\x00\x04\x00\x03\x00\x0a\x05\x0c\x00\x04\x00"
  "\x03\x00\x0a\x05\x0d\x00\x0f\x00\x03\x00\x0a\x05\x0e\x00\x0f\x00\x03\x00\x0a\x06"
  "\x00\x00\x04\x00\x03\x00\x0a\x06\x01\x00\x04\x00\x03\x00\x0a\x06\x02\x00\x04\x00"
  "\x03\x00\x0a\x06\x03\x00\x04\x00\x03\x00\x0a\x06\x04\x00\x04\x00\x03\x00\x0a\x06"
  "\x05\x00\x04\x00\x03\x00\x0a\x06\x06\x00\x04\x00\x03\x00\x0a\x06\x07\x00\x04\x00"
  "\x03\x00\x0a\x06\x08\x00\x04\x00\x03\x00\x0a\x06\x09\x00\x04\x00\x03\x00\x0a\x06"
  "\x0a\x00\x04\x00\x03\x00\x0a\x06\x0b\x00\x04\x00\x03\x00\x0a\x06\x0c\x00\x04\x00"
  "\x03\x00\x0a\x06\x0d\x00\x0f\x00\x03\x00\x0a\x06\x0e\x00\x0f\x00\x03\x00\x0a\x07"
  "\x00\x00\x0a\x00\x03\x00\x0a\x07\x01\x00\x0a\x00\x03\x00\x0a\x07\x02\x00\x0a\x00"
  "\x03\x00\x0a\x07\x03\x00\x0a\x00\x03\x00\x0a\x07\x04\x00\x0a\x00\x03\x00\x0a\x07"
  "\x05\x00\x0a\x00\x03\x00\x0a\x07\x06\x00\x0a\x00\x03\x00\x0a\x07\x07\x00\x0a\x00"
  "\x03\x00\x0a\x07\x08\x00\x0a\x00\x03\x00\x0a\x07\x09\x00\x0a\x00\x03\x00\x0a\x07"
  "\x0a\x00\x0a\x00\x03\x00\x0a\x07\x0b\x00\x0a\x00\x03\x00\x0a\x07\x0c\x00\x0a\x00"
  "\x03\x00\x0a\x07\x0d\x00\x0a\x00\x03\x00\x0a\x07\x0e\x00\x0a\x00\x03\x00\x0a\x08"
  "\x00\x00\x0f\x00\x03\x00\x0a\x08\x01\x00\x0f\x00\x03\x00\x0a\x08\x02\x00\x0f\x00"
  "\x03\x00\x0a\x08\x03\x00\x0f\x00\x03\x00\x0a\x08\x04\x00\x0f\x00\x03\x00\x0a\x08"
  "\x05\x00\x0f\x00\x03\x00\x0a\x08\x06\x00\x0f\x00\x03\x00\x0a\x08\x07\x00\x0f\x00"
  "\x03\x00\x0a\x08\x08\x00\x0f\x00\x03\x00\x0a\x08\x09\x00\x0f\x00\x03\x00\x0a\x08"
  "\x0a\x00\x0f\x00\x03\x00\x0a\x08\x0b\x00\x0f\x00\x03\x00\x0a\x08\x0c\x00\x0f\x00"
  "\x03\x00\x0a\x08\x0d\x00\x0f\x00\x03\x00\x0a\x08\x0e\x00\x0f\x00\x03\x00\x0a\x09"
  "\x00\x00\x04\x00\x03\x00\x0a\x09\x01\x00\x04\x00\x03\x00\x0a\x09\x02\x00\x04\x00"
  "\x03\x00\x0a\x09\x03\x00\x04\x00\x03\x00\x0a\x09\x04\x00\x04\x00\x03\x00\x0a\x09"
  "\x05\x00\x04\x00\x03\x00\x0a\x09\x06\x00\x04\x00\x03\x00\x0a\x09\x07\x00\x04\x00"
  "\x03\x00\x0a\x09\x08\x00\x04\x00\x03\x00\x0a\x09\x09\x00\x04\x00\x03\x00\x0a\x09"
  "\x0a\x00\x04\x00\x03\x00\x0a\x09\x0b\x00\x04\x00\x03\x00\x0a\x09\x0c\x00\x04\x00"
  "\x03\x00\x0a\x09\x0d\x00\x04\x00\x03\x00\x0a\x09\x0e\x00\x04\x00\x03\x00\x0a\x0a"
  "\x00\x00\x0f\x00\x03\x00\x0a\x0a\x01\x00\x0f\x00\x03\x00\x0a\x0a\x02\x00\x0f\x00"
  "\x03\x00\x0a\x0a\x03\x00\x0f\x00\x03\x00\x0a\x0a\x04\x00\x0f\x00\x03\x00\x0a\x0a"
  "\x05\x00\x0f\x00\x03\x00\x0a\x0a\x06\x00\x0f\x00\x03\x00\x0a\x0a\x07\x00\x0f\x00"
  "\x03\x00\x0a\x0a\x08\x00\x0f\x00\x03\x00\x0a\x0a\x09\x00\x0f\x00\x03\x00\x0a\x0a"
  "\x0a\x00\x0f\x00\x03\x00\x0a\x0a\x0b\x00\x0f\x00\x03\x00\x0a\x0a\x0c\x00\x0f\x00"
  "\x03\x00\x0a\x0a\x0d\x00\x0f\x00\x03\x00\x0a\x0a\x0e\x00\x0f\x00\x03\x00\x0a\x0b"
  "\x00\x00\x0f\x00\x03\x00\x0a\x0b\x01\x00\x0f\x00\x03\x00\x0a\x0b\x02\x00\x0f\x00"
  "\x03\x00\x0a\x0b\x03\x00\x0f\x00\x03\x00\x0a\x0b\x04\x00\x0f\x00\x03\x00\x0a\x0b"
  "\x05\x00\x0f\x00\x03\x00\x0a\x0b\x06\x00\x0f\x00\x03\x00\x0a\x0b\x07\x00\x0f\x00"
  "\x03\x00\x0a\x0b\x08\x00\x0f\x00\x03\x00\x0a\x0b\x09\x00\x0f\x00\x03\x00\x0a\x0b"
  "\x0a\x00\x0f\x00\x03\x00\x0a\x0b\x0b\x00\x0f\x00\x03\x00\x0a\x0b\x0c\x00\x0f\x00"
  "\x03\x00\x0a\x0b\x0d\x00\x0f\x00\x03\x00\x0a\x0b\x0e\x00\x0f\x00\x03\x00\x0a\x0c"
  "\x00\x00\x04\x00\x03\x00\x0a\x0c\x01\x00\x04\x00\x03\x00\x0a\x0c\x02\x00\x04\x00"
  "\x03\x00\x0a\x0c\x03\x00\x04\x00\x03\x00\x0a\x0c\x04\x00\x04\x00\x03\x00\x0a\x0c"
  "\x05\x00\x04\x00\x03\x00\x0a\x0c\x06\x00\x04\x00\x03\x00\x0a\x0c\x07\x00\x04\x00"
  "\x03\x00\x0a\x0c\x08\x00\x04\x00\x03\x00\x0a\x0c\x09\x00\x04\x00\x03\x00\x0a\x0c"
  "\x0a\x00\x04\x00\x03\x00\x0a\x0c\x0b\x00\x04\x00\x03\x00\x0a\x0c\x0c\x00\x04\x00"
  "\x03\x00\x0a\x0c\x0d\x00\x04\x00\x03\x00\x0a\x0c\x0e\x00\x04\x00\x03\x00\x0a\x0d"
  "\x00\x00\x00\x00\x03\x00\x0a\x0d\x01\x00\x01\x00\x03\x00\x0a\x0d\x02\x00\x02\x00"
  "\x03\x00\x0a\x0d\x03\x00\x03\x00\x03\x00\x0a\x0d\x04\x00\x04\x00\x03\x00\x0a\x0d"
  "\x05\x00\x05\x00\x03\x00\x0a\x0d\x06\x00\x06\x00\x03\x00\x0a\x0d\x07\x00\x07\x00"
  "\x03\x00\x0a\x0d\x08\x00\x08\x00\x03\x00\x0a\x0d\x09\x00\x09\x00\x03\x00\x0a\x0d"
  "\x0a\x00\x0a\x00\x03\x00\x0a\x0d\x0b\x00\x0b\x00\x03\x00\x0a\x0d\x0c\x00\x0c\x00"
  "\x03\x00\x0a\x0d\x0d\x00\x0d\x00\x03\x00\x0a\x0d\x0e\x00\x0e\x00\x03\x00\x0a\x0e"
  "\x00\x00\x0f\x00\x03\x00\x0a\x0e\x01\x00\x0f\x00\x03\x00\x0a\x0e\x02\x00\x0f\x00"
  "\x03\x00\x0a\x0e\x03\x00\x0f\x00\x03\x00\x0a\x0e\x04\x00\x0f\x00\x03\x00\x0a\x0e"
  "\x05\x00\x0f\x00\x03\x00\x0a\x0e\x06\x00\x0f\x00\x03\x00\x0a\x0e\x07\x00\x0f\x00"
  "\x03\x00\x0a\x0e\x08\x00\x0f\x00\x03\x00\x0a\x0e\x09\x00\x0f\x00\x03\x00\x0a\x0e"
  "\x0a\x00\x0f\x00\x03\x00\x0a\x0e\x0b\x00\x0f\x00\x03\x00\x0a\x0e\x0c\x00\x0f\x00"
  "\x03\x00\x0a\x0e\x0d\x00\x0f\x00\x03\x00\x0a\x0e\x0e\x00\x0f\x00\x03\x00\x0a\x0f"
  "\x00\x00\x0f\x00\x03\x00\x0a\x0f\x01\x00\x0f\x00\x03\x00\x0a\x0f\x02\x00\x0f\x00"
  "\x03\x00\x0a\x0f\x03\x00\x0f\x00\x03\x00\x0a\x0f\x04\x00\x0f\x00\x03\x00\x0a\x0f"
  "\x05\x00\x0f\x00\x03\x00\x0a\x0f\x06\x00\x0f\x00\x03\x00\x0a\x0f\x07\x00\x0f\x00"
  "\x03\x00\x0a\x0f\x08\x00\x0f\x00\x03\x00\x0a\x0f\x09\x00\x0f\x00\x03\x00\x0a\x0f"
  "\x0a\x00\x0f\x00\x03\x00\x0a\x0f\x0b\x00\x0f\x00\x03\x00\x0a\x0f\x0c\x00\x0f\x00"
  "\x03\x00\x0a\x0f\x0d\x00\x0f\x00\x03\x00\x0a\x0f\x0e\x00\x0f\x00\x03\x00\x0a\x10"
  "\x00\x00\x0f\x00\x03\x00\x0a\x10\x01\x00\x0f\x00\x03\x00\x0a\x10\x02\x00\x0f\x00"
  "\x03\x00\x0a\x10\x03\x00\x0f\x00\x03\x00\x0a\x10\x04\x00\x0f\x00\x03\x00\x0a\x10"
  "\x05\x00\x0f\x00\x03\x00\x0a\x10\x06\x00\x0f\x00\x03\x00\x0a\x10\x07\x00\x0f\x00"
  "\x03\x00\x0a\x10\x08\x00\x0f\x00\x03\x00\x0a\x10\x09\x00\x0f\x00\x03\x00\x0a\x10"
  "\x0a\x00\x0f\x00\x03\x00\x0a\x10\x0b\x00\x0f\x00\x03\x00\x0a\x10\x0c\x00\x0f\x00"
  "\x03\x00\x0a\x10\x0d\x00\x0f\x00\x03\x00\x0a\x10\x0e\x00\x0f\x00\x03\x00\x0a\x11"
  "\x00\x00\x0f\x00\x03\x00\x0a\x11\x01\x00\x0f\x00\x03\x00\x0a\x11\x02\x00\x0f\x00"
  "\x03\x00\x0a\x11\x03\x00\x0f\x00\x03\x00\x0a\x11\x04\x00\x0f\x00\x03\x00\x0a\x11"
  "\x05\x00\x0f\x00\x03\x00\x0a\x11\x06\x00\x0f\x00\x03\x00\x0a\x11\x07\x00\x0f\x00"
  "\x03\x00\x0a\x11\x08\x00\x0f\x00\x03\x00\x0a\x11\x09\x00\x0f\x00\x03\x00\x0a\x11"
  "\x0a\x00\x0f\x00\x03\x00\x0a\x11\x0b\x00\x0f\x00\x03\x00\x0a\x11\x0c\x00\x0f\x00"
  "\x03\x00\x0a\x11\x0d\x00\x0f\x00\x03\x00\x0a\x11\x0e\x00\x0f\x00\x03\x00\x0a\x12"
  "\x00\x00\x0f\x00\x03\x00\x0a\x12\x01\x00\x0f\x00\x03\x00\x0a\x12\x02\x00\x0f\x00"
  "\x03\x00\x0a\x12\x03\x00\x0f\x00\x03\x00\x0a\x12\x04\x00\x0f\x00\x03\x00\x0a\x12"
  "\x05\x00\x0f\x00\x03\x00\x0a\x12\x06\x00\x0f\x00\x03\x00\x0a\x12\x07\x00\x0f\x00"
  "\x03\x00\x0a\x12\x08\x00\x0f\x00\x03\x00\x0a\x12\x09\x00\x0f\x00\x03\x00\x0a\x12"
  "\x0a\x00\x0f\x00\x03\x00\x0a\x12\x0b\x00\x0f\x00\x03\x00\x0a\x12\x0c\x00\x0f\x00"
  "\x03\x00\x0a\x12\x0d\x00\x0f\x00\x03\x00\x0a\x12\x0e\x00\x0f\x00\x03\x00\x0b\x00"
  "\x00\x00\x0f\x00\x03\x00\x0b\x00\x01\x00\x0f\x00\x03\x00\x0b\x00\x02\x00\x0f\x00"
  "\x03\x00\x0b\x00\x03\x00\x0f\x00\x03\x00\x0b\x00\x04\x00\x0f\x00\x03\x00\x0b\x00"
  "\x05\x00\x0f\x00\x03\x00\x0b\x00\x06\x00\x0f\x00\x03\x00\x0b\x00\x07\x00\x0f\x00"
  "\x03\x00\x0b\x00\x08\x00\x0f\x00\x03\x00\x0b\x00\x09\x00\x0f\x00\x03\x00\x0b\x00"
  "\x0a\x00\x0f\x00\x03\x00\x0b\x00\x0b\x00\x0f\x00\x03\x00\x0b\x00\x0c\x00\x0f\x00"
  "\x03\x00\x0b\x00\x0d\x00\x0f\x00\x03\x00\x0b\x00\x0e\x00\x0f\x00\x03\x00\x0b\x01"
  "\x00\x00\x0f\x00\x03\x00\x0b\x01\x01\x00\x0f\x00\x03\x00\x0b\x01\x02\x00\x0f\x00"
  "\x03\x00\x0b\x01\x03\x00\x0f\x00\x03\x00\x0b\x01\x04\x00\x0f\x00\x03\x00\x0b\x01"
  "\x05\x00\x0f\x00\x03\x00\x0b\x01\x06\x00\x0f\x00\x03\x00\x0b\x01\x07\x00\x0f\x00"
  "\x03\x00\x0b\x01\x08\x00\x0f\x00\x03\x00\x0b\x01\x09\x00\x0f\x00\x03\x00\x0b\x01"
  "\x0a\x00\x0f\x00\x03\x00\x0b\x01\x0b\x00\x0f\x00\x03\x00\x0b\x01\x0c\x00\x0f\x00"
  "\x03\x00\x0b\x01\x0d\x00\x0f\x00\x03\x00\x0b\x01\x0e\x00\x0f\x00\x03\x00\x0b\x02"
  "\x00\x00\x0f\x00\x03\x00\x0b\x02\x01\x00\x0f\x00\x03\x00\x0b\x02\x02\x00\x0f\x00"
  "\x03\x00\x0b\x02\x03\x00\x0f\x00\x03\x00\x0b\x02\x04\x00\x0f\x00\x03\x00\x0b\x02"
  "\x05\x00\x0f\x00\x03\x00\x0b\x02\x06\x00\x0f\x00\x03\x00\x0b\x02\x07\x00\x0f\x00"
  "\x03\x00\x0b\x02\x08\x00\x0f\x00\x03\x00\x0b\x02\x09\x00\x0f\x00\x03\x00\x0b\x02"
  "\x0a\x00\x0f\x00\x03\x00\x0b\x02\x0b\x00\x0f\x00\x03\x00\x0b\x02\x0c\x00\x0f\x00"
  "\x03\x00\x0b\x02\x0d\x00\x0f\x00\x03\x00\x0b\x02\x0e\x00\x0f\x00\x03\x00\x0b\x03"
  "\x00\x00\x0f\x00\x03\x00\x0b\x03\x01\x00\x0f\x00\x03\x00\x0b\x03\x02\x00\x0f\x00"
  "\x03\x00\x0b\x03\x03\x00\x0f\x00\x03\x00\x0b\x03\x04\x00\x0f\x00\x03\x00\x0b\x03"
  "\x05\x00\x0f\x00\x03\x00\x0b\x03\x06\x00\x0f\x00\x03\x00\x0b\x03\x07\x00\x0f\x00"
  "\x03\x00\x0b\x03\x08\x00\x0f\x00\x03\x00\x0b\x03\x09\x00\x0f\x00\x03\x00\x0b\x03"
  "\x0a\x00\x0f\x00\x03\x00\x0b\x03\x0b\x00\x0f\x00\x03\x00\x0b\x03\x0c\x00\x0f\x00"
  "\x03\x00\x0b\x03\x0d\x00\x0f\x00\x03\x00\x0b\x03\x0e\x00\x0f\x00\x03\x00\x0b\x04"
  "\x00\x00\x0f\x00\x03\x00\x0b\x04\x01\x00\x0f\x00\x03\x00\x0b\x04\x02\x00\x0f\x00"
  "\x03\x00\x0b\x04\x03\x00\x0f\x00\x03\x00\x0b\x04\x04\x00\x0f\x00\x03\x00\x0b\x04"
  "\x05\x00\x0f\x00\x03\x00\x0b\x04\x06\x00\x0f\x00\x03\x00\x0b\x04\x07\x00\x0f\x00"
  "\x03\x00\x0b\x04\x08\x00\x0f\x00\x03\x00\x0b\x04\x09\x00\x0f\x00\x03\x00\x0b\x04"
  "\x0a\x00\x0f\x00\x03\x00\x0b\x04\x0b\x00\x0f\x00\x03\x00\x0b\x04\x0c\x00\x0f\x00"
  "\x03\x00\x0b\x04\x0d\x00\x0f\x00\x03\x00\x0b\x04\x0e\x00\x0f\x00\x03\x00\x0b\x05"
  "\x00\x00\x04\x00\x03\x00\x0b\x05\x01\x00\x04\x00\x03\x00\x0b\x05\x02\x00\x04\x00"
  "\x03\x00\x0b\x05\x03\x00\x04\x00\x03\x00\x0b\x05\x04\x00\x04\x00\x03\x00\x0b\x05"
  "\x05\x00\x04\x00\x03\x00\x0b\x05\x06\x00\x04\x00\x03\x00\x0b\x05\x07\x00\x04\x00"
  "\x03\x00\x0b\x05\x08\x00\x04\x00\x03\x00\x0b\x05\x09\x00\x04\x00\x03\x00\x0b\x05"
  "\x0a\x00\x04\x00\x03\x00\x0b\x05\x0b\x00\x04\x00\x03\x00\x0b\x05\x0c\x00\x04\x00"
  "\x03\x00\x0b\x05\x0d\x00\x0f\x00\x03\x00\x0b\x05\x0e\x00\x0f\x00\x03\x00\x0b\x06"
  "\x00\x00\x04\x00\x03\x00\x0b\x06\x01\x00\x04\x00\x03\x00\x0b\x06\x02\x00\x04\x00"
  "\x03\x00\x0b\x06\x03\x00\x04\x00\x03\x00\x0b\x06\x04\x00\x04\x00\x03\x00\x0b\x06"
  "\x05\x00\x04\x00\x03\x00\x0b\x06\x06\x00\x04\x00\x03\x00\x0b\x06\x07\x00\x04\x00"
  "\x03\x00\x0b\x06\x08\x00\x04\x00\x03\x00\x0b\x06\x09\x00\x04\x00\x03\x00\x0b\x06"
  "\x0a\x00\x04\x00\x03\x00\x0b\x06\x0b\x00\x04\x00\x03\x00\x0b\x06\x0c\x00\x04\x00"
  "\x03\x00\x0b\x06\x0d\x00\x0f\x00\x03\x00\x0b\x06\x0e\x00\x0f\x00\x03\x00\x0b\x07"
  "\x00\x00\x0b\x00\x03\x00\x0b\x07\x01\x00\x0b\x00\x03\x00\x0b\x07\x02\x00\x0b\x00"
  "\x03\x00\x0b\x07\x03\x00\x0b\x00\x03\x00\x0b\x07\x04\x00\x0b\x00\x03\x00\x0b\x07"
  "\x05\x00\x0b\x00\x03\x00\x0b\x07\x06\x00\x0b\x00\x03\x00\x0b\x07\x07\x00\x0b\x00"
  "\x03\x00\x0b\x07\x08\x00\x0b\x00\x03\x00\x0b\x07\x09\x00\x0b\x00\x03\x00\x0b\x07"
  "\x0a\x00\x0b\x00\x03\x00\x0b\x07\x0b\x00\x0b\x00\x03\x00\x0b\x07\x0c\x00\x0b\x00"
  "\x03\x00\x0b\x07\x0d\x00\x0b\x00\x03\x00\x0b\x07\x0e\x00\x0b\x00\x03\x00\x0b\x08"
  "\x00\x00\x0f\x00\x03\x00\x0b\x08\x01\x00\x0f\x00\x03\x00\x0b\x08\x02\x00\x0f\x00"
  "\x03\x00\x0b\x08\x03\x00\x0f\x00\x03\x00\x0b\x08\x04\x00\x0f\x00\x03\x00\x0b\x08"
  "\x05\x00\x0f\x00\x03\x00\x0b\x08\x06\x00\x0f\x00\x03\x00\x0b\x08\x07\x00\x0f\x00"
  "\x03\x00\x0b\x08\x08\x00\x0f\x00\x03\x00\x0b\x08\x09\x00\x0f\x00\x03\x00\x0b\x08"
  "\x0a\x00\x0f\x00\x03\x00\x0b\x08\x0b\x00\x0f\x00\x03\x00\x0b\x08\x0c\x00\x0f\x00"
  "\x03\x00\x0b\x08\x0d\x00\x0f\x00\x03\x00\x0b\x08\x0e\x00\x0f\x00\x03\x00\x0b\x09"
  "\x00\x00\x0f\x00\x03\x00\x0b\x09\x01\x00\x0f\x00\x03\x00\x0b\x09\x02\x00\x0f\x00"
  "\x03\x00\x0b\x09\x03\x00\x0f\x00\x03\x00\x0b\x09\x04\x00\x0f\x00\x03\x00\x0b\x09"
  "\x05\x00\x0f\x00\x03\x00\x0b\x09\x06\x00\x0f\x00\x03\x00\x0b\x09\x07\x00\x0f\x00"
  "\x03\x00\x0b\x09\x08\x00\x0f\x00\x03\x00\x0b\x09\x09\x00\x0f\x00\x03\x00\x0b\x09"
  "\x0a\x00\x0f\x00\x03\x00\x0b\x09\x0b\x00\x0f\x00\x03\x00\x0b\x09\x0c\x00\x0f\x00"
  "\x03\x00\x0b\x09\x0d\x00\x0f\x00\x03\x00\x0b\x09\x0e\x00\x0f\x00\x03\x00\x0b\x0a"
  "\x00\x00\x04\x00\x03\x00\x0b\x0a\x01\x00\x04\x00\x03\x00\x0b\x0a\x02\x00\x04\x00"
  "\x03\x00\x0b\x0a\x03\x00\x04\x00\x03\x00\x0b\x0a\x04\x00\x04\x00\x03\x00\x0b\x0a"
  "\x05\x00\x04\x00\x03\x00\x0b\x0a\x06\x00\x04\x00\x03\x00\x0b\x0a\x07\x00\x04\x00"
  "\x03\x00\x0b\x0a\x08\x00\x04\x00\x03\x00\x0b\x0a\x09\x00\x04\x00\x03\x00\x0b\x0a"
  "\x0a\x00\x04\x00\x03\x00\x0b\x0a\x0b\x00\x04\x00\x03\x00\x0b\x0a\x0c\x00\x04\x00"
  "\x03\x00\x0b\x0a\x0d\x00\x04\x00\x03\x00\x0b\x0a\x0e\x00\x04\x00\x03\x00\x0b\x0b"
  "\x00\x00\x0f\x00\x03\x00\x0b\x0b\x01\x00\x0f\x00\x03\x00\x0b\x0b\x02\x00\x0f\x00"
  "\x03\x00\x0b\x0b\x03\x00\x0f\x00\x03\x00\x0b\x0b\x04\x00\x0f\x00\x03\x00\x0b\x0b"
  "\x05\x00\x0f\x00\x03\x00\x0b\x0b\x06\x00\x0f\x00\x03\x00\x0b\x0b\x07\x00\x0f\x00"
  "\x03\x00\x0b\x0b\x08\x00\x0f\x00\x03\x00\x0b\x0b\x09\x00\x0f\x00\x03\x00\x0b\x0b"
  "\x0a\x00\x0f\x00\x03\x00\x0b\x0b\x0b\x00\x0f\x00\x03\x00\x0b\x0b\x0c\x00\x0f\x00"
  "\x03\x00\x0b\x0b\x0d\x00\x0f\x00\x03\x00\x0b\x0b\x0e\x00\x0f\x00\x03\x00\x0b\x0c"
  "\x00\x00\x04\x00\x03\x00\x0b\x0c\x01\x00\x04\x00\x03\x00\x0b\x0c\x02\x00\x04\x00"
  "\x03\x00\x0b\x0c\x03\x00\x04\x00\x03\x00\x0b\x0c\x04\x00\x04\x00\x03\x00\x0b\x0c"
  "\x05\x00\x04\x00\x03\x00\x0b\x0c\x06\x00\x04\x00\x03\x00\x0b\x0c\x07\x00\x04\x00"
  "\x03\x00\x0b\x0c\x08\x00\x04\x00\x03\x00\x0b\x0c\x09\x00\x04\x00\x03\x00\x0b\x0c"
  "\x0a\x00\x04\x00\x03\x00\x0b\x0c\x0b\x00\x04\x00\x03\x00\x0b\x0c\x0c\x00\x04\x00"
  "\x03\x00\x0b\x0c\x0d\x00\x04\x00\x03\x00\x0b\x0c\x0e\x00\x04\x00\x03\x00\x0b\x0d"
  "\x00\x00\x00\x00\x03\x00\x0b\x0d\x01\x00\x01\x00\x03\x00\x0b\x0d\x02\x00\x02\x00"
  "\x03\x00\x0b\x0d\x03\x00\x03\x00\x03\x00\x0b\x0d\x04\x00\x04\x00\x03\x00\x0b\x0d"
  "\x05\x00\x05\x00\x03\x00\x0b\x0d\x06\x00\x06\x00\x03\x00\x0b\x0d\x07\x00\x07\x00"
  "\x03\x00\x0b\x0d\x08\x00\x08\x00\x03\x00\x0b\x0d\x09\x00\x09\x00\x03\x00\x0b\x0d"
  "\x0a\x00\x0a\x00\x03\x00\x0b\x0d\x0b\x00\x0b\x00\x03\x00\x0b\x0d\x0c\x00\x0c\x00"
  "\x03\x00\x0b\x0d\x0d\x00\x0d\x00\x03\x00\x0b\x0d\x0e\x00\x0e\x00\x03\x00\x0b\x0e"
  "\x00\x00\x0f\x00\x03\x00\x0b\x0e\x01\x00\x0f\x00\x03\x00\x0b\x0e\x02\x00\x0f\x00"
  "\x03\x00\x0b\x0e\x03\x00\x0f\x00\x03\x00\x0b\x0e\x04\x00\x0f\x00\x03\x00\x0b\x0e"
  "\x05\x00\x0f\x00\x03\x00\x0b\x0e\x06\x00\x0f\x00\x03\x00\x0b\x0e\x07\x00\x0f\x00"
  "\x03\x00\x0b\x0e\x08\x00\x0f\x00\x03\x00\x0b\x0e\x09\x00\x0f\x00\x03\x00\x0b\x0e"
  "\x0a\x00\x0f\x00\x03\x00\x0b\x0e\x0b\x00\x0f\x00\x03\x00\x0b\x0e\x0c\x00\x0f\x00"
  "\x03\x00\x0b\x0e\x0d\x00\x0f\x00\x03\x00\x0b\x0e\x0e\x00\x0f\x00\x03\x00\x0b\x0f"
  "\x00\x00\x0f\x00\x03\x00\x0b\x0f\x01\x00\x0f\x00\x03\x00\x0b\x0f\x02\x00\x0f\x00"
  "\x03\x00\x0b\x0f\x03\x00\x0f\x00\x03\x00\x0b\x0f\x04\x00\x0f\x00\x03\x00\x0b\x0f"
  "\x05\x00\x0f\x00\x03\x00\x0b\x0f\x06\x00\x0f\x00\x03\x00\x0b\x0f\x07\x00\x0f\x00"
  "\x03\x00\x0b\x0f\x08\x00\x0f\x00\x03\x00\x0b\x0f\x09\x00\x0f\x00\x03\x00\x0b\x0f"
  "\x0a\x00\x0f\x00\x03\x00\x0b\x0f\x0b\x00\x0f\x00\x03\x00\x0b\x0f\x0c\x00\x0f\x00"
  "\x03\x00\x0b\x0f\x0d\x00\x0f\x00\x03\x00\x0b\x0f\x0e\x00\x0f\x00\x03\x00\x0b\x10"
  "\x00\x00\x0f\x00\x03\x00\x0b\x10\x01\x00\x0f\x00\x03\x00\x0b\x10\x02\x00\x0f\x00"
  "\x03\x00\x0b\x10\x03\x00\x0f\x00\x03\x00\x0b\x10\x04\x00\x0f\x00\x03\x00\x0b\x10"
  "\x05\x00\x0f\x00\x03\x00\x0b\x10\x06\x00\x0f\x00\x03\x00\x0b\x10\x07\x00\x0f\x00"
  "\x03\x00\x0b\x10\x08\x00\x0f\x00\x03\x00\x0b\x10\x09\x00\x0f\x00\x03\x00\x0b\x10"
  "\x0a\x00\x0f\x00\x03\x00\x0b\x10\x0b\x00\x0f\x00\x03\x00\x0b\x10\x0c\x00\x0f\x00"
  "\x03\x00\x0b\x10\x0d\x00\x0f\x00\x03\x00\x0b\x10\x0e\x00\x0f\x00\x03\x00\x0b\x11"
  "\x00\x00\x0f\x00\x03\x00\x0b\x11\x01\x00\x0f\x00\x03\x00\x0b\x11\x02\x00\x0f\x00"
  "\x03\x00\x0b\x11\x03\x00\x0f\x00\x03\x00\x0b\x11\x04\x00\x0f\x00\x03\x00\x0b\x11"
  "\x05\x00\x0f\x00\x03\x00\x0b\x11\x06\x00\x0f\x00\x03\x00\x0b\x11\x07\x00\x0f\x00"
  "\x03\x00\x0b\x11\x08\x00\x0f\x00\x03\x00\x0b\x11\x09\x00\x0f\x00\x03\x00\x0b\x11"
  "\x0a\x00\x0f\x00\x03\x00\x0b\x11\x0b\x00\x0f\x00\x03\x00\x0b\x11\x0c\x00\x0f\x00"
  "\x03\x00\x0b\x11\x0d\x00\x0f\x00\x03\x00\x0b\x11\x0e\x00\x0f\x00\x03\x00\x0b\x12"
  "\x00\x00\x0f\x00\x03\x00\x0b\x12\x01\x00\x0f\x00\x03\x00\x0b\x12\x02\x00\x0f\x00"
  "\x03\x00\x0b\x12\x03\x00\x0f\x00\x03\x00\x0b\x12\x04\x00\x0f\x00\x03\x00\x0b\x12"
  "\x05\x00\x0f\x00\x03\x00\x0b\x12\x06\x00\x0f\x00\x03\x00\x0b\x12\x07\x00\x0f\x00"
  "\x03\x00\x0b\x12\x08\x00\x0f\x00\x03\x00\x0b\x12\x09\x00\x0f\x00\x03\x00\x0b\x12"
  "\x0a\x00\x0f\x00\x03\x00\x0b\x12\x0b\x00\x0f\x00\x03\x00\x0b\x12\x0c\x00\x0f\x00"
  "\x03\x00\x0b\x12\x0d\x00\x0f\x00\x03\x00\x0b\x12\x0e\x00\x0f\x00\x03\x00\x0c\x00"
  "\x00\x00\x0f\x00\x03\x00\x0c\x00\x01\x00\x0f\x00\x03\x00\x0c\x00\x02\x00\x0f\x00"
  "\x03\x00\x0c\x00\x03\x00\x0f\x00\x03\x00\x0c\x00\x04\x00\x0f\x00\x03\x00\x0c\x00"
  "\x05\x00\x0f\x00\x03\x00\x0c\x00\x06\x00\x0f\x00\x03\x00\x0c\x00\x07\x00\x0f\x00"
  "\x03\x00\x0c\x00\x08\x00\x0f\x00\x03\x00\x0c\x00\x09\x00\x0f\x00\x03\x00\x0c\x00"
  "\x0a\x00\x0f\x00\x03\x00\x0c\x00\x0b\x00\x0f\x00\x03\x00\x0c\x00\x0c\x00\x0f\x00"
  "\x03\x00\x0c\x00\x0d\x00\x0f\x00\x03\x00\x0c\x00\x0e\x00\x0f\x00\x03\x00\x0c\x01"
  "\x00\x00\x0f\x00\x03\x00\x0c\x01\x01\x00\x0f\x00\x03\x00\x0c\x01\x02\x00\x0f\x00"
  "\x03\x00\x0c\x01\x03\x00\x0f\x00\x03\x00\x0c\x01\x04\x00\x0f\x00\x03\x00\x0c\x01"
  "\x05\x00\x0f\x00\x03\x00\x0c\x01\x06\x00\x0f\x00\x03\x00\x0c\x01\x07\x00\x0f\x00"
  "\x03\x00\x0c\x01\x08\x00\x0f\x00\x03\x00\x0c\x01\x09\x00\x0f\x00\x03\x00\x0c\x01"
  "\x0a\x00\x0f\x00\x03\x00\x0c\x01\x0b\x00\x0f\x00\x03\x00\x0c\x01\x0c\x00\x0f\x00"
  "\x03\x00\x0c\x01\x0d\x00\x0f\x00\x03\x00\x0c\x01\x0e\x00\x0f\x00\x03\x00\x0c\x02"
  "\x00\x00\x0f\x00\x03\x00\x0c\x02\x01\x00\x0f\x00\x03\x00\x0c\x02\x02\x00\x0f\x00"
  "\x03\x00\x0c\x02\x03\x00\x0f\x00\x03\x00\x0c\x02\x04\x00\x0f\x00\x03\x00\x0c\x02"
  "\x05\x00\x0f\x00\x03\x00\x0c\x02\x06\x00\x0f\x00\x03\x00\x0c\x02\x07\x00\x0f\x00"
  "\x03\x00\x0c\x02\x08\x00\x0f\x00\x03\x00\x0c\x02\x09\x00\x0f\x00\x03\x00\x0c\x02"
  "\x0a\x00\x0f\x00\x03\x00\x0c\x02\x0b\x00\x0f\x00\x03\x00\x0c\x02\x0c\x00\x0f\x00"
  "\x03\x00\x0c\x02\x0d\x00\x0f\x00\x03\x00\x0c\x02\x0e\x00\x0f\x00\x03\x00\x0c\x03"
  "\x00\x00\x0f\x00\x03\x00\x0c\x03\x01\x00\x0f\x00\x03\x00\x0c\x03\x02\x00\x0f\x00"
  "\x03\x00\x0c\x03\x03\x00\x0f\x00\x03\x00\x0c\x03\x04\x00\x0f\x00\x03\x00\x0c\x03"
  "\x05\x00\x0f\x00\x03\x00\x0c\x03\x06\x00\x0f\x00\x03\x00\x0c\x03\x07\x00\x0f\x00"
  "\x03\x00\x0c\x03\x08\x00\x0f\x00\x03\x00\x0c\x03\x09\x00\x0f\x00\x03\x00\x0c\x03"
  "\x0a\x00\x0f\x00\x03\x00\x0c\x03\x0b\x00\x0f\x00\x03\x00\x0c\x03\x0c\x00\x0f\x00"
  "\x03\x00\x0c\x03\x0d\x00\x0f\x00\x03\x00\x0c\x03\x0e\x00\x0f\x00\x03\x00\x0c\x04"
  "\x00\x00\x0f\x00\x03\x00\x0c\x04\x01\x00\x0f\x00\x03\x00\x0c\x04\x02\x00\x0f\x00"
  "\x03\x00\x0c\x04\x03\x00\x0f\x00\x03\x00\x0c\x04\x04\x00\x0f\x00\x03\x00\x0c\x04"
  "\x05\x00\x0f\x00\x03\x00\x0c\x04\x06\x00\x0f\x00\x03\x00\x0c\x04\x07\x00\x0f\x00"
  "\x03\x00\x0c\x04\x08\x00\x0f\x00\x03\x00\x0c\x04\x09\x00\x0f\x00\x03\x00\x0c\x04"
  "\x0a\x00\x0f\x00\x03\x00\x0c\x04\x0b\x00\x0f\x00\x03\x00\x0c\x04\x0c\x00\x0f\x00"
  "\x03\x00\x0c\x04\x0d\x00\x0f\x00\x03\x00\x0c\x04\x0e\x00\x0f\x00\x03\x00\x0c\x05"
  "\x00\x00\x04\x00\x03\x00\x0c\x05\x01\x00\x04\x00\x03\x00\x0c\x05\x02\x00\x04\x00"
  "\x03\x00\x0c\x05\x03\x00\x04\x00\x03\x00\x0c\x05\x04\x00\x04\x00\x03\x00\x0c\x05"
  "\x05\x00\x04\x00\x03\x00\x0c\x05\x06\x00\x04\x00\x03\x00\x0c\x05\x07\x00\x04\x00"
  "\x03\x00\x0c\x05\x08\x00\x04\x00\x03\x00\x0c\x05\x09\x00\x04\x00\x03\x00\x0c\x05"
  "\x0a\x00\x04\x00\x03\x00\x0c\x05\x0b\x00\x04\x00\x03\x00\x0c\x05\x0c\x00\x04\x00"
  "\x03\x00\x0c\x05\x0d\x00\x0f\x00\x03\x00\x0c\x05\x0e\x00\x0f\x00\x03\x00\x0c\x06"
  "\x00\x00\x04\x00\x03\x00\x0c\x06\x01\x00\x04\x00\x03\x00\x0c\x06\x02\x00\x04\x00"
  "\x03\x00\x0c\x06\x03\x00\x04\x00\x03\x00\x0c\x06\x04\x00\x04\x00\x03\x00\x0c\x06"
  "\x05\x00\x04\x00\x03\x00\x0c\x06\x06\x00\x04\x00\x03\x00\x0c\x06\x07\x00\x04\x00"
  "\x03\x00\x0c\x06\x08\x00\x04\x00\x03\x00\x0c\x06\x09\x00\x04\x00\x03\x00\x0c\x06"
  "\x0a\x00\x04\x00\x03\x00\x0c\x06\x0b\x00\x04\x00\x03\x00\x0c\x06\x0c\x00\x04\x00"
  "\x03\x00\x0c\x06\x0d\x00\x0f\x00\x03\x00\x0c\x06\x0e\x00\x0f\x00\x03\x00\x0c\x07"
  "\x00\x00\x0c\x00\x03\x00\x0c\x07\x01\x00\x0c\x00\x03\x00\x0c\x07\x02\x00\x0c\x00"
  "\x03\x00\x0c\x07\x03\x00\x0c\x00\x03\x00\x0c\x07\x04\x00\x0c\x00\x03\x00\x0c\x07"
  "\x05\x00\x0c\x00\x03\x00\x0c\x07\x06\x00\x0c\x00\x03\x00\x0c\x07\x07\x00\x0c\x00"
  "\x03\x00\x0c\x07\x08\x00\x0c\x00\x03\x00\x0c\x07\x09\x00\x0c\x00\x03\x00\x0c\x07"
  "\x0a\x00\x0c\x00\x03\x00\x0c\x07\x0b\x00\x0c\x00\x03\x00\x0c\x07\x0c\x00\x0c\x00"
  "\x03\x00\x0c\x07\x0d\x00\x0c\x00\x03\x00\x0c\x07\x0e\x00\x0c\x00\x03\x00\x0c\x08"
  "\x00\x00\x0f\x00\x03\x00\x0c\x08\x01\x00\x0f\x00\x03\x00\x0c\x08\x02\x00\x0f\x00"
  "\x03\x00\x0c\x08\x03\x00\x0f\x00\x03\x00\x0c\x08\x04\x00\x0f\x00\x03\x00\x0c\x08"
  "\x05\x00\x0f\x00\x03\x00\x0c\x08\x06\x00\x0f\x00\x03\x00\x0c\x08\x07\x00\x0f\x00"
  "\x03\x00\x0c\x08\x08\x00\x0f\x00\x03\x00\x0c\x08\x09\x00\x0f\x00\x03\x00\x0c\x08"
  "\x0a\x00\x0f\x00\x03\x00\x0c\x08\x0b\x00\x0f\x00\x03\x00\x0c\x08\x0c\x00\x0f\x00"
  "\x03\x00\x0c\x08\x0d\x00\x0f\x00\x03\x00\x0c\x08\x0e\x00\x0f\x00\x03\x00\x0c\x09"
  "\x00\x00\x0f\x00\x03\x00\x0c\x09\x01\x00\x0f\x00\x03\x00\x0c\x09\x02\x00\x0f\x00"
  "\x03\x00\x0c\x09\x03\x00\x0f\x00\x03\x00\x0c\x09\x04\x00\x0f\x00\x03\x00\x0c\x09"
  "\x05\x00\x0f\x00\x03\x00\x0c\x09\x06\x00\x0f\x00\x03\x00\x0c\x09\x07\x00\x0f\x00"
  "\x03\x00\x0c\x09\x08\x00\x0f\x00\x03\x00\x0c\x09\x09\x00\x0f\x00\x03\x00\x0c\x09"
  "\x0a\x00\x0f\x00\x03\x00\x0c\x09\x0b\x00\x0f\x00\x03\x00\x0c\x09\x0c\x00\x0f\x00"
  "\x03\x00\x0c\x09\x0d\x00\x0f\x00\x03\x00\x0c\x09\x0e\x00\x0f\x00\x03\x00\x0c\x0a"
  "\x00\x00\x0f\x00\x03\x00\x0c\x0a\x01\x00\x0f\x00\x03\x00\x0c\x0a\x02\x00\x0f\x00"
  "\x03\x00\x0c\x0a\x03\x00\x0f\x00\x03\x00\x0c\x0a\x04\x00\x0f\x00\x03\x00\x0c\x0a"
  "\x05\x00\x0f\x00\x03\x00\x0c\x0a\x06\x00\x0f\x00\x03\x00\x0c\x0a\x07\x00\x0f\x00"
  "\x03\x00\x0c\x0a\x08\x00\x0f\x00\x03\x00\x0c\x0a\x09\x00\x0f\x00\x03\x00\x0c\x0a"
  "\x0a\x00\x0f\x00\x03\x00\x0c\x0a\x0b\x00\x0f\x00\x03\x00\x0c\x0a\x0c\x00\x0f\x00"
  "\x03\x00\x0c\x0a\x0d\x00\x0f\x00\x03\x00\x0c\x0a\x0e\x00\x0f\x00\x03\x00\x0c\x0b"
  "\x00\x00\x04\x00\x03\x00\x0c\x0b\x01\x00\x04\x00\x03\x00\x0c\x0b\x02\x00\x04\x00"
  "\x03\x00\x0c\x0b\x03\x00\x04\x00\x03\x00\x0c\x0b\x04\x00\x04\x00\x03\x00\x0c\x0b"
  "\x05\x00\x04\x00\x03\x00\x0c\x0b\x06\x00\x04\x00\x03\x00\x0c\x0b\x07\x00\x04\x00"
  "\x03\x00\x0c\x0b\x08\x00\x04\x00\x03\x00\x0c\x0b\x09\x00\x04\x00\x03\x00\x0c\x0b"
  "\x0a\x00\x04\x00\x03\x00\x0c\x0b\x0b\x00\x04\x00\x03\x00\x0c\x0b\x0c\x00\x04\x00"
  "\x03\x00\x0c\x0b\x0d\x00\x04\x00\x03\x00\x0c\x0b\x0e\x00\x04\x00\x03\x00\x0c\x0c"
  "\x00\x00\x04\x00\x03\x00\x0c\x0c\x01\x00\x04\x00\x03\x00\x0c\x0c\x02\x00\x04\x00"
  "\x03\x00\x0c\x0c\x03\x00\x04\x00\x03\x00\x0c\x0c\x04\x00\x04\x00\x03\x00\x0c\x0c"
  "\x05\x00\x04\x00\x03\x00\x0c\x0c\x06\x00\x04\x00\x03\x00\x0c\x0c\x07\x00\x04\x00"
  "\x03\x00\x0c\x0c\x08\x00\x04\x00\x03\x00\x0c\x0c\x09\x00\x04\x00\x03\x00\x0c\x0c"
  "\x0a\x00\x04\x00\x03\x00\x0c\x0c\x0b\x00\x04\x00\x03\x00\x0c\x0c\x0c\x00\x04\x00"
  "\x03\x00\x0c\x0c\x0d\x00\x04\x00\x03\x00\x0c\x0c\x0e\x00\x04\x00\x03\x00\x0c\x0d"
  "\x00\x00\x00\x00\x03\x00\x0c\x0d\x01\x00\x01\x00\x03\x00\x0c\x0d\x02\x00\x02\x00"
  "\x03\x00\x0c\x0d\x03\x00\x03\x00\x03\x00\x0c\x0d\x04\x00\x04\x00\x03\x00\x0c\x0d"
  "\x05\x00\x05\x00\x03\x00\x0c\x0d\x06\x00\x06\x00\x03\x00\x0c\x0d\x07\x00\x07\x00"
  "\x03\x00\x0c\x0d\x08\x00\x08\x00\x03\x00\x0c\x0d\x09\x00\x09\x00\x03\x00\x0c\x0d"
  "\x0a\x00\x0a\x00\x03\x00\x0c\x0d\x0b\x00\x0b\x00\x03\x00\x0c\x0d\x0c\x00\x0c\x00"
  "\x03\x00\x0c\x0d\x0d\x00\x0d\x00\x03\x00\x0c\x0d\x0e\x00\x0e\x00\x03\x00\x0c\x0e"
  "\x00\x00\x0f\x00\x03\x00\x0c\x0e\x01\x00\x0f\x00\x03\x00\x0c\x0e\x02\x00\x0f\x00"
  "\x03\x00\x0c\x0e\x03\x00\x0f\x00\x03\x00\x0c\x0e\x04\x00\x0f\x00\x03\x00\x0c\x0e"
  "\x05\x00\x0f\x00\x03\x00\x0c\x0e\x06\x00\x0f\x00\x03\x00\x0c\x0e\x07\x00\x0f\x00"
  "\x03\x00\x0c\x0e\x08\x00\x0f\x00\x03\x00\x0c\x0e\x09\x00\x0f\x00\x03\x00\x0c\x0e"
  "\x0a\x00\x0f\x00\x03\x00\x0c\x0e\x0b\x00\x0f\x00\x03\x00\x0c\x0e\x0c\x00\x0f\x00"
  "\x03\x00\x0c\x0e\x0d\x00\x0f\x00\x03\x00\x0c\x0e\x0e\x00\x0f\x00\x03\x00\x0c\x0f"
  "\x00\x00\x0f\x00\x03\x00\x0c\x0f\x01\x00\x0f\x00\x03\x00\x0c\x0f\x02\x00\x0f\x00"
  "\x03\x00\x0c\x0f\x03\x00\x0f\x00\x03\x00\x0c\x0f\x04\x00\x0f\x00\x03\x00\x0c\x0f"
  "\x05\x00\x0f\x00\x03\x00\x0c\x0f\x06\x00\x0f\x00\x03\x00\x0c\x0f\x07\x00\x0f\x00"
  "\x03\x00\x0c\x0f\x08\x00\x0f\x00\x03\x00\x0c\x0f\x09\x00\x0f\x00\x03\x00\x0c\x0f"
  "\x0a\x00\x0f\x00\x03\x00\x0c\x0f\x0b\x00\x0f\x00\x03\x00\x0c\x0f\x0c\x00\x0f\x00"
  "\x03\x00\x0c\x0f\x0d\x00\x0f\x00\x03\x00\x0c\x0f\x0e\x00\x0f\x00\x03\x00\x0c\x10"
  "\x00\x00\x0f\x00\x03\x00\x0c\x10\x01\x00\x0f\x00\x03\x00\x0c\x10\x02\x00\x0f\x00"
  "\x03\x00\x0c\x10\x03\x00\x0f\x00\x03\x00\x0c\x10\x04\x00\x0f\x00\x03\x00\x0c\x10"
  "\x05\x00\x0f\x00\x03\x00\x0c\x10\x06\x00\x0f\x00\x03\x00\x0c\x10\x07\x00\x0f\x00"
  "\x03\x00\x0c\x10\x08\x00\x0f\x00\x03\x00\x0c\x10\x09\x00\x0f\x00\x03\x00\x0c\x10"
  "\x0a\x00\x0f\x00\x03\x00\x0c\x10\x0b\x00\x0f\x00\x03\x00\x0c\x10\x0c\x00\x0f\x00"
  "\x03\x00\x0c\x10\x0d\x00\x0f\x00\x03\x00\x0c\x10\x0e\x00\x0f\x00\x03\x00\x0c\x11"
  "\x00\x00\x0f\x00\x03\x00\x0c\x11\x01\x00\x0f\x00\x03\x00\x0c\x11\x02\x00\x0f\x00"
  "\x03\x00\x0c\x11\x03\x00\x0f\x00\x03\x00\x0c\x11\x04\x00\x0f\x00\x03\x00\x0c\x11"
  "\x05\x00\x0f\x00\x03\x00\x0c\x11\x06\x00\x0f\x00\x03\x00\x0c\x11\x07\x00\x0f\x00"
  "\x03\x00\x0c\x11\x08\x00\x0f\x00\x03\x00\x0c\x11\x09\x00\x0f\x00\x03\x00\x0c\x11"
  "\x0a\x00\x0f\x00\x03\x00\x0c\x11\x0b\x00\x0f\x00\x03\x00\x0c\x11\x0c\x00\x0f\x00"
  "\x03\x00\x0c\x11\x0d\x00\x0f\x00\x03\x00\x0c\x11\x0e\x00\x0f\x00\x03\x00\x0c\x12"
  "\x00\x00\x0f\x00\x03\x00\x0c\x12\x01\x00\x0f\x00\x03\x00\x0c\x12\x02\x00\x0f\x00"
  "\x03\x00\x0c\x12\x03\x00\x0f\x00\x03\x00\x0c\x12\x04\x00\x0f\x00\x03\x00\x0c\x12"
  "\x05\x00\x0f\x00\x03\x00\x0c\x12\x06\x00\x0f\x00\x03\x00\x0c\x12\x07\x00\x0f\x00"
  "\x03\x00\x0c\x12\x08\x00\x0f\x00\x03\x00\x0c\x12\x09\x00\x0f\x00\x03\x00\x0c\x12"
  "\x0a\x00\x0f\x00\x03\x00\x0c\x12\x0b\x00\x0f\x00\x03\x00\x0c\x12\x0c\x00\x0f\x00"
  "\x03\x00\x0c\x12\x0d\x00\x0f\x00\x03\x00\x0c\x12\x0e\x00\x0f\x00\x03\x00\x0d\x00"
  "\x00\x00\x0f\x00\x03\x00\x0d\x00\x01\x00\x0d\x00\x03\x00\x0d\x00\x02\x00\x0d\x00"
  "\x03\x00\x0d\x00\x03\x00\x0d\x00\x03\x00\x0d\x00\x04\x00\x0d\x00\x03\x00\x0d\x00"
  "\x05\x00\x0d\x00\x03\x00\x0d\x00\x06\x00\x0d\x00\x03\x00\x0d\x00\x07\x00\x0d\x00"
  "\x03\x00\x0d\x00\x08\x00\x0d\x00\x03\x00\x0d\x00\x09\x00\x0f\x00\x03\x00\x0d\x00"
  "\x0a\x00\x0f\x00\x03\x00\x0d\x00\x0b\x00\x0f\x00\x03\x00\x0d\x00\x0c\x00\x0f\x00"
  "\x03\x00\x0d\x00\x0d\x00\x0d\x00\x03\x00\x0d\x00\x0e\x00\x0e\x00\x03\x00\x0d\x01"
  "\x00\x00\x0f\x00\x03\x00\x0d\x01\x01\x00\x0d\x00\x03\x00\x0d\x01\x02\x00\x0d\x00"
  "\x03\x00\x0d\x01\x03\x00\x0d\x00\x03\x00\x0d\x01\x04\x00\x0d\x00\x03\x00\x0d\x01"
  "\x05\x00\x0d\x00\x03\x00\x0d\x01\x06\x00\x0d\x00\x03\x00\x0d\x01\x07\x00\x0d\x00"
  "\x03\x00\x0d\x01\x08\x00\x0d\x00\x03\x00\x0d\x01\x09\x00\x0f\x00\x03\x00\x0d\x01"
  "\x0a\x00\x0f\x00\x03\x00\x0d\x01\x0b\x00\x0f\x00\x03\x00\x0d\x01\x0c\x00\x0f\x00"
  "\x03\x00\x0d\x01\x0d\x00\x0d\x00\x03\x00\x0d\x01\x0e\x00\x0e\x00\x03\x00\x0d\x02"
  "\x00\x00\x0f\x00\x03\x00\x0d\x02\x01\x00\x0d\x00\x03\x00\x0d\x02\x02\x00\x0d\x00"
  "\x03\x00\x0d\x02\x03\x00\x0d\x00\x03\x00\x0d\x02\x04\x00\x0d\x00\x03\x00\x0d\x02"
  "\x05\x00\x0d\x00\x03\x00\x0d\x02\x06\x00\x0d\x00\x03\x00\x0d\x02\x07\x00\x0d\x00"
  "\x03\x00\x0d\x02\x08\x00\x0d\x00\x03\x00\x0d\x02\x09\x00\x0f\x00\x03\x00\x0d\x02"
  "\x0a\x00\x0f\x00\x03\x00\x0d\x02\x0b\x00\x0f\x00\x03\x00\x0d\x02\x0c\x00\x0f\x00"
  "\x03\x00\x0d\x02\x0d\x00\x0d\x00\x03\x00\x0d\x02\x0e\x00\x0e\x00\x03\x00\x0d\x03"
  "\x00\x00\x0f\x00\x03\x00\x0d\x03\x01\x00\x0d\x00\x03\x00\x0d\x03\x02\x00\x0d\x00"
  "\x03\x00\x0d\x03\x03\x00\x0d\x00\x03\x00\x0d\x03\x04\x00\x0d\x00\x03\x00\x0d\x03"
  "\x05\x00\x0d\x00\x03\x00\x0d\x03\x06\x00\x0d\x00\x03\x00\x0d\x03\x07\x00\x0d\x00"
  "\x03\x00\x0d\x03\x08\x00\x0d\x00\x03\x00\x0d\x03\x09\x00\x0f\x00\x03\x00\x0d\x03"
  "\x0a\x00\x0f\x00\x03\x00\x0d\x03\x0b\x00\x0f\x00\x03\x00\x0d\x03\x0c\x00\x0f\x00"
  "\x03\x00\x0d\x03\x0d\x00\x0d\x00\x03\x00\x0d\x03\x0e\x00\x0e\x00\x03\x00\x0d\x04"
  "\x00\x00\x0f\x00\x03\x00\x0d\x04\x01\x00\x0f\x00\x03\x00\x0d\x04\x02\x00\x0f\x00"
  "\x03\x00\x0d\x04\x03\x00\x0f\x00\x03\x00\x0d\x04\x04\x00\x0f\x00\x03\x00\x0d\x04"
  "\x05\x00\x0f\x00\x03\x00\x0d\x04\x06\x00\x0f\x00\x03\x00\x0d\x04\x07\x00\x0f\x00"
  "\x03\x00\x0d\x04\x08\x00\x0f\x00\x03\x00\x0d\x04\x09\x00\x0f\x00\x03\x00\x0d\x04"
  "\x0a\x00\x0f\x00\x03\x00\x0d\x04\x0b\x00\x0f\x00\x03\x00\x0d\x04\x0c\x00\x0f\x00"
  "\x03\x00\x0d\x04\x0d\x00\x0f\x00\x03\x00\x0d\x04\x0e\x00\x0f\x00\x03\x00\x0d\x05"
  "\x00\x00\x0f\x00\x03\x00\x0d\x05\x01\x00\x04\x00\x03\x00\x0d\x05\x02\x00\x04\x00"
  "\x03\x00\x0d\x05\x03\x00\x04\x00\x03\x00\x0d\x05\x04\x00\x04\x00\x03\x00\x0d\x05"
  "\x05\x00\x04\x00\x03\x00\x0d\x05\x06\x00\x04\x00\x03\x00\x0d\x05\x07\x00\x04\x00"
  "\x03\x00\x0d\x05\x08\x00\x04\x00\x03\x00\x0d\x05\x09\x00\x0f\x00\x03\x00\x0d\x05"
  "\x0a\x00\x0f\x00\x03\x00\x0d\x05\x0b\x00\x0f\x00\x03\x00\x0d\x05\x0c\x00\x0f\x00"
  "\x03\x00\x0d\x05\x0d\x00\x04\x00\x03\x00\x0d\x05\x0e\x00\x04\x00\x03\x00\x0d\x06"
  "\x00\x00\x0f\x00\x03\x00\x0d\x06\x01\x00\x04\x00\x03\x00\x0d\x06\x02\x00\x04\x00"
  "\x03\x00\x0d\x06\x03\x00\x04\x00\x03\x00\x0d\x06\x04\x00\x04\x00\x03\x00\x0d\x06"
  "\x05\x00\x04\x00\x03\x00\x0d\x06\x06\x00\x04\x00\x03\x00\x0d\x06\x07\x00\x04\x00"
  "\x03\x00\x0d\x06\x08\x00\x04\x00\x03\x00\x0d\x06\x09\x00\x0f\x00\x03\x00\x0d\x06"
  "\x0a\x00\x0f\x00\x03\x00\x0d\x06\x0b\x00\x0f\x00\x03\x00\x0d\x06\x0c\x00\x0f\x00"
  "\x03\x00\x0d\x06\x0d\x00\x04\x00\x03\x00\x0d\x06\x0e\x00\x04\x00\x03\x00\x0d\x07"
  "\x00\x00\x0d\x00\x03\x00\x0d\x07\x01\x00\x0d\x00\x03\x00\x0d\x07\x02\x00\x0d\x00"
  "\x03\x00\x0d\x07\x03\x00\x0d\x00\x03\x00\x0d\x07\x04\x00\x0d\x00\x03\x00\x0d\x07"
  "\x05\x00\x0d\x00\x03\x00\x0d\x07\x06\x00\x0d\x00\x03\x00\x0d\x07\x07\x00\x0d\x00"
  "\x03\x00\x0d\x07\x08\x00\x0d\x00\x03\x00\x0d\x07\x09\x00\x0d\x00\x03\x00\x0d\x07"
  "\x0a\x00\x0d\x00\x03\x00\x0d\x07\x0b\x00\x0d\x00\x03\x00\x0d\x07\x0c\x00\x0d\x00"
  "\x03\x00\x0d\x07\x0d\x00\x0d\x00\x03\x00\x0d\x07\x0e\x00\x0d\x00\x03\x00\x0d\x08"
  "\x00\x00\x0f\x00\x03\x00\x0d\x08\x01\x00\x0f\x00\x03\x00\x0d\x08\x02\x00\x0f\x00"
  "\x03\x00\x0d\x08\x03\x00\x0f\x00\x03\x00\x0d\x08\x04\x00\x0f\x00\x03\x00\x0d\x08"
  "\x05\x00\x0f\x00\x03\x00\x0d\x08\x06\x00\x0f\x00\x03\x00\x0d\x08\x07\x00\x0f\x00"
  "\x03\x00\x0d\x08\x08\x00\x0f\x00\x03\x00\x0d\x08\x09\x00\x0f\x00\x03\x00\x0d\x08"
  "\x0a\x00\x0f\x00\x03\x00\x0d\x08\x0b\x00\x0f\x00\x03\x00\x0d\x08\x0c\x00\x0f\x00"
  "\x03\x00\x0d\x08\x0d\x00\x0f\x00\x03\x00\x0d\x08\x0e\x00\x0f\x00\x03\x00\x0d\x09"
  "\x00\x00\x0f\x00\x03\x00\x0d\x09\x01\x00\x0f\x00\x03\x00\x0d\x09\x02\x00\x0f\x00"
  "\x03\x00\x0d\x09\x03\x00\x0f\x00\x03\x00\x0d\x09\x04\x00\x0f\x00\x03\x00\x0d\x09"
  "\x05\x00\x0f\x00\x03\x00\x0d\x09\x06\x00\x0f\x00\x03\x00\x0d\x09\x07\x00\x0f\x00"
  "\x03\x00\x0d\x09\x08\x00\x0f\x00\x03\x00\x0d\x09\x09\x00\x0f\x00\x03\x00\x0d\x09"
  "\x0a\x00\x0f\x00\x03\x00\x0d\x09\x0b\x00\x0f\x00\x03\x00\x0d\x09\x0c\x00\x0f\x00"
  "\x03\x00\x0d\x09\x0d\x00\x0f\x00\x03\x00\x0d\x09\x0e\x00\x0f\x00\x03\x00\x0d\x0a"
  "\x00\x00\x0f\x00\x03\x00\x0d\x0a\x01\x00\x0f\x00\x03\x00\x0d\x0a\x02\x00\x0f\x00"
  "\x03\x00\x0d\x0a\x03\x00\x0f\x00\x03\x00\x0d\x0a\x04\x00\x0f\x00\x03\x00\x0d\x0a"
  "\x05\x00\x0f\x00\x03\x00\x0d\x0a\x06\x00\x0f\x00\x03\x00\x0d\x0a\x07\x00\x0f\x00"
  "\x03\x00\x0d\x0a\x08\x00\x0f\x00\x03\x00\x0d\x0a\x09\x00\x0f\x00\x03\x00\x0d\x0a"
  "\x0a\x00\x0f\x00\x03\x00\x0d\x0a\x0b\x00\x0f\x00\x03\x00\x0d\x0a\x0c\x00\x0f\x00"
  "\x03\x00\x0d\x0a\x0d\x00\x0f\x00\x03\x00\x0d\x0a\x0e\x00\x0f\x00\x03\x00\x0d\x0b"
  "\x00\x00\x0f\x00\x03\x00\x0d\x0b\x01\x00\x0f\x00\x03\x00\x0d\x0b\x02\x00\x0f\x00"
  "\x03\x00\x0d\x0b\x03\x00\x0f\x00\x03\x00\x0d\x0b\x04\x00\x0f\x00\x03\x00\x0d\x0b"
  "\x05\x00\x0f\x00\x03\x00\x0d\x0b\x06\x00\x0f\x00\x03\x00\x0d\x0b\x07\x00\x0f\x00"
  "\x03\x00\x0d\x0b\x08\x00\x0f\x00\x03\x00\x0d\x0b\x09\x00\x0f\x00\x03\x00\x0d\x0b"
  "\x0a\x00\x0f\x00\x03\x00\x0d\x0b\x0b\x00\x0f\x00\x03\x00\x0d\x0b\x0c\x00\x0f\x00"
  "\x03\x00\x0d\x0b\x0d\x00\x0f\x00\x03\x00\x0d\x0b\x0e\x00\x0f\x00\x03\x00\x0d\x0c"
  "\x00\x00\x04\x00\x03\x00\x0d\x0c\x01\x00\x04\x00\x03\x00\x0d\x0c\x02\x00\x04\x00"
  "\x03\x00\x0d\x0c\x03\x00\x04\x00\x03\x00\x0d\x0c\x04\x00\x04\x00\x03\x00\x0d\x0c"
  "\x05\x00\x04\x00\x03\x00\x0d\x0c\x06\x00\x04\x00\x03\x00\x0d\x0c\x07\x00\x04\x00"
  "\x03\x00\x0d\x0c\x08\x00\x04\x00\x03\x00\x0d\x0c\x09\x00\x04\x00\x03\x00\x0d\x0c"
  "\x0a\x00\x04\x00\x03\x00\x0d\x0c\x0b\x00\x04\x00\x03\x00\x0d\x0c\x0c\x00\x04\x00"
  "\x03\x00\x0d\x0c\x0d\x00\x04\x00\x03\x00\x0d\x0c\x0e\x00\x04\x00\x03\x00\x0d\x0d"
  "\x00\x00\x00\x00\x03\x00\x0d\x0d\x01\x00\x01\x00\x03\x00\x0d\x0d\x02\x00\x02\x00"
  "\x03\x00\x0d\x0d\x03\x00\x03\x00\x03\x00\x0d\x0d\x04\x00\x04\x00\x03\x00\x0d\x0d"
  "\x05\x00\x05\x00\x03\x00\x0d\x0d\x06\x00\x06\x00\x03\x00\x0d\x0d\x07\x00\x07\x00"
  "\x03\x00\x0d\x0d\x08\x00\x08\x00\x03\x00\x0d\x0d\x09\x00\x09\x00\x03\x00\x0d\x0d"
  "\x0a\x00\x0a\x00\x03\x00\x0d\x0d\x0b\x00\x0b\x00\x03\x00\x0d\x0d\x0c\x00\x0c\x00"
  "\x03\x00\x0d\x0d\x0d\x00\x0d\x00\x03\x00\x0d\x0d\x0e\x00\x0e\x00\x03\x00\x0d\x0e"
  "\x00\x00\x0f\x00\x03\x00\x0d\x0e\x01\x00\x0f\x00\x03\x00\x0d\x0e\x02\x00\x0f\x00"
  "\x03\x00\x0d\x0e\x03\x00\x0f\x00\x03\x00\x0d\x0e\x04\x00\x0f\x00\x03\x00\x0d\x0e"
  "\x05\x00\x0f\x00\x03\x00\x0d\x0e\x06\x00\x0f\x00\x03\x00\x0d\x0e\x07\x00\x0f\x00"
  "\x03\x00\x0d\x0e\x08\x00\x0f\x00\x03\x00\x0d\x0e\x09\x00\x0f\x00\x03\x00\x0d\x0e"
  "\x0a\x00\x0f\x00\x03\x00\x0d\x0e\x0b\x00\x0f\x00\x03\x00\x0d\x0e\x0c\x00\x0f\x00"
  "\x03\x00\x0d\x0e\x0d\x00\x0f\x00\x03\x00\x0d\x0e\x0e\x00\x0f\x00\x03\x00\x0d\x0f"
  "\x00\x00\x0f\x00\x03\x00\x0d\x0f\x01\x00\x0f\x00\x03\x00\x0d\x0f\x02\x00\x0f\x00"
  "\x03\x00\x0d\x0f\x03\x00\x0f\x00\x03\x00\x0d\x0f\x04\x00\x0f\x00\x03\x00\x0d\x0f"
  "\x05\x00\x0f\x00\x03\x00\x0d\x0f\x06\x00\x0f\x00\x03\x00\x0d\x0f\x07\x00\x0f\x00"
  "\x03\x00\x0d\x0f\x08\x00\x0f\x00\x03\x00\x0d\x0f\x09\x00\x0f\x00\x03\x00\x0d\x0f"
  "\x0a\x00\x0f\x00\x03\x00\x0d\x0f\x0b\x00\x0f\x00\x03\x00\x0d\x0f\x0c\x00\x0f\x00"
  "\x03\x00\x0d\x0f\x0d\x00\x0f\x00\x03\x00\x0d\x0f\x0e\x00\x0f\x00\x03\x00\x0d\x10"
  "\x00\x00\x0f\x00\x03\x00\x0d\x10\x01\x00\x0f\x00\x03\x00\x0d\x10\x02\x00\x0f\x00"
  "\x03\x00\x0d\x10\x03\x00\x0f\x00\x03\x00\x0d\x10\x04\x00\x0f\x00\x03\x00\x0d\x10"
  "\x05\x00\x0f\x00\x03\x00\x0d\x10\x06\x00\x0f\x00\x03\x00\x0d\x10\x07\x00\x0f\x00"
  "\x03\x00\x0d\x10\x08\x00\x0f\x00\x03\x00\x0d\x10\x09\x00\x0f\x00\x03\x00\x0d\x10"
  "\x0a\x00\x0f\x00\x03\x00\x0d\x10\x0b\x00\x0f\x00\x03\x00\x0d\x10\x0c\x00\x0f\x00"
  "\x03\x00\x0d\x10\x0d\x00\x0f\x00\x03\x00\x0d\x10\x0e\x00\x0f\x00\x03\x00\x0d\x11"
  "\x00\x00\x0f\x00\x03\x00\x0d\x11\x01\x00\x0f\x00\x03\x00\x0d\x11\x02\x00\x0f\x00"
  "\x03\x00\x0d\x11\x03\x00\x0f\x00\x03\x00\x0d\x11\x04\x00\x0f\x00\x03\x00\x0d\x11"
  "\x05\x00\x0f\x00\x03\x00\x0d\x11\x06\x00\x0f\x00\x03\x00\x0d\x11\x07\x00\x0f\x00"
  "\x03\x00\x0d\x11\x08\x00\x0f\x00\x03\x00\x0d\x11\x09\x00\x0f\x00\x03\x00\x0d\x11"
  "\x0a\x00\x0f\x00\x03\x00\x0d\x11\x0b\x00\x0f\x00\x03\x00\x0d\x11\x0c\x00\x0f\x00"
  "\x03\x00\x0d\x11\x0d\x00\x0f\x00\x03\x00\x0d\x11\x0e\x00\x0f\x00\x03\x00\x0d\x12"
  "\x00\x00\x0f\x00\x03\x00\x0d\x12\x01\x00\x0f\x00\x03\x00\x0d\x12\x02\x00\x0f\x00"
  "\x03\x00\x0d\x12\x03\x00\x0f\x00\x03\x00\x0d\x12\x04\x00\x0f\x00\x03\x00\x0d\x12"
  "\x05\x00\x0f\x00\x03\x00\x0d\x12\x06\x00\x0f\x00\x03\x00\x0d\x12\x07\x00\x0f\x00"
  "\x03\x00\x0d\x12\x08\x00\x0f\x00\x03\x00\x0d\x12\x09\x00\x0f\x00\x03\x00\x0d\x12"
  "\x0a\x00\x0f\x00\x03\x00\x0d\x12\x0b\x00\x0f\x00\x03\x00\x0d\x12\x0c\x00\x0f\x00"
  "\x03\x00\x0d\x12\x0d\x00\x0f\x00\x03\x00\x0d\x12\x0e\x00\x0f\x00\x03\x00\x0e\x00"
  "\x00\x00\x0f\x00\x03\x00\x0e\x00\x01\x00\x0e\x00\x03\x00\x0e\x00\x02\x00\x0e\x00"
  "\x03\x00\x0e\x00\x03\x00\x0e\x00\x03\x00\x0e\x00\x04\x00\x0e\x00\x03\x00\x0e\x00"
  "\x05\x00\x0e\x00\x03\x00\x0e\x00\x06\x00\x0e\x00\x03\x00\x0e\x00\x07\x00\x0e\x00"
  "\x03\x00\x0e\x00\x08\x00\x0e\x00\x03\x00\x0e\x00\x09\x00\x0f\x00\x03\x00\x0e\x00"
  "\x0a\x00\x0f\x00\x03\x00\x0e\x00\x0b\x00\x0f\x00\x03\x00\x0e\x00\x0c\x00\x0f\x00"
  "\x03\x00\x0e\x00\x0d\x00\x0e\x00\x03\x00\x0e\x00\x0e\x00\x0e\x00\x03\x00\x0e\x01"
  "\x00\x00\x0f\x00\x03\x00\x0e\x01\x01\x00\x0e\x00\x03\x00\x0e\x01\x02\x00\x0e\x00"
  "\x03\x00\x0e\x01\x03\x00\x0e\x00\x03\x00\x0e\x01\x04\x00\x0e\x00\x03\x00\x0e\x01"
  "\x05\x00\x0e\x00\x03\x00\x0e\x01\x06\x00\x0e\x00\x03\x00\x0e\x01\x07\x00\x0e\x00"
  "\x03\x00\x0e\x01\x08\x00\x0e\x00\x03\x00\x0e\x01\x09\x00\x0f\x00\x03\x00\x0e\x01"
  "\x0a\x00\x0f\x00\x03\x00\x0e\x01\x0b\x00\x0f\x00\x03\x00\x0e\x01\x0c\x00\x0f\x00"
  "\x03\x00\x0e\x01\x0d\x00\x0e\x00\x03\x00\x0e\x01\x0e\x00\x0e\x00\x03\x00\x0e\x02"
  "\x00\x00\x0f\x00\x03\x00\x0e\x02\x01\x00\x0e\x00\x03\x00\x0e\x02\x02\x00\x0e\x00"
  "\x03\x00\x0e\x02\x03\x00\x0e\x00\x03\x00\x0e\x02\x04\x00\x0e\x00\x03\x00\x0e\x02"
  "\x05\x00\x0e\x00\x03\x00\x0e\x02\x06\x00\x0e\x00\x03\x00\x0e\x02\x07\x00\x0e\x00"
  "\x03\x00\x0e\x02\x08\x00\x0e\x00\x03\x00\x0e\x02\x09\x00\x0f\x00\x03\x00\x0e\x02"
  "\x0a\x00\x0f\x00\x03\x00\x0e\x02\x0b\x00\x0f\x00\x03\x00\x0e\x02\x0c\x00\x0f\x00"
  "\x03\x00\x0e\x02\x0d\x00\x0e\x00\x03\x00\x0e\x02\x0e\x00\x0e\x00\x03\x00\x0e\x03"
  "\x00\x00\x0f\x00\x03\x00\x0e\x03\x01\x00\x0e\x00\x03\x00\x0e\x03\x02\x00\x0e\x00"
  "\x03\x00\x0e\x03\x03\x00\x0e\x00\x03\x00\x0e\x03\x04\x00\x0e\x00\x03\x00\x0e\x03"
  "\x05\x00\x0e\x00\x03\x00\x0e\x03\x06\x00\x0e\x00\x03\x00\x0e\x03\x07\x00\x0e\x00"
  "\x03\x00\x0e\x03\x08\x00\x0e\x00\x03\x00\x0e\x03\x09\x00\x0f\x00\x03\x00\x0e\x03"
  "\x0a\x00\x0f\x00\x03\x00\x0e\x03\x0b\x00\x0f\x00\x03\x00\x0e\x03\x0c\x00\x0f\x00"
  "\x03\x00\x0e\x03\x0d\x00\x0e\x00\x03\x00\x0e\x03\x0e\x00\x0e\x00\x03\x00\x0e\x04"
  "\x00\x00\x0f\x00\x03\x00\x0e\x04\x01\x00\x0f\x00\x03\x00\x0e\x04\x02\x00\x0f\x00"
  "\x03\x00\x0e\x04\x03\x00\x0f\x00\x03\x00\x0e\x04\x04\x00\x0f\x00\x03\x00\x0e\x04"
  "\x05\x00\x0f\x00\x03\x00\x0e\x04\x06\x00\x0f\x00\x03\x00\x0e\x04\x07\x00\x0f\x00"
  "\x03\x00\x0e\x04\x08\x00\x0f\x00\x03\x00\x0e\x04\x09\x00\x0f\x00\x03\x00\x0e\x04"
  "\x0a\x00\x0f\x00\x03\x00\x0e\x04\x0b\x00\x0f\x00\x03\x00\x0e\x04\x0c\x00\x0f\x00"
  "\x03\x00\x0e\x04\x0d\x00\x0f\x00\x03\x00\x0e\x04\x0e\x00\x0f\x00\x03\x00\x0e\x05"
  "\x00\x00\x0f\x00\x03\x00\x0e\x05\x01\x00\x04\x00\x03\x00\x0e\x05\x02\x00\x04\x00"
  "\x03\x00\x0e\x05\x03\x00\x04\x00\x03\x00\x0e\x05\x04\x00\x04\x00\x03\x00\x0e\x05"
  "\x05\x00\x04\x00\x03\x00\x0e\x05\x06\x00\x04\x00\x03\x00\x0e\x05\x07\x00\x04\x00"
  "\x03\x00\x0e\x05\x08\x00\x04\x00\x03\x00\x0e\x05\x09\x00\x0f\x00\x03\x00\x0e\x05"
  "\x0a\x00\x0f\x00\x03\x00\x0e\x05\x0b\x00\x0f\x00\x03\x00\x0e\x05\x0c\x00\x0f\x00"
  "\x03\x00\x0e\x05\x0d\x00\x04\x00\x03\x00\x0e\x05\x0e\x00\x04\x00\x03\x00\x0e\x06"
  "\x00\x00\x0f\x00\x03\x00\x0e\x06\x01\x00\x04\x00\x03\x00\x0e\x06\x02\x00\x04\x00"
  "\x03\x00\x0e\x06\x03\x00\x04\x00\x03\x00\x0e\x06\x04\x00\x04\x00\x03\x00\x0e\x06"
  "\x05\x00\x04\x00\x03\x00\x0e\x06\x06\x00\x04\x00\x03\x00\x0e\x06\x07\x00\x04\x00"
  "\x03\x00\x0e\x06\x08\x00\x04\x00\x03\x00\x0e\x06\x09\x00\x0f\x00\x03\x00\x0e\x06"
  "\x0a\x00\x0f\x00\x03\x00\x0e\x06\x0b\x00\x0f\x00\x03\x00\x0e\x06\x0c\x00\x0f\x00"
  "\x03\x00\x0e\x06\x0d\x00\x04\x00\x03\x00\x0e\x06\x0e\x00\x04\x00\x03\x00\x0e\x07"
  "\x00\x00\x0e\x00\x03\x00\x0e\x07\x01\x00\x0e\x00\x03\x00\x0e\x07\x02\x00\x0e\x00"
  "\x03\x00\x0e\x07\x03\x00\x0e\x00\x03\x00\x0e\x07\x04\x00\x0e\x00\x03\x00\x0e\x07"
  "\x05\x00\x0e\x00\x03\x00\x0e\x07\x06\x00\x0e\x00\x03\x00\x0e\x07\x07\x00\x0e\x00"
  "\x03\x00\x0e\x07\x08\x00\x0e\x00\x03\x00\x0e\x07\x09\x00\x0e\x00\x03\x00\x0e\x07"
  "\x0a\x00\x0e\x00\x03\x00\x0e\x07\x0b\x00\x0e\x00\x03\x00\x0e\x07\x0c\x00\x0e\x00"
  "\x03\x00\x0e\x07\x0d\x00\x0e\x00\x03\x00\x0e\x07\x0e\x00\x0e\x00\x03\x00\x0e\x08"
  "\x00\x00\x0f\x00\x03\x00\x0e\x08\x01\x00\x0f\x00\x03\x00\x0e\x08\x02\x00\x0f\x00"
  "\x03\x00\x0e\x08\x03\x00\x0f\x00\x03\x00\x0e\x08\x04\x00\x0f\x00\x03\x00\x0e\x08"
  "\x05\x00\x0f\x00\x03\x00\x0e\x08\x06\x00\x0f\x00\x03\x00\x0e\x08\x07\x00\x0f\x00"
  "\x03\x00\x0e\x08\x08\x00\x0f\x00\x03\x00\x0e\x08\x09\x00\x0f\x00\x03\x00\x0e\x08"
  "\x0a\x00\x0f\x00\x03\x00\x0e\x08\x0b\x00\x0f\x00\x03\x00\x0e\x08\x0c\x00\x0f\x00"
  "\x03\x00\x0e\x08\x0d\x00\x0f\x00\x03\x00\x0e\x08\x0e\x00\x0f\x00\x03\x00\x0e\x09"
  "\x00\x00\x0f\x00\x03\x00\x0e\x09\x01\x00\x0f\x00\x03\x00\x0e\x09\x02\x00\x0f\x00"
  "\x03\x00\x0e\x09\x03\x00\x0f\x00\x03\x00\x0e\x09\x04\x00\x0f\x00\x03\x00\x0e\x09"
  "\x05\x00\x0f\x00\x03\x00\x0e\x09\x06\x00\x0f\x00\x03\x00\x0e\x09\x07\x00\x0f\x00"
  "\x03\x00\x0e\x09\x08\x00\x0f\x00\x03\x00\x0e\x09\x09\x00\x0f\x00\x03\x00\x0e\x09"
  "\x0a\x00\x0f\x00\x03\x00\x0e\x09\x0b\x00\x0f\x00\x03\x00\x0e\x09\x0c\x00\x0f\x00"
  "\x03\x00\x0e\x09\x0d\x00\x0f\x00\x03\x00\x0e\x09\x0e\x00\x0f\x00\x03\x00\x0e\x0a"
  "\x00\x00\x0f\x00\x03\x00\x0e\x0a\x01\x00\x0f\x00\x03\x00\x0e\x0a\x02\x00\x0f\x00"
  "\x03\x00\x0e\x0a\x03\x00\x0f\x00\x03\x00\x0e\x0a\x04\x00\x0f\x00\x03\x00\x0e\x0a"
  "\x05\x00\x0f\x00\x03\x00\x0e\x0a\x06\x00\x0f\x00\x03\x00\x0e\x0a\x07\x00\x0f\x00"
  "\x03\x00\x0e\x0a\x08\x00\x0f\x00\x03\x00\x0e\x0a\x09\x00\x0f\x00\x03\x00\x0e\x0a"
  "\x0a\x00\x0f\x00\x03\x00\x0e\x0a\x0b\x00\x0f\x00\x03\x00\x0e\x0a\x0c\x00\x0f\x00"
  "\x03\x00\x0e\x0a\x0d\x00\x0f\x00\x03\x00\x0e\x0a\x0e\x00\x0f\x00\x03\x00\x0e\x0b"
  "\x00\x00\x0f\x00\x03\x00\x0e\x0b\x01\x00\x0f\x00\x03\x00\x0e\x0b\x02\x00\x0f\x00"
  "\x03\x00\x0e\x0b\x03\x00\x0f\x00\x03\x00\x0e\x0b\x04\x00\x0f\x00\x03\x00\x0e\x0b"
  "\x05\x00\x0f\x00\x03\x00\x0e\x0b\x06\x00\x0f\x00\x03\x00\x0e\x0b\x07\x00\x0f\x00"
  "\x03\x00\x0e\x0b\x08\x00\x0f\x00\x03\x00\x0e\x0b\x09\x00\x0f\x00\x03\x00\x0e\x0b"
  "\x0a\x00\x0f\x00\x03\x00\x0e\x0b\x0b\x00\x0f\x00\x03\x00\x0e\x0b\x0c\x00\x0f\x00"
  "\x03\x00\x0e\x0b\x0d\x00\x0f\x00\x03\x00\x0e\x0b\x0e\x00\x0f\x00\x03\x00\x0e\x0c"
  "\x00\x00\x04\x00\x03\x00\x0e\x0c\x01\x00\x04\x00\x03\x00\x0e\x0c\x02\x00\x04\x00"
  "\x03\x00\x0e\x0c\x03\x00\x04\x00\x03\x00\x0e\x0c\x04\x00\x04\x00\x03\x00\x0e\x0c"
  "\x05\x00\x04\x00\x03\x00\x0e\x0c\x06\x00\x04\x00\x03\x00\x0e\x0c\x07\x00\x04\x00"
  "\x03\x00\x0e\x0c\x08\x00\x04\x00\x03\x00\x0e\x0c\x09\x00\x04\x00\x03\x00\x0e\x0c"
  "\x0a\x00\x04\x00\x03\x00\x0e\x0c\x0b\x00\x04\x00\x03\x00\x0e\x0c\x0c\x00\x04\x00"
  "\x03\x00\x0e\x0c\x0d\x00\x04\x00\x03\x00\x0e\x0c\x0e\x00\x04\x00\x03\x00\x0e\x0d"
  "\x00\x00\x00\x00\x03\x00\x0e\x0d\x01\x00\x01\x00\x03\x00\x0e\x0d\x02\x00\x02\x00"
  "\x03\x00\x0e\x0d\x03\x00\x03\x00\x03\x00\x0e\x0d\x04\x00\x04\x00\x03\x00\x0e\x0d"
  "\x05\x00\x05\x00\x03\x00\x0e\x0d\x06\x00\x06\x00\x03\x00\x0e\x0d\x07\x00\x07\x00"
  "\x03\x00\x0e\x0d\x08\x00\x08\x00\x03\x00\x0e\x0d\x09\x00\x09\x00\x03\x00\x0e\x0d"
  "\x0a\x00\x0a\x00\x03\x00\x0e\x0d\x0b\x00\x0b\x00\x03\x00\x0e\x0d\x0c\x00\x0c\x00"
  "\x03\x00\x0e\x0d\x0d\x00\x0d\x00\x03\x00\x0e\x0d\x0e\x00\x0e\x00\x03\x00\x0e\x0e"
  "\x00\x00\x0f\x00\x03\x00\x0e\x0e\x01\x00\x0f\x00\x03\x00\x0e\x0e\x02\x00\x0f\x00"
  "\x03\x00\x0e\x0e\x03\x00\x0f\x00\x03\x00\x0e\x0e\x04\x00\x0f\x00\x03\x00\x0e\x0e"
  "\x05\x00\x0f\x00\x03\x00\x0e\x0e\x06\x00\x0f\x00\x03\x00\x0e\x0e\x07\x00\x0f\x00"
  "\x03\x00\x0e\x0e\x08\x00\x0f\x00\x03\x00\x0e\x0e\x09\x00\x0f\x00\x03\x00\x0e\x0e"
  "\x0a\x00\x0f\x00\x03\x00\x0e\x0e\x0b\x00\x0f\x00\x03\x00\x0e\x0e\x0c\x00\x0f\x00"
  "\x03\x00\x0e\x0e\x0d\x00\x0f\x00\x03\x00\x0e\x0e\x0e\x00\x0f\x00\x03\x00\x0e\x0f"
  "\x00\x00\x0f\x00\x03\x00\x0e\x0f\x01\x00\x0f\x00\x03\x00\x0e\x0f\x02\x00\x0f\x00"
  "\x03\x00\x0e\x0f\x03\x00\x0f\x00\x03\x00\x0e\x0f\x04\x00\x0f\x00\x03\x00\x0e\x0f"
  "\x05\x00\x0f\x00\x03\x00\x0e\x0f\x06\x00\x0f\x00\x03\x00\x0e\x0f\x07\x00\x0f\x00"
  "\x03\x00\x0e\x0f\x08\x00\x0f\x00\x03\x00\x0e\x0f\x09\x00\x0f\x00\x03\x00\x0e\x0f"
  "\x0a\x00\x0f\x00\x03\x00\x0e\x0f\x0b\x00\x0f\x00\x03\x00\x0e\x0f\x0c\x00\x0f\x00"
  "\x03\x00\x0e\x0f\x0d\x00\x0f\x00\x03\x00\x0e\x0f\x0e\x00\x0f\x00\x03\x00\x0e\x10"
  "\x00\x00\x0f\x00\x03\x00\x0e\x10\x01\x00\x0f\x00\x03\x00\x0e\x10\x02\x00\x0f\x00"
  "\x03\x00\x0e\x10\x03\x00\x0f\x00\x03\x00\x0e\x10\x04\x00\x0f\x00\x03\x00\x0e\x10"
  "\x05\x00\x0f\x00\x03\x00\x0e\x10\x06\x00\x0f\x00\x03\x00\x0e\x10\x07\x00\x0f\x00"
  "\x03\x00\x0e\x10\x08\x00\x0f\x00\x03\x00\x0e\x10\x09\x00\x0f\x00\x03\x00\x0e\x10"
  "\x0a\x00\x0f\x00\x03\x00\x0e\x10\x0b\x00\x0f\x00\x03\x00\x0e\x10\x0c\x00\x0f\x00"
  "\x03\x00\x0e\x10\x0d\x00\x0f\x00\x03\x00\x0e\x10\x0e\x00\x0f\x00\x03\x00\x0e\x11"
  "\x00\x00\x0f\x00\x03\x00\x0e\x11\x01\x00\x0f\x00\x03\x00\x0e\x11\x02\x00\x0f\x00"
  "\x03\x00\x0e\x11\x03\x00\x0f\x00\x03\x00\x0e\x11\x04\x00\x0f\x00\x03\x00\x0e\x11"
  "\x05\x00\x0f\x00\x03\x00\x0e\x11\x06\x00\x0f\x00\x03\x00\x0e\x11\x07\x00\x0f\x00"
  "\x03\x00\x0e\x11\x08\x00\x0f\x00\x03\x00\x0e\x11\x09\x00\x0f\x00\x03\x00\x0e\x11"
  "\x0a\x00\x0f\x00\x03\x00\x0e\x11\x0b\x00\x0f\x00\x03\x00\x0e\x11\x0c\x00\x0f\x00"
  "\x03\x00\x0e\x11\x0d\x00\x0f\x00\x03\x00\x0e\x11\x0e\x00\x0f\x00\x03\x00\x0e\x12"
  "\x00\x00\x0f\x00\x03\x00\x0e\x12\x01\x00\x0f\x00\x03\x00\x0e\x12\x02\x00\x0f\x00"
  "\x03\x00\x0e\x12\x03\x00\x0f\x00\x03\x00\x0e\x12\x04\x00\x0f\x00\x03\x00\x0e\x12"
  "\x05\x00\x0f\x00\x03\x00\x0e\x12\x06\x00\x0f\x00\x03\x00\x0e\x12\x07\x00\x0f\x00"
  "\x03\x00\x0e\x12\x08\x00\x0f\x00\x03\x00\x0e\x12\x09\x00\x0f\x00\x03\x00\x0e\x12"
  "\x0a\x00\x0f\x00\x03\x00\x0e\x12\x0b\x00\x0f\x00\x03\x00\x0e\x12\x0c\x00\x0f\x00"
  "\x03\x00\x0e\x12\x0d\x00\x0f\x00\x03\x00\x0e\x12\x0e\x00\x0f\x00\x04\x00\x00\x00"
  "\x00\x00\x04\x00\x04\x00\x00\x01\x00\x00\x00\x00\x04\x00\x00\x02\x00\x00\x04\x00"
  "\x04\x00\x00\x03\x00\x00\x03\x00\x04\x00\x00\x04\x00\x00\x05\x00\x04\x00\x01\x00"
  "\x00\x00\x03\x00\x04\x00\x01\x01\x00\x00\x01\x00\x04\x00\x01\x02\x00\x00\x03\x00"
  "\x04\x00\x01\x03\x00\x00\x03\x00\x04\x00\x01\x04\x00\x00\x03\x00\x04\x00\x02\x00"
  "\x00\x00\x04\x00\x04\x00\x02\x01\x00\x00\x02\x00\x04\x00\x02\x02\x00\x00\x04\x00"
  "\x04\x00\x02\x03\x00\x00\x03\x00\x04\x00\x02\x04\x00\x00\x03\x00\x04\x00\x03\x00"
  "\x00\x00\x03\x00\x04\x00\x03\x01\x00\x00\x03\x00\x04\x00\x03\x02\x00\x00\x03\x00"
  "\x04\x00\x03\x03\x00\x00\x03\x00\x04\x00\x03\x04\x00\x00\x03\x00\x04\x00\x04\x00"
  "\x00\x00\x04\x00\x04\x00\x04\x01\x00\x00\x03\x00\x04\x00\x04\x02\x00\x00\x04\x00"
  "\x04\x00\x04\x03\x00\x00\x03\x00\x04\x00\x04\x04\x00\x00\x03\x00\x04\x00\x05\x00"
  "\x00\x00\x03\x00\x04\x00\x05\x01\x00\x00\x06\x00\x04\x00\x05\x02\x00\x00\x03\x00"
  "\x04\x00\x05\x03\x00\x00\x03\x00\x04\x00\x05\x04\x00\x00\x03\x00\x05\x00\x00\x00"
  "\x00\x00\x00\x00\x05\x00\x00\x01\x00\x00\x39\x00\x05\x00\x00\x02\x00\x00\x2c\x00"
  "\x05\x00\x00\x03\x00\x00\x35\x00\x05\x00\x00\x04\x00\x00\x33\x00\x05\x00\x00\x05"
  "\x00\x00\x36\x00\x05\x00\x00\x06\x00\x00\x34\x00\x05\x00\x00\x07\x00\x00\x0e\x00"
  "\x05\x00\x00\x08\x00\x00\x2d\x00\x05\x00\x00\x09\x00\x00\x39\x00\x05\x00\x00\x0a"
  "\x00\x00\x01\x00\x05\x00\x00\x0b\x00\x00\x2e\x00\x05\x00\x00\x0c\x00\x00\x3f\x00"
  "\x05\x00\x00\x0d\x00\x00\x31\x00\x05\x00\x00\x0e\x00\x00\x32\x00\x05\x00\x00\x0f"
  "\x00\x00\x3c\x00\x05\x00\x00\x10\x00\x00\x3a\x00\x05\x00\x00\x11\x00\x00\x3d\x00"
  "\x05\x00\x00\x12\x00\x00\x3b\x00\x05\x00\x00\x13\x00\x00\x2b\x00\x05\x00\x00\x14"
  "\x00\x00\x41\x00\x05\x00\x00\x15\x00\x00\x41\x00\x05\x00\x00\x16\x00\x00\x41\x00"
  "\x05\x00\x00\x17\x00\x00\x41\x00\x05\x00\x00\x18\x00\x00\x41\x00\x05\x00\x00\x19"
  "\x00\x00\x41\x00\x05\x00\x00\x1a\x00\x00\x41\x00\x05\x00\x00\x1b\x00\x00\x41\x00"
  "\x05\x00\x00\x1c\x00\x00\x41\x00\x05\x00\x00\x1d\x00\x00\x41\x00\x05\x00\x00\x1e"
  "\x00\x00\x41\x00\x05\x00\x00\x1f\x00\x00\x41\x00\x05\x00\x00\x20\x00\x00\x41\x00"
  "\x05\x00\x00\x21\x00\x00\x41\x00\x05\x00\x00\x22\x00\x00\x41\x00\x05\x00\x00\x23"
  "\x00\x00\x41\x00\x05\x00\x00\x24\x00\x00\x41\x00\x05\x00\x00\x25\x00\x00\x41\x00"
  "\x05\x00\x00\x26\x00\x00\x41\x00\x05\x00\x00\x27\x00\x00\x41\x00\x05\x00\x00\x28"
  "\x00\x00\x41\x00\x05\x00\x00\x29\x00\x00\x41\x00\x05\x00\x00\x2a\x00\x00\x41\x00"
  "\x05\x00\x00\x2b\x00\x00\x41\x00\x05\x00\x00\x2c\x00\x00\x41\x00\x05\x00\x00\x2d"
  "\x00\x00\x41\x00\x05\x00\x00\x2e\x00\x00\x41\x00\x05\x00\x00\x2f\x00\x00\x41\x00"
  "\x05\x00\x00\x30\x00\x00\x41\x00\x05\x00\x00\x31\x00\x00\x41\x00\x05\x00\x00\x32"
  "\x00\x00\x41\x00\x05\x00\x00\x33\x00\x00\x41\x00\x05\x00\x00\x34\x00\x00\x41\x00"
  "\x05\x00\x00\x35\x00\x00\x41\x00\x05\x00\x00\x36\x00\x00\x41\x00\x05\x00\x00\x37"
  "\x00\x00\x41\x00\x05\x00\x00\x38\x00\x00\x41\x00\x05\x00\x00\x39\x00\x00\x41\x00"
  "\x05\x00\x00\x3a\x00\x00\x41\x00\x05\x00\x00\x3b\x00\x00\x41\x00\x05\x00\x00\x3c"
  "\x00\x00\x41\x00\x05\x00\x00\x3d\x00\x00\x41\x00\x05\x00\x00\x3e\x00\x00\x41\x00"
  "\x05\x00\x00\x3f\x00\x00\x41\x00\x05\x00\x00\x40\x00\x00\x41\x00\x05\x00\x00\x41"
  "\x00\x00\x41\x00\x05\x00\x01\x00\x00\x00\x41\x00\x05\x00\x01\x01\x00\x00\x41\x00"
  "\x05\x00\x01\x02\x00\x00\x41\x00\x05\x00\x01\x03\x00\x00\x41\x00\x05\x00\x01\x04"
  "\x00\x00\x41\x00\x05\x00\x01\x05\x00\x00\x41\x00\x05\x00\x01\x06\x00\x00\x41\x00"
  "\x05\x00\x01\x07\x00\x00\x41\x00\x05\x00\x01\x08\x00\x00\x41\x00\x05\x00\x01\x09"
  "\x00\x00\x41\x00\x05\x00\x01\x0a\x00\x00\x41\x00\x05\x00\x01\x0b\x00\x00\x41\x00"
  "\x05\x00\x01\x0c\x00\x00\x41\x00\x05\x00\x01\x0d\x00\x00\x41\x00\x05\x00\x01\x0e"
  "\x00\x00\x41\x00\x05\x00\x01\x0f\x00\x00\x41\x00\x05\x00\x01\x10\x00\x00\x41\x00"
  "\x05\x00\x01\x11\x00\x00\x41\x00\x05\x00\x01\x12\x00\x00\x41\x00\x05\x00\x01\x13"
  "\x00\x00\x41\x00\x05\x00\x01\x14\x00\x00\x2a\x00\x05\x00\x01\x15\x00\x00\x38\x00"
  "\x05\x00\x01\x16\x00\x00\x29\x00\x05\x00\x01\x17\x00\x00\x28\x00\x05\x00\x01\x18"
  "\x00\x00\x37\x00\x05\x00\x01\x19\x00\x00\x40\x00\x05\x00\x01\x1a\x00\x00\x41\x00"
  "\x05\x00\x01\x1b\x00\x00\x41\x00\x05\x00\x01\x1c\x00\x00\x41\x00\x05\x00\x01\x1d"
  "\x00\x00\x41\x00\x05\x00\x01\x1e\x00\x00\x41\x00\x05\x00\x01\x1f\x00\x00\x41\x00"
  "\x05\x00\x01\x20\x00\x00\x41\x00\x05\x00\x01\x21\x00\x00\x41\x00\x05\x00\x01\x22"
  "\x00\x00\x41\x00\x05\x00\x01\x23\x00\x00\x41\x00\x05\x00\x01\x24\x00\x00\x41\x00"
  "\x05\x00\x01\x25\x00\x00\x41\x00\x05\x00\x01\x26\x00\x00\x41\x00\x05\x00\x01\x27"
  "\x00\x00\x41\x00\x05\x00\x01\x28\x00\x00\x41\x00\x05\x00\x01\x29\x00\x00\x41\x00"
  "\x05\x00\x01\x2a\x00\x00\x41\x00\x05\x00\x01\x2b\x00\x00\x41\x00\x05\x00\x01\x2c"
  "\x00\x00\x41\x00\x05\x00\x01\x2d\x00\x00\x41\x00\x05\x00\x01\x2e\x00\x00\x41\x00"
  "\x05\x00\x01\x2f\x00\x00\x41\x00\x05\x00\x01\x30\x00\x00\x41\x00\x05\x00\x01\x31"
  "\x00\x00\x41\x00\x05\x00\x01\x32\x00\x00\x41\x00\x05\x00\x01\x33\x00\x00\x41\x00"
  "\x05\x00\x01\x34\x00\x00\x41\x00\x05\x00\x01\x35\x00\x00\x41\x00\x05\x00\x01\x36"
  "\x00\x00\x41\x00\x05\x00\x01\x37\x00\x00\x41\x00\x05\x00\x01\x38\x00\x00\x41\x00"
  "\x05\x00\x01\x39\x00\x00\x41\x00\x05\x00\x01\x3a\x00\x00\x41\x00\x05\x00\x01\x3b"
  "\x00\x00\x41\x00\x05\x00\x01\x3c\x00\x00\x41\x00\x05\x00\x01\x3d\x00\x00\x41\x00"
  "\x05\x00\x01\x3e\x00\x00\x41\x00\x05\x00\x01\x3f\x00\x00\x41\x00\x05\x00\x01\x40"
  "\x00\x00\x41\x00\x05\x00\x01\x41\x00\x00\x41\x00\x05\x00\x02\x00\x00\x00\x41\x00"
  "\x05\x00\x02\x01\x00\x00\x41\x00\x05\x00\x02\x02\x00\x00\x41\x00\x05\x00\x02\x03"
  "\x00\x00\x41\x00\x05\x00\x02\x04\x00\x00\x41\x00\x05\x00\x02\x05\x00\x00\x41\x00"
  "\x05\x00\x02\x06\x00\x00\x41\x00\x05\x00\x02\x07\x00\x00\x41\x00\x05\x00\x02\x08"
  "\x00\x00\x41\x00\x05\x00\x02\x09\x00\x00\x41\x00\x05\x00\x02\x0a\x00\x00\x41\x00"
  "\x05\x00\x02\x0b\x00\x00\x41\x00\x05\x00\x02\x0c\x00\x00\x41\x00\x05\x00\x02\x0d"
  "\x00\x00\x41\x00\x05\x00\x02\x0e\x00\x00\x41\x00\x05\x00\x02\x0f\x00\x00\x41\x00"
  "\x05\x00\x02\x10\x00\x00\x41\x00\x05\x00\x02\x11\x00\x00\x41\x00\x05\x00\x02\x12"
  "\x00\x00\x41\x00\x05\x00\x02\x13\x00\x00\x41\x00\x05\x00\x02\x14\x00\x00\x41\x00"
  "\x05\x00\x02\x15\x00\x00\x41\x00\x05\x00\x02\x16\x00\x00\x41\x00\x05\x00\x02\x17"
  "\x00\x00\x41\x00\x05\x00\x02\x18\x00\x00\x41\x00\x05\x00\x02\x19\x00\x00\x41\x00"
  "\x05\x00\x02\x1a\x00\x00\x26\x00\x05\x00\x02\x1b\x00\x00\x27\x00\x05\x00\x02\x1c"
  "\x00\x00\x30\x00\x05\x00\x02\x1d\x00\x00\x41\x00\x05\x00\x02\x1e\x00\x00\x41\x00"
  "\x05\x00\x02\x1f\x00\x00\x41\x00\x05\x00\x02\x20\x00\x00\x41\x00\x05\x00\x02\x21"
  "\x00\x00\x41\x00\x05\x00\x02\x22\x00\x00\x41\x00\x05\x00\x02\x23\x00\x00\x41\x00"
  "\x05\x00\x02\x24\x00\x00\x41\x00\x05\x00\x02\x25\x00\x00\x41\x00\x05\x00\x02\x26"
  "\x00\x00\x41\x00\x05\x00\x02\x27\x00\x00\x41\x00\x05\x00\x02\x28\x00\x00\x41\x00"
  "\x05\x00\x02\x29\x00\x00\x41\x00\x05\x00\x02\x2a\x00\x00\x41\x00\x05\x00\x02\x2b"
  "\x00\x00\x41\x00\x05\x00\x02\x2c\x00\x00\x41\x00\x05\x00\x02\x2d\x00\x00\x41\x00"
  "\x05\x00\x02\x2e\x00\x00\x41\x00\x05\x00\x02\x2f\x00\x00\x41\x00\x05\x00\x02\x30"
  "\x00\x00\x41\x00\x05\x00\x02\x31\x00\x00\x41\x00\x05\x00\x02\x32\x00\x00\x41\x00"
  "\x05\x00\x02\x33\x00\x00\x41\x00\x05\x00\x02\x34\x00\x00\x41\x00\x05\x00\x02\x35"
  "\x00\x00\x41\x00\x05\x00\x02\x36\x00\x00\x41\x00\x05\x00\x02\x37\x00\x00\x41\x00"
  "\x05\x00\x02\x38\x00\x00\x41\x00\x05\x00\x02\x39\x00\x00\x41\x00\x05\x00\x02\x3a"
  "\x00\x00\x41\x00\x05\x00\x02\x3b\x00\x00\x41\x00\x05\x00\x02\x3c\x00\x00\x41\x00"
  "\x05\x00\x02\x3d\x00\x00\x41\x00\x05\x00\x02\x3e\x00\x00\x41\x00\x05\x00\x02\x3f"
  "\x00\x00\x41\x00\x05\x00\x02\x40\x00\x00\x41\x00\x05\x00\x02\x41\x00\x00\x41\x00"
  "\x05\x00\x03\x00\x00\x00\x41\x00\x05\x00\x03\x01\x00\x00\x41\x00\x05\x00\x03\x02"
  "\x00\x00\x41\x00\x05\x00\x03\x03\x00\x00\x41\x00\x05\x00\x03\x04\x00\x00\x41\x00"
  "\x05\x00\x03\x05\x00\x00\x41\x00\x05\x00\x03\x06\x00\x00\x41\x00\x05\x00\x03\x07"
  "\x00\x00\x41\x00\x05\x00\x03\x08\x00\x00\x41\x00\x05\x00\x03\x09\x00\x00\x41\x00"
  "\x05\x00\x03\x0a\x00\x00\x41\x00\x05\x00\x03\x0b\x00\x00\x41\x00\x05\x00\x03\x0c"
  "\x00\x00\x41\x00\x05\x00\x03\x0d\x00\x00\x41\x00\x05\x00\x03\x0e\x00\x00\x41\x00"
  "\x05\x00\x03\x0f\x00\x00\x41\x00\x05\x00\x03\x10\x00\x00\x41\x00\x05\x00\x03\x11"
  "\x00\x00\x41\x00\x05\x00\x03\x12\x00\x00\x41\x00\x05\x00\x03\x13\x00\x00\x41\x00"
  "\x05\x00\x03\x14\x00\x00\x41\x00\x05\x00\x03\x15\x00\x00\x41\x00\x05\x00\x03\x16"
  "\x00\x00\x41\x00\x05\x00\x03\x17\x00\x00\x41\x00\x05\x00\x03\x18\x00\x00\x41\x00"
  "\x05\x00\x03\x19\x00\x00\x41\x00\x05\x00\x03\x1a\x00\x00\x41\x00\x05\x00\x03\x1b"
  "\x00\x00\x41\x00\x05\x00\x03\x1c\x00\x00\x41\x00\x05\x00\x03\x1d\x00\x00\x03\x00"
  "\x05\x00\x03\x1e\x00\x00\x04\x00\x05\x00\x03\x1f\x00\x00\x02\x00\x05\x00\x03\x20"
  "\x00\x00\x20\x00\x05\x00\x03\x21\x00\x00\x05\x00\x05\x00\x03\x22\x00\x00\x41\x00"
  "\x05\x00\x03\x23\x00\x00\x41\x00\x05\x00\x03\x24\x00\x00\x41\x00\x05\x00\x03\x25"
  "\x00\x00\x41\x00\x05\x00\x03\x26\x00\x00\x41\x00\x05\x00\x03\x27\x00\x00\x41\x00"
  "\x05\x00\x03\x28\x00\x00\x41\x00\x05\x00\x03\x29\x00\x00\x41\x00\x05\x00\x03\x2a"
  "\x00\x00\x41\x00\x05\x00\x03\x2b\x00\x00\x41\x00\x05\x00\x03\x2c\x00\x00\x41\x00"
  "\x05\x00\x03\x2d\x00\x00\x41\x00\x05\x00\x03\x2e\x00\x00\x41\x00\x05\x00\x03\x2f"
  "\x00\x00\x41\x00\x05\x00\x03\x30\x00\x00\x41\x00\x05\x00\x03\x31\x00\x00\x41\x00"
  "\x05\x00\x03\x32\x00\x00\x41\x00\x05\x00\x03\x33\x00\x00\x41\x00\x05\x00\x03\x34"
  "\x00\x00\x41\x00\x05\x00\x03\x35\x00\x00\x41\x00\x05\x00\x03\x36\x00\x00\x41\x00"
  "\x05\x00\x03\x37\x00\x00\x41\x00\x05\x00\x03\x38\x00\x00\x41\x00\x05\x00\x03\x39"
  "\x00\x00\x41\x00\x05\x00\x03\x3a\x00\x00\x41\x00\x05\x00\x03\x3b\x00\x00\x41\x00"
  "\x05\x00\x03\x3c\x00\x00\x41\x00\x05\x00\x03\x3d\x00\x00\x41\x00\x05\x00\x03\x3e"
  "\x00\x00\x41\x00\x05\x00\x03\x3f\x00\x00\x41\x00\x05\x00\x03\x40\x00\x00\x41\x00"
  "\x05\x00\x03\x41\x00\x00\x41\x00\x05\x00\x04\x00\x00\x00\x41\x00\x05\x00\x04\x01"
  "\x00\x00\x41\x00\x05\x00\x04\x02\x00\x00\x41\x00\x05\x00\x04\x03\x00\x00\x41\x00"
  "\x05\x00\x04\x04\x00\x00\x41\x00\x05\x00\x04\x05\x00\x00\x41\x00\x05\x00\x04\x06"
  "\x00\x00\x41\x00\x05\x00\x04\x07\x00\x00\x41\x00\x05\x00\x04\x08\x00\x00\x41\x00"
  "\x05\x00\x04\x09\x00\x00\x41\x00\x05\x00\x04\x0a\x00\x00\x41\x00\x05\x00\x04\x0b"
  "\x00\x00\x41\x00\x05\x00\x04\x0c\x00\x00\x41\x00\x05\x00\x04\x0d\x00\x00\x41\x00"
  "\x05\x00\x04\x0e\x00\x00\x41\x00\x05\x00\x04\x0f\x00\x00\x41\x00\x05\x00\x04\x10"
  "\x00\x00\x41\x00\x05\x00\x04\x11\x00\x00\x41\x00\x05\x00\x04\x12\x00\x00\x41\x00"
  "\x05\x00\x04\x13\x00\x00\x41\x00\x05\x00\x04\x14\x00\x00\x41\x00\x05\x00\x04\x15"
  "\x00\x00\x41\x00\x05\x00\x04\x16\x00\x00\x41\x00\x05\x00\x04\x17\x00\x00\x41\x00"
  "\x05\x00\x04\x18\x00\x00\x41\x00\x05\x00\x04\x19\x00\x00\x41\x00\x05\x00\x04\x1a"
  "\x00\x00\x41\x00\x05\x00\x04\x1b\x00\x00\x41\x00\x05\x00\x04\x1c\x00\x00\x41\x00"
  "\x05\x00\x04\x1d\x00\x00\x41\x00\x05\x00\x04\x1e\x00\x00\x41\x00\x05\x00\x04\x1f"
  "\x00\x00\x41\x00\x05\x00\x04\x20\x00\x00\x41\x00\x05\x00\x04\x21\x00\x00\x41\x00"
  "\x05\x00\x04\x22\x00\x00\x25\x00\x05\x00\x04\x23\x00\x00\x2f\x00\x05\x00\x04\x24"
  "\x00\x00\x3e\x00\x05\x00\x04\x25\x00\x00\x0f\x00\x05\x00\x04\x26\x00\x00\x41\x00"
  "\x05\x00\x04\x27\x00\x00\x41\x00\x05\x00\x04\x28\x00\x00\x41\x00\x05\x00\x04\x29"
  "\x00\x00\x41\x00\x05\x00\x04\x2a\x00\x00\x41\x00\x05\x00\x04\x2b\x00\x00\x41\x00"
  "\x05\x00\x04\x2c\x00\x00\x41\x00\x05\x00\x04\x2d\x00\x00\x41\x00\x05\x00\x04\x2e"
  "\x00\x00\x41\x00\x05\x00\x04\x2f\x00\x00\x41\x00\x05\x00\x04\x30\x00\x00\x41\x00"
  "\x05\x00\x04\x31\x00\x00\x41\x00\x05\x00\x04\x32\x00\x00\x41\x00\x05\x00\x04\x33"
  "\x00\x00\x41\x00\x05\x00\x04\x34\x00\x00\x41\x00\x05\x00\x04\x35\x00\x00\x41\x00"
  "\x05\x00\x04\x36\x00\x00\x41\x00\x05\x00\x04\x37\x00\x00\x41\x00\x05\x00\x04\x38"
  "\x00\x00\x41\x00\x05\x00\x04\x39\x00\x00\x41\x00\x05\x00\x04\x3a\x00\x00\x41\x00"
  "\x05\x00\x04\x3b\x00\x00\x41\x00\x05\x00\x04\x3c\x00\x00\x41\x00\x05\x00\x04\x3d"
  "\x00\x00\x41\x00\x05\x00\x04\x3e\x00\x00\x41\x00\x05\x00\x04\x3f\x00\x00\x41\x00"
  "\x05\x00\x04\x40\x00\x00\x41\x00\x05\x00\x04\x41\x00\x00\x41\x00\x05\x00\x05\x00"
  "\x00\x00\x41\x00\x05\x00\x05\x01\x00\x00\x41\x00\x05\x00\x05\x02\x00\x00\x41\x00"
  "\x05\x00\x05\x03\x00\x00\x41\x00\x05\x00\x05\x04\x00\x00\x41\x00\x05\x00\x05\x05"
  "\x00\x00\x41\x00\x05\x00\x05\x06\x00\x00\x41\x00\x05\x00\x05\x07\x00\x00\x41\x00"
  "\x05\x00\x05\x08\x00\x00\x41\x00\x05\x00\x05\x09\x00\x00\x41\x00\x05\x00\x05\x0a"
  "\x00\x00\x41\x00\x05\x00\x05\x0b\x00\x00\x41\x00\x05\x00\x05\x0c\x00\x00\x41\x00"
  "\x05\x00\x05\x0d\x00\x00\x41\x00\x05\x00\x05\x0e\x00\x00\x41\x00\x05\x00\x05\x0f"
  "\x00\x00\x41\x00\x05\x00\x05\x10\x00\x00\x41\x00\x05\x00\x05\x11\x00\x00\x41\x00"
  "\x05\x00\x05\x12\x00\x00\x41\x00\x05\x00\x05\x13\x00\x00\x41\x00\x05\x00\x05\x14"
  "\x00\x00\x41\x00\x05\x00\x05\x15\x00\x00\x41\x00\x05\x00\x05\x16\x00\x00\x41\x00"
  "\x05\x00\x05\x17\x00\x00\x41\x00\x05\x00\x05\x18\x00\x00\x41\x00\x05\x00\x05\x19"
  "\x00\x00\x41\x00\x05\x00\x05\x1a\x00\x00\x41\x00\x05\x00\x05\x1b\x00\x00\x41\x00"
  "\x05\x00\x05\x1c\x00\x00\x41\x00\x05\x00\x05\x1d\x00\x00\x41\x00\x05\x00\x05\x1e"
  "\x00\x00\x41\x00\x05\x00\x05\x1f\x00\x00\x41\x00\x05\x00\x05\x20\x00\x00\x41\x00"
  "\x05\x00\x05\x21\x00\x00\x41\x00\x05\x00\x05\x22\x00\x00\x41\x00\x05\x00\x05\x23"
  "\x00\x00\x41\x00\x05\x00\x05\x24\x00\x00\x41\x00\x05\x00\x05\x25\x00\x00\x41\x00"
  "\x05\x00\x05\x26\x00\x00\x11\x00\x05\x00\x05\x27\x00\x00\x24\x00\x05\x00\x05\x28"
  "\x00\x00\x1f\x00\x05\x00\x05\x29\x00\x00\x13\x00\x05\x00\x05\x2a\x00\x00\x1c\x00"
  "\x05\x00\x05\x2b\x00\x00\x18\x00\x05\x00\x05\x2c\x00\x00\x15\x00\x05\x00\x05\x2d"
  "\x00\x00\x10\x00\x05\x00\x05\x2e\x00\x00\x23\x00\x05\x00\x05\x2f\x00\x00\x1e\x00"
  "\x05\x00\x05\x30\x00\x00\x12\x00\x05\x00\x05\x31\x00\x00\x1a\x00\x05\x00\x05\x32"
  "\x00\x00\x16\x00\x05\x00\x05\x33\x00\x00\x14\x00\x05\x00\x05\x34\x00\x00\x09\x00"
  "\x05\x00\x05\x35\x00\x00\x0c\x00\x05\x00\x05\x36\x00\x00\x0a\x00\x05\x00\x05\x37"
  "\x00\x00\x0d\x00\x05\x00\x05\x38\x00\x00\x06\x00\x05\x00\x05\x39\x00\x00\x08\x00"
  "\x05\x00\x05\x3a\x00\x00\x0b\x00\x05\x00\x05\x3b\x00\x00\x07\x00\x05\x00\x05\x3c"
  "\x00\x00\x22\x00\x05\x00\x05\x3d\x00\x00\x21\x00\x05\x00\x05\x3e\x00\x00\x1d\x00"
  "\x05\x00\x05\x3f\x00\x00\x19\x00\x05\x00\x05\x40\x00\x00\x1b\x00\x05\x00\x05\x41"
  "\x00\x00\x17\x00\x06\x00\x00\x00\x00\x00\x00\x00\x06\x00\x00\x00\x01\x00\x01\x00"
  "\x06\x00\x00\x01\x00\x00\x00\x00\x06\x00\x00\x01\x01\x00\x01\x00\x06\x00\x00\x02"
  "\x00\x00\x02\x00\x06\x00\x00\x02\x01\x00\x02\x00\x06\x00\x01\x00\x00\x00\x00\x00"
  "\x06\x00\x01\x00\x01\x00\x01\x00\x06\x00\x01\x01\x00\x00\x00\x00\x06\x00\x01\x01"
  "\x01\x00\x01\x00\x06\x00\x01\x02\x00\x00\x02\x00\x06\x00\x01\x02\x01\x00\x02\x00"
  "\x06\x00\x02\x00\x00\x00\x00\x00\x06\x00\x02\x00\x01\x00\x01\x00\x06\x00\x02\x01"
  "\x00\x00\x00\x00\x06\x00\x02\x01\x01\x00\x01\x00\x06\x00\x02\x02\x00\x00\x02\x00"
  "\x06\x00\x02\x02\x01\x00\x02\x00\x06\x00\x03\x00\x00\x00\x00\x00\x06\x00\x03\x00"
  "\x01\x00\x01\x00\x06\x00\x03\x01\x00\x00\x00\x00\x06\x00\x03\x01\x01\x00\x01\x00"
  "\x06\x00\x03\x02\x00\x00\x02\x00\x06\x00\x03\x02\x01\x00\x02\x00\x06\x00\x04\x00"
  "\x00\x00\x00\x00\x06\x00\x04\x00\x01\x00\x01\x00\x06\x00\x04\x01\x00\x00\x00\x00"
  "\x06\x00\x04\x01\x01\x00\x01\x00\x06\x00\x04\x02\x00\x00\x02\x00\x06\x00\x04\x02"
  "\x01\x00\x02\x00\x06\x00\x05\x00\x00\x00\x00\x00\x06\x00\x05\x00\x01\x00\x01\x00"
  "\x06\x00\x05\x01\x00\x00\x00\x00\x06\x00\x05\x01\x01\x00\x01\x00\x06\x00\x05\x02"
  "\x00\x00\x02\x00\x06\x00\x05\x02\x01\x00\x02\x00\x06\x00\x06\x00\x00\x00\x00\x00"
  "\x06\x00\x06\x00\x01\x00\x01\x00\x06\x00\x06\x01\x00\x00\x00\x00\x06\x00\x06\x01"
  "\x01\x00\x01\x00\x06\x00\x06\x02\x00\x00\x02\x00\x06\x00\x06\x02\x01\x00\x02\x00"
  "\x06\x00\x07\x00\x00\x00\x00\x00\x06\x00\x07\x00\x01\x00\x01\x00\x06\x00\x07\x01"
  "\x00\x00\x00\x00\x06\x00\x07\x01\x01\x00\x01\x00\x06\x00\x07\x02\x00\x00\x02\x00"
  "\x06\x00\x07\x02\x01\x00\x02\x00\x06\x00\x08\x00\x00\x00\x00\x00\x06\x00\x08\x00"
  "\x01\x00\x01\x00\x06\x00\x08\x01\x00\x00\x00\x00\x06\x00\x08\x01\x01\x00\x01\x00"
  "\x06\x00\x08\x02\x00\x00\x02\x00\x06\x00\x08\x02\x01\x00\x02\x00\x06\x00\x09\x00"
  "\x00\x00\x00\x00\x06\x00\x09\x00\x01\x00\x01\x00\x06\x00\x09\x01\x00\x00\x00\x00"
  "\x06\x00\x09\x01\x01\x00\x01\x00\x06\x00\x09\x02\x00\x00\x02\x00\x06\x00\x09\x02"
  "\x01\x00\x02\x00\x06\x00\x0a\x00\x00\x00\x00\x00\x06\x00\x0a\x00\x01\x00\x01\x00"
  "\x06\x00\x0a\x01\x00\x00\x00\x00\x06\x00\x0a\x01\x01\x00\x01\x00\x06\x00\x0a\x02"
  "\x00\x00\x02\x00\x06\x00\x0a\x02\x01\x00\x02\x00\x06\x00\x0b\x00\x00\x00\x00\x00"
  "\x06\x00\x0b\x00\x01\x00\x01\x00\x06\x00\x0b\x01\x00\x00\x00\x00\x06\x00\x0b\x01"
  "\x01\x00\x01\x00\x06\x00\x0b\x02\x00\x00\x02\x00\x06\x00\x0b\x02\x01\x00\x02\x00"
  "\x06\x00\x0c\x00\x00\x00\x00\x00\x06\x00\x0c\x00\x01\x00\x01\x00\x06\x00\x0c\x01"
  "\x00\x00\x00\x00\x06\x00\x0c\x01\x01\x00\x01\x00\x06\x00\x0c\x02\x00\x00\x02\x00"
  "\x06\x00\x0c\x02\x01\x00\x02\x00\x06\x00\x0d\x00\x00\x00\x00\x00\x06\x00\x0d\x00"
  "\x01\x00\x01\x00\x06\x00\x0d\x01\x00\x00\x00\x00\x06\x00\x0d\x01\x01\x00\x01\x00"
  "\x06\x00\x0d\x02\x00\x00\x02\x00\x06\x00\x0d\x02\x01\x00\x02\x00\x06\x00\x0e\x00"
  "\x00\x00\x00\x00\x06\x00\x0e\x00\x01\x00\x01\x00\x06\x00\x0e\x01\x00\x00\x00\x00"
  "\x06\x00\x0e\x01\x01\x00\x01\x00\x06\x00\x0e\x02\x00\x00\x02\x00\x06\x00\x0e\x02"
  "\x01\x00\x02\x00\x06\x00\x0f\x00\x00\x00\x00\x00\x06\x00\x0f\x00\x01\x00\x01\x00"
  "\x06\x00\x0f\x01\x00\x00\x00\x00\x06\x00\x0f\x01\x01\x00\x01\x00\x06\x00\x0f\x02"
  "\x00\x00\x02\x00\x06\x00\x0f\x02\x01\x00\x02\x00\x06\x00\x10\x00\x00\x00\x00\x00"
  "\x06\x00\x10\x00\x01\x00\x01\x00\x06\x00\x10\x01\x00\x00\x00\x00\x06\x00\x10\x01"
  "\x01\x00\x01\x00\x06\x00\x10\x02\x00\x00\x02\x00\x06\x00\x10\x02\x01\x00\x02\x00"
  "\x06\x00\x11\x00\x00\x00\x00\x00\x06\x00\x11\x00\x01\x00\x01\x00\x06\x00\x11\x01"
  "\x00\x00\x00\x00\x06\x00\x11\x01\x01\x00\x01\x00\x06\x00\x11\x02\x00\x00\x02\x00"
  "\x06\x00\x11\x02\x01\x00\x02\x00\x06\x00\x12\x00\x00\x00\x00\x00\x06\x00\x12\x00"
  "\x01\x00\x01\x00\x06\x00\x12\x01\x00\x00\x00\x00\x06\x00\x12\x01\x01\x00\x01\x00"
  "\x06\x00\x12\x02\x00\x00\x02\x00\x06\x00\x12\x02\x01\x00\x02\x00\x06\x00\x13\x00"
  "\x00\x00\x03\x00\x06\x00\x13\x00\x01\x00\x04\x00\x06\x00\x13\x01\x00\x00\x03\x00"
  "\x06\x00\x13\x01\x01\x00\x04\x00\x06\x00\x13\x02\x00\x00\x03\x00\x06\x00\x13\x02"
  "\x01\x00\x04\x00\x06\x00\x14\x00\x00\x00\x03\x00\x06\x00\x14\x00\x01\x00\x04\x00"
  "\x06\x00\x14\x01\x00\x00\x03\x00\x06\x00\x14\x01\x01\x00\x04\x00\x06\x00\x14\x02"
  "\x00\x00\x03\x00\x06\x00\x14\x02\x01\x00\x04\x00\x06\x00\x15\x00\x00\x00\x03\x00"
  "\x06\x00\x15\x00\x01\x00\x04\x00\x06\x00\x15\x01\x00\x00\x03\x00\x06\x00\x15\x01"
  "\x01\x00\x04\x00\x06\x00\x15\x02\x00\x00\x03\x00\x06\x00\x15\x02\x01\x00\x04\x00"
  "\x06\x00\x16\x00\x00\x00\x03\x00\x06\x00\x16\x00\x01\x00\x04\x00\x06\x00\x16\x01"
  "\x00\x00\x03\x00\x06\x00\x16\x01\x01\x00\x04\x00\x06\x00\x16\x02\x00\x00\x03\x00"
  "\x06\x00\x16\x02\x01\x00\x04\x00\x06\x00\x17\x00\x00\x00\x03\x00\x06\x00\x17\x00"
  "\x01\x00\x04\x00\x06\x00\x17\x01\x00\x00\x03\x00\x06\x00\x17\x01\x01\x00\x04\x00"
  "\x06\x00\x17\x02\x00\x00\x03\x00\x06\x00\x17\x02\x01\x00\x04\x00\x06\x00\x18\x00"
  "\x00\x00\x03\x00\x06\x00\x18\x00\x01\x00\x04\x00\x06\x00\x18\x01\x00\x00\x03\x00"
  "\x06\x00\x18\x01\x01\x00\x04\x00\x06\x00\x18\x02\x00\x00\x03\x00\x06\x00\x18\x02"
  "\x01\x00\x04\x00\x06\x00\x19\x00\x00\x00\x03\x00\x06\x00\x19\x00\x01\x00\x04\x00"
  "\x06\x00\x19\x01\x00\x00\x03\x00\x06\x00\x19\x01\x01\x00\x04\x00\x06\x00\x19\x02"
  "\x00\x00\x03\x00\x06\x00\x19\x02\x01\x00\x04\x00\x06\x00\x1a\x00\x00\x00\x03\x00"
  "\x06\x00\x1a\x00\x01\x00\x04\x00\x06\x00\x1a\x01\x00\x00\x03\x00\x06\x00\x1a\x01"
  "\x01\x00\x04\x00\x06\x00\x1a\x02\x00\x00\x03\x00\x06\x00\x1a\x02\x01\x00\x04\x00"
  "\x06\x00\x1b\x00\x00\x00\x03\x00\x06\x00\x1b\x00\x01\x00\x04\x00\x06\x00\x1b\x01"
  "\x00\x00\x03\x00\x06\x00\x1b\x01\x01\x00\x04\x00\x06\x00\x1b\x02\x00\x00\x03\x00"
  "\x06\x00\x1b\x02\x01\x00\x04\x00\x06\x00\x1c\x00\x00\x00\x03\x00\x06\x00\x1c\x00"
  "\x01\x00\x04\x00\x06\x00\x1c\x01\x00\x00\x03\x00\x06\x00\x1c\x01\x01\x00\x04\x00"
  "\x06\x00\x1c\x02\x00\x00\x03\x00\x06\x00\x1c\x02\x01\x00\x04\x00\x06\x00\x1d\x00"
  "\x00\x00\x03\x00\x06\x00\x1d\x00\x01\x00\x04\x00\x06\x00\x1d\x01\x00\x00\x03\x00"
  "\x06\x00\x1d\x01\x01\x00\x04\x00\x06\x00\x1d\x02\x00\x00\x03\x00\x06\x00\x1d\x02"
  "\x01\x00\x04\x00\x06\x00\x1e\x00\x00\x00\x03\x00\x06\x00\x1e\x00\x01\x00\x04\x00"
  "\x06\x00\x1e\x01\x00\x00\x03\x00\x06\x00\x1e\x01\x01\x00\x04\x00\x06\x00\x1e\x02"
  "\x00\x00\x03\x00\x06\x00\x1e\x02\x01\x00\x04\x00\x06\x00\x1f\x00\x00\x00\x03\x00"
  "\x06\x00\x1f\x00\x01\x00\x04\x00\x06\x00\x1f\x01\x00\x00\x03\x00\x06\x00\x1f\x01"
  "\x01\x00\x04\x00\x06\x00\x1f\x02\x00\x00\x03\x00\x06\x00\x1f\x02\x01\x00\x04\x00"
  "\x06\x00\x20\x00\x00\x00\x03\x00\x06\x00\x20\x00\x01\x00\x04\x00\x06\x00\x20\x01"
  "\x00\x00\x03\x00\x06\x00\x20\x01\x01\x00\x04\x00\x06\x00\x20\x02\x00\x00\x03\x00"
  "\x06\x00\x20\x02\x01\x00\x04\x00\x06\x00\x21\x00\x00\x00\x03\x00\x06\x00\x21\x00"
  "\x01\x00\x04\x00\x06\x00\x21\x01\x00\x00\x03\x00\x06\x00\x21\x01\x01\x00\x04\x00"
  "\x06\x00\x21\x02\x00\x00\x03\x00\x06\x00\x21\x02\x01\x00\x04\x00\x06\x00\x22\x00"
  "\x00\x00\x03\x00\x06\x00\x22\x00\x01\x00\x04\x00\x06\x00\x22\x01\x00\x00\x03\x00"
  "\x06\x00\x22\x01\x01\x00\x04\x00\x06\x00\x22\x02\x00\x00\x03\x00\x06\x00\x22\x02"
  "\x01\x00\x04\x00\x06\x00\x23\x00\x00\x00\x03\x00\x06\x00\x23\x00\x01\x00\x04\x00"
  "\x06\x00\x23\x01\x00\x00\x03\x00\x06\x00\x23\x01\x01\x00\x04\x00\x06\x00\x23\x02"
  "\x00\x00\x03\x00\x06\x00\x23\x02\x01\x00\x04\x00\x06\x00\x24\x00\x00\x00\x03\x00"
  "\x06\x00\x24\x00\x01\x00\x04\x00\x06\x00\x24\x01\x00\x00\x03\x00\x06\x00\x24\x01"
  "\x01\x00\x04\x00\x06\x00\x24\x02\x00\x00\x03\x00\x06\x00\x24\x02\x01\x00\x04\x00"
  "\x06\x00\x25\x00\x00\x00\x03\x00\x06\x00\x25\x00\x01\x00\x04\x00\x06\x00\x25\x01"
  "\x00\x00\x03\x00\x06\x00\x25\x01\x01\x00\x04\x00\x06\x00\x25\x02\x00\x00\x03\x00"
  "\x06\x00\x25\x02\x01\x00\x04\x00\x06\x00\x26\x00\x00\x00\x03\x00\x06\x00\x26\x00"
  "\x01\x00\x04\x00\x06\x00\x26\x01\x00\x00\x03\x00\x06\x00\x26\x01\x01\x00\x04\x00"
  "\x06\x00\x26\x02\x00\x00\x03\x00\x06\x00\x26\x02\x01\x00\x04\x00\x06\x00\x27\x00"
  "\x00\x00\x03\x00\x06\x00\x27\x00\x01\x00\x04\x00\x06\x00\x27\x01\x00\x00\x03\x00"
  "\x06\x00\x27\x01\x01\x00\x04\x00\x06\x00\x27\x02\x00\x00\x03\x00\x06\x00\x27\x02"
  "\x01\x00\x04\x00\x06\x00\x28\x00\x00\x00\x03\x00\x06\x00\x28\x00\x01\x00\x04\x00"
  "\x06\x00\x28\x01\x00\x00\x03\x00\x06\x00\x28\x01\x01\x00\x04\x00\x06\x00\x28\x02"
  "\x00\x00\x03\x00\x06\x00\x28\x02\x01\x00\x04\x00\x06\x00\x29\x00\x00\x00\x03\x00"
  "\x06\x00\x29\x00\x01\x00\x04\x00\x06\x00\x29\x01\x00\x00\x03\x00\x06\x00\x29\x01"
  "\x01\x00\x04\x00\x06\x00\x29\x02\x00\x00\x03\x00\x06\x00\x29\x02\x01\x00\x04\x00"
  "\x06\x00\x2a\x00\x00\x00\x03\x00\x06\x00\x2a\x00\x01\x00\x04\x00\x06\x00\x2a\x01"
  "\x00\x00\x03\x00\x06\x00\x2a\x01\x01\x00\x04\x00\x06\x00\x2a\x02\x00\x00\x03\x00"
  "\x06\x00\x2a\x02\x01\x00\x04\x00\x06\x00\x2b\x00\x00\x00\x03\x00\x06\x00\x2b\x00"
  "\x01\x00\x04\x00\x06\x00\x2b\x01\x00\x00\x03\x00\x06\x00\x2b\x01\x01\x00\x04\x00"
  "\x06\x00\x2b\x02\x00\x00\x03\x00\x06\x00\x2b\x02\x01\x00\x04\x00\x06\x00\x2c\x00"
  "\x00\x00\x03\x00\x06\x00\x2c\x00\x01\x00\x04\x00\x06\x00\x2c\x01\x00\x00\x03\x00"
  "\x06\x00\x2c\x01\x01\x00\x04\x00\x06\x00\x2c\x02\x00\x00\x03\x00\x06\x00\x2c\x02"
  "\x01\x00\x04\x00\x06\x00\x2d\x00\x00\x00\x03\x00\x06\x00\x2d\x00\x01\x00\x04\x00"
  "\x06\x00\x2d\x01\x00\x00\x03\x00\x06\x00\x2d\x01\x01\x00\x04\x00\x06\x00\x2d\x02"
  "\x00\x00\x03\x00\x06\x00\x2d\x02\x01\x00\x04\x00\x06\x00\x2e\x00\x00\x00\x03\x00"
  "\x06\x00\x2e\x00\x01\x00\x04\x00\x06\x00\x2e\x01\x00\x00\x03\x00\x06\x00\x2e\x01"
  "\x01\x00\x04\x00\x06\x00\x2e\x02\x00\x00\x03\x00\x06\x00\x2e\x02\x01\x00\x04\x00"
  "\x06\x00\x2f\x00\x00\x00\x03\x00\x06\x00\x2f\x00\x01\x00\x04\x00\x06\x00\x2f\x01"
  "\x00\x00\x03\x00\x06\x00\x2f\x01\x01\x00\x04\x00\x06\x00\x2f\x02\x00\x00\x03\x00"
  "\x06\x00\x2f\x02\x01\x00\x04\x00\x06\x00\x30\x00\x00\x00\x03\x00\x06\x00\x30\x00"
  "\x01\x00\x04\x00\x06\x00\x30\x01\x00\x00\x03\x00\x06\x00\x30\x01\x01\x00\x04\x00"
  "\x06\x00\x30\x02\x00\x00\x03\x00\x06\x00\x30\x02\x01\x00\x04\x00\x06\x00\x31\x00"
  "\x00\x00\x03\x00\x06\x00\x31\x00\x01\x00\x04\x00\x06\x00\x31\x01\x00\x00\x03\x00"
  "\x06\x00\x31\x01\x01\x00\x04\x00\x06\x00\x31\x02\x00\x00\x03\x00\x06\x00\x31\x02"
  "\x01\x00\x04\x00\x06\x00\x32\x00\x00\x00\x03\x00\x06\x00\x32\x00\x01\x00\x04\x00"
  "\x06\x00\x32\x01\x00\x00\x03\x00\x06\x00\x32\x01\x01\x00\x04\x00\x06\x00\x32\x02"
  "\x00\x00\x03\x00\x06\x00\x32\x02\x01\x00\x04\x00\x06\x00\x33\x00\x00\x00\x03\x00"
  "\x06\x00\x33\x00\x01\x00\x04\x00\x06\x00\x33\x01\x00\x00\x03\x00\x06\x00\x33\x01"
  "\x01\x00\x04\x00\x06\x00\x33\x02\x00\x00\x03\x00\x06\x00\x33\x02\x01\x00\x04\x00"
  "\x06\x00\x34\x00\x00\x00\x03\x00\x06\x00\x34\x00\x01\x00\x04\x00\x06\x00\x34\x01"
  "\x00\x00\x03\x00\x06\x00\x34\x01\x01\x00\x04\x00\x06\x00\x34\x02\x00\x00\x03\x00"
  "\x06\x00\x34\x02\x01\x00\x04\x00\x06\x00\x35\x00\x00\x00\x03\x00\x06\x00\x35\x00"
  "\x01\x00\x04\x00\x06\x00\x35\x01\x00\x00\x03\x00\x06\x00\x35\x01\x01\x00\x04\x00"
  "\x06\x00\x35\x02\x00\x00\x03\x00\x06\x00\x35\x02\x01\x00\x04\x00\x06\x00\x36\x00"
  "\x00\x00\x03\x00\x06\x00\x36\x00\x01\x00\x04\x00\x06\x00\x36\x01\x00\x00\x03\x00"
  "\x06\x00\x36\x01\x01\x00\x04\x00\x06\x00\x36\x02\x00\x00\x03\x00\x06\x00\x36\x02"
  "\x01\x00\x04\x00\x06\x00\x37\x00\x00\x00\x03\x00\x06\x00\x37\x00\x01\x00\x04\x00"
  "\x06\x00\x37\x01\x00\x00\x03\x00\x06\x00\x37\x01\x01\x00\x04\x00\x06\x00\x37\x02"
  "\x00\x00\x03\x00\x06\x00\x37\x02\x01\x00\x04\x00\x06\x00\x38\x00\x00\x00\x03\x00"
  "\x06\x00\x38\x00\x01\x00\x04\x00\x06\x00\x38\x01\x00\x00\x03\x00\x06\x00\x38\x01"
  "\x01\x00\x04\x00\x06\x00\x38\x02\x00\x00\x03\x00\x06\x00\x38\x02\x01\x00\x04\x00"
  "\x06\x00\x39\x00\x00\x00\x03\x00\x06\x00\x39\x00\x01\x00\x04\x00\x06\x00\x39\x01"
  "\x00\x00\x03\x00\x06\x00\x39\x01\x01\x00\x04\x00\x06\x00\x39\x02\x00\x00\x03\x00"
  "\x06\x00\x39\x02\x01\x00\x04\x00\x06\x00\x3a\x00\x00\x00\x03\x00\x06\x00\x3a\x00"
  "\x01\x00\x04\x00\x06\x00\x3a\x01\x00\x00\x03\x00\x06\x00\x3a\x01\x01\x00\x04\x00"
  "\x06\x00\x3a\x02\x00\x00\x03\x00\x06\x00\x3a\x02\x01\x00\x04\x00\x06\x00\x3b\x00"
  "\x00\x00\x03\x00\x06\x00\x3b\x00\x01\x00\x04\x00\x06\x00\x3b\x01\x00\x00\x03\x00"
  "\x06\x00\x3b\x01\x01\x00\x04\x00\x06\x00\x3b\x02\x00\x00\x03\x00\x06\x00\x3b\x02"
  "\x01\x00\x04\x00\x06\x00\x3c\x00\x00\x00\x03\x00\x06\x00\x3c\x00\x01\x00\x04\x00"
  "\x06\x00\x3c\x01\x00\x00\x03\x00\x06\x00\x3c\x01\x01\x00\x04\x00\x06\x00\x3c\x02"
  "\x00\x00\x03\x00\x06\x00\x3c\x02\x01\x00\x04\x00\x06\x00\x3d\x00\x00\x00\x03\x00"
  "\x06\x00\x3d\x00\x01\x00\x04\x00\x06\x00\x3d\x01\x00\x00\x03\x00\x06\x00\x3d\x01"
  "\x01\x00\x04\x00\x06\x00\x3d\x02\x00\x00\x03\x00\x06\x00\x3d\x02\x01\x00\x04\x00"
  "\x06\x00\x3e\x00\x00\x00\x03\x00\x06\x00\x3e\x00\x01\x00\x04\x00\x06\x00\x3e\x01"
  "\x00\x00\x03\x00\x06\x00\x3e\x01\x01\x00\x04\x00\x06\x00\x3e\x02\x00\x00\x03\x00"
  "\x06\x00\x3e\x02\x01\x00\x04\x00\x06\x00\x3f\x00\x00\x00\x03\x00\x06\x00\x3f\x00"
  "\x01\x00\x04\x00\x06\x00\x3f\x01\x00\x00\x03\x00\x06\x00\x3f\x01\x01\x00\x04\x00"
  "\x06\x00\x3f\x02\x00\x00\x03\x00\x06\x00\x3f\x02\x01\x00\x04\x00\x06\x00\x40\x00"
  "\x00\x00\x03\x00\x06\x00\x40\x00\x01\x00\x04\x00\x06\x00\x40\x01\x00\x00\x03\x00"
  "\x06\x00\x40\x01\x01\x00\x04\x00\x06\x00\x40\x02\x00\x00\x03\x00\x06\x00\x40\x02"
  "\x01\x00\x04\x00\x06\x00\x41\x00\x00\x00\x03\x00\x06\x00\x41\x00\x01\x00\x04\x00"
  "\x06\x00\x41\x01\x00\x00\x03\x00\x06\x00\x41\x01\x01\x00\x04\x00\x06\x00\x41\x02"
  "\x00\x00\x03\x00\x06\x00\x41\x02\x01\x00\x04\x00\x06\x00\x42\x00\x00\x00\x03\x00"
  "\x06\x00\x42\x00\x01\x00\x04\x00\x06\x00\x42\x01\x00\x00\x03\x00\x06\x00\x42\x01"
  "\x01\x00\x04\x00\x06\x00\x42\x02\x00\x00\x03\x00\x06\x00\x42\x02\x01\x00\x04\x00"
  "\x06\x00\x43\x00\x00\x00\x03\x00\x06\x00\x43\x00\x01\x00\x04\x00\x06\x00\x43\x01"
  "\x00\x00\x03\x00\x06\x00\x43\x01\x01\x00\x04\x00\x06\x00\x43\x02\x00\x00\x03\x00"
  "\x06\x00\x43\x02\x01\x00\x04\x00\x06\x00\x44\x00\x00\x00\x03\x00\x06\x00\x44\x00"
  "\x01\x00\x04\x00\x06\x00\x44\x01\x00\x00\x03\x00\x06\x00\x44\x01\x01\x00\x04\x00"
  "\x06\x00\x44\x02\x00\x00\x03\x00\x06\x00\x44\x02\x01\x00\x04\x00\x06\x00\x45\x00"
  "\x00\x00\x03\x00\x06\x00\x45\x00\x01\x00\x04\x00\x06\x00\x45\x01\x00\x00\x03\x00"
  "\x06\x00\x45\x01\x01\x00\x04\x00\x06\x00\x45\x02\x00\x00\x03\x00\x06\x00\x45\x02"
  "\x01\x00\x04\x00\x07\x00\x00\x00\x00\x00\x00\x00\x07\x00\x00\x01\x00\x00\x01\x00"
  "\x07\x00\x01\x00\x00\x00\x00\x00\x07\x00\x01\x01\x00\x00\x02\x00\x07\x00\x02\x00"
  "\x00\x00\x00\x00\x07\x00\x02\x01\x00\x00\x01\x00\x08\x00\x00\x00\x00\x00\x03\x00"
  "\x08\x00\x00\x01\x00\x00\x08\x00\x08\x00\x01\x00\x00\x00\x05\x00\x08\x00\x01\x01"
  "\x00\x00\x09\x00\x08\x00\x02\x00\x00\x00\x07\x00\x08\x00\x02\x01\x00\x00\x0a\x00"
  "\x08\x00\x03\x00\x00\x00\x06\x00\x08\x00\x03\x01\x00\x00\x0b\x00\x08\x00\x04\x00"
  "\x00\x00\x04\x00\x08\x00\x04\x01\x00\x00\x0c\x00\x08\x00\x05\x00\x00\x00\x01\x00"
  "\x08\x00\x05\x01\x00\x00\x0d\x00\x08\x00\x06\x00\x00\x00\x02\x00\x08\x00\x06\x01"
  "\x00\x00\x0e\x00\x08\x00\x07\x00\x00\x00\x00\x00\x08\x00\x07\x01\x00\x00\x0f\x00"
  "\x09\x00\x00\x00\x00\x00\x00\x00\x09\x01\x00\x00\x00\x00\x00\x00\x09\x02\x00\x00"
  "\x00\x00\x00\x00\x09\x00\x01\x00\x00\x00\x00\x00\x09\x01\x01\x00\x00\x00\x00\x00"
  "\x09\x02\x01\x00\x00\x00\x01\x00\x09\x00\x02\x00\x00\x00\x01\x00\x09\x01\x02\x00"
  "\x00\x00\x00\x00\x09\x02\x02\x00\x00\x00\x01\x00\x09\x00\x03\x00\x00\x00\x02\x00"
  "\x09\x01\x03\x00\x00\x00\x00\x00\x09\x02\x03\x00\x00\x00\x01\x00\x09\x00\x04\x00"
  "\x00\x00\x03\x00\x09\x01\x04\x00\x00\x00\x00\x00\x09\x02\x04\x00\x00\x00\x00\x00"
  "\x09\x00\x05\x00\x00\x00\x00\x00\x09\x01\x05\x00\x00\x00\x01\x00\x09\x02\x05\x00"
  "\x00\x00\x01\x00\x09\x00\x06\x00\x00\x00\x01\x00\x09\x01\x06\x00\x00\x00\x01\x00"
  "\x09\x02\x06\x00\x00\x00\x01\x00\x09\x00\x07\x00\x00\x00\x02\x00\x09\x01\x07\x00"
  "\x00\x00\x01\x00\x09\x02\x07\x00\x00\x00\x01\x00\x09\x00\x08\x00\x00\x00\x03\x00"
  "\x09\x01\x08\x00\x00\x00\x01\x00\x09\x02\x08\x00\x00\x00\x00\x00\x09\x00\x09\x00"
  "\x00\x00\x03\x00\x09\x01\x09\x00\x00\x00\x00\x00\x09\x02\x09\x00\x00\x00\x00\x00"
  "\x09\x00\x0a\x00\x00\x00\x03\x00\x09\x01\x0a\x00\x00\x00\x00\x00\x09\x02\x0a\x00"
  "\x00\x00\x00\x00\x09\x00\x0b\x00\x00\x00\x03\x00\x09\x01\x0b\x00\x00\x00\x00\x00"
  "\x09\x02\x0b\x00\x00\x00\x00\x00\x09\x00\x0c\x00\x00\x00\x03\x00\x09\x01\x0c\x00"
  "\x00\x00\x00\x00\x09\x02\x0c\x00\x00\x00\x00\x00\x09\x00\x0d\x00\x00\x00\x02\x00"
  "\x09\x01\x0d\x00\x00\x00\x00\x00\x09\x02\x0d\x00\x00\x00\x00\x00\x09\x00\x0e\x00"
  "\x00\x00\x03\x00\x09\x01\x0e\x00\x00\x00\x00\x00\x09\x02\x0e\x00\x00\x00\x00\x00"
  "\x09\x00\x0f\x00\x00\x00\x03\x00\x09\x01\x0f\x00\x00\x00\x00\x00\x09\x02\x0f\x00"
  "\x00\x00\x00\x00\x0a\x00\x00\x00\x00\x00\x00\x00\x0a\x00\x01\x00\x00\x00\x00\x00"
  "\x0a\x00\x02\x00\x00\x00\x01\x00\x0a\x00\x03\x00\x00\x00\x02\x00\x0a\x00\x04\x00"
  "\x00\x00\x03\x00\x0a\x00\x05\x00\x00\x00\x04\x00\x0a\x00\x06\x00\x00\x00\x02\x00"
  "\x0a\x00\x07\x00\x00\x00\x05\x00\x0a\x00\x08\x00\x00\x00\x06\x00\x0b\x00\x00\x00"
  "\x00\x00\x00\x00\x0b\x01\x00\x00\x00\x00\x1d\x00\x0b\x00\x00\x01\x00\x00\x01\x00"
  "\x0b\x01\x00\x01\x00\x00\x1d\x00\x0b\x00\x01\x00\x00\x00\x00\x00\x0b\x01\x01\x00"
  "\x00\x00\x42\x00\x0b\x00\x01\x01\x00\x00\x01\x00\x0b\x01\x01\x01\x00\x00\x42\x00"
  "\x0b\x00\x02\x00\x00\x00\x00\x00\x0b\x01\x02\x00\x00\x00\x59\x00\x0b\x00\x02\x01"
  "\x00\x00\x01\x00\x0b\x01\x02\x01\x00\x00\x59\x00\x0b\x00\x03\x00\x00\x00\x00\x00"
  "\x0b\x01\x03\x00\x00\x00\x3c\x00\x0b\x00\x03\x01\x00\x00\x01\x00\x0b\x01\x03\x01"
  "\x00\x00\x3c\x00\x0b\x00\x04\x00\x00\x00\x00\x00\x0b\x01\x04\x00\x00\x00\x0f\x00"
  "\x0b\x00\x04\x01\x00\x00\x01\x00\x0b\x01\x04\x01\x00\x00\x0f\x00\x0b\x00\x05\x00"
  "\x00\x00\x00\x00\x0b\x01\x05\x00\x00\x00\x31\x00\x0b\x00\x05\x01\x00\x00\x01\x00"
  "\x0b\x01\x05\x01\x00\x00\x31\x00\x0b\x00\x06\x00\x00\x00\x00\x00\x0b\x01\x06\x00"
  "\x00\x00\x38\x00\x0b\x00\x06\x01\x00\x00\x01\x00\x0b\x01\x06\x01\x00\x00\x38\x00"
  "\x0b\x00\x07\x00\x00\x00\x00\x00\x0b\x01\x07\x00\x00\x00\x33\x00\x0b\x00\x07\x01"
  "\x00\x00\x01\x00\x0b\x01\x07\x01\x00\x00\x33\x00\x0b\x00\x08\x00\x00\x00\x00\x00"
  "\x0b\x01\x08\x00\x00\x00\x28\x00\x0b\x00\x08\x01\x00\x00\x01\x00\x0b\x01\x08\x01"
  "\x00\x00\x28\x00\x0b\x00\x09\x00\x00\x00\x00\x00\x0b\x01\x09\x00\x00\x00\x0d\x00"
  "\x0b\x00\x09\x01\x00\x00\x01\x00\x0b\x01\x09\x01\x00\x00\x0d\x00\x0b\x00\x0a\x00"
  "\x00\x00\x00\x00\x0b\x01\x0a\x00\x00\x00\x39\x00\x0b\x00\x0a\x01\x00\x00\x01\x00"
  "\x0b\x01\x0a\x01\x00\x00\x39\x00\x0b\x00\x0b\x00\x00\x00\x00\x00\x0b\x01\x0b\x00"
  "\x00\x00\x27\x00\x0b\x00\x0b\x01\x00\x00\x01\x00\x0b\x01\x0b\x01\x00\x00\x27\x00"
  "\x0b\x00\x0c\x00\x00\x00\x00\x00\x0b\x01\x0c\x00\x00\x00\x4c\x00\x0b\x00\x0c\x01"
  "\x00\x00\x01\x00\x0b\x01\x0c\x01\x00\x00\x4c\x00\x0b\x00\x0d\x00\x00\x00\x00\x00"
  "\x0b\x01\x0d\x00\x00\x00\x11\x00\x0b\x00\x0d\x01\x00\x00\x01\x00\x0b\x01\x0d\x01"
  "\x00\x00\x11\x00\x0b\x00\x0e\x00\x00\x00\x00\x00\x0b\x01\x0e\x00\x00\x00\x07\x00"
  "\x0b\x00\x0e\x01\x00\x00\x01\x00\x0b\x01\x0e\x01\x00\x00\x07\x00\x0b\x00\x0f\x00"
  "\x00\x00\x00\x00\x0b\x01\x0f\x00\x00\x00\x2d\x00\x0b\x00\x0f\x01\x00\x00\x01\x00"
  "\x0b\x01\x0f\x01\x00\x00\x2d\x00\x0b\x00\x10\x00\x00\x00\x00\x00\x0b\x01\x10\x00"
  "\x00\x00\x00\x00\x0b\x00\x10\x01\x00\x00\x01\x00\x0b\x01\x10\x01\x00\x00\x00\x00"
  "\x0b\x00\x11\x00\x00\x00\x00\x00\x0b\x01\x11\x00\x00\x00\x0e\x00\x0b\x00\x11\x01"
  "\x00\x00\x01\x00\x0b\x01\x11\x01\x00\x00\x0e\x00\x0b\x00\x12\x00\x00\x00\x00\x00"
  "\x0b\x01\x12\x00\x00\x00\x1c\x00\x0b\x00\x12\x01\x00\x00\x01\x00\x0b\x01\x12\x01"
  "\x00\x00\x1c\x00\x0b\x00\x13\x00\x00\x00\x03\x00\x0b\x01\x13\x00\x00\x00\x01\x00"
  "\x0b\x00\x13\x01\x00\x00\x04\x00\x0b\x01\x13\x01\x00\x00\x01\x00\x0b\x00\x14\x00"
  "\x00\x00\x03\x00\x0b\x01\x14\x00\x00\x00\x51\x00\x0b\x00\x14\x01\x00\x00\x04\x00"
  "\x0b\x01\x14\x01\x00\x00\x51\x00\x0b\x00\x15\x00\x00\x00\x03\x00\x0b\x01\x15\x00"
  "\x00\x00\x5a\x00\x0b\x00\x15\x01\x00\x00\x04\x00\x0b\x01\x15\x01\x00\x00\x1b\x00"
  "\x0b\x00\x16\x00\x00\x00\x03\x00\x0b\x01\x16\x00\x00\x00\x29\x00\x0b\x00\x16\x01"
  "\x00\x00\x04\x00\x0b\x01\x16\x01\x00\x00\x35\x00\x0b\x00\x17\x00\x00\x00\x03\x00"
  "\x0b\x01\x17\x00\x00\x00\x48\x00\x0b\x00\x17\x01\x00\x00\x04\x00\x0b\x01\x17\x01"
  "\x00\x00\x12\x00\x0b\x00\x18\x00\x00\x00\x03\x00\x0b\x01\x18\x00\x00\x00\x49\x00"
  "\x0b\x00\x18\x01\x00\x00\x04\x00\x0b\x01\x18\x01\x00\x00\x12\x00\x0b\x00\x19\x00"
  "\x00\x00\x03\x00\x0b\x01\x19\x00\x00\x00\x32\x00\x0b\x00\x19\x01\x00\x00\x04\x00"
  "\x0b\x01\x19\x01\x00\x00\x2c\x00\x0b\x00\x1a\x00\x00\x00\x03\x00\x0b\x01\x1a\x00"
  "\x00\x00\x32\x00\x0b\x00\x1a\x01\x00\x00\x04\x00\x0b\x01\x1a\x01\x00\x00\x50\x00"
  "\x0b\x00\x1b\x00\x00\x00\x03\x00\x0b\x01\x1b\x00\x00\x00\x2a\x00\x0b\x00\x1b\x01"
  "\x00\x00\x04\x00\x0b\x01\x1b\x01\x00\x00\x06\x00\x0b\x00\x1c\x00\x00\x00\x03\x00"
  "\x0b\x01\x1c\x00\x00\x00\x2b\x00\x0b\x00\x1c\x01\x00\x00\x04\x00\x0b\x01\x1c\x01"
  "\x00\x00\x0c\x00\x0b\x00\x1d\x00\x00\x00\x03\x00\x0b\x01\x1d\x00\x00\x00\x0a\x00"
  "\x0b\x00\x1d\x01\x00\x00\x04\x00\x0b\x01\x1d\x01\x00\x00\x08\x00\x0b\x00\x1e\x00"
  "\x00\x00\x03\x00\x0b\x01\x1e\x00\x00\x00\x43\x00\x0b\x00\x1e\x01\x00\x00\x04\x00"
  "\x0b\x01\x1e\x01\x00\x00\x43\x00\x0b\x00\x1f\x00\x00\x00\x03\x00\x0b\x01\x1f\x00"
  "\x00\x00\x3b\x00\x0b\x00\x1f\x01\x00\x00\x04\x00\x0b\x01\x1f\x01\x00\x00\x3b\x00"
  "\x0b\x00\x20\x00\x00\x00\x03\x00\x0b\x01\x20\x00\x00\x00\x10\x00\x0b\x00\x20\x01"
  "\x00\x00\x04\x00\x0b\x01\x20\x01\x00\x00\x0b\x00\x0b\x00\x21\x00\x00\x00\x03\x00"
  "\x0b\x01\x21\x00\x00\x00\x30\x00\x0b\x00\x21\x01\x00\x00\x04\x00\x0b\x01\x21\x01"
  "\x00\x00\x1a\x00\x0b\x00\x22\x00\x00\x00\x03\x00\x0b\x01\x22\x00\x00\x00\x55\x00"
  "\x0b\x00\x22\x01\x00\x00\x04\x00\x0b\x01\x22\x01\x00\x00\x54\x00\x0b\x00\x23\x00"
  "\x00\x00\x03\x00\x0b\x01\x23\x00\x00\x00\x40\x00\x0b\x00\x23\x01\x00\x00\x04\x00"
  "\x0b\x01\x23\x01\x00\x00\x34\x00\x0b\x00\x24\x00\x00\x00\x03\x00\x0b\x01\x24\x00"
  "\x00\x00\x41\x00\x0b\x00\x24\x01\x00\x00\x04\x00\x0b\x01\x24\x01\x00\x00\x34\x00"
  "\x0b\x00\x25\x00\x00\x00\x03\x00\x0b\x01\x25\x00\x00\x00\x3f\x00\x0b\x00\x25\x01"
  "\x00\x00\x04\x00\x0b\x01\x25\x01\x00\x00\x4f\x00\x0b\x00\x26\x00\x00\x00\x03\x00"
  "\x0b\x01\x26\x00\x00\x00\x04\x00\x0b\x00\x26\x01\x00\x00\x04\x00\x0b\x01\x26\x01"
  "\x00\x00\x04\x00\x0b\x00\x27\x00\x00\x00\x03\x00\x0b\x01\x27\x00\x00\x00\x3d\x00"
  "\x0b\x00\x27\x01\x00\x00\x04\x00\x0b\x01\x27\x01\x00\x00\x3e\x00\x0b\x00\x28\x00"
  "\x00\x00\x03\x00\x0b\x01\x28\x00\x00\x00\x4a\x00\x0b\x00\x28\x01\x00\x00\x04\x00"
  "\x0b\x01\x28\x01\x00\x00\x2e\x00\x0b\x00\x29\x00\x00\x00\x03\x00\x0b\x01\x29\x00"
  "\x00\x00\x44\x00\x0b\x00\x29\x01\x00\x00\x04\x00\x0b\x01\x29\x01\x00\x00\x05\x00"
  "\x0b\x00\x2a\x00\x00\x00\x03\x00\x0b\x01\x2a\x00\x00\x00\x0a\x00\x0b\x00\x2a\x01"
  "\x00\x00\x04\x00\x0b\x01\x2a\x01\x00\x00\x09\x00\x0b\x00\x2b\x00\x00\x00\x03\x00"
  "\x0b\x01\x2b\x00\x00\x00\x46\x00\x0b\x00\x2b\x01\x00\x00\x04\x00\x0b\x01\x2b\x01"
  "\x00\x00\x12\x00\x0b\x00\x2c\x00\x00\x00\x03\x00\x0b\x01\x2c\x00\x00\x00\x47\x00"
  "\x0b\x00\x2c\x01\x00\x00\x04\x00\x0b\x01\x2c\x01\x00\x00\x12\x00\x0b\x00\x2d\x00"
  "\x00\x00\x03\x00\x0b\x01\x2d\x00\x00\x00\x4b\x00\x0b\x00\x2d\x01\x00\x00\x04\x00"
  "\x0b\x01\x2d\x01\x00\x00\x2f\x00\x0b\x00\x2e\x00\x00\x00\x03\x00\x0b\x01\x2e\x00"
  "\x00\x00\x02\x00\x0b\x00\x2e\x01\x00\x00\x04\x00\x0b\x01\x2e\x01\x00\x00\x1e\x00"
  "\x0b\x00\x2f\x00\x00\x00\x03\x00\x0b\x01\x2f\x00\x00\x00\x52\x00\x0b\x00\x2f\x01"
  "\x00\x00\x04\x00\x0b\x01\x2f\x01\x00\x00\x26\x00\x0b\x00\x30\x00\x00\x00\x03\x00"
  "\x0b\x01\x30\x00\x00\x00\x36\x00\x0b\x00\x30\x01\x00\x00\x04\x00\x0b\x01\x30\x01"
  "\x00\x00\x24\x00\x0b\x00\x31\x00\x00\x00\x03\x00\x0b\x01\x31\x00\x00\x00\x18\x00"
  "\x0b\x00\x31\x01\x00\x00\x04\x00\x0b\x01\x31\x01\x00\x00\x23\x00\x0b\x00\x32\x00"
  "\x00\x00\x03\x00\x0b\x01\x32\x00\x00\x00\x56\x00\x0b\x00\x32\x01\x00\x00\x04\x00"
  "\x0b\x01\x32\x01\x00\x00\x1f\x00\x0b\x00\x33\x00\x00\x00\x03\x00\x0b\x01\x33\x00"
  "\x00\x00\x56\x00\x0b\x00\x33\x01\x00\x00\x04\x00\x0b\x01\x33\x01\x00\x00\x1f\x00"
  "\x0b\x00\x34\x00\x00\x00\x03\x00\x0b\x01\x34\x00\x00\x00\x56\x00\x0b\x00\x34\x01"
  "\x00\x00\x04\x00\x0b\x01\x34\x01\x00\x00\x1f\x00\x0b\x00\x35\x00\x00\x00\x03\x00"
  "\x0b\x01\x35\x00\x00\x00\x03\x00\x0b\x00\x35\x01\x00\x00\x04\x00\x0b\x01\x35\x01"
  "\x00\x00\x1e\x00\x0b\x00\x36\x00\x00\x00\x03\x00\x0b\x01\x36\x00\x00\x00\x53\x00"
  "\x0b\x00\x36\x01\x00\x00\x04\x00\x0b\x01\x36\x01\x00\x00\x26\x00\x0b\x00\x37\x00"
  "\x00\x00\x03\x00\x0b\x01\x37\x00\x00\x00\x37\x00\x0b\x00\x37\x01\x00\x00\x04\x00"
  "\x0b\x01\x37\x01\x00\x00\x24\x00\x0b\x00\x38\x00\x00\x00\x03\x00\x0b\x01\x38\x00"
  "\x00\x00\x19\x00\x0b\x00\x38\x01\x00\x00\x04\x00\x0b\x01\x38\x01\x00\x00\x23\x00"
  "\x0b\x00\x39\x00\x00\x00\x03\x00\x0b\x01\x39\x00\x00\x00\x57\x00\x0b\x00\x39\x01"
  "\x00\x00\x04\x00\x0b\x01\x39\x01\x00\x00\x1f\x00\x0b\x00\x3a\x00\x00\x00\x03\x00"
  "\x0b\x01\x3a\x00\x00\x00\x57\x00\x0b\x00\x3a\x01\x00\x00\x04\x00\x0b\x01\x3a\x01"
  "\x00\x00\x1f\x00\x0b\x00\x3b\x00\x00\x00\x03\x00\x0b\x01\x3b\x00\x00\x00\x57\x00"
  "\x0b\x00\x3b\x01\x00\x00\x04\x00\x0b\x01\x3b\x01\x00\x00\x1f\x00\x0b\x00\x3c\x00"
  "\x00\x00\x03\x00\x0b\x01\x3c\x00\x00\x00\x14\x00\x0b\x00\x3c\x01\x00\x00\x04\x00"
  "\x0b\x01\x3c\x01\x00\x00\x45\x00\x0b\x00\x3d\x00\x00\x00\x03\x00\x0b\x01\x3d\x00"
  "\x00\x00\x14\x00\x0b\x00\x3d\x01\x00\x00\x04\x00\x0b\x01\x3d\x01\x00\x00\x58\x00"
  "\x0b\x00\x3e\x00\x00\x00\x03\x00\x0b\x01\x3e\x00\x00\x00\x15\x00\x0b\x00\x3e\x01"
  "\x00\x00\x04\x00\x0b\x01\x3e\x01\x00\x00\x45\x00\x0b\x00\x3f\x00\x00\x00\x03\x00"
  "\x0b\x01\x3f\x00\x00\x00\x15\x00\x0b\x00\x3f\x01\x00\x00\x04\x00\x0b\x01\x3f\x01"
  "\x00\x00\x58\x00\x0b\x00\x40\x00\x00\x00\x03\x00\x0b\x01\x40\x00\x00\x00\x17\x00"
  "\x0b\x00\x40\x01\x00\x00\x04\x00\x0b\x01\x40\x01\x00\x00\x21\x00\x0b\x00\x41\x00"
  "\x00\x00\x03\x00\x0b\x01\x41\x00\x00\x00\x17\x00\x0b\x00\x41\x01\x00\x00\x04\x00"
  "\x0b\x01\x41\x01\x00\x00\x22\x00\x0b\x00\x42\x00\x00\x00\x03\x00\x0b\x01\x42\x00"
  "\x00\x00\x16\x00\x0b\x00\x42\x01\x00\x00\x04\x00\x0b\x01\x42\x01\x00\x00\x20\x00"
  "\x0b\x00\x43\x00\x00\x00\x03\x00\x0b\x01\x43\x00\x00\x00\x13\x00\x0b\x00\x43\x01"
  "\x00\x00\x04\x00\x0b\x01\x43\x01\x00\x00\x20\x00\x0b\x00\x44\x00\x00\x00\x03\x00"
  "\x0b\x01\x44\x00\x00\x00\x4d\x00\x0b\x00\x44\x01\x00\x00\x04\x00\x0b\x01\x44\x01"
  "\x00\x00\x25\x00\x0b\x00\x45\x00\x00\x00\x03\x00\x0b\x01\x45\x00\x00\x00\x4e\x00"
  "\x0b\x00\x45\x01\x00\x00\x04\x00\x0b\x01\x45\x01\x00\x00\x25\x00\x0c\x00\x00\x00"
  "\x00\x00\x31\x00\x0c\x01\x00\x00\x00\x00\x00\x00\x0c\x02\x00\x00\x00\x00\x01\x00"
  "\x0c\x03\x00\x00\x00\x00\x02\x00\x0c\x04\x00\x00\x00\x00\x03\x00\x0c\x05\x00\x00"
  "\x00\x00\x05\x00\x0c\x06\x00\x00\x00\x00\x06\x00\x0c\x07\x00\x00\x00\x00\x07\x00"
  "\x0c\x08\x00\x00\x00\x00\x00\x00\x0c\x09\x00\x00\x00\x00\x01\x00\x0c\x00\x00\x00"
  "\x01\x00\x35\x00\x0c\x01\x00\x00\x01\x00\x08\x00\x0c\x02\x00\x00\x01\x00\x09\x00"
  "\x0c\x03\x00\x00\x01\x00\x0a\x00\x0c\x04\x00\x00\x01\x00\x0b\x00\x0c\x05\x00\x00"
  "\x01\x00\x0c\x00\x0c\x06\x00\x00\x01\x00\x0d\x00\x0c\x07\x00\x00\x01\x00\x08\x00"
  "\x0c\x08\x00\x00\x01\x00\x01\x00\x0c\x09\x00\x00\x01\x00\x03\x00\x0c\x00\x00\x01"
  "\x00\x00\x01\x00\x0c\x01\x00\x01\x00\x00\x00\x00\x0c\x02\x00\x01\x00\x00\x01\x00"
  "\x0c\x03\x00\x01\x00\x00\x02\x00\x0c\x04\x00\x01\x00\x00\x03\x00\x0c\x05\x00\x01"
  "\x00\x00\x05\x00\x0c\x06\x00\x01\x00\x00\x06\x00\x0c\x07\x00\x01\x00\x00\x07\x00"
  "\x0c\x08\x00\x01\x00\x00\x00\x00\x0c\x09\x00\x01\x00\x00\x01\x00\x0c\x00\x00\x01"
  "\x01\x00\x01\x00\x0c\x01\x00\x01\x01\x00\x08\x00\x0c\x02\x00\x01\x01\x00\x09\x00"
  "\x0c\x03\x00\x01\x01\x00\x0a\x00\x0c\x04\x00\x01\x01\x00\x0b\x00\x0c\x05\x00\x01"
  "\x01\x00\x0c\x00\x0c\x06\x00\x01\x01\x00\x0d\x00\x0c\x07\x00\x01\x01\x00\x08\x00"
  "\x0c\x08\x00\x01\x01\x00\x02\x00\x0c\x09\x00\x01\x01\x00\x02\x00\x0c\x00\x00\x02"
  "\x00\x00\x37\x00\x0c\x01\x00\x02\x00\x00\x04\x00\x0c\x02\x00\x02\x00\x00\x02\x00"
  "\x0c\x03\x00\x02\x00\x00\x05\x00\x0c\x04\x00\x02\x00\x00\x06\x00\x0c\x05\x00\x02"
  "\x00\x00\x11\x00\x0c\x06\x00\x02\x00\x00\x11\x00\x0c\x07\x00\x02\x00\x00\x07\x00"
  "\x0c\x08\x00\x02\x00\x00\x03\x00\x0c\x09\x00\x02\x00\x00\x00\x00\x0c\x00\x00\x02"
  "\x01\x00\x37\x00\x0c\x01\x00\x02\x01\x00\x08\x00\x0c\x02\x00\x02\x01\x00\x09\x00"
  "\x0c\x03\x00\x02\x01\x00\x0a\x00\x0c\x04\x00\x02\x01\x00\x0b\x00\x0c\x05\x00\x02"
  "\x01\x00\x11\x00\x0c\x06\x00\x02\x01\x00\x11\x00\x0c\x07\x00\x02\x01\x00\x08\x00"
  "\x0c\x08\x00\x02\x01\x00\x03\x00\x0c\x09\x00\x02\x01\x00\x00\x00\x0c\x00\x01\x00"
  "\x00\x00\x00\x00\x0c\x01\x01\x00\x00\x00\x00\x00\x0c\x02\x01\x00\x00\x00\x01\x00"
  "\x0c\x03\x01\x00\x00\x00\x02\x00\x0c\x04\x01\x00\x00\x00\x03\x00\x0c\x05\x01\x00"
  "\x00\x00\x05\x00\x0c\x06\x01\x00\x00\x00\x06\x00\x0c\x07\x01\x00\x00\x00\x07\x00"
  "\x0c\x08\x01\x00\x00\x00\x00\x00\x0c\x09\x01\x00\x00\x00\x01\x00\x0c\x00\x01\x00"
  "\x01\x00\x32\x00\x0c\x01\x01\x00\x01\x00\x08\x00\x0c\x02\x01\x00\x01\x00\x09\x00"
  "\x0c\x03\x01\x00\x01\x00\x0a\x00\x0c\x04\x01\x00\x01\x00\x0b\x00\x0c\x05\x01\x00"
  "\x01\x00\x0c\x00\x0c\x06\x01\x00\x01\x00\x0d\x00\x0c\x07\x01\x00\x01\x00\x08\x00"
  "\x0c\x08\x01\x00\x01\x00\x01\x00\x0c\x09\x01\x00\x01\x00\x03\x00\x0c\x00\x01\x01"
  "\x00\x00\x02\x00\x0c\x01\x01\x01\x00\x00\x00\x00\x0c\x02\x01\x01\x00\x00\x01\x00"
  "\x0c\x03\x01\x01\x00\x00\x02\x00\x0c\x04\x01\x01\x00\x00\x03\x00\x0c\x05\x01\x01"
  "\x00\x00\x05\x00\x0c\x06\x01\x01\x00\x00\x06\x00\x0c\x07\x01\x01\x00\x00\x07\x00"
  "\x0c\x08\x01\x01\x00\x00\x00\x00\x0c\x09\x01\x01\x00\x00\x01\x00\x0c\x00\x01\x01"
  "\x01\x00\x02\x00\x0c\x01\x01\x01\x01\x00\x08\x00\x0c\x02\x01\x01\x01\x00\x09\x00"
  "\x0c\x03\x01\x01\x01\x00\x0a\x00\x0c\x04\x01\x01\x01\x00\x0b\x00\x0c\x05\x01\x01"
  "\x01\x00\x0c\x00\x0c\x06\x01\x01\x01\x00\x0d\x00\x0c\x07\x01\x01\x01\x00\x08\x00"
  "\x0c\x08\x01\x01\x01\x00\x02\x00\x0c\x09\x01\x01\x01\x00\x02\x00\x0c\x00\x01\x02"
  "\x00\x00\x37\x00\x0c\x01\x01\x02\x00\x00\x04\x00\x0c\x02\x01\x02\x00\x00\x02\x00"
  "\x0c\x03\x01\x02\x00\x00\x05\x00\x0c\x04\x01\x02\x00\x00\x06\x00\x0c\x05\x01\x02"
  "\x00\x00\x11\x00\x0c\x06\x01\x02\x00\x00\x11\x00\x0c\x07\x01\x02\x00\x00\x07\x00"
  "\x0c\x08\x01\x02\x00\x00\x03\x00\x0c\x09\x01\x02\x00\x00\x00\x00\x0c\x00\x01\x02"
  "\x01\x00\x37\x00\x0c\x01\x01\x02\x01\x00\x08\x00\x0c\x02\x01\x02\x01\x00\x09\x00"
  "\x0c\x03\x01\x02\x01\x00\x0a\x00\x0c\x04\x01\x02\x01\x00\x0b\x00\x0c\x05\x01\x02"
  "\x01\x00\x11\x00\x0c\x06\x01\x02\x01\x00\x11\x00\x0c\x07\x01\x02\x01\x00\x08\x00"
  "\x0c\x08\x01\x02\x01\x00\x03\x00\x0c\x09\x01\x02\x01\x00\x00\x00\x0c\x00\x02\x00"
  "\x00\x00\x14\x00\x0c\x01\x02\x00\x00\x00\x00\x00\x0c\x02\x02\x00\x00\x00\x01\x00"
  "\x0c\x03\x02\x00\x00\x00\x02\x00\x0c\x04\x02\x00\x00\x00\x03\x00\x0c\x05\x02\x00"
  "\x00\x00\x05\x00\x0c\x06\x02\x00\x00\x00\x06\x00\x0c\x07\x02\x00\x00\x00\x07\x00"
  "\x0c\x08\x02\x00\x00\x00\x00\x00\x0c\x09\x02\x00\x00\x00\x01\x00\x0c\x00\x02\x00"
  "\x01\x00\x33\x00\x0c\x01\x02\x00\x01\x00\x08\x00\x0c\x02\x02\x00\x01\x00\x09\x00"
  "\x0c\x03\x02\x00\x01\x00\x0a\x00\x0c\x04\x02\x00\x01\x00\x0b\x00\x0c\x05\x02\x00"
  "\x01\x00\x0c\x00\x0c\x06\x02\x00\x01\x00\x0d\x00\x0c\x07\x02\x00\x01\x00\x08\x00"
  "\x0c\x08\x02\x00\x01\x00\x01\x00\x0c\x09\x02\x00\x01\x00\x03\x00\x0c\x00\x02\x01"
  "\x00\x00\x03\x00\x0c\x01\x02\x01\x00\x00\x00\x00\x0c\x02\x02\x01\x00\x00\x01\x00"
  "\x0c\x03\x02\x01\x00\x00\x02\x00\x0c\x04\x02\x01\x00\x00\x03\x00\x0c\x05\x02\x01"
  "\x00\x00\x05\x00\x0c\x06\x02\x01\x00\x00\x06\x00\x0c\x07\x02\x01\x00\x00\x07\x00"
  "\x0c\x08\x02\x01\x00\x00\x00\x00\x0c\x09\x02\x01\x00\x00\x01\x00\x0c\x00\x02\x01"
  "\x01\x00\x03\x00\x0c\x01\x02\x01\x01\x00\x08\x00\x0c\x02\x02\x01\x01\x00\x09\x00"
  "\x0c\x03\x02\x01\x01\x00\x0a\x00\x0c\x04\x02\x01\x01\x00\x0b\x00\x0c\x05\x02\x01"
  "\x01\x00\x0c\x00\x0c\x06\x02\x01\x01\x00\x0d\x00\x0c\x07\x02\x01\x01\x00\x08\x00"
  "\x0c\x08\x02\x01\x01\x00\x02\x00\x0c\x09\x02\x01\x01\x00\x02\x00\x0c\x00\x02\x02"
  "\x00\x00\x37\x00\x0c\x01\x02\x02\x00\x00\x04\x00\x0c\x02\x02\x02\x00\x00\x02\x00"
  "\x0c\x03\x02\x02\x00\x00\x05\x00\x0c\x04\x02\x02\x00\x00\x06\x00\x0c\x05\x02\x02"
  "\x00\x00\x11\x00\x0c\x06\x02\x02\x00\x00\x11\x00\x0c\x07\x02\x02\x00\x00\x07\x00"
  "\x0c\x08\x02\x02\x00\x00\x03\x00\x0c\x09\x02\x02\x00\x00\x00\x00\x0c\x00\x02\x02"
  "\x01\x00\x37\x00\x0c\x01\x02\x02\x01\x00\x08\x00\x0c\x02\x02\x02\x01\x00\x09\x00"
  "\x0c\x03\x02\x02\x01\x00\x0a\x00\x0c\x04\x02\x02\x01\x00\x0b\x00\x0c\x05\x02\x02"
  "\x01\x00\x11\x00\x0c\x06\x02\x02\x01\x00\x11\x00\x0c\x07\x02\x02\x01\x00\x08\x00"
  "\x0c\x08\x02\x02\x01\x00\x03\x00\x0c\x09\x02\x02\x01\x00\x00\x00\x0c\x00\x03\x00"
  "\x00\x00\x1b\x00\x0c\x01\x03\x00\x00\x00\x00\x00\x0c\x02\x03\x00\x00\x00\x01\x00"
  "\x0c\x03\x03\x00\x00\x00\x02\x00\x0c\x04\x03\x00\x00\x00\x03\x00\x0c\x05\x03\x00"
  "\x00\x00\x05\x00\x0c\x06\x03\x00\x00\x00\x06\x00\x0c\x07\x03\x00\x00\x00\x07\x00"
  "\x0c\x08\x03\x00\x00\x00\x00\x00\x0c\x09\x03\x00\x00\x00\x01\x00\x0c\x00\x03\x00"
  "\x01\x00\x2e\x00\x0c\x01\x03\x00\x01\x00\x08\x00\x0c\x02\x03\x00\x01\x00\x09\x00"
  "\x0c\x03\x03\x00\x01\x00\x0a\x00\x0c\x04\x03\x00\x01\x00\x0b\x00\x0c\x05\x03\x00"
  "\x01\x00\x0c\x00\x0c\x06\x03\x00\x01\x00\x0d\x00\x0c\x07\x03\x00\x01\x00\x08\x00"
  "\x0c\x08\x03\x00\x01\x00\x01\x00\x0c\x09\x03\x00\x01\x00\x03\x00\x0c\x00\x03\x01"
  "\x00\x00\x04\x00\x0c\x01\x03\x01\x00\x00\x00\x00\x0c\x02\x03\x01\x00\x00\x01\x00"
  "\x0c\x03\x03\x01\x00\x00\x02\x00\x0c\x04\x03\x01\x00\x00\x03\x00\x0c\x05\x03\x01"
  "\x00\x00\x05\x00\x0c\x06\x03\x01\x00\x00\x06\x00\x0c\x07\x03\x01\x00\x00\x07\x00"
  "\x0c\x08\x03\x01\x00\x00\x00\x00\x0c\x09\x03\x01\x00\x00\x01\x00\x0c\x00\x03\x01"
  "\x01\x00\x04\x00\x0c\x01\x03\x01\x01\x00\x08\x00\x0c\x02\x03\x01\x01\x00\x09\x00"
  "\x0c\x03\x03\x01\x01\x00\x0a\x00\x0c\x04\x03\x01\x01\x00\x0b\x00\x0c\x05\x03\x01"
  "\x01\x00\x0c\x00\x0c\x06\x03\x01\x01\x00\x0d\x00\x0c\x07\x03\x01\x01\x00\x08\x00"
  "\x0c\x08\x03\x01\x01\x00\x02\x00\x0c\x09\x03\x01\x01\x00\x02\x00\x0c\x00\x03\x02"
  "\x00\x00\x37\x00\x0c\x01\x03\x02\x00\x00\x04\x00\x0c\x02\x03\x02\x00\x00\x02\x00"
  "\x0c\x03\x03\x02\x00\x00\x05\x00\x0c\x04\x03\x02\x00\x00\x06\x00\x0c\x05\x03\x02"
  "\x00\x00\x11\x00\x0c\x06\x03\x02\x00\x00\x11\x00\x0c\x07\x03\x02\x00\x00\x07\x00"
  "\x0c\x08\x03\x02\x00\x00\x03\x00\x0c\x09\x03\x02\x00\x00\x00\x00\x0c\x00\x03\x02"
  "\x01\x00\x37\x00\x0c\x01\x03\x02\x01\x00\x08\x00\x0c\x02\x03\x02\x01\x00\x09\x00"
  "\x0c\x03\x03\x02\x01\x00\x0a\x00\x0c\x04\x03\x02\x01\x00\x0b\x00\x0c\x05\x03\x02"
  "\x01\x00\x11\x00\x0c\x06\x03\x02\x01\x00\x11\x00\x0c\x07\x03\x02\x01\x00\x08\x00"
  "\x0c\x08\x03\x02\x01\x00\x03\x00\x0c\x09\x03\x02\x01\x00\x00\x00\x0c\x00\x04\x00"
  "\x00\x00\x26\x00\x0c\x01\x04\x00\x00\x00\x00\x00\x0c\x02\x04\x00\x00\x00\x01\x00"
  "\x0c\x03\x04\x00\x00\x00\x02\x00\x0c\x04\x04\x00\x00\x00\x03\x00\x0c\x05\x04\x00"
  "\x00\x00\x05\x00\x0c\x06\x04\x00\x00\x00\x06\x00\x0c\x07\x04\x00\x00\x00\x07\x00"
  "\x0c\x08\x04\x00\x00\x00\x00\x00\x0c\x09\x04\x00\x00\x00\x01\x00\x0c\x00\x04\x00"
  "\x01\x00\x2f\x00\x0c\x01\x04\x00\x01\x00\x08\x00\x0c\x02\x04\x00\x01\x00\x09\x00"
  "\x0c\x03\x04\x00\x01\x00\x0a\x00\x0c\x04\x04\x00\x01\x00\x0b\x00\x0c\x05\x04\x00"
  "\x01\x00\x0c\x00\x0c\x06\x04\x00\x01\x00\x0d\x00\x0c\x07\x04\x00\x01\x00\x08\x00"
  "\x0c\x08\x04\x00\x01\x00\x01\x00\x0c\x09\x04\x00\x01\x00\x03\x00\x0c\x00\x04\x01"
  "\x00\x00\x05\x00\x0c\x01\x04\x01\x00\x00\x00\x00\x0c\x02\x04\x01\x00\x00\x01\x00"
  "\x0c\x03\x04\x01\x00\x00\x02\x00\x0c\x04\x04\x01\x00\x00\x03\x00\x0c\x05\x04\x01"
  "\x00\x00\x05\x00\x0c\x06\x04\x01\x00\x00\x06\x00\x0c\x07\x04\x01\x00\x00\x07\x00"
  "\x0c\x08\x04\x01\x00\x00\x00\x00\x0c\x09\x04\x01\x00\x00\x01\x00\x0c\x00\x04\x01"
  "\x01\x00\x05\x00\x0c\x01\x04\x01\x01\x00\x08\x00\x0c\x02\x04\x01\x01\x00\x09\x00"
  "\x0c\x03\x04\x01\x01\x00\x0a\x00\x0c\x04\x04\x01\x01\x00\x0b\x00\x0c\x05\x04\x01"
  "\x01\x00\x0c\x00\x0c\x06\x04\x01\x01\x00\x0d\x00\x0c\x07\x04\x01\x01\x00\x08\x00"
  "\x0c\x08\x04\x01\x01\x00\x02\x00\x0c\x09\x04\x01\x01\x00\x02\x00\x0c\x00\x04\x02"
  "\x00\x00\x37\x00\x0c\x01\x04\x02\x00\x00\x04\x00\x0c\x02\x04\x02\x00\x00\x02\x00"
  "\x0c\x03\x04\x02\x00\x00\x05\x00\x0c\x04\x04\x02\x00\x00\x06\x00\x0c\x05\x04\x02"
  "\x00\x00\x11\x00\x0c\x06\x04\x02\x00\x00\x11\x00\x0c\x07\x04\x02\x00\x00\x07\x00"
  "\x0c\x08\x04\x02\x00\x00\x03\x00\x0c\x09\x04\x02\x00\x00\x00\x00\x0c\x00\x04\x02"
  "\x01\x00\x37\x00\x0c\x01\x04\x02\x01\x00\x08\x00\x0c\x02\x04\x02\x01\x00\x09\x00"
  "\x0c\x03\x04\x02\x01\x00\x0a\x00\x0c\x04\x04\x02\x01\x00\x0b\x00\x0c\x05\x04\x02"
  "\x01\x00\x11\x00\x0c\x06\x04\x02\x01\x00\x11\x00\x0c\x07\x04\x02\x01\x00\x08\x00"
  "\x0c\x08\x04\x02\x01\x00\x03\x00\x0c\x09\x04\x02\x01\x00\x00\x00\x0c\x00\x05\x00"
  "\x00\x00\x34\x00\x0c\x01\x05\x00\x00\x00\x00\x00\x0c\x02\x05\x00\x00\x00\x01\x00"
  "\x0c\x03\x05\x00\x00\x00\x02\x00\x0c\x04\x05\x00\x00\x00\x03\x00\x0c\x05\x05\x00"
  "\x00\x00\x05\x00\x0c\x06\x05\x00\x00\x00\x06\x00\x0c\x07\x05\x00\x00\x00\x07\x00"
  "\x0c\x08\x05\x00\x00\x00\x00\x00\x0c\x09\x05\x00\x00\x00\x01\x00\x0c\x00\x05\x00"
  "\x01\x00\x23\x00\x0c\x01\x05\x00\x01\x00\x08\x00\x0c\x02\x05\x00\x01\x00\x09\x00"
  "\x0c\x03\x05\x00\x01\x00\x0a\x00\x0c\x04\x05\x00\x01\x00\x0b\x00\x0c\x05\x05\x00"
  "\x01\x00\x0c\x00\x0c\x06\x05\x00\x01\x00\x0d\x00\x0c\x07\x05\x00\x01\x00\x08\x00"
  "\x0c\x08\x05\x00\x01\x00\x01\x00\x0c\x09\x05\x00\x01\x00\x03\x00\x0c\x00\x05\x01"
  "\x00\x00\x10\x00\x0c\x01\x05\x01\x00\x00\x00\x00\x0c\x02\x05\x01\x00\x00\x01\x00"
  "\x0c\x03\x05\x01\x00\x00\x02\x00\x0c\x04\x05\x01\x00\x00\x03\x00\x0c\x05\x05\x01"
  "\x00\x00\x05\x00\x0c\x06\x05\x01\x00\x00\x06\x00\x0c\x07\x05\x01\x00\x00\x07\x00"
  "\x0c\x08\x05\x01\x00\x00\x00\x00\x0c\x09\x05\x01\x00\x00\x01\x00\x0c\x00\x05\x01"
  "\x01\x00\x10\x00\x0c\x01\x05\x01\x01\x00\x08\x00\x0c\x02\x05\x01\x01\x00\x09\x00"
  "\x0c\x03\x05\x01\x01\x00\x0a\x00\x0c\x04\x05\x01\x01\x00\x0b\x00\x0c\x05\x05\x01"
  "\x01\x00\x0c\x00\x0c\x06\x05\x01\x01\x00\x0d\x00\x0c\x07\x05\x01\x01\x00\x08\x00"
  "\x0c\x08\x05\x01\x01\x00\x02\x00\x0c\x09\x05\x01\x01\x00\x02\x00\x0c\x00\x05\x02"
  "\x00\x00\x37\x00\x0c\x01\x05\x02\x00\x00\x04\x00\x0c\x02\x05\x02\x00\x00\x02\x00"
  "\x0c\x03\x05\x02\x00\x00\x05\x00\x0c\x04\x05\x02\x00\x00\x06\x00\x0c\x05\x05\x02"
  "\x00\x00\x11\x00\x0c\x06\x05\x02\x00\x00\x11\x00\x0c\x07\x05\x02\x00\x00\x07\x00"
  "\x0c\x08\x05\x02\x00\x00\x03\x00\x0c\x09\x05\x02\x00\x00\x00\x00\x0c\x00\x05\x02"
  "\x01\x00\x37\x00\x0c\x01\x05\x02\x01\x00\x08\x00\x0c\x02\x05\x02\x01\x00\x09\x00"
  "\x0c\x03\x05\x02\x01\x00\x0a\x00\x0c\x04\x05\x02\x01\x00\x0b\x00\x0c\x05\x05\x02"
  "\x01\x00\x11\x00\x0c\x06\x05\x02\x01\x00\x11\x00\x0c\x07\x05\x02\x01\x00\x08\x00"
  "\x0c\x08\x05\x02\x01\x00\x03\x00\x0c\x09\x05\x02\x01\x00\x00\x00\x0c\x00\x06\x00"
  "\x00\x00\x17\x00\x0c\x01\x06\x00\x00\x00\x00\x00\x0c\x02\x06\x00\x00\x00\x01\x00"
  "\x0c\x03\x06\x00\x00\x00\x02\x00\x0c\x04\x06\x00\x00\x00\x03\x00\x0c\x05\x06\x00"
  "\x00\x00\x05\x00\x0c\x06\x06\x00\x00\x00\x06\x00\x0c\x07\x06\x00\x00\x00\x07\x00"
  "\x0c\x08\x06\x00\x00\x00\x00\x00\x0c\x09\x06\x00\x00\x00\x01\x00\x0c\x00\x06\x00"
  "\x01\x00\x20\x00\x0c\x01\x06\x00\x01\x00\x08\x00\x0c\x02\x06\x00\x01\x00\x09\x00"
  "\x0c\x03\x06\x00\x01\x00\x0a\x00\x0c\x04\x06\x00\x01\x00\x0b\x00\x0c\x05\x06\x00"
  "\x01\x00\x0c\x00\x0c\x06\x06\x00\x01\x00\x0d\x00\x0c\x07\x06\x00\x01\x00\x08\x00"
  "\x0c\x08\x06\x00\x01\x00\x01\x00\x0c\x09\x06\x00\x01\x00\x03\x00\x0c\x00\x06\x01"
  "\x00\x00\x09\x00\x0c\x01\x06\x01\x00\x00\x00\x00\x0c\x02\x06\x01\x00\x00\x01\x00"
  "\x0c\x03\x06\x01\x00\x00\x02\x00\x0c\x04\x06\x01\x00\x00\x03\x00\x0c\x05\x06\x01"
  "\x00\x00\x05\x00\x0c\x06\x06\x01\x00\x00\x06\x00\x0c\x07\x06\x01\x00\x00\x07\x00"
  "\x0c\x08\x06\x01\x00\x00\x00\x00\x0c\x09\x06\x01\x00\x00\x01\x00\x0c\x00\x06\x01"
  "\x01\x00\x09\x00\x0c\x01\x06\x01\x01\x00\x08\x00\x0c\x02\x06\x01\x01\x00\x09\x00"
  "\x0c\x03\x06\x01\x01\x00\x0a\x00\x0c\x04\x06\x01\x01\x00\x0b\x00\x0c\x05\x06\x01"
  "\x01\x00\x0c\x00\x0c\x06\x06\x01\x01\x00\x0d\x00\x0c\x07\x06\x01\x01\x00\x08\x00"
  "\x0c\x08\x06\x01\x01\x00\x02\x00\x0c\x09\x06\x01\x01\x00\x02\x00\x0c\x00\x06\x02"
  "\x00\x00\x37\x00\x0c\x01\x06\x02\x00\x00\x04\x00\x0c\x02\x06\x02\x00\x00\x02\x00"
  "\x0c\x03\x06\x02\x00\x00\x05\x00\x0c\x04\x06\x02\x00\x00\x06\x00\x0c\x05\x06\x02"
  "\x00\x00\x11\x00\x0c\x06\x06\x02\x00\x00\x11\x00\x0c\x07\x06\x02\x00\x00\x07\x00"
  "\x0c\x08\x06\x02\x00\x00\x03\x00\x0c\x09\x06\x02\x00\x00\x00\x00\x0c\x00\x06\x02"
  "\x01\x00\x37\x00\x0c\x01\x06\x02\x01\x00\x08\x00\x0c\x02\x06\x02\x01\x00\x09\x00"
  "\x0c\x03\x06\x02\x01\x00\x0a\x00\x0c\x04\x06\x02\x01\x00\x0b\x00\x0c\x05\x06\x02"
  "\x01\x00\x11\x00\x0c\x06\x06\x02\x01\x00\x11\x00\x0c\x07\x06\x02\x01\x00\x08\x00"
  "\x0c\x08\x06\x02\x01\x00\x03\x00\x0c\x09\x06\x02\x01\x00\x00\x00\x0c\x00\x07\x00"
  "\x00\x00\x15\x00\x0c\x01\x07\x00\x00\x00\x00\x00\x0c\x02\x07\x00\x00\x00\x01\x00"
  "\x0c\x03\x07\x00\x00\x00\x02\x00\x0c\x04\x07\x00\x00\x00\x03\x00\x0c\x05\x07\x00"
  "\x00\x00\x05\x00\x0c\x06\x07\x00\x00\x00\x06\x00\x0c\x07\x07\x00\x00\x00\x07\x00"
  "\x0c\x08\x07\x00\x00\x00\x00\x00\x0c\x09\x07\x00\x00\x00\x01\x00\x0c\x00\x07\x00"
  "\x01\x00\x24\x00\x0c\x01\x07\x00\x01\x00\x08\x00\x0c\x02\x07\x00\x01\x00\x09\x00"
  "\x0c\x03\x07\x00\x01\x00\x0a\x00\x0c\x04\x07\x00\x01\x00\x0b\x00\x0c\x05\x07\x00"
  "\x01\x00\x0c\x00\x0c\x06\x07\x00\x01\x00\x0d\x00\x0c\x07\x07\x00\x01\x00\x08\x00"
  "\x0c\x08\x07\x00\x01\x00\x01\x00\x0c\x09\x07\x00\x01\x00\x03\x00\x0c\x00\x07\x01"
  "\x00\x00\x0a\x00\x0c\x01\x07\x01\x00\x00\x00\x00\x0c\x02\x07\x01\x00\x00\x01\x00"
  "\x0c\x03\x07\x01\x00\x00\x02\x00\x0c\x04\x07\x01\x00\x00\x03\x00\x0c\x05\x07\x01"
  "\x00\x00\x05\x00\x0c\x06\x07\x01\x00\x00\x06\x00\x0c\x07\x07\x01\x00\x00\x07\x00"
  "\x0c\x08\x07\x01\x00\x00\x00\x00\x0c\x09\x07\x01\x00\x00\x01\x00\x0c\x00\x07\x01"
  "\x01\x00\x0a\x00\x0c\x01\x07\x01\x01\x00\x08\x00\x0c\x02\x07\x01\x01\x00\x09\x00"
  "\x0c\x03\x07\x01\x01\x00\x0a\x00\x0c\x04\x07\x01\x01\x00\x0b\x00\x0c\x05\x07\x01"
  "\x01\x00\x0c\x00\x0c\x06\x07\x01\x01\x00\x0d\x00\x0c\x07\x07\x01\x01\x00\x08\x00"
  "\x0c\x08\x07\x01\x01\x00\x02\x00\x0c\x09\x07\x01\x01\x00\x02\x00\x0c\x00\x07\x02"
  "\x00\x00\x37\x00\x0c\x01\x07\x02\x00\x00\x04\x00\x0c\x02\x07\x02\x00\x00\x02\x00"
  "\x0c\x03\x07\x02\x00\x00\x05\x00\x0c\x04\x07\x02\x00\x00\x06\x00\x0c\x05\x07\x02"
  "\x00\x00\x11\x00\x0c\x06\x07\x02\x00\x00\x11\x00\x0c\x07\x07\x02\x00\x00\x07\x00"
  "\x0c\x08\x07\x02\x00\x00\x03\x00\x0c\x09\x07\x02\x00\x00\x00\x00\x0c\x00\x07\x02"
  "\x01\x00\x37\x00\x0c\x01\x07\x02\x01\x00\x08\x00\x0c\x02\x07\x02\x01\x00\x09\x00"
  "\x0c\x03\x07\x02\x01\x00\x0a\x00\x0c\x04\x07\x02\x01\x00\x0b\x00\x0c\x05\x07\x02"
  "\x01\x00\x11\x00\x0c\x06\x07\x02\x01\x00\x11\x00\x0c\x07\x07\x02\x01\x00\x08\x00"
  "\x0c\x08\x07\x02\x01\x00\x03\x00\x0c\x09\x07\x02\x01\x00\x00\x00\x0c\x00\x08\x00"
  "\x00\x00\x28\x00\x0c\x01\x08\x00\x00\x00\x00\x00\x0c\x02\x08\x00\x00\x00\x01\x00"
  "\x0c\x03\x08\x00\x00\x00\x02\x00\x0c\x04\x08\x00\x00\x00\x03\x00\x0c\x05\x08\x00"
  "\x00\x00\x05\x00\x0c\x06\x08\x00\x00\x00\x06\x00\x0c\x07\x08\x00\x00\x00\x07\x00"
  "\x0c\x08\x08\x00\x00\x00\x00\x00\x0c\x09\x08\x00\x00\x00\x01\x00\x0c\x00\x08\x00"
  "\x01\x00\x19\x00\x0c\x01\x08\x00\x01\x00\x08\x00\x0c\x02\x08\x00\x01\x00\x09\x00"
  "\x0c\x03\x08\x00\x01\x00\x0a\x00\x0c\x04\x08\x00\x01\x00\x0b\x00\x0c\x05\x08\x00"
  "\x01\x00\x0c\x00\x0c\x06\x08\x00\x01\x00\x0d\x00\x0c\x07\x08\x00\x01\x00\x08\x00"
  "\x0c\x08\x08\x00\x01\x00\x01\x00\x0c\x09\x08\x00\x01\x00\x03\x00\x0c\x00\x08\x01"
  "\x00\x00\x06\x00\x0c\x01\x08\x01\x00\x00\x00\x00\x0c\x02\x08\x01\x00\x00\x01\x00"
  "\x0c\x03\x08\x01\x00\x00\x02\x00\x0c\x04\x08\x01\x00\x00\x03\x00\x0c\x05\x08\x01"
  "\x00\x00\x05\x00\x0c\x06\x08\x01\x00\x00\x06\x00\x0c\x07\x08\x01\x00\x00\x07\x00"
  "\x0c\x08\x08\x01\x00\x00\x00\x00\x0c\x09\x08\x01\x00\x00\x01\x00\x0c\x00\x08\x01"
  "\x01\x00\x06\x00\x0c\x01\x08\x01\x01\x00\x08\x00\x0c\x02\x08\x01\x01\x00\x09\x00"
  "\x0c\x03\x08\x01\x01\x00\x0a\x00\x0c\x04\x08\x01\x01\x00\x0b\x00\x0c\x05\x08\x01"
  "\x01\x00\x0c\x00\x0c\x06\x08\x01\x01\x00\x0d\x00\x0c\x07\x08\x01\x01\x00\x08\x00"
  "\x0c\x08\x08\x01\x01\x00\x02\x00\x0c\x09\x08\x01\x01\x00\x02\x00\x0c\x00\x08\x02"
  "\x00\x00\x37\x00\x0c\x01\x08\x02\x00\x00\x04\x00\x0c\x02\x08\x02\x00\x00\x02\x00"
  "\x0c\x03\x08\x02\x00\x00\x05\x00\x0c\x04\x08\x02\x00\x00\x06\x00\x0c\x05\x08\x02"
  "\x00\x00\x11\x00\x0c\x06\x08\x02\x00\x00\x11\x00\x0c\x07\x08\x02\x00\x00\x07\x00"
  "\x0c\x08\x08\x02\x00\x00\x03\x00\x0c\x09\x08\x02\x00\x00\x00\x00\x0c\x00\x08\x02"
  "\x01\x00\x37\x00\x0c\x01\x08\x02\x01\x00\x08\x00\x0c\x02\x08\x02\x01\x00\x09\x00"
  "\x0c\x03\x08\x02\x01\x00\x0a\x00\x0c\x04\x08\x02\x01\x00\x0b\x00\x0c\x05\x08\x02"
  "\x01\x00\x11\x00\x0c\x06\x08\x02\x01\x00\x11\x00\x0c\x07\x08\x02\x01\x00\x08\x00"
  "\x0c\x08\x08\x02\x01\x00\x03\x00\x0c\x09\x08\x02\x01\x00\x00\x00\x0c\x00\x09\x00"
  "\x00\x00\x25\x00\x0c\x01\x09\x00\x00\x00\x00\x00\x0c\x02\x09\x00\x00\x00\x01\x00"
  "\x0c\x03\x09\x00\x00\x00\x02\x00\x0c\x04\x09\x00\x00\x00\x03\x00\x0c\x05\x09\x00"
  "\x00\x00\x05\x00\x0c\x06\x09\x00\x00\x00\x06\x00\x0c\x07\x09\x00\x00\x00\x07\x00"
  "\x0c\x08\x09\x00\x00\x00\x00\x00\x0c\x09\x09\x00\x00\x00\x01\x00\x0c\x00\x09\x00"
  "\x01\x00\x18\x00\x0c\x01\x09\x00\x01\x00\x08\x00\x0c\x02\x09\x00\x01\x00\x09\x00"
  "\x0c\x03\x09\x00\x01\x00\x0a\x00\x0c\x04\x09\x00\x01\x00\x0b\x00\x0c\x05\x09\x00"
  "\x01\x00\x0c\x00\x0c\x06\x09\x00\x01\x00\x0d\x00\x0c\x07\x09\x00\x01\x00\x08\x00"
  "\x0c\x08\x09\x00\x01\x00\x01\x00\x0c\x09\x09\x00\x01\x00\x03\x00\x0c\x00\x09\x01"
  "\x00\x00\x0f\x00\x0c\x01\x09\x01\x00\x00\x00\x00\x0c\x02\x09\x01\x00\x00\x01\x00"
  "\x0c\x03\x09\x01\x00\x00\x02\x00\x0c\x04\x09\x01\x00\x00\x03\x00\x0c\x05\x09\x01"
  "\x00\x00\x05\x00\x0c\x06\x09\x01\x00\x00\x06\x00\x0c\x07\x09\x01\x00\x00\x07\x00"
  "\x0c\x08\x09\x01\x00\x00\x00\x00\x0c\x09\x09\x01\x00\x00\x01\x00\x0c\x00\x09\x01"
  "\x01\x00\x0f\x00\x0c\x01\x09\x01\x01\x00\x08\x00\x0c\x02\x09\x01\x01\x00\x09\x00"
  "\x0c\x03\x09\x01\x01\x00\x0a\x00\x0c\x04\x09\x01\x01\x00\x0b\x00\x0c\x05\x09\x01"
  "\x01\x00\x0c\x00\x0c\x06\x09\x01\x01\x00\x0d\x00\x0c\x07\x09\x01\x01\x00\x08\x00"
  "\x0c\x08\x09\x01\x01\x00\x02\x00\x0c\x09\x09\x01\x01\x00\x02\x00\x0c\x00\x09\x02"
  "\x00\x00\x37\x00\x0c\x01\x09\x02\x00\x00\x04\x00\x0c\x02\x09\x02\x00\x00\x02\x00"
  "\x0c\x03\x09\x02\x00\x00\x05\x00\x0c\x04\x09\x02\x00\x00\x06\x00\x0c\x05\x09\x02"
  "\x00\x00\x11\x00\x0c\x06\x09\x02\x00\x00\x11\x00\x0c\x07\x09\x02\x00\x00\x07\x00"
  "\x0c\x08\x09\x02\x00\x00\x03\x00\x0c\x09\x09\x02\x00\x00\x00\x00\x0c\x00\x09\x02"
  "\x01\x00\x37\x00\x0c\x01\x09\x02\x01\x00\x08\x00\x0c\x02\x09\x02\x01\x00\x09\x00"
  "\x0c\x03\x09\x02\x01\x00\x0a\x00\x0c\x04\x09\x02\x01\x00\x0b\x00\x0c\x05\x09\x02"
  "\x01\x00\x11\x00\x0c\x06\x09\x02\x01\x00\x11\x00\x0c\x07\x09\x02\x01\x00\x08\x00"
  "\x0c\x08\x09\x02\x01\x00\x03\x00\x0c\x09\x09\x02\x01\x00\x00\x00\x0c\x00\x0a\x00"
  "\x00\x00\x27\x00\x0c\x01\x0a\x00\x00\x00\x00\x00\x0c\x02\x0a\x00\x00\x00\x01\x00"
  "\x0c\x03\x0a\x00\x00\x00\x02\x00\x0c\x04\x0a\x00\x00\x00\x03\x00\x0c\x05\x0a\x00"
  "\x00\x00\x05\x00\x0c\x06\x0a\x00\x00\x00\x06\x00\x0c\x07\x0a\x00\x00\x00\x07\x00"
  "\x0c\x08\x0a\x00\x00\x00\x00\x00\x0c\x09\x0a\x00\x00\x00\x01\x00\x0c\x00\x0a\x00"
  "\x01\x00\x16\x00\x0c\x01\x0a\x00\x01\x00\x08\x00\x0c\x02\x0a\x00\x01\x00\x09\x00"
  "\x0c\x03\x0a\x00\x01\x00\x0a\x00\x0c\x04\x0a\x00\x01\x00\x0b\x00\x0c\x05\x0a\x00"
  "\x01\x00\x0c\x00\x0c\x06\x0a\x00\x01\x00\x0d\x00\x0c\x07\x0a\x00\x01\x00\x08\x00"
  "\x0c\x08\x0a\x00\x01\x00\x01\x00\x0c\x09\x0a\x00\x01\x00\x03\x00\x0c\x00\x0a\x01"
  "\x00\x00\x11\x00\x0c\x01\x0a\x01\x00\x00\x00\x00\x0c\x02\x0a\x01\x00\x00\x01\x00"
  "\x0c\x03\x0a\x01\x00\x00\x02\x00\x0c\x04\x0a\x01\x00\x00\x03\x00\x0c\x05\x0a\x01"
  "\x00\x00\x05\x00\x0c\x06\x0a\x01\x00\x00\x06\x00\x0c\x07\x0a\x01\x00\x00\x07\x00"
  "\x0c\x08\x0a\x01\x00\x00\x00\x00\x0c\x09\x0a\x01\x00\x00\x01\x00\x0c\x00\x0a\x01"
  "\x01\x00\x11\x00\x0c\x01\x0a\x01\x01\x00\x08\x00\x0c\x02\x0a\x01\x01\x00\x09\x00"
  "\x0c\x03\x0a\x01\x01\x00\x0a\x00\x0c\x04\x0a\x01\x01\x00\x0b\x00\x0c\x05\x0a\x01"
  "\x01\x00\x0c\x00\x0c\x06\x0a\x01\x01\x00\x0d\x00\x0c\x07\x0a\x01\x01\x00\x08\x00"
  "\x0c\x08\x0a\x01\x01\x00\x02\x00\x0c\x09\x0a\x01\x01\x00\x02\x00\x0c\x00\x0a\x02"
  "\x00\x00\x37\x00\x0c\x01\x0a\x02\x00\x00\x04\x00\x0c\x02\x0a\x02\x00\x00\x02\x00"
  "\x0c\x03\x0a\x02\x00\x00\x05\x00\x0c\x04\x0a\x02\x00\x00\x06\x00\x0c\x05\x0a\x02"
  "\x00\x00\x11\x00\x0c\x06\x0a\x02\x00\x00\x11\x00\x0c\x07\x0a\x02\x00\x00\x07\x00"
  "\x0c\x08\x0a\x02\x00\x00\x03\x00\x0c\x09\x0a\x02\x00\x00\x00\x00\x0c\x00\x0a\x02"
  "\x01\x00\x37\x00\x0c\x01\x0a\x02\x01\x00\x08\x00\x0c\x02\x0a\x02\x01\x00\x09\x00"
  "\x0c\x03\x0a\x02\x01\x00\x0a\x00\x0c\x04\x0a\x02\x01\x00\x0b\x00\x0c\x05\x0a\x02"
  "\x01\x00\x11\x00\x0c\x06\x0a\x02\x01\x00\x11\x00\x0c\x07\x0a\x02\x01\x00\x08\x00"
  "\x0c\x08\x0a\x02\x01\x00\x03\x00\x0c\x09\x0a\x02\x01\x00\x00\x00\x0c\x00\x0b\x00"
  "\x00\x00\x1e\x00\x0c\x01\x0b\x00\x00\x00\x00\x00\x0c\x02\x0b\x00\x00\x00\x01\x00"
  "\x0c\x03\x0b\x00\x00\x00\x02\x00\x0c\x04\x0b\x00\x00\x00\x03\x00\x0c\x05\x0b\x00"
  "\x00\x00\x05\x00\x0c\x06\x0b\x00\x00\x00\x06\x00\x0c\x07\x0b\x00\x00\x00\x07\x00"
  "\x0c\x08\x0b\x00\x00\x00\x00\x00\x0c\x09\x0b\x00\x00\x00\x01\x00\x0c\x00\x0b\x00"
  "\x01\x00\x36\x00\x0c\x01\x0b\x00\x01\x00\x08\x00\x0c\x02\x0b\x00\x01\x00\x09\x00"
  "\x0c\x03\x0b\x00\x01\x00\x0a\x00\x0c\x04\x0b\x00\x01\x00\x0b\x00\x0c\x05\x0b\x00"
  "\x01\x00\x0c\x00\x0c\x06\x0b\x00\x01\x00\x0d\x00\x0c\x07\x0b\x00\x01\x00\x08\x00"
  "\x0c\x08\x0b\x00\x01\x00\x01\x00\x0c\x09\x0b\x00\x01\x00\x03\x00\x0c\x00\x0b\x01"
  "\x00\x00\x13\x00\x0c\x01\x0b\x01\x00\x00\x00\x00\x0c\x02\x0b\x01\x00\x00\x01\x00"
  "\x0c\x03\x0b\x01\x00\x00\x02\x00\x0c\x04\x0b\x01\x00\x00\x03\x00\x0c\x05\x0b\x01"
  "\x00\x00\x05\x00\x0c\x06\x0b\x01\x00\x00\x06\x00\x0c\x07\x0b\x01\x00\x00\x07\x00"
  "\x0c\x08\x0b\x01\x00\x00\x00\x00\x0c\x09\x0b\x01\x00\x00\x01\x00\x0c\x00\x0b\x01"
  "\x01\x00\x13\x00\x0c\x01\x0b\x01\x01\x00\x08\x00\x0c\x02\x0b\x01\x01\x00\x09\x00"
  "\x0c\x03\x0b\x01\x01\x00\x0a\x00\x0c\x04\x0b\x01\x01\x00\x0b\x00\x0c\x05\x0b\x01"
  "\x01\x00\x0c\x00\x0c\x06\x0b\x01\x01\x00\x0d\x00\x0c\x07\x0b\x01\x01\x00\x08\x00"
  "\x0c\x08\x0b\x01\x01\x00\x02\x00\x0c\x09\x0b\x01\x01\x00\x02\x00\x0c\x00\x0b\x02"
  "\x00\x00\x37\x00\x0c\x01\x0b\x02\x00\x00\x04\x00\x0c\x02\x0b\x02\x00\x00\x02\x00"
  "\x0c\x03\x0b\x02\x00\x00\x05\x00\x0c\x04\x0b\x02\x00\x00\x06\x00\x0c\x05\x0b\x02"
  "\x00\x00\x11\x00\x0c\x06\x0b\x02\x00\x00\x11\x00\x0c\x07\x0b\x02\x00\x00\x07\x00"
  "\x0c\x08\x0b\x02\x00\x00\x03\x00\x0c\x09\x0b\x02\x00\x00\x00\x00\x0c\x00\x0b\x02"
  "\x01\x00\x37\x00\x0c\x01\x0b\x02\x01\x00\x08\x00\x0c\x02\x0b\x02\x01\x00\x09\x00"
  "\x0c\x03\x0b\x02\x01\x00\x0a\x00\x0c\x04\x0b\x02\x01\x00\x0b\x00\x0c\x05\x0b\x02"
  "\x01\x00\x11\x00\x0c\x06\x0b\x02\x01\x00\x11\x00\x0c\x07\x0b\x02\x01\x00\x08\x00"
  "\x0c\x08\x0b\x02\x01\x00\x03\x00\x0c\x09\x0b\x02\x01\x00\x00\x00\x0c\x00\x0c\x00"
  "\x00\x00\x29\x00\x0c\x01\x0c\x00\x00\x00\x00\x00\x0c\x02\x0c\x00\x00\x00\x01\x00"
  "\x0c\x03\x0c\x00\x00\x00\x02\x00\x0c\x04\x0c\x00\x00\x00\x03\x00\x0c\x05\x0c\x00"
  "\x00\x00\x05\x00\x0c\x06\x0c\x00\x00\x00\x06\x00\x0c\x07\x0c\x00\x00\x00\x07\x00"
  "\x0c\x08\x0c\x00\x00\x00\x00\x00\x0c\x09\x0c\x00\x00\x00\x01\x00\x0c\x00\x0c\x00"
  "\x01\x00\x1a\x00\x0c\x01\x0c\x00\x01\x00\x08\x00\x0c\x02\x0c\x00\x01\x00\x09\x00"
  "\x0c\x03\x0c\x00\x01\x00\x0a\x00\x0c\x04\x0c\x00\x01\x00\x0b\x00\x0c\x05\x0c\x00"
  "\x01\x00\x0c\x00\x0c\x06\x0c\x00\x01\x00\x0d\x00\x0c\x07\x0c\x00\x01\x00\x08\x00"
  "\x0c\x08\x0c\x00\x01\x00\x01\x00\x0c\x09\x0c\x00\x01\x00\x03\x00\x0c\x00\x0c\x01"
  "\x00\x00\x0b\x00\x0c\x01\x0c\x01\x00\x00\x00\x00\x0c\x02\x0c\x01\x00\x00\x01\x00"
  "\x0c\x03\x0c\x01\x00\x00\x02\x00\x0c\x04\x0c\x01\x00\x00\x03\x00\x0c\x05\x0c\x01"
  "\x00\x00\x05\x00\x0c\x06\x0c\x01\x00\x00\x06\x00\x0c\x07\x0c\x01\x00\x00\x07\x00"
  "\x0c\x08\x0c\x01\x00\x00\x00\x00\x0c\x09\x0c\x01\x00\x00\x01\x00\x0c\x00\x0c\x01"
  "\x01\x00\x0b\x00\x0c\x01\x0c\x01\x01\x00\x08\x00\x0c\x02\x0c\x01\x01\x00\x09\x00"
  "\x0c\x03\x0c\x01\x01\x00\x0a\x00\x0c\x04\x0c\x01\x01\x00\x0b\x00\x0c\x05\x0c\x01"
  "\x01\x00\x0c\x00\x0c\x06\x0c\x01\x01\x00\x0d\x00\x0c\x07\x0c\x01\x01\x00\x08\x00"
  "\x0c\x08\x0c\x01\x01\x00\x02\x00\x0c\x09\x0c\x01\x01\x00\x02\x00\x0c\x00\x0c\x02"
  "\x00\x00\x37\x00\x0c\x01\x0c\x02\x00\x00\x04\x00\x0c\x02\x0c\x02\x00\x00\x02\x00"
  "\x0c\x03\x0c\x02\x00\x00\x05\x00\x0c\x04\x0c\x02\x00\x00\x06\x00\x0c\x05\x0c\x02"
  "\x00\x00\x11\x00\x0c\x06\x0c\x02\x00\x00\x11\x00\x0c\x07\x0c\x02\x00\x00\x07\x00"
  "\x0c\x08\x0c\x02\x00\x00\x03\x00\x0c\x09\x0c\x02\x00\x00\x00\x00\x0c\x00\x0c\x02"
  "\x01\x00\x37\x00\x0c\x01\x0c\x02\x01\x00\x08\x00\x0c\x02\x0c\x02\x01\x00\x09\x00"
  "\x0c\x03\x0c\x02\x01\x00\x0a\x00\x0c\x04\x0c\x02\x01\x00\x0b\x00\x0c\x05\x0c\x02"
  "\x01\x00\x11\x00\x0c\x06\x0c\x02\x01\x00\x11\x00\x0c\x07\x0c\x02\x01\x00\x08\x00"
  "\x0c\x08\x0c\x02\x01\x00\x03\x00\x0c\x09\x0c\x02\x01\x00\x00\x00\x0c\x00\x0d\x00"
  "\x00\x00\x2a\x00\x0c\x01\x0d\x00\x00\x00\x00\x00\x0c\x02\x0d\x00\x00\x00\x01\x00"
  "\x0c\x03\x0d\x00\x00\x00\x02\x00\x0c\x04\x0d\x00\x00\x00\x03\x00\x0c\x05\x0d\x00"
  "\x00\x00\x05\x00\x0c\x06\x0d\x00\x00\x00\x06\x00\x0c\x07\x0d\x00\x00\x00\x07\x00"
  "\x0c\x08\x0d\x00\x00\x00\x00\x00\x0c\x09\x0d\x00\x00\x00\x01\x00\x0c\x00\x0d\x00"
  "\x01\x00\x1f\x00\x0c\x01\x0d\x00\x01\x00\x08\x00\x0c\x02\x0d\x00\x01\x00\x09\x00"
  "\x0c\x03\x0d\x00\x01\x00\x0a\x00\x0c\x04\x0d\x00\x01\x00\x0b\x00\x0c\x05\x0d\x00"
  "\x01\x00\x0c\x00\x0c\x06\x0d\x00\x01\x00\x0d\x00\x0c\x07\x0d\x00\x01\x00\x08\x00"
  "\x0c\x08\x0d\x00\x01\x00\x01\x00\x0c\x09\x0d\x00\x01\x00\x03\x00\x0c\x00\x0d\x01"
  "\x00\x00\x0c\x00\x0c\x01\x0d\x01\x00\x00\x00\x00\x0c\x02\x0d\x01\x00\x00\x01\x00"
  "\x0c\x03\x0d\x01\x00\x00\x02\x00\x0c\x04\x0d\x01\x00\x00\x03\x00\x0c\x05\x0d\x01"
  "\x00\x00\x05\x00\x0c\x06\x0d\x01\x00\x00\x06\x00\x0c\x07\x0d\x01\x00\x00\x07\x00"
  "\x0c\x08\x0d\x01\x00\x00\x00\x00\x0c\x09\x0d\x01\x00\x00\x01\x00\x0c\x00\x0d\x01"
  "\x01\x00\x0c\x00\x0c\x01\x0d\x01\x01\x00\x08\x00\x0c\x02\x0d\x01\x01\x00\x09\x00"
  "\x0c\x03\x0d\x01\x01\x00\x0a\x00\x0c\x04\x0d\x01\x01\x00\x0b\x00\x0c\x05\x0d\x01"
  "\x01\x00\x0c\x00\x0c\x06\x0d\x01\x01\x00\x0d\x00\x0c\x07\x0d\x01\x01\x00\x08\x00"
  "\x0c\x08\x0d\x01\x01\x00\x02\x00\x0c\x09\x0d\x01\x01\x00\x02\x00\x0c\x00\x0d\x02"
  "\x00\x00\x37\x00\x0c\x01\x0d\x02\x00\x00\x04\x00\x0c\x02\x0d\x02\x00\x00\x02\x00"
  "\x0c\x03\x0d\x02\x00\x00\x05\x00\x0c\x04\x0d\x02\x00\x00\x06\x00\x0c\x05\x0d\x02"
  "\x00\x00\x11\x00\x0c\x06\x0d\x02\x00\x00\x11\x00\x0c\x07\x0d\x02\x00\x00\x07\x00"
  "\x0c\x08\x0d\x02\x00\x00\x03\x00\x0c\x09\x0d\x02\x00\x00\x00\x00\x0c\x00\x0d\x02"
  "\x01\x00\x37\x00\x0c\x01\x0d\x02\x01\x00\x08\x00\x0c\x02\x0d\x02\x01\x00\x09\x00"
  "\x0c\x03\x0d\x02\x01\x00\x0a\x00\x0c\x04\x0d\x02\x01\x00\x0b\x00\x0c\x05\x0d\x02"
  "\x01\x00\x11\x00\x0c\x06\x0d\x02\x01\x00\x11\x00\x0c\x07\x0d\x02\x01\x00\x08\x00"
  "\x0c\x08\x0d\x02\x01\x00\x03\x00\x0c\x09\x0d\x02\x01\x00\x00\x00\x0c\x00\x0e\x00"
  "\x00\x00\x2c\x00\x0c\x01\x0e\x00\x00\x00\x00\x00\x0c\x02\x0e\x00\x00\x00\x01\x00"
  "\x0c\x03\x0e\x00\x00\x00\x02\x00\x0c\x04\x0e\x00\x00\x00\x03\x00\x0c\x05\x0e\x00"
  "\x00\x00\x05\x00\x0c\x06\x0e\x00\x00\x00\x06\x00\x0c\x07\x0e\x00\x00\x00\x07\x00"
  "\x0c\x08\x0e\x00\x00\x00\x00\x00\x0c\x09\x0e\x00\x00\x00\x01\x00\x0c\x00\x0e\x00"
  "\x01\x00\x1c\x00\x0c\x01\x0e\x00\x01\x00\x08\x00\x0c\x02\x0e\x00\x01\x00\x09\x00"
  "\x0c\x03\x0e\x00\x01\x00\x0a\x00\x0c\x04\x0e\x00\x01\x00\x0b\x00\x0c\x05\x0e\x00"
  "\x01\x00\x0c\x00\x0c\x06\x0e\x00\x01\x00\x0d\x00\x0c\x07\x0e\x00\x01\x00\x08\x00"
  "\x0c\x08\x0e\x00\x01\x00\x01\x00\x0c\x09\x0e\x00\x01\x00\x03\x00\x0c\x00\x0e\x01"
  "\x00\x00\x0d\x00\x0c\x01\x0e\x01\x00\x00\x00\x00\x0c\x02\x0e\x01\x00\x00\x01\x00"
  "\x0c\x03\x0e\x01\x00\x00\x02\x00\x0c\x04\x0e\x01\x00\x00\x03\x00\x0c\x05\x0e\x01"
  "\x00\x00\x05\x00\x0c\x06\x0e\x01\x00\x00\x06\x00\x0c\x07\x0e\x01\x00\x00\x07\x00"
  "\x0c\x08\x0e\x01\x00\x00\x00\x00\x0c\x09\x0e\x01\x00\x00\x01\x00\x0c\x00\x0e\x01"
  "\x01\x00\x0d\x00\x0c\x01\x0e\x01\x01\x00\x08\x00\x0c\x02\x0e\x01\x01\x00\x09\x00"
  "\x0c\x03\x0e\x01\x01\x00\x0a\x00\x0c\x04\x0e\x01\x01\x00\x0b\x00\x0c\x05\x0e\x01"
  "\x01\x00\x0c\x00\x0c\x06\x0e\x01\x01\x00\x0d\x00\x0c\x07\x0e\x01\x01\x00\x08\x00"
  "\x0c\x08\x0e\x01\x01\x00\x02\x00\x0c\x09\x0e\x01\x01\x00\x02\x00\x0c\x00\x0e\x02"
  "\x00\x00\x37\x00\x0c\x01\x0e\x02\x00\x00\x04\x00\x0c\x02\x0e\x02\x00\x00\x02\x00"
  "\x0c\x03\x0e\x02\x00\x00\x05\x00\x0c\x04\x0e\x02\x00\x00\x06\x00\x0c\x05\x0e\x02"
  "\x00\x00\x11\x00\x0c\x06\x0e\x02\x00\x00\x11\x00\x0c\x07\x0e\x02\x00\x00\x07\x00"
  "\x0c\x08\x0e\x02\x00\x00\x03\x00\x0c\x09\x0e\x02\x00\x00\x00\x00\x0c\x00\x0e\x02"
  "\x01\x00\x37\x00\x0c\x01\x0e\x02\x01\x00\x08\x00\x0c\x02\x0e\x02\x01\x00\x09\x00"
  "\x0c\x03\x0e\x02\x01\x00\x0a\x00\x0c\x04\x0e\x02\x01\x00\x0b\x00\x0c\x05\x0e\x02"
  "\x01\x00\x11\x00\x0c\x06\x0e\x02\x01\x00\x11\x00\x0c\x07\x0e\x02\x01\x00\x08\x00"
  "\x0c\x08\x0e\x02\x01\x00\x03\x00\x0c\x09\x0e\x02\x01\x00\x00\x00\x0c\x00\x0f\x00"
  "\x00\x00\x2d\x00\x0c\x01\x0f\x00\x00\x00\x00\x00\x0c\x02\x0f\x00\x00\x00\x01\x00"
  "\x0c\x03\x0f\x00\x00\x00\x02\x00\x0c\x04\x0f\x00\x00\x00\x03\x00\x0c\x05\x0f\x00"
  "\x00\x00\x05\x00\x0c\x06\x0f\x00\x00\x00\x06\x00\x0c\x07\x0f\x00\x00\x00\x07\x00"
  "\x0c\x08\x0f\x00\x00\x00\x00\x00\x0c\x09\x0f\x00\x00\x00\x01\x00\x0c\x00\x0f\x00"
  "\x01\x00\x1d\x00\x0c\x01\x0f\x00\x01\x00\x08\x00\x0c\x02\x0f\x00\x01\x00\x09\x00"
  "\x0c\x03\x0f\x00\x01\x00\x0a\x00\x0c\x04\x0f\x00\x01\x00\x0b\x00\x0c\x05\x0f\x00"
  "\x01\x00\x0c\x00\x0c\x06\x0f\x00\x01\x00\x0d\x00\x0c\x07\x0f\x00\x01\x00\x08\x00"
  "\x0c\x08\x0f\x00\x01\x00\x01\x00\x0c\x09\x0f\x00\x01\x00\x03\x00\x0c\x00\x0f\x01"
  "\x00\x00\x0e\x00\x0c\x01\x0f\x01\x00\x00\x00\x00\x0c\x02\x0f\x01\x00\x00\x01\x00"
  "\x0c\x03\x0f\x01\x00\x00\x02\x00\x0c\x04\x0f\x01\x00\x00\x03\x00\x0c\x05\x0f\x01"
  "\x00\x00\x05\x00\x0c\x06\x0f\x01\x00\x00\x06\x00\x0c\x07\x0f\x01\x00\x00\x07\x00"
  "\x0c\x08\x0f\x01\x00\x00\x00\x00\x0c\x09\x0f\x01\x00\x00\x01\x00\x0c\x00\x0f\x01"
  "\x01\x00\x0e\x00\x0c\x01\x0f\x01\x01\x00\x08\x00\x0c\x02\x0f\x01\x01\x00\x09\x00"
  "\x0c\x03\x0f\x01\x01\x00\x0a\x00\x0c\x04\x0f\x01\x01\x00\x0b\x00\x0c\x05\x0f\x01"
  "\x01\x00\x0c\x00\x0c\x06\x0f\x01\x01\x00\x0d\x00\x0c\x07\x0f\x01\x01\x00\x08\x00"
  "\x0c\x08\x0f\x01\x01\x00\x02\x00\x0c\x09\x0f\x01\x01\x00\x02\x00\x0c\x00\x0f\x02"
  "\x00\x00\x37\x00\x0c\x01\x0f\x02\x00\x00\x04\x00\x0c\x02\x0f\x02\x00\x00\x02\x00"
  "\x0c\x03\x0f\x02\x00\x00\x05\x00\x0c\x04\x0f\x02\x00\x00\x06\x00\x0c\x05\x0f\x02"
  "\x00\x00\x11\x00\x0c\x06\x0f\x02\x00\x00\x11\x00\x0c\x07\x0f\x02\x00\x00\x07\x00"
  "\x0c\x08\x0f\x02\x00\x00\x03\x00\x0c\x09\x0f\x02\x00\x00\x00\x00\x0c\x00\x0f\x02"
  "\x01\x00\x37\x00\x0c\x01\x0f\x02\x01\x00\x08\x00\x0c\x02\x0f\x02\x01\x00\x09\x00"
  "\x0c\x03\x0f\x02\x01\x00\x0a\x00\x0c\x04\x0f\x02\x01\x00\x0b\x00\x0c\x05\x0f\x02"
  "\x01\x00\x11\x00\x0c\x06\x0f\x02\x01\x00\x11\x00\x0c\x07\x0f\x02\x01\x00\x08\x00"
  "\x0c\x08\x0f\x02\x01\x00\x03\x00\x0c\x09\x0f\x02\x01\x00\x00\x00\x0c\x00\x10\x00"
  "\x00\x00\x2b\x00\x0c\x01\x10\x00\x00\x00\x00\x00\x0c\x02\x10\x00\x00\x00\x01\x00"
  "\x0c\x03\x10\x00\x00\x00\x02\x00\x0c\x04\x10\x00\x00\x00\x03\x00\x0c\x05\x10\x00"
  "\x00\x00\x05\x00\x0c\x06\x10\x00\x00\x00\x06\x00\x0c\x07\x10\x00\x00\x00\x07\x00"
  "\x0c\x08\x10\x00\x00\x00\x00\x00\x0c\x09\x10\x00\x00\x00\x01\x00\x0c\x00\x10\x00"
  "\x01\x00\x1e\x00\x0c\x01\x10\x00\x01\x00\x08\x00\x0c\x02\x10\x00\x01\x00\x09\x00"
  "\x0c\x03\x10\x00\x01\x00\x0a\x00\x0c\x04\x10\x00\x01\x00\x0b\x00\x0c\x05\x10\x00"
  "\x01\x00\x0c\x00\x0c\x06\x10\x00\x01\x00\x0d\x00\x0c\x07\x10\x00\x01\x00\x08\x00"
  "\x0c\x08\x10\x00\x01\x00\x01\x00\x0c\x09\x10\x00\x01\x00\x03\x00\x0c\x00\x10\x01"
  "\x00\x00\x07\x00\x0c\x01\x10\x01\x00\x00\x00\x00\x0c\x02\x10\x01\x00\x00\x01\x00"
  "\x0c\x03\x10\x01\x00\x00\x02\x00\x0c\x04\x10\x01\x00\x00\x03\x00\x0c\x05\x10\x01"
  "\x00\x00\x05\x00\x0c\x06\x10\x01\x00\x00\x06\x00\x0c\x07\x10\x01\x00\x00\x07\x00"
  "\x0c\x08\x10\x01\x00\x00\x00\x00\x0c\x09\x10\x01\x00\x00\x01\x00\x0c\x00\x10\x01"
  "\x01\x00\x07\x00\x0c\x01\x10\x01\x01\x00\x08\x00\x0c\x02\x10\x01\x01\x00\x09\x00"
  "\x0c\x03\x10\x01\x01\x00\x0a\x00\x0c\x04\x10\x01\x01\x00\x0b\x00\x0c\x05\x10\x01"
  "\x01\x00\x0c\x00\x0c\x06\x10\x01\x01\x00\x0d\x00\x0c\x07\x10\x01\x01\x00\x08\x00"
  "\x0c\x08\x10\x01\x01\x00\x02\x00\x0c\x09\x10\x01\x01\x00\x02\x00\x0c\x00\x10\x02"
  "\x00\x00\x37\x00\x0c\x01\x10\x02\x00\x00\x04\x00\x0c\x02\x10\x02\x00\x00\x02\x00"
  "\x0c\x03\x10\x02\x00\x00\x05\x00\x0c\x04\x10\x02\x00\x00\x06\x00\x0c\x05\x10\x02"
  "\x00\x00\x11\x00\x0c\x06\x10\x02\x00\x00\x11\x00\x0c\x07\x10\x02\x00\x00\x07\x00"
  "\x0c\x08\x10\x02\x00\x00\x03\x00\x0c\x09\x10\x02\x00\x00\x00\x00\x0c\x00\x10\x02"
  "\x01\x00\x37\x00\x0c\x01\x10\x02\x01\x00\x08\x00\x0c\x02\x10\x02\x01\x00\x09\x00"
  "\x0c\x03\x10\x02\x01\x00\x0a\x00\x0c\x04\x10\x02\x01\x00\x0b\x00\x0c\x05\x10\x02"
  "\x01\x00\x11\x00\x0c\x06\x10\x02\x01\x00\x11\x00\x0c\x07\x10\x02\x01\x00\x08\x00"
  "\x0c\x08\x10\x02\x01\x00\x03\x00\x0c\x09\x10\x02\x01\x00\x00\x00\x0c\x00\x11\x00"
  "\x00\x00\x2e\x00\x0c\x01\x11\x00\x00\x00\x00\x00\x0c\x02\x11\x00\x00\x00\x01\x00"
  "\x0c\x03\x11\x00\x00\x00\x02\x00\x0c\x04\x11\x00\x00\x00\x03\x00\x0c\x05\x11\x00"
  "\x00\x00\x05\x00\x0c\x06\x11\x00\x00\x00\x06\x00\x0c\x07\x11\x00\x00\x00\x07\x00"
  "\x0c\x08\x11\x00\x00\x00\x00\x00\x0c\x09\x11\x00\x00\x00\x01\x00\x0c\x00\x11\x00"
  "\x01\x00\x21\x00\x0c\x01\x11\x00\x01\x00\x08\x00\x0c\x02\x11\x00\x01\x00\x09\x00"
  "\x0c\x03\x11\x00\x01\x00\x0a\x00\x0c\x04\x11\x00\x01\x00\x0b\x00\x0c\x05\x11\x00"
  "\x01\x00\x0c\x00\x0c\x06\x11\x00\x01\x00\x0d\x00\x0c\x07\x11\x00\x01\x00\x08\x00"
  "\x0c\x08\x11\x00\x01\x00\x01\x00\x0c\x09\x11\x00\x01\x00\x03\x00\x0c\x00\x11\x01"
  "\x00\x00\x12\x00\x0c\x01\x11\x01\x00\x00\x00\x00\x0c\x02\x11\x01\x00\x00\x01\x00"
  "\x0c\x03\x11\x01\x00\x00\x02\x00\x0c\x04\x11\x01\x00\x00\x03\x00\x0c\x05\x11\x01"
  "\x00\x00\x05\x00\x0c\x06\x11\x01\x00\x00\x06\x00\x0c\x07\x11\x01\x00\x00\x07\x00"
  "\x0c\x08\x11\x01\x00\x00\x00\x00\x0c\x09\x11\x01\x00\x00\x01\x00\x0c\x00\x11\x01"
  "\x01\x00\x12\x00\x0c\x01\x11\x01\x01\x00\x08\x00\x0c\x02\x11\x01\x01\x00\x09\x00"
  "\x0c\x03\x11\x01\x01\x00\x0a\x00\x0c\x04\x11\x01\x01\x00\x0b\x00\x0c\x05\x11\x01"
  "\x01\x00\x0c\x00\x0c\x06\x11\x01\x01\x00\x0d\x00\x0c\x07\x11\x01\x01\x00\x08\x00"
  "\x0c\x08\x11\x01\x01\x00\x02\x00\x0c\x09\x11\x01\x01\x00\x02\x00\x0c\x00\x11\x02"
  "\x00\x00\x37\x00\x0c\x01\x11\x02\x00\x00\x04\x00\x0c\x02\x11\x02\x00\x00\x02\x00"
  "\x0c\x03\x11\x02\x00\x00\x05\x00\x0c\x04\x11\x02\x00\x00\x06\x00\x0c\x05\x11\x02"
  "\x00\x00\x11\x00\x0c\x06\x11\x02\x00\x00\x11\x00\x0c\x07\x11\x02\x00\x00\x07\x00"
  "\x0c\x08\x11\x02\x00\x00\x03\x00\x0c\x09\x11\x02\x00\x00\x00\x00\x0c\x00\x11\x02"
  "\x01\x00\x37\x00\x0c\x01\x11\x02\x01\x00\x08\x00\x0c\x02\x11\x02\x01\x00\x09\x00"
  "\x0c\x03\x11\x02\x01\x00\x0a\x00\x0c\x04\x11\x02\x01\x00\x0b\x00\x0c\x05\x11\x02"
  "\x01\x00\x11\x00\x0c\x06\x11\x02\x01\x00\x11\x00\x0c\x07\x11\x02\x01\x00\x08\x00"
  "\x0c\x08\x11\x02\x01\x00\x03\x00\x0c\x09\x11\x02\x01\x00\x00\x00\x0c\x00\x12\x00"
  "\x00\x00\x30\x00\x0c\x01\x12\x00\x00\x00\x00\x00\x0c\x02\x12\x00\x00\x00\x01\x00"
  "\x0c\x03\x12\x00\x00\x00\x02\x00\x0c\x04\x12\x00\x00\x00\x03\x00\x0c\x05\x12\x00"
  "\x00\x00\x05\x00\x0c\x06\x12\x00\x00\x00\x06\x00\x0c\x07\x12\x00\x00\x00\x07\x00"
  "\x0c\x08\x12\x00\x00\x00\x00\x00\x0c\x09\x12\x00\x00\x00\x01\x00\x0c\x00\x12\x00"
  "\x01\x00\x22\x00\x0c\x01\x12\x00\x01\x00\x08\x00\x0c\x02\x12\x00\x01\x00\x09\x00"
  "\x0c\x03\x12\x00\x01\x00\x0a\x00\x0c\x04\x12\x00\x01\x00\x0b\x00\x0c\x05\x12\x00"
  "\x01\x00\x0c\x00\x0c\x06\x12\x00\x01\x00\x0d\x00\x0c\x07\x12\x00\x01\x00\x08\x00"
  "\x0c\x08\x12\x00\x01\x00\x01\x00\x0c\x09\x12\x00\x01\x00\x03\x00\x0c\x00\x12\x01"
  "\x00\x00\x08\x00\x0c\x01\x12\x01\x00\x00\x00\x00\x0c\x02\x12\x01\x00\x00\x01\x00"
  "\x0c\x03\x12\x01\x00\x00\x02\x00\x0c\x04\x12\x01\x00\x00\x03\x00\x0c\x05\x12\x01"
  "\x00\x00\x05\x00\x0c\x06\x12\x01\x00\x00\x06\x00\x0c\x07\x12\x01\x00\x00\x07\x00"
  "\x0c\x08\x12\x01\x00\x00\x00\x00\x0c\x09\x12\x01\x00\x00\x01\x00\x0c\x00\x12\x01"
  "\x01\x00\x08\x00\x0c\x01\x12\x01\x01\x00\x08\x00\x0c\x02\x12\x01\x01\x00\x09\x00"
  "\x0c\x03\x12\x01\x01\x00\x0a\x00\x0c\x04\x12\x01\x01\x00\x0b\x00\x0c\x05\x12\x01"
  "\x01\x00\x0c\x00\x0c\x06\x12\x01\x01\x00\x0d\x00\x0c\x07\x12\x01\x01\x00\x08\x00"
  "\x0c\x08\x12\x01\x01\x00\x02\x00\x0c\x09\x12\x01\x01\x00\x02\x00\x0c\x00\x12\x02"
  "\x00\x00\x37\x00\x0c\x01\x12\x02\x00\x00\x04\x00\x0c\x02\x12\x02\x00\x00\x02\x00"
  "\x0c\x03\x12\x02\x00\x00\x05\x00\x0c\x04\x12\x02\x00\x00\x06\x00\x0c\x05\x12\x02"
  "\x00\x00\x11\x00\x0c\x06\x12\x02\x00\x00\x11\x00\x0c\x07\x12\x02\x00\x00\x07\x00"
  "\x0c\x08\x12\x02\x00\x00\x03\x00\x0c\x09\x12\x02\x00\x00\x00\x00\x0c\x00\x12\x02"
  "\x01\x00\x37\x00\x0c\x01\x12\x02\x01\x00\x08\x00\x0c\x02\x12\x02\x01\x00\x09\x00"
  "\x0c\x03\x12\x02\x01\x00\x0a\x00\x0c\x04\x12\x02\x01\x00\x0b\x00\x0c\x05\x12\x02"
  "\x01\x00\x11\x00\x0c\x06\x12\x02\x01\x00\x11\x00\x0c\x07\x12\x02\x01\x00\x08\x00"
  "\x0c\x08\x12\x02\x01\x00\x03\x00\x0c\x09\x12\x02\x01\x00\x00\x00\x0c\x00\x13\x00"
  "\x00\x00\x37\x00\x0c\x01\x13\x00\x00\x00\x11\x00\x0c\x02\x13\x00\x00\x00\x11\x00"
  "\x0c\x03\x13\x00\x00\x00\x11\x00\x0c\x04\x13\x00\x00\x00\x11\x00\x0c\x05\x13\x00"
  "\x00\x00\x11\x00\x0c\x06\x13\x00\x00\x00\x11\x00\x0c\x07\x13\x00\x00\x00\x11\x00"
  "\x0c\x08\x13\x00\x00\x00\x04\x00\x0c\x09\x13\x00\x00\x00\x00\x00\x0c\x00\x13\x00"
  "\x01\x00\x37\x00\x0c\x01\x13\x00\x01\x00\x11\x00\x0c\x02\x13\x00\x01\x00\x11\x00"
  "\x0c\x03\x13\x00\x01\x00\x11\x00\x0c\x04\x13\x00\x01\x00\x11\x00\x0c\x05\x13\x00"
  "\x01\x00\x11\x00\x0c\x06\x13\x00\x01\x00\x11\x00\x0c\x07\x13\x00\x01\x00\x11\x00"
  "\x0c\x08\x13\x00\x01\x00\x04\x00\x0c\x09\x13\x00\x01\x00\x00\x00\x0c\x00\x13\x01"
  "\x00\x00\x37\x00\x0c\x01\x13\x01\x00\x00\x11\x00\x0c\x02\x13\x01\x00\x00\x11\x00"
  "\x0c\x03\x13\x01\x00\x00\x11\x00\x0c\x04\x13\x01\x00\x00\x11\x00\x0c\x05\x13\x01"
  "\x00\x00\x11\x00\x0c\x06\x13\x01\x00\x00\x11\x00\x0c\x07\x13\x01\x00\x00\x11\x00"
  "\x0c\x08\x13\x01\x00\x00\x04\x00\x0c\x09\x13\x01\x00\x00\x00\x00\x0c\x00\x13\x01"
  "\x01\x00\x37\x00\x0c\x01\x13\x01\x01\x00\x11\x00\x0c\x02\x13\x01\x01\x00\x11\x00"
  "\x0c\x03\x13\x01\x01\x00\x11\x00\x0c\x04\x13\x01\x01\x00\x11\x00\x0c\x05\x13\x01"
  "\x01\x00\x11\x00\x0c\x06\x13\x01\x01\x00\x11\x00\x0c\x07\x13\x01\x01\x00\x11\x00"
  "\x0c\x08\x13\x01\x01\x00\x04\x00\x0c\x09\x13\x01\x01\x00\x00\x00\x0c\x00\x13\x02"
  "\x00\x00\x37\x00\x0c\x01\x13\x02\x00\x00\x11\x00\x0c\x02\x13\x02\x00\x00\x11\x00"
  "\x0c\x03\x13\x02\x00\x00\x11\x00\x0c\x04\x13\x02\x00\x00\x11\x00\x0c\x05\x13\x02"
  "\x00\x00\x11\x00\x0c\x06\x13\x02\x00\x00\x11\x00\x0c\x07\x13\x02\x00\x00\x11\x00"
  "\x0c\x08\x13\x02\x00\x00\x04\x00\x0c\x09\x13\x02\x00\x00\x00\x00\x0c\x00\x13\x02"
  "\x01\x00\x37\x00\x0c\x01\x13\x02\x01\x00\x11\x00\x0c\x02\x13\x02\x01\x00\x11\x00"
  "\x0c\x03\x13\x02\x01\x00\x11\x00\x0c\x04\x13\x02\x01\x00\x11\x00\x0c\x05\x13\x02"
  "\x01\x00\x11\x00\x0c\x06\x13\x02\x01\x00\x11\x00\x0c\x07\x13\x02\x01\x00\x11\x00"
  "\x0c\x08\x13\x02\x01\x00\x04\x00\x0c\x09\x13\x02\x01\x00\x00\x00\x0c\x00\x14\x00"
  "\x00\x00\x37\x00\x0c\x01\x14\x00\x00\x00\x11\x00\x0c\x02\x14\x00\x00\x00\x11\x00"
  "\x0c\x03\x14\x00\x00\x00\x11\x00\x0c\x04\x14\x00\x00\x00\x11\x00\x0c\x05\x14\x00"
  "\x00\x00\x11\x00\x0c\x06\x14\x00\x00\x00\x11\x00\x0c\x07\x14\x00\x00\x00\x11\x00"
  "\x0c\x08\x14\x00\x00\x00\x04\x00\x0c\x09\x14\x00\x00\x00\x00\x00\x0c\x00\x14\x00"
  "\x01\x00\x37\x00\x0c\x01\x14\x00\x01\x00\x11\x00\x0c\x02\x14\x00\x01\x00\x11\x00"
  "\x0c\x03\x14\x00\x01\x00\x11\x00\x0c\x04\x14\x00\x01\x00\x11\x00\x0c\x05\x14\x00"
  "\x01\x00\x11\x00\x0c\x06\x14\x00\x01\x00\x11\x00\x0c\x07\x14\x00\x01\x00\x11\x00"
  "\x0c\x08\x14\x00\x01\x00\x04\x00\x0c\x09\x14\x00\x01\x00\x00\x00\x0c\x00\x14\x01"
  "\x00\x00\x37\x00\x0c\x01\x14\x01\x00\x00\x11\x00\x0c\x02\x14\x01\x00\x00\x11\x00"
  "\x0c\x03\x14\x01\x00\x00\x11\x00\x0c\x04\x14\x01\x00\x00\x11\x00\x0c\x05\x14\x01"
  "\x00\x00\x11\x00\x0c\x06\x14\x01\x00\x00\x11\x00\x0c\x07\x14\x01\x00\x00\x11\x00"
  "\x0c\x08\x14\x01\x00\x00\x04\x00\x0c\x09\x14\x01\x00\x00\x00\x00\x0c\x00\x14\x01"
  "\x01\x00\x37\x00\x0c\x01\x14\x01\x01\x00\x11\x00\x0c\x02\x14\x01\x01\x00\x11\x00"
  "\x0c\x03\x14\x01\x01\x00\x11\x00\x0c\x04\x14\x01\x01\x00\x11\x00\x0c\x05\x14\x01"
  "\x01\x00\x11\x00\x0c\x06\x14\x01\x01\x00\x11\x00\x0c\x07\x14\x01\x01\x00\x11\x00"
  "\x0c\x08\x14\x01\x01\x00\x04\x00\x0c\x09\x14\x01\x01\x00\x00\x00\x0c\x00\x14\x02"
  "\x00\x00\x37\x00\x0c\x01\x14\x02\x00\x00\x11\x00\x0c\x02\x14\x02\x00\x00\x11\x00"
  "\x0c\x03\x14\x02\x00\x00\x11\x00\x0c\x04\x14\x02\x00\x00\x11\x00\x0c\x05\x14\x02"
  "\x00\x00\x11\x00\x0c\x06\x14\x02\x00\x00\x11\x00\x0c\x07\x14\x02\x00\x00\x11\x00"
  "\x0c\x08\x14\x02\x00\x00\x04\x00\x0c\x09\x14\x02\x00\x00\x00\x00\x0c\x00\x14\x02"
  "\x01\x00\x37\x00\x0c\x01\x14\x02\x01\x00\x11\x00\x0c\x02\x14\x02\x01\x00\x11\x00"
  "\x0c\x03\x14\x02\x01\x00\x11\x00\x0c\x04\x14\x02\x01\x00\x11\x00\x0c\x05\x14\x02"
  "\x01\x00\x11\x00\x0c\x06\x14\x02\x01\x00\x11\x00\x0c\x07\x14\x02\x01\x00\x11\x00"
  "\x0c\x08\x14\x02\x01\x00\x04\x00\x0c\x09\x14\x02\x01\x00\x00\x00\x0c\x00\x15\x00"
  "\x00\x00\x37\x00\x0c\x01\x15\x00\x00\x00\x11\x00\x0c\x02\x15\x00\x00\x00\x11\x00"
  "\x0c\x03\x15\x00\x00\x00\x11\x00\x0c\x04\x15\x00\x00\x00\x11\x00\x0c\x05\x15\x00"
  "\x00\x00\x11\x00\x0c\x06\x15\x00\x00\x00\x11\x00\x0c\x07\x15\x00\x00\x00\x11\x00"
  "\x0c\x08\x15\x00\x00\x00\x04\x00\x0c\x09\x15\x00\x00\x00\x00\x00\x0c\x00\x15\x00"
  "\x01\x00\x37\x00\x0c\x01\x15\x00\x01\x00\x11\x00\x0c\x02\x15\x00\x01\x00\x11\x00"
  "\x0c\x03\x15\x00\x01\x00\x11\x00\x0c\x04\x15\x00\x01\x00\x11\x00\x0c\x05\x15\x00"
  "\x01\x00\x11\x00\x0c\x06\x15\x00\x01\x00\x11\x00\x0c\x07\x15\x00\x01\x00\x11\x00"
  "\x0c\x08\x15\x00\x01\x00\x04\x00\x0c\x09\x15\x00\x01\x00\x00\x00\x0c\x00\x15\x01"
  "\x00\x00\x37\x00\x0c\x01\x15\x01\x00\x00\x11\x00\x0c\x02\x15\x01\x00\x00\x11\x00"
  "\x0c\x03\x15\x01\x00\x00\x11\x00\x0c\x04\x15\x01\x00\x00\x11\x00\x0c\x05\x15\x01"
  "\x00\x00\x11\x00\x0c\x06\x15\x01\x00\x00\x11\x00\x0c\x07\x15\x01\x00\x00\x11\x00"
  "\x0c\x08\x15\x01\x00\x00\x04\x00\x0c\x09\x15\x01\x00\x00\x00\x00\x0c\x00\x15\x01"
  "\x01\x00\x37\x00\x0c\x01\x15\x01\x01\x00\x11\x00\x0c\x02\x15\x01\x01\x00\x11\x00"
  "\x0c\x03\x15\x01\x01\x00\x11\x00\x0c\x04\x15\x01\x01\x00\x11\x00\x0c\x05\x15\x01"
  "\x01\x00\x11\x00\x0c\x06\x15\x01\x01\x00\x11\x00\x0c\x07\x15\x01\x01\x00\x11\x00"
  "\x0c\x08\x15\x01\x01\x00\x04\x00\x0c\x09\x15\x01\x01\x00\x00\x00\x0c\x00\x15\x02"
  "\x00\x00\x37\x00\x0c\x01\x15\x02\x00\x00\x11\x00\x0c\x02\x15\x02\x00\x00\x11\x00"
  "\x0c\x03\x15\x02\x00\x00\x11\x00\x0c\x04\x15\x02\x00\x00\x11\x00\x0c\x05\x15\x02"
  "\x00\x00\x11\x00\x0c\x06\x15\x02\x00\x00\x11\x00\x0c\x07\x15\x02\x00\x00\x11\x00"
  "\x0c\x08\x15\x02\x00\x00\x04\x00\x0c\x09\x15\x02\x00\x00\x00\x00\x0c\x00\x15\x02"
  "\x01\x00\x37\x00\x0c\x01\x15\x02\x01\x00\x11\x00\x0c\x02\x15\x02\x01\x00\x11\x00"
  "\x0c\x03\x15\x02\x01\x00\x11\x00\x0c\x04\x15\x02\x01\x00\x11\x00\x0c\x05\x15\x02"
  "\x01\x00\x11\x00\x0c\x06\x15\x02\x01\x00\x11\x00\x0c\x07\x15\x02\x01\x00\x11\x00"
  "\x0c\x08\x15\x02\x01\x00\x04\x00\x0c\x09\x15\x02\x01\x00\x00\x00\x0c\x00\x16\x00"
  "\x00\x00\x37\x00\x0c\x01\x16\x00\x00\x00\x11\x00\x0c\x02\x16\x00\x00\x00\x11\x00"
  "\x0c\x03\x16\x00\x00\x00\x11\x00\x0c\x04\x16\x00\x00\x00\x11\x00\x0c\x05\x16\x00"
  "\x00\x00\x11\x00\x0c\x06\x16\x00\x00\x00\x11\x00\x0c\x07\x16\x00\x00\x00\x11\x00"
  "\x0c\x08\x16\x00\x00\x00\x04\x00\x0c\x09\x16\x00\x00\x00\x00\x00\x0c\x00\x16\x00"
  "\x01\x00\x37\x00\x0c\x01\x16\x00\x01\x00\x11\x00\x0c\x02\x16\x00\x01\x00\x11\x00"
  "\x0c\x03\x16\x00\x01\x00\x11\x00\x0c\x04\x16\x00\x01\x00\x11\x00\x0c\x05\x16\x00"
  "\x01\x00\x11\x00\x0c\x06\x16\x00\x01\x00\x11\x00\x0c\x07\x16\x00\x01\x00\x11\x00"
  "\x0c\x08\x16\x00\x01\x00\x04\x00\x0c\x09\x16\x00\x01\x00\x00\x00\x0c\x00\x16\x01"
  "\x00\x00\x37\x00\x0c\x01\x16\x01\x00\x00\x11\x00\x0c\x02\x16\x01\x00\x00\x11\x00"
  "\x0c\x03\x16\x01\x00\x00\x11\x00\x0c\x04\x16\x01\x00\x00\x11\x00\x0c\x05\x16\x01"
  "\x00\x00\x11\x00\x0c\x06\x16\x01\x00\x00\x11\x00\x0c\x07\x16\x01\x00\x00\x11\x00"
  "\x0c\x08\x16\x01\x00\x00\x04\x00\x0c\x09\x16\x01\x00\x00\x00\x00\x0c\x00\x16\x01"
  "\x01\x00\x37\x00\x0c\x01\x16\x01\x01\x00\x11\x00\x0c\x02\x16\x01\x01\x00\x11\x00"
  "\x0c\x03\x16\x01\x01\x00\x11\x00\x0c\x04\x16\x01\x01\x00\x11\x00\x0c\x05\x16\x01"
  "\x01\x00\x11\x00\x0c\x06\x16\x01\x01\x00\x11\x00\x0c\x07\x16\x01\x01\x00\x11\x00"
  "\x0c\x08\x16\x01\x01\x00\x04\x00\x0c\x09\x16\x01\x01\x00\x00\x00\x0c\x00\x16\x02"
  "\x00\x00\x37\x00\x0c\x01\x16\x02\x00\x00\x11\x00\x0c\x02\x16\x02\x00\x00\x11\x00"
  "\x0c\x03\x16\x02\x00\x00\x11\x00\x0c\x04\x16\x02\x00\x00\x11\x00\x0c\x05\x16\x02"
  "\x00\x00\x11\x00\x0c\x06\x16\x02\x00\x00\x11\x00\x0c\x07\x16\x02\x00\x00\x11\x00"
  "\x0c\x08\x16\x02\x00\x00\x04\x00\x0c\x09\x16\x02\x00\x00\x00\x00\x0c\x00\x16\x02"
  "\x01\x00\x37\x00\x0c\x01\x16\x02\x01\x00\x11\x00\x0c\x02\x16\x02\x01\x00\x11\x00"
  "\x0c\x03\x16\x02\x01\x00\x11\x00\x0c\x04\x16\x02\x01\x00\x11\x00\x0c\x05\x16\x02"
  "\x01\x00\x11\x00\x0c\x06\x16\x02\x01\x00\x11\x00\x0c\x07\x16\x02\x01\x00\x11\x00"
  "\x0c\x08\x16\x02\x01\x00\x04\x00\x0c\x09\x16\x02\x01\x00\x00\x00\x0c\x00\x17\x00"
  "\x00\x00\x37\x00\x0c\x01\x17\x00\x00\x00\x11\x00\x0c\x02\x17\x00\x00\x00\x11\x00"
  "\x0c\x03\x17\x00\x00\x00\x11\x00\x0c\x04\x17\x00\x00\x00\x11\x00\x0c\x05\x17\x00"
  "\x00\x00\x11\x00\x0c\x06\x17\x00\x00\x00\x11\x00\x0c\x07\x17\x00\x00\x00\x11\x00"
  "\x0c\x08\x17\x00\x00\x00\x04\x00\x0c\x09\x17\x00\x00\x00\x00\x00\x0c\x00\x17\x00"
  "\x01\x00\x37\x00\x0c\x01\x17\x00\x01\x00\x11\x00\x0c\x02\x17\x00\x01\x00\x11\x00"
  "\x0c\x03\x17\x00\x01\x00\x11\x00\x0c\x04\x17\x00\x01\x00\x11\x00\x0c\x05\x17\x00"
  "\x01\x00\x11\x00\x0c\x06\x17\x00\x01\x00\x11\x00\x0c\x07\x17\x00\x01\x00\x11\x00"
  "\x0c\x08\x17\x00\x01\x00\x04\x00\x0c\x09\x17\x00\x01\x00\x00\x00\x0c\x00\x17\x01"
  "\x00\x00\x37\x00\x0c\x01\x17\x01\x00\x00\x11\x00\x0c\x02\x17\x01\x00\x00\x11\x00"
  "\x0c\x03\x17\x01\x00\x00\x11\x00\x0c\x04\x17\x01\x00\x00\x11\x00\x0c\x05\x17\x01"
  "\x00\x00\x11\x00\x0c\x06\x17\x01\x00\x00\x11\x00\x0c\x07\x17\x01\x00\x00\x11\x00"
  "\x0c\x08\x17\x01\x00\x00\x04\x00\x0c\x09\x17\x01\x00\x00\x00\x00\x0c\x00\x17\x01"
  "\x01\x00\x37\x00\x0c\x01\x17\x01\x01\x00\x11\x00\x0c\x02\x17\x01\x01\x00\x11\x00"
  "\x0c\x03\x17\x01\x01\x00\x11\x00\x0c\x04\x17\x01\x01\x00\x11\x00\x0c\x05\x17\x01"
  "\x01\x00\x11\x00\x0c\x06\x17\x01\x01\x00\x11\x00\x0c\x07\x17\x01\x01\x00\x11\x00"
  "\x0c\x08\x17\x01\x01\x00\x04\x00\x0c\x09\x17\x01\x01\x00\x00\x00\x0c\x00\x17\x02"
  "\x00\x00\x37\x00\x0c\x01\x17\x02\x00\x00\x11\x00\x0c\x02\x17\x02\x00\x00\x11\x00"
  "\x0c\x03\x17\x02\x00\x00\x11\x00\x0c\x04\x17\x02\x00\x00\x11\x00\x0c\x05\x17\x02"
  "\x00\x00\x11\x00\x0c\x06\x17\x02\x00\x00\x11\x00\x0c\x07\x17\x02\x00\x00\x11\x00"
  "\x0c\x08\x17\x02\x00\x00\x04\x00\x0c\x09\x17\x02\x00\x00\x00\x00\x0c\x00\x17\x02"
  "\x01\x00\x37\x00\x0c\x01\x17\x02\x01\x00\x11\x00\x0c\x02\x17\x02\x01\x00\x11\x00"
  "\x0c\x03\x17\x02\x01\x00\x11\x00\x0c\x04\x17\x02\x01\x00\x11\x00\x0c\x05\x17\x02"
  "\x01\x00\x11\x00\x0c\x06\x17\x02\x01\x00\x11\x00\x0c\x07\x17\x02\x01\x00\x11\x00"
  "\x0c\x08\x17\x02\x01\x00\x04\x00\x0c\x09\x17\x02\x01\x00\x00\x00\x0c\x00\x18\x00"
  "\x00\x00\x37\x00\x0c\x01\x18\x00\x00\x00\x11\x00\x0c\x02\x18\x00\x00\x00\x11\x00"
  "\x0c\x03\x18\x00\x00\x00\x11\x00\x0c\x04\x18\x00\x00\x00\x11\x00\x0c\x05\x18\x00"
  "\x00\x00\x11\x00\x0c\x06\x18\x00\x00\x00\x11\x00\x0c\x07\x18\x00\x00\x00\x11\x00"
  "\x0c\x08\x18\x00\x00\x00\x04\x00\x0c\x09\x18\x00\x00\x00\x00\x00\x0c\x00\x18\x00"
  "\x01\x00\x37\x00\x0c\x01\x18\x00\x01\x00\x11\x00\x0c\x02\x18\x00\x01\x00\x11\x00"
  "\x0c\x03\x18\x00\x01\x00\x11\x00\x0c\x04\x18\x00\x01\x00\x11\x00\x0c\x05\x18\x00"
  "\x01\x00\x11\x00\x0c\x06\x18\x00\x01\x00\x11\x00\x0c\x07\x18\x00\x01\x00\x11\x00"
  "\x0c\x08\x18\x00\x01\x00\x04\x00\x0c\x09\x18\x00\x01\x00\x00\x00\x0c\x00\x18\x01"
  "\x00\x00\x37\x00\x0c\x01\x18\x01\x00\x00\x11\x00\x0c\x02\x18\x01\x00\x00\x11\x00"
  "\x0c\x03\x18\x01\x00\x00\x11\x00\x0c\x04\x18\x01\x00\x00\x11\x00\x0c\x05\x18\x01"
  "\x00\x00\x11\x00\x0c\x06\x18\x01\x00\x00\x11\x00\x0c\x07\x18\x01\x00\x00\x11\x00"
  "\x0c\x08\x18\x01\x00\x00\x04\x00\x0c\x09\x18\x01\x00\x00\x00\x00\x0c\x00\x18\x01"
  "\x01\x00\x37\x00\x0c\x01\x18\x01\x01\x00\x11\x00\x0c\x02\x18\x01\x01\x00\x11\x00"
  "\x0c\x03\x18\x01\x01\x00\x11\x00\x0c\x04\x18\x01\x01\x00\x11\x00\x0c\x05\x18\x01"
  "\x01\x00\x11\x00\x0c\x06\x18\x01\x01\x00\x11\x00\x0c\x07\x18\x01\x01\x00\x11\x00"
  "\x0c\x08\x18\x01\x01\x00\x04\x00\x0c\x09\x18\x01\x01\x00\x00\x00\x0c\x00\x18\x02"
  "\x00\x00\x37\x00\x0c\x01\x18\x02\x00\x00\x11\x00\x0c\x02\x18\x02\x00\x00\x11\x00"
  "\x0c\x03\x18\x02\x00\x00\x11\x00\x0c\x04\x18\x02\x00\x00\x11\x00\x0c\x05\x18\x02"
  "\x00\x00\x11\x00\x0c\x06\x18\x02\x00\x00\x11\x00\x0c\x07\x18\x02\x00\x00\x11\x00"
  "\x0c\x08\x18\x02\x00\x00\x04\x00\x0c\x09\x18\x02\x00\x00\x00\x00\x0c\x00\x18\x02"
  "\x01\x00\x37\x00\x0c\x01\x18\x02\x01\x00\x11\x00\x0c\x02\x18\x02\x01\x00\x11\x00"
  "\x0c\x03\x18\x02\x01\x00\x11\x00\x0c\x04\x18\x02\x01\x00\x11\x00\x0c\x05\x18\x02"
  "\x01\x00\x11\x00\x0c\x06\x18\x02\x01\x00\x11\x00\x0c\x07\x18\x02\x01\x00\x11\x00"
  "\x0c\x08\x18\x02\x01\x00\x04\x00\x0c\x09\x18\x02\x01\x00\x00\x00\x0c\x00\x19\x00"
  "\x00\x00\x37\x00\x0c\x01\x19\x00\x00\x00\x11\x00\x0c\x02\x19\x00\x00\x00\x11\x00"
  "\x0c\x03\x19\x00\x00\x00\x11\x00\x0c\x04\x19\x00\x00\x00\x11\x00\x0c\x05\x19\x00"
  "\x00\x00\x11\x00\x0c\x06\x19\x00\x00\x00\x11\x00\x0c\x07\x19\x00\x00\x00\x11\x00"
  "\x0c\x08\x19\x00\x00\x00\x04\x00\x0c\x09\x19\x00\x00\x00\x00\x00\x0c\x00\x19\x00"
  "\x01\x00\x37\x00\x0c\x01\x19\x00\x01\x00\x11\x00\x0c\x02\x19\x00\x01\x00\x11\x00"
  "\x0c\x03\x19\x00\x01\x00\x11\x00\x0c\x04\x19\x00\x01\x00\x11\x00\x0c\x05\x19\x00"
  "\x01\x00\x11\x00\x0c\x06\x19\x00\x01\x00\x11\x00\x0c\x07\x19\x00\x01\x00\x11\x00"
  "\x0c\x08\x19\x00\x01\x00\x04\x00\x0c\x09\x19\x00\x01\x00\x00\x00\x0c\x00\x19\x01"
  "\x00\x00\x37\x00\x0c\x01\x19\x01\x00\x00\x11\x00\x0c\x02\x19\x01\x00\x00\x11\x00"
  "\x0c\x03\x19\x01\x00\x00\x11\x00\x0c\x04\x19\x01\x00\x00\x11\x00\x0c\x05\x19\x01"
  "\x00\x00\x11\x00\x0c\x06\x19\x01\x00\x00\x11\x00\x0c\x07\x19\x01\x00\x00\x11\x00"
  "\x0c\x08\x19\x01\x00\x00\x04\x00\x0c\x09\x19\x01\x00\x00\x00\x00\x0c\x00\x19\x01"
  "\x01\x00\x37\x00\x0c\x01\x19\x01\x01\x00\x11\x00\x0c\x02\x19\x01\x01\x00\x11\x00"
  "\x0c\x03\x19\x01\x01\x00\x11\x00\x0c\x04\x19\x01\x01\x00\x11\x00\x0c\x05\x19\x01"
  "\x01\x00\x11\x00\x0c\x06\x19\x01\x01\x00\x11\x00\x0c\x07\x19\x01\x01\x00\x11\x00"
  "\x0c\x08\x19\x01\x01\x00\x04\x00\x0c\x09\x19\x01\x01\x00\x00\x00\x0c\x00\x19\x02"
  "\x00\x00\x37\x00\x0c\x01\x19\x02\x00\x00\x11\x00\x0c\x02\x19\x02\x00\x00\x11\x00"
  "\x0c\x03\x19\x02\x00\x00\x11\x00\x0c\x04\x19\x02\x00\x00\x11\x00\x0c\x05\x19\x02"
  "\x00\x00\x11\x00\x0c\x06\x19\x02\x00\x00\x11\x00\x0c\x07\x19\x02\x00\x00\x11\x00"
  "\x0c\x08\x19\x02\x00\x00\x04\x00\x0c\x09\x19\x02\x00\x00\x00\x00\x0c\x00\x19\x02"
  "\x01\x00\x37\x00\x0c\x01\x19\x02\x01\x00\x11\x00\x0c\x02\x19\x02\x01\x00\x11\x00"
  "\x0c\x03\x19\x02\x01\x00\x11\x00\x0c\x04\x19\x02\x01\x00\x11\x00\x0c\x05\x19\x02"
  "\x01\x00\x11\x00\x0c\x06\x19\x02\x01\x00\x11\x00\x0c\x07\x19\x02\x01\x00\x11\x00"
  "\x0c\x08\x19\x02\x01\x00\x04\x00\x0c\x09\x19\x02\x01\x00\x00\x00\x0c\x00\x1a\x00"
  "\x00\x00\x37\x00\x0c\x01\x1a\x00\x00\x00\x11\x00\x0c\x02\x1a\x00\x00\x00\x11\x00"
  "\x0c\x03\x1a\x00\x00\x00\x11\x00\x0c\x04\x1a\x00\x00\x00\x11\x00\x0c\x05\x1a\x00"
  "\x00\x00\x11\x00\x0c\x06\x1a\x00\x00\x00\x11\x00\x0c\x07\x1a\x00\x00\x00\x11\x00"
  "\x0c\x08\x1a\x00\x00\x00\x04\x00\x0c\x09\x1a\x00\x00\x00\x00\x00\x0c\x00\x1a\x00"
  "\x01\x00\x37\x00\x0c\x01\x1a\x00\x01\x00\x11\x00\x0c\x02\x1a\x00\x01\x00\x11\x00"
  "\x0c\x03\x1a\x00\x01\x00\x11\x00\x0c\x04\x1a\x00\x01\x00\x11\x00\x0c\x05\x1a\x00"
  "\x01\x00\x11\x00\x0c\x06\x1a\x00\x01\x00\x11\x00\x0c\x07\x1a\x00\x01\x00\x11\x00"
  "\x0c\x08\x1a\x00\x01\x00\x04\x00\x0c\x09\x1a\x00\x01\x00\x00\x00\x0c\x00\x1a\x01"
  "\x00\x00\x37\x00\x0c\x01\x1a\x01\x00\x00\x11\x00\x0c\x02\x1a\x01\x00\x00\x11\x00"
  "\x0c\x03\x1a\x01\x00\x00\x11\x00\x0c\x04\x1a\x01\x00\x00\x11\x00\x0c\x05\x1a\x01"
  "\x00\x00\x11\x00\x0c\x06\x1a\x01\x00\x00\x11\x00\x0c\x07\x1a\x01\x00\x00\x11\x00"
  "\x0c\x08\x1a\x01\x00\x00\x04\x00\x0c\x09\x1a\x01\x00\x00\x00\x00\x0c\x00\x1a\x01"
  "\x01\x00\x37\x00\x0c\x01\x1a\x01\x01\x00\x11\x00\x0c\x02\x1a\x01\x01\x00\x11\x00"
  "\x0c\x03\x1a\x01\x01\x00\x11\x00\x0c\x04\x1a\x01\x01\x00\x11\x00\x0c\x05\x1a\x01"
  "\x01\x00\x11\x00\x0c\x06\x1a\x01\x01\x00\x11\x00\x0c\x07\x1a\x01\x01\x00\x11\x00"
  "\x0c\x08\x1a\x01\x01\x00\x04\x00\x0c\x09\x1a\x01\x01\x00\x00\x00\x0c\x00\x1a\x02"
  "\x00\x00\x37\x00\x0c\x01\x1a\x02\x00\x00\x11\x00\x0c\x02\x1a\x02\x00\x00\x11\x00"
  "\x0c\x03\x1a\x02\x00\x00\x11\x00\x0c\x04\x1a\x02\x00\x00\x11\x00\x0c\x05\x1a\x02"
  "\x00\x00\x11\x00\x0c\x06\x1a\x02\x00\x00\x11\x00\x0c\x07\x1a\x02\x00\x00\x11\x00"
  "\x0c\x08\x1a\x02\x00\x00\x04\x00\x0c\x09\x1a\x02\x00\x00\x00\x00\x0c\x00\x1a\x02"
  "\x01\x00\x37\x00\x0c\x01\x1a\x02\x01\x00\x11\x00\x0c\x02\x1a\x02\x01\x00\x11\x00"
  "\x0c\x03\x1a\x02\x01\x00\x11\x00\x0c\x04\x1a\x02\x01\x00\x11\x00\x0c\x05\x1a\x02"
  "\x01\x00\x11\x00\x0c\x06\x1a\x02\x01\x00\x11\x00\x0c\x07\x1a\x02\x01\x00\x11\x00"
  "\x0c\x08\x1a\x02\x01\x00\x04\x00\x0c\x09\x1a\x02\x01\x00\x00\x00\x0c\x00\x1b\x00"
  "\x00\x00\x37\x00\x0c\x01\x1b\x00\x00\x00\x11\x00\x0c\x02\x1b\x00\x00\x00\x11\x00"
  "\x0c\x03\x1b\x00\x00\x00\x11\x00\x0c\x04\x1b\x00\x00\x00\x11\x00\x0c\x05\x1b\x00"
  "\x00\x00\x11\x00\x0c\x06\x1b\x00\x00\x00\x11\x00\x0c\x07\x1b\x00\x00\x00\x11\x00"
  "\x0c\x08\x1b\x00\x00\x00\x04\x00\x0c\x09\x1b\x00\x00\x00\x00\x00\x0c\x00\x1b\x00"
  "\x01\x00\x37\x00\x0c\x01\x1b\x00\x01\x00\x11\x00\x0c\x02\x1b\x00\x01\x00\x11\x00"
  "\x0c\x03\x1b\x00\x01\x00\x11\x00\x0c\x04\x1b\x00\x01\x00\x11\x00\x0c\x05\x1b\x00"
  "\x01\x00\x11\x00\x0c\x06\x1b\x00\x01\x00\x11\x00\x0c\x07\x1b\x00\x01\x00\x11\x00"
  "\x0c\x08\x1b\x00\x01\x00\x04\x00\x0c\x09\x1b\x00\x01\x00\x00\x00\x0c\x00\x1b\x01"
  "\x00\x00\x37\x00\x0c\x01\x1b\x01\x00\x00\x11\x00\x0c\x02\x1b\x01\x00\x00\x11\x00"
  "\x0c\x03\x1b\x01\x00\x00\x11\x00\x0c\x04\x1b\x01\x00\x00\x11\x00\x0c\x05\x1b\x01"
  "\x00\x00\x11\x00\x0c\x06\x1b\x01\x00\x00\x11\x00\x0c\x07\x1b\x01\x00\x00\x11\x00"
  "\x0c\x08\x1b\x01\x00\x00\x04\x00\x0c\x09\x1b\x01\x00\x00\x00\x00\x0c\x00\x1b\x01"
  "\x01\x00\x37\x00\x0c\x01\x1b\x01\x01\x00\x11\x00\x0c\x02\x1b\x01\x01\x00\x11\x00"
  "\x0c\x03\x1b\x01\x01\x00\x11\x00\x0c\x04\x1b\x01\x01\x00\x11\x00\x0c\x05\x1b\x01"
  "\x01\x00\x11\x00\x0c\x06\x1b\x01\x01\x00\x11\x00\x0c\x07\x1b\x01\x01\x00\x11\x00"
  "\x0c\x08\x1b\x01\x01\x00\x04\x00\x0c\x09\x1b\x01\x01\x00\x00\x00\x0c\x00\x1b\x02"
  "\x00\x00\x37\x00\x0c\x01\x1b\x02\x00\x00\x11\x00\x0c\x02\x1b\x02\x00\x00\x11\x00"
  "\x0c\x03\x1b\x02\x00\x00\x11\x00\x0c\x04\x1b\x02\x00\x00\x11\x00\x0c\x05\x1b\x02"
  "\x00\x00\x11\x00\x0c\x06\x1b\x02\x00\x00\x11\x00\x0c\x07\x1b\x02\x00\x00\x11\x00"
  "\x0c\x08\x1b\x02\x00\x00\x04\x00\x0c\x09\x1b\x02\x00\x00\x00\x00\x0c\x00\x1b\x02"
  "\x01\x00\x37\x00\x0c\x01\x1b\x02\x01\x00\x11\x00\x0c\x02\x1b\x02\x01\x00\x11\x00"
  "\x0c\x03\x1b\x02\x01\x00\x11\x00\x0c\x04\x1b\x02\x01\x00\x11\x00\x0c\x05\x1b\x02"
  "\x01\x00\x11\x00\x0c\x06\x1b\x02\x01\x00\x11\x00\x0c\x07\x1b\x02\x01\x00\x11\x00"
  "\x0c\x08\x1b\x02\x01\x00\x04\x00\x0c\x09\x1b\x02\x01\x00\x00\x00\x0c\x00\x1c\x00"
  "\x00\x00\x37\x00\x0c\x01\x1c\x00\x00\x00\x11\x00\x0c\x02\x1c\x00\x00\x00\x11\x00"
  "\x0c\x03\x1c\x00\x00\x00\x11\x00\x0c\x04\x1c\x00\x00\x00\x11\x00\x0c\x05\x1c\x00"
  "\x00\x00\x11\x00\x0c\x06\x1c\x00\x00\x00\x11\x00\x0c\x07\x1c\x00\x00\x00\x11\x00"
  "\x0c\x08\x1c\x00\x00\x00\x04\x00\x0c\x09\x1c\x00\x00\x00\x00\x00\x0c\x00\x1c\x00"
  "\x01\x00\x37\x00\x0c\x01\x1c\x00\x01\x00\x11\x00\x0c\x02\x1c\x00\x01\x00\x11\x00"
  "\x0c\x03\x1c\x00\x01\x00\x11\x00\x0c\x04\x1c\x00\x01\x00\x11\x00\x0c\x05\x1c\x00"
  "\x01\x00\x11\x00\x0c\x06\x1c\x00\x01\x00\x11\x00\x0c\x07\x1c\x00\x01\x00\x11\x00"
  "\x0c\x08\x1c\x00\x01\x00\x04\x00\x0c\x09\x1c\x00\x01\x00\x00\x00\x0c\x00\x1c\x01"
  "\x00\x00\x37\x00\x0c\x01\x1c\x01\x00\x00\x11\x00\x0c\x02\x1c\x01\x00\x00\x11\x00"
  "\x0c\x03\x1c\x01\x00\x00\x11\x00\x0c\x04\x1c\x01\x00\x00\x11\x00\x0c\x05\x1c\x01"
  "\x00\x00\x11\x00\x0c\x06\x1c\x01\x00\x00\x11\x00\x0c\x07\x1c\x01\x00\x00\x11\x00"
  "\x0c\x08\x1c\x01\x00\x00\x04\x00\x0c\x09\x1c\x01\x00\x00\x00\x00\x0c\x00\x1c\x01"
  "\x01\x00\x37\x00\x0c\x01\x1c\x01\x01\x00\x11\x00\x0c\x02\x1c\x01\x01\x00\x11\x00"
  "\x0c\x03\x1c\x01\x01\x00\x11\x00\x0c\x04\x1c\x01\x01\x00\x11\x00\x0c\x05\x1c\x01"
  "\x01\x00\x11\x00\x0c\x06\x1c\x01\x01\x00\x11\x00\x0c\x07\x1c\x01\x01\x00\x11\x00"
  "\x0c\x08\x1c\x01\x01\x00\x04\x00\x0c\x09\x1c\x01\x01\x00\x00\x00\x0c\x00\x1c\x02"
  "\x00\x00\x37\x00\x0c\x01\x1c\x02\x00\x00\x11\x00\x0c\x02\x1c\x02\x00\x00\x11\x00"
  "\x0c\x03\x1c\x02\x00\x00\x11\x00\x0c\x04\x1c\x02\x00\x00\x11\x00\x0c\x05\x1c\x02"
  "\x00\x00\x11\x00\x0c\x06\x1c\x02\x00\x00\x11\x00\x0c\x07\x1c\x02\x00\x00\x11\x00"
  "\x0c\x08\x1c\x02\x00\x00\x04\x00\x0c\x09\x1c\x02\x00\x00\x00\x00\x0c\x00\x1c\x02"
  "\x01\x00\x37\x00\x0c\x01\x1c\x02\x01\x00\x11\x00\x0c\x02\x1c\x02\x01\x00\x11\x00"
  "\x0c\x03\x1c\x02\x01\x00\x11\x00\x0c\x04\x1c\x02\x01\x00\x11\x00\x0c\x05\x1c\x02"
  "\x01\x00\x11\x00\x0c\x06\x1c\x02\x01\x00\x11\x00\x0c\x07\x1c\x02\x01\x00\x11\x00"
  "\x0c\x08\x1c\x02\x01\x00\x04\x00\x0c\x09\x1c\x02\x01\x00\x00\x00\x0c\x00\x1d\x00"
  "\x00\x00\x37\x00\x0c\x01\x1d\x00\x00\x00\x11\x00\x0c\x02\x1d\x00\x00\x00\x11\x00"
  "\x0c\x03\x1d\x00\x00\x00\x11\x00\x0c\x04\x1d\x00\x00\x00\x11\x00\x0c\x05\x1d\x00"
  "\x00\x00\x11\x00\x0c\x06\x1d\x00\x00\x00\x11\x00\x0c\x07\x1d\x00\x00\x00\x11\x00"
  "\x0c\x08\x1d\x00\x00\x00\x04\x00\x0c\x09\x1d\x00\x00\x00\x00\x00\x0c\x00\x1d\x00"
  "\x01\x00\x37\x00\x0c\x01\x1d\x00\x01\x00\x11\x00\x0c\x02\x1d\x00\x01\x00\x11\x00"
  "\x0c\x03\x1d\x00\x01\x00\x11\x00\x0c\x04\x1d\x00\x01\x00\x11\x00\x0c\x05\x1d\x00"
  "\x01\x00\x11\x00\x0c\x06\x1d\x00\x01\x00\x11\x00\x0c\x07\x1d\x00\x01\x00\x11\x00"
  "\x0c\x08\x1d\x00\x01\x00\x04\x00\x0c\x09\x1d\x00\x01\x00\x00\x00\x0c\x00\x1d\x01"
  "\x00\x00\x37\x00\x0c\x01\x1d\x01\x00\x00\x11\x00\x0c\x02\x1d\x01\x00\x00\x11\x00"
  "\x0c\x03\x1d\x01\x00\x00\x11\x00\x0c\x04\x1d\x01\x00\x00\x11\x00\x0c\x05\x1d\x01"
  "\x00\x00\x11\x00\x0c\x06\x1d\x01\x00\x00\x11\x00\x0c\x07\x1d\x01\x00\x00\x11\x00"
  "\x0c\x08\x1d\x01\x00\x00\x04\x00\x0c\x09\x1d\x01\x00\x00\x00\x00\x0c\x00\x1d\x01"
  "\x01\x00\x37\x00\x0c\x01\x1d\x01\x01\x00\x11\x00\x0c\x02\x1d\x01\x01\x00\x11\x00"
  "\x0c\x03\x1d\x01\x01\x00\x11\x00\x0c\x04\x1d\x01\x01\x00\x11\x00\x0c\x05\x1d\x01"
  "\x01\x00\x11\x00\x0c\x06\x1d\x01\x01\x00\x11\x00\x0c\x07\x1d\x01\x01\x00\x11\x00"
  "\x0c\x08\x1d\x01\x01\x00\x04\x00\x0c\x09\x1d\x01\x01\x00\x00\x00\x0c\x00\x1d\x02"
  "\x00\x00\x37\x00\x0c\x01\x1d\x02\x00\x00\x11\x00\x0c\x02\x1d\x02\x00\x00\x11\x00"
  "\x0c\x03\x1d\x02\x00\x00\x11\x00\x0c\x04\x1d\x02\x00\x00\x11\x00\x0c\x05\x1d\x02"
  "\x00\x00\x11\x00\x0c\x06\x1d\x02\x00\x00\x11\x00\x0c\x07\x1d\x02\x00\x00\x11\x00"
  "\x0c\x08\x1d\x02\x00\x00\x04\x00\x0c\x09\x1d\x02\x00\x00\x00\x00\x0c\x00\x1d\x02"
  "\x01\x00\x37\x00\x0c\x01\x1d\x02\x01\x00\x11\x00\x0c\x02\x1d\x02\x01\x00\x11\x00"
  "\x0c\x03\x1d\x02\x01\x00\x11\x00\x0c\x04\x1d\x02\x01\x00\x11\x00\x0c\x05\x1d\x02"
  "\x01\x00\x11\x00\x0c\x06\x1d\x02\x01\x00\x11\x00\x0c\x07\x1d\x02\x01\x00\x11\x00"
  "\x0c\x08\x1d\x02\x01\x00\x04\x00\x0c\x09\x1d\x02\x01\x00\x00\x00\x0c\x00\x1e\x00"
  "\x00\x00\x37\x00\x0c\x01\x1e\x00\x00\x00\x11\x00\x0c\x02\x1e\x00\x00\x00\x11\x00"
  "\x0c\x03\x1e\x00\x00\x00\x11\x00\x0c\x04\x1e\x00\x00\x00\x11\x00\x0c\x05\x1e\x00"
  "\x00\x00\x11\x00\x0c\x06\x1e\x00\x00\x00\x11\x00\x0c\x07\x1e\x00\x00\x00\x11\x00"
  "\x0c\x08\x1e\x00\x00\x00\x04\x00\x0c\x09\x1e\x00\x00\x00\x00\x00\x0c\x00\x1e\x00"
  "\x01\x00\x37\x00\x0c\x01\x1e\x00\x01\x00\x11\x00\x0c\x02\x1e\x00\x01\x00\x11\x00"
  "\x0c\x03\x1e\x00\x01\x00\x11\x00\x0c\x04\x1e\x00\x01\x00\x11\x00\x0c\x05\x1e\x00"
  "\x01\x00\x11\x00\x0c\x06\x1e\x00\x01\x00\x11\x00\x0c\x07\x1e\x00\x01\x00\x11\x00"
  "\x0c\x08\x1e\x00\x01\x00\x04\x00\x0c\x09\x1e\x00\x01\x00\x00\x00\x0c\x00\x1e\x01"
  "\x00\x00\x37\x00\x0c\x01\x1e\x01\x00\x00\x11\x00\x0c\x02\x1e\x01\x00\x00\x11\x00"
  "\x0c\x03\x1e\x01\x00\x00\x11\x00\x0c\x04\x1e\x01\x00\x00\x11\x00\x0c\x05\x1e\x01"
  "\x00\x00\x11\x00\x0c\x06\x1e\x01\x00\x00\x11\x00\x0c\x07\x1e\x01\x00\x00\x11\x00"
  "\x0c\x08\x1e\x01\x00\x00\x04\x00\x0c\x09\x1e\x01\x00\x00\x00\x00\x0c\x00\x1e\x01"
  "\x01\x00\x37\x00\x0c\x01\x1e\x01\x01\x00\x11\x00\x0c\x02\x1e\x01\x01\x00\x11\x00"
  "\x0c\x03\x1e\x01\x01\x00\x11\x00\x0c\x04\x1e\x01\x01\x00\x11\x00\x0c\x05\x1e\x01"
  "\x01\x00\x11\x00\x0c\x06\x1e\x01\x01\x00\x11\x00\x0c\x07\x1e\x01\x01\x00\x11\x00"
  "\x0c\x08\x1e\x01\x01\x00\x04\x00\x0c\x09\x1e\x01\x01\x00\x00\x00\x0c\x00\x1e\x02"
  "\x00\x00\x37\x00\x0c\x01\x1e\x02\x00\x00\x11\x00\x0c\x02\x1e\x02\x00\x00\x11\x00"
  "\x0c\x03\x1e\x02\x00\x00\x11\x00\x0c\x04\x1e\x02\x00\x00\x11\x00\x0c\x05\x1e\x02"
  "\x00\x00\x11\x00\x0c\x06\x1e\x02\x00\x00\x11\x00\x0c\x07\x1e\x02\x00\x00\x11\x00"
  "\x0c\x08\x1e\x02\x00\x00\x04\x00\x0c\x09\x1e\x02\x00\x00\x00\x00\x0c\x00\x1e\x02"
  "\x01\x00\x37\x00\x0c\x01\x1e\x02\x01\x00\x11\x00\x0c\x02\x1e\x02\x01\x00\x11\x00"
  "\x0c\x03\x1e\x02\x01\x00\x11\x00\x0c\x04\x1e\x02\x01\x00\x11\x00\x0c\x05\x1e\x02"
  "\x01\x00\x11\x00\x0c\x06\x1e\x02\x01\x00\x11\x00\x0c\x07\x1e\x02\x01\x00\x11\x00"
  "\x0c\x08\x1e\x02\x01\x00\x04\x00\x0c\x09\x1e\x02\x01\x00\x00\x00\x0c\x00\x1f\x00"
  "\x00\x00\x37\x00\x0c\x01\x1f\x00\x00\x00\x11\x00\x0c\x02\x1f\x00\x00\x00\x11\x00"
  "\x0c\x03\x1f\x00\x00\x00\x11\x00\x0c\x04\x1f\x00\x00\x00\x11\x00\x0c\x05\x1f\x00"
  "\x00\x00\x11\x00\x0c\x06\x1f\x00\x00\x00\x11\x00\x0c\x07\x1f\x00\x00\x00\x11\x00"
  "\x0c\x08\x1f\x00\x00\x00\x04\x00\x0c\x09\x1f\x00\x00\x00\x00\x00\x0c\x00\x1f\x00"
  "\x01\x00\x37\x00\x0c\x01\x1f\x00\x01\x00\x11\x00\x0c\x02\x1f\x00\x01\x00\x11\x00"
  "\x0c\x03\x1f\x00\x01\x00\x11\x00\x0c\x04\x1f\x00\x01\x00\x11\x00\x0c\x05\x1f\x00"
  "\x01\x00\x11\x00\x0c\x06\x1f\x00\x01\x00\x11\x00\x0c\x07\x1f\x00\x01\x00\x11\x00"
  "\x0c\x08\x1f\x00\x01\x00\x04\x00\x0c\x09\x1f\x00\x01\x00\x00\x00\x0c\x00\x1f\x01"
  "\x00\x00\x37\x00\x0c\x01\x1f\x01\x00\x00\x11\x00\x0c\x02\x1f\x01\x00\x00\x11\x00"
  "\x0c\x03\x1f\x01\x00\x00\x11\x00\x0c\x04\x1f\x01\x00\x00\x11\x00\x0c\x05\x1f\x01"
  "\x00\x00\x11\x00\x0c\x06\x1f\x01\x00\x00\x11\x00\x0c\x07\x1f\x01\x00\x00\x11\x00"
  "\x0c\x08\x1f\x01\x00\x00\x04\x00\x0c\x09\x1f\x01\x00\x00\x00\x00\x0c\x00\x1f\x01"
  "\x01\x00\x37\x00\x0c\x01\x1f\x01\x01\x00\x11\x00\x0c\x02\x1f\x01\x01\x00\x11\x00"
  "\x0c\x03\x1f\x01\x01\x00\x11\x00\x0c\x04\x1f\x01\x01\x00\x11\x00\x0c\x05\x1f\x01"
  "\x01\x00\x11\x00\x0c\x06\x1f\x01\x01\x00\x11\x00\x0c\x07\x1f\x01\x01\x00\x11\x00"
  "\x0c\x08\x1f\x01\x01\x00\x04\x00\x0c\x09\x1f\x01\x01\x00\x00\x00\x0c\x00\x1f\x02"
  "\x00\x00\x37\x00\x0c\x01\x1f\x02\x00\x00\x11\x00\x0c\x02\x1f\x02\x00\x00\x11\x00"
  "\x0c\x03\x1f\x02\x00\x00\x11\x00\x0c\x04\x1f\x02\x00\x00\x11\x00\x0c\x05\x1f\x02"
  "\x00\x00\x11\x00\x0c\x06\x1f\x02\x00\x00\x11\x00\x0c\x07\x1f\x02\x00\x00\x11\x00"
  "\x0c\x08\x1f\x02\x00\x00\x04\x00\x0c\x09\x1f\x02\x00\x00\x00\x00\x0c\x00\x1f\x02"
  "\x01\x00\x37\x00\x0c\x01\x1f\x02\x01\x00\x11\x00\x0c\x02\x1f\x02\x01\x00\x11\x00"
  "\x0c\x03\x1f\x02\x01\x00\x11\x00\x0c\x04\x1f\x02\x01\x00\x11\x00\x0c\x05\x1f\x02"
  "\x01\x00\x11\x00\x0c\x06\x1f\x02\x01\x00\x11\x00\x0c\x07\x1f\x02\x01\x00\x11\x00"
  "\x0c\x08\x1f\x02\x01\x00\x04\x00\x0c\x09\x1f\x02\x01\x00\x00\x00\x0c\x00\x20\x00"
  "\x00\x00\x37\x00\x0c\x01\x20\x00\x00\x00\x11\x00\x0c\x02\x20\x00\x00\x00\x11\x00"
  "\x0c\x03\x20\x00\x00\x00\x11\x00\x0c\x04\x20\x00\x00\x00\x11\x00\x0c\x05\x20\x00"
  "\x00\x00\x11\x00\x0c\x06\x20\x00\x00\x00\x11\x00\x0c\x07\x20\x00\x00\x00\x11\x00"
  "\x0c\x08\x20\x00\x00\x00\x04\x00\x0c\x09\x20\x00\x00\x00\x00\x00\x0c\x00\x20\x00"
  "\x01\x00\x37\x00\x0c\x01\x20\x00\x01\x00\x11\x00\x0c\x02\x20\x00\x01\x00\x11\x00"
  "\x0c\x03\x20\x00\x01\x00\x11\x00\x0c\x04\x20\x00\x01\x00\x11\x00\x0c\x05\x20\x00"
  "\x01\x00\x11\x00\x0c\x06\x20\x00\x01\x00\x11\x00\x0c\x07\x20\x00\x01\x00\x11\x00"
  "\x0c\x08\x20\x00\x01\x00\x04\x00\x0c\x09\x20\x00\x01\x00\x00\x00\x0c\x00\x20\x01"
  "\x00\x00\x37\x00\x0c\x01\x20\x01\x00\x00\x11\x00\x0c\x02\x20\x01\x00\x00\x11\x00"
  "\x0c\x03\x20\x01\x00\x00\x11\x00\x0c\x04\x20\x01\x00\x00\x11\x00\x0c\x05\x20\x01"
  "\x00\x00\x11\x00\x0c\x06\x20\x01\x00\x00\x11\x00\x0c\x07\x20\x01\x00\x00\x11\x00"
  "\x0c\x08\x20\x01\x00\x00\x04\x00\x0c\x09\x20\x01\x00\x00\x00\x00\x0c\x00\x20\x01"
  "\x01\x00\x37\x00\x0c\x01\x20\x01\x01\x00\x11\x00\x0c\x02\x20\x01\x01\x00\x11\x00"
  "\x0c\x03\x20\x01\x01\x00\x11\x00\x0c\x04\x20\x01\x01\x00\x11\x00\x0c\x05\x20\x01"
  "\x01\x00\x11\x00\x0c\x06\x20\x01\x01\x00\x11\x00\x0c\x07\x20\x01\x01\x00\x11\x00"
  "\x0c\x08\x20\x01\x01\x00\x04\x00\x0c\x09\x20\x01\x01\x00\x00\x00\x0c\x00\x20\x02"
  "\x00\x00\x37\x00\x0c\x01\x20\x02\x00\x00\x11\x00\x0c\x02\x20\x02\x00\x00\x11\x00"
  "\x0c\x03\x20\x02\x00\x00\x11\x00\x0c\x04\x20\x02\x00\x00\x11\x00\x0c\x05\x20\x02"
  "\x00\x00\x11\x00\x0c\x06\x20\x02\x00\x00\x11\x00\x0c\x07\x20\x02\x00\x00\x11\x00"
  "\x0c\x08\x20\x02\x00\x00\x04\x00\x0c\x09\x20\x02\x00\x00\x00\x00\x0c\x00\x20\x02"
  "\x01\x00\x37\x00\x0c\x01\x20\x02\x01\x00\x11\x00\x0c\x02\x20\x02\x01\x00\x11\x00"
  "\x0c\x03\x20\x02\x01\x00\x11\x00\x0c\x04\x20\x02\x01\x00\x11\x00\x0c\x05\x20\x02"
  "\x01\x00\x11\x00\x0c\x06\x20\x02\x01\x00\x11\x00\x0c\x07\x20\x02\x01\x00\x11\x00"
  "\x0c\x08\x20\x02\x01\x00\x04\x00\x0c\x09\x20\x02\x01\x00\x00\x00\x0c\x00\x21\x00"
  "\x00\x00\x37\x00\x0c\x01\x21\x00\x00\x00\x11\x00\x0c\x02\x21\x00\x00\x00\x11\x00"
  "\x0c\x03\x21\x00\x00\x00\x11\x00\x0c\x04\x21\x00\x00\x00\x11\x00\x0c\x05\x21\x00"
  "\x00\x00\x11\x00\x0c\x06\x21\x00\x00\x00\x11\x00\x0c\x07\x21\x00\x00\x00\x11\x00"
  "\x0c\x08\x21\x00\x00\x00\x04\x00\x0c\x09\x21\x00\x00\x00\x00\x00\x0c\x00\x21\x00"
  "\x01\x00\x37\x00\x0c\x01\x21\x00\x01\x00\x11\x00\x0c\x02\x21\x00\x01\x00\x11\x00"
  "\x0c\x03\x21\x00\x01\x00\x11\x00\x0c\x04\x21\x00\x01\x00\x11\x00\x0c\x05\x21\x00"
  "\x01\x00\x11\x00\x0c\x06\x21\x00\x01\x00\x11\x00\x0c\x07\x21\x00\x01\x00\x11\x00"
  "\x0c\x08\x21\x00\x01\x00\x04\x00\x0c\x09\x21\x00\x01\x00\x00\x00\x0c\x00\x21\x01"
  "\x00\x00\x37\x00\x0c\x01\x21\x01\x00\x00\x11\x00\x0c\x02\x21\x01\x00\x00\x11\x00"
  "\x0c\x03\x21\x01\x00\x00\x11\x00\x0c\x04\x21\x01\x00\x00\x11\x00\x0c\x05\x21\x01"
  "\x00\x00\x11\x00\x0c\x06\x21\x01\x00\x00\x11\x00\x0c\x07\x21\x01\x00\x00\x11\x00"
  "\x0c\x08\x21\x01\x00\x00\x04\x00\x0c\x09\x21\x01\x00\x00\x00\x00\x0c\x00\x21\x01"
  "\x01\x00\x37\x00\x0c\x01\x21\x01\x01\x00\x11\x00\x0c\x02\x21\x01\x01\x00\x11\x00"
  "\x0c\x03\x21\x01\x01\x00\x11\x00\x0c\x04\x21\x01\x01\x00\x11\x00\x0c\x05\x21\x01"
  "\x01\x00\x11\x00\x0c\x06\x21\x01\x01\x00\x11\x00\x0c\x07\x21\x01\x01\x00\x11\x00"
  "\x0c\x08\x21\x01\x01\x00\x04\x00\x0c\x09\x21\x01\x01\x00\x00\x00\x0c\x00\x21\x02"
  "\x00\x00\x37\x00\x0c\x01\x21\x02\x00\x00\x11\x00\x0c\x02\x21\x02\x00\x00\x11\x00"
  "\x0c\x03\x21\x02\x00\x00\x11\x00\x0c\x04\x21\x02\x00\x00\x11\x00\x0c\x05\x21\x02"
  "\x00\x00\x11\x00\x0c\x06\x21\x02\x00\x00\x11\x00\x0c\x07\x21\x02\x00\x00\x11\x00"
  "\x0c\x08\x21\x02\x00\x00\x04\x00\x0c\x09\x21\x02\x00\x00\x00\x00\x0c\x00\x21\x02"
  "\x01\x00\x37\x00\x0c\x01\x21\x02\x01\x00\x11\x00\x0c\x02\x21\x02\x01\x00\x11\x00"
  "\x0c\x03\x21\x02\x01\x00\x11\x00\x0c\x04\x21\x02\x01\x00\x11\x00\x0c\x05\x21\x02"
  "\x01\x00\x11\x00\x0c\x06\x21\x02\x01\x00\x11\x00\x0c\x07\x21\x02\x01\x00\x11\x00"
  "\x0c\x08\x21\x02\x01\x00\x04\x00\x0c\x09\x21\x02\x01\x00\x00\x00\x0c\x00\x22\x00"
  "\x00\x00\x37\x00\x0c\x01\x22\x00\x00\x00\x11\x00\x0c\x02\x22\x00\x00\x00\x11\x00"
  "\x0c\x03\x22\x00\x00\x00\x11\x00\x0c\x04\x22\x00\x00\x00\x11\x00\x0c\x05\x22\x00"
  "\x00\x00\x11\x00\x0c\x06\x22\x00\x00\x00\x11\x00\x0c\x07\x22\x00\x00\x00\x11\x00"
  "\x0c\x08\x22\x00\x00\x00\x00\x00\x0c\x09\x22\x00\x00\x00\x00\x00\x0c\x00\x22\x00"
  "\x01\x00\x37\x00\x0c\x01\x22\x00\x01\x00\x11\x00\x0c\x02\x22\x00\x01\x00\x11\x00"
  "\x0c\x03\x22\x00\x01\x00\x11\x00\x0c\x04\x22\x00\x01\x00\x11\x00\x0c\x05\x22\x00"
  "\x01\x00\x11\x00\x0c\x06\x22\x00\x01\x00\x11\x00\x0c\x07\x22\x00\x01\x00\x11\x00"
  "\x0c\x08\x22\x00\x01\x00\x01\x00\x0c\x09\x22\x00\x01\x00\x00\x00\x0c\x00\x22\x01"
  "\x00\x00\x37\x00\x0c\x01\x22\x01\x00\x00\x11\x00\x0c\x02\x22\x01\x00\x00\x11\x00"
  "\x0c\x03\x22\x01\x00\x00\x11\x00\x0c\x04\x22\x01\x00\x00\x11\x00\x0c\x05\x22\x01"
  "\x00\x00\x11\x00\x0c\x06\x22\x01\x00\x00\x11\x00\x0c\x07\x22\x01\x00\x00\x11\x00"
  "\x0c\x08\x22\x01\x00\x00\x00\x00\x0c\x09\x22\x01\x00\x00\x00\x00\x0c\x00\x22\x01"
  "\x01\x00\x37\x00\x0c\x01\x22\x01\x01\x00\x11\x00\x0c\x02\x22\x01\x01\x00\x11\x00"
  "\x0c\x03\x22\x01\x01\x00\x11\x00\x0c\x04\x22\x01\x01\x00\x11\x00\x0c\x05\x22\x01"
  "\x01\x00\x11\x00\x0c\x06\x22\x01\x01\x00\x11\x00\x0c\x07\x22\x01\x01\x00\x11\x00"
  "\x0c\x08\x22\x01\x01\x00\x02\x00\x0c\x09\x22\x01\x01\x00\x00\x00\x0c\x00\x22\x02"
  "\x00\x00\x37\x00\x0c\x01\x22\x02\x00\x00\x11\x00\x0c\x02\x22\x02\x00\x00\x11\x00"
  "\x0c\x03\x22\x02\x00\x00\x11\x00\x0c\x04\x22\x02\x00\x00\x11\x00\x0c\x05\x22\x02"
  "\x00\x00\x11\x00\x0c\x06\x22\x02\x00\x00\x11\x00\x0c\x07\x22\x02\x00\x00\x11\x00"
  "\x0c\x08\x22\x02\x00\x00\x03\x00\x0c\x09\x22\x02\x00\x00\x00\x00\x0c\x00\x22\x02"
  "\x01\x00\x37\x00\x0c\x01\x22\x02\x01\x00\x11\x00\x0c\x02\x22\x02\x01\x00\x11\x00"
  "\x0c\x03\x22\x02\x01\x00\x11\x00\x0c\x04\x22\x02\x01\x00\x11\x00\x0c\x05\x22\x02"
  "\x01\x00\x11\x00\x0c\x06\x22\x02\x01\x00\x11\x00\x0c\x07\x22\x02\x01\x00\x11\x00"
  "\x0c\x08\x22\x02\x01\x00\x03\x00\x0c\x09\x22\x02\x01\x00\x00\x00\x0c\x00\x23\x00"
  "\x00\x00\x37\x00\x0c\x01\x23\x00\x00\x00\x11\x00\x0c\x02\x23\x00\x00\x00\x11\x00"
  "\x0c\x03\x23\x00\x00\x00\x11\x00\x0c\x04\x23\x00\x00\x00\x11\x00\x0c\x05\x23\x00"
  "\x00\x00\x11\x00\x0c\x06\x23\x00\x00\x00\x11\x00\x0c\x07\x23\x00\x00\x00\x11\x00"
  "\x0c\x08\x23\x00\x00\x00\x04\x00\x0c\x09\x23\x00\x00\x00\x00\x00\x0c\x00\x23\x00"
  "\x01\x00\x37\x00\x0c\x01\x23\x00\x01\x00\x11\x00\x0c\x02\x23\x00\x01\x00\x11\x00"
  "\x0c\x03\x23\x00\x01\x00\x11\x00\x0c\x04\x23\x00\x01\x00\x11\x00\x0c\x05\x23\x00"
  "\x01\x00\x11\x00\x0c\x06\x23\x00\x01\x00\x11\x00\x0c\x07\x23\x00\x01\x00\x11\x00"
  "\x0c\x08\x23\x00\x01\x00\x04\x00\x0c\x09\x23\x00\x01\x00\x00\x00\x0c\x00\x23\x01"
  "\x00\x00\x37\x00\x0c\x01\x23\x01\x00\x00\x11\x00\x0c\x02\x23\x01\x00\x00\x11\x00"
  "\x0c\x03\x23\x01\x00\x00\x11\x00\x0c\x04\x23\x01\x00\x00\x11\x00\x0c\x05\x23\x01"
  "\x00\x00\x11\x00\x0c\x06\x23\x01\x00\x00\x11\x00\x0c\x07\x23\x01\x00\x00\x11\x00"
  "\x0c\x08\x23\x01\x00\x00\x04\x00\x0c\x09\x23\x01\x00\x00\x00\x00\x0c\x00\x23\x01"
  "\x01\x00\x37\x00\x0c\x01\x23\x01\x01\x00\x11\x00\x0c\x02\x23\x01\x01\x00\x11\x00"
  "\x0c\x03\x23\x01\x01\x00\x11\x00\x0c\x04\x23\x01\x01\x00\x11\x00\x0c\x05\x23\x01"
  "\x01\x00\x11\x00\x0c\x06\x23\x01\x01\x00\x11\x00\x0c\x07\x23\x01\x01\x00\x11\x00"
  "\x0c\x08\x23\x01\x01\x00\x04\x00\x0c\x09\x23\x01\x01\x00\x00\x00\x0c\x00\x23\x02"
  "\x00\x00\x37\x00\x0c\x01\x23\x02\x00\x00\x11\x00\x0c\x02\x23\x02\x00\x00\x11\x00"
  "\x0c\x03\x23\x02\x00\x00\x11\x00\x0c\x04\x23\x02\x00\x00\x11\x00\x0c\x05\x23\x02"
  "\x00\x00\x11\x00\x0c\x06\x23\x02\x00\x00\x11\x00\x0c\x07\x23\x02\x00\x00\x11\x00"
  "\x0c\x08\x23\x02\x00\x00\x04\x00\x0c\x09\x23\x02\x00\x00\x00\x00\x0c\x00\x23\x02"
  "\x01\x00\x37\x00\x0c\x01\x23\x02\x01\x00\x11\x00\x0c\x02\x23\x02\x01\x00\x11\x00"
  "\x0c\x03\x23\x02\x01\x00\x11\x00\x0c\x04\x23\x02\x01\x00\x11\x00\x0c\x05\x23\x02"
  "\x01\x00\x11\x00\x0c\x06\x23\x02\x01\x00\x11\x00\x0c\x07\x23\x02\x01\x00\x11\x00"
  "\x0c\x08\x23\x02\x01\x00\x04\x00\x0c\x09\x23\x02\x01\x00\x00\x00\x0c\x00\x24\x00"
  "\x00\x00\x37\x00\x0c\x01\x24\x00\x00\x00\x11\x00\x0c\x02\x24\x00\x00\x00\x11\x00"
  "\x0c\x03\x24\x00\x00\x00\x11\x00\x0c\x04\x24\x00\x00\x00\x11\x00\x0c\x05\x24\x00"
  "\x00\x00\x11\x00\x0c\x06\x24\x00\x00\x00\x11\x00\x0c\x07\x24\x00\x00\x00\x11\x00"
  "\x0c\x08\x24\x00\x00\x00\x04\x00\x0c\x09\x24\x00\x00\x00\x00\x00\x0c\x00\x24\x00"
  "\x01\x00\x37\x00\x0c\x01\x24\x00\x01\x00\x11\x00\x0c\x02\x24\x00\x01\x00\x11\x00"
  "\x0c\x03\x24\x00\x01\x00\x11\x00\x0c\x04\x24\x00\x01\x00\x11\x00\x0c\x05\x24\x00"
  "\x01\x00\x11\x00\x0c\x06\x24\x00\x01\x00\x11\x00\x0c\x07\x24\x00\x01\x00\x11\x00"
  "\x0c\x08\x24\x00\x01\x00\x04\x00\x0c\x09\x24\x00\x01\x00\x00\x00\x0c\x00\x24\x01"
  "\x00\x00\x37\x00\x0c\x01\x24\x01\x00\x00\x11\x00\x0c\x02\x24\x01\x00\x00\x11\x00"
  "\x0c\x03\x24\x01\x00\x00\x11\x00\x0c\x04\x24\x01\x00\x00\x11\x00\x0c\x05\x24\x01"
  "\x00\x00\x11\x00\x0c\x06\x24\x01\x00\x00\x11\x00\x0c\x07\x24\x01\x00\x00\x11\x00"
  "\x0c\x08\x24\x01\x00\x00\x04\x00\x0c\x09\x24\x01\x00\x00\x00\x00\x0c\x00\x24\x01"
  "\x01\x00\x37\x00\x0c\x01\x24\x01\x01\x00\x11\x00\x0c\x02\x24\x01\x01\x00\x11\x00"
  "\x0c\x03\x24\x01\x01\x00\x11\x00\x0c\x04\x24\x01\x01\x00\x11\x00\x0c\x05\x24\x01"
  "\x01\x00\x11\x00\x0c\x06\x24\x01\x01\x00\x11\x00\x0c\x07\x24\x01\x01\x00\x11\x00"
  "\x0c\x08\x24\x01\x01\x00\x04\x00\x0c\x09\x24\x01\x01\x00\x00\x00\x0c\x00\x24\x02"
  "\x00\x00\x37\x00\x0c\x01\x24\x02\x00\x00\x11\x00\x0c\x02\x24\x02\x00\x00\x11\x00"
  "\x0c\x03\x24\x02\x00\x00\x11\x00\x0c\x04\x24\x02\x00\x00\x11\x00\x0c\x05\x24\x02"
  "\x00\x00\x11\x00\x0c\x06\x24\x02\x00\x00\x11\x00\x0c\x07\x24\x02\x00\x00\x11\x00"
  "\x0c\x08\x24\x02\x00\x00\x04\x00\x0c\x09\x24\x02\x00\x00\x00\x00\x0c\x00\x24\x02"
  "\x01\x00\x37\x00\x0c\x01\x24\x02\x01\x00\x11\x00\x0c\x02\x24\x02\x01\x00\x11\x00"
  "\x0c\x03\x24\x02\x01\x00\x11\x00\x0c\x04\x24\x02\x01\x00\x11\x00\x0c\x05\x24\x02"
  "\x01\x00\x11\x00\x0c\x06\x24\x02\x01\x00\x11\x00\x0c\x07\x24\x02\x01\x00\x11\x00"
  "\x0c\x08\x24\x02\x01\x00\x04\x00\x0c\x09\x24\x02\x01\x00\x00\x00\x0c\x00\x25\x00"
  "\x00\x00\x37\x00\x0c\x01\x25\x00\x00\x00\x11\x00\x0c\x02\x25\x00\x00\x00\x11\x00"
  "\x0c\x03\x25\x00\x00\x00\x11\x00\x0c\x04\x25\x00\x00\x00\x11\x00\x0c\x05\x25\x00"
  "\x00\x00\x11\x00\x0c\x06\x25\x00\x00\x00\x11\x00\x0c\x07\x25\x00\x00\x00\x11\x00"
  "\x0c\x08\x25\x00\x00\x00\x04\x00\x0c\x09\x25\x00\x00\x00\x00\x00\x0c\x00\x25\x00"
  "\x01\x00\x37\x00\x0c\x01\x25\x00\x01\x00\x11\x00\x0c\x02\x25\x00\x01\x00\x11\x00"
  "\x0c\x03\x25\x00\x01\x00\x11\x00\x0c\x04\x25\x00\x01\x00\x11\x00\x0c\x05\x25\x00"
  "\x01\x00\x11\x00\x0c\x06\x25\x00\x01\x00\x11\x00\x0c\x07\x25\x00\x01\x00\x11\x00"
  "\x0c\x08\x25\x00\x01\x00\x04\x00\x0c\x09\x25\x00\x01\x00\x00\x00\x0c\x00\x25\x01"
  "\x00\x00\x37\x00\x0c\x01\x25\x01\x00\x00\x11\x00\x0c\x02\x25\x01\x00\x00\x11\x00"
  "\x0c\x03\x25\x01\x00\x00\x11\x00\x0c\x04\x25\x01\x00\x00\x11\x00\x0c\x05\x25\x01"
  "\x00\x00\x11\x00\x0c\x06\x25\x01\x00\x00\x11\x00\x0c\x07\x25\x01\x00\x00\x11\x00"
  "\x0c\x08\x25\x01\x00\x00\x04\x00\x0c\x09\x25\x01\x00\x00\x00\x00\x0c\x00\x25\x01"
  "\x01\x00\x37\x00\x0c\x01\x25\x01\x01\x00\x11\x00\x0c\x02\x25\x01\x01\x00\x11\x00"
  "\x0c\x03\x25\x01\x01\x00\x11\x00\x0c\x04\x25\x01\x01\x00\x11\x00\x0c\x05\x25\x01"
  "\x01\x00\x11\x00\x0c\x06\x25\x01\x01\x00\x11\x00\x0c\x07\x25\x01\x01\x00\x11\x00"
  "\x0c\x08\x25\x01\x01\x00\x04\x00\x0c\x09\x25\x01\x01\x00\x00\x00\x0c\x00\x25\x02"
  "\x00\x00\x37\x00\x0c\x01\x25\x02\x00\x00\x11\x00\x0c\x02\x25\x02\x00\x00\x11\x00"
  "\x0c\x03\x25\x02\x00\x00\x11\x00\x0c\x04\x25\x02\x00\x00\x11\x00\x0c\x05\x25\x02"
  "\x00\x00\x11\x00\x0c\x06\x25\x02\x00\x00\x11\x00\x0c\x07\x25\x02\x00\x00\x11\x00"
  "\x0c\x08\x25\x02\x00\x00\x04\x00\x0c\x09\x25\x02\x00\x00\x00\x00\x0c\x00\x25\x02"
  "\x01\x00\x37\x00\x0c\x01\x25\x02\x01\x00\x11\x00\x0c\x02\x25\x02\x01\x00\x11\x00"
  "\x0c\x03\x25\x02\x01\x00\x11\x00\x0c\x04\x25\x02\x01\x00\x11\x00\x0c\x05\x25\x02"
  "\x01\x00\x11\x00\x0c\x06\x25\x02\x01\x00\x11\x00\x0c\x07\x25\x02\x01\x00\x11\x00"
  "\x0c\x08\x25\x02\x01\x00\x04\x00\x0c\x09\x25\x02\x01\x00\x00\x00\x0c\x00\x26\x00"
  "\x00\x00\x37\x00\x0c\x01\x26\x00\x00\x00\x11\x00\x0c\x02\x26\x00\x00\x00\x11\x00"
  "\x0c\x03\x26\x00\x00\x00\x11\x00\x0c\x04\x26\x00\x00\x00\x11\x00\x0c\x05\x26\x00"
  "\x00\x00\x11\x00\x0c\x06\x26\x00\x00\x00\x11\x00\x0c\x07\x26\x00\x00\x00\x11\x00"
  "\x0c\x08\x26\x00\x00\x00\x04\x00\x0c\x09\x26\x00\x00\x00\x00\x00\x0c\x00\x26\x00"
  "\x01\x00\x37\x00\x0c\x01\x26\x00\x01\x00\x11\x00\x0c\x02\x26\x00\x01\x00\x11\x00"
  "\x0c\x03\x26\x00\x01\x00\x11\x00\x0c\x04\x26\x00\x01\x00\x11\x00\x0c\x05\x26\x00"
  "\x01\x00\x11\x00\x0c\x06\x26\x00\x01\x00\x11\x00\x0c\x07\x26\x00\x01\x00\x11\x00"
  "\x0c\x08\x26\x00\x01\x00\x04\x00\x0c\x09\x26\x00\x01\x00\x00\x00\x0c\x00\x26\x01"
  "\x00\x00\x37\x00\x0c\x01\x26\x01\x00\x00\x11\x00\x0c\x02\x26\x01\x00\x00\x11\x00"
  "\x0c\x03\x26\x01\x00\x00\x11\x00\x0c\x04\x26\x01\x00\x00\x11\x00\x0c\x05\x26\x01"
  "\x00\x00\x11\x00\x0c\x06\x26\x01\x00\x00\x11\x00\x0c\x07\x26\x01\x00\x00\x11\x00"
  "\x0c\x08\x26\x01\x00\x00\x04\x00\x0c\x09\x26\x01\x00\x00\x00\x00\x0c\x00\x26\x01"
  "\x01\x00\x37\x00\x0c\x01\x26\x01\x01\x00\x11\x00\x0c\x02\x26\x01\x01\x00\x11\x00"
  "\x0c\x03\x26\x01\x01\x00\x11\x00\x0c\x04\x26\x01\x01\x00\x11\x00\x0c\x05\x26\x01"
  "\x01\x00\x11\x00\x0c\x06\x26\x01\x01\x00\x11\x00\x0c\x07\x26\x01\x01\x00\x11\x00"
  "\x0c\x08\x26\x01\x01\x00\x04\x00\x0c\x09\x26\x01\x01\x00\x00\x00\x0c\x00\x26\x02"
  "\x00\x00\x37\x00\x0c\x01\x26\x02\x00\x00\x11\x00\x0c\x02\x26\x02\x00\x00\x11\x00"
  "\x0c\x03\x26\x02\x00\x00\x11\x00\x0c\x04\x26\x02\x00\x00\x11\x00\x0c\x05\x26\x02"
  "\x00\x00\x11\x00\x0c\x06\x26\x02\x00\x00\x11\x00\x0c\x07\x26\x02\x00\x00\x11\x00"
  "\x0c\x08\x26\x02\x00\x00\x04\x00\x0c\x09\x26\x02\x00\x00\x00\x00\x0c\x00\x26\x02"
  "\x01\x00\x37\x00\x0c\x01\x26\x02\x01\x00\x11\x00\x0c\x02\x26\x02\x01\x00\x11\x00"
  "\x0c\x03\x26\x02\x01\x00\x11\x00\x0c\x04\x26\x02\x01\x00\x11\x00\x0c\x05\x26\x02"
  "\x01\x00\x11\x00\x0c\x06\x26\x02\x01\x00\x11\x00\x0c\x07\x26\x02\x01\x00\x11\x00"
  "\x0c\x08\x26\x02\x01\x00\x04\x00\x0c\x09\x26\x02\x01\x00\x00\x00\x0c\x00\x27\x00"
  "\x00\x00\x37\x00\x0c\x01\x27\x00\x00\x00\x11\x00\x0c\x02\x27\x00\x00\x00\x11\x00"
  "\x0c\x03\x27\x00\x00\x00\x11\x00\x0c\x04\x27\x00\x00\x00\x11\x00\x0c\x05\x27\x00"
  "\x00\x00\x11\x00\x0c\x06\x27\x00\x00\x00\x11\x00\x0c\x07\x27\x00\x00\x00\x11\x00"
  "\x0c\x08\x27\x00\x00\x00\x04\x00\x0c\x09\x27\x00\x00\x00\x00\x00\x0c\x00\x27\x00"
  "\x01\x00\x37\x00\x0c\x01\x27\x00\x01\x00\x11\x00\x0c\x02\x27\x00\x01\x00\x11\x00"
  "\x0c\x03\x27\x00\x01\x00\x11\x00\x0c\x04\x27\x00\x01\x00\x11\x00\x0c\x05\x27\x00"
  "\x01\x00\x11\x00\x0c\x06\x27\x00\x01\x00\x11\x00\x0c\x07\x27\x00\x01\x00\x11\x00"
  "\x0c\x08\x27\x00\x01\x00\x04\x00\x0c\x09\x27\x00\x01\x00\x00\x00\x0c\x00\x27\x01"
  "\x00\x00\x37\x00\x0c\x01\x27\x01\x00\x00\x11\x00\x0c\x02\x27\x01\x00\x00\x11\x00"
  "\x0c\x03\x27\x01\x00\x00\x11\x00\x0c\x04\x27\x01\x00\x00\x11\x00\x0c\x05\x27\x01"
  "\x00\x00\x11\x00\x0c\x06\x27\x01\x00\x00\x11\x00\x0c\x07\x27\x01\x00\x00\x11\x00"
  "\x0c\x08\x27\x01\x00\x00\x04\x00\x0c\x09\x27\x01\x00\x00\x00\x00\x0c\x00\x27\x01"
  "\x01\x00\x37\x00\x0c\x01\x27\x01\x01\x00\x11\x00\x0c\x02\x27\x01\x01\x00\x11\x00"
  "\x0c\x03\x27\x01\x01\x00\x11\x00\x0c\x04\x27\x01\x01\x00\x11\x00\x0c\x05\x27\x01"
  "\x01\x00\x11\x00\x0c\x06\x27\x01\x01\x00\x11\x00\x0c\x07\x27\x01\x01\x00\x11\x00"
  "\x0c\x08\x27\x01\x01\x00\x04\x00\x0c\x09\x27\x01\x01\x00\x00\x00\x0c\x00\x27\x02"
  "\x00\x00\x37\x00\x0c\x01\x27\x02\x00\x00\x11\x00\x0c\x02\x27\x02\x00\x00\x11\x00"
  "\x0c\x03\x27\x02\x00\x00\x11\x00\x0c\x04\x27\x02\x00\x00\x11\x00\x0c\x05\x27\x02"
  "\x00\x00\x11\x00\x0c\x06\x27\x02\x00\x00\x11\x00\x0c\x07\x27\x02\x00\x00\x11\x00"
  "\x0c\x08\x27\x02\x00\x00\x04\x00\x0c\x09\x27\x02\x00\x00\x00\x00\x0c\x00\x27\x02"
  "\x01\x00\x37\x00\x0c\x01\x27\x02\x01\x00\x11\x00\x0c\x02\x27\x02\x01\x00\x11\x00"
  "\x0c\x03\x27\x02\x01\x00\x11\x00\x0c\x04\x27\x02\x01\x00\x11\x00\x0c\x05\x27\x02"
  "\x01\x00\x11\x00\x0c\x06\x27\x02\x01\x00\x11\x00\x0c\x07\x27\x02\x01\x00\x11\x00"
  "\x0c\x08\x27\x02\x01\x00\x04\x00\x0c\x09\x27\x02\x01\x00\x00\x00\x0c\x00\x28\x00"
  "\x00\x00\x37\x00\x0c\x01\x28\x00\x00\x00\x11\x00\x0c\x02\x28\x00\x00\x00\x11\x00"
  "\x0c\x03\x28\x00\x00\x00\x11\x00\x0c\x04\x28\x00\x00\x00\x11\x00\x0c\x05\x28\x00"
  "\x00\x00\x11\x00\x0c\x06\x28\x00\x00\x00\x11\x00\x0c\x07\x28\x00\x00\x00\x11\x00"
  "\x0c\x08\x28\x00\x00\x00\x04\x00\x0c\x09\x28\x00\x00\x00\x00\x00\x0c\x00\x28\x00"
  "\x01\x00\x37\x00\x0c\x01\x28\x00\x01\x00\x11\x00\x0c\x02\x28\x00\x01\x00\x11\x00"
  "\x0c\x03\x28\x00\x01\x00\x11\x00\x0c\x04\x28\x00\x01\x00\x11\x00\x0c\x05\x28\x00"
  "\x01\x00\x11\x00\x0c\x06\x28\x00\x01\x00\x11\x00\x0c\x07\x28\x00\x01\x00\x11\x00"
  "\x0c\x08\x28\x00\x01\x00\x04\x00\x0c\x09\x28\x00\x01\x00\x00\x00\x0c\x00\x28\x01"
  "\x00\x00\x37\x00\x0c\x01\x28\x01\x00\x00\x11\x00\x0c\x02\x28\x01\x00\x00\x11\x00"
  "\x0c\x03\x28\x01\x00\x00\x11\x00\x0c\x04\x28\x01\x00\x00\x11\x00\x0c\x05\x28\x01"
  "\x00\x00\x11\x00\x0c\x06\x28\x01\x00\x00\x11\x00\x0c\x07\x28\x01\x00\x00\x11\x00"
  "\x0c\x08\x28\x01\x00\x00\x04\x00\x0c\x09\x28\x01\x00\x00\x00\x00\x0c\x00\x28\x01"
  "\x01\x00\x37\x00\x0c\x01\x28\x01\x01\x00\x11\x00\x0c\x02\x28\x01\x01\x00\x11\x00"
  "\x0c\x03\x28\x01\x01\x00\x11\x00\x0c\x04\x28\x01\x01\x00\x11\x00\x0c\x05\x28\x01"
  "\x01\x00\x11\x00\x0c\x06\x28\x01\x01\x00\x11\x00\x0c\x07\x28\x01\x01\x00\x11\x00"
  "\x0c\x08\x28\x01\x01\x00\x04\x00\x0c\x09\x28\x01\x01\x00\x00\x00\x0c\x00\x28\x02"
  "\x00\x00\x37\x00\x0c\x01\x28\x02\x00\x00\x11\x00\x0c\x02\x28\x02\x00\x00\x11\x00"
  "\x0c\x03\x28\x02\x00\x00\x11\x00\x0c\x04\x28\x02\x00\x00\x11\x00\x0c\x05\x28\x02"
  "\x00\x00\x11\x00\x0c\x06\x28\x02\x00\x00\x11\x00\x0c\x07\x28\x02\x00\x00\x11\x00"
  "\x0c\x08\x28\x02\x00\x00\x04\x00\x0c\x09\x28\x02\x00\x00\x00\x00\x0c\x00\x28\x02"
  "\x01\x00\x37\x00\x0c\x01\x28\x02\x01\x00\x11\x00\x0c\x02\x28\x02\x01\x00\x11\x00"
  "\x0c\x03\x28\x02\x01\x00\x11\x00\x0c\x04\x28\x02\x01\x00\x11\x00\x0c\x05\x28\x02"
  "\x01\x00\x11\x00\x0c\x06\x28\x02\x01\x00\x11\x00\x0c\x07\x28\x02\x01\x00\x11\x00"
  "\x0c\x08\x28\x02\x01\x00\x04\x00\x0c\x09\x28\x02\x01\x00\x00\x00\x0c\x00\x29\x00"
  "\x00\x00\x37\x00\x0c\x01\x29\x00\x00\x00\x11\x00\x0c\x02\x29\x00\x00\x00\x11\x00"
  "\x0c\x03\x29\x00\x00\x00\x11\x00\x0c\x04\x29\x00\x00\x00\x11\x00\x0c\x05\x29\x00"
  "\x00\x00\x11\x00\x0c\x06\x29\x00\x00\x00\x11\x00\x0c\x07\x29\x00\x00\x00\x11\x00"
  "\x0c\x08\x29\x00\x00\x00\x04\x00\x0c\x09\x29\x00\x00\x00\x00\x00\x0c\x00\x29\x00"
  "\x01\x00\x37\x00\x0c\x01\x29\x00\x01\x00\x11\x00\x0c\x02\x29\x00\x01\x00\x11\x00"
  "\x0c\x03\x29\x00\x01\x00\x11\x00\x0c\x04\x29\x00\x01\x00\x11\x00\x0c\x05\x29\x00"
  "\x01\x00\x11\x00\x0c\x06\x29\x00\x01\x00\x11\x00\x0c\x07\x29\x00\x01\x00\x11\x00"
  "\x0c\x08\x29\x00\x01\x00\x04\x00\x0c\x09\x29\x00\x01\x00\x00\x00\x0c\x00\x29\x01"
  "\x00\x00\x37\x00\x0c\x01\x29\x01\x00\x00\x11\x00\x0c\x02\x29\x01\x00\x00\x11\x00"
  "\x0c\x03\x29\x01\x00\x00\x11\x00\x0c\x04\x29\x01\x00\x00\x11\x00\x0c\x05\x29\x01"
  "\x00\x00\x11\x00\x0c\x06\x29\x01\x00\x00\x11\x00\x0c\x07\x29\x01\x00\x00\x11\x00"
  "\x0c\x08\x29\x01\x00\x00\x04\x00\x0c\x09\x29\x01\x00\x00\x00\x00\x0c\x00\x29\x01"
  "\x01\x00\x37\x00\x0c\x01\x29\x01\x01\x00\x11\x00\x0c\x02\x29\x01\x01\x00\x11\x00"
  "\x0c\x03\x29\x01\x01\x00\x11\x00\x0c\x04\x29\x01\x01\x00\x11\x00\x0c\x05\x29\x01"
  "\x01\x00\x11\x00\x0c\x06\x29\x01\x01\x00\x11\x00\x0c\x07\x29\x01\x01\x00\x11\x00"
  "\x0c\x08\x29\x01\x01\x00\x04\x00\x0c\x09\x29\x01\x01\x00\x00\x00\x0c\x00\x29\x02"
  "\x00\x00\x37\x00\x0c\x01\x29\x02\x00\x00\x11\x00\x0c\x02\x29\x02\x00\x00\x11\x00"
  "\x0c\x03\x29\x02\x00\x00\x11\x00\x0c\x04\x29\x02\x00\x00\x11\x00\x0c\x05\x29\x02"
  "\x00\x00\x11\x00\x0c\x06\x29\x02\x00\x00\x11\x00\x0c\x07\x29\x02\x00\x00\x11\x00"
  "\x0c\x08\x29\x02\x00\x00\x04\x00\x0c\x09\x29\x02\x00\x00\x00\x00\x0c\x00\x29\x02"
  "\x01\x00\x37\x00\x0c\x01\x29\x02\x01\x00\x11\x00\x0c\x02\x29\x02\x01\x00\x11\x00"
  "\x0c\x03\x29\x02\x01\x00\x11\x00\x0c\x04\x29\x02\x01\x00\x11\x00\x0c\x05\x29\x02"
  "\x01\x00\x11\x00\x0c\x06\x29\x02\x01\x00\x11\x00\x0c\x07\x29\x02\x01\x00\x11\x00"
  "\x0c\x08\x29\x02\x01\x00\x04\x00\x0c\x09\x29\x02\x01\x00\x00\x00\x0c\x00\x2a\x00"
  "\x00\x00\x37\x00\x0c\x01\x2a\x00\x00\x00\x11\x00\x0c\x02\x2a\x00\x00\x00\x11\x00"
  "\x0c\x03\x2a\x00\x00\x00\x11\x00\x0c\x04\x2a\x00\x00\x00\x11\x00\x0c\x05\x2a\x00"
  "\x00\x00\x11\x00\x0c\x06\x2a\x00\x00\x00\x11\x00\x0c\x07\x2a\x00\x00\x00\x11\x00"
  "\x0c\x08\x2a\x00\x00\x00\x04\x00\x0c\x09\x2a\x00\x00\x00\x00\x00\x0c\x00\x2a\x00"
  "\x01\x00\x37\x00\x0c\x01\x2a\x00\x01\x00\x11\x00\x0c\x02\x2a\x00\x01\x00\x11\x00"
  "\x0c\x03\x2a\x00\x01\x00\x11\x00\x0c\x04\x2a\x00\x01\x00\x11\x00\x0c\x05\x2a\x00"
  "\x01\x00\x11\x00\x0c\x06\x2a\x00\x01\x00\x11\x00\x0c\x07\x2a\x00\x01\x00\x11\x00"
  "\x0c\x08\x2a\x00\x01\x00\x04\x00\x0c\x09\x2a\x00\x01\x00\x00\x00\x0c\x00\x2a\x01"
  "\x00\x00\x37\x00\x0c\x01\x2a\x01\x00\x00\x11\x00\x0c\x02\x2a\x01\x00\x00\x11\x00"
  "\x0c\x03\x2a\x01\x00\x00\x11\x00\x0c\x04\x2a\x01\x00\x00\x11\x00\x0c\x05\x2a\x01"
  "\x00\x00\x11\x00\x0c\x06\x2a\x01\x00\x00\x11\x00\x0c\x07\x2a\x01\x00\x00\x11\x00"
  "\x0c\x08\x2a\x01\x00\x00\x04\x00\x0c\x09\x2a\x01\x00\x00\x00\x00\x0c\x00\x2a\x01"
  "\x01\x00\x37\x00\x0c\x01\x2a\x01\x01\x00\x11\x00\x0c\x02\x2a\x01\x01\x00\x11\x00"
  "\x0c\x03\x2a\x01\x01\x00\x11\x00\x0c\x04\x2a\x01\x01\x00\x11\x00\x0c\x05\x2a\x01"
  "\x01\x00\x11\x00\x0c\x06\x2a\x01\x01\x00\x11\x00\x0c\x07\x2a\x01\x01\x00\x11\x00"
  "\x0c\x08\x2a\x01\x01\x00\x04\x00\x0c\x09\x2a\x01\x01\x00\x00\x00\x0c\x00\x2a\x02"
  "\x00\x00\x37\x00\x0c\x01\x2a\x02\x00\x00\x11\x00\x0c\x02\x2a\x02\x00\x00\x11\x00"
  "\x0c\x03\x2a\x02\x00\x00\x11\x00\x0c\x04\x2a\x02\x00\x00\x11\x00\x0c\x05\x2a\x02"
  "\x00\x00\x11\x00\x0c\x06\x2a\x02\x00\x00\x11\x00\x0c\x07\x2a\x02\x00\x00\x11\x00"
  "\x0c\x08\x2a\x02\x00\x00\x04\x00\x0c\x09\x2a\x02\x00\x00\x00\x00\x0c\x00\x2a\x02"
  "\x01\x00\x37\x00\x0c\x01\x2a\x02\x01\x00\x11\x00\x0c\x02\x2a\x02\x01\x00\x11\x00"
  "\x0c\x03\x2a\x02\x01\x00\x11\x00\x0c\x04\x2a\x02\x01\x00\x11\x00\x0c\x05\x2a\x02"
  "\x01\x00\x11\x00\x0c\x06\x2a\x02\x01\x00\x11\x00\x0c\x07\x2a\x02\x01\x00\x11\x00"
  "\x0c\x08\x2a\x02\x01\x00\x04\x00\x0c\x09\x2a\x02\x01\x00\x00\x00\x0c\x00\x2b\x00"
  "\x00\x00\x37\x00\x0c\x01\x2b\x00\x00\x00\x11\x00\x0c\x02\x2b\x00\x00\x00\x11\x00"
  "\x0c\x03\x2b\x00\x00\x00\x11\x00\x0c\x04\x2b\x00\x00\x00\x11\x00\x0c\x05\x2b\x00"
  "\x00\x00\x11\x00\x0c\x06\x2b\x00\x00\x00\x11\x00\x0c\x07\x2b\x00\x00\x00\x11\x00"
  "\x0c\x08\x2b\x00\x00\x00\x04\x00\x0c\x09\x2b\x00\x00\x00\x00\x00\x0c\x00\x2b\x00"
  "\x01\x00\x37\x00\x0c\x01\x2b\x00\x01\x00\x11\x00\x0c\x02\x2b\x00\x01\x00\x11\x00"
  "\x0c\x03\x2b\x00\x01\x00\x11\x00\x0c\x04\x2b\x00\x01\x00\x11\x00\x0c\x05\x2b\x00"
  "\x01\x00\x11\x00\x0c\x06\x2b\x00\x01\x00\x11\x00\x0c\x07\x2b\x00\x01\x00\x11\x00"
  "\x0c\x08\x2b\x00\x01\x00\x04\x00\x0c\x09\x2b\x00\x01\x00\x00\x00\x0c\x00\x2b\x01"
  "\x00\x00\x37\x00\x0c\x01\x2b\x01\x00\x00\x11\x00\x0c\x02\x2b\x01\x00\x00\x11\x00"
  "\x0c\x03\x2b\x01\x00\x00\x11\x00\x0c\x04\x2b\x01\x00\x00\x11\x00\x0c\x05\x2b\x01"
  "\x00\x00\x11\x00\x0c\x06\x2b\x01\x00\x00\x11\x00\x0c\x07\x2b\x01\x00\x00\x11\x00"
  "\x0c\x08\x2b\x01\x00\x00\x04\x00\x0c\x09\x2b\x01\x00\x00\x00\x00\x0c\x00\x2b\x01"
  "\x01\x00\x37\x00\x0c\x01\x2b\x01\x01\x00\x11\x00\x0c\x02\x2b\x01\x01\x00\x11\x00"
  "\x0c\x03\x2b\x01\x01\x00\x11\x00\x0c\x04\x2b\x01\x01\x00\x11\x00\x0c\x05\x2b\x01"
  "\x01\x00\x11\x00\x0c\x06\x2b\x01\x01\x00\x11\x00\x0c\x07\x2b\x01\x01\x00\x11\x00"
  "\x0c\x08\x2b\x01\x01\x00\x04\x00\x0c\x09\x2b\x01\x01\x00\x00\x00\x0c\x00\x2b\x02"
  "\x00\x00\x37\x00\x0c\x01\x2b\x02\x00\x00\x11\x00\x0c\x02\x2b\x02\x00\x00\x11\x00"
  "\x0c\x03\x2b\x02\x00\x00\x11\x00\x0c\x04\x2b\x02\x00\x00\x11\x00\x0c\x05\x2b\x02"
  "\x00\x00\x11\x00\x0c\x06\x2b\x02\x00\x00\x11\x00\x0c\x07\x2b\x02\x00\x00\x11\x00"
  "\x0c\x08\x2b\x02\x00\x00\x04\x00\x0c\x09\x2b\x02\x00\x00\x00\x00\x0c\x00\x2b\x02"
  "\x01\x00\x37\x00\x0c\x01\x2b\x02\x01\x00\x11\x00\x0c\x02\x2b\x02\x01\x00\x11\x00"
  "\x0c\x03\x2b\x02\x01\x00\x11\x00\x0c\x04\x2b\x02\x01\x00\x11\x00\x0c\x05\x2b\x02"
  "\x01\x00\x11\x00\x0c\x06\x2b\x02\x01\x00\x11\x00\x0c\x07\x2b\x02\x01\x00\x11\x00"
  "\x0c\x08\x2b\x02\x01\x00\x04\x00\x0c\x09\x2b\x02\x01\x00\x00\x00\x0c\x00\x2c\x00"
  "\x00\x00\x37\x00\x0c\x01\x2c\x00\x00\x00\x11\x00\x0c\x02\x2c\x00\x00\x00\x11\x00"
  "\x0c\x03\x2c\x00\x00\x00\x11\x00\x0c\x04\x2c\x00\x00\x00\x11\x00\x0c\x05\x2c\x00"
  "\x00\x00\x11\x00\x0c\x06\x2c\x00\x00\x00\x11\x00\x0c\x07\x2c\x00\x00\x00\x11\x00"
  "\x0c\x08\x2c\x00\x00\x00\x04\x00\x0c\x09\x2c\x00\x00\x00\x00\x00\x0c\x00\x2c\x00"
  "\x01\x00\x37\x00\x0c\x01\x2c\x00\x01\x00\x11\x00\x0c\x02\x2c\x00\x01\x00\x11\x00"
  "\x0c\x03\x2c\x00\x01\x00\x11\x00\x0c\x04\x2c\x00\x01\x00\x11\x00\x0c\x05\x2c\x00"
  "\x01\x00\x11\x00\x0c\x06\x2c\x00\x01\x00\x11\x00\x0c\x07\x2c\x00\x01\x00\x11\x00"
  "\x0c\x08\x2c\x00\x01\x00\x04\x00\x0c\x09\x2c\x00\x01\x00\x00\x00\x0c\x00\x2c\x01"
  "\x00\x00\x37\x00\x0c\x01\x2c\x01\x00\x00\x11\x00\x0c\x02\x2c\x01\x00\x00\x11\x00"
  "\x0c\x03\x2c\x01\x00\x00\x11\x00\x0c\x04\x2c\x01\x00\x00\x11\x00\x0c\x05\x2c\x01"
  "\x00\x00\x11\x00\x0c\x06\x2c\x01\x00\x00\x11\x00\x0c\x07\x2c\x01\x00\x00\x11\x00"
  "\x0c\x08\x2c\x01\x00\x00\x04\x00\x0c\x09\x2c\x01\x00\x00\x00\x00\x0c\x00\x2c\x01"
  "\x01\x00\x37\x00\x0c\x01\x2c\x01\x01\x00\x11\x00\x0c\x02\x2c\x01\x01\x00\x11\x00"
  "\x0c\x03\x2c\x01\x01\x00\x11\x00\x0c\x04\x2c\x01\x01\x00\x11\x00\x0c\x05\x2c\x01"
  "\x01\x00\x11\x00\x0c\x06\x2c\x01\x01\x00\x11\x00\x0c\x07\x2c\x01\x01\x00\x11\x00"
  "\x0c\x08\x2c\x01\x01\x00\x04\x00\x0c\x09\x2c\x01\x01\x00\x00\x00\x0c\x00\x2c\x02"
  "\x00\x00\x37\x00\x0c\x01\x2c\x02\x00\x00\x11\x00\x0c\x02\x2c\x02\x00\x00\x11\x00"
  "\x0c\x03\x2c\x02\x00\x00\x11\x00\x0c\x04\x2c\x02\x00\x00\x11\x00\x0c\x05\x2c\x02"
  "\x00\x00\x11\x00\x0c\x06\x2c\x02\x00\x00\x11\x00\x0c\x07\x2c\x02\x00\x00\x11\x00"
  "\x0c\x08\x2c\x02\x00\x00\x04\x00\x0c\x09\x2c\x02\x00\x00\x00\x00\x0c\x00\x2c\x02"
  "\x01\x00\x37\x00\x0c\x01\x2c\x02\x01\x00\x11\x00\x0c\x02\x2c\x02\x01\x00\x11\x00"
  "\x0c\x03\x2c\x02\x01\x00\x11\x00\x0c\x04\x2c\x02\x01\x00\x11\x00\x0c\x05\x2c\x02"
  "\x01\x00\x11\x00\x0c\x06\x2c\x02\x01\x00\x11\x00\x0c\x07\x2c\x02\x01\x00\x11\x00"
  "\x0c\x08\x2c\x02\x01\x00\x04\x00\x0c\x09\x2c\x02\x01\x00\x00\x00\x0c\x00\x2d\x00"
  "\x00\x00\x37\x00\x0c\x01\x2d\x00\x00\x00\x11\x00\x0c\x02\x2d\x00\x00\x00\x11\x00"
  "\x0c\x03\x2d\x00\x00\x00\x11\x00\x0c\x04\x2d\x00\x00\x00\x11\x00\x0c\x05\x2d\x00"
  "\x00\x00\x11\x00\x0c\x06\x2d\x00\x00\x00\x11\x00\x0c\x07\x2d\x00\x00\x00\x11\x00"
  "\x0c\x08\x2d\x00\x00\x00\x04\x00\x0c\x09\x2d\x00\x00\x00\x00\x00\x0c\x00\x2d\x00"
  "\x01\x00\x37\x00\x0c\x01\x2d\x00\x01\x00\x11\x00\x0c\x02\x2d\x00\x01\x00\x11\x00"
  "\x0c\x03\x2d\x00\x01\x00\x11\x00\x0c\x04\x2d\x00\x01\x00\x11\x00\x0c\x05\x2d\x00"
  "\x01\x00\x11\x00\x0c\x06\x2d\x00\x01\x00\x11\x00\x0c\x07\x2d\x00\x01\x00\x11\x00"
  "\x0c\x08\x2d\x00\x01\x00\x04\x00\x0c\x09\x2d\x00\x01\x00\x00\x00\x0c\x00\x2d\x01"
  "\x00\x00\x37\x00\x0c\x01\x2d\x01\x00\x00\x11\x00\x0c\x02\x2d\x01\x00\x00\x11\x00"
  "\x0c\x03\x2d\x01\x00\x00\x11\x00\x0c\x04\x2d\x01\x00\x00\x11\x00\x0c\x05\x2d\x01"
  "\x00\x00\x11\x00\x0c\x06\x2d\x01\x00\x00\x11\x00\x0c\x07\x2d\x01\x00\x00\x11\x00"
  "\x0c\x08\x2d\x01\x00\x00\x04\x00\x0c\x09\x2d\x01\x00\x00\x00\x00\x0c\x00\x2d\x01"
  "\x01\x00\x37\x00\x0c\x01\x2d\x01\x01\x00\x11\x00\x0c\x02\x2d\x01\x01\x00\x11\x00"
  "\x0c\x03\x2d\x01\x01\x00\x11\x00\x0c\x04\x2d\x01\x01\x00\x11\x00\x0c\x05\x2d\x01"
  "\x01\x00\x11\x00\x0c\x06\x2d\x01\x01\x00\x11\x00\x0c\x07\x2d\x01\x01\x00\x11\x00"
  "\x0c\x08\x2d\x01\x01\x00\x04\x00\x0c\x09\x2d\x01\x01\x00\x00\x00\x0c\x00\x2d\x02"
  "\x00\x00\x37\x00\x0c\x01\x2d\x02\x00\x00\x11\x00\x0c\x02\x2d\x02\x00\x00\x11\x00"
  "\x0c\x03\x2d\x02\x00\x00\x11\x00\x0c\x04\x2d\x02\x00\x00\x11\x00\x0c\x05\x2d\x02"
  "\x00\x00\x11\x00\x0c\x06\x2d\x02\x00\x00\x11\x00\x0c\x07\x2d\x02\x00\x00\x11\x00"
  "\x0c\x08\x2d\x02\x00\x00\x04\x00\x0c\x09\x2d\x02\x00\x00\x00\x00\x0c\x00\x2d\x02"
  "\x01\x00\x37\x00\x0c\x01\x2d\x02\x01\x00\x11\x00\x0c\x02\x2d\x02\x01\x00\x11\x00"
  "\x0c\x03\x2d\x02\x01\x00\x11\x00\x0c\x04\x2d\x02\x01\x00\x11\x00\x0c\x05\x2d\x02"
  "\x01\x00\x11\x00\x0c\x06\x2d\x02\x01\x00\x11\x00\x0c\x07\x2d\x02\x01\x00\x11\x00"
  "\x0c\x08\x2d\x02\x01\x00\x04\x00\x0c\x09\x2d\x02\x01\x00\x00\x00\x0c\x00\x2e\x00"
  "\x00\x00\x37\x00\x0c\x01\x2e\x00\x00\x00\x11\x00\x0c\x02\x2e\x00\x00\x00\x11\x00"
  "\x0c\x03\x2e\x00\x00\x00\x11\x00\x0c\x04\x2e\x00\x00\x00\x11\x00\x0c\x05\x2e\x00"
  "\x00\x00\x11\x00\x0c\x06\x2e\x00\x00\x00\x11\x00\x0c\x07\x2e\x00\x00\x00\x11\x00"
  "\x0c\x08\x2e\x00\x00\x00\x04\x00\x0c\x09\x2e\x00\x00\x00\x00\x00\x0c\x00\x2e\x00"
  "\x01\x00\x37\x00\x0c\x01\x2e\x00\x01\x00\x11\x00\x0c\x02\x2e\x00\x01\x00\x11\x00"
  "\x0c\x03\x2e\x00\x01\x00\x11\x00\x0c\x04\x2e\x00\x01\x00\x11\x00\x0c\x05\x2e\x00"
  "\x01\x00\x11\x00\x0c\x06\x2e\x00\x01\x00\x11\x00\x0c\x07\x2e\x00\x01\x00\x11\x00"
  "\x0c\x08\x2e\x00\x01\x00\x04\x00\x0c\x09\x2e\x00\x01\x00\x00\x00\x0c\x00\x2e\x01"
  "\x00\x00\x37\x00\x0c\x01\x2e\x01\x00\x00\x11\x00\x0c\x02\x2e\x01\x00\x00\x11\x00"
  "\x0c\x03\x2e\x01\x00\x00\x11\x00\x0c\x04\x2e\x01\x00\x00\x11\x00\x0c\x05\x2e\x01"
  "\x00\x00\x11\x00\x0c\x06\x2e\x01\x00\x00\x11\x00\x0c\x07\x2e\x01\x00\x00\x11\x00"
  "\x0c\x08\x2e\x01\x00\x00\x04\x00\x0c\x09\x2e\x01\x00\x00\x00\x00\x0c\x00\x2e\x01"
  "\x01\x00\x37\x00\x0c\x01\x2e\x01\x01\x00\x11\x00\x0c\x02\x2e\x01\x01\x00\x11\x00"
  "\x0c\x03\x2e\x01\x01\x00\x11\x00\x0c\x04\x2e\x01\x01\x00\x11\x00\x0c\x05\x2e\x01"
  "\x01\x00\x11\x00\x0c\x06\x2e\x01\x01\x00\x11\x00\x0c\x07\x2e\x01\x01\x00\x11\x00"
  "\x0c\x08\x2e\x01\x01\x00\x04\x00\x0c\x09\x2e\x01\x01\x00\x00\x00\x0c\x00\x2e\x02"
  "\x00\x00\x37\x00\x0c\x01\x2e\x02\x00\x00\x11\x00\x0c\x02\x2e\x02\x00\x00\x11\x00"
  "\x0c\x03\x2e\x02\x00\x00\x11\x00\x0c\x04\x2e\x02\x00\x00\x11\x00\x0c\x05\x2e\x02"
  "\x00\x00\x11\x00\x0c\x06\x2e\x02\x00\x00\x11\x00\x0c\x07\x2e\x02\x00\x00\x11\x00"
  "\x0c\x08\x2e\x02\x00\x00\x04\x00\x0c\x09\x2e\x02\x00\x00\x00\x00\x0c\x00\x2e\x02"
  "\x01\x00\x37\x00\x0c\x01\x2e\x02\x01\x00\x11\x00\x0c\x02\x2e\x02\x01\x00\x11\x00"
  "\x0c\x03\x2e\x02\x01\x00\x11\x00\x0c\x04\x2e\x02\x01\x00\x11\x00\x0c\x05\x2e\x02"
  "\x01\x00\x11\x00\x0c\x06\x2e\x02\x01\x00\x11\x00\x0c\x07\x2e\x02\x01\x00\x11\x00"
  "\x0c\x08\x2e\x02\x01\x00\x04\x00\x0c\x09\x2e\x02\x01\x00\x00\x00\x0c\x00\x2f\x00"
  "\x00\x00\x37\x00\x0c\x01\x2f\x00\x00\x00\x11\x00\x0c\x02\x2f\x00\x00\x00\x11\x00"
  "\x0c\x03\x2f\x00\x00\x00\x11\x00\x0c\x04\x2f\x00\x00\x00\x11\x00\x0c\x05\x2f\x00"
  "\x00\x00\x11\x00\x0c\x06\x2f\x00\x00\x00\x11\x00\x0c\x07\x2f\x00\x00\x00\x11\x00"
  "\x0c\x08\x2f\x00\x00\x00\x04\x00\x0c\x09\x2f\x00\x00\x00\x00\x00\x0c\x00\x2f\x00"
  "\x01\x00\x37\x00\x0c\x01\x2f\x00\x01\x00\x11\x00\x0c\x02\x2f\x00\x01\x00\x11\x00"
  "\x0c\x03\x2f\x00\x01\x00\x11\x00\x0c\x04\x2f\x00\x01\x00\x11\x00\x0c\x05\x2f\x00"
  "\x01\x00\x11\x00\x0c\x06\x2f\x00\x01\x00\x11\x00\x0c\x07\x2f\x00\x01\x00\x11\x00"
  "\x0c\x08\x2f\x00\x01\x00\x04\x00\x0c\x09\x2f\x00\x01\x00\x00\x00\x0c\x00\x2f\x01"
  "\x00\x00\x37\x00\x0c\x01\x2f\x01\x00\x00\x11\x00\x0c\x02\x2f\x01\x00\x00\x11\x00"
  "\x0c\x03\x2f\x01\x00\x00\x11\x00\x0c\x04\x2f\x01\x00\x00\x11\x00\x0c\x05\x2f\x01"
  "\x00\x00\x11\x00\x0c\x06\x2f\x01\x00\x00\x11\x00\x0c\x07\x2f\x01\x00\x00\x11\x00"
  "\x0c\x08\x2f\x01\x00\x00\x04\x00\x0c\x09\x2f\x01\x00\x00\x00\x00\x0c\x00\x2f\x01"
  "\x01\x00\x37\x00\x0c\x01\x2f\x01\x01\x00\x11\x00\x0c\x02\x2f\x01\x01\x00\x11\x00"
  "\x0c\x03\x2f\x01\x01\x00\x11\x00\x0c\x04\x2f\x01\x01\x00\x11\x00\x0c\x05\x2f\x01"
  "\x01\x00\x11\x00\x0c\x06\x2f\x01\x01\x00\x11\x00\x0c\x07\x2f\x01\x01\x00\x11\x00"
  "\x0c\x08\x2f\x01\x01\x00\x04\x00\x0c\x09\x2f\x01\x01\x00\x00\x00\x0c\x00\x2f\x02"
  "\x00\x00\x37\x00\x0c\x01\x2f\x02\x00\x00\x11\x00\x0c\x02\x2f\x02\x00\x00\x11\x00"
  "\x0c\x03\x2f\x02\x00\x00\x11\x00\x0c\x04\x2f\x02\x00\x00\x11\x00\x0c\x05\x2f\x02"
  "\x00\x00\x11\x00\x0c\x06\x2f\x02\x00\x00\x11\x00\x0c\x07\x2f\x02\x00\x00\x11\x00"
  "\x0c\x08\x2f\x02\x00\x00\x04\x00\x0c\x09\x2f\x02\x00\x00\x00\x00\x0c\x00\x2f\x02"
  "\x01\x00\x37\x00\x0c\x01\x2f\x02\x01\x00\x11\x00\x0c\x02\x2f\x02\x01\x00\x11\x00"
  "\x0c\x03\x2f\x02\x01\x00\x11\x00\x0c\x04\x2f\x02\x01\x00\x11\x00\x0c\x05\x2f\x02"
  "\x01\x00\x11\x00\x0c\x06\x2f\x02\x01\x00\x11\x00\x0c\x07\x2f\x02\x01\x00\x11\x00"
  "\x0c\x08\x2f\x02\x01\x00\x04\x00\x0c\x09\x2f\x02\x01\x00\x00\x00\x0c\x00\x30\x00"
  "\x00\x00\x37\x00\x0c\x01\x30\x00\x00\x00\x11\x00\x0c\x02\x30\x00\x00\x00\x11\x00"
  "\x0c\x03\x30\x00\x00\x00\x11\x00\x0c\x04\x30\x00\x00\x00\x11\x00\x0c\x05\x30\x00"
  "\x00\x00\x11\x00\x0c\x06\x30\x00\x00\x00\x11\x00\x0c\x07\x30\x00\x00\x00\x11\x00"
  "\x0c\x08\x30\x00\x00\x00\x04\x00\x0c\x09\x30\x00\x00\x00\x00\x00\x0c\x00\x30\x00"
  "\x01\x00\x37\x00\x0c\x01\x30\x00\x01\x00\x11\x00\x0c\x02\x30\x00\x01\x00\x11\x00"
  "\x0c\x03\x30\x00\x01\x00\x11\x00\x0c\x04\x30\x00\x01\x00\x11\x00\x0c\x05\x30\x00"
  "\x01\x00\x11\x00\x0c\x06\x30\x00\x01\x00\x11\x00\x0c\x07\x30\x00\x01\x00\x11\x00"
  "\x0c\x08\x30\x00\x01\x00\x04\x00\x0c\x09\x30\x00\x01\x00\x00\x00\x0c\x00\x30\x01"
  "\x00\x00\x37\x00\x0c\x01\x30\x01\x00\x00\x11\x00\x0c\x02\x30\x01\x00\x00\x11\x00"
  "\x0c\x03\x30\x01\x00\x00\x11\x00\x0c\x04\x30\x01\x00\x00\x11\x00\x0c\x05\x30\x01"
  "\x00\x00\x11\x00\x0c\x06\x30\x01\x00\x00\x11\x00\x0c\x07\x30\x01\x00\x00\x11\x00"
  "\x0c\x08\x30\x01\x00\x00\x04\x00\x0c\x09\x30\x01\x00\x00\x00\x00\x0c\x00\x30\x01"
  "\x01\x00\x37\x00\x0c\x01\x30\x01\x01\x00\x11\x00\x0c\x02\x30\x01\x01\x00\x11\x00"
  "\x0c\x03\x30\x01\x01\x00\x11\x00\x0c\x04\x30\x01\x01\x00\x11\x00\x0c\x05\x30\x01"
  "\x01\x00\x11\x00\x0c\x06\x30\x01\x01\x00\x11\x00\x0c\x07\x30\x01\x01\x00\x11\x00"
  "\x0c\x08\x30\x01\x01\x00\x04\x00\x0c\x09\x30\x01\x01\x00\x00\x00\x0c\x00\x30\x02"
  "\x00\x00\x37\x00\x0c\x01\x30\x02\x00\x00\x11\x00\x0c\x02\x30\x02\x00\x00\x11\x00"
  "\x0c\x03\x30\x02\x00\x00\x11\x00\x0c\x04\x30\x02\x00\x00\x11\x00\x0c\x05\x30\x02"
  "\x00\x00\x11\x00\x0c\x06\x30\x02\x00\x00\x11\x00\x0c\x07\x30\x02\x00\x00\x11\x00"
  "\x0c\x08\x30\x02\x00\x00\x04\x00\x0c\x09\x30\x02\x00\x00\x00\x00\x0c\x00\x30\x02"
  "\x01\x00\x37\x00\x0c\x01\x30\x02\x01\x00\x11\x00\x0c\x02\x30\x02\x01\x00\x11\x00"
  "\x0c\x03\x30\x02\x01\x00\x11\x00\x0c\x04\x30\x02\x01\x00\x11\x00\x0c\x05\x30\x02"
  "\x01\x00\x11\x00\x0c\x06\x30\x02\x01\x00\x11\x00\x0c\x07\x30\x02\x01\x00\x11\x00"
  "\x0c\x08\x30\x02\x01\x00\x04\x00\x0c\x09\x30\x02\x01\x00\x00\x00\x0c\x00\x31\x00"
  "\x00\x00\x37\x00\x0c\x01\x31\x00\x00\x00\x11\x00\x0c\x02\x31\x00\x00\x00\x11\x00"
  "\x0c\x03\x31\x00\x00\x00\x11\x00\x0c\x04\x31\x00\x00\x00\x11\x00\x0c\x05\x31\x00"
  "\x00\x00\x11\x00\x0c\x06\x31\x00\x00\x00\x11\x00\x0c\x07\x31\x00\x00\x00\x11\x00"
  "\x0c\x08\x31\x00\x00\x00\x04\x00\x0c\x09\x31\x00\x00\x00\x00\x00\x0c\x00\x31\x00"
  "\x01\x00\x37\x00\x0c\x01\x31\x00\x01\x00\x11\x00\x0c\x02\x31\x00\x01\x00\x11\x00"
  "\x0c\x03\x31\x00\x01\x00\x11\x00\x0c\x04\x31\x00\x01\x00\x11\x00\x0c\x05\x31\x00"
  "\x01\x00\x11\x00\x0c\x06\x31\x00\x01\x00\x11\x00\x0c\x07\x31\x00\x01\x00\x11\x00"
  "\x0c\x08\x31\x00\x01\x00\x04\x00\x0c\x09\x31\x00\x01\x00\x00\x00\x0c\x00\x31\x01"
  "\x00\x00\x37\x00\x0c\x01\x31\x01\x00\x00\x11\x00\x0c\x02\x31\x01\x00\x00\x11\x00"
  "\x0c\x03\x31\x01\x00\x00\x11\x00\x0c\x04\x31\x01\x00\x00\x11\x00\x0c\x05\x31\x01"
  "\x00\x00\x11\x00\x0c\x06\x31\x01\x00\x00\x11\x00\x0c\x07\x31\x01\x00\x00\x11\x00"
  "\x0c\x08\x31\x01\x00\x00\x04\x00\x0c\x09\x31\x01\x00\x00\x00\x00\x0c\x00\x31\x01"
  "\x01\x00\x37\x00\x0c\x01\x31\x01\x01\x00\x11\x00\x0c\x02\x31\x01\x01\x00\x11\x00"
  "\x0c\x03\x31\x01\x01\x00\x11\x00\x0c\x04\x31\x01\x01\x00\x11\x00\x0c\x05\x31\x01"
  "\x01\x00\x11\x00\x0c\x06\x31\x01\x01\x00\x11\x00\x0c\x07\x31\x01\x01\x00\x11\x00"
  "\x0c\x08\x31\x01\x01\x00\x04\x00\x0c\x09\x31\x01\x01\x00\x00\x00\x0c\x00\x31\x02"
  "\x00\x00\x37\x00\x0c\x01\x31\x02\x00\x00\x11\x00\x0c\x02\x31\x02\x00\x00\x11\x00"
  "\x0c\x03\x31\x02\x00\x00\x11\x00\x0c\x04\x31\x02\x00\x00\x11\x00\x0c\x05\x31\x02"
  "\x00\x00\x11\x00\x0c\x06\x31\x02\x00\x00\x11\x00\x0c\x07\x31\x02\x00\x00\x11\x00"
  "\x0c\x08\x31\x02\x00\x00\x04\x00\x0c\x09\x31\x02\x00\x00\x00\x00\x0c\x00\x31\x02"
  "\x01\x00\x37\x00\x0c\x01\x31\x02\x01\x00\x11\x00\x0c\x02\x31\x02\x01\x00\x11\x00"
  "\x0c\x03\x31\x02\x01\x00\x11\x00\x0c\x04\x31\x02\x01\x00\x11\x00\x0c\x05\x31\x02"
  "\x01\x00\x11\x00\x0c\x06\x31\x02\x01\x00\x11\x00\x0c\x07\x31\x02\x01\x00\x11\x00"
  "\x0c\x08\x31\x02\x01\x00\x04\x00\x0c\x09\x31\x02\x01\x00\x00\x00\x0c\x00\x32\x00"
  "\x00\x00\x37\x00\x0c\x01\x32\x00\x00\x00\x11\x00\x0c\x02\x32\x00\x00\x00\x11\x00"
  "\x0c\x03\x32\x00\x00\x00\x11\x00\x0c\x04\x32\x00\x00\x00\x11\x00\x0c\x05\x32\x00"
  "\x00\x00\x11\x00\x0c\x06\x32\x00\x00\x00\x11\x00\x0c\x07\x32\x00\x00\x00\x11\x00"
  "\x0c\x08\x32\x00\x00\x00\x04\x00\x0c\x09\x32\x00\x00\x00\x00\x00\x0c\x00\x32\x00"
  "\x01\x00\x37\x00\x0c\x01\x32\x00\x01\x00\x11\x00\x0c\x02\x32\x00\x01\x00\x11\x00"
  "\x0c\x03\x32\x00\x01\x00\x11\x00\x0c\x04\x32\x00\x01\x00\x11\x00\x0c\x05\x32\x00"
  "\x01\x00\x11\x00\x0c\x06\x32\x00\x01\x00\x11\x00\x0c\x07\x32\x00\x01\x00\x11\x00"
  "\x0c\x08\x32\x00\x01\x00\x04\x00\x0c\x09\x32\x00\x01\x00\x00\x00\x0c\x00\x32\x01"
  "\x00\x00\x37\x00\x0c\x01\x32\x01\x00\x00\x11\x00\x0c\x02\x32\x01\x00\x00\x11\x00"
  "\x0c\x03\x32\x01\x00\x00\x11\x00\x0c\x04\x32\x01\x00\x00\x11\x00\x0c\x05\x32\x01"
  "\x00\x00\x11\x00\x0c\x06\x32\x01\x00\x00\x11\x00\x0c\x07\x32\x01\x00\x00\x11\x00"
  "\x0c\x08\x32\x01\x00\x00\x04\x00\x0c\x09\x32\x01\x00\x00\x00\x00\x0c\x00\x32\x01"
  "\x01\x00\x37\x00\x0c\x01\x32\x01\x01\x00\x11\x00\x0c\x02\x32\x01\x01\x00\x11\x00"
  "\x0c\x03\x32\x01\x01\x00\x11\x00\x0c\x04\x32\x01\x01\x00\x11\x00\x0c\x05\x32\x01"
  "\x01\x00\x11\x00\x0c\x06\x32\x01\x01\x00\x11\x00\x0c\x07\x32\x01\x01\x00\x11\x00"
  "\x0c\x08\x32\x01\x01\x00\x04\x00\x0c\x09\x32\x01\x01\x00\x00\x00\x0c\x00\x32\x02"
  "\x00\x00\x37\x00\x0c\x01\x32\x02\x00\x00\x11\x00\x0c\x02\x32\x02\x00\x00\x11\x00"
  "\x0c\x03\x32\x02\x00\x00\x11\x00\x0c\x04\x32\x02\x00\x00\x11\x00\x0c\x05\x32\x02"
  "\x00\x00\x11\x00\x0c\x06\x32\x02\x00\x00\x11\x00\x0c\x07\x32\x02\x00\x00\x11\x00"
  "\x0c\x08\x32\x02\x00\x00\x04\x00\x0c\x09\x32\x02\x00\x00\x00\x00\x0c\x00\x32\x02"
  "\x01\x00\x37\x00\x0c\x01\x32\x02\x01\x00\x11\x00\x0c\x02\x32\x02\x01\x00\x11\x00"
  "\x0c\x03\x32\x02\x01\x00\x11\x00\x0c\x04\x32\x02\x01\x00\x11\x00\x0c\x05\x32\x02"
  "\x01\x00\x11\x00\x0c\x06\x32\x02\x01\x00\x11\x00\x0c\x07\x32\x02\x01\x00\x11\x00"
  "\x0c\x08\x32\x02\x01\x00\x04\x00\x0c\x09\x32\x02\x01\x00\x00\x00\x0c\x00\x33\x00"
  "\x00\x00\x37\x00\x0c\x01\x33\x00\x00\x00\x11\x00\x0c\x02\x33\x00\x00\x00\x11\x00"
  "\x0c\x03\x33\x00\x00\x00\x11\x00\x0c\x04\x33\x00\x00\x00\x11\x00\x0c\x05\x33\x00"
  "\x00\x00\x11\x00\x0c\x06\x33\x00\x00\x00\x11\x00\x0c\x07\x33\x00\x00\x00\x11\x00"
  "\x0c\x08\x33\x00\x00\x00\x04\x00\x0c\x09\x33\x00\x00\x00\x00\x00\x0c\x00\x33\x00"
  "\x01\x00\x37\x00\x0c\x01\x33\x00\x01\x00\x11\x00\x0c\x02\x33\x00\x01\x00\x11\x00"
  "\x0c\x03\x33\x00\x01\x00\x11\x00\x0c\x04\x33\x00\x01\x00\x11\x00\x0c\x05\x33\x00"
  "\x01\x00\x11\x00\x0c\x06\x33\x00\x01\x00\x11\x00\x0c\x07\x33\x00\x01\x00\x11\x00"
  "\x0c\x08\x33\x00\x01\x00\x04\x00\x0c\x09\x33\x00\x01\x00\x00\x00\x0c\x00\x33\x01"
  "\x00\x00\x37\x00\x0c\x01\x33\x01\x00\x00\x11\x00\x0c\x02\x33\x01\x00\x00\x11\x00"
  "\x0c\x03\x33\x01\x00\x00\x11\x00\x0c\x04\x33\x01\x00\x00\x11\x00\x0c\x05\x33\x01"
  "\x00\x00\x11\x00\x0c\x06\x33\x01\x00\x00\x11\x00\x0c\x07\x33\x01\x00\x00\x11\x00"
  "\x0c\x08\x33\x01\x00\x00\x04\x00\x0c\x09\x33\x01\x00\x00\x00\x00\x0c\x00\x33\x01"
  "\x01\x00\x37\x00\x0c\x01\x33\x01\x01\x00\x11\x00\x0c\x02\x33\x01\x01\x00\x11\x00"
  "\x0c\x03\x33\x01\x01\x00\x11\x00\x0c\x04\x33\x01\x01\x00\x11\x00\x0c\x05\x33\x01"
  "\x01\x00\x11\x00\x0c\x06\x33\x01\x01\x00\x11\x00\x0c\x07\x33\x01\x01\x00\x11\x00"
  "\x0c\x08\x33\x01\x01\x00\x04\x00\x0c\x09\x33\x01\x01\x00\x00\x00\x0c\x00\x33\x02"
  "\x00\x00\x37\x00\x0c\x01\x33\x02\x00\x00\x11\x00\x0c\x02\x33\x02\x00\x00\x11\x00"
  "\x0c\x03\x33\x02\x00\x00\x11\x00\x0c\x04\x33\x02\x00\x00\x11\x00\x0c\x05\x33\x02"
  "\x00\x00\x11\x00\x0c\x06\x33\x02\x00\x00\x11\x00\x0c\x07\x33\x02\x00\x00\x11\x00"
  "\x0c\x08\x33\x02\x00\x00\x04\x00\x0c\x09\x33\x02\x00\x00\x00\x00\x0c\x00\x33\x02"
  "\x01\x00\x37\x00\x0c\x01\x33\x02\x01\x00\x11\x00\x0c\x02\x33\x02\x01\x00\x11\x00"
  "\x0c\x03\x33\x02\x01\x00\x11\x00\x0c\x04\x33\x02\x01\x00\x11\x00\x0c\x05\x33\x02"
  "\x01\x00\x11\x00\x0c\x06\x33\x02\x01\x00\x11\x00\x0c\x07\x33\x02\x01\x00\x11\x00"
  "\x0c\x08\x33\x02\x01\x00\x04\x00\x0c\x09\x33\x02\x01\x00\x00\x00\x0c\x00\x34\x00"
  "\x00\x00\x37\x00\x0c\x01\x34\x00\x00\x00\x11\x00\x0c\x02\x34\x00\x00\x00\x11\x00"
  "\x0c\x03\x34\x00\x00\x00\x11\x00\x0c\x04\x34\x00\x00\x00\x11\x00\x0c\x05\x34\x00"
  "\x00\x00\x11\x00\x0c\x06\x34\x00\x00\x00\x11\x00\x0c\x07\x34\x00\x00\x00\x11\x00"
  "\x0c\x08\x34\x00\x00\x00\x04\x00\x0c\x09\x34\x00\x00\x00\x00\x00\x0c\x00\x34\x00"
  "\x01\x00\x37\x00\x0c\x01\x34\x00\x01\x00\x11\x00\x0c\x02\x34\x00\x01\x00\x11\x00"
  "\x0c\x03\x34\x00\x01\x00\x11\x00\x0c\x04\x34\x00\x01\x00\x11\x00\x0c\x05\x34\x00"
  "\x01\x00\x11\x00\x0c\x06\x34\x00\x01\x00\x11\x00\x0c\x07\x34\x00\x01\x00\x11\x00"
  "\x0c\x08\x34\x00\x01\x00\x04\x00\x0c\x09\x34\x00\x01\x00\x00\x00\x0c\x00\x34\x01"
  "\x00\x00\x37\x00\x0c\x01\x34\x01\x00\x00\x11\x00\x0c\x02\x34\x01\x00\x00\x11\x00"
  "\x0c\x03\x34\x01\x00\x00\x11\x00\x0c\x04\x34\x01\x00\x00\x11\x00\x0c\x05\x34\x01"
  "\x00\x00\x11\x00\x0c\x06\x34\x01\x00\x00\x11\x00\x0c\x07\x34\x01\x00\x00\x11\x00"
  "\x0c\x08\x34\x01\x00\x00\x04\x00\x0c\x09\x34\x01\x00\x00\x00\x00\x0c\x00\x34\x01"
  "\x01\x00\x37\x00\x0c\x01\x34\x01\x01\x00\x11\x00\x0c\x02\x34\x01\x01\x00\x11\x00"
  "\x0c\x03\x34\x01\x01\x00\x11\x00\x0c\x04\x34\x01\x01\x00\x11\x00\x0c\x05\x34\x01"
  "\x01\x00\x11\x00\x0c\x06\x34\x01\x01\x00\x11\x00\x0c\x07\x34\x01\x01\x00\x11\x00"
  "\x0c\x08\x34\x01\x01\x00\x04\x00\x0c\x09\x34\x01\x01\x00\x00\x00\x0c\x00\x34\x02"
  "\x00\x00\x37\x00\x0c\x01\x34\x02\x00\x00\x11\x00\x0c\x02\x34\x02\x00\x00\x11\x00"
  "\x0c\x03\x34\x02\x00\x00\x11\x00\x0c\x04\x34\x02\x00\x00\x11\x00\x0c\x05\x34\x02"
  "\x00\x00\x11\x00\x0c\x06\x34\x02\x00\x00\x11\x00\x0c\x07\x34\x02\x00\x00\x11\x00"
  "\x0c\x08\x34\x02\x00\x00\x04\x00\x0c\x09\x34\x02\x00\x00\x00\x00\x0c\x00\x34\x02"
  "\x01\x00\x37\x00\x0c\x01\x34\x02\x01\x00\x11\x00\x0c\x02\x34\x02\x01\x00\x11\x00"
  "\x0c\x03\x34\x02\x01\x00\x11\x00\x0c\x04\x34\x02\x01\x00\x11\x00\x0c\x05\x34\x02"
  "\x01\x00\x11\x00\x0c\x06\x34\x02\x01\x00\x11\x00\x0c\x07\x34\x02\x01\x00\x11\x00"
  "\x0c\x08\x34\x02\x01\x00\x04\x00\x0c\x09\x34\x02\x01\x00\x00\x00\x0c\x00\x35\x00"
  "\x00\x00\x37\x00\x0c\x01\x35\x00\x00\x00\x11\x00\x0c\x02\x35\x00\x00\x00\x11\x00"
  "\x0c\x03\x35\x00\x00\x00\x11\x00\x0c\x04\x35\x00\x00\x00\x11\x00\x0c\x05\x35\x00"
  "\x00\x00\x11\x00\x0c\x06\x35\x00\x00\x00\x11\x00\x0c\x07\x35\x00\x00\x00\x11\x00"
  "\x0c\x08\x35\x00\x00\x00\x04\x00\x0c\x09\x35\x00\x00\x00\x00\x00\x0c\x00\x35\x00"
  "\x01\x00\x37\x00\x0c\x01\x35\x00\x01\x00\x11\x00\x0c\x02\x35\x00\x01\x00\x11\x00"
  "\x0c\x03\x35\x00\x01\x00\x11\x00\x0c\x04\x35\x00\x01\x00\x11\x00\x0c\x05\x35\x00"
  "\x01\x00\x11\x00\x0c\x06\x35\x00\x01\x00\x11\x00\x0c\x07\x35\x00\x01\x00\x11\x00"
  "\x0c\x08\x35\x00\x01\x00\x04\x00\x0c\x09\x35\x00\x01\x00\x00\x00\x0c\x00\x35\x01"
  "\x00\x00\x37\x00\x0c\x01\x35\x01\x00\x00\x11\x00\x0c\x02\x35\x01\x00\x00\x11\x00"
  "\x0c\x03\x35\x01\x00\x00\x11\x00\x0c\x04\x35\x01\x00\x00\x11\x00\x0c\x05\x35\x01"
  "\x00\x00\x11\x00\x0c\x06\x35\x01\x00\x00\x11\x00\x0c\x07\x35\x01\x00\x00\x11\x00"
  "\x0c\x08\x35\x01\x00\x00\x04\x00\x0c\x09\x35\x01\x00\x00\x00\x00\x0c\x00\x35\x01"
  "\x01\x00\x37\x00\x0c\x01\x35\x01\x01\x00\x11\x00\x0c\x02\x35\x01\x01\x00\x11\x00"
  "\x0c\x03\x35\x01\x01\x00\x11\x00\x0c\x04\x35\x01\x01\x00\x11\x00\x0c\x05\x35\x01"
  "\x01\x00\x11\x00\x0c\x06\x35\x01\x01\x00\x11\x00\x0c\x07\x35\x01\x01\x00\x11\x00"
  "\x0c\x08\x35\x01\x01\x00\x04\x00\x0c\x09\x35\x01\x01\x00\x00\x00\x0c\x00\x35\x02"
  "\x00\x00\x37\x00\x0c\x01\x35\x02\x00\x00\x11\x00\x0c\x02\x35\x02\x00\x00\x11\x00"
  "\x0c\x03\x35\x02\x00\x00\x11\x00\x0c\x04\x35\x02\x00\x00\x11\x00\x0c\x05\x35\x02"
  "\x00\x00\x11\x00\x0c\x06\x35\x02\x00\x00\x11\x00\x0c\x07\x35\x02\x00\x00\x11\x00"
  "\x0c\x08\x35\x02\x00\x00\x04\x00\x0c\x09\x35\x02\x00\x00\x00\x00\x0c\x00\x35\x02"
  "\x01\x00\x37\x00\x0c\x01\x35\x02\x01\x00\x11\x00\x0c\x02\x35\x02\x01\x00\x11\x00"
  "\x0c\x03\x35\x02\x01\x00\x11\x00\x0c\x04\x35\x02\x01\x00\x11\x00\x0c\x05\x35\x02"
  "\x01\x00\x11\x00\x0c\x06\x35\x02\x01\x00\x11\x00\x0c\x07\x35\x02\x01\x00\x11\x00"
  "\x0c\x08\x35\x02\x01\x00\x04\x00\x0c\x09\x35\x02\x01\x00\x00\x00\x0c\x00\x36\x00"
  "\x00\x00\x37\x00\x0c\x01\x36\x00\x00\x00\x11\x00\x0c\x02\x36\x00\x00\x00\x11\x00"
  "\x0c\x03\x36\x00\x00\x00\x11\x00\x0c\x04\x36\x00\x00\x00\x11\x00\x0c\x05\x36\x00"
  "\x00\x00\x11\x00\x0c\x06\x36\x00\x00\x00\x11\x00\x0c\x07\x36\x00\x00\x00\x11\x00"
  "\x0c\x08\x36\x00\x00\x00\x04\x00\x0c\x09\x36\x00\x00\x00\x00\x00\x0c\x00\x36\x00"
  "\x01\x00\x37\x00\x0c\x01\x36\x00\x01\x00\x11\x00\x0c\x02\x36\x00\x01\x00\x11\x00"
  "\x0c\x03\x36\x00\x01\x00\x11\x00\x0c\x04\x36\x00\x01\x00\x11\x00\x0c\x05\x36\x00"
  "\x01\x00\x11\x00\x0c\x06\x36\x00\x01\x00\x11\x00\x0c\x07\x36\x00\x01\x00\x11\x00"
  "\x0c\x08\x36\x00\x01\x00\x04\x00\x0c\x09\x36\x00\x01\x00\x00\x00\x0c\x00\x36\x01"
  "\x00\x00\x37\x00\x0c\x01\x36\x01\x00\x00\x11\x00\x0c\x02\x36\x01\x00\x00\x11\x00"
  "\x0c\x03\x36\x01\x00\x00\x11\x00\x0c\x04\x36\x01\x00\x00\x11\x00\x0c\x05\x36\x01"
  "\x00\x00\x11\x00\x0c\x06\x36\x01\x00\x00\x11\x00\x0c\x07\x36\x01\x00\x00\x11\x00"
  "\x0c\x08\x36\x01\x00\x00\x04\x00\x0c\x09\x36\x01\x00\x00\x00\x00\x0c\x00\x36\x01"
  "\x01\x00\x37\x00\x0c\x01\x36\x01\x01\x00\x11\x00\x0c\x02\x36\x01\x01\x00\x11\x00"
  "\x0c\x03\x36\x01\x01\x00\x11\x00\x0c\x04\x36\x01\x01\x00\x11\x00\x0c\x05\x36\x01"
  "\x01\x00\x11\x00\x0c\x06\x36\x01\x01\x00\x11\x00\x0c\x07\x36\x01\x01\x00\x11\x00"
  "\x0c\x08\x36\x01\x01\x00\x04\x00\x0c\x09\x36\x01\x01\x00\x00\x00\x0c\x00\x36\x02"
  "\x00\x00\x37\x00\x0c\x01\x36\x02\x00\x00\x11\x00\x0c\x02\x36\x02\x00\x00\x11\x00"
  "\x0c\x03\x36\x02\x00\x00\x11\x00\x0c\x04\x36\x02\x00\x00\x11\x00\x0c\x05\x36\x02"
  "\x00\x00\x11\x00\x0c\x06\x36\x02\x00\x00\x11\x00\x0c\x07\x36\x02\x00\x00\x11\x00"
  "\x0c\x08\x36\x02\x00\x00\x04\x00\x0c\x09\x36\x02\x00\x00\x00\x00\x0c\x00\x36\x02"
  "\x01\x00\x37\x00\x0c\x01\x36\x02\x01\x00\x11\x00\x0c\x02\x36\x02\x01\x00\x11\x00"
  "\x0c\x03\x36\x02\x01\x00\x11\x00\x0c\x04\x36\x02\x01\x00\x11\x00\x0c\x05\x36\x02"
  "\x01\x00\x11\x00\x0c\x06\x36\x02\x01\x00\x11\x00\x0c\x07\x36\x02\x01\x00\x11\x00"
  "\x0c\x08\x36\x02\x01\x00\x04\x00\x0c\x09\x36\x02\x01\x00\x00\x00\x0c\x00\x37\x00"
  "\x00\x00\x37\x00\x0c\x01\x37\x00\x00\x00\x11\x00\x0c\x02\x37\x00\x00\x00\x11\x00"
  "\x0c\x03\x37\x00\x00\x00\x11\x00\x0c\x04\x37\x00\x00\x00\x11\x00\x0c\x05\x37\x00"
  "\x00\x00\x11\x00\x0c\x06\x37\x00\x00\x00\x11\x00\x0c\x07\x37\x00\x00\x00\x11\x00"
  "\x0c\x08\x37\x00\x00\x00\x04\x00\x0c\x09\x37\x00\x00\x00\x00\x00\x0c\x00\x37\x00"
  "\x01\x00\x37\x00\x0c\x01\x37\x00\x01\x00\x11\x00\x0c\x02\x37\x00\x01\x00\x11\x00"
  "\x0c\x03\x37\x00\x01\x00\x11\x00\x0c\x04\x37\x00\x01\x00\x11\x00\x0c\x05\x37\x00"
  "\x01\x00\x11\x00\x0c\x06\x37\x00\x01\x00\x11\x00\x0c\x07\x37\x00\x01\x00\x11\x00"
  "\x0c\x08\x37\x00\x01\x00\x04\x00\x0c\x09\x37\x00\x01\x00\x00\x00\x0c\x00\x37\x01"
  "\x00\x00\x37\x00\x0c\x01\x37\x01\x00\x00\x11\x00\x0c\x02\x37\x01\x00\x00\x11\x00"
  "\x0c\x03\x37\x01\x00\x00\x11\x00\x0c\x04\x37\x01\x00\x00\x11\x00\x0c\x05\x37\x01"
  "\x00\x00\x11\x00\x0c\x06\x37\x01\x00\x00\x11\x00\x0c\x07\x37\x01\x00\x00\x11\x00"
  "\x0c\x08\x37\x01\x00\x00\x04\x00\x0c\x09\x37\x01\x00\x00\x00\x00\x0c\x00\x37\x01"
  "\x01\x00\x37\x00\x0c\x01\x37\x01\x01\x00\x11\x00\x0c\x02\x37\x01\x01\x00\x11\x00"
  "\x0c\x03\x37\x01\x01\x00\x11\x00\x0c\x04\x37\x01\x01\x00\x11\x00\x0c\x05\x37\x01"
  "\x01\x00\x11\x00\x0c\x06\x37\x01\x01\x00\x11\x00\x0c\x07\x37\x01\x01\x00\x11\x00"
  "\x0c\x08\x37\x01\x01\x00\x04\x00\x0c\x09\x37\x01\x01\x00\x00\x00\x0c\x00\x37\x02"
  "\x00\x00\x37\x00\x0c\x01\x37\x02\x00\x00\x11\x00\x0c\x02\x37\x02\x00\x00\x11\x00"
  "\x0c\x03\x37\x02\x00\x00\x11\x00\x0c\x04\x37\x02\x00\x00\x11\x00\x0c\x05\x37\x02"
  "\x00\x00\x11\x00\x0c\x06\x37\x02\x00\x00\x11\x00\x0c\x07\x37\x02\x00\x00\x11\x00"
  "\x0c\x08\x37\x02\x00\x00\x04\x00\x0c\x09\x37\x02\x00\x00\x00\x00\x0c\x00\x37\x02"
  "\x01\x00\x37\x00\x0c\x01\x37\x02\x01\x00\x11\x00\x0c\x02\x37\x02\x01\x00\x11\x00"
  "\x0c\x03\x37\x02\x01\x00\x11\x00\x0c\x04\x37\x02\x01\x00\x11\x00\x0c\x05\x37\x02"
  "\x01\x00\x11\x00\x0c\x06\x37\x02\x01\x00\x11\x00\x0c\x07\x37\x02\x01\x00\x11\x00"
  "\x0c\x08\x37\x02\x01\x00\x04\x00\x0c\x09\x37\x02\x01\x00\x00\x00\x0c\x00\x38\x00"
  "\x00\x00\x37\x00\x0c\x01\x38\x00\x00\x00\x11\x00\x0c\x02\x38\x00\x00\x00\x11\x00"
  "\x0c\x03\x38\x00\x00\x00\x11\x00\x0c\x04\x38\x00\x00\x00\x11\x00\x0c\x05\x38\x00"
  "\x00\x00\x11\x00\x0c\x06\x38\x00\x00\x00\x11\x00\x0c\x07\x38\x00\x00\x00\x11\x00"
  "\x0c\x08\x38\x00\x00\x00\x04\x00\x0c\x09\x38\x00\x00\x00\x00\x00\x0c\x00\x38\x00"
  "\x01\x00\x37\x00\x0c\x01\x38\x00\x01\x00\x11\x00\x0c\x02\x38\x00\x01\x00\x11\x00"
  "\x0c\x03\x38\x00\x01\x00\x11\x00\x0c\x04\x38\x00\x01\x00\x11\x00\x0c\x05\x38\x00"
  "\x01\x00\x11\x00\x0c\x06\x38\x00\x01\x00\x11\x00\x0c\x07\x38\x00\x01\x00\x11\x00"
  "\x0c\x08\x38\x00\x01\x00\x04\x00\x0c\x09\x38\x00\x01\x00\x00\x00\x0c\x00\x38\x01"
  "\x00\x00\x37\x00\x0c\x01\x38\x01\x00\x00\x11\x00\x0c\x02\x38\x01\x00\x00\x11\x00"
  "\x0c\x03\x38\x01\x00\x00\x11\x00\x0c\x04\x38\x01\x00\x00\x11\x00\x0c\x05\x38\x01"
  "\x00\x00\x11\x00\x0c\x06\x38\x01\x00\x00\x11\x00\x0c\x07\x38\x01\x00\x00\x11\x00"
  "\x0c\x08\x38\x01\x00\x00\x04\x00\x0c\x09\x38\x01\x00\x00\x00\x00\x0c\x00\x38\x01"
  "\x01\x00\x37\x00\x0c\x01\x38\x01\x01\x00\x11\x00\x0c\x02\x38\x01\x01\x00\x11\x00"
  "\x0c\x03\x38\x01\x01\x00\x11\x00\x0c\x04\x38\x01\x01\x00\x11\x00\x0c\x05\x38\x01"
  "\x01\x00\x11\x00\x0c\x06\x38\x01\x01\x00\x11\x00\x0c\x07\x38\x01\x01\x00\x11\x00"
  "\x0c\x08\x38\x01\x01\x00\x04\x00\x0c\x09\x38\x01\x01\x00\x00\x00\x0c\x00\x38\x02"
  "\x00\x00\x37\x00\x0c\x01\x38\x02\x00\x00\x11\x00\x0c\x02\x38\x02\x00\x00\x11\x00"
  "\x0c\x03\x38\x02\x00\x00\x11\x00\x0c\x04\x38\x02\x00\x00\x11\x00\x0c\x05\x38\x02"
  "\x00\x00\x11\x00\x0c\x06\x38\x02\x00\x00\x11\x00\x0c\x07\x38\x02\x00\x00\x11\x00"
  "\x0c\x08\x38\x02\x00\x00\x04\x00\x0c\x09\x38\x02\x00\x00\x00\x00\x0c\x00\x38\x02"
  "\x01\x00\x37\x00\x0c\x01\x38\x02\x01\x00\x11\x00\x0c\x02\x38\x02\x01\x00\x11\x00"
  "\x0c\x03\x38\x02\x01\x00\x11\x00\x0c\x04\x38\x02\x01\x00\x11\x00\x0c\x05\x38\x02"
  "\x01\x00\x11\x00\x0c\x06\x38\x02\x01\x00\x11\x00\x0c\x07\x38\x02\x01\x00\x11\x00"
  "\x0c\x08\x38\x02\x01\x00\x04\x00\x0c\x09\x38\x02\x01\x00\x00\x00\x0c\x00\x39\x00"
  "\x00\x00\x37\x00\x0c\x01\x39\x00\x00\x00\x11\x00\x0c\x02\x39\x00\x00\x00\x11\x00"
  "\x0c\x03\x39\x00\x00\x00\x11\x00\x0c\x04\x39\x00\x00\x00\x11\x00\x0c\x05\x39\x00"
  "\x00\x00\x11\x00\x0c\x06\x39\x00\x00\x00\x11\x00\x0c\x07\x39\x00\x00\x00\x11\x00"
  "\x0c\x08\x39\x00\x00\x00\x04\x00\x0c\x09\x39\x00\x00\x00\x00\x00\x0c\x00\x39\x00"
  "\x01\x00\x37\x00\x0c\x01\x39\x00\x01\x00\x11\x00\x0c\x02\x39\x00\x01\x00\x11\x00"
  "\x0c\x03\x39\x00\x01\x00\x11\x00\x0c\x04\x39\x00\x01\x00\x11\x00\x0c\x05\x39\x00"
  "\x01\x00\x11\x00\x0c\x06\x39\x00\x01\x00\x11\x00\x0c\x07\x39\x00\x01\x00\x11\x00"
  "\x0c\x08\x39\x00\x01\x00\x04\x00\x0c\x09\x39\x00\x01\x00\x00\x00\x0c\x00\x39\x01"
  "\x00\x00\x37\x00\x0c\x01\x39\x01\x00\x00\x11\x00\x0c\x02\x39\x01\x00\x00\x11\x00"
  "\x0c\x03\x39\x01\x00\x00\x11\x00\x0c\x04\x39\x01\x00\x00\x11\x00\x0c\x05\x39\x01"
  "\x00\x00\x11\x00\x0c\x06\x39\x01\x00\x00\x11\x00\x0c\x07\x39\x01\x00\x00\x11\x00"
  "\x0c\x08\x39\x01\x00\x00\x04\x00\x0c\x09\x39\x01\x00\x00\x00\x00\x0c\x00\x39\x01"
  "\x01\x00\x37\x00\x0c\x01\x39\x01\x01\x00\x11\x00\x0c\x02\x39\x01\x01\x00\x11\x00"
  "\x0c\x03\x39\x01\x01\x00\x11\x00\x0c\x04\x39\x01\x01\x00\x11\x00\x0c\x05\x39\x01"
  "\x01\x00\x11\x00\x0c\x06\x39\x01\x01\x00\x11\x00\x0c\x07\x39\x01\x01\x00\x11\x00"
  "\x0c\x08\x39\x01\x01\x00\x04\x00\x0c\x09\x39\x01\x01\x00\x00\x00\x0c\x00\x39\x02"
  "\x00\x00\x37\x00\x0c\x01\x39\x02\x00\x00\x11\x00\x0c\x02\x39\x02\x00\x00\x11\x00"
  "\x0c\x03\x39\x02\x00\x00\x11\x00\x0c\x04\x39\x02\x00\x00\x11\x00\x0c\x05\x39\x02"
  "\x00\x00\x11\x00\x0c\x06\x39\x02\x00\x00\x11\x00\x0c\x07\x39\x02\x00\x00\x11\x00"
  "\x0c\x08\x39\x02\x00\x00\x04\x00\x0c\x09\x39\x02\x00\x00\x00\x00\x0c\x00\x39\x02"
  "\x01\x00\x37\x00\x0c\x01\x39\x02\x01\x00\x11\x00\x0c\x02\x39\x02\x01\x00\x11\x00"
  "\x0c\x03\x39\x02\x01\x00\x11\x00\x0c\x04\x39\x02\x01\x00\x11\x00\x0c\x05\x39\x02"
  "\x01\x00\x11\x00\x0c\x06\x39\x02\x01\x00\x11\x00\x0c\x07\x39\x02\x01\x00\x11\x00"
  "\x0c\x08\x39\x02\x01\x00\x04\x00\x0c\x09\x39\x02\x01\x00\x00\x00\x0c\x00\x3a\x00"
  "\x00\x00\x37\x00\x0c\x01\x3a\x00\x00\x00\x11\x00\x0c\x02\x3a\x00\x00\x00\x11\x00"
  "\x0c\x03\x3a\x00\x00\x00\x11\x00\x0c\x04\x3a\x00\x00\x00\x11\x00\x0c\x05\x3a\x00"
  "\x00\x00\x11\x00\x0c\x06\x3a\x00\x00\x00\x11\x00\x0c\x07\x3a\x00\x00\x00\x11\x00"
  "\x0c\x08\x3a\x00\x00\x00\x04\x00\x0c\x09\x3a\x00\x00\x00\x00\x00\x0c\x00\x3a\x00"
  "\x01\x00\x37\x00\x0c\x01\x3a\x00\x01\x00\x11\x00\x0c\x02\x3a\x00\x01\x00\x11\x00"
  "\x0c\x03\x3a\x00\x01\x00\x11\x00\x0c\x04\x3a\x00\x01\x00\x11\x00\x0c\x05\x3a\x00"
  "\x01\x00\x11\x00\x0c\x06\x3a\x00\x01\x00\x11\x00\x0c\x07\x3a\x00\x01\x00\x11\x00"
  "\x0c\x08\x3a\x00\x01\x00\x04\x00\x0c\x09\x3a\x00\x01\x00\x00\x00\x0c\x00\x3a\x01"
  "\x00\x00\x37\x00\x0c\x01\x3a\x01\x00\x00\x11\x00\x0c\x02\x3a\x01\x00\x00\x11\x00"
  "\x0c\x03\x3a\x01\x00\x00\x11\x00\x0c\x04\x3a\x01\x00\x00\x11\x00\x0c\x05\x3a\x01"
  "\x00\x00\x11\x00\x0c\x06\x3a\x01\x00\x00\x11\x00\x0c\x07\x3a\x01\x00\x00\x11\x00"
  "\x0c\x08\x3a\x01\x00\x00\x04\x00\x0c\x09\x3a\x01\x00\x00\x00\x00\x0c\x00\x3a\x01"
  "\x01\x00\x37\x00\x0c\x01\x3a\x01\x01\x00\x11\x00\x0c\x02\x3a\x01\x01\x00\x11\x00"
  "\x0c\x03\x3a\x01\x01\x00\x11\x00\x0c\x04\x3a\x01\x01\x00\x11\x00\x0c\x05\x3a\x01"
  "\x01\x00\x11\x00\x0c\x06\x3a\x01\x01\x00\x11\x00\x0c\x07\x3a\x01\x01\x00\x11\x00"
  "\x0c\x08\x3a\x01\x01\x00\x04\x00\x0c\x09\x3a\x01\x01\x00\x00\x00\x0c\x00\x3a\x02"
  "\x00\x00\x37\x00\x0c\x01\x3a\x02\x00\x00\x11\x00\x0c\x02\x3a\x02\x00\x00\x11\x00"
  "\x0c\x03\x3a\x02\x00\x00\x11\x00\x0c\x04\x3a\x02\x00\x00\x11\x00\x0c\x05\x3a\x02"
  "\x00\x00\x11\x00\x0c\x06\x3a\x02\x00\x00\x11\x00\x0c\x07\x3a\x02\x00\x00\x11\x00"
  "\x0c\x08\x3a\x02\x00\x00\x04\x00\x0c\x09\x3a\x02\x00\x00\x00\x00\x0c\x00\x3a\x02"
  "\x01\x00\x37\x00\x0c\x01\x3a\x02\x01\x00\x11\x00\x0c\x02\x3a\x02\x01\x00\x11\x00"
  "\x0c\x03\x3a\x02\x01\x00\x11\x00\x0c\x04\x3a\x02\x01\x00\x11\x00\x0c\x05\x3a\x02"
  "\x01\x00\x11\x00\x0c\x06\x3a\x02\x01\x00\x11\x00\x0c\x07\x3a\x02\x01\x00\x11\x00"
  "\x0c\x08\x3a\x02\x01\x00\x04\x00\x0c\x09\x3a\x02\x01\x00\x00\x00\x0c\x00\x3b\x00"
  "\x00\x00\x37\x00\x0c\x01\x3b\x00\x00\x00\x11\x00\x0c\x02\x3b\x00\x00\x00\x11\x00"
  "\x0c\x03\x3b\x00\x00\x00\x11\x00\x0c\x04\x3b\x00\x00\x00\x11\x00\x0c\x05\x3b\x00"
  "\x00\x00\x11\x00\x0c\x06\x3b\x00\x00\x00\x11\x00\x0c\x07\x3b\x00\x00\x00\x11\x00"
  "\x0c\x08\x3b\x00\x00\x00\x04\x00\x0c\x09\x3b\x00\x00\x00\x00\x00\x0c\x00\x3b\x00"
  "\x01\x00\x37\x00\x0c\x01\x3b\x00\x01\x00\x11\x00\x0c\x02\x3b\x00\x01\x00\x11\x00"
  "\x0c\x03\x3b\x00\x01\x00\x11\x00\x0c\x04\x3b\x00\x01\x00\x11\x00\x0c\x05\x3b\x00"
  "\x01\x00\x11\x00\x0c\x06\x3b\x00\x01\x00\x11\x00\x0c\x07\x3b\x00\x01\x00\x11\x00"
  "\x0c\x08\x3b\x00\x01\x00\x04\x00\x0c\x09\x3b\x00\x01\x00\x00\x00\x0c\x00\x3b\x01"
  "\x00\x00\x37\x00\x0c\x01\x3b\x01\x00\x00\x11\x00\x0c\x02\x3b\x01\x00\x00\x11\x00"
  "\x0c\x03\x3b\x01\x00\x00\x11\x00\x0c\x04\x3b\x01\x00\x00\x11\x00\x0c\x05\x3b\x01"
  "\x00\x00\x11\x00\x0c\x06\x3b\x01\x00\x00\x11\x00\x0c\x07\x3b\x01\x00\x00\x11\x00"
  "\x0c\x08\x3b\x01\x00\x00\x04\x00\x0c\x09\x3b\x01\x00\x00\x00\x00\x0c\x00\x3b\x01"
  "\x01\x00\x37\x00\x0c\x01\x3b\x01\x01\x00\x11\x00\x0c\x02\x3b\x01\x01\x00\x11\x00"
  "\x0c\x03\x3b\x01\x01\x00\x11\x00\x0c\x04\x3b\x01\x01\x00\x11\x00\x0c\x05\x3b\x01"
  "\x01\x00\x11\x00\x0c\x06\x3b\x01\x01\x00\x11\x00\x0c\x07\x3b\x01\x01\x00\x11\x00"
  "\x0c\x08\x3b\x01\x01\x00\x04\x00\x0c\x09\x3b\x01\x01\x00\x00\x00\x0c\x00\x3b\x02"
  "\x00\x00\x37\x00\x0c\x01\x3b\x02\x00\x00\x11\x00\x0c\x02\x3b\x02\x00\x00\x11\x00"
  "\x0c\x03\x3b\x02\x00\x00\x11\x00\x0c\x04\x3b\x02\x00\x00\x11\x00\x0c\x05\x3b\x02"
  "\x00\x00\x11\x00\x0c\x06\x3b\x02\x00\x00\x11\x00\x0c\x07\x3b\x02\x00\x00\x11\x00"
  "\x0c\x08\x3b\x02\x00\x00\x04\x00\x0c\x09\x3b\x02\x00\x00\x00\x00\x0c\x00\x3b\x02"
  "\x01\x00\x37\x00\x0c\x01\x3b\x02\x01\x00\x11\x00\x0c\x02\x3b\x02\x01\x00\x11\x00"
  "\x0c\x03\x3b\x02\x01\x00\x11\x00\x0c\x04\x3b\x02\x01\x00\x11\x00\x0c\x05\x3b\x02"
  "\x01\x00\x11\x00\x0c\x06\x3b\x02\x01\x00\x11\x00\x0c\x07\x3b\x02\x01\x00\x11\x00"
  "\x0c\x08\x3b\x02\x01\x00\x04\x00\x0c\x09\x3b\x02\x01\x00\x00\x00\x0c\x00\x3c\x00"
  "\x00\x00\x37\x00\x0c\x01\x3c\x00\x00\x00\x11\x00\x0c\x02\x3c\x00\x00\x00\x11\x00"
  "\x0c\x03\x3c\x00\x00\x00\x11\x00\x0c\x04\x3c\x00\x00\x00\x11\x00\x0c\x05\x3c\x00"
  "\x00\x00\x11\x00\x0c\x06\x3c\x00\x00\x00\x11\x00\x0c\x07\x3c\x00\x00\x00\x11\x00"
  "\x0c\x08\x3c\x00\x00\x00\x04\x00\x0c\x09\x3c\x00\x00\x00\x00\x00\x0c\x00\x3c\x00"
  "\x01\x00\x37\x00\x0c\x01\x3c\x00\x01\x00\x11\x00\x0c\x02\x3c\x00\x01\x00\x11\x00"
  "\x0c\x03\x3c\x00\x01\x00\x11\x00\x0c\x04\x3c\x00\x01\x00\x11\x00\x0c\x05\x3c\x00"
  "\x01\x00\x11\x00\x0c\x06\x3c\x00\x01\x00\x11\x00\x0c\x07\x3c\x00\x01\x00\x11\x00"
  "\x0c\x08\x3c\x00\x01\x00\x04\x00\x0c\x09\x3c\x00\x01\x00\x00\x00\x0c\x00\x3c\x01"
  "\x00\x00\x37\x00\x0c\x01\x3c\x01\x00\x00\x11\x00\x0c\x02\x3c\x01\x00\x00\x11\x00"
  "\x0c\x03\x3c\x01\x00\x00\x11\x00\x0c\x04\x3c\x01\x00\x00\x11\x00\x0c\x05\x3c\x01"
  "\x00\x00\x11\x00\x0c\x06\x3c\x01\x00\x00\x11\x00\x0c\x07\x3c\x01\x00\x00\x11\x00"
  "\x0c\x08\x3c\x01\x00\x00\x04\x00\x0c\x09\x3c\x01\x00\x00\x00\x00\x0c\x00\x3c\x01"
  "\x01\x00\x37\x00\x0c\x01\x3c\x01\x01\x00\x11\x00\x0c\x02\x3c\x01\x01\x00\x11\x00"
  "\x0c\x03\x3c\x01\x01\x00\x11\x00\x0c\x04\x3c\x01\x01\x00\x11\x00\x0c\x05\x3c\x01"
  "\x01\x00\x11\x00\x0c\x06\x3c\x01\x01\x00\x11\x00\x0c\x07\x3c\x01\x01\x00\x11\x00"
  "\x0c\x08\x3c\x01\x01\x00\x04\x00\x0c\x09\x3c\x01\x01\x00\x00\x00\x0c\x00\x3c\x02"
  "\x00\x00\x37\x00\x0c\x01\x3c\x02\x00\x00\x11\x00\x0c\x02\x3c\x02\x00\x00\x11\x00"
  "\x0c\x03\x3c\x02\x00\x00\x11\x00\x0c\x04\x3c\x02\x00\x00\x11\x00\x0c\x05\x3c\x02"
  "\x00\x00\x11\x00\x0c\x06\x3c\x02\x00\x00\x11\x00\x0c\x07\x3c\x02\x00\x00\x11\x00"
  "\x0c\x08\x3c\x02\x00\x00\x04\x00\x0c\x09\x3c\x02\x00\x00\x00\x00\x0c\x00\x3c\x02"
  "\x01\x00\x37\x00\x0c\x01\x3c\x02\x01\x00\x11\x00\x0c\x02\x3c\x02\x01\x00\x11\x00"
  "\x0c\x03\x3c\x02\x01\x00\x11\x00\x0c\x04\x3c\x02\x01\x00\x11\x00\x0c\x05\x3c\x02"
  "\x01\x00\x11\x00\x0c\x06\x3c\x02\x01\x00\x11\x00\x0c\x07\x3c\x02\x01\x00\x11\x00"
  "\x0c\x08\x3c\x02\x01\x00\x04\x00\x0c\x09\x3c\x02\x01\x00\x00\x00\x0c\x00\x3d\x00"
  "\x00\x00\x37\x00\x0c\x01\x3d\x00\x00\x00\x11\x00\x0c\x02\x3d\x00\x00\x00\x11\x00"
  "\x0c\x03\x3d\x00\x00\x00\x11\x00\x0c\x04\x3d\x00\x00\x00\x11\x00\x0c\x05\x3d\x00"
  "\x00\x00\x11\x00\x0c\x06\x3d\x00\x00\x00\x11\x00\x0c\x07\x3d\x00\x00\x00\x11\x00"
  "\x0c\x08\x3d\x00\x00\x00\x04\x00\x0c\x09\x3d\x00\x00\x00\x00\x00\x0c\x00\x3d\x00"
  "\x01\x00\x37\x00\x0c\x01\x3d\x00\x01\x00\x11\x00\x0c\x02\x3d\x00\x01\x00\x11\x00"
  "\x0c\x03\x3d\x00\x01\x00\x11\x00\x0c\x04\x3d\x00\x01\x00\x11\x00\x0c\x05\x3d\x00"
  "\x01\x00\x11\x00\x0c\x06\x3d\x00\x01\x00\x11\x00\x0c\x07\x3d\x00\x01\x00\x11\x00"
  "\x0c\x08\x3d\x00\x01\x00\x04\x00\x0c\x09\x3d\x00\x01\x00\x00\x00\x0c\x00\x3d\x01"
  "\x00\x00\x37\x00\x0c\x01\x3d\x01\x00\x00\x11\x00\x0c\x02\x3d\x01\x00\x00\x11\x00"
  "\x0c\x03\x3d\x01\x00\x00\x11\x00\x0c\x04\x3d\x01\x00\x00\x11\x00\x0c\x05\x3d\x01"
  "\x00\x00\x11\x00\x0c\x06\x3d\x01\x00\x00\x11\x00\x0c\x07\x3d\x01\x00\x00\x11\x00"
  "\x0c\x08\x3d\x01\x00\x00\x04\x00\x0c\x09\x3d\x01\x00\x00\x00\x00\x0c\x00\x3d\x01"
  "\x01\x00\x37\x00\x0c\x01\x3d\x01\x01\x00\x11\x00\x0c\x02\x3d\x01\x01\x00\x11\x00"
  "\x0c\x03\x3d\x01\x01\x00\x11\x00\x0c\x04\x3d\x01\x01\x00\x11\x00\x0c\x05\x3d\x01"
  "\x01\x00\x11\x00\x0c\x06\x3d\x01\x01\x00\x11\x00\x0c\x07\x3d\x01\x01\x00\x11\x00"
  "\x0c\x08\x3d\x01\x01\x00\x04\x00\x0c\x09\x3d\x01\x01\x00\x00\x00\x0c\x00\x3d\x02"
  "\x00\x00\x37\x00\x0c\x01\x3d\x02\x00\x00\x11\x00\x0c\x02\x3d\x02\x00\x00\x11\x00"
  "\x0c\x03\x3d\x02\x00\x00\x11\x00\x0c\x04\x3d\x02\x00\x00\x11\x00\x0c\x05\x3d\x02"
  "\x00\x00\x11\x00\x0c\x06\x3d\x02\x00\x00\x11\x00\x0c\x07\x3d\x02\x00\x00\x11\x00"
  "\x0c\x08\x3d\x02\x00\x00\x04\x00\x0c\x09\x3d\x02\x00\x00\x00\x00\x0c\x00\x3d\x02"
  "\x01\x00\x37\x00\x0c\x01\x3d\x02\x01\x00\x11\x00\x0c\x02\x3d\x02\x01\x00\x11\x00"
  "\x0c\x03\x3d\x02\x01\x00\x11\x00\x0c\x04\x3d\x02\x01\x00\x11\x00\x0c\x05\x3d\x02"
  "\x01\x00\x11\x00\x0c\x06\x3d\x02\x01\x00\x11\x00\x0c\x07\x3d\x02\x01\x00\x11\x00"
  "\x0c\x08\x3d\x02\x01\x00\x04\x00\x0c\x09\x3d\x02\x01\x00\x00\x00\x0c\x00\x3e\x00"
  "\x00\x00\x37\x00\x0c\x01\x3e\x00\x00\x00\x11\x00\x0c\x02\x3e\x00\x00\x00\x11\x00"
  "\x0c\x03\x3e\x00\x00\x00\x11\x00\x0c\x04\x3e\x00\x00\x00\x11\x00\x0c\x05\x3e\x00"
  "\x00\x00\x11\x00\x0c\x06\x3e\x00\x00\x00\x11\x00\x0c\x07\x3e\x00\x00\x00\x11\x00"
  "\x0c\x08\x3e\x00\x00\x00\x04\x00\x0c\x09\x3e\x00\x00\x00\x00\x00\x0c\x00\x3e\x00"
  "\x01\x00\x37\x00\x0c\x01\x3e\x00\x01\x00\x11\x00\x0c\x02\x3e\x00\x01\x00\x11\x00"
  "\x0c\x03\x3e\x00\x01\x00\x11\x00\x0c\x04\x3e\x00\x01\x00\x11\x00\x0c\x05\x3e\x00"
  "\x01\x00\x11\x00\x0c\x06\x3e\x00\x01\x00\x11\x00\x0c\x07\x3e\x00\x01\x00\x11\x00"
  "\x0c\x08\x3e\x00\x01\x00\x04\x00\x0c\x09\x3e\x00\x01\x00\x00\x00\x0c\x00\x3e\x01"
  "\x00\x00\x37\x00\x0c\x01\x3e\x01\x00\x00\x11\x00\x0c\x02\x3e\x01\x00\x00\x11\x00"
  "\x0c\x03\x3e\x01\x00\x00\x11\x00\x0c\x04\x3e\x01\x00\x00\x11\x00\x0c\x05\x3e\x01"
  "\x00\x00\x11\x00\x0c\x06\x3e\x01\x00\x00\x11\x00\x0c\x07\x3e\x01\x00\x00\x11\x00"
  "\x0c\x08\x3e\x01\x00\x00\x04\x00\x0c\x09\x3e\x01\x00\x00\x00\x00\x0c\x00\x3e\x01"
  "\x01\x00\x37\x00\x0c\x01\x3e\x01\x01\x00\x11\x00\x0c\x02\x3e\x01\x01\x00\x11\x00"
  "\x0c\x03\x3e\x01\x01\x00\x11\x00\x0c\x04\x3e\x01\x01\x00\x11\x00\x0c\x05\x3e\x01"
  "\x01\x00\x11\x00\x0c\x06\x3e\x01\x01\x00\x11\x00\x0c\x07\x3e\x01\x01\x00\x11\x00"
  "\x0c\x08\x3e\x01\x01\x00\x04\x00\x0c\x09\x3e\x01\x01\x00\x00\x00\x0c\x00\x3e\x02"
  "\x00\x00\x37\x00\x0c\x01\x3e\x02\x00\x00\x11\x00\x0c\x02\x3e\x02\x00\x00\x11\x00"
  "\x0c\x03\x3e\x02\x00\x00\x11\x00\x0c\x04\x3e\x02\x00\x00\x11\x00\x0c\x05\x3e\x02"
  "\x00\x00\x11\x00\x0c\x06\x3e\x02\x00\x00\x11\x00\x0c\x07\x3e\x02\x00\x00\x11\x00"
  "\x0c\x08\x3e\x02\x00\x00\x04\x00\x0c\x09\x3e\x02\x00\x00\x00\x00\x0c\x00\x3e\x02"
  "\x01\x00\x37\x00\x0c\x01\x3e\x02\x01\x00\x11\x00\x0c\x02\x3e\x02\x01\x00\x11\x00"
  "\x0c\x03\x3e\x02\x01\x00\x11\x00\x0c\x04\x3e\x02\x01\x00\x11\x00\x0c\x05\x3e\x02"
  "\x01\x00\x11\x00\x0c\x06\x3e\x02\x01\x00\x11\x00\x0c\x07\x3e\x02\x01\x00\x11\x00"
  "\x0c\x08\x3e\x02\x01\x00\x04\x00\x0c\x09\x3e\x02\x01\x00\x00\x00\x0c\x00\x3f\x00"
  "\x00\x00\x37\x00\x0c\x01\x3f\x00\x00\x00\x11\x00\x0c\x02\x3f\x00\x00\x00\x11\x00"
  "\x0c\x03\x3f\x00\x00\x00\x11\x00\x0c\x04\x3f\x00\x00\x00\x11\x00\x0c\x05\x3f\x00"
  "\x00\x00\x11\x00\x0c\x06\x3f\x00\x00\x00\x11\x00\x0c\x07\x3f\x00\x00\x00\x11\x00"
  "\x0c\x08\x3f\x00\x00\x00\x04\x00\x0c\x09\x3f\x00\x00\x00\x00\x00\x0c\x00\x3f\x00"
  "\x01\x00\x37\x00\x0c\x01\x3f\x00\x01\x00\x11\x00\x0c\x02\x3f\x00\x01\x00\x11\x00"
  "\x0c\x03\x3f\x00\x01\x00\x11\x00\x0c\x04\x3f\x00\x01\x00\x11\x00\x0c\x05\x3f\x00"
  "\x01\x00\x11\x00\x0c\x06\x3f\x00\x01\x00\x11\x00\x0c\x07\x3f\x00\x01\x00\x11\x00"
  "\x0c\x08\x3f\x00\x01\x00\x04\x00\x0c\x09\x3f\x00\x01\x00\x00\x00\x0c\x00\x3f\x01"
  "\x00\x00\x37\x00\x0c\x01\x3f\x01\x00\x00\x11\x00\x0c\x02\x3f\x01\x00\x00\x11\x00"
  "\x0c\x03\x3f\x01\x00\x00\x11\x00\x0c\x04\x3f\x01\x00\x00\x11\x00\x0c\x05\x3f\x01"
  "\x00\x00\x11\x00\x0c\x06\x3f\x01\x00\x00\x11\x00\x0c\x07\x3f\x01\x00\x00\x11\x00"
  "\x0c\x08\x3f\x01\x00\x00\x04\x00\x0c\x09\x3f\x01\x00\x00\x00\x00\x0c\x00\x3f\x01"
  "\x01\x00\x37\x00\x0c\x01\x3f\x01\x01\x00\x11\x00\x0c\x02\x3f\x01\x01\x00\x11\x00"
  "\x0c\x03\x3f\x01\x01\x00\x11\x00\x0c\x04\x3f\x01\x01\x00\x11\x00\x0c\x05\x3f\x01"
  "\x01\x00\x11\x00\x0c\x06\x3f\x01\x01\x00\x11\x00\x0c\x07\x3f\x01\x01\x00\x11\x00"
  "\x0c\x08\x3f\x01\x01\x00\x04\x00\x0c\x09\x3f\x01\x01\x00\x00\x00\x0c\x00\x3f\x02"
  "\x00\x00\x37\x00\x0c\x01\x3f\x02\x00\x00\x11\x00\x0c\x02\x3f\x02\x00\x00\x11\x00"
  "\x0c\x03\x3f\x02\x00\x00\x11\x00\x0c\x04\x3f\x02\x00\x00\x11\x00\x0c\x05\x3f\x02"
  "\x00\x00\x11\x00\x0c\x06\x3f\x02\x00\x00\x11\x00\x0c\x07\x3f\x02\x00\x00\x11\x00"
  "\x0c\x08\x3f\x02\x00\x00\x04\x00\x0c\x09\x3f\x02\x00\x00\x00\x00\x0c\x00\x3f\x02"
  "\x01\x00\x37\x00\x0c\x01\x3f\x02\x01\x00\x11\x00\x0c\x02\x3f\x02\x01\x00\x11\x00"
  "\x0c\x03\x3f\x02\x01\x00\x11\x00\x0c\x04\x3f\x02\x01\x00\x11\x00\x0c\x05\x3f\x02"
  "\x01\x00\x11\x00\x0c\x06\x3f\x02\x01\x00\x11\x00\x0c\x07\x3f\x02\x01\x00\x11\x00"
  "\x0c\x08\x3f\x02\x01\x00\x04\x00\x0c\x09\x3f\x02\x01\x00\x00\x00\x0c\x00\x40\x00"
  "\x00\x00\x37\x00\x0c\x01\x40\x00\x00\x00\x11\x00\x0c\x02\x40\x00\x00\x00\x11\x00"
  "\x0c\x03\x40\x00\x00\x00\x11\x00\x0c\x04\x40\x00\x00\x00\x11\x00\x0c\x05\x40\x00"
  "\x00\x00\x11\x00\x0c\x06\x40\x00\x00\x00\x11\x00\x0c\x07\x40\x00\x00\x00\x11\x00"
  "\x0c\x08\x40\x00\x00\x00\x04\x00\x0c\x09\x40\x00\x00\x00\x00\x00\x0c\x00\x40\x00"
  "\x01\x00\x37\x00\x0c\x01\x40\x00\x01\x00\x11\x00\x0c\x02\x40\x00\x01\x00\x11\x00"
  "\x0c\x03\x40\x00\x01\x00\x11\x00\x0c\x04\x40\x00\x01\x00\x11\x00\x0c\x05\x40\x00"
  "\x01\x00\x11\x00\x0c\x06\x40\x00\x01\x00\x11\x00\x0c\x07\x40\x00\x01\x00\x11\x00"
  "\x0c\x08\x40\x00\x01\x00\x04\x00\x0c\x09\x40\x00\x01\x00\x00\x00\x0c\x00\x40\x01"
  "\x00\x00\x37\x00\x0c\x01\x40\x01\x00\x00\x11\x00\x0c\x02\x40\x01\x00\x00\x11\x00"
  "\x0c\x03\x40\x01\x00\x00\x11\x00\x0c\x04\x40\x01\x00\x00\x11\x00\x0c\x05\x40\x01"
  "\x00\x00\x11\x00\x0c\x06\x40\x01\x00\x00\x11\x00\x0c\x07\x40\x01\x00\x00\x11\x00"
  "\x0c\x08\x40\x01\x00\x00\x04\x00\x0c\x09\x40\x01\x00\x00\x00\x00\x0c\x00\x40\x01"
  "\x01\x00\x37\x00\x0c\x01\x40\x01\x01\x00\x11\x00\x0c\x02\x40\x01\x01\x00\x11\x00"
  "\x0c\x03\x40\x01\x01\x00\x11\x00\x0c\x04\x40\x01\x01\x00\x11\x00\x0c\x05\x40\x01"
  "\x01\x00\x11\x00\x0c\x06\x40\x01\x01\x00\x11\x00\x0c\x07\x40\x01\x01\x00\x11\x00"
  "\x0c\x08\x40\x01\x01\x00\x04\x00\x0c\x09\x40\x01\x01\x00\x00\x00\x0c\x00\x40\x02"
  "\x00\x00\x37\x00\x0c\x01\x40\x02\x00\x00\x11\x00\x0c\x02\x40\x02\x00\x00\x11\x00"
  "\x0c\x03\x40\x02\x00\x00\x11\x00\x0c\x04\x40\x02\x00\x00\x11\x00\x0c\x05\x40\x02"
  "\x00\x00\x11\x00\x0c\x06\x40\x02\x00\x00\x11\x00\x0c\x07\x40\x02\x00\x00\x11\x00"
  "\x0c\x08\x40\x02\x00\x00\x04\x00\x0c\x09\x40\x02\x00\x00\x00\x00\x0c\x00\x40\x02"
  "\x01\x00\x37\x00\x0c\x01\x40\x02\x01\x00\x11\x00\x0c\x02\x40\x02\x01\x00\x11\x00"
  "\x0c\x03\x40\x02\x01\x00\x11\x00\x0c\x04\x40\x02\x01\x00\x11\x00\x0c\x05\x40\x02"
  "\x01\x00\x11\x00\x0c\x06\x40\x02\x01\x00\x11\x00\x0c\x07\x40\x02\x01\x00\x11\x00"
  "\x0c\x08\x40\x02\x01\x00\x04\x00\x0c\x09\x40\x02\x01\x00\x00\x00\x0c\x00\x41\x00"
  "\x00\x00\x37\x00\x0c\x01\x41\x00\x00\x00\x11\x00\x0c\x02\x41\x00\x00\x00\x11\x00"
  "\x0c\x03\x41\x00\x00\x00\x11\x00\x0c\x04\x41\x00\x00\x00\x11\x00\x0c\x05\x41\x00"
  "\x00\x00\x11\x00\x0c\x06\x41\x00\x00\x00\x11\x00\x0c\x07\x41\x00\x00\x00\x11\x00"
  "\x0c\x08\x41\x00\x00\x00\x04\x00\x0c\x09\x41\x00\x00\x00\x00\x00\x0c\x00\x41\x00"
  "\x01\x00\x37\x00\x0c\x01\x41\x00\x01\x00\x11\x00\x0c\x02\x41\x00\x01\x00\x11\x00"
  "\x0c\x03\x41\x00\x01\x00\x11\x00\x0c\x04\x41\x00\x01\x00\x11\x00\x0c\x05\x41\x00"
  "\x01\x00\x11\x00\x0c\x06\x41\x00\x01\x00\x11\x00\x0c\x07\x41\x00\x01\x00\x11\x00"
  "\x0c\x08\x41\x00\x01\x00\x04\x00\x0c\x09\x41\x00\x01\x00\x00\x00\x0c\x00\x41\x01"
  "\x00\x00\x37\x00\x0c\x01\x41\x01\x00\x00\x11\x00\x0c\x02\x41\x01\x00\x00\x11\x00"
  "\x0c\x03\x41\x01\x00\x00\x11\x00\x0c\x04\x41\x01\x00\x00\x11\x00\x0c\x05\x41\x01"
  "\x00\x00\x11\x00\x0c\x06\x41\x01\x00\x00\x11\x00\x0c\x07\x41\x01\x00\x00\x11\x00"
  "\x0c\x08\x41\x01\x00\x00\x04\x00\x0c\x09\x41\x01\x00\x00\x00\x00\x0c\x00\x41\x01"
  "\x01\x00\x37\x00\x0c\x01\x41\x01\x01\x00\x11\x00\x0c\x02\x41\x01\x01\x00\x11\x00"
  "\x0c\x03\x41\x01\x01\x00\x11\x00\x0c\x04\x41\x01\x01\x00\x11\x00\x0c\x05\x41\x01"
  "\x01\x00\x11\x00\x0c\x06\x41\x01\x01\x00\x11\x00\x0c\x07\x41\x01\x01\x00\x11\x00"
  "\x0c\x08\x41\x01\x01\x00\x04\x00\x0c\x09\x41\x01\x01\x00\x00\x00\x0c\x00\x41\x02"
  "\x00\x00\x37\x00\x0c\x01\x41\x02\x00\x00\x11\x00\x0c\x02\x41\x02\x00\x00\x11\x00"
  "\x0c\x03\x41\x02\x00\x00\x11\x00\x0c\x04\x41\x02\x00\x00\x11\x00\x0c\x05\x41\x02"
  "\x00\x00\x11\x00\x0c\x06\x41\x02\x00\x00\x11\x00\x0c\x07\x41\x02\x00\x00\x11\x00"
  "\x0c\x08\x41\x02\x00\x00\x04\x00\x0c\x09\x41\x02\x00\x00\x00\x00\x0c\x00\x41\x02"
  "\x01\x00\x37\x00\x0c\x01\x41\x02\x01\x00\x11\x00\x0c\x02\x41\x02\x01\x00\x11\x00"
  "\x0c\x03\x41\x02\x01\x00\x11\x00\x0c\x04\x41\x02\x01\x00\x11\x00\x0c\x05\x41\x02"
  "\x01\x00\x11\x00\x0c\x06\x41\x02\x01\x00\x11\x00\x0c\x07\x41\x02\x01\x00\x11\x00"
  "\x0c\x08\x41\x02\x01\x00\x04\x00\x0c\x09\x41\x02\x01\x00\x00\x00\x0c\x00\x42\x00"
  "\x00\x00\x37\x00\x0c\x01\x42\x00\x00\x00\x11\x00\x0c\x02\x42\x00\x00\x00\x11\x00"
  "\x0c\x03\x42\x00\x00\x00\x11\x00\x0c\x04\x42\x00\x00\x00\x11\x00\x0c\x05\x42\x00"
  "\x00\x00\x11\x00\x0c\x06\x42\x00\x00\x00\x11\x00\x0c\x07\x42\x00\x00\x00\x11\x00"
  "\x0c\x08\x42\x00\x00\x00\x04\x00\x0c\x09\x42\x00\x00\x00\x00\x00\x0c\x00\x42\x00"
  "\x01\x00\x37\x00\x0c\x01\x42\x00\x01\x00\x11\x00\x0c\x02\x42\x00\x01\x00\x11\x00"
  "\x0c\x03\x42\x00\x01\x00\x11\x00\x0c\x04\x42\x00\x01\x00\x11\x00\x0c\x05\x42\x00"
  "\x01\x00\x11\x00\x0c\x06\x42\x00\x01\x00\x11\x00\x0c\x07\x42\x00\x01\x00\x11\x00"
  "\x0c\x08\x42\x00\x01\x00\x04\x00\x0c\x09\x42\x00\x01\x00\x00\x00\x0c\x00\x42\x01"
  "\x00\x00\x37\x00\x0c\x01\x42\x01\x00\x00\x11\x00\x0c\x02\x42\x01\x00\x00\x11\x00"
  "\x0c\x03\x42\x01\x00\x00\x11\x00\x0c\x04\x42\x01\x00\x00\x11\x00\x0c\x05\x42\x01"
  "\x00\x00\x11\x00\x0c\x06\x42\x01\x00\x00\x11\x00\x0c\x07\x42\x01\x00\x00\x11\x00"
  "\x0c\x08\x42\x01\x00\x00\x04\x00\x0c\x09\x42\x01\x00\x00\x00\x00\x0c\x00\x42\x01"
  "\x01\x00\x37\x00\x0c\x01\x42\x01\x01\x00\x11\x00\x0c\x02\x42\x01\x01\x00\x11\x00"
  "\x0c\x03\x42\x01\x01\x00\x11\x00\x0c\x04\x42\x01\x01\x00\x11\x00\x0c\x05\x42\x01"
  "\x01\x00\x11\x00\x0c\x06\x42\x01\x01\x00\x11\x00\x0c\x07\x42\x01\x01\x00\x11\x00"
  "\x0c\x08\x42\x01\x01\x00\x04\x00\x0c\x09\x42\x01\x01\x00\x00\x00\x0c\x00\x42\x02"
  "\x00\x00\x37\x00\x0c\x01\x42\x02\x00\x00\x11\x00\x0c\x02\x42\x02\x00\x00\x11\x00"
  "\x0c\x03\x42\x02\x00\x00\x11\x00\x0c\x04\x42\x02\x00\x00\x11\x00\x0c\x05\x42\x02"
  "\x00\x00\x11\x00\x0c\x06\x42\x02\x00\x00\x11\x00\x0c\x07\x42\x02\x00\x00\x11\x00"
  "\x0c\x08\x42\x02\x00\x00\x04\x00\x0c\x09\x42\x02\x00\x00\x00\x00\x0c\x00\x42\x02"
  "\x01\x00\x37\x00\x0c\x01\x42\x02\x01\x00\x11\x00\x0c\x02\x42\x02\x01\x00\x11\x00"
  "\x0c\x03\x42\x02\x01\x00\x11\x00\x0c\x04\x42\x02\x01\x00\x11\x00\x0c\x05\x42\x02"
  "\x01\x00\x11\x00\x0c\x06\x42\x02\x01\x00\x11\x00\x0c\x07\x42\x02\x01\x00\x11\x00"
  "\x0c\x08\x42\x02\x01\x00\x04\x00\x0c\x09\x42\x02\x01\x00\x00\x00\x0c\x00\x43\x00"
  "\x00\x00\x37\x00\x0c\x01\x43\x00\x00\x00\x11\x00\x0c\x02\x43\x00\x00\x00\x11\x00"
  "\x0c\x03\x43\x00\x00\x00\x11\x00\x0c\x04\x43\x00\x00\x00\x11\x00\x0c\x05\x43\x00"
  "\x00\x00\x11\x00\x0c\x06\x43\x00\x00\x00\x11\x00\x0c\x07\x43\x00\x00\x00\x11\x00"
  "\x0c\x08\x43\x00\x00\x00\x04\x00\x0c\x09\x43\x00\x00\x00\x00\x00\x0c\x00\x43\x00"
  "\x01\x00\x37\x00\x0c\x01\x43\x00\x01\x00\x11\x00\x0c\x02\x43\x00\x01\x00\x11\x00"
  "\x0c\x03\x43\x00\x01\x00\x11\x00\x0c\x04\x43\x00\x01\x00\x11\x00\x0c\x05\x43\x00"
  "\x01\x00\x11\x00\x0c\x06\x43\x00\x01\x00\x11\x00\x0c\x07\x43\x00\x01\x00\x11\x00"
  "\x0c\x08\x43\x00\x01\x00\x04\x00\x0c\x09\x43\x00\x01\x00\x00\x00\x0c\x00\x43\x01"
  "\x00\x00\x37\x00\x0c\x01\x43\x01\x00\x00\x11\x00\x0c\x02\x43\x01\x00\x00\x11\x00"
  "\x0c\x03\x43\x01\x00\x00\x11\x00\x0c\x04\x43\x01\x00\x00\x11\x00\x0c\x05\x43\x01"
  "\x00\x00\x11\x00\x0c\x06\x43\x01\x00\x00\x11\x00\x0c\x07\x43\x01\x00\x00\x11\x00"
  "\x0c\x08\x43\x01\x00\x00\x04\x00\x0c\x09\x43\x01\x00\x00\x00\x00\x0c\x00\x43\x01"
  "\x01\x00\x37\x00\x0c\x01\x43\x01\x01\x00\x11\x00\x0c\x02\x43\x01\x01\x00\x11\x00"
  "\x0c\x03\x43\x01\x01\x00\x11\x00\x0c\x04\x43\x01\x01\x00\x11\x00\x0c\x05\x43\x01"
  "\x01\x00\x11\x00\x0c\x06\x43\x01\x01\x00\x11\x00\x0c\x07\x43\x01\x01\x00\x11\x00"
  "\x0c\x08\x43\x01\x01\x00\x04\x00\x0c\x09\x43\x01\x01\x00\x00\x00\x0c\x00\x43\x02"
  "\x00\x00\x37\x00\x0c\x01\x43\x02\x00\x00\x11\x00\x0c\x02\x43\x02\x00\x00\x11\x00"
  "\x0c\x03\x43\x02\x00\x00\x11\x00\x0c\x04\x43\x02\x00\x00\x11\x00\x0c\x05\x43\x02"
  "\x00\x00\x11\x00\x0c\x06\x43\x02\x00\x00\x11\x00\x0c\x07\x43\x02\x00\x00\x11\x00"
  "\x0c\x08\x43\x02\x00\x00\x04\x00\x0c\x09\x43\x02\x00\x00\x00\x00\x0c\x00\x43\x02"
  "\x01\x00\x37\x00\x0c\x01\x43\x02\x01\x00\x11\x00\x0c\x02\x43\x02\x01\x00\x11\x00"
  "\x0c\x03\x43\x02\x01\x00\x11\x00\x0c\x04\x43\x02\x01\x00\x11\x00\x0c\x05\x43\x02"
  "\x01\x00\x11\x00\x0c\x06\x43\x02\x01\x00\x11\x00\x0c\x07\x43\x02\x01\x00\x11\x00"
  "\x0c\x08\x43\x02\x01\x00\x04\x00\x0c\x09\x43\x02\x01\x00\x00\x00\x0c\x00\x44\x00"
  "\x00\x00\x37\x00\x0c\x01\x44\x00\x00\x00\x11\x00\x0c\x02\x44\x00\x00\x00\x11\x00"
  "\x0c\x03\x44\x00\x00\x00\x11\x00\x0c\x04\x44\x00\x00\x00\x11\x00\x0c\x05\x44\x00"
  "\x00\x00\x11\x00\x0c\x06\x44\x00\x00\x00\x11\x00\x0c\x07\x44\x00\x00\x00\x11\x00"
  "\x0c\x08\x44\x00\x00\x00\x04\x00\x0c\x09\x44\x00\x00\x00\x00\x00\x0c\x00\x44\x00"
  "\x01\x00\x37\x00\x0c\x01\x44\x00\x01\x00\x11\x00\x0c\x02\x44\x00\x01\x00\x11\x00"
  "\x0c\x03\x44\x00\x01\x00\x11\x00\x0c\x04\x44\x00\x01\x00\x11\x00\x0c\x05\x44\x00"
  "\x01\x00\x11\x00\x0c\x06\x44\x00\x01\x00\x11\x00\x0c\x07\x44\x00\x01\x00\x11\x00"
  "\x0c\x08\x44\x00\x01\x00\x04\x00\x0c\x09\x44\x00\x01\x00\x00\x00\x0c\x00\x44\x01"
  "\x00\x00\x37\x00\x0c\x01\x44\x01\x00\x00\x11\x00\x0c\x02\x44\x01\x00\x00\x11\x00"
  "\x0c\x03\x44\x01\x00\x00\x11\x00\x0c\x04\x44\x01\x00\x00\x11\x00\x0c\x05\x44\x01"
  "\x00\x00\x11\x00\x0c\x06\x44\x01\x00\x00\x11\x00\x0c\x07\x44\x01\x00\x00\x11\x00"
  "\x0c\x08\x44\x01\x00\x00\x04\x00\x0c\x09\x44\x01\x00\x00\x00\x00\x0c\x00\x44\x01"
  "\x01\x00\x37\x00\x0c\x01\x44\x01\x01\x00\x11\x00\x0c\x02\x44\x01\x01\x00\x11\x00"
  "\x0c\x03\x44\x01\x01\x00\x11\x00\x0c\x04\x44\x01\x01\x00\x11\x00\x0c\x05\x44\x01"
  "\x01\x00\x11\x00\x0c\x06\x44\x01\x01\x00\x11\x00\x0c\x07\x44\x01\x01\x00\x11\x00"
  "\x0c\x08\x44\x01\x01\x00\x04\x00\x0c\x09\x44\x01\x01\x00\x00\x00\x0c\x00\x44\x02"
  "\x00\x00\x37\x00\x0c\x01\x44\x02\x00\x00\x11\x00\x0c\x02\x44\x02\x00\x00\x11\x00"
  "\x0c\x03\x44\x02\x00\x00\x11\x00\x0c\x04\x44\x02\x00\x00\x11\x00\x0c\x05\x44\x02"
  "\x00\x00\x11\x00\x0c\x06\x44\x02\x00\x00\x11\x00\x0c\x07\x44\x02\x00\x00\x11\x00"
  "\x0c\x08\x44\x02\x00\x00\x04\x00\x0c\x09\x44\x02\x00\x00\x00\x00\x0c\x00\x44\x02"
  "\x01\x00\x37\x00\x0c\x01\x44\x02\x01\x00\x11\x00\x0c\x02\x44\x02\x01\x00\x11\x00"
  "\x0c\x03\x44\x02\x01\x00\x11\x00\x0c\x04\x44\x02\x01\x00\x11\x00\x0c\x05\x44\x02"
  "\x01\x00\x11\x00\x0c\x06\x44\x02\x01\x00\x11\x00\x0c\x07\x44\x02\x01\x00\x11\x00"
  "\x0c\x08\x44\x02\x01\x00\x04\x00\x0c\x09\x44\x02\x01\x00\x00\x00\x0c\x00\x45\x00"
  "\x00\x00\x37\x00\x0c\x01\x45\x00\x00\x00\x11\x00\x0c\x02\x45\x00\x00\x00\x11\x00"
  "\x0c\x03\x45\x00\x00\x00\x11\x00\x0c\x04\x45\x00\x00\x00\x11\x00\x0c\x05\x45\x00"
  "\x00\x00\x11\x00\x0c\x06\x45\x00\x00\x00\x11\x00\x0c\x07\x45\x00\x00\x00\x11\x00"
  "\x0c\x08\x45\x00\x00\x00\x04\x00\x0c\x09\x45\x00\x00\x00\x00\x00\x0c\x00\x45\x00"
  "\x01\x00\x37\x00\x0c\x01\x45\x00\x01\x00\x11\x00\x0c\x02\x45\x00\x01\x00\x11\x00"
  "\x0c\x03\x45\x00\x01\x00\x11\x00\x0c\x04\x45\x00\x01\x00\x11\x00\x0c\x05\x45\x00"
  "\x01\x00\x11\x00\x0c\x06\x45\x00\x01\x00\x11\x00\x0c\x07\x45\x00\x01\x00\x11\x00"
  "\x0c\x08\x45\x00\x01\x00\x04\x00\x0c\x09\x45\x00\x01\x00\x00\x00\x0c\x00\x45\x01"
  "\x00\x00\x37\x00\x0c\x01\x45\x01\x00\x00\x11\x00\x0c\x02\x45\x01\x00\x00\x11\x00"
  "\x0c\x03\x45\x01\x00\x00\x11\x00\x0c\x04\x45\x01\x00\x00\x11\x00\x0c\x05\x45\x01"
  "\x00\x00\x11\x00\x0c\x06\x45\x01\x00\x00\x11\x00\x0c\x07\x45\x01\x00\x00\x11\x00"
  "\x0c\x08\x45\x01\x00\x00\x04\x00\x0c\x09\x45\x01\x00\x00\x00\x00\x0c\x00\x45\x01"
  "\x01\x00\x37\x00\x0c\x01\x45\x01\x01\x00\x11\x00\x0c\x02\x45\x01\x01\x00\x11\x00"
  "\x0c\x03\x45\x01\x01\x00\x11\x00\x0c\x04\x45\x01\x01\x00\x11\x00\x0c\x05\x45\x01"
  "\x01\x00\x11\x00\x0c\x06\x45\x01\x01\x00\x11\x00\x0c\x07\x45\x01\x01\x00\x11\x00"
  "\x0c\x08\x45\x01\x01\x00\x04\x00\x0c\x09\x45\x01\x01\x00\x00\x00\x0c\x00\x45\x02"
  "\x00\x00\x37\x00\x0c\x01\x45\x02\x00\x00\x11\x00\x0c\x02\x45\x02\x00\x00\x11\x00"
  "\x0c\x03\x45\x02\x00\x00\x11\x00\x0c\x04\x45\x02\x00\x00\x11\x00\x0c\x05\x45\x02"
  "\x00\x00\x11\x00\x0c\x06\x45\x02\x00\x00\x11\x00\x0c\x07\x45\x02\x00\x00\x11\x00"
  "\x0c\x08\x45\x02\x00\x00\x04\x00\x0c\x09\x45\x02\x00\x00\x00\x00\x0c\x00\x45\x02"
  "\x01\x00\x37\x00\x0c\x01\x45\x02\x01\x00\x11\x00\x0c\x02\x45\x02\x01\x00\x11\x00"
  "\x0c\x03\x45\x02\x01\x00\x11\x00\x0c\x04\x45\x02\x01\x00\x11\x00\x0c\x05\x45\x02"
  "\x01\x00\x11\x00\x0c\x06\x45\x02\x01\x00\x11\x00\x0c\x07\x45\x02\x01\x00\x11\x00"
  "\x0c\x08\x45\x02\x01\x00\x04\x00\x0c\x09\x45\x02\x01\x00\x00\x00\x0d\x00\x00\x00"
  "\x00\x00\x00\x00\x0d\x01\x00\x00\x00\x00\x1d\x00\x0d\x02\x00\x00\x00\x00\x31\x00"
  "\x0d\x03\x00\x00\x00\x00\x00\x00\x0d\x04\x00\x00\x00\x00\x01\x00\x0d\x05\x00\x00"
  "\x00\x00\x02\x00\x0d\x06\x00\x00\x00\x00\x03\x00\x0d\x07\x00\x00\x00\x00\x05\x00"
  "\x0d\x08\x00\x00\x00\x00\x06\x00\x0d\x09\x00\x00\x00\x00\x07\x00\x0d\x0a\x00\x00"
  "\x00\x00\x00\x00\x0d\x0b\x00\x00\x00\x00\x01\x00\x0d\x00\x00\x00\x01\x00\x01\x00"
  "\x0d\x01\x00\x00\x01\x00\x1d\x00\x0d\x02\x00\x00\x01\x00\x35\x00\x0d\x03\x00\x00"
  "\x01\x00\x08\x00\x0d\x04\x00\x00\x01\x00\x09\x00\x0d\x05\x00\x00\x01\x00\x0a\x00"
  "\x0d\x06\x00\x00\x01\x00\x0b\x00\x0d\x07\x00\x00\x01\x00\x0c\x00\x0d\x08\x00\x00"
  "\x01\x00\x0d\x00\x0d\x09\x00\x00\x01\x00\x08\x00\x0d\x0a\x00\x00\x01\x00\x01\x00"
  "\x0d\x0b\x00\x00\x01\x00\x03\x00\x0d\x00\x00\x01\x00\x00\x00\x00\x0d\x01\x00\x01"
  "\x00\x00\x1d\x00\x0d\x02\x00\x01\x00\x00\x01\x00\x0d\x03\x00\x01\x00\x00\x00\x00"
  "\x0d\x04\x00\x01\x00\x00\x01\x00\x0d\x05\x00\x01\x00\x00\x02\x00\x0d\x06\x00\x01"
  "\x00\x00\x03\x00\x0d\x07\x00\x01\x00\x00\x05\x00\x0d\x08\x00\x01\x00\x00\x06\x00"
  "\x0d\x09\x00\x01\x00\x00\x07\x00\x0d\x0a\x00\x01\x00\x00\x00\x00\x0d\x0b\x00\x01"
  "\x00\x00\x01\x00\x0d\x00\x00\x01\x01\x00\x01\x00\x0d\x01\x00\x01\x01\x00\x1d\x00"
  "\x0d\x02\x00\x01\x01\x00\x01\x00\x0d\x03\x00\x01\x01\x00\x08\x00\x0d\x04\x00\x01"
  "\x01\x00\x09\x00\x0d\x05\x00\x01\x01\x00\x0a\x00\x0d\x06\x00\x01\x01\x00\x0b\x00"
  "\x0d\x07\x00\x01\x01\x00\x0c\x00\x0d\x08\x00\x01\x01\x00\x0d\x00\x0d\x09\x00\x01"
  "\x01\x00\x08\x00\x0d\x0a\x00\x01\x01\x00\x02\x00\x0d\x0b\x00\x01\x01\x00\x02\x00"
  "\x0d\x00\x00\x02\x00\x00\x02\x00\x0d\x01\x00\x02\x00\x00\x1d\x00\x0d\x02\x00\x02"
  "\x00\x00\x37\x00\x0d\x03\x00\x02\x00\x00\x04\x00\x0d\x04\x00\x02\x00\x00\x02\x00"
  "\x0d\x05\x00\x02\x00\x00\x05\x00\x0d\x06\x00\x02\x00\x00\x06\x00\x0d\x07\x00\x02"
  "\x00\x00\x11\x00\x0d\x08\x00\x02\x00\x00\x11\x00\x0d\x09\x00\x02\x00\x00\x07\x00"
  "\x0d\x0a\x00\x02\x00\x00\x03\x00\x0d\x0b\x00\x02\x00\x00\x00\x00\x0d\x00\x00\x02"
  "\x01\x00\x02\x00\x0d\x01\x00\x02\x01\x00\x1d\x00\x0d\x02\x00\x02\x01\x00\x37\x00"
  "\x0d\x03\x00\x02\x01\x00\x08\x00\x0d\x04\x00\x02\x01\x00\x09\x00\x0d\x05\x00\x02"
  "\x01\x00\x0a\x00\x0d\x06\x00\x02\x01\x00\x0b\x00\x0d\x07\x00\x02\x01\x00\x11\x00"
  "\x0d\x08\x00\x02\x01\x00\x11\x00\x0d\x09\x00\x02\x01\x00\x08\x00\x0d\x0a\x00\x02"
  "\x01\x00\x03\x00\x0d\x0b\x00\x02\x01\x00\x00\x00\x0d\x00\x01\x00\x00\x00\x00\x00"
  "\x0d\x01\x01\x00\x00\x00\x42\x00\x0d\x02\x01\x00\x00\x00\x00\x00\x0d\x03\x01\x00"
  "\x00\x00\x00\x00\x0d\x04\x01\x00\x00\x00\x01\x00\x0d\x05\x01\x00\x00\x00\x02\x00"
  "\x0d\x06\x01\x00\x00\x00\x03\x00\x0d\x07\x01\x00\x00\x00\x05\x00\x0d\x08\x01\x00"
  "\x00\x00\x06\x00\x0d\x09\x01\x00\x00\x00\x07\x00\x0d\x0a\x01\x00\x00\x00\x00\x00"
  "\x0d\x0b\x01\x00\x00\x00\x01\x00\x0d\x00\x01\x00\x01\x00\x01\x00\x0d\x01\x01\x00"
  "\x01\x00\x42\x00\x0d\x02\x01\x00\x01\x00\x32\x00\x0d\x03\x01\x00\x01\x00\x08\x00"
  "\x0d\x04\x01\x00\x01\x00\x09\x00\x0d\x05\x01\x00\x01\x00\x0a\x00\x0d\x06\x01\x00"
  "\x01\x00\x0b\x00\x0d\x07\x01\x00\x01\x00\x0c\x00\x0d\x08\x01\x00\x01\x00\x0d\x00"
  "\x0d\x09\x01\x00\x01\x00\x08\x00\x0d\x0a\x01\x00\x01\x00\x01\x00\x0d\x0b\x01\x00"
  "\x01\x00\x03\x00\x0d\x00\x01\x01\x00\x00\x00\x00\x0d\x01\x01\x01\x00\x00\x42\x00"
  "\x0d\x02\x01\x01\x00\x00\x02\x00\x0d\x03\x01\x01\x00\x00\x00\x00\x0d\x04\x01\x01"
  "\x00\x00\x01\x00\x0d\x05\x01\x01\x00\x00\x02\x00\x0d\x06\x01\x01\x00\x00\x03\x00"
  "\x0d\x07\x01\x01\x00\x00\x05\x00\x0d\x08\x01\x01\x00\x00\x06\x00\x0d\x09\x01\x01"
  "\x00\x00\x07\x00\x0d\x0a\x01\x01\x00\x00\x00\x00\x0d\x0b\x01\x01\x00\x00\x01\x00"
  "\x0d\x00\x01\x01\x01\x00\x01\x00\x0d\x01\x01\x01\x01\x00\x42\x00\x0d\x02\x01\x01"
  "\x01\x00\x02\x00\x0d\x03\x01\x01\x01\x00\x08\x00\x0d\x04\x01\x01\x01\x00\x09\x00"
  "\x0d\x05\x01\x01\x01\x00\x0a\x00\x0d\x06\x01\x01\x01\x00\x0b\x00\x0d\x07\x01\x01"
  "\x01\x00\x0c\x00\x0d\x08\x01\x01\x01\x00\x0d\x00\x0d\x09\x01\x01\x01\x00\x08\x00"
  "\x0d\x0a\x01\x01\x01\x00\x02\x00\x0d\x0b\x01\x01\x01\x00\x02\x00\x0d\x00\x01\x02"
  "\x00\x00\x02\x00\x0d\x01\x01\x02\x00\x00\x42\x00\x0d\x02\x01\x02\x00\x00\x37\x00"
  "\x0d\x03\x01\x02\x00\x00\x04\x00\x0d\x04\x01\x02\x00\x00\x02\x00\x0d\x05\x01\x02"
  "\x00\x00\x05\x00\x0d\x06\x01\x02\x00\x00\x06\x00\x0d\x07\x01\x02\x00\x00\x11\x00"
  "\x0d\x08\x01\x02\x00\x00\x11\x00\x0d\x09\x01\x02\x00\x00\x07\x00\x0d\x0a\x01\x02"
  "\x00\x00\x03\x00\x0d\x0b\x01\x02\x00\x00\x00\x00\x0d\x00\x01\x02\x01\x00\x02\x00"
  "\x0d\x01\x01\x02\x01\x00\x42\x00\x0d\x02\x01\x02\x01\x00\x37\x00\x0d\x03\x01\x02"
  "\x01\x00\x08\x00\x0d\x04\x01\x02\x01\x00\x09\x00\x0d\x05\x01\x02\x01\x00\x0a\x00"
  "\x0d\x06\x01\x02\x01\x00\x0b\x00\x0d\x07\x01\x02\x01\x00\x11\x00\x0d\x08\x01\x02"
  "\x01\x00\x11\x00\x0d\x09\x01\x02\x01\x00\x08\x00\x0d\x0a\x01\x02\x01\x00\x03\x00"
  "\x0d\x0b\x01\x02\x01\x00\x00\x00\x0d\x00\x02\x00\x00\x00\x00\x00\x0d\x01\x02\x00"
  "\x00\x00\x59\x00\x0d\x02\x02\x00\x00\x00\x14\x00\x0d\x03\x02\x00\x00\x00\x00\x00"
  "\x0d\x04\x02\x00\x00\x00\x01\x00\x0d\x05\x02\x00\x00\x00\x02\x00\x0d\x06\x02\x00"
  "\x00\x00\x03\x00\x0d\x07\x02\x00\x00\x00\x05\x00\x0d\x08\x02\x00\x00\x00\x06\x00"
  "\x0d\x09\x02\x00\x00\x00\x07\x00\x0d\x0a\x02\x00\x00\x00\x00\x00\x0d\x0b\x02\x00"
  "\x00\x00\x01\x00\x0d\x00\x02\x00\x01\x00\x01\x00\x0d\x01\x02\x00\x01\x00\x59\x00"
  "\x0d\x02\x02\x00\x01\x00\x33\x00\x0d\x03\x02\x00\x01\x00\x08\x00\x0d\x04\x02\x00"
  "\x01\x00\x09\x00\x0d\x05\x02\x00\x01\x00\x0a\x00\x0d\x06\x02\x00\x01\x00\x0b\x00"
  "\x0d\x07\x02\x00\x01\x00\x0c\x00\x0d\x08\x02\x00\x01\x00\x0d\x00\x0d\x09\x02\x00"
  "\x01\x00\x08\x00\x0d\x0a\x02\x00\x01\x00\x01\x00\x0d\x0b\x02\x00\x01\x00\x03\x00"
  "\x0d\x00\x02\x01\x00\x00\x00\x00\x0d\x01\x02\x01\x00\x00\x59\x00\x0d\x02\x02\x01"
  "\x00\x00\x03\x00\x0d\x03\x02\x01\x00\x00\x00\x00\x0d\x04\x02\x01\x00\x00\x01\x00"
  "\x0d\x05\x02\x01\x00\x00\x02\x00\x0d\x06\x02\x01\x00\x00\x03\x00\x0d\x07\x02\x01"
  "\x00\x00\x05\x00\x0d\x08\x02\x01\x00\x00\x06\x00\x0d\x09\x02\x01\x00\x00\x07\x00"
  "\x0d\x0a\x02\x01\x00\x00\x00\x00\x0d\x0b\x02\x01\x00\x00\x01\x00\x0d\x00\x02\x01"
  "\x01\x00\x01\x00\x0d\x01\x02\x01\x01\x00\x59\x00\x0d\x02\x02\x01\x01\x00\x03\x00"
  "\x0d\x03\x02\x01\x01\x00\x08\x00\x0d\x04\x02\x01\x01\x00\x09\x00\x0d\x05\x02\x01"
  "\x01\x00\x0a\x00\x0d\x06\x02\x01\x01\x00\x0b\x00\x0d\x07\x02\x01\x01\x00\x0c\x00"
  "\x0d\x08\x02\x01\x01\x00\x0d\x00\x0d\x09\x02\x01\x01\x00\x08\x00\x0d\x0a\x02\x01"
  "\x01\x00\x02\x00\x0d\x0b\x02\x01\x01\x00\x02\x00\x0d\x00\x02\x02\x00\x00\x02\x00"
  "\x0d\x01\x02\x02\x00\x00\x59\x00\x0d\x02\x02\x02\x00\x00\x37\x00\x0d\x03\x02\x02"
  "\x00\x00\x04\x00\x0d\x04\x02\x02\x00\x00\x02\x00\x0d\x05\x02\x02\x00\x00\x05\x00"
  "\x0d\x06\x02\x02\x00\x00\x06\x00\x0d\x07\x02\x02\x00\x00\x11\x00\x0d\x08\x02\x02"
  "\x00\x00\x11\x00\x0d\x09\x02\x02\x00\x00\x07\x00\x0d\x0a\x02\x02\x00\x00\x03\x00"
  "\x0d\x0b\x02\x02\x00\x00\x00\x00\x0d\x00\x02\x02\x01\x00\x02\x00\x0d\x01\x02\x02"
  "\x01\x00\x59\x00\x0d\x02\x02\x02\x01\x00\x37\x00\x0d\x03\x02\x02\x01\x00\x08\x00"
  "\x0d\x04\x02\x02\x01\x00\x09\x00\x0d\x05\x02\x02\x01\x00\x0a\x00\x0d\x06\x02\x02"
  "\x01\x00\x0b\x00\x0d\x07\x02\x02\x01\x00\x11\x00\x0d\x08\x02\x02\x01\x00\x11\x00"
  "\x0d\x09\x02\x02\x01\x00\x08\x00\x0d\x0a\x02\x02\x01\x00\x03\x00\x0d\x0b\x02\x02"
  "\x01\x00\x00\x00\x0d\x00\x03\x00\x00\x00\x00\x00\x0d\x01\x03\x00\x00\x00\x3c\x00"
  "\x0d\x02\x03\x00\x00\x00\x1b\x00\x0d\x03\x03\x00\x00\x00\x00\x00\x0d\x04\x03\x00"
  "\x00\x00\x01\x00\x0d\x05\x03\x00\x00\x00\x02\x00\x0d\x06\x03\x00\x00\x00\x03\x00"
  "\x0d\x07\x03\x00\x00\x00\x05\x00\x0d\x08\x03\x00\x00\x00\x06\x00\x0d\x09\x03\x00"
  "\x00\x00\x07\x00\x0d\x0a\x03\x00\x00\x00\x00\x00\x0d\x0b\x03\x00\x00\x00\x01\x00"
  "\x0d\x00\x03\x00\x01\x00\x01\x00\x0d\x01\x03\x00\x01\x00\x3c\x00\x0d\x02\x03\x00"
  "\x01\x00\x2e\x00\x0d\x03\x03\x00\x01\x00\x08\x00\x0d\x04\x03\x00\x01\x00\x09\x00"
  "\x0d\x05\x03\x00\x01\x00\x0a\x00\x0d\x06\x03\x00\x01\x00\x0b\x00\x0d\x07\x03\x00"
  "\x01\x00\x0c\x00\x0d\x08\x03\x00\x01\x00\x0d\x00\x0d\x09\x03\x00\x01\x00\x08\x00"
  "\x0d\x0a\x03\x00\x01\x00\x01\x00\x0d\x0b\x03\x00\x01\x00\x03\x00\x0d\x00\x03\x01"
  "\x00\x00\x00\x00\x0d\x01\x03\x01\x00\x00\x3c\x00\x0d\x02\x03\x01\x00\x00\x04\x00"
  "\x0d\x03\x03\x01\x00\x00\x00\x00\x0d\x04\x03\x01\x00\x00\x01\x00\x0d\x05\x03\x01"
  "\x00\x00\x02\x00\x0d\x06\x03\x01\x00\x00\x03\x00\x0d\x07\x03\x01\x00\x00\x05\x00"
  "\x0d\x08\x03\x01\x00\x00\x06\x00\x0d\x09\x03\x01\x00\x00\x07\x00\x0d\x0a\x03\x01"
  "\x00\x00\x00\x00\x0d\x0b\x03\x01\x00\x00\x01\x00\x0d\x00\x03\x01\x01\x00\x01\x00"
  "\x0d\x01\x03\x01\x01\x00\x3c\x00\x0d\x02\x03\x01\x01\x00\x04\x00\x0d\x03\x03\x01"
  "\x01\x00\x08\x00\x0d\x04\x03\x01\x01\x00\x09\x00\x0d\x05\x03\x01\x01\x00\x0a\x00"
  "\x0d\x06\x03\x01\x01\x00\x0b\x00\x0d\x07\x03\x01\x01\x00\x0c\x00\x0d\x08\x03\x01"
  "\x01\x00\x0d\x00\x0d\x09\x03\x01\x01\x00\x08\x00\x0d\x0a\x03\x01\x01\x00\x02\x00"
  "\x0d\x0b\x03\x01\x01\x00\x02\x00\x0d\x00\x03\x02\x00\x00\x02\x00\x0d\x01\x03\x02"
  "\x00\x00\x3c\x00\x0d\x02\x03\x02\x00\x00\x37\x00\x0d\x03\x03\x02\x00\x00\x04\x00"
  "\x0d\x04\x03\x02\x00\x00\x02\x00\x0d\x05\x03\x02\x00\x00\x05\x00\x0d\x06\x03\x02"
  "\x00\x00\x06\x00\x0d\x07\x03\x02\x00\x00\x11\x00\x0d\x08\x03\x02\x00\x00\x11\x00"
  "\x0d\x09\x03\x02\x00\x00\x07\x00\x0d\x0a\x03\x02\x00\x00\x03\x00\x0d\x0b\x03\x02"
  "\x00\x00\x00\x00\x0d\x00\x03\x02\x01\x00\x02\x00\x0d\x01\x03\x02\x01\x00\x3c\x00"
  "\x0d\x02\x03\x02\x01\x00\x37\x00\x0d\x03\x03\x02\x01\x00\x08\x00\x0d\x04\x03\x02"
  "\x01\x00\x09\x00\x0d\x05\x03\x02\x01\x00\x0a\x00\x0d\x06\x03\x02\x01\x00\x0b\x00"
  "\x0d\x07\x03\x02\x01\x00\x11\x00\x0d\x08\x03\x02\x01\x00\x11\x00\x0d\x09\x03\x02"
  "\x01\x00\x08\x00\x0d\x0a\x03\x02\x01\x00\x03\x00\x0d\x0b\x03\x02\x01\x00\x00\x00"
  "\x0d\x00\x04\x00\x00\x00\x00\x00\x0d\x01\x04\x00\x00\x00\x0f\x00\x0d\x02\x04\x00"
  "\x00\x00\x26\x00\x0d\x03\x04\x00\x00\x00\x00\x00\x0d\x04\x04\x00\x00\x00\x01\x00"
  "\x0d\x05\x04\x00\x00\x00\x02\x00\x0d\x06\x04\x00\x00\x00\x03\x00\x0d\x07\x04\x00"
  "\x00\x00\x05\x00\x0d\x08\x04\x00\x00\x00\x06\x00\x0d\x09\x04\x00\x00\x00\x07\x00"
  "\x0d\x0a\x04\x00\x00\x00\x00\x00\x0d\x0b\x04\x00\x00\x00\x01\x00\x0d\x00\x04\x00"
  "\x01\x00\x01\x00\x0d\x01\x04\x00\x01\x00\x0f\x00\x0d\x02\x04\x00\x01\x00\x2f\x00"
  "\x0d\x03\x04\x00\x01\x00\x08\x00\x0d\x04\x04\x00\x01\x00\x09\x00\x0d\x05\x04\x00"
  "\x01\x00\x0a\x00\x0d\x06\x04\x00\x01\x00\x0b\x00\x0d\x07\x04\x00\x01\x00\x0c\x00"
  "\x0d\x08\x04\x00\x01\x00\x0d\x00\x0d\x09\x04\x00\x01\x00\x08\x00\x0d\x0a\x04\x00"
  "\x01\x00\x01\x00\x0d\x0b\x04\x00\x01\x00\x03\x00\x0d\x00\x04\x01\x00\x00\x00\x00"
  "\x0d\x01\x04\x01\x00\x00\x0f\x00\x0d\x02\x04\x01\x00\x00\x05\x00\x0d\x03\x04\x01"
  "\x00\x00\x00\x00\x0d\x04\x04\x01\x00\x00\x01\x00\x0d\x05\x04\x01\x00\x00\x02\x00"
  "\x0d\x06\x04\x01\x00\x00\x03\x00\x0d\x07\x04\x01\x00\x00\x05\x00\x0d\x08\x04\x01"
  "\x00\x00\x06\x00\x0d\x09\x04\x01\x00\x00\x07\x00\x0d\x0a\x04\x01\x00\x00\x00\x00"
  "\x0d\x0b\x04\x01\x00\x00\x01\x00\x0d\x00\x04\x01\x01\x00\x01\x00\x0d\x01\x04\x01"
  "\x01\x00\x0f\x00\x0d\x02\x04\x01\x01\x00\x05\x00\x0d\x03\x04\x01\x01\x00\x08\x00"
  "\x0d\x04\x04\x01\x01\x00\x09\x00\x0d\x05\x04\x01\x01\x00\x0a\x00\x0d\x06\x04\x01"
  "\x01\x00\x0b\x00\x0d\x07\x04\x01\x01\x00\x0c\x00\x0d\x08\x04\x01\x01\x00\x0d\x00"
  "\x0d\x09\x04\x01\x01\x00\x08\x00\x0d\x0a\x04\x01\x01\x00\x02\x00\x0d\x0b\x04\x01"
  "\x01\x00\x02\x00\x0d\x00\x04\x02\x00\x00\x02\x00\x0d\x01\x04\x02\x00\x00\x0f\x00"
  "\x0d\x02\x04\x02\x00\x00\x37\x00\x0d\x03\x04\x02\x00\x00\x04\x00\x0d\x04\x04\x02"
  "\x00\x00\x02\x00\x0d\x05\x04\x02\x00\x00\x05\x00\x0d\x06\x04\x02\x00\x00\x06\x00"
  "\x0d\x07\x04\x02\x00\x00\x11\x00\x0d\x08\x04\x02\x00\x00\x11\x00\x0d\x09\x04\x02"
  "\x00\x00\x07\x00\x0d\x0a\x04\x02\x00\x00\x03\x00\x0d\x0b\x04\x02\x00\x00\x00\x00"
  "\x0d\x00\x04\x02\x01\x00\x02\x00\x0d\x01\x04\x02\x01\x00\x0f\x00\x0d\x02\x04\x02"
  "\x01\x00\x37\x00\x0d\x03\x04\x02\x01\x00\x08\x00\x0d\x04\x04\x02\x01\x00\x09\x00"
  "\x0d\x05\x04\x02\x01\x00\x0a\x00\x0d\x06\x04\x02\x01\x00\x0b\x00\x0d\x07\x04\x02"
  "\x01\x00\x11\x00\x0d\x08\x04\x02\x01\x00\x11\x00\x0d\x09\x04\x02\x01\x00\x08\x00"
  "\x0d\x0a\x04\x02\x01\x00\x03\x00\x0d\x0b\x04\x02\x01\x00\x00\x00\x0d\x00\x05\x00"
  "\x00\x00\x00\x00\x0d\x01\x05\x00\x00\x00\x31\x00\x0d\x02\x05\x00\x00\x00\x34\x00"
  "\x0d\x03\x05\x00\x00\x00\x00\x00\x0d\x04\x05\x00\x00\x00\x01\x00\x0d\x05\x05\x00"
  "\x00\x00\x02\x00\x0d\x06\x05\x00\x00\x00\x03\x00\x0d\x07\x05\x00\x00\x00\x05\x00"
  "\x0d\x08\x05\x00\x00\x00\x06\x00\x0d\x09\x05\x00\x00\x00\x07\x00\x0d\x0a\x05\x00"
  "\x00\x00\x00\x00\x0d\x0b\x05\x00\x00\x00\x01\x00\x0d\x00\x05\x00\x01\x00\x01\x00"
  "\x0d\x01\x05\x00\x01\x00\x31\x00\x0d\x02\x05\x00\x01\x00\x23\x00\x0d\x03\x05\x00"
  "\x01\x00\x08\x00\x0d\x04\x05\x00\x01\x00\x09\x00\x0d\x05\x05\x00\x01\x00\x0a\x00"
  "\x0d\x06\x05\x00\x01\x00\x0b\x00\x0d\x07\x05\x00\x01\x00\x0c\x00\x0d\x08\x05\x00"
  "\x01\x00\x0d\x00\x0d\x09\x05\x00\x01\x00\x08\x00\x0d\x0a\x05\x00\x01\x00\x01\x00"
  "\x0d\x0b\x05\x00\x01\x00\x03\x00\x0d\x00\x05\x01\x00\x00\x00\x00\x0d\x01\x05\x01"
  "\x00\x00\x31\x00\x0d\x02\x05\x01\x00\x00\x10\x00\x0d\x03\x05\x01\x00\x00\x00\x00"
  "\x0d\x04\x05\x01\x00\x00\x01\x00\x0d\x05\x05\x01\x00\x00\x02\x00\x0d\x06\x05\x01"
  "\x00\x00\x03\x00\x0d\x07\x05\x01\x00\x00\x05\x00\x0d\x08\x05\x01\x00\x00\x06\x00"
  "\x0d\x09\x05\x01\x00\x00\x07\x00\x0d\x0a\x05\x01\x00\x00\x00\x00\x0d\x0b\x05\x01"
  "\x00\x00\x01\x00\x0d\x00\x05\x01\x01\x00\x01\x00\x0d\x01\x05\x01\x01\x00\x31\x00"
  "\x0d\x02\x05\x01\x01\x00\x10\x00\x0d\x03\x05\x01\x01\x00\x08\x00\x0d\x04\x05\x01"
  "\x01\x00\x09\x00\x0d\x05\x05\x01\x01\x00\x0a\x00\x0d\x06\x05\x01\x01\x00\x0b\x00"
  "\x0d\x07\x05\x01\x01\x00\x0c\x00\x0d\x08\x05\x01\x01\x00\x0d\x00\x0d\x09\x05\x01"
  "\x01\x00\x08\x00\x0d\x0a\x05\x01\x01\x00\x02\x00\x0d\x0b\x05\x01\x01\x00\x02\x00"
  "\x0d\x00\x05\x02\x00\x00\x02\x00\x0d\x01\x05\x02\x00\x00\x31\x00\x0d\x02\x05\x02"
  "\x00\x00\x37\x00\x0d\x03\x05\x02\x00\x00\x04\x00\x0d\x04\x05\x02\x00\x00\x02\x00"
  "\x0d\x05\x05\x02\x00\x00\x05\x00\x0d\x06\x05\x02\x00\x00\x06\x00\x0d\x07\x05\x02"
  "\x00\x00\x11\x00\x0d\x08\x05\x02\x00\x00\x11\x00\x0d\x09\x05\x02\x00\x00\x07\x00"
  "\x0d\x0a\x05\x02\x00\x00\x03\x00\x0d\x0b\x05\x02\x00\x00\x00\x00\x0d\x00\x05\x02"
  "\x01\x00\x02\x00\x0d\x01\x05\x02\x01\x00\x31\x00\x0d\x02\x05\x02\x01\x00\x37\x00"
  "\x0d\x03\x05\x02\x01\x00\x08\x00\x0d\x04\x05\x02\x01\x00\x09\x00\x0d\x05\x05\x02"
  "\x01\x00\x0a\x00\x0d\x06\x05\x02\x01\x00\x0b\x00\x0d\x07\x05\x02\x01\x00\x11\x00"
  "\x0d\x08\x05\x02\x01\x00\x11\x00\x0d\x09\x05\x02\x01\x00\x08\x00\x0d\x0a\x05\x02"
  "\x01\x00\x03\x00\x0d\x0b\x05\x02\x01\x00\x00\x00\x0d\x00\x06\x00\x00\x00\x00\x00"
  "\x0d\x01\x06\x00\x00\x00\x38\x00\x0d\x02\x06\x00\x00\x00\x17\x00\x0d\x03\x06\x00"
  "\x00\x00\x00\x00\x0d\x04\x06\x00\x00\x00\x01\x00\x0d\x05\x06\x00\x00\x00\x02\x00"
  "\x0d\x06\x06\x00\x00\x00\x03\x00\x0d\x07\x06\x00\x00\x00\x05\x00\x0d\x08\x06\x00"
  "\x00\x00\x06\x00\x0d\x09\x06\x00\x00\x00\x07\x00\x0d\x0a\x06\x00\x00\x00\x00\x00"
  "\x0d\x0b\x06\x00\x00\x00\x01\x00\x0d\x00\x06\x00\x01\x00\x01\x00\x0d\x01\x06\x00"
  "\x01\x00\x38\x00\x0d\x02\x06\x00\x01\x00\x20\x00\x0d\x03\x06\x00\x01\x00\x08\x00"
  "\x0d\x04\x06\x00\x01\x00\x09\x00\x0d\x05\x06\x00\x01\x00\x0a\x00\x0d\x06\x06\x00"
  "\x01\x00\x0b\x00\x0d\x07\x06\x00\x01\x00\x0c\x00\x0d\x08\x06\x00\x01\x00\x0d\x00"
  "\x0d\x09\x06\x00\x01\x00\x08\x00\x0d\x0a\x06\x00\x01\x00\x01\x00\x0d\x0b\x06\x00"
  "\x01\x00\x03\x00\x0d\x00\x06\x01\x00\x00\x00\x00\x0d\x01\x06\x01\x00\x00\x38\x00"
  "\x0d\x02\x06\x01\x00\x00\x09\x00\x0d\x03\x06\x01\x00\x00\x00\x00\x0d\x04\x06\x01"
  "\x00\x00\x01\x00\x0d\x05\x06\x01\x00\x00\x02\x00\x0d\x06\x06\x01\x00\x00\x03\x00"
  "\x0d\x07\x06\x01\x00\x00\x05\x00\x0d\x08\x06\x01\x00\x00\x06\x00\x0d\x09\x06\x01"
  "\x00\x00\x07\x00\x0d\x0a\x06\x01\x00\x00\x00\x00\x0d\x0b\x06\x01\x00\x00\x01\x00"
  "\x0d\x00\x06\x01\x01\x00\x01\x00\x0d\x01\x06\x01\x01\x00\x38\x00\x0d\x02\x06\x01"
  "\x01\x00\x09\x00\x0d\x03\x06\x01\x01\x00\x08\x00\x0d\x04\x06\x01\x01\x00\x09\x00"
  "\x0d\x05\x06\x01\x01\x00\x0a\x00\x0d\x06\x06\x01\x01\x00\x0b\x00\x0d\x07\x06\x01"
  "\x01\x00\x0c\x00\x0d\x08\x06\x01\x01\x00\x0d\x00\x0d\x09\x06\x01\x01\x00\x08\x00"
  "\x0d\x0a\x06\x01\x01\x00\x02\x00\x0d\x0b\x06\x01\x01\x00\x02\x00\x0d\x00\x06\x02"
  "\x00\x00\x02\x00\x0d\x01\x06\x02\x00\x00\x38\x00\x0d\x02\x06\x02\x00\x00\x37\x00"
  "\x0d\x03\x06\x02\x00\x00\x04\x00\x0d\x04\x06\x02\x00\x00\x02\x00\x0d\x05\x06\x02"
  "\x00\x00\x05\x00\x0d\x06\x06\x02\x00\x00\x06\x00\x0d\x07\x06\x02\x00\x00\x11\x00"
  "\x0d\x08\x06\x02\x00\x00\x11\x00\x0d\x09\x06\x02\x00\x00\x07\x00\x0d\x0a\x06\x02"
  "\x00\x00\x03\x00\x0d\x0b\x06\x02\x00\x00\x00\x00\x0d\x00\x06\x02\x01\x00\x02\x00"
  "\x0d\x01\x06\x02\x01\x00\x38\x00\x0d\x02\x06\x02\x01\x00\x37\x00\x0d\x03\x06\x02"
  "\x01\x00\x08\x00\x0d\x04\x06\x02\x01\x00\x09\x00\x0d\x05\x06\x02\x01\x00\x0a\x00"
  "\x0d\x06\x06\x02\x01\x00\x0b\x00\x0d\x07\x06\x02\x01\x00\x11\x00\x0d\x08\x06\x02"
  "\x01\x00\x11\x00\x0d\x09\x06\x02\x01\x00\x08\x00\x0d\x0a\x06\x02\x01\x00\x03\x00"
  "\x0d\x0b\x06\x02\x01\x00\x00\x00\x0d\x00\x07\x00\x00\x00\x00\x00\x0d\x01\x07\x00"
  "\x00\x00\x33\x00\x0d\x02\x07\x00\x00\x00\x15\x00\x0d\x03\x07\x00\x00\x00\x00\x00"
  "\x0d\x04\x07\x00\x00\x00\x01\x00\x0d\x05\x07\x00\x00\x00\x02\x00\x0d\x06\x07\x00"
  "\x00\x00\x03\x00\x0d\x07\x07\x00\x00\x00\x05\x00\x0d\x08\x07\x00\x00\x00\x06\x00"
  "\x0d\x09\x07\x00\x00\x00\x07\x00\x0d\x0a\x07\x00\x00\x00\x00\x00\x0d\x0b\x07\x00"
  "\x00\x00\x01\x00\x0d\x00\x07\x00\x01\x00\x01\x00\x0d\x01\x07\x00\x01\x00\x33\x00"
  "\x0d\x02\x07\x00\x01\x00\x24\x00\x0d\x03\x07\x00\x01\x00\x08\x00\x0d\x04\x07\x00"
  "\x01\x00\x09\x00\x0d\x05\x07\x00\x01\x00\x0a\x00\x0d\x06\x07\x00\x01\x00\x0b\x00"
  "\x0d\x07\x07\x00\x01\x00\x0c\x00\x0d\x08\x07\x00\x01\x00\x0d\x00\x0d\x09\x07\x00"
  "\x01\x00\x08\x00\x0d\x0a\x07\x00\x01\x00\x01\x00\x0d\x0b\x07\x00\x01\x00\x03\x00"
  "\x0d\x00\x07\x01\x00\x00\x00\x00\x0d\x01\x07\x01\x00\x00\x33\x00\x0d\x02\x07\x01"
  "\x00\x00\x0a\x00\x0d\x03\x07\x01\x00\x00\x00\x00\x0d\x04\x07\x01\x00\x00\x01\x00"
  "\x0d\x05\x07\x01\x00\x00\x02\x00\x0d\x06\x07\x01\x00\x00\x03\x00\x0d\x07\x07\x01"
  "\x00\x00\x05\x00\x0d\x08\x07\x01\x00\x00\x06\x00\x0d\x09\x07\x01\x00\x00\x07\x00"
  "\x0d\x0a\x07\x01\x00\x00\x00\x00\x0d\x0b\x07\x01\x00\x00\x01\x00\x0d\x00\x07\x01"
  "\x01\x00\x01\x00\x0d\x01\x07\x01\x01\x00\x33\x00\x0d\x02\x07\x01\x01\x00\x0a\x00"
  "\x0d\x03\x07\x01\x01\x00\x08\x00\x0d\x04\x07\x01\x01\x00\x09\x00\x0d\x05\x07\x01"
  "\x01\x00\x0a\x00\x0d\x06\x07\x01\x01\x00\x0b\x00\x0d\x07\x07\x01\x01\x00\x0c\x00"
  "\x0d\x08\x07\x01\x01\x00\x0d\x00\x0d\x09\x07\x01\x01\x00\x08\x00\x0d\x0a\x07\x01"
  "\x01\x00\x02\x00\x0d\x0b\x07\x01\x01\x00\x02\x00\x0d\x00\x07\x02\x00\x00\x02\x00"
  "\x0d\x01\x07\x02\x00\x00\x33\x00\x0d\x02\x07\x02\x00\x00\x37\x00\x0d\x03\x07\x02"
  "\x00\x00\x04\x00\x0d\x04\x07\x02\x00\x00\x02\x00\x0d\x05\x07\x02\x00\x00\x05\x00"
  "\x0d\x06\x07\x02\x00\x00\x06\x00\x0d\x07\x07\x02\x00\x00\x11\x00\x0d\x08\x07\x02"
  "\x00\x00\x11\x00\x0d\x09\x07\x02\x00\x00\x07\x00\x0d\x0a\x07\x02\x00\x00\x03\x00"
  "\x0d\x0b\x07\x02\x00\x00\x00\x00\x0d\x00\x07\x02\x01\x00\x02\x00\x0d\x01\x07\x02"
  "\x01\x00\x33\x00\x0d\x02\x07\x02\x01\x00\x37\x00\x0d\x03\x07\x02\x01\x00\x08\x00"
  "\x0d\x04\x07\x02\x01\x00\x09\x00\x0d\x05\x07\x02\x01\x00\x0a\x00\x0d\x06\x07\x02"
  "\x01\x00\x0b\x00\x0d\x07\x07\x02\x01\x00\x11\x00\x0d\x08\x07\x02\x01\x00\x11\x00"
  "\x0d\x09\x07\x02\x01\x00\x08\x00\x0d\x0a\x07\x02\x01\x00\x03\x00\x0d\x0b\x07\x02"
  "\x01\x00\x00\x00\x0d\x00\x08\x00\x00\x00\x00\x00\x0d\x01\x08\x00\x00\x00\x28\x00"
  "\x0d\x02\x08\x00\x00\x00\x28\x00\x0d\x03\x08\x00\x00\x00\x00\x00\x0d\x04\x08\x00"
  "\x00\x00\x01\x00\x0d\x05\x08\x00\x00\x00\x02\x00\x0d\x06\x08\x00\x00\x00\x03\x00"
  "\x0d\x07\x08\x00\x00\x00\x05\x00\x0d\x08\x08\x00\x00\x00\x06\x00\x0d\x09\x08\x00"
  "\x00\x00\x07\x00\x0d\x0a\x08\x00\x00\x00\x00\x00\x0d\x0b\x08\x00\x00\x00\x01\x00"
  "\x0d\x00\x08\x00\x01\x00\x01\x00\x0d\x01\x08\x00\x01\x00\x28\x00\x0d\x02\x08\x00"
  "\x01\x00\x19\x00\x0d\x03\x08\x00\x01\x00\x08\x00\x0d\x04\x08\x00\x01\x00\x09\x00"
  "\x0d\x05\x08\x00\x01\x00\x0a\x00\x0d\x06\x08\x00\x01\x00\x0b\x00\x0d\x07\x08\x00"
  "\x01\x00\x0c\x00\x0d\x08\x08\x00\x01\x00\x0d\x00\x0d\x09\x08\x00\x01\x00\x08\x00"
  "\x0d\x0a\x08\x00\x01\x00\x01\x00\x0d\x0b\x08\x00\x01\x00\x03\x00\x0d\x00\x08\x01"
  "\x00\x00\x00\x00\x0d\x01\x08\x01\x00\x00\x28\x00\x0d\x02\x08\x01\x00\x00\x06\x00"
  "\x0d\x03\x08\x01\x00\x00\x00\x00\x0d\x04\x08\x01\x00\x00\x01\x00\x0d\x05\x08\x01"
  "\x00\x00\x02\x00\x0d\x06\x08\x01\x00\x00\x03\x00\x0d\x07\x08\x01\x00\x00\x05\x00"
  "\x0d\x08\x08\x01\x00\x00\x06\x00\x0d\x09\x08\x01\x00\x00\x07\x00\x0d\x0a\x08\x01"
  "\x00\x00\x00\x00\x0d\x0b\x08\x01\x00\x00\x01\x00\x0d\x00\x08\x01\x01\x00\x01\x00"
  "\x0d\x01\x08\x01\x01\x00\x28\x00\x0d\x02\x08\x01\x01\x00\x06\x00\x0d\x03\x08\x01"
  "\x01\x00\x08\x00\x0d\x04\x08\x01\x01\x00\x09\x00\x0d\x05\x08\x01\x01\x00\x0a\x00"
  "\x0d\x06\x08\x01\x01\x00\x0b\x00\x0d\x07\x08\x01\x01\x00\x0c\x00\x0d\x08\x08\x01"
  "\x01\x00\x0d\x00\x0d\x09\x08\x01\x01\x00\x08\x00\x0d\x0a\x08\x01\x01\x00\x02\x00"
  "\x0d\x0b\x08\x01\x01\x00\x02\x00\x0d\x00\x08\x02\x00\x00\x02\x00\x0d\x01\x08\x02"
  "\x00\x00\x28\x00\x0d\x02\x08\x02\x00\x00\x37\x00\x0d\x03\x08\x02\x00\x00\x04\x00"
  "\x0d\x04\x08\x02\x00\x00\x02\x00\x0d\x05\x08\x02\x00\x00\x05\x00\x0d\x06\x08\x02"
  "\x00\x00\x06\x00\x0d\x07\x08\x02\x00\x00\x11\x00\x0d\x08\x08\x02\x00\x00\x11\x00"
  "\x0d\x09\x08\x02\x00\x00\x07\x00\x0d\x0a\x08\x02\x00\x00\x03\x00\x0d\x0b\x08\x02"
  "\x00\x00\x00\x00\x0d\x00\x08\x02\x01\x00\x02\x00\x0d\x01\x08\x02\x01\x00\x28\x00"
  "\x0d\x02\x08\x02\x01\x00\x37\x00\x0d\x03\x08\x02\x01\x00\x08\x00\x0d\x04\x08\x02"
  "\x01\x00\x09\x00\x0d\x05\x08\x02\x01\x00\x0a\x00\x0d\x06\x08\x02\x01\x00\x0b\x00"
  "\x0d\x07\x08\x02\x01\x00\x11\x00\x0d\x08\x08\x02\x01\x00\x11\x00\x0d\x09\x08\x02"
  "\x01\x00\x08\x00\x0d\x0a\x08\x02\x01\x00\x03\x00\x0d\x0b\x08\x02\x01\x00\x00\x00"
  "\x0d\x00\x09\x00\x00\x00\x00\x00\x0d\x01\x09\x00\x00\x00\x0d\x00\x0d\x02\x09\x00"
  "\x00\x00\x25\x00\x0d\x03\x09\x00\x00\x00\x00\x00\x0d\x04\x09\x00\x00\x00\x01\x00"
  "\x0d\x05\x09\x00\x00\x00\x02\x00\x0d\x06\x09\x00\x00\x00\x03\x00\x0d\x07\x09\x00"
  "\x00\x00\x05\x00\x0d\x08\x09\x00\x00\x00\x06\x00\x0d\x09\x09\x00\x00\x00\x07\x00"
  "\x0d\x0a\x09\x00\x00\x00\x00\x00\x0d\x0b\x09\x00\x00\x00\x01\x00\x0d\x00\x09\x00"
  "\x01\x00\x01\x00\x0d\x01\x09\x00\x01\x00\x0d\x00\x0d\x02\x09\x00\x01\x00\x18\x00"
  "\x0d\x03\x09\x00\x01\x00\x08\x00\x0d\x04\x09\x00\x01\x00\x09\x00\x0d\x05\x09\x00"
  "\x01\x00\x0a\x00\x0d\x06\x09\x00\x01\x00\x0b\x00\x0d\x07\x09\x00\x01\x00\x0c\x00"
  "\x0d\x08\x09\x00\x01\x00\x0d\x00\x0d\x09\x09\x00\x01\x00\x08\x00\x0d\x0a\x09\x00"
  "\x01\x00\x01\x00\x0d\x0b\x09\x00\x01\x00\x03\x00\x0d\x00\x09\x01\x00\x00\x00\x00"
  "\x0d\x01\x09\x01\x00\x00\x0d\x00\x0d\x02\x09\x01\x00\x00\x0f\x00\x0d\x03\x09\x01"
  "\x00\x00\x00\x00\x0d\x04\x09\x01\x00\x00\x01\x00\x0d\x05\x09\x01\x00\x00\x02\x00"
  "\x0d\x06\x09\x01\x00\x00\x03\x00\x0d\x07\x09\x01\x00\x00\x05\x00\x0d\x08\x09\x01"
  "\x00\x00\x06\x00\x0d\x09\x09\x01\x00\x00\x07\x00\x0d\x0a\x09\x01\x00\x00\x00\x00"
  "\x0d\x0b\x09\x01\x00\x00\x01\x00\x0d\x00\x09\x01\x01\x00\x01\x00\x0d\x01\x09\x01"
  "\x01\x00\x0d\x00\x0d\x02\x09\x01\x01\x00\x0f\x00\x0d\x03\x09\x01\x01\x00\x08\x00"
  "\x0d\x04\x09\x01\x01\x00\x09\x00\x0d\x05\x09\x01\x01\x00\x0a\x00\x0d\x06\x09\x01"
  "\x01\x00\x0b\x00\x0d\x07\x09\x01\x01\x00\x0c\x00\x0d\x08\x09\x01\x01\x00\x0d\x00"
  "\x0d\x09\x09\x01\x01\x00\x08\x00\x0d\x0a\x09\x01\x01\x00\x02\x00\x0d\x0b\x09\x01"
  "\x01\x00\x02\x00\x0d\x00\x09\x02\x00\x00\x02\x00\x0d\x01\x09\x02\x00\x00\x0d\x00"
  "\x0d\x02\x09\x02\x00\x00\x37\x00\x0d\x03\x09\x02\x00\x00\x04\x00\x0d\x04\x09\x02"
  "\x00\x00\x02\x00\x0d\x05\x09\x02\x00\x00\x05\x00\x0d\x06\x09\x02\x00\x00\x06\x00"
  "\x0d\x07\x09\x02\x00\x00\x11\x00\x0d\x08\x09\x02\x00\x00\x11\x00\x0d\x09\x09\x02"
  "\x00\x00\x07\x00\x0d\x0a\x09\x02\x00\x00\x03\x00\x0d\x0b\x09\x02\x00\x00\x00\x00"
  "\x0d\x00\x09\x02\x01\x00\x02\x00\x0d\x01\x09\x02\x01\x00\x0d\x00\x0d\x02\x09\x02"
  "\x01\x00\x37\x00\x0d\x03\x09\x02\x01\x00\x08\x00\x0d\x04\x09\x02\x01\x00\x09\x00"
  "\x0d\x05\x09\x02\x01\x00\x0a\x00\x0d\x06\x09\x02\x01\x00\x0b\x00\x0d\x07\x09\x02"
  "\x01\x00\x11\x00\x0d\x08\x09\x02\x01\x00\x11\x00\x0d\x09\x09\x02\x01\x00\x08\x00"
  "\x0d\x0a\x09\x02\x01\x00\x03\x00\x0d\x0b\x09\x02\x01\x00\x00\x00\x0d\x00\x0a\x00"
  "\x00\x00\x00\x00\x0d\x01\x0a\x00\x00\x00\x39\x00\x0d\x02\x0a\x00\x00\x00\x27\x00"
  "\x0d\x03\x0a\x00\x00\x00\x00\x00\x0d\x04\x0a\x00\x00\x00\x01\x00\x0d\x05\x0a\x00"
  "\x00\x00\x02\x00\x0d\x06\x0a\x00\x00\x00\x03\x00\x0d\x07\x0a\x00\x00\x00\x05\x00"
  "\x0d\x08\x0a\x00\x00\x00\x06\x00\x0d\x09\x0a\x00\x00\x00\x07\x00\x0d\x0a\x0a\x00"
  "\x00\x00\x00\x00\x0d\x0b\x0a\x00\x00\x00\x01\x00\x0d\x00\x0a\x00\x01\x00\x01\x00"
  "\x0d\x01\x0a\x00\x01\x00\x39\x00\x0d\x02\x0a\x00\x01\x00\x16\x00\x0d\x03\x0a\x00"
  "\x01\x00\x08\x00\x0d\x04\x0a\x00\x01\x00\x09\x00\x0d\x05\x0a\x00\x01\x00\x0a\x00"
  "\x0d\x06\x0a\x00\x01\x00\x0b\x00\x0d\x07\x0a\x00\x01\x00\x0c\x00\x0d\x08\x0a\x00"
  "\x01\x00\x0d\x00\x0d\x09\x0a\x00\x01\x00\x08\x00\x0d\x0a\x0a\x00\x01\x00\x01\x00"
  "\x0d\x0b\x0a\x00\x01\x00\x03\x00\x0d\x00\x0a\x01\x00\x00\x00\x00\x0d\x01\x0a\x01"
  "\x00\x00\x39\x00\x0d\x02\x0a\x01\x00\x00\x11\x00\x0d\x03\x0a\x01\x00\x00\x00\x00"
  "\x0d\x04\x0a\x01\x00\x00\x01\x00\x0d\x05\x0a\x01\x00\x00\x02\x00\x0d\x06\x0a\x01"
  "\x00\x00\x03\x00\x0d\x07\x0a\x01\x00\x00\x05\x00\x0d\x08\x0a\x01\x00\x00\x06\x00"
  "\x0d\x09\x0a\x01\x00\x00\x07\x00\x0d\x0a\x0a\x01\x00\x00\x00\x00\x0d\x0b\x0a\x01"
  "\x00\x00\x01\x00\x0d\x00\x0a\x01\x01\x00\x01\x00\x0d\x01\x0a\x01\x01\x00\x39\x00"
  "\x0d\x02\x0a\x01\x01\x00\x11\x00\x0d\x03\x0a\x01\x01\x00\x08\x00\x0d\x04\x0a\x01"
  "\x01\x00\x09\x00\x0d\x05\x0a\x01\x01\x00\x0a\x00\x0d\x06\x0a\x01\x01\x00\x0b\x00"
  "\x0d\x07\x0a\x01\x01\x00\x0c\x00\x0d\x08\x0a\x01\x01\x00\x0d\x00\x0d\x09\x0a\x01"
  "\x01\x00\x08\x00\x0d\x0a\x0a\x01\x01\x00\x02\x00\x0d\x0b\x0a\x01\x01\x00\x02\x00"
  "\x0d\x00\x0a\x02\x00\x00\x02\x00\x0d\x01\x0a\x02\x00\x00\x39\x00\x0d\x02\x0a\x02"
  "\x00\x00\x37\x00\x0d\x03\x0a\x02\x00\x00\x04\x00\x0d\x04\x0a\x02\x00\x00\x02\x00"
  "\x0d\x05\x0a\x02\x00\x00\x05\x00\x0d\x06\x0a\x02\x00\x00\x06\x00\x0d\x07\x0a\x02"
  "\x00\x00\x11\x00\x0d\x08\x0a\x02\x00\x00\x11\x00\x0d\x09\x0a\x02\x00\x00\x07\x00"
  "\x0d\x0a\x0a\x02\x00\x00\x03\x00\x0d\x0b\x0a\x02\x00\x00\x00\x00\x0d\x00\x0a\x02"
  "\x01\x00\x02\x00\x0d\x01\x0a\x02\x01\x00\x39\x00\x0d\x02\x0a\x02\x01\x00\x37\x00"
  "\x0d\x03\x0a\x02\x01\x00\x08\x00\x0d\x04\x0a\x02\x01\x00\x09\x00\x0d\x05\x0a\x02"
  "\x01\x00\x0a\x00\x0d\x06\x0a\x02\x01\x00\x0b\x00\x0d\x07\x0a\x02\x01\x00\x11\x00"
  "\x0d\x08\x0a\x02\x01\x00\x11\x00\x0d\x09\x0a\x02\x01\x00\x08\x00\x0d\x0a\x0a\x02"
  "\x01\x00\x03\x00\x0d\x0b\x0a\x02\x01\x00\x00\x00\x0d\x00\x0b\x00\x00\x00\x00\x00"
  "\x0d\x01\x0b\x00\x00\x00\x27\x00\x0d\x02\x0b\x00\x00\x00\x1e\x00\x0d\x03\x0b\x00"
  "\x00\x00\x00\x00\x0d\x04\x0b\x00\x00\x00\x01\x00\x0d\x05\x0b\x00\x00\x00\x02\x00"
  "\x0d\x06\x0b\x00\x00\x00\x03\x00\x0d\x07\x0b\x00\x00\x00\x05\x00\x0d\x08\x0b\x00"
  "\x00\x00\x06\x00\x0d\x09\x0b\x00\x00\x00\x07\x00\x0d\x0a\x0b\x00\x00\x00\x00\x00"
  "\x0d\x0b\x0b\x00\x00\x00\x01\x00\x0d\x00\x0b\x00\x01\x00\x01\x00\x0d\x01\x0b\x00"
  "\x01\x00\x27\x00\x0d\x02\x0b\x00\x01\x00\x36\x00\x0d\x03\x0b\x00\x01\x00\x08\x00"
  "\x0d\x04\x0b\x00\x01\x00\x09\x00\x0d\x05\x0b\x00\x01\x00\x0a\x00\x0d\x06\x0b\x00"
  "\x01\x00\x0b\x00\x0d\x07\x0b\x00\x01\x00\x0c\x00\x0d\x08\x0b\x00\x01\x00\x0d\x00"
  "\x0d\x09\x0b\x00\x01\x00\x08\x00\x0d\x0a\x0b\x00\x01\x00\x01\x00\x0d\x0b\x0b\x00"
  "\x01\x00\x03\x00\x0d\x00\x0b\x01\x00\x00\x00\x00\x0d\x01\x0b\x01\x00\x00\x27\x00"
  "\x0d\x02\x0b\x01\x00\x00\x13\x00\x0d\x03\x0b\x01\x00\x00\x00\x00\x0d\x04\x0b\x01"
  "\x00\x00\x01\x00\x0d\x05\x0b\x01\x00\x00\x02\x00\x0d\x06\x0b\x01\x00\x00\x03\x00"
  "\x0d\x07\x0b\x01\x00\x00\x05\x00\x0d\x08\x0b\x01\x00\x00\x06\x00\x0d\x09\x0b\x01"
  "\x00\x00\x07\x00\x0d\x0a\x0b\x01\x00\x00\x00\x00\x0d\x0b\x0b\x01\x00\x00\x01\x00"
  "\x0d\x00\x0b\x01\x01\x00\x01\x00\x0d\x01\x0b\x01\x01\x00\x27\x00\x0d\x02\x0b\x01"
  "\x01\x00\x13\x00\x0d\x03\x0b\x01\x01\x00\x08\x00\x0d\x04\x0b\x01\x01\x00\x09\x00"
  "\x0d\x05\x0b\x01\x01\x00\x0a\x00\x0d\x06\x0b\x01\x01\x00\x0b\x00\x0d\x07\x0b\x01"
  "\x01\x00\x0c\x00\x0d\x08\x0b\x01\x01\x00\x0d\x00\x0d\x09\x0b\x01\x01\x00\x08\x00"
  "\x0d\x0a\x0b\x01\x01\x00\x02\x00\x0d\x0b\x0b\x01\x01\x00\x02\x00\x0d\x00\x0b\x02"
  "\x00\x00\x02\x00\x0d\x01\x0b\x02\x00\x00\x27\x00\x0d\x02\x0b\x02\x00\x00\x37\x00"
  "\x0d\x03\x0b\x02\x00\x00\x04\x00\x0d\x04\x0b\x02\x00\x00\x02\x00\x0d\x05\x0b\x02"
  "\x00\x00\x05\x00\x0d\x06\x0b\x02\x00\x00\x06\x00\x0d\x07\x0b\x02\x00\x00\x11\x00"
  "\x0d\x08\x0b\x02\x00\x00\x11\x00\x0d\x09\x0b\x02\x00\x00\x07\x00\x0d\x0a\x0b\x02"
  "\x00\x00\x03\x00\x0d\x0b\x0b\x02\x00\x00\x00\x00\x0d\x00\x0b\x02\x01\x00\x02\x00"
  "\x0d\x01\x0b\x02\x01\x00\x27\x00\x0d\x02\x0b\x02\x01\x00\x37\x00\x0d\x03\x0b\x02"
  "\x01\x00\x08\x00\x0d\x04\x0b\x02\x01\x00\x09\x00\x0d\x05\x0b\x02\x01\x00\x0a\x00"
  "\x0d\x06\x0b\x02\x01\x00\x0b\x00\x0d\x07\x0b\x02\x01\x00\x11\x00\x0d\x08\x0b\x02"
  "\x01\x00\x11\x00\x0d\x09\x0b\x02\x01\x00\x08\x00\x0d\x0a\x0b\x02\x01\x00\x03\x00"
  "\x0d\x0b\x0b\x02\x01\x00\x00\x00\x0d\x00\x0c\x00\x00\x00\x00\x00\x0d\x01\x0c\x00"
  "\x00\x00\x4c\x00\x0d\x02\x0c\x00\x00\x00\x29\x00\x0d\x03\x0c\x00\x00\x00\x00\x00"
  "\x0d\x04\x0c\x00\x00\x00\x01\x00\x0d\x05\x0c\x00\x00\x00\x02\x00\x0d\x06\x0c\x00"
  "\x00\x00\x03\x00\x0d\x07\x0c\x00\x00\x00\x05\x00\x0d\x08\x0c\x00\x00\x00\x06\x00"
  "\x0d\x09\x0c\x00\x00\x00\x07\x00\x0d\x0a\x0c\x00\x00\x00\x00\x00\x0d\x0b\x0c\x00"
  "\x00\x00\x01\x00\x0d\x00\x0c\x00\x01\x00\x01\x00\x0d\x01\x0c\x00\x01\x00\x4c\x00"
  "\x0d\x02\x0c\x00\x01\x00\x1a\x00\x0d\x03\x0c\x00\x01\x00\x08\x00\x0d\x04\x0c\x00"
  "\x01\x00\x09\x00\x0d\x05\x0c\x00\x01\x00\x0a\x00\x0d\x06\x0c\x00\x01\x00\x0b\x00"
  "\x0d\x07\x0c\x00\x01\x00\x0c\x00\x0d\x08\x0c\x00\x01\x00\x0d\x00\x0d\x09\x0c\x00"
  "\x01\x00\x08\x00\x0d\x0a\x0c\x00\x01\x00\x01\x00\x0d\x0b\x0c\x00\x01\x00\x03\x00"
  "\x0d\x00\x0c\x01\x00\x00\x00\x00\x0d\x01\x0c\x01\x00\x00\x4c\x00\x0d\x02\x0c\x01"
  "\x00\x00\x0b\x00\x0d\x03\x0c\x01\x00\x00\x00\x00\x0d\x04\x0c\x01\x00\x00\x01\x00"
  "\x0d\x05\x0c\x01\x00\x00\x02\x00\x0d\x06\x0c\x01\x00\x00\x03\x00\x0d\x07\x0c\x01"
  "\x00\x00\x05\x00\x0d\x08\x0c\x01\x00\x00\x06\x00\x0d\x09\x0c\x01\x00\x00\x07\x00"
  "\x0d\x0a\x0c\x01\x00\x00\x00\x00\x0d\x0b\x0c\x01\x00\x00\x01\x00\x0d\x00\x0c\x01"
  "\x01\x00\x01\x00\x0d\x01\x0c\x01\x01\x00\x4c\x00\x0d\x02\x0c\x01\x01\x00\x0b\x00"
  "\x0d\x03\x0c\x01\x01\x00\x08\x00\x0d\x04\x0c\x01\x01\x00\x09\x00\x0d\x05\x0c\x01"
  "\x01\x00\x0a\x00\x0d\x06\x0c\x01\x01\x00\x0b\x00\x0d\x07\x0c\x01\x01\x00\x0c\x00"
  "\x0d\x08\x0c\x01\x01\x00\x0d\x00\x0d\x09\x0c\x01\x01\x00\x08\x00\x0d\x0a\x0c\x01"
  "\x01\x00\x02\x00\x0d\x0b\x0c\x01\x01\x00\x02\x00\x0d\x00\x0c\x02\x00\x00\x02\x00"
  "\x0d\x01\x0c\x02\x00\x00\x4c\x00\x0d\x02\x0c\x02\x00\x00\x37\x00\x0d\x03\x0c\x02"
  "\x00\x00\x04\x00\x0d\x04\x0c\x02\x00\x00\x02\x00\x0d\x05\x0c\x02\x00\x00\x05\x00"
  "\x0d\x06\x0c\x02\x00\x00\x06\x00\x0d\x07\x0c\x02\x00\x00\x11\x00\x0d\x08\x0c\x02"
  "\x00\x00\x11\x00\x0d\x09\x0c\x02\x00\x00\x07\x00\x0d\x0a\x0c\x02\x00\x00\x03\x00"
  "\x0d\x0b\x0c\x02\x00\x00\x00\x00\x0d\x00\x0c\x02\x01\x00\x02\x00\x0d\x01\x0c\x02"
  "\x01\x00\x4c\x00\x0d\x02\x0c\x02\x01\x00\x37\x00\x0d\x03\x0c\x02\x01\x00\x08\x00"
  "\x0d\x04\x0c\x02\x01\x00\x09\x00\x0d\x05\x0c\x02\x01\x00\x0a\x00\x0d\x06\x0c\x02"
  "\x01\x00\x0b\x00\x0d\x07\x0c\x02\x01\x00\x11\x00\x0d\x08\x0c\x02\x01\x00\x11\x00"
  "\x0d\x09\x0c\x02\x01\x00\x08\x00\x0d\x0a\x0c\x02\x01\x00\x03\x00\x0d\x0b\x0c\x02"
  "\x01\x00\x00\x00\x0d\x00\x0d\x00\x00\x00\x00\x00\x0d\x01\x0d\x00\x00\x00\x11\x00"
  "\x0d\x02\x0d\x00\x00\x00\x2a\x00\x0d\x03\x0d\x00\x00\x00\x00\x00\x0d\x04\x0d\x00"
  "\x00\x00\x01\x00\x0d\x05\x0d\x00\x00\x00\x02\x00\x0d\x06\x0d\x00\x00\x00\x03\x00"
  "\x0d\x07\x0d\x00\x00\x00\x05\x00\x0d\x08\x0d\x00\x00\x00\x06\x00\x0d\x09\x0d\x00"
  "\x00\x00\x07\x00\x0d\x0a\x0d\x00\x00\x00\x00\x00\x0d\x0b\x0d\x00\x00\x00\x01\x00"
  "\x0d\x00\x0d\x00\x01\x00\x01\x00\x0d\x01\x0d\x00\x01\x00\x11\x00\x0d\x02\x0d\x00"
  "\x01\x00\x1f\x00\x0d\x03\x0d\x00\x01\x00\x08\x00\x0d\x04\x0d\x00\x01\x00\x09\x00"
  "\x0d\x05\x0d\x00\x01\x00\x0a\x00\x0d\x06\x0d\x00\x01\x00\x0b\x00\x0d\x07\x0d\x00"
  "\x01\x00\x0c\x00\x0d\x08\x0d\x00\x01\x00\x0d\x00\x0d\x09\x0d\x00\x01\x00\x08\x00"
  "\x0d\x0a\x0d\x00\x01\x00\x01\x00\x0d\x0b\x0d\x00\x01\x00\x03\x00\x0d\x00\x0d\x01"
  "\x00\x00\x00\x00\x0d\x01\x0d\x01\x00\x00\x11\x00\x0d\x02\x0d\x01\x00\x00\x0c\x00"
  "\x0d\x03\x0d\x01\x00\x00\x00\x00\x0d\x04\x0d\x01\x00\x00\x01\x00\x0d\x05\x0d\x01"
  "\x00\x00\x02\x00\x0d\x06\x0d\x01\x00\x00\x03\x00\x0d\x07\x0d\x01\x00\x00\x05\x00"
  "\x0d\x08\x0d\x01\x00\x00\x06\x00\x0d\x09\x0d\x01\x00\x00\x07\x00\x0d\x0a\x0d\x01"
  "\x00\x00\x00\x00\x0d\x0b\x0d\x01\x00\x00\x01\x00\x0d\x00\x0d\x01\x01\x00\x01\x00"
  "\x0d\x01\x0d\x01\x01\x00\x11\x00\x0d\x02\x0d\x01\x01\x00\x0c\x00\x0d\x03\x0d\x01"
  "\x01\x00\x08\x00\x0d\x04\x0d\x01\x01\x00\x09\x00\x0d\x05\x0d\x01\x01\x00\x0a\x00"
  "\x0d\x06\x0d\x01\x01\x00\x0b\x00\x0d\x07\x0d\x01\x01\x00\x0c\x00\x0d\x08\x0d\x01"
  "\x01\x00\x0d\x00\x0d\x09\x0d\x01\x01\x00\x08\x00\x0d\x0a\x0d\x01\x01\x00\x02\x00"
  "\x0d\x0b\x0d\x01\x01\x00\x02\x00\x0d\x00\x0d\x02\x00\x00\x02\x00\x0d\x01\x0d\x02"
  "\x00\x00\x11\x00\x0d\x02\x0d\x02\x00\x00\x37\x00\x0d\x03\x0d\x02\x00\x00\x04\x00"
  "\x0d\x04\x0d\x02\x00\x00\x02\x00\x0d\x05\x0d\x02\x00\x00\x05\x00\x0d\x06\x0d\x02"
  "\x00\x00\x06\x00\x0d\x07\x0d\x02\x00\x00\x11\x00\x0d\x08\x0d\x02\x00\x00\x11\x00"
  "\x0d\x09\x0d\x02\x00\x00\x07\x00\x0d\x0a\x0d\x02\x00\x00\x03\x00\x0d\x0b\x0d\x02"
  "\x00\x00\x00\x00\x0d\x00\x0d\x02\x01\x00\x02\x00\x0d\x01\x0d\x02\x01\x00\x11\x00"
  "\x0d\x02\x0d\x02\x01\x00\x37\x00\x0d\x03\x0d\x02\x01\x00\x08\x00\x0d\x04\x0d\x02"
  "\x01\x00\x09\x00\x0d\x05\x0d\x02\x01\x00\x0a\x00\x0d\x06\x0d\x02\x01\x00\x0b\x00"
  "\x0d\x07\x0d\x02\x01\x00\x11\x00\x0d\x08\x0d\x02\x01\x00\x11\x00\x0d\x09\x0d\x02"
  "\x01\x00\x08\x00\x0d\x0a\x0d\x02\x01\x00\x03\x00\x0d\x0b\x0d\x02\x01\x00\x00\x00"
  "\x0d\x00\x0e\x00\x00\x00\x00\x00\x0d\x01\x0e\x00\x00\x00\x07\x00\x0d\x02\x0e\x00"
  "\x00\x00\x2c\x00\x0d\x03\x0e\x00\x00\x00\x00\x00\x0d\x04\x0e\x00\x00\x00\x01\x00"
  "\x0d\x05\x0e\x00\x00\x00\x02\x00\x0d\x06\x0e\x00\x00\x00\x03\x00\x0d\x07\x0e\x00"
  "\x00\x00\x05\x00\x0d\x08\x0e\x00\x00\x00\x06\x00\x0d\x09\x0e\x00\x00\x00\x07\x00"
  "\x0d\x0a\x0e\x00\x00\x00\x00\x00\x0d\x0b\x0e\x00\x00\x00\x01\x00\x0d\x00\x0e\x00"
  "\x01\x00\x01\x00\x0d\x01\x0e\x00\x01\x00\x07\x00\x0d\x02\x0e\x00\x01\x00\x1c\x00"
  "\x0d\x03\x0e\x00\x01\x00\x08\x00\x0d\x04\x0e\x00\x01\x00\x09\x00\x0d\x05\x0e\x00"
  "\x01\x00\x0a\x00\x0d\x06\x0e\x00\x01\x00\x0b\x00\x0d\x07\x0e\x00\x01\x00\x0c\x00"
  "\x0d\x08\x0e\x00\x01\x00\x0d\x00\x0d\x09\x0e\x00\x01\x00\x08\x00\x0d\x0a\x0e\x00"
  "\x01\x00\x01\x00\x0d\x0b\x0e\x00\x01\x00\x03\x00\x0d\x00\x0e\x01\x00\x00\x00\x00"
  "\x0d\x01\x0e\x01\x00\x00\x07\x00\x0d\x02\x0e\x01\x00\x00\x0d\x00\x0d\x03\x0e\x01"
  "\x00\x00\x00\x00\x0d\x04\x0e\x01\x00\x00\x01\x00\x0d\x05\x0e\x01\x00\x00\x02\x00"
  "\x0d\x06\x0e\x01\x00\x00\x03\x00\x0d\x07\x0e\x01\x00\x00\x05\x00\x0d\x08\x0e\x01"
  "\x00\x00\x06\x00\x0d\x09\x0e\x01\x00\x00\x07\x00\x0d\x0a\x0e\x01\x00\x00\x00\x00"
  "\x0d\x0b\x0e\x01\x00\x00\x01\x00\x0d\x00\x0e\x01\x01\x00\x01\x00\x0d\x01\x0e\x01"
  "\x01\x00\x07\x00\x0d\x02\x0e\x01\x01\x00\x0d\x00\x0d\x03\x0e\x01\x01\x00\x08\x00"
  "\x0d\x04\x0e\x01\x01\x00\x09\x00\x0d\x05\x0e\x01\x01\x00\x0a\x00\x0d\x06\x0e\x01"
  "\x01\x00\x0b\x00\x0d\x07\x0e\x01\x01\x00\x0c\x00\x0d\x08\x0e\x01\x01\x00\x0d\x00"
  "\x0d\x09\x0e\x01\x01\x00\x08\x00\x0d\x0a\x0e\x01\x01\x00\x02\x00\x0d\x0b\x0e\x01"
  "\x01\x00\x02\x00\x0d\x00\x0e\x02\x00\x00\x02\x00\x0d\x01\x0e\x02\x00\x00\x07\x00"
  "\x0d\x02\x0e\x02\x00\x00\x37\x00\x0d\x03\x0e\x02\x00\x00\x04\x00\x0d\x04\x0e\x02"
  "\x00\x00\x02\x00\x0d\x05\x0e\x02\x00\x00\x05\x00\x0d\x06\x0e\x02\x00\x00\x06\x00"
  "\x0d\x07\x0e\x02\x00\x00\x11\x00\x0d\x08\x0e\x02\x00\x00\x11\x00\x0d\x09\x0e\x02"
  "\x00\x00\x07\x00\x0d\x0a\x0e\x02\x00\x00\x03\x00\x0d\x0b\x0e\x02\x00\x00\x00\x00"
  "\x0d\x00\x0e\x02\x01\x00\x02\x00\x0d\x01\x0e\x02\x01\x00\x07\x00\x0d\x02\x0e\x02"
  "\x01\x00\x37\x00\x0d\x03\x0e\x02\x01\x00\x08\x00\x0d\x04\x0e\x02\x01\x00\x09\x00"
  "\x0d\x05\x0e\x02\x01\x00\x0a\x00\x0d\x06\x0e\x02\x01\x00\x0b\x00\x0d\x07\x0e\x02"
  "\x01\x00\x11\x00\x0d\x08\x0e\x02\x01\x00\x11\x00\x0d\x09\x0e\x02\x01\x00\x08\x00"
  "\x0d\x0a\x0e\x02\x01\x00\x03\x00\x0d\x0b\x0e\x02\x01\x00\x00\x00\x0d\x00\x0f\x00"
  "\x00\x00\x00\x00\x0d\x01\x0f\x00\x00\x00\x2d\x00\x0d\x02\x0f\x00\x00\x00\x2d\x00"
  "\x0d\x03\x0f\x00\x00\x00\x00\x00\x0d\x04\x0f\x00\x00\x00\x01\x00\x0d\x05\x0f\x00"
  "\x00\x00\x02\x00\x0d\x06\x0f\x00\x00\x00\x03\x00\x0d\x07\x0f\x00\x00\x00\x05\x00"
  "\x0d\x08\x0f\x00\x00\x00\x06\x00\x0d\x09\x0f\x00\x00\x00\x07\x00\x0d\x0a\x0f\x00"
  "\x00\x00\x00\x00\x0d\x0b\x0f\x00\x00\x00\x01\x00\x0d\x00\x0f\x00\x01\x00\x01\x00"
  "\x0d\x01\x0f\x00\x01\x00\x2d\x00\x0d\x02\x0f\x00\x01\x00\x1d\x00\x0d\x03\x0f\x00"
  "\x01\x00\x08\x00\x0d\x04\x0f\x00\x01\x00\x09\x00\x0d\x05\x0f\x00\x01\x00\x0a\x00"
  "\x0d\x06\x0f\x00\x01\x00\x0b\x00\x0d\x07\x0f\x00\x01\x00\x0c\x00\x0d\x08\x0f\x00"
  "\x01\x00\x0d\x00\x0d\x09\x0f\x00\x01\x00\x08\x00\x0d\x0a\x0f\x00\x01\x00\x01\x00"
  "\x0d\x0b\x0f\x00\x01\x00\x03\x00\x0d\x00\x0f\x01\x00\x00\x00\x00\x0d\x01\x0f\x01"
  "\x00\x00\x2d\x00\x0d\x02\x0f\x01\x00\x00\x0e\x00\x0d\x03\x0f\x01\x00\x00\x00\x00"
  "\x0d\x04\x0f\x01\x00\x00\x01\x00\x0d\x05\x0f\x01\x00\x00\x02\x00\x0d\x06\x0f\x01"
  "\x00\x00\x03\x00\x0d\x07\x0f\x01\x00\x00\x05\x00\x0d\x08\x0f\x01\x00\x00\x06\x00"
  "\x0d\x09\x0f\x01\x00\x00\x07\x00\x0d\x0a\x0f\x01\x00\x00\x00\x00\x0d\x0b\x0f\x01"
  "\x00\x00\x01\x00\x0d\x00\x0f\x01\x01\x00\x01\x00\x0d\x01\x0f\x01\x01\x00\x2d\x00"
  "\x0d\x02\x0f\x01\x01\x00\x0e\x00\x0d\x03\x0f\x01\x01\x00\x08\x00\x0d\x04\x0f\x01"
  "\x01\x00\x09\x00\x0d\x05\x0f\x01\x01\x00\x0a\x00\x0d\x06\x0f\x01\x01\x00\x0b\x00"
  "\x0d\x07\x0f\x01\x01\x00\x0c\x00\x0d\x08\x0f\x01\x01\x00\x0d\x00\x0d\x09\x0f\x01"
  "\x01\x00\x08\x00\x0d\x0a\x0f\x01\x01\x00\x02\x00\x0d\x0b\x0f\x01\x01\x00\x02\x00"
  "\x0d\x00\x0f\x02\x00\x00\x02\x00\x0d\x01\x0f\x02\x00\x00\x2d\x00\x0d\x02\x0f\x02"
  "\x00\x00\x37\x00\x0d\x03\x0f\x02\x00\x00\x04\x00\x0d\x04\x0f\x02\x00\x00\x02\x00"
  "\x0d\x05\x0f\x02\x00\x00\x05\x00\x0d\x06\x0f\x02\x00\x00\x06\x00\x0d\x07\x0f\x02"
  "\x00\x00\x11\x00\x0d\x08\x0f\x02\x00\x00\x11\x00\x0d\x09\x0f\x02\x00\x00\x07\x00"
  "\x0d\x0a\x0f\x02\x00\x00\x03\x00\x0d\x0b\x0f\x02\x00\x00\x00\x00\x0d\x00\x0f\x02"
  "\x01\x00\x02\x00\x0d\x01\x0f\x02\x01\x00\x2d\x00\x0d\x02\x0f\x02\x01\x00\x37\x00"
  "\x0d\x03\x0f\x02\x01\x00\x08\x00\x0d\x04\x0f\x02\x01\x00\x09\x00\x0d\x05\x0f\x02"
  "\x01\x00\x0a\x00\x0d\x06\x0f\x02\x01\x00\x0b\x00\x0d\x07\x0f\x02\x01\x00\x11\x00"
  "\x0d\x08\x0f\x02\x01\x00\x11\x00\x0d\x09\x0f\x02\x01\x00\x08\x00\x0d\x0a\x0f\x02"
  "\x01\x00\x03\x00\x0d\x0b\x0f\x02\x01\x00\x00\x00\x0d\x00\x10\x00\x00\x00\x00\x00"
  "\x0d\x01\x10\x00\x00\x00\x00\x00\x0d\x02\x10\x00\x00\x00\x2b\x00\x0d\x03\x10\x00"
  "\x00\x00\x00\x00\x0d\x04\x10\x00\x00\x00\x01\x00\x0d\x05\x10\x00\x00\x00\x02\x00"
  "\x0d\x06\x10\x00\x00\x00\x03\x00\x0d\x07\x10\x00\x00\x00\x05\x00\x0d\x08\x10\x00"
  "\x00\x00\x06\x00\x0d\x09\x10\x00\x00\x00\x07\x00\x0d\x0a\x10\x00\x00\x00\x00\x00"
  "\x0d\x0b\x10\x00\x00\x00\x01\x00\x0d\x00\x10\x00\x01\x00\x01\x00\x0d\x01\x10\x00"
  "\x01\x00\x00\x00\x0d\x02\x10\x00\x01\x00\x1e\x00\x0d\x03\x10\x00\x01\x00\x08\x00"
  "\x0d\x04\x10\x00\x01\x00\x09\x00\x0d\x05\x10\x00\x01\x00\x0a\x00\x0d\x06\x10\x00"
  "\x01\x00\x0b\x00\x0d\x07\x10\x00\x01\x00\x0c\x00\x0d\x08\x10\x00\x01\x00\x0d\x00"
  "\x0d\x09\x10\x00\x01\x00\x08\x00\x0d\x0a\x10\x00\x01\x00\x01\x00\x0d\x0b\x10\x00"
  "\x01\x00\x03\x00\x0d\x00\x10\x01\x00\x00\x00\x00\x0d\x01\x10\x01\x00\x00\x00\x00"
  "\x0d\x02\x10\x01\x00\x00\x07\x00\x0d\x03\x10\x01\x00\x00\x00\x00\x0d\x04\x10\x01"
  "\x00\x00\x01\x00\x0d\x05\x10\x01\x00\x00\x02\x00\x0d\x06\x10\x01\x00\x00\x03\x00"
  "\x0d\x07\x10\x01\x00\x00\x05\x00\x0d\x08\x10\x01\x00\x00\x06\x00\x0d\x09\x10\x01"
  "\x00\x00\x07\x00\x0d\x0a\x10\x01\x00\x00\x00\x00\x0d\x0b\x10\x01\x00\x00\x01\x00"
  "\x0d\x00\x10\x01\x01\x00\x01\x00\x0d\x01\x10\x01\x01\x00\x00\x00\x0d\x02\x10\x01"
  "\x01\x00\x07\x00\x0d\x03\x10\x01\x01\x00\x08\x00\x0d\x04\x10\x01\x01\x00\x09\x00"
  "\x0d\x05\x10\x01\x01\x00\x0a\x00\x0d\x06\x10\x01\x01\x00\x0b\x00\x0d\x07\x10\x01"
  "\x01\x00\x0c\x00\x0d\x08\x10\x01\x01\x00\x0d\x00\x0d\x09\x10\x01\x01\x00\x08\x00"
  "\x0d\x0a\x10\x01\x01\x00\x02\x00\x0d\x0b\x10\x01\x01\x00\x02\x00\x0d\x00\x10\x02"
  "\x00\x00\x02\x00\x0d\x01\x10\x02\x00\x00\x00\x00\x0d\x02\x10\x02\x00\x00\x37\x00"
  "\x0d\x03\x10\x02\x00\x00\x04\x00\x0d\x04\x10\x02\x00\x00\x02\x00\x0d\x05\x10\x02"
  "\x00\x00\x05\x00\x0d\x06\x10\x02\x00\x00\x06\x00\x0d\x07\x10\x02\x00\x00\x11\x00"
  "\x0d\x08\x10\x02\x00\x00\x11\x00\x0d\x09\x10\x02\x00\x00\x07\x00\x0d\x0a\x10\x02"
  "\x00\x00\x03\x00\x0d\x0b\x10\x02\x00\x00\x00\x00\x0d\x00\x10\x02\x01\x00\x02\x00"
  "\x0d\x01\x10\x02\x01\x00\x00\x00\x0d\x02\x10\x02\x01\x00\x37\x00\x0d\x03\x10\x02"
  "\x01\x00\x08\x00\x0d\x04\x10\x02\x01\x00\x09\x00\x0d\x05\x10\x02\x01\x00\x0a\x00"
  "\x0d\x06\x10\x02\x01\x00\x0b\x00\x0d\x07\x10\x02\x01\x00\x11\x00\x0d\x08\x10\x02"
  "\x01\x00\x11\x00\x0d\x09\x10\x02\x01\x00\x08\x00\x0d\x0a\x10\x02\x01\x00\x03\x00"
  "\x0d\x0b\x10\x02\x01\x00\x00\x00\x0d\x00\x11\x00\x00\x00\x00\x00\x0d\x01\x11\x00"
  "\x00\x00\x0e\x00\x0d\x02\x11\x00\x00\x00\x2e\x00\x0d\x03\x11\x00\x00\x00\x00\x00"
  "\x0d\x04\x11\x00\x00\x00\x01\x00\x0d\x05\x11\x00\x00\x00\x02\x00\x0d\x06\x11\x00"
  "\x00\x00\x03\x00\x0d\x07\x11\x00\x00\x00\x05\x00\x0d\x08\x11\x00\x00\x00\x06\x00"
  "\x0d\x09\x11\x00\x00\x00\x07\x00\x0d\x0a\x11\x00\x00\x00\x00\x00\x0d\x0b\x11\x00"
  "\x00\x00\x01\x00\x0d\x00\x11\x00\x01\x00\x01\x00\x0d\x01\x11\x00\x01\x00\x0e\x00"
  "\x0d\x02\x11\x00\x01\x00\x21\x00\x0d\x03\x11\x00\x01\x00\x08\x00\x0d\x04\x11\x00"
  "\x01\x00\x09\x00\x0d\x05\x11\x00\x01\x00\x0a\x00\x0d\x06\x11\x00\x01\x00\x0b\x00"
  "\x0d\x07\x11\x00\x01\x00\x0c\x00\x0d\x08\x11\x00\x01\x00\x0d\x00\x0d\x09\x11\x00"
  "\x01\x00\x08\x00\x0d\x0a\x11\x00\x01\x00\x01\x00\x0d\x0b\x11\x00\x01\x00\x03\x00"
  "\x0d\x00\x11\x01\x00\x00\x00\x00\x0d\x01\x11\x01\x00\x00\x0e\x00\x0d\x02\x11\x01"
  "\x00\x00\x12\x00\x0d\x03\x11\x01\x00\x00\x00\x00\x0d\x04\x11\x01\x00\x00\x01\x00"
  "\x0d\x05\x11\x01\x00\x00\x02\x00\x0d\x06\x11\x01\x00\x00\x03\x00\x0d\x07\x11\x01"
  "\x00\x00\x05\x00\x0d\x08\x11\x01\x00\x00\x06\x00\x0d\x09\x11\x01\x00\x00\x07\x00"
  "\x0d\x0a\x11\x01\x00\x00\x00\x00\x0d\x0b\x11\x01\x00\x00\x01\x00\x0d\x00\x11\x01"
  "\x01\x00\x01\x00\x0d\x01\x11\x01\x01\x00\x0e\x00\x0d\x02\x11\x01\x01\x00\x12\x00"
  "\x0d\x03\x11\x01\x01\x00\x08\x00\x0d\x04\x11\x01\x01\x00\x09\x00\x0d\x05\x11\x01"
  "\x01\x00\x0a\x00\x0d\x06\x11\x01\x01\x00\x0b\x00\x0d\x07\x11\x01\x01\x00\x0c\x00"
  "\x0d\x08\x11\x01\x01\x00\x0d\x00\x0d\x09\x11\x01\x01\x00\x08\x00\x0d\x0a\x11\x01"
  "\x01\x00\x02\x00\x0d\x0b\x11\x01\x01\x00\x02\x00\x0d\x00\x11\x02\x00\x00\x02\x00"
  "\x0d\x01\x11\x02\x00\x00\x0e\x00\x0d\x02\x11\x02\x00\x00\x37\x00\x0d\x03\x11\x02"
  "\x00\x00\x04\x00\x0d\x04\x11\x02\x00\x00\x02\x00\x0d\x05\x11\x02\x00\x00\x05\x00"
  "\x0d\x06\x11\x02\x00\x00\x06\x00\x0d\x07\x11\x02\x00\x00\x11\x00\x0d\x08\x11\x02"
  "\x00\x00\x11\x00\x0d\x09\x11\x02\x00\x00\x07\x00\x0d\x0a\x11\x02\x00\x00\x03\x00"
  "\x0d\x0b\x11\x02\x00\x00\x00\x00\x0d\x00\x11\x02\x01\x00\x02\x00\x0d\x01\x11\x02"
  "\x01\x00\x0e\x00\x0d\x02\x11\x02\x01\x00\x37\x00\x0d\x03\x11\x02\x01\x00\x08\x00"
  "\x0d\x04\x11\x02\x01\x00\x09\x00\x0d\x05\x11\x02\x01\x00\x0a\x00\x0d\x06\x11\x02"
  "\x01\x00\x0b\x00\x0d\x07\x11\x02\x01\x00\x11\x00\x0d\x08\x11\x02\x01\x00\x11\x00"
  "\x0d\x09\x11\x02\x01\x00\x08\x00\x0d\x0a\x11\x02\x01\x00\x03\x00\x0d\x0b\x11\x02"
  "\x01\x00\x00\x00\x0d\x00\x12\x00\x00\x00\x00\x00\x0d\x01\x12\x00\x00\x00\x1c\x00"
  "\x0d\x02\x12\x00\x00\x00\x30\x00\x0d\x03\x12\x00\x00\x00\x00\x00\x0d\x04\x12\x00"
  "\x00\x00\x01\x00\x0d\x05\x12\x00\x00\x00\x02\x00\x0d\x06\x12\x00\x00\x00\x03\x00"
  "\x0d\x07\x12\x00\x00\x00\x05\x00\x0d\x08\x12\x00\x00\x00\x06\x00\x0d\x09\x12\x00"
  "\x00\x00\x07\x00\x0d\x0a\x12\x00\x00\x00\x00\x00\x0d\x0b\x12\x00\x00\x00\x01\x00"
  "\x0d\x00\x12\x00\x01\x00\x01\x00\x0d\x01\x12\x00\x01\x00\x1c\x00\x0d\x02\x12\x00"
  "\x01\x00\x22\x00\x0d\x03\x12\x00\x01\x00\x08\x00\x0d\x04\x12\x00\x01\x00\x09\x00"
  "\x0d\x05\x12\x00\x01\x00\x0a\x00\x0d\x06\x12\x00\x01\x00\x0b\x00\x0d\x07\x12\x00"
  "\x01\x00\x0c\x00\x0d\x08\x12\x00\x01\x00\x0d\x00\x0d\x09\x12\x00\x01\x00\x08\x00"
  "\x0d\x0a\x12\x00\x01\x00\x01\x00\x0d\x0b\x12\x00\x01\x00\x03\x00\x0d\x00\x12\x01"
  "\x00\x00\x00\x00\x0d\x01\x12\x01\x00\x00\x1c\x00\x0d\x02\x12\x01\x00\x00\x08\x00"
  "\x0d\x03\x12\x01\x00\x00\x00\x00\x0d\x04\x12\x01\x00\x00\x01\x00\x0d\x05\x12\x01"
  "\x00\x00\x02\x00\x0d\x06\x12\x01\x00\x00\x03\x00\x0d\x07\x12\x01\x00\x00\x05\x00"
  "\x0d\x08\x12\x01\x00\x00\x06\x00\x0d\x09\x12\x01\x00\x00\x07\x00\x0d\x0a\x12\x01"
  "\x00\x00\x00\x00\x0d\x0b\x12\x01\x00\x00\x01\x00\x0d\x00\x12\x01\x01\x00\x01\x00"
  "\x0d\x01\x12\x01\x01\x00\x1c\x00\x0d\x02\x12\x01\x01\x00\x08\x00\x0d\x03\x12\x01"
  "\x01\x00\x08\x00\x0d\x04\x12\x01\x01\x00\x09\x00\x0d\x05\x12\x01\x01\x00\x0a\x00"
  "\x0d\x06\x12\x01\x01\x00\x0b\x00\x0d\x07\x12\x01\x01\x00\x0c\x00\x0d\x08\x12\x01"
  "\x01\x00\x0d\x00\x0d\x09\x12\x01\x01\x00\x08\x00\x0d\x0a\x12\x01\x01\x00\x02\x00"
  "\x0d\x0b\x12\x01\x01\x00\x02\x00\x0d\x00\x12\x02\x00\x00\x02\x00\x0d\x01\x12\x02"
  "\x00\x00\x1c\x00\x0d\x02\x12\x02\x00\x00\x37\x00\x0d\x03\x12\x02\x00\x00\x04\x00"
  "\x0d\x04\x12\x02\x00\x00\x02\x00\x0d\x05\x12\x02\x00\x00\x05\x00\x0d\x06\x12\x02"
  "\x00\x00\x06\x00\x0d\x07\x12\x02\x00\x00\x11\x00\x0d\x08\x12\x02\x00\x00\x11\x00"
  "\x0d\x09\x12\x02\x00\x00\x07\x00\x0d\x0a\x12\x02\x00\x00\x03\x00\x0d\x0b\x12\x02"
  "\x00\x00\x00\x00\x0d\x00\x12\x02\x01\x00\x02\x00\x0d\x01\x12\x02\x01\x00\x1c\x00"
  "\x0d\x02\x12\x02\x01\x00\x37\x00\x0d\x03\x12\x02\x01\x00\x08\x00\x0d\x04\x12\x02"
  "\x01\x00\x09\x00\x0d\x05\x12\x02\x01\x00\x0a\x00\x0d\x06\x12\x02\x01\x00\x0b\x00"
  "\x0d\x07\x12\x02\x01\x00\x11\x00\x0d\x08\x12\x02\x01\x00\x11\x00\x0d\x09\x12\x02"
  "\x01\x00\x08\x00\x0d\x0a\x12\x02\x01\x00\x03\x00\x0d\x0b\x12\x02\x01\x00\x00\x00"
  "\x0d\x00\x13\x00\x00\x00\x03\x00\x0d\x01\x13\x00\x00\x00\x01\x00\x0d\x02\x13\x00"
  "\x00\x00\x37\x00\x0d\x03\x13\x00\x00\x00\x11\x00\x0d\x04\x13\x00\x00\x00\x11\x00"
  "\x0d\x05\x13\x00\x00\x00\x11\x00\x0d\x06\x13\x00\x00\x00\x11\x00\x0d\x07\x13\x00"
  "\x00\x00\x11\x00\x0d\x08\x13\x00\x00\x00\x11\x00\x0d\x09\x13\x00\x00\x00\x11\x00"
  "\x0d\x0a\x13\x00\x00\x00\x04\x00\x0d\x0b\x13\x00\x00\x00\x00\x00\x0d\x00\x13\x00"
  "\x01\x00\x04\x00\x0d\x01\x13\x00\x01\x00\x01\x00\x0d\x02\x13\x00\x01\x00\x37\x00"
  "\x0d\x03\x13\x00\x01\x00\x11\x00\x0d\x04\x13\x00\x01\x00\x11\x00\x0d\x05\x13\x00"
  "\x01\x00\x11\x00\x0d\x06\x13\x00\x01\x00\x11\x00\x0d\x07\x13\x00\x01\x00\x11\x00"
  "\x0d\x08\x13\x00\x01\x00\x11\x00\x0d\x09\x13\x00\x01\x00\x11\x00\x0d\x0a\x13\x00"
  "\x01\x00\x04\x00\x0d\x0b\x13\x00\x01\x00\x00\x00\x0d\x00\x13\x01\x00\x00\x03\x00"
  "\x0d\x01\x13\x01\x00\x00\x01\x00\x0d\x02\x13\x01\x00\x00\x37\x00\x0d\x03\x13\x01"
  "\x00\x00\x11\x00\x0d\x04\x13\x01\x00\x00\x11\x00\x0d\x05\x13\x01\x00\x00\x11\x00"
  "\x0d\x06\x13\x01\x00\x00\x11\x00\x0d\x07\x13\x01\x00\x00\x11\x00\x0d\x08\x13\x01"
  "\x00\x00\x11\x00\x0d\x09\x13\x01\x00\x00\x11\x00\x0d\x0a\x13\x01\x00\x00\x04\x00"
  "\x0d\x0b\x13\x01\x00\x00\x00\x00\x0d\x00\x13\x01\x01\x00\x04\x00\x0d\x01\x13\x01"
  "\x01\x00\x01\x00\x0d\x02\x13\x01\x01\x00\x37\x00\x0d\x03\x13\x01\x01\x00\x11\x00"
  "\x0d\x04\x13\x01\x01\x00\x11\x00\x0d\x05\x13\x01\x01\x00\x11\x00\x0d\x06\x13\x01"
  "\x01\x00\x11\x00\x0d\x07\x13\x01\x01\x00\x11\x00\x0d\x08\x13\x01\x01\x00\x11\x00"
  "\x0d\x09\x13\x01\x01\x00\x11\x00\x0d\x0a\x13\x01\x01\x00\x04\x00\x0d\x0b\x13\x01"
  "\x01\x00\x00\x00\x0d\x00\x13\x02\x00\x00\x03\x00\x0d\x01\x13\x02\x00\x00\x01\x00"
  "\x0d\x02\x13\x02\x00\x00\x37\x00\x0d\x03\x13\x02\x00\x00\x11\x00\x0d\x04\x13\x02"
  "\x00\x00\x11\x00\x0d\x05\x13\x02\x00\x00\x11\x00\x0d\x06\x13\x02\x00\x00\x11\x00"
  "\x0d\x07\x13\x02\x00\x00\x11\x00\x0d\x08\x13\x02\x00\x00\x11\x00\x0d\x09\x13\x02"
  "\x00\x00\x11\x00\x0d\x0a\x13\x02\x00\x00\x04\x00\x0d\x0b\x13\x02\x00\x00\x00\x00"
  "\x0d\x00\x13\x02\x01\x00\x04\x00\x0d\x01\x13\x02\x01\x00\x01\x00\x0d\x02\x13\x02"
  "\x01\x00\x37\x00\x0d\x03\x13\x02\x01\x00\x11\x00\x0d\x04\x13\x02\x01\x00\x11\x00"
  "\x0d\x05\x13\x02\x01\x00\x11\x00\x0d\x06\x13\x02\x01\x00\x11\x00\x0d\x07\x13\x02"
  "\x01\x00\x11\x00\x0d\x08\x13\x02\x01\x00\x11\x00\x0d\x09\x13\x02\x01\x00\x11\x00"
  "\x0d\x0a\x13\x02\x01\x00\x04\x00\x0d\x0b\x13\x02\x01\x00\x00\x00\x0d\x00\x14\x00"
  "\x00\x00\x03\x00\x0d\x01\x14\x00\x00\x00\x51\x00\x0d\x02\x14\x00\x00\x00\x37\x00"
  "\x0d\x03\x14\x00\x00\x00\x11\x00\x0d\x04\x14\x00\x00\x00\x11\x00\x0d\x05\x14\x00"
  "\x00\x00\x11\x00\x0d\x06\x14\x00\x00\x00\x11\x00\x0d\x07\x14\x00\x00\x00\x11\x00"
  "\x0d\x08\x14\x00\x00\x00\x11\x00\x0d\x09\x14\x00\x00\x00\x11\x00\x0d\x0a\x14\x00"
  "\x00\x00\x04\x00\x0d\x0b\x14\x00\x00\x00\x00\x00\x0d\x00\x14\x00\x01\x00\x04\x00"
  "\x0d\x01\x14\x00\x01\x00\x51\x00\x0d\x02\x14\x00\x01\x00\x37\x00\x0d\x03\x14\x00"
  "\x01\x00\x11\x00\x0d\x04\x14\x00\x01\x00\x11\x00\x0d\x05\x14\x00\x01\x00\x11\x00"
  "\x0d\x06\x14\x00\x01\x00\x11\x00\x0d\x07\x14\x00\x01\x00\x11\x00\x0d\x08\x14\x00"
  "\x01\x00\x11\x00\x0d\x09\x14\x00\x01\x00\x11\x00\x0d\x0a\x14\x00\x01\x00\x04\x00"
  "\x0d\x0b\x14\x00\x01\x00\x00\x00\x0d\x00\x14\x01\x00\x00\x03\x00\x0d\x01\x14\x01"
  "\x00\x00\x51\x00\x0d\x02\x14\x01\x00\x00\x37\x00\x0d\x03\x14\x01\x00\x00\x11\x00"
  "\x0d\x04\x14\x01\x00\x00\x11\x00\x0d\x05\x14\x01\x00\x00\x11\x00\x0d\x06\x14\x01"
  "\x00\x00\x11\x00\x0d\x07\x14\x01\x00\x00\x11\x00\x0d\x08\x14\x01\x00\x00\x11\x00"
  "\x0d\x09\x14\x01\x00\x00\x11\x00\x0d\x0a\x14\x01\x00\x00\x04\x00\x0d\x0b\x14\x01"
  "\x00\x00\x00\x00\x0d\x00\x14\x01\x01\x00\x04\x00\x0d\x01\x14\x01\x01\x00\x51\x00"
  "\x0d\x02\x14\x01\x01\x00\x37\x00\x0d\x03\x14\x01\x01\x00\x11\x00\x0d\x04\x14\x01"
  "\x01\x00\x11\x00\x0d\x05\x14\x01\x01\x00\x11\x00\x0d\x06\x14\x01\x01\x00\x11\x00"
  "\x0d\x07\x14\x01\x01\x00\x11\x00\x0d\x08\x14\x01\x01\x00\x11\x00\x0d\x09\x14\x01"
  "\x01\x00\x11\x00\x0d\x0a\x14\x01\x01\x00\x04\x00\x0d\x0b\x14\x01\x01\x00\x00\x00"
  "\x0d\x00\x14\x02\x00\x00\x03\x00\x0d\x01\x14\x02\x00\x00\x51\x00\x0d\x02\x14\x02"
  "\x00\x00\x37\x00\x0d\x03\x14\x02\x00\x00\x11\x00\x0d\x04\x14\x02\x00\x00\x11\x00"
  "\x0d\x05\x14\x02\x00\x00\x11\x00\x0d\x06\x14\x02\x00\x00\x11\x00\x0d\x07\x14\x02"
  "\x00\x00\x11\x00\x0d\x08\x14\x02\x00\x00\x11\x00\x0d\x09\x14\x02\x00\x00\x11\x00"
  "\x0d\x0a\x14\x02\x00\x00\x04\x00\x0d\x0b\x14\x02\x00\x00\x00\x00\x0d\x00\x14\x02"
  "\x01\x00\x04\x00\x0d\x01\x14\x02\x01\x00\x51\x00\x0d\x02\x14\x02\x01\x00\x37\x00"
  "\x0d\x03\x14\x02\x01\x00\x11\x00\x0d\x04\x14\x02\x01\x00\x11\x00\x0d\x05\x14\x02"
  "\x01\x00\x11\x00\x0d\x06\x14\x02\x01\x00\x11\x00\x0d\x07\x14\x02\x01\x00\x11\x00"
  "\x0d\x08\x14\x02\x01\x00\x11\x00\x0d\x09\x14\x02\x01\x00\x11\x00\x0d\x0a\x14\x02"
  "\x01\x00\x04\x00\x0d\x0b\x14\x02\x01\x00\x00\x00\x0d\x00\x15\x00\x00\x00\x03\x00"
  "\x0d\x01\x15\x00\x00\x00\x5a\x00\x0d\x02\x15\x00\x00\x00\x37\x00\x0d\x03\x15\x00"
  "\x00\x00\x11\x00\x0d\x04\x15\x00\x00\x00\x11\x00\x0d\x05\x15\x00\x00\x00\x11\x00"
  "\x0d\x06\x15\x00\x00\x00\x11\x00\x0d\x07\x15\x00\x00\x00\x11\x00\x0d\x08\x15\x00"
  "\x00\x00\x11\x00\x0d\x09\x15\x00\x00\x00\x11\x00\x0d\x0a\x15\x00\x00\x00\x04\x00"
  "\x0d\x0b\x15\x00\x00\x00\x00\x00\x0d\x00\x15\x00\x01\x00\x04\x00\x0d\x01\x15\x00"
  "\x01\x00\x1b\x00\x0d\x02\x15\x00\x01\x00\x37\x00\x0d\x03\x15\x00\x01\x00\x11\x00"
  "\x0d\x04\x15\x00\x01\x00\x11\x00\x0d\x05\x15\x00\x01\x00\x11\x00\x0d\x06\x15\x00"
  "\x01\x00\x11\x00\x0d\x07\x15\x00\x01\x00\x11\x00\x0d\x08\x15\x00\x01\x00\x11\x00"
  "\x0d\x09\x15\x00\x01\x00\x11\x00\x0d\x0a\x15\x00\x01\x00\x04\x00\x0d\x0b\x15\x00"
  "\x01\x00\x00\x00\x0d\x00\x15\x01\x00\x00\x03\x00\x0d\x01\x15\x01\x00\x00\x5a\x00"
  "\x0d\x02\x15\x01\x00\x00\x37\x00\x0d\x03\x15\x01\x00\x00\x11\x00\x0d\x04\x15\x01"
  "\x00\x00\x11\x00\x0d\x05\x15\x01\x00\x00\x11\x00\x0d\x06\x15\x01\x00\x00\x11\x00"
  "\x0d\x07\x15\x01\x00\x00\x11\x00\x0d\x08\x15\x01\x00\x00\x11\x00\x0d\x09\x15\x01"
  "\x00\x00\x11\x00\x0d\x0a\x15\x01\x00\x00\x04\x00\x0d\x0b\x15\x01\x00\x00\x00\x00"
  "\x0d\x00\x15\x01\x01\x00\x04\x00\x0d\x01\x15\x01\x01\x00\x1b\x00\x0d\x02\x15\x01"
  "\x01\x00\x37\x00\x0d\x03\x15\x01\x01\x00\x11\x00\x0d\x04\x15\x01\x01\x00\x11\x00"
  "\x0d\x05\x15\x01\x01\x00\x11\x00\x0d\x06\x15\x01\x01\x00\x11\x00\x0d\x07\x15\x01"
  "\x01\x00\x11\x00\x0d\x08\x15\x01\x01\x00\x11\x00\x0d\x09\x15\x01\x01\x00\x11\x00"
  "\x0d\x0a\x15\x01\x01\x00\x04\x00\x0d\x0b\x15\x01\x01\x00\x00\x00\x0d\x00\x15\x02"
  "\x00\x00\x03\x00\x0d\x01\x15\x02\x00\x00\x5a\x00\x0d\x02\x15\x02\x00\x00\x37\x00"
  "\x0d\x03\x15\x02\x00\x00\x11\x00\x0d\x04\x15\x02\x00\x00\x11\x00\x0d\x05\x15\x02"
  "\x00\x00\x11\x00\x0d\x06\x15\x02\x00\x00\x11\x00\x0d\x07\x15\x02\x00\x00\x11\x00"
  "\x0d\x08\x15\x02\x00\x00\x11\x00\x0d\x09\x15\x02\x00\x00\x11\x00\x0d\x0a\x15\x02"
  "\x00\x00\x04\x00\x0d\x0b\x15\x02\x00\x00\x00\x00\x0d\x00\x15\x02\x01\x00\x04\x00"
  "\x0d\x01\x15\x02\x01\x00\x1b\x00\x0d\x02\x15\x02\x01\x00\x37\x00\x0d\x03\x15\x02"
  "\x01\x00\x11\x00\x0d\x04\x15\x02\x01\x00\x11\x00\x0d\x05\x15\x02\x01\x00\x11\x00"
  "\x0d\x06\x15\x02\x01\x00\x11\x00\x0d\x07\x15\x02\x01\x00\x11\x00\x0d\x08\x15\x02"
  "\x01\x00\x11\x00\x0d\x09\x15\x02\x01\x00\x11\x00\x0d\x0a\x15\x02\x01\x00\x04\x00"
  "\x0d\x0b\x15\x02\x01\x00\x00\x00\x0d\x00\x16\x00\x00\x00\x03\x00\x0d\x01\x16\x00"
  "\x00\x00\x29\x00\x0d\x02\x16\x00\x00\x00\x37\x00\x0d\x03\x16\x00\x00\x00\x11\x00"
  "\x0d\x04\x16\x00\x00\x00\x11\x00\x0d\x05\x16\x00\x00\x00\x11\x00\x0d\x06\x16\x00"
  "\x00\x00\x11\x00\x0d\x07\x16\x00\x00\x00\x11\x00\x0d\x08\x16\x00\x00\x00\x11\x00"
  "\x0d\x09\x16\x00\x00\x00\x11\x00\x0d\x0a\x16\x00\x00\x00\x04\x00\x0d\x0b\x16\x00"
  "\x00\x00\x00\x00\x0d\x00\x16\x00\x01\x00\x04\x00\x0d\x01\x16\x00\x01\x00\x35\x00"
  "\x0d\x02\x16\x00\x01\x00\x37\x00\x0d\x03\x16\x00\x01\x00\x11\x00\x0d\x04\x16\x00"
  "\x01\x00\x11\x00\x0d\x05\x16\x00\x01\x00\x11\x00\x0d\x06\x16\x00\x01\x00\x11\x00"
  "\x0d\x07\x16\x00\x01\x00\x11\x00\x0d\x08\x16\x00\x01\x00\x11\x00\x0d\x09\x16\x00"
  "\x01\x00\x11\x00\x0d\x0a\x16\x00\x01\x00\x04\x00\x0d\x0b\x16\x00\x01\x00\x00\x00"
  "\x0d\x00\x16\x01\x00\x00\x03\x00\x0d\x01\x16\x01\x00\x00\x29\x00\x0d\x02\x16\x01"
  "\x00\x00\x37\x00\x0d\x03\x16\x01\x00\x00\x11\x00\x0d\x04\x16\x01\x00\x00\x11\x00"
  "\x0d\x05\x16\x01\x00\x00\x11\x00\x0d\x06\x16\x01\x00\x00\x11\x00\x0d\x07\x16\x01"
  "\x00\x00\x11\x00\x0d\x08\x16\x01\x00\x00\x11\x00\x0d\x09\x16\x01\x00\x00\x11\x00"
  "\x0d\x0a\x16\x01\x00\x00\x04\x00\x0d\x0b\x16\x01\x00\x00\x00\x00\x0d\x00\x16\x01"
  "\x01\x00\x04\x00\x0d\x01\x16\x01\x01\x00\x35\x00\x0d\x02\x16\x01\x01\x00\x37\x00"
  "\x0d\x03\x16\x01\x01\x00\x11\x00\x0d\x04\x16\x01\x01\x00\x11\x00\x0d\x05\x16\x01"
  "\x01\x00\x11\x00\x0d\x06\x16\x01\x01\x00\x11\x00\x0d\x07\x16\x01\x01\x00\x11\x00"
  "\x0d\x08\x16\x01\x01\x00\x11\x00\x0d\x09\x16\x01\x01\x00\x11\x00\x0d\x0a\x16\x01"
  "\x01\x00\x04\x00\x0d\x0b\x16\x01\x01\x00\x00\x00\x0d\x00\x16\x02\x00\x00\x03\x00"
  "\x0d\x01\x16\x02\x00\x00\x29\x00\x0d\x02\x16\x02\x00\x00\x37\x00\x0d\x03\x16\x02"
  "\x00\x00\x11\x00\x0d\x04\x16\x02\x00\x00\x11\x00\x0d\x05\x16\x02\x00\x00\x11\x00"
  "\x0d\x06\x16\x02\x00\x00\x11\x00\x0d\x07\x16\x02\x00\x00\x11\x00\x0d\x08\x16\x02"
  "\x00\x00\x11\x00\x0d\x09\x16\x02\x00\x00\x11\x00\x0d\x0a\x16\x02\x00\x00\x04\x00"
  "\x0d\x0b\x16\x02\x00\x00\x00\x00\x0d\x00\x16\x02\x01\x00\x04\x00\x0d\x01\x16\x02"
  "\x01\x00\x35\x00\x0d\x02\x16\x02\x01\x00\x37\x00\x0d\x03\x16\x02\x01\x00\x11\x00"
  "\x0d\x04\x16\x02\x01\x00\x11\x00\x0d\x05\x16\x02\x01\x00\x11\x00\x0d\x06\x16\x02"
  "\x01\x00\x11\x00\x0d\x07\x16\x02\x01\x00\x11\x00\x0d\x08\x16\x02\x01\x00\x11\x00"
  "\x0d\x09\x16\x02\x01\x00\x11\x00\x0d\x0a\x16\x02\x01\x00\x04\x00\x0d\x0b\x16\x02"
  "\x01\x00\x00\x00\x0d\x00\x17\x00\x00\x00\x03\x00\x0d\x01\x17\x00\x00\x00\x48\x00"
  "\x0d\x02\x17\x00\x00\x00\x37\x00\x0d\x03\x17\x00\x00\x00\x11\x00\x0d\x04\x17\x00"
  "\x00\x00\x11\x00\x0d\x05\x17\x00\x00\x00\x11\x00\x0d\x06\x17\x00\x00\x00\x11\x00"
  "\x0d\x07\x17\x00\x00\x00\x11\x00\x0d\x08\x17\x00\x00\x00\x11\x00\x0d\x09\x17\x00"
  "\x00\x00\x11\x00\x0d\x0a\x17\x00\x00\x00\x04\x00\x0d\x0b\x17\x00\x00\x00\x00\x00"
  "\x0d\x00\x17\x00\x01\x00\x04\x00\x0d\x01\x17\x00\x01\x00\x12\x00\x0d\x02\x17\x00"
  "\x01\x00\x37\x00\x0d\x03\x17\x00\x01\x00\x11\x00\x0d\x04\x17\x00\x01\x00\x11\x00"
  "\x0d\x05\x17\x00\x01\x00\x11\x00\x0d\x06\x17\x00\x01\x00\x11\x00\x0d\x07\x17\x00"
  "\x01\x00\x11\x00\x0d\x08\x17\x00\x01\x00\x11\x00\x0d\x09\x17\x00\x01\x00\x11\x00"
  "\x0d\x0a\x17\x00\x01\x00\x04\x00\x0d\x0b\x17\x00\x01\x00\x00\x00\x0d\x00\x17\x01"
  "\x00\x00\x03\x00\x0d\x01\x17\x01\x00\x00\x48\x00\x0d\x02\x17\x01\x00\x00\x37\x00"
  "\x0d\x03\x17\x01\x00\x00\x11\x00\x0d\x04\x17\x01\x00\x00\x11\x00\x0d\x05\x17\x01"
  "\x00\x00\x11\x00\x0d\x06\x17\x01\x00\x00\x11\x00\x0d\x07\x17\x01\x00\x00\x11\x00"
  "\x0d\x08\x17\x01\x00\x00\x11\x00\x0d\x09\x17\x01\x00\x00\x11\x00\x0d\x0a\x17\x01"
  "\x00\x00\x04\x00\x0d\x0b\x17\x01\x00\x00\x00\x00\x0d\x00\x17\x01\x01\x00\x04\x00"
  "\x0d\x01\x17\x01\x01\x00\x12\x00\x0d\x02\x17\x01\x01\x00\x37\x00\x0d\x03\x17\x01"
  "\x01\x00\x11\x00\x0d\x04\x17\x01\x01\x00\x11\x00\x0d\x05\x17\x01\x01\x00\x11\x00"
  "\x0d\x06\x17\x01\x01\x00\x11\x00\x0d\x07\x17\x01\x01\x00\x11\x00\x0d\x08\x17\x01"
  "\x01\x00\x11\x00\x0d\x09\x17\x01\x01\x00\x11\x00\x0d\x0a\x17\x01\x01\x00\x04\x00"
  "\x0d\x0b\x17\x01\x01\x00\x00\x00\x0d\x00\x17\x02\x00\x00\x03\x00\x0d\x01\x17\x02"
  "\x00\x00\x48\x00\x0d\x02\x17\x02\x00\x00\x37\x00\x0d\x03\x17\x02\x00\x00\x11\x00"
  "\x0d\x04\x17\x02\x00\x00\x11\x00\x0d\x05\x17\x02\x00\x00\x11\x00\x0d\x06\x17\x02"
  "\x00\x00\x11\x00\x0d\x07\x17\x02\x00\x00\x11\x00\x0d\x08\x17\x02\x00\x00\x11\x00"
  "\x0d\x09\x17\x02\x00\x00\x11\x00\x0d\x0a\x17\x02\x00\x00\x04\x00\x0d\x0b\x17\x02"
  "\x00\x00\x00\x00\x0d\x00\x17\x02\x01\x00\x04\x00\x0d\x01\x17\x02\x01\x00\x12\x00"
  "\x0d\x02\x17\x02\x01\x00\x37\x00\x0d\x03\x17\x02\x01\x00\x11\x00\x0d\x04\x17\x02"
  "\x01\x00\x11\x00\x0d\x05\x17\x02\x01\x00\x11\x00\x0d\x06\x17\x02\x01\x00\x11\x00"
  "\x0d\x07\x17\x02\x01\x00\x11\x00\x0d\x08\x17\x02\x01\x00\x11\x00\x0d\x09\x17\x02"
  "\x01\x00\x11\x00\x0d\x0a\x17\x02\x01\x00\x04\x00\x0d\x0b\x17\x02\x01\x00\x00\x00"
  "\x0d\x00\x18\x00\x00\x00\x03\x00\x0d\x01\x18\x00\x00\x00\x49\x00\x0d\x02\x18\x00"
  "\x00\x00\x37\x00\x0d\x03\x18\x00\x00\x00\x11\x00\x0d\x04\x18\x00\x00\x00\x11\x00"
  "\x0d\x05\x18\x00\x00\x00\x11\x00\x0d\x06\x18\x00\x00\x00\x11\x00\x0d\x07\x18\x00"
  "\x00\x00\x11\x00\x0d\x08\x18\x00\x00\x00\x11\x00\x0d\x09\x18\x00\x00\x00\x11\x00"
  "\x0d\x0a\x18\x00\x00\x00\x04\x00\x0d\x0b\x18\x00\x00\x00\x00\x00\x0d\x00\x18\x00"
  "\x01\x00\x04\x00\x0d\x01\x18\x00\x01\x00\x12\x00\x0d\x02\x18\x00\x01\x00\x37\x00"
  "\x0d\x03\x18\x00\x01\x00\x11\x00\x0d\x04\x18\x00\x01\x00\x11\x00\x0d\x05\x18\x00"
  "\x01\x00\x11\x00\x0d\x06\x18\x00\x01\x00\x11\x00\x0d\x07\x18\x00\x01\x00\x11\x00"
  "\x0d\x08\x18\x00\x01\x00\x11\x00\x0d\x09\x18\x00\x01\x00\x11\x00\x0d\x0a\x18\x00"
  "\x01\x00\x04\x00\x0d\x0b\x18\x00\x01\x00\x00\x00\x0d\x00\x18\x01\x00\x00\x03\x00"
  "\x0d\x01\x18\x01\x00\x00\x49\x00\x0d\x02\x18\x01\x00\x00\x37\x00\x0d\x03\x18\x01"
  "\x00\x00\x11\x00\x0d\x04\x18\x01\x00\x00\x11\x00\x0d\x05\x18\x01\x00\x00\x11\x00"
  "\x0d\x06\x18\x01\x00\x00\x11\x00\x0d\x07\x18\x01\x00\x00\x11\x00\x0d\x08\x18\x01"
  "\x00\x00\x11\x00\x0d\x09\x18\x01\x00\x00\x11\x00\x0d\x0a\x18\x01\x00\x00\x04\x00"
  "\x0d\x0b\x18\x01\x00\x00\x00\x00\x0d\x00\x18\x01\x01\x00\x04\x00\x0d\x01\x18\x01"
  "\x01\x00\x12\x00\x0d\x02\x18\x01\x01\x00\x37\x00\x0d\x03\x18\x01\x01\x00\x11\x00"
  "\x0d\x04\x18\x01\x01\x00\x11\x00\x0d\x05\x18\x01\x01\x00\x11\x00\x0d\x06\x18\x01"
  "\x01\x00\x11\x00\x0d\x07\x18\x01\x01\x00\x11\x00\x0d\x08\x18\x01\x01\x00\x11\x00"
  "\x0d\x09\x18\x01\x01\x00\x11\x00\x0d\x0a\x18\x01\x01\x00\x04\x00\x0d\x0b\x18\x01"
  "\x01\x00\x00\x00\x0d\x00\x18\x02\x00\x00\x03\x00\x0d\x01\x18\x02\x00\x00\x49\x00"
  "\x0d\x02\x18\x02\x00\x00\x37\x00\x0d\x03\x18\x02\x00\x00\x11\x00\x0d\x04\x18\x02"
  "\x00\x00\x11\x00\x0d\x05\x18\x02\x00\x00\x11\x00\x0d\x06\x18\x02\x00\x00\x11\x00"
  "\x0d\x07\x18\x02\x00\x00\x11\x00\x0d\x08\x18\x02\x00\x00\x11\x00\x0d\x09\x18\x02"
  "\x00\x00\x11\x00\x0d\x0a\x18\x02\x00\x00\x04\x00\x0d\x0b\x18\x02\x00\x00\x00\x00"
  "\x0d\x00\x18\x02\x01\x00\x04\x00\x0d\x01\x18\x02\x01\x00\x12\x00\x0d\x02\x18\x02"
  "\x01\x00\x37\x00\x0d\x03\x18\x02\x01\x00\x11\x00\x0d\x04\x18\x02\x01\x00\x11\x00"
  "\x0d\x05\x18\x02\x01\x00\x11\x00\x0d\x06\x18\x02\x01\x00\x11\x00\x0d\x07\x18\x02"
  "\x01\x00\x11\x00\x0d\x08\x18\x02\x01\x00\x11\x00\x0d\x09\x18\x02\x01\x00\x11\x00"
  "\x0d\x0a\x18\x02\x01\x00\x04\x00\x0d\x0b\x18\x02\x01\x00\x00\x00\x0d\x00\x19\x00"
  "\x00\x00\x03\x00\x0d\x01\x19\x00\x00\x00\x32\x00\x0d\x02\x19\x00\x00\x00\x37\x00"
  "\x0d\x03\x19\x00\x00\x00\x11\x00\x0d\x04\x19\x00\x00\x00\x11\x00\x0d\x05\x19\x00"
  "\x00\x00\x11\x00\x0d\x06\x19\x00\x00\x00\x11\x00\x0d\x07\x19\x00\x00\x00\x11\x00"
  "\x0d\x08\x19\x00\x00\x00\x11\x00\x0d\x09\x19\x00\x00\x00\x11\x00\x0d\x0a\x19\x00"
  "\x00\x00\x04\x00\x0d\x0b\x19\x00\x00\x00\x00\x00\x0d\x00\x19\x00\x01\x00\x04\x00"
  "\x0d\x01\x19\x00\x01\x00\x2c\x00\x0d\x02\x19\x00\x01\x00\x37\x00\x0d\x03\x19\x00"
  "\x01\x00\x11\x00\x0d\x04\x19\x00\x01\x00\x11\x00\x0d\x05\x19\x00\x01\x00\x11\x00"
  "\x0d\x06\x19\x00\x01\x00\x11\x00\x0d\x07\x19\x00\x01\x00\x11\x00\x0d\x08\x19\x00"
  "\x01\x00\x11\x00\x0d\x09\x19\x00\x01\x00\x11\x00\x0d\x0a\x19\x00\x01\x00\x04\x00"
  "\x0d\x0b\x19\x00\x01\x00\x00\x00\x0d\x00\x19\x01\x00\x00\x03\x00\x0d\x01\x19\x01"
  "\x00\x00\x32\x00\x0d\x02\x19\x01\x00\x00\x37\x00\x0d\x03\x19\x01\x00\x00\x11\x00"
  "\x0d\x04\x19\x01\x00\x00\x11\x00\x0d\x05\x19\x01\x00\x00\x11\x00\x0d\x06\x19\x01"
  "\x00\x00\x11\x00\x0d\x07\x19\x01\x00\x00\x11\x00\x0d\x08\x19\x01\x00\x00\x11\x00"
  "\x0d\x09\x19\x01\x00\x00\x11\x00\x0d\x0a\x19\x01\x00\x00\x04\x00\x0d\x0b\x19\x01"
  "\x00\x00\x00\x00\x0d\x00\x19\x01\x01\x00\x04\x00\x0d\x01\x19\x01\x01\x00\x2c\x00"
  "\x0d\x02\x19\x01\x01\x00\x37\x00\x0d\x03\x19\x01\x01\x00\x11\x00\x0d\x04\x19\x01"
  "\x01\x00\x11\x00\x0d\x05\x19\x01\x01\x00\x11\x00\x0d\x06\x19\x01\x01\x00\x11\x00"
  "\x0d\x07\x19\x01\x01\x00\x11\x00\x0d\x08\x19\x01\x01\x00\x11\x00\x0d\x09\x19\x01"
  "\x01\x00\x11\x00\x0d\x0a\x19\x01\x01\x00\x04\x00\x0d\x0b\x19\x01\x01\x00\x00\x00"
  "\x0d\x00\x19\x02\x00\x00\x03\x00\x0d\x01\x19\x02\x00\x00\x32\x00\x0d\x02\x19\x02"
  "\x00\x00\x37\x00\x0d\x03\x19\x02\x00\x00\x11\x00\x0d\x04\x19\x02\x00\x00\x11\x00"
  "\x0d\x05\x19\x02\x00\x00\x11\x00\x0d\x06\x19\x02\x00\x00\x11\x00\x0d\x07\x19\x02"
  "\x00\x00\x11\x00\x0d\x08\x19\x02\x00\x00\x11\x00\x0d\x09\x19\x02\x00\x00\x11\x00"
  "\x0d\x0a\x19\x02\x00\x00\x04\x00\x0d\x0b\x19\x02\x00\x00\x00\x00\x0d\x00\x19\x02"
  "\x01\x00\x04\x00\x0d\x01\x19\x02\x01\x00\x2c\x00\x0d\x02\x19\x02\x01\x00\x37\x00"
  "\x0d\x03\x19\x02\x01\x00\x11\x00\x0d\x04\x19\x02\x01\x00\x11\x00\x0d\x05\x19\x02"
  "\x01\x00\x11\x00\x0d\x06\x19\x02\x01\x00\x11\x00\x0d\x07\x19\x02\x01\x00\x11\x00"
  "\x0d\x08\x19\x02\x01\x00\x11\x00\x0d\x09\x19\x02\x01\x00\x11\x00\x0d\x0a\x19\x02"
  "\x01\x00\x04\x00\x0d\x0b\x19\x02\x01\x00\x00\x00\x0d\x00\x1a\x00\x00\x00\x03\x00"
  "\x0d\x01\x1a\x00\x00\x00\x32\x00\x0d\x02\x1a\x00\x00\x00\x37\x00\x0d\x03\x1a\x00"
  "\x00\x00\x11\x00\x0d\x04\x1a\x00\x00\x00\x11\x00\x0d\x05\x1a\x00\x00\x00\x11\x00"
  "\x0d\x06\x1a\x00\x00\x00\x11\x00\x0d\x07\x1a\x00\x00\x00\x11\x00\x0d\x08\x1a\x00"
  "\x00\x00\x11\x00\x0d\x09\x1a\x00\x00\x00\x11\x00\x0d\x0a\x1a\x00\x00\x00\x04\x00"
  "\x0d\x0b\x1a\x00\x00\x00\x00\x00\x0d\x00\x1a\x00\x01\x00\x04\x00\x0d\x01\x1a\x00"
  "\x01\x00\x50\x00\x0d\x02\x1a\x00\x01\x00\x37\x00\x0d\x03\x1a\x00\x01\x00\x11\x00"
  "\x0d\x04\x1a\x00\x01\x00\x11\x00\x0d\x05\x1a\x00\x01\x00\x11\x00\x0d\x06\x1a\x00"
  "\x01\x00\x11\x00\x0d\x07\x1a\x00\x01\x00\x11\x00\x0d\x08\x1a\x00\x01\x00\x11\x00"
  "\x0d\x09\x1a\x00\x01\x00\x11\x00\x0d\x0a\x1a\x00\x01\x00\x04\x00\x0d\x0b\x1a\x00"
  "\x01\x00\x00\x00\x0d\x00\x1a\x01\x00\x00\x03\x00\x0d\x01\x1a\x01\x00\x00\x32\x00"
  "\x0d\x02\x1a\x01\x00\x00\x37\x00\x0d\x03\x1a\x01\x00\x00\x11\x00\x0d\x04\x1a\x01"
  "\x00\x00\x11\x00\x0d\x05\x1a\x01\x00\x00\x11\x00\x0d\x06\x1a\x01\x00\x00\x11\x00"
  "\x0d\x07\x1a\x01\x00\x00\x11\x00\x0d\x08\x1a\x01\x00\x00\x11\x00\x0d\x09\x1a\x01"
  "\x00\x00\x11\x00\x0d\x0a\x1a\x01\x00\x00\x04\x00\x0d\x0b\x1a\x01\x00\x00\x00\x00"
  "\x0d\x00\x1a\x01\x01\x00\x04\x00\x0d\x01\x1a\x01\x01\x00\x50\x00\x0d\x02\x1a\x01"
  "\x01\x00\x37\x00\x0d\x03\x1a\x01\x01\x00\x11\x00\x0d\x04\x1a\x01\x01\x00\x11\x00"
  "\x0d\x05\x1a\x01\x01\x00\x11\x00\x0d\x06\x1a\x01\x01\x00\x11\x00\x0d\x07\x1a\x01"
  "\x01\x00\x11\x00\x0d\x08\x1a\x01\x01\x00\x11\x00\x0d\x09\x1a\x01\x01\x00\x11\x00"
  "\x0d\x0a\x1a\x01\x01\x00\x04\x00\x0d\x0b\x1a\x01\x01\x00\x00\x00\x0d\x00\x1a\x02"
  "\x00\x00\x03\x00\x0d\x01\x1a\x02\x00\x00\x32\x00\x0d\x02\x1a\x02\x00\x00\x37\x00"
  "\x0d\x03\x1a\x02\x00\x00\x11\x00\x0d\x04\x1a\x02\x00\x00\x11\x00\x0d\x05\x1a\x02"
  "\x00\x00\x11\x00\x0d\x06\x1a\x02\x00\x00\x11\x00\x0d\x07\x1a\x02\x00\x00\x11\x00"
  "\x0d\x08\x1a\x02\x00\x00\x11\x00\x0d\x09\x1a\x02\x00\x00\x11\x00\x0d\x0a\x1a\x02"
  "\x00\x00\x04\x00\x0d\x0b\x1a\x02\x00\x00\x00\x00\x0d\x00\x1a\x02\x01\x00\x04\x00"
  "\x0d\x01\x1a\x02\x01\x00\x50\x00\x0d\x02\x1a\x02\x01\x00\x37\x00\x0d\x03\x1a\x02"
  "\x01\x00\x11\x00\x0d\x04\x1a\x02\x01\x00\x11\x00\x0d\x05\x1a\x02\x01\x00\x11\x00"
  "\x0d\x06\x1a\x02\x01\x00\x11\x00\x0d\x07\x1a\x02\x01\x00\x11\x00\x0d\x08\x1a\x02"
  "\x01\x00\x11\x00\x0d\x09\x1a\x02\x01\x00\x11\x00\x0d\x0a\x1a\x02\x01\x00\x04\x00"
  "\x0d\x0b\x1a\x02\x01\x00\x00\x00\x0d\x00\x1b\x00\x00\x00\x03\x00\x0d\x01\x1b\x00"
  "\x00\x00\x2a\x00\x0d\x02\x1b\x00\x00\x00\x37\x00\x0d\x03\x1b\x00\x00\x00\x11\x00"
  "\x0d\x04\x1b\x00\x00\x00\x11\x00\x0d\x05\x1b\x00\x00\x00\x11\x00\x0d\x06\x1b\x00"
  "\x00\x00\x11\x00\x0d\x07\x1b\x00\x00\x00\x11\x00\x0d\x08\x1b\x00\x00\x00\x11\x00"
  "\x0d\x09\x1b\x00\x00\x00\x11\x00\x0d\x0a\x1b\x00\x00\x00\x04\x00\x0d\x0b\x1b\x00"
  "\x00\x00\x00\x00\x0d\x00\x1b\x00\x01\x00\x04\x00\x0d\x01\x1b\x00\x01\x00\x06\x00"
  "\x0d\x02\x1b\x00\x01\x00\x37\x00\x0d\x03\x1b\x00\x01\x00\x11\x00\x0d\x04\x1b\x00"
  "\x01\x00\x11\x00\x0d\x05\x1b\x00\x01\x00\x11\x00\x0d\x06\x1b\x00\x01\x00\x11\x00"
  "\x0d\x07\x1b\x00\x01\x00\x11\x00\x0d\x08\x1b\x00\x01\x00\x11\x00\x0d\x09\x1b\x00"
  "\x01\x00\x11\x00\x0d\x0a\x1b\x00\x01\x00\x04\x00\x0d\x0b\x1b\x00\x01\x00\x00\x00"
  "\x0d\x00\x1b\x01\x00\x00\x03\x00\x0d\x01\x1b\x01\x00\x00\x2a\x00\x0d\x02\x1b\x01"
  "\x00\x00\x37\x00\x0d\x03\x1b\x01\x00\x00\x11\x00\x0d\x04\x1b\x01\x00\x00\x11\x00"
  "\x0d\x05\x1b\x01\x00\x00\x11\x00\x0d\x06\x1b\x01\x00\x00\x11\x00\x0d\x07\x1b\x01"
  "\x00\x00\x11\x00\x0d\x08\x1b\x01\x00\x00\x11\x00\x0d\x09\x1b\x01\x00\x00\x11\x00"
  "\x0d\x0a\x1b\x01\x00\x00\x04\x00\x0d\x0b\x1b\x01\x00\x00\x00\x00\x0d\x00\x1b\x01"
  "\x01\x00\x04\x00\x0d\x01\x1b\x01\x01\x00\x06\x00\x0d\x02\x1b\x01\x01\x00\x37\x00"
  "\x0d\x03\x1b\x01\x01\x00\x11\x00\x0d\x04\x1b\x01\x01\x00\x11\x00\x0d\x05\x1b\x01"
  "\x01\x00\x11\x00\x0d\x06\x1b\x01\x01\x00\x11\x00\x0d\x07\x1b\x01\x01\x00\x11\x00"
  "\x0d\x08\x1b\x01\x01\x00\x11\x00\x0d\x09\x1b\x01\x01\x00\x11\x00\x0d\x0a\x1b\x01"
  "\x01\x00\x04\x00\x0d\x0b\x1b\x01\x01\x00\x00\x00\x0d\x00\x1b\x02\x00\x00\x03\x00"
  "\x0d\x01\x1b\x02\x00\x00\x2a\x00\x0d\x02\x1b\x02\x00\x00\x37\x00\x0d\x03\x1b\x02"
  "\x00\x00\x11\x00\x0d\x04\x1b\x02\x00\x00\x11\x00\x0d\x05\x1b\x02\x00\x00\x11\x00"
  "\x0d\x06\x1b\x02\x00\x00\x11\x00\x0d\x07\x1b\x02\x00\x00\x11\x00\x0d\x08\x1b\x02"
  "\x00\x00\x11\x00\x0d\x09\x1b\x02\x00\x00\x11\x00\x0d\x0a\x1b\x02\x00\x00\x04\x00"
  "\x0d\x0b\x1b\x02\x00\x00\x00\x00\x0d\x00\x1b\x02\x01\x00\x04\x00\x0d\x01\x1b\x02"
  "\x01\x00\x06\x00\x0d\x02\x1b\x02\x01\x00\x37\x00\x0d\x03\x1b\x02\x01\x00\x11\x00"
  "\x0d\x04\x1b\x02\x01\x00\x11\x00\x0d\x05\x1b\x02\x01\x00\x11\x00\x0d\x06\x1b\x02"
  "\x01\x00\x11\x00\x0d\x07\x1b\x02\x01\x00\x11\x00\x0d\x08\x1b\x02\x01\x00\x11\x00"
  "\x0d\x09\x1b\x02\x01\x00\x11\x00\x0d\x0a\x1b\x02\x01\x00\x04\x00\x0d\x0b\x1b\x02"
  "\x01\x00\x00\x00\x0d\x00\x1c\x00\x00\x00\x03\x00\x0d\x01\x1c\x00\x00\x00\x2b\x00"
  "\x0d\x02\x1c\x00\x00\x00\x37\x00\x0d\x03\x1c\x00\x00\x00\x11\x00\x0d\x04\x1c\x00"
  "\x00\x00\x11\x00\x0d\x05\x1c\x00\x00\x00\x11\x00\x0d\x06\x1c\x00\x00\x00\x11\x00"
  "\x0d\x07\x1c\x00\x00\x00\x11\x00\x0d\x08\x1c\x00\x00\x00\x11\x00\x0d\x09\x1c\x00"
  "\x00\x00\x11\x00\x0d\x0a\x1c\x00\x00\x00\x04\x00\x0d\x0b\x1c\x00\x00\x00\x00\x00"
  "\x0d\x00\x1c\x00\x01\x00\x04\x00\x0d\x01\x1c\x00\x01\x00\x0c\x00\x0d\x02\x1c\x00"
  "\x01\x00\x37\x00\x0d\x03\x1c\x00\x01\x00\x11\x00\x0d\x04\x1c\x00\x01\x00\x11\x00"
  "\x0d\x05\x1c\x00\x01\x00\x11\x00\x0d\x06\x1c\x00\x01\x00\x11\x00\x0d\x07\x1c\x00"
  "\x01\x00\x11\x00\x0d\x08\x1c\x00\x01\x00\x11\x00\x0d\x09\x1c\x00\x01\x00\x11\x00"
  "\x0d\x0a\x1c\x00\x01\x00\x04\x00\x0d\x0b\x1c\x00\x01\x00\x00\x00\x0d\x00\x1c\x01"
  "\x00\x00\x03\x00\x0d\x01\x1c\x01\x00\x00\x2b\x00\x0d\x02\x1c\x01\x00\x00\x37\x00"
  "\x0d\x03\x1c\x01\x00\x00\x11\x00\x0d\x04\x1c\x01\x00\x00\x11\x00\x0d\x05\x1c\x01"
  "\x00\x00\x11\x00\x0d\x06\x1c\x01\x00\x00\x11\x00\x0d\x07\x1c\x01\x00\x00\x11\x00"
  "\x0d\x08\x1c\x01\x00\x00\x11\x00\x0d\x09\x1c\x01\x00\x00\x11\x00\x0d\x0a\x1c\x01"
  "\x00\x00\x04\x00\x0d\x0b\x1c\x01\x00\x00\x00\x00\x0d\x00\x1c\x01\x01\x00\x04\x00"
  "\x0d\x01\x1c\x01\x01\x00\x0c\x00\x0d\x02\x1c\x01\x01\x00\x37\x00\x0d\x03\x1c\x01"
  "\x01\x00\x11\x00\x0d\x04\x1c\x01\x01\x00\x11\x00\x0d\x05\x1c\x01\x01\x00\x11\x00"
  "\x0d\x06\x1c\x01\x01\x00\x11\x00\x0d\x07\x1c\x01\x01\x00\x11\x00\x0d\x08\x1c\x01"
  "\x01\x00\x11\x00\x0d\x09\x1c\x01\x01\x00\x11\x00\x0d\x0a\x1c\x01\x01\x00\x04\x00"
  "\x0d\x0b\x1c\x01\x01\x00\x00\x00\x0d\x00\x1c\x02\x00\x00\x03\x00\x0d\x01\x1c\x02"
  "\x00\x00\x2b\x00\x0d\x02\x1c\x02\x00\x00\x37\x00\x0d\x03\x1c\x02\x00\x00\x11\x00"
  "\x0d\x04\x1c\x02\x00\x00\x11\x00\x0d\x05\x1c\x02\x00\x00\x11\x00\x0d\x06\x1c\x02"
  "\x00\x00\x11\x00\x0d\x07\x1c\x02\x00\x00\x11\x00\x0d\x08\x1c\x02\x00\x00\x11\x00"
  "\x0d\x09\x1c\x02\x00\x00\x11\x00\x0d\x0a\x1c\x02\x00\x00\x04\x00\x0d\x0b\x1c\x02"
  "\x00\x00\x00\x00\x0d\x00\x1c\x02\x01\x00\x04\x00\x0d\x01\x1c\x02\x01\x00\x0c\x00"
  "\x0d\x02\x1c\x02\x01\x00\x37\x00\x0d\x03\x1c\x02\x01\x00\x11\x00\x0d\x04\x1c\x02"
  "\x01\x00\x11\x00\x0d\x05\x1c\x02\x01\x00\x11\x00\x0d\x06\x1c\x02\x01\x00\x11\x00"
  "\x0d\x07\x1c\x02\x01\x00\x11\x00\x0d\x08\x1c\x02\x01\x00\x11\x00\x0d\x09\x1c\x02"
  "\x01\x00\x11\x00\x0d\x0a\x1c\x02\x01\x00\x04\x00\x0d\x0b\x1c\x02\x01\x00\x00\x00"
  "\x0d\x00\x1d\x00\x00\x00\x03\x00\x0d\x01\x1d\x00\x00\x00\x0a\x00\x0d\x02\x1d\x00"
  "\x00\x00\x37\x00\x0d\x03\x1d\x00\x00\x00\x11\x00\x0d\x04\x1d\x00\x00\x00\x11\x00"
  "\x0d\x05\x1d\x00\x00\x00\x11\x00\x0d\x06\x1d\x00\x00\x00\x11\x00\x0d\x07\x1d\x00"
  "\x00\x00\x11\x00\x0d\x08\x1d\x00\x00\x00\x11\x00\x0d\x09\x1d\x00\x00\x00\x11\x00"
  "\x0d\x0a\x1d\x00\x00\x00\x04\x00\x0d\x0b\x1d\x00\x00\x00\x00\x00\x0d\x00\x1d\x00"
  "\x01\x00\x04\x00\x0d\x01\x1d\x00\x01\x00\x08\x00\x0d\x02\x1d\x00\x01\x00\x37\x00"
  "\x0d\x03\x1d\x00\x01\x00\x11\x00\x0d\x04\x1d\x00\x01\x00\x11\x00\x0d\x05\x1d\x00"
  "\x01\x00\x11\x00\x0d\x06\x1d\x00\x01\x00\x11\x00\x0d\x07\x1d\x00\x01\x00\x11\x00"
  "\x0d\x08\x1d\x00\x01\x00\x11\x00\x0d\x09\x1d\x00\x01\x00\x11\x00\x0d\x0a\x1d\x00"
  "\x01\x00\x04\x00\x0d\x0b\x1d\x00\x01\x00\x00\x00\x0d\x00\x1d\x01\x00\x00\x03\x00"
  "\x0d\x01\x1d\x01\x00\x00\x0a\x00\x0d\x02\x1d\x01\x00\x00\x37\x00\x0d\x03\x1d\x01"
  "\x00\x00\x11\x00\x0d\x04\x1d\x01\x00\x00\x11\x00\x0d\x05\x1d\x01\x00\x00\x11\x00"
  "\x0d\x06\x1d\x01\x00\x00\x11\x00\x0d\x07\x1d\x01\x00\x00\x11\x00\x0d\x08\x1d\x01"
  "\x00\x00\x11\x00\x0d\x09\x1d\x01\x00\x00\x11\x00\x0d\x0a\x1d\x01\x00\x00\x04\x00"
  "\x0d\x0b\x1d\x01\x00\x00\x00\x00\x0d\x00\x1d\x01\x01\x00\x04\x00\x0d\x01\x1d\x01"
  "\x01\x00\x08\x00\x0d\x02\x1d\x01\x01\x00\x37\x00\x0d\x03\x1d\x01\x01\x00\x11\x00"
  "\x0d\x04\x1d\x01\x01\x00\x11\x00\x0d\x05\x1d\x01\x01\x00\x11\x00\x0d\x06\x1d\x01"
  "\x01\x00\x11\x00\x0d\x07\x1d\x01\x01\x00\x11\x00\x0d\x08\x1d\x01\x01\x00\x11\x00"
  "\x0d\x09\x1d\x01\x01\x00\x11\x00\x0d\x0a\x1d\x01\x01\x00\x04\x00\x0d\x0b\x1d\x01"
  "\x01\x00\x00\x00\x0d\x00\x1d\x02\x00\x00\x03\x00\x0d\x01\x1d\x02\x00\x00\x0a\x00"
  "\x0d\x02\x1d\x02\x00\x00\x37\x00\x0d\x03\x1d\x02\x00\x00\x11\x00\x0d\x04\x1d\x02"
  "\x00\x00\x11\x00\x0d\x05\x1d\x02\x00\x00\x11\x00\x0d\x06\x1d\x02\x00\x00\x11\x00"
  "\x0d\x07\x1d\x02\x00\x00\x11\x00\x0d\x08\x1d\x02\x00\x00\x11\x00\x0d\x09\x1d\x02"
  "\x00\x00\x11\x00\x0d\x0a\x1d\x02\x00\x00\x04\x00\x0d\x0b\x1d\x02\x00\x00\x00\x00"
  "\x0d\x00\x1d\x02\x01\x00\x04\x00\x0d\x01\x1d\x02\x01\x00\x08\x00\x0d\x02\x1d\x02"
  "\x01\x00\x37\x00\x0d\x03\x1d\x02\x01\x00\x11\x00\x0d\x04\x1d\x02\x01\x00\x11\x00"
  "\x0d\x05\x1d\x02\x01\x00\x11\x00\x0d\x06\x1d\x02\x01\x00\x11\x00\x0d\x07\x1d\x02"
  "\x01\x00\x11\x00\x0d\x08\x1d\x02\x01\x00\x11\x00\x0d\x09\x1d\x02\x01\x00\x11\x00"
  "\x0d\x0a\x1d\x02\x01\x00\x04\x00\x0d\x0b\x1d\x02\x01\x00\x00\x00\x0d\x00\x1e\x00"
  "\x00\x00\x03\x00\x0d\x01\x1e\x00\x00\x00\x43\x00\x0d\x02\x1e\x00\x00\x00\x37\x00"
  "\x0d\x03\x1e\x00\x00\x00\x11\x00\x0d\x04\x1e\x00\x00\x00\x11\x00\x0d\x05\x1e\x00"
  "\x00\x00\x11\x00\x0d\x06\x1e\x00\x00\x00\x11\x00\x0d\x07\x1e\x00\x00\x00\x11\x00"
  "\x0d\x08\x1e\x00\x00\x00\x11\x00\x0d\x09\x1e\x00\x00\x00\x11\x00\x0d\x0a\x1e\x00"
  "\x00\x00\x04\x00\x0d\x0b\x1e\x00\x00\x00\x00\x00\x0d\x00\x1e\x00\x01\x00\x04\x00"
  "\x0d\x01\x1e\x00\x01\x00\x43\x00\x0d\x02\x1e\x00\x01\x00\x37\x00\x0d\x03\x1e\x00"
  "\x01\x00\x11\x00\x0d\x04\x1e\x00\x01\x00\x11\x00\x0d\x05\x1e\x00\x01\x00\x11\x00"
  "\x0d\x06\x1e\x00\x01\x00\x11\x00\x0d\x07\x1e\x00\x01\x00\x11\x00\x0d\x08\x1e\x00"
  "\x01\x00\x11\x00\x0d\x09\x1e\x00\x01\x00\x11\x00\x0d\x0a\x1e\x00\x01\x00\x04\x00"
  "\x0d\x0b\x1e\x00\x01\x00\x00\x00\x0d\x00\x1e\x01\x00\x00\x03\x00\x0d\x01\x1e\x01"
  "\x00\x00\x43\x00\x0d\x02\x1e\x01\x00\x00\x37\x00\x0d\x03\x1e\x01\x00\x00\x11\x00"
  "\x0d\x04\x1e\x01\x00\x00\x11\x00\x0d\x05\x1e\x01\x00\x00\x11\x00\x0d\x06\x1e\x01"
  "\x00\x00\x11\x00\x0d\x07\x1e\x01\x00\x00\x11\x00\x0d\x08\x1e\x01\x00\x00\x11\x00"
  "\x0d\x09\x1e\x01\x00\x00\x11\x00\x0d\x0a\x1e\x01\x00\x00\x04\x00\x0d\x0b\x1e\x01"
  "\x00\x00\x00\x00\x0d\x00\x1e\x01\x01\x00\x04\x00\x0d\x01\x1e\x01\x01\x00\x43\x00"
  "\x0d\x02\x1e\x01\x01\x00\x37\x00\x0d\x03\x1e\x01\x01\x00\x11\x00\x0d\x04\x1e\x01"
  "\x01\x00\x11\x00\x0d\x05\x1e\x01\x01\x00\x11\x00\x0d\x06\x1e\x01\x01\x00\x11\x00"
  "\x0d\x07\x1e\x01\x01\x00\x11\x00\x0d\x08\x1e\x01\x01\x00\x11\x00\x0d\x09\x1e\x01"
  "\x01\x00\x11\x00\x0d\x0a\x1e\x01\x01\x00\x04\x00\x0d\x0b\x1e\x01\x01\x00\x00\x00"
  "\x0d\x00\x1e\x02\x00\x00\x03\x00\x0d\x01\x1e\x02\x00\x00\x43\x00\x0d\x02\x1e\x02"
  "\x00\x00\x37\x00\x0d\x03\x1e\x02\x00\x00\x11\x00\x0d\x04\x1e\x02\x00\x00\x11\x00"
  "\x0d\x05\x1e\x02\x00\x00\x11\x00\x0d\x06\x1e\x02\x00\x00\x11\x00\x0d\x07\x1e\x02"
  "\x00\x00\x11\x00\x0d\x08\x1e\x02\x00\x00\x11\x00\x0d\x09\x1e\x02\x00\x00\x11\x00"
  "\x0d\x0a\x1e\x02\x00\x00\x04\x00\x0d\x0b\x1e\x02\x00\x00\x00\x00\x0d\x00\x1e\x02"
  "\x01\x00\x04\x00\x0d\x01\x1e\x02\x01\x00\x43\x00\x0d\x02\x1e\x02\x01\x00\x37\x00"
  "\x0d\x03\x1e\x02\x01\x00\x11\x00\x0d\x04\x1e\x02\x01\x00\x11\x00\x0d\x05\x1e\x02"
  "\x01\x00\x11\x00\x0d\x06\x1e\x02\x01\x00\x11\x00\x0d\x07\x1e\x02\x01\x00\x11\x00"
  "\x0d\x08\x1e\x02\x01\x00\x11\x00\x0d\x09\x1e\x02\x01\x00\x11\x00\x0d\x0a\x1e\x02"
  "\x01\x00\x04\x00\x0d\x0b\x1e\x02\x01\x00\x00\x00\x0d\x00\x1f\x00\x00\x00\x03\x00"
  "\x0d\x01\x1f\x00\x00\x00\x3b\x00\x0d\x02\x1f\x00\x00\x00\x37\x00\x0d\x03\x1f\x00"
  "\x00\x00\x11\x00\x0d\x04\x1f\x00\x00\x00\x11\x00\x0d\x05\x1f\x00\x00\x00\x11\x00"
  "\x0d\x06\x1f\x00\x00\x00\x11\x00\x0d\x07\x1f\x00\x00\x00\x11\x00\x0d\x08\x1f\x00"
  "\x00\x00\x11\x00\x0d\x09\x1f\x00\x00\x00\x11\x00\x0d\x0a\x1f\x00\x00\x00\x04\x00"
  "\x0d\x0b\x1f\x00\x00\x00\x00\x00\x0d\x00\x1f\x00\x01\x00\x04\x00\x0d\x01\x1f\x00"
  "\x01\x00\x3b\x00\x0d\x02\x1f\x00\x01\x00\x37\x00\x0d\x03\x1f\x00\x01\x00\x11\x00"
  "\x0d\x04\x1f\x00\x01\x00\x11\x00\x0d\x05\x1f\x00\x01\x00\x11\x00\x0d\x06\x1f\x00"
  "\x01\x00\x11\x00\x0d\x07\x1f\x00\x01\x00\x11\x00\x0d\x08\x1f\x00\x01\x00\x11\x00"
  "\x0d\x09\x1f\x00\x01\x00\x11\x00\x0d\x0a\x1f\x00\x01\x00\x04\x00\x0d\x0b\x1f\x00"
  "\x01\x00\x00\x00\x0d\x00\x1f\x01\x00\x00\x03\x00\x0d\x01\x1f\x01\x00\x00\x3b\x00"
  "\x0d\x02\x1f\x01\x00\x00\x37\x00\x0d\x03\x1f\x01\x00\x00\x11\x00\x0d\x04\x1f\x01"
  "\x00\x00\x11\x00\x0d\x05\x1f\x01\x00\x00\x11\x00\x0d\x06\x1f\x01\x00\x00\x11\x00"
  "\x0d\x07\x1f\x01\x00\x00\x11\x00\x0d\x08\x1f\x01\x00\x00\x11\x00\x0d\x09\x1f\x01"
  "\x00\x00\x11\x00\x0d\x0a\x1f\x01\x00\x00\x04\x00\x0d\x0b\x1f\x01\x00\x00\x00\x00"
  "\x0d\x00\x1f\x01\x01\x00\x04\x00\x0d\x01\x1f\x01\x01\x00\x3b\x00\x0d\x02\x1f\x01"
  "\x01\x00\x37\x00\x0d\x03\x1f\x01\x01\x00\x11\x00\x0d\x04\x1f\x01\x01\x00\x11\x00"
  "\x0d\x05\x1f\x01\x01\x00\x11\x00\x0d\x06\x1f\x01\x01\x00\x11\x00\x0d\x07\x1f\x01"
  "\x01\x00\x11\x00\x0d\x08\x1f\x01\x01\x00\x11\x00\x0d\x09\x1f\x01\x01\x00\x11\x00"
  "\x0d\x0a\x1f\x01\x01\x00\x04\x00\x0d\x0b\x1f\x01\x01\x00\x00\x00\x0d\x00\x1f\x02"
  "\x00\x00\x03\x00\x0d\x01\x1f\x02\x00\x00\x3b\x00\x0d\x02\x1f\x02\x00\x00\x37\x00"
  "\x0d\x03\x1f\x02\x00\x00\x11\x00\x0d\x04\x1f\x02\x00\x00\x11\x00\x0d\x05\x1f\x02"
  "\x00\x00\x11\x00\x0d\x06\x1f\x02\x00\x00\x11\x00\x0d\x07\x1f\x02\x00\x00\x11\x00"
  "\x0d\x08\x1f\x02\x00\x00\x11\x00\x0d\x09\x1f\x02\x00\x00\x11\x00\x0d\x0a\x1f\x02"
  "\x00\x00\x04\x00\x0d\x0b\x1f\x02\x00\x00\x00\x00\x0d\x00\x1f\x02\x01\x00\x04\x00"
  "\x0d\x01\x1f\x02\x01\x00\x3b\x00\x0d\x02\x1f\x02\x01\x00\x37\x00\x0d\x03\x1f\x02"
  "\x01\x00\x11\x00\x0d\x04\x1f\x02\x01\x00\x11\x00\x0d\x05\x1f\x02\x01\x00\x11\x00"
  "\x0d\x06\x1f\x02\x01\x00\x11\x00\x0d\x07\x1f\x02\x01\x00\x11\x00\x0d\x08\x1f\x02"
  "\x01\x00\x11\x00\x0d\x09\x1f\x02\x01\x00\x11\x00\x0d\x0a\x1f\x02\x01\x00\x04\x00"
  "\x0d\x0b\x1f\x02\x01\x00\x00\x00\x0d\x00\x20\x00\x00\x00\x03\x00\x0d\x01\x20\x00"
  "\x00\x00\x10\x00\x0d\x02\x20\x00\x00\x00\x37\x00\x0d\x03\x20\x00\x00\x00\x11\x00"
  "\x0d\x04\x20\x00\x00\x00\x11\x00\x0d\x05\x20\x00\x00\x00\x11\x00\x0d\x06\x20\x00"
  "\x00\x00\x11\x00\x0d\x07\x20\x00\x00\x00\x11\x00\x0d\x08\x20\x00\x00\x00\x11\x00"
  "\x0d\x09\x20\x00\x00\x00\x11\x00\x0d\x0a\x20\x00\x00\x00\x04\x00\x0d\x0b\x20\x00"
  "\x00\x00\x00\x00\x0d\x00\x20\x00\x01\x00\x04\x00\x0d\x01\x20\x00\x01\x00\x0b\x00"
  "\x0d\x02\x20\x00\x01\x00\x37\x00\x0d\x03\x20\x00\x01\x00\x11\x00\x0d\x04\x20\x00"
  "\x01\x00\x11\x00\x0d\x05\x20\x00\x01\x00\x11\x00\x0d\x06\x20\x00\x01\x00\x11\x00"
  "\x0d\x07\x20\x00\x01\x00\x11\x00\x0d\x08\x20\x00\x01\x00\x11\x00\x0d\x09\x20\x00"
  "\x01\x00\x11\x00\x0d\x0a\x20\x00\x01\x00\x04\x00\x0d\x0b\x20\x00\x01\x00\x00\x00"
  "\x0d\x00\x20\x01\x00\x00\x03\x00\x0d\x01\x20\x01\x00\x00\x10\x00\x0d\x02\x20\x01"
  "\x00\x00\x37\x00\x0d\x03\x20\x01\x00\x00\x11\x00\x0d\x04\x20\x01\x00\x00\x11\x00"
  "\x0d\x05\x20\x01\x00\x00\x11\x00\x0d\x06\x20\x01\x00\x00\x11\x00\x0d\x07\x20\x01"
  "\x00\x00\x11\x00\x0d\x08\x20\x01\x00\x00\x11\x00\x0d\x09\x20\x01\x00\x00\x11\x00"
  "\x0d\x0a\x20\x01\x00\x00\x04\x00\x0d\x0b\x20\x01\x00\x00\x00\x00\x0d\x00\x20\x01"
  "\x01\x00\x04\x00\x0d\x01\x20\x01\x01\x00\x0b\x00\x0d\x02\x20\x01\x01\x00\x37\x00"
  "\x0d\x03\x20\x01\x01\x00\x11\x00\x0d\x04\x20\x01\x01\x00\x11\x00\x0d\x05\x20\x01"
  "\x01\x00\x11\x00\x0d\x06\x20\x01\x01\x00\x11\x00\x0d\x07\x20\x01\x01\x00\x11\x00"
  "\x0d\x08\x20\x01\x01\x00\x11\x00\x0d\x09\x20\x01\x01\x00\x11\x00\x0d\x0a\x20\x01"
  "\x01\x00\x04\x00\x0d\x0b\x20\x01\x01\x00\x00\x00\x0d\x00\x20\x02\x00\x00\x03\x00"
  "\x0d\x01\x20\x02\x00\x00\x10\x00\x0d\x02\x20\x02\x00\x00\x37\x00\x0d\x03\x20\x02"
  "\x00\x00\x11\x00\x0d\x04\x20\x02\x00\x00\x11\x00\x0d\x05\x20\x02\x00\x00\x11\x00"
  "\x0d\x06\x20\x02\x00\x00\x11\x00\x0d\x07\x20\x02\x00\x00\x11\x00\x0d\x08\x20\x02"
  "\x00\x00\x11\x00\x0d\x09\x20\x02\x00\x00\x11\x00\x0d\x0a\x20\x02\x00\x00\x04\x00"
  "\x0d\x0b\x20\x02\x00\x00\x00\x00\x0d\x00\x20\x02\x01\x00\x04\x00\x0d\x01\x20\x02"
  "\x01\x00\x0b\x00\x0d\x02\x20\x02\x01\x00\x37\x00\x0d\x03\x20\x02\x01\x00\x11\x00"
  "\x0d\x04\x20\x02\x01\x00\x11\x00\x0d\x05\x20\x02\x01\x00\x11\x00\x0d\x06\x20\x02"
  "\x01\x00\x11\x00\x0d\x07\x20\x02\x01\x00\x11\x00\x0d\x08\x20\x02\x01\x00\x11\x00"
  "\x0d\x09\x20\x02\x01\x00\x11\x00\x0d\x0a\x20\x02\x01\x00\x04\x00\x0d\x0b\x20\x02"
  "\x01\x00\x00\x00\x0d\x00\x21\x00\x00\x00\x03\x00\x0d\x01\x21\x00\x00\x00\x30\x00"
  "\x0d\x02\x21\x00\x00\x00\x37\x00\x0d\x03\x21\x00\x00\x00\x11\x00\x0d\x04\x21\x00"
  "\x00\x00\x11\x00\x0d\x05\x21\x00\x00\x00\x11\x00\x0d\x06\x21\x00\x00\x00\x11\x00"
  "\x0d\x07\x21\x00\x00\x00\x11\x00\x0d\x08\x21\x00\x00\x00\x11\x00\x0d\x09\x21\x00"
  "\x00\x00\x11\x00\x0d\x0a\x21\x00\x00\x00\x04\x00\x0d\x0b\x21\x00\x00\x00\x00\x00"
  "\x0d\x00\x21\x00\x01\x00\x04\x00\x0d\x01\x21\x00\x01\x00\x1a\x00\x0d\x02\x21\x00"
  "\x01\x00\x37\x00\x0d\x03\x21\x00\x01\x00\x11\x00\x0d\x04\x21\x00\x01\x00\x11\x00"
  "\x0d\x05\x21\x00\x01\x00\x11\x00\x0d\x06\x21\x00\x01\x00\x11\x00\x0d\x07\x21\x00"
  "\x01\x00\x11\x00\x0d\x08\x21\x00\x01\x00\x11\x00\x0d\x09\x21\x00\x01\x00\x11\x00"
  "\x0d\x0a\x21\x00\x01\x00\x04\x00\x0d\x0b\x21\x00\x01\x00\x00\x00\x0d\x00\x21\x01"
  "\x00\x00\x03\x00\x0d\x01\x21\x01\x00\x00\x30\x00\x0d\x02\x21\x01\x00\x00\x37\x00"
  "\x0d\x03\x21\x01\x00\x00\x11\x00\x0d\x04\x21\x01\x00\x00\x11\x00\x0d\x05\x21\x01"
  "\x00\x00\x11\x00\x0d\x06\x21\x01\x00\x00\x11\x00\x0d\x07\x21\x01\x00\x00\x11\x00"
  "\x0d\x08\x21\x01\x00\x00\x11\x00\x0d\x09\x21\x01\x00\x00\x11\x00\x0d\x0a\x21\x01"
  "\x00\x00\x04\x00\x0d\x0b\x21\x01\x00\x00\x00\x00\x0d\x00\x21\x01\x01\x00\x04\x00"
  "\x0d\x01\x21\x01\x01\x00\x1a\x00\x0d\x02\x21\x01\x01\x00\x37\x00\x0d\x03\x21\x01"
  "\x01\x00\x11\x00\x0d\x04\x21\x01\x01\x00\x11\x00\x0d\x05\x21\x01\x01\x00\x11\x00"
  "\x0d\x06\x21\x01\x01\x00\x11\x00\x0d\x07\x21\x01\x01\x00\x11\x00\x0d\x08\x21\x01"
  "\x01\x00\x11\x00\x0d\x09\x21\x01\x01\x00\x11\x00\x0d\x0a\x21\x01\x01\x00\x04\x00"
  "\x0d\x0b\x21\x01\x01\x00\x00\x00\x0d\x00\x21\x02\x00\x00\x03\x00\x0d\x01\x21\x02"
  "\x00\x00\x30\x00\x0d\x02\x21\x02\x00\x00\x37\x00\x0d\x03\x21\x02\x00\x00\x11\x00"
  "\x0d\x04\x21\x02\x00\x00\x11\x00\x0d\x05\x21\x02\x00\x00\x11\x00\x0d\x06\x21\x02"
  "\x00\x00\x11\x00\x0d\x07\x21\x02\x00\x00\x11\x00\x0d\x08\x21\x02\x00\x00\x11\x00"
  "\x0d\x09\x21\x02\x00\x00\x11\x00\x0d\x0a\x21\x02\x00\x00\x04\x00\x0d\x0b\x21\x02"
  "\x00\x00\x00\x00\x0d\x00\x21\x02\x01\x00\x04\x00\x0d\x01\x21\x02\x01\x00\x1a\x00"
  "\x0d\x02\x21\x02\x01\x00\x37\x00\x0d\x03\x21\x02\x01\x00\x11\x00\x0d\x04\x21\x02"
  "\x01\x00\x11\x00\x0d\x05\x21\x02\x01\x00\x11\x00\x0d\x06\x21\x02\x01\x00\x11\x00"
  "\x0d\x07\x21\x02\x01\x00\x11\x00\x0d\x08\x21\x02\x01\x00\x11\x00\x0d\x09\x21\x02"
  "\x01\x00\x11\x00\x0d\x0a\x21\x02\x01\x00\x04\x00\x0d\x0b\x21\x02\x01\x00\x00\x00"
  "\x0d\x00\x22\x00\x00\x00\x03\x00\x0d\x01\x22\x00\x00\x00\x55\x00\x0d\x02\x22\x00"
  "\x00\x00\x37\x00\x0d\x03\x22\x00\x00\x00\x11\x00\x0d\x04\x22\x00\x00\x00\x11\x00"
  "\x0d\x05\x22\x00\x00\x00\x11\x00\x0d\x06\x22\x00\x00\x00\x11\x00\x0d\x07\x22\x00"
  "\x00\x00\x11\x00\x0d\x08\x22\x00\x00\x00\x11\x00\x0d\x09\x22\x00\x00\x00\x11\x00"
  "\x0d\x0a\x22\x00\x00\x00\x00\x00\x0d\x0b\x22\x00\x00\x00\x00\x00\x0d\x00\x22\x00"
  "\x01\x00\x04\x00\x0d\x01\x22\x00\x01\x00\x54\x00\x0d\x02\x22\x00\x01\x00\x37\x00"
  "\x0d\x03\x22\x00\x01\x00\x11\x00\x0d\x04\x22\x00\x01\x00\x11\x00\x0d\x05\x22\x00"
  "\x01\x00\x11\x00\x0d\x06\x22\x00\x01\x00\x11\x00\x0d\x07\x22\x00\x01\x00\x11\x00"
  "\x0d\x08\x22\x00\x01\x00\x11\x00\x0d\x09\x22\x00\x01\x00\x11\x00\x0d\x0a\x22\x00"
  "\x01\x00\x01\x00\x0d\x0b\x22\x00\x01\x00\x00\x00\x0d\x00\x22\x01\x00\x00\x03\x00"
  "\x0d\x01\x22\x01\x00\x00\x55\x00\x0d\x02\x22\x01\x00\x00\x37\x00\x0d\x03\x22\x01"
  "\x00\x00\x11\x00\x0d\x04\x22\x01\x00\x00\x11\x00\x0d\x05\x22\x01\x00\x00\x11\x00"
  "\x0d\x06\x22\x01\x00\x00\x11\x00\x0d\x07\x22\x01\x00\x00\x11\x00\x0d\x08\x22\x01"
  "\x00\x00\x11\x00\x0d\x09\x22\x01\x00\x00\x11\x00\x0d\x0a\x22\x01\x00\x00\x00\x00"
  "\x0d\x0b\x22\x01\x00\x00\x00\x00\x0d\x00\x22\x01\x01\x00\x04\x00\x0d\x01\x22\x01"
  "\x01\x00\x54\x00\x0d\x02\x22\x01\x01\x00\x37\x00\x0d\x03\x22\x01\x01\x00\x11\x00"
  "\x0d\x04\x22\x01\x01\x00\x11\x00\x0d\x05\x22\x01\x01\x00\x11\x00\x0d\x06\x22\x01"
  "\x01\x00\x11\x00\x0d\x07\x22\x01\x01\x00\x11\x00\x0d\x08\x22\x01\x01\x00\x11\x00"
  "\x0d\x09\x22\x01\x01\x00\x11\x00\x0d\x0a\x22\x01\x01\x00\x02\x00\x0d\x0b\x22\x01"
  "\x01\x00\x00\x00\x0d\x00\x22\x02\x00\x00\x03\x00\x0d\x01\x22\x02\x00\x00\x55\x00"
  "\x0d\x02\x22\x02\x00\x00\x37\x00\x0d\x03\x22\x02\x00\x00\x11\x00\x0d\x04\x22\x02"
  "\x00\x00\x11\x00\x0d\x05\x22\x02\x00\x00\x11\x00\x0d\x06\x22\x02\x00\x00\x11\x00"
  "\x0d\x07\x22\x02\x00\x00\x11\x00\x0d\x08\x22\x02\x00\x00\x11\x00\x0d\x09\x22\x02"
  "\x00\x00\x11\x00\x0d\x0a\x22\x02\x00\x00\x03\x00\x0d\x0b\x22\x02\x00\x00\x00\x00"
  "\x0d\x00\x22\x02\x01\x00\x04\x00\x0d\x01\x22\x02\x01\x00\x54\x00\x0d\x02\x22\x02"
  "\x01\x00\x37\x00\x0d\x03\x22\x02\x01\x00\x11\x00\x0d\x04\x22\x02\x01\x00\x11\x00"
  "\x0d\x05\x22\x02\x01\x00\x11\x00\x0d\x06\x22\x02\x01\x00\x11\x00\x0d\x07\x22\x02"
  "\x01\x00\x11\x00\x0d\x08\x22\x02\x01\x00\x11\x00\x0d\x09\x22\x02\x01\x00\x11\x00"
  "\x0d\x0a\x22\x02\x01\x00\x03\x00\x0d\x0b\x22\x02\x01\x00\x00\x00\x0d\x00\x23\x00"
  "\x00\x00\x03\x00\x0d\x01\x23\x00\x00\x00\x40\x00\x0d\x02\x23\x00\x00\x00\x37\x00"
  "\x0d\x03\x23\x00\x00\x00\x11\x00\x0d\x04\x23\x00\x00\x00\x11\x00\x0d\x05\x23\x00"
  "\x00\x00\x11\x00\x0d\x06\x23\x00\x00\x00\x11\x00\x0d\x07\x23\x00\x00\x00\x11\x00"
  "\x0d\x08\x23\x00\x00\x00\x11\x00\x0d\x09\x23\x00\x00\x00\x11\x00\x0d\x0a\x23\x00"
  "\x00\x00\x04\x00\x0d\x0b\x23\x00\x00\x00\x00\x00\x0d\x00\x23\x00\x01\x00\x04\x00"
  "\x0d\x01\x23\x00\x01\x00\x34\x00\x0d\x02\x23\x00\x01\x00\x37\x00\x0d\x03\x23\x00"
  "\x01\x00\x11\x00\x0d\x04\x23\x00\x01\x00\x11\x00\x0d\x05\x23\x00\x01\x00\x11\x00"
  "\x0d\x06\x23\x00\x01\x00\x11\x00\x0d\x07\x23\x00\x01\x00\x11\x00\x0d\x08\x23\x00"
  "\x01\x00\x11\x00\x0d\x09\x23\x00\x01\x00\x11\x00\x0d\x0a\x23\x00\x01\x00\x04\x00"
  "\x0d\x0b\x23\x00\x01\x00\x00\x00\x0d\x00\x23\x01\x00\x00\x03\x00\x0d\x01\x23\x01"
  "\x00\x00\x40\x00\x0d\x02\x23\x01\x00\x00\x37\x00\x0d\x03\x23\x01\x00\x00\x11\x00"
  "\x0d\x04\x23\x01\x00\x00\x11\x00\x0d\x05\x23\x01\x00\x00\x11\x00\x0d\x06\x23\x01"
  "\x00\x00\x11\x00\x0d\x07\x23\x01\x00\x00\x11\x00\x0d\x08\x23\x01\x00\x00\x11\x00"
  "\x0d\x09\x23\x01\x00\x00\x11\x00\x0d\x0a\x23\x01\x00\x00\x04\x00\x0d\x0b\x23\x01"
  "\x00\x00\x00\x00\x0d\x00\x23\x01\x01\x00\x04\x00\x0d\x01\x23\x01\x01\x00\x34\x00"
  "\x0d\x02\x23\x01\x01\x00\x37\x00\x0d\x03\x23\x01\x01\x00\x11\x00\x0d\x04\x23\x01"
  "\x01\x00\x11\x00\x0d\x05\x23\x01\x01\x00\x11\x00\x0d\x06\x23\x01\x01\x00\x11\x00"
  "\x0d\x07\x23\x01\x01\x00\x11\x00\x0d\x08\x23\x01\x01\x00\x11\x00\x0d\x09\x23\x01"
  "\x01\x00\x11\x00\x0d\x0a\x23\x01\x01\x00\x04\x00\x0d\x0b\x23\x01\x01\x00\x00\x00"
  "\x0d\x00\x23\x02\x00\x00\x03\x00\x0d\x01\x23\x02\x00\x00\x40\x00\x0d\x02\x23\x02"
  "\x00\x00\x37\x00\x0d\x03\x23\x02\x00\x00\x11\x00\x0d\x04\x23\x02\x00\x00\x11\x00"
  "\x0d\x05\x23\x02\x00\x00\x11\x00\x0d\x06\x23\x02\x00\x00\x11\x00\x0d\x07\x23\x02"
  "\x00\x00\x11\x00\x0d\x08\x23\x02\x00\x00\x11\x00\x0d\x09\x23\x02\x00\x00\x11\x00"
  "\x0d\x0a\x23\x02\x00\x00\x04\x00\x0d\x0b\x23\x02\x00\x00\x00\x00\x0d\x00\x23\x02"
  "\x01\x00\x04\x00\x0d\x01\x23\x02\x01\x00\x34\x00\x0d\x02\x23\x02\x01\x00\x37\x00"
  "\x0d\x03\x23\x02\x01\x00\x11\x00\x0d\x04\x23\x02\x01\x00\x11\x00\x0d\x05\x23\x02"
  "\x01\x00\x11\x00\x0d\x06\x23\x02\x01\x00\x11\x00\x0d\x07\x23\x02\x01\x00\x11\x00"
  "\x0d\x08\x23\x02\x01\x00\x11\x00\x0d\x09\x23\x02\x01\x00\x11\x00\x0d\x0a\x23\x02"
  "\x01\x00\x04\x00\x0d\x0b\x23\x02\x01\x00\x00\x00\x0d\x00\x24\x00\x00\x00\x03\x00"
  "\x0d\x01\x24\x00\x00\x00\x41\x00\x0d\x02\x24\x00\x00\x00\x37\x00\x0d\x03\x24\x00"
  "\x00\x00\x11\x00\x0d\x04\x24\x00\x00\x00\x11\x00\x0d\x05\x24\x00\x00\x00\x11\x00"
  "\x0d\x06\x24\x00\x00\x00\x11\x00\x0d\x07\x24\x00\x00\x00\x11\x00\x0d\x08\x24\x00"
  "\x00\x00\x11\x00\x0d\x09\x24\x00\x00\x00\x11\x00\x0d\x0a\x24\x00\x00\x00\x04\x00"
  "\x0d\x0b\x24\x00\x00\x00\x00\x00\x0d\x00\x24\x00\x01\x00\x04\x00\x0d\x01\x24\x00"
  "\x01\x00\x34\x00\x0d\x02\x24\x00\x01\x00\x37\x00\x0d\x03\x24\x00\x01\x00\x11\x00"
  "\x0d\x04\x24\x00\x01\x00\x11\x00\x0d\x05\x24\x00\x01\x00\x11\x00\x0d\x06\x24\x00"
  "\x01\x00\x11\x00\x0d\x07\x24\x00\x01\x00\x11\x00\x0d\x08\x24\x00\x01\x00\x11\x00"
  "\x0d\x09\x24\x00\x01\x00\x11\x00\x0d\x0a\x24\x00\x01\x00\x04\x00\x0d\x0b\x24\x00"
  "\x01\x00\x00\x00\x0d\x00\x24\x01\x00\x00\x03\x00\x0d\x01\x24\x01\x00\x00\x41\x00"
  "\x0d\x02\x24\x01\x00\x00\x37\x00\x0d\x03\x24\x01\x00\x00\x11\x00\x0d\x04\x24\x01"
  "\x00\x00\x11\x00\x0d\x05\x24\x01\x00\x00\x11\x00\x0d\x06\x24\x01\x00\x00\x11\x00"
  "\x0d\x07\x24\x01\x00\x00\x11\x00\x0d\x08\x24\x01\x00\x00\x11\x00\x0d\x09\x24\x01"
  "\x00\x00\x11\x00\x0d\x0a\x24\x01\x00\x00\x04\x00\x0d\x0b\x24\x01\x00\x00\x00\x00"
  "\x0d\x00\x24\x01\x01\x00\x04\x00\x0d\x01\x24\x01\x01\x00\x34\x00\x0d\x02\x24\x01"
  "\x01\x00\x37\x00\x0d\x03\x24\x01\x01\x00\x11\x00\x0d\x04\x24\x01\x01\x00\x11\x00"
  "\x0d\x05\x24\x01\x01\x00\x11\x00\x0d\x06\x24\x01\x01\x00\x11\x00\x0d\x07\x24\x01"
  "\x01\x00\x11\x00\x0d\x08\x24\x01\x01\x00\x11\x00\x0d\x09\x24\x01\x01\x00\x11\x00"
  "\x0d\x0a\x24\x01\x01\x00\x04\x00\x0d\x0b\x24\x01\x01\x00\x00\x00\x0d\x00\x24\x02"
  "\x00\x00\x03\x00\x0d\x01\x24\x02\x00\x00\x41\x00\x0d\x02\x24\x02\x00\x00\x37\x00"
  "\x0d\x03\x24\x02\x00\x00\x11\x00\x0d\x04\x24\x02\x00\x00\x11\x00\x0d\x05\x24\x02"
  "\x00\x00\x11\x00\x0d\x06\x24\x02\x00\x00\x11\x00\x0d\x07\x24\x02\x00\x00\x11\x00"
  "\x0d\x08\x24\x02\x00\x00\x11\x00\x0d\x09\x24\x02\x00\x00\x11\x00\x0d\x0a\x24\x02"
  "\x00\x00\x04\x00\x0d\x0b\x24\x02\x00\x00\x00\x00\x0d\x00\x24\x02\x01\x00\x04\x00"
  "\x0d\x01\x24\x02\x01\x00\x34\x00\x0d\x02\x24\x02\x01\x00\x37\x00\x0d\x03\x24\x02"
  "\x01\x00\x11\x00\x0d\x04\x24\x02\x01\x00\x11\x00\x0d\x05\x24\x02\x01\x00\x11\x00"
  "\x0d\x06\x24\x02\x01\x00\x11\x00\x0d\x07\x24\x02\x01\x00\x11\x00\x0d\x08\x24\x02"
  "\x01\x00\x11\x00\x0d\x09\x24\x02\x01\x00\x11\x00\x0d\x0a\x24\x02\x01\x00\x04\x00"
  "\x0d\x0b\x24\x02\x01\x00\x00\x00\x0d\x00\x25\x00\x00\x00\x03\x00\x0d\x01\x25\x00"
  "\x00\x00\x3f\x00\x0d\x02\x25\x00\x00\x00\x37\x00\x0d\x03\x25\x00\x00\x00\x11\x00"
  "\x0d\x04\x25\x00\x00\x00\x11\x00\x0d\x05\x25\x00\x00\x00\x11\x00\x0d\x06\x25\x00"
  "\x00\x00\x11\x00\x0d\x07\x25\x00\x00\x00\x11\x00\x0d\x08\x25\x00\x00\x00\x11\x00"
  "\x0d\x09\x25\x00\x00\x00\x11\x00\x0d\x0a\x25\x00\x00\x00\x04\x00\x0d\x0b\x25\x00"
  "\x00\x00\x00\x00\x0d\x00\x25\x00\x01\x00\x04\x00\x0d\x01\x25\x00\x01\x00\x4f\x00"
  "\x0d\x02\x25\x00\x01\x00\x37\x00\x0d\x03\x25\x00\x01\x00\x11\x00\x0d\x04\x25\x00"
  "\x01\x00\x11\x00\x0d\x05\x25\x00\x01\x00\x11\x00\x0d\x06\x25\x00\x01\x00\x11\x00"
  "\x0d\x07\x25\x00\x01\x00\x11\x00\x0d\x08\x25\x00\x01\x00\x11\x00\x0d\x09\x25\x00"
  "\x01\x00\x11\x00\x0d\x0a\x25\x00\x01\x00\x04\x00\x0d\x0b\x25\x00\x01\x00\x00\x00"
  "\x0d\x00\x25\x01\x00\x00\x03\x00\x0d\x01\x25\x01\x00\x00\x3f\x00\x0d\x02\x25\x01"
  "\x00\x00\x37\x00\x0d\x03\x25\x01\x00\x00\x11\x00\x0d\x04\x25\x01\x00\x00\x11\x00"
  "\x0d\x05\x25\x01\x00\x00\x11\x00\x0d\x06\x25\x01\x00\x00\x11\x00\x0d\x07\x25\x01"
  "\x00\x00\x11\x00\x0d\x08\x25\x01\x00\x00\x11\x00\x0d\x09\x25\x01\x00\x00\x11\x00"
  "\x0d\x0a\x25\x01\x00\x00\x04\x00\x0d\x0b\x25\x01\x00\x00\x00\x00\x0d\x00\x25\x01"
  "\x01\x00\x04\x00\x0d\x01\x25\x01\x01\x00\x4f\x00\x0d\x02\x25\x01\x01\x00\x37\x00"
  "\x0d\x03\x25\x01\x01\x00\x11\x00\x0d\x04\x25\x01\x01\x00\x11\x00\x0d\x05\x25\x01"
  "\x01\x00\x11\x00\x0d\x06\x25\x01\x01\x00\x11\x00\x0d\x07\x25\x01\x01\x00\x11\x00"
  "\x0d\x08\x25\x01\x01\x00\x11\x00\x0d\x09\x25\x01\x01\x00\x11\x00\x0d\x0a\x25\x01"
  "\x01\x00\x04\x00\x0d\x0b\x25\x01\x01\x00\x00\x00\x0d\x00\x25\x02\x00\x00\x03\x00"
  "\x0d\x01\x25\x02\x00\x00\x3f\x00\x0d\x02\x25\x02\x00\x00\x37\x00\x0d\x03\x25\x02"
  "\x00\x00\x11\x00\x0d\x04\x25\x02\x00\x00\x11\x00\x0d\x05\x25\x02\x00\x00\x11\x00"
  "\x0d\x06\x25\x02\x00\x00\x11\x00\x0d\x07\x25\x02\x00\x00\x11\x00\x0d\x08\x25\x02"
  "\x00\x00\x11\x00\x0d\x09\x25\x02\x00\x00\x11\x00\x0d\x0a\x25\x02\x00\x00\x04\x00"
  "\x0d\x0b\x25\x02\x00\x00\x00\x00\x0d\x00\x25\x02\x01\x00\x04\x00\x0d\x01\x25\x02"
  "\x01\x00\x4f\x00\x0d\x02\x25\x02\x01\x00\x37\x00\x0d\x03\x25\x02\x01\x00\x11\x00"
  "\x0d\x04\x25\x02\x01\x00\x11\x00\x0d\x05\x25\x02\x01\x00\x11\x00\x0d\x06\x25\x02"
  "\x01\x00\x11\x00\x0d\x07\x25\x02\x01\x00\x11\x00\x0d\x08\x25\x02\x01\x00\x11\x00"
  "\x0d\x09\x25\x02\x01\x00\x11\x00\x0d\x0a\x25\x02\x01\x00\x04\x00\x0d\x0b\x25\x02"
  "\x01\x00\x00\x00\x0d\x00\x26\x00\x00\x00\x03\x00\x0d\x01\x26\x00\x00\x00\x04\x00"
  "\x0d\x02\x26\x00\x00\x00\x37\x00\x0d\x03\x26\x00\x00\x00\x11\x00\x0d\x04\x26\x00"
  "\x00\x00\x11\x00\x0d\x05\x26\x00\x00\x00\x11\x00\x0d\x06\x26\x00\x00\x00\x11\x00"
  "\x0d\x07\x26\x00\x00\x00\x11\x00\x0d\x08\x26\x00\x00\x00\x11\x00\x0d\x09\x26\x00"
  "\x00\x00\x11\x00\x0d\x0a\x26\x00\x00\x00\x04\x00\x0d\x0b\x26\x00\x00\x00\x00\x00"
  "\x0d\x00\x26\x00\x01\x00\x04\x00\x0d\x01\x26\x00\x01\x00\x04\x00\x0d\x02\x26\x00"
  "\x01\x00\x37\x00\x0d\x03\x26\x00\x01\x00\x11\x00\x0d\x04\x26\x00\x01\x00\x11\x00"
  "\x0d\x05\x26\x00\x01\x00\x11\x00\x0d\x06\x26\x00\x01\x00\x11\x00\x0d\x07\x26\x00"
  "\x01\x00\x11\x00\x0d\x08\x26\x00\x01\x00\x11\x00\x0d\x09\x26\x00\x01\x00\x11\x00"
  "\x0d\x0a\x26\x00\x01\x00\x04\x00\x0d\x0b\x26\x00\x01\x00\x00\x00\x0d\x00\x26\x01"
  "\x00\x00\x03\x00\x0d\x01\x26\x01\x00\x00\x04\x00\x0d\x02\x26\x01\x00\x00\x37\x00"
  "\x0d\x03\x26\x01\x00\x00\x11\x00\x0d\x04\x26\x01\x00\x00\x11\x00\x0d\x05\x26\x01"
  "\x00\x00\x11\x00\x0d\x06\x26\x01\x00\x00\x11\x00\x0d\x07\x26\x01\x00\x00\x11\x00"
  "\x0d\x08\x26\x01\x00\x00\x11\x00\x0d\x09\x26\x01\x00\x00\x11\x00\x0d\x0a\x26\x01"
  "\x00\x00\x04\x00\x0d\x0b\x26\x01\x00\x00\x00\x00\x0d\x00\x26\x01\x01\x00\x04\x00"
  "\x0d\x01\x26\x01\x01\x00\x04\x00\x0d\x02\x26\x01\x01\x00\x37\x00\x0d\x03\x26\x01"
  "\x01\x00\x11\x00\x0d\x04\x26\x01\x01\x00\x11\x00\x0d\x05\x26\x01\x01\x00\x11\x00"
  "\x0d\x06\x26\x01\x01\x00\x11\x00\x0d\x07\x26\x01\x01\x00\x11\x00\x0d\x08\x26\x01"
  "\x01\x00\x11\x00\x0d\x09\x26\x01\x01\x00\x11\x00\x0d\x0a\x26\x01\x01\x00\x04\x00"
  "\x0d\x0b\x26\x01\x01\x00\x00\x00\x0d\x00\x26\x02\x00\x00\x03\x00\x0d\x01\x26\x02"
  "\x00\x00\x04\x00\x0d\x02\x26\x02\x00\x00\x37\x00\x0d\x03\x26\x02\x00\x00\x11\x00"
  "\x0d\x04\x26\x02\x00\x00\x11\x00\x0d\x05\x26\x02\x00\x00\x11\x00\x0d\x06\x26\x02"
  "\x00\x00\x11\x00\x0d\x07\x26\x02\x00\x00\x11\x00\x0d\x08\x26\x02\x00\x00\x11\x00"
  "\x0d\x09\x26\x02\x00\x00\x11\x00\x0d\x0a\x26\x02\x00\x00\x04\x00\x0d\x0b\x26\x02"
  "\x00\x00\x00\x00\x0d\x00\x26\x02\x01\x00\x04\x00\x0d\x01\x26\x02\x01\x00\x04\x00"
  "\x0d\x02\x26\x02\x01\x00\x37\x00\x0d\x03\x26\x02\x01\x00\x11\x00\x0d\x04\x26\x02"
  "\x01\x00\x11\x00\x0d\x05\x26\x02\x01\x00\x11\x00\x0d\x06\x26\x02\x01\x00\x11\x00"
  "\x0d\x07\x26\x02\x01\x00\x11\x00\x0d\x08\x26\x02\x01\x00\x11\x00\x0d\x09\x26\x02"
  "\x01\x00\x11\x00\x0d\x0a\x26\x02\x01\x00\x04\x00\x0d\x0b\x26\x02\x01\x00\x00\x00"
  "\x0d\x00\x27\x00\x00\x00\x03\x00\x0d\x01\x27\x00\x00\x00\x3d\x00\x0d\x02\x27\x00"
  "\x00\x00\x37\x00\x0d\x03\x27\x00\x00\x00\x11\x00\x0d\x04\x27\x00\x00\x00\x11\x00"
  "\x0d\x05\x27\x00\x00\x00\x11\x00\x0d\x06\x27\x00\x00\x00\x11\x00\x0d\x07\x27\x00"
  "\x00\x00\x11\x00\x0d\x08\x27\x00\x00\x00\x11\x00\x0d\x09\x27\x00\x00\x00\x11\x00"
  "\x0d\x0a\x27\x00\x00\x00\x04\x00\x0d\x0b\x27\x00\x00\x00\x00\x00\x0d\x00\x27\x00"
  "\x01\x00\x04\x00\x0d\x01\x27\x00\x01\x00\x3e\x00\x0d\x02\x27\x00\x01\x00\x37\x00"
  "\x0d\x03\x27\x00\x01\x00\x11\x00\x0d\x04\x27\x00\x01\x00\x11\x00\x0d\x05\x27\x00"
  "\x01\x00\x11\x00\x0d\x06\x27\x00\x01\x00\x11\x00\x0d\x07\x27\x00\x01\x00\x11\x00"
  "\x0d\x08\x27\x00\x01\x00\x11\x00\x0d\x09\x27\x00\x01\x00\x11\x00\x0d\x0a\x27\x00"
  "\x01\x00\x04\x00\x0d\x0b\x27\x00\x01\x00\x00\x00\x0d\x00\x27\x01\x00\x00\x03\x00"
  "\x0d\x01\x27\x01\x00\x00\x3d\x00\x0d\x02\x27\x01\x00\x00\x37\x00\x0d\x03\x27\x01"
  "\x00\x00\x11\x00\x0d\x04\x27\x01\x00\x00\x11\x00\x0d\x05\x27\x01\x00\x00\x11\x00"
  "\x0d\x06\x27\x01\x00\x00\x11\x00\x0d\x07\x27\x01\x00\x00\x11\x00\x0d\x08\x27\x01"
  "\x00\x00\x11\x00\x0d\x09\x27\x01\x00\x00\x11\x00\x0d\x0a\x27\x01\x00\x00\x04\x00"
  "\x0d\x0b\x27\x01\x00\x00\x00\x00\x0d\x00\x27\x01\x01\x00\x04\x00\x0d\x01\x27\x01"
  "\x01\x00\x3e\x00\x0d\x02\x27\x01\x01\x00\x37\x00\x0d\x03\x27\x01\x01\x00\x11\x00"
  "\x0d\x04\x27\x01\x01\x00\x11\x00\x0d\x05\x27\x01\x01\x00\x11\x00\x0d\x06\x27\x01"
  "\x01\x00\x11\x00\x0d\x07\x27\x01\x01\x00\x11\x00\x0d\x08\x27\x01\x01\x00\x11\x00"
  "\x0d\x09\x27\x01\x01\x00\x11\x00\x0d\x0a\x27\x01\x01\x00\x04\x00\x0d\x0b\x27\x01"
  "\x01\x00\x00\x00\x0d\x00\x27\x02\x00\x00\x03\x00\x0d\x01\x27\x02\x00\x00\x3d\x00"
  "\x0d\x02\x27\x02\x00\x00\x37\x00\x0d\x03\x27\x02\x00\x00\x11\x00\x0d\x04\x27\x02"
  "\x00\x00\x11\x00\x0d\x05\x27\x02\x00\x00\x11\x00\x0d\x06\x27\x02\x00\x00\x11\x00"
  "\x0d\x07\x27\x02\x00\x00\x11\x00\x0d\x08\x27\x02\x00\x00\x11\x00\x0d\x09\x27\x02"
  "\x00\x00\x11\x00\x0d\x0a\x27\x02\x00\x00\x04\x00\x0d\x0b\x27\x02\x00\x00\x00\x00"
  "\x0d\x00\x27\x02\x01\x00\x04\x00\x0d\x01\x27\x02\x01\x00\x3e\x00\x0d\x02\x27\x02"
  "\x01\x00\x37\x00\x0d\x03\x27\x02\x01\x00\x11\x00\x0d\x04\x27\x02\x01\x00\x11\x00"
  "\x0d\x05\x27\x02\x01\x00\x11\x00\x0d\x06\x27\x02\x01\x00\x11\x00\x0d\x07\x27\x02"
  "\x01\x00\x11\x00\x0d\x08\x27\x02\x01\x00\x11\x00\x0d\x09\x27\x02\x01\x00\x11\x00"
  "\x0d\x0a\x27\x02\x01\x00\x04\x00\x0d\x0b\x27\x02\x01\x00\x00\x00\x0d\x00\x28\x00"
  "\x00\x00\x03\x00\x0d\x01\x28\x00\x00\x00\x4a\x00\x0d\x02\x28\x00\x00\x00\x37\x00"
  "\x0d\x03\x28\x00\x00\x00\x11\x00\x0d\x04\x28\x00\x00\x00\x11\x00\x0d\x05\x28\x00"
  "\x00\x00\x11\x00\x0d\x06\x28\x00\x00\x00\x11\x00\x0d\x07\x28\x00\x00\x00\x11\x00"
  "\x0d\x08\x28\x00\x00\x00\x11\x00\x0d\x09\x28\x00\x00\x00\x11\x00\x0d\x0a\x28\x00"
  "\x00\x00\x04\x00\x0d\x0b\x28\x00\x00\x00\x00\x00\x0d\x00\x28\x00\x01\x00\x04\x00"
  "\x0d\x01\x28\x00\x01\x00\x2e\x00\x0d\x02\x28\x00\x01\x00\x37\x00\x0d\x03\x28\x00"
  "\x01\x00\x11\x00\x0d\x04\x28\x00\x01\x00\x11\x00\x0d\x05\x28\x00\x01\x00\x11\x00"
  "\x0d\x06\x28\x00\x01\x00\x11\x00\x0d\x07\x28\x00\x01\x00\x11\x00\x0d\x08\x28\x00"
  "\x01\x00\x11\x00\x0d\x09\x28\x00\x01\x00\x11\x00\x0d\x0a\x28\x00\x01\x00\x04\x00"
  "\x0d\x0b\x28\x00\x01\x00\x00\x00\x0d\x00\x28\x01\x00\x00\x03\x00\x0d\x01\x28\x01"
  "\x00\x00\x4a\x00\x0d\x02\x28\x01\x00\x00\x37\x00\x0d\x03\x28\x01\x00\x00\x11\x00"
  "\x0d\x04\x28\x01\x00\x00\x11\x00\x0d\x05\x28\x01\x00\x00\x11\x00\x0d\x06\x28\x01"
  "\x00\x00\x11\x00\x0d\x07\x28\x01\x00\x00\x11\x00\x0d\x08\x28\x01\x00\x00\x11\x00"
  "\x0d\x09\x28\x01\x00\x00\x11\x00\x0d\x0a\x28\x01\x00\x00\x04\x00\x0d\x0b\x28\x01"
  "\x00\x00\x00\x00\x0d\x00\x28\x01\x01\x00\x04\x00\x0d\x01\x28\x01\x01\x00\x2e\x00"
  "\x0d\x02\x28\x01\x01\x00\x37\x00\x0d\x03\x28\x01\x01\x00\x11\x00\x0d\x04\x28\x01"
  "\x01\x00\x11\x00\x0d\x05\x28\x01\x01\x00\x11\x00\x0d\x06\x28\x01\x01\x00\x11\x00"
  "\x0d\x07\x28\x01\x01\x00\x11\x00\x0d\x08\x28\x01\x01\x00\x11\x00\x0d\x09\x28\x01"
  "\x01\x00\x11\x00\x0d\x0a\x28\x01\x01\x00\x04\x00\x0d\x0b\x28\x01\x01\x00\x00\x00"
  "\x0d\x00\x28\x02\x00\x00\x03\x00\x0d\x01\x28\x02\x00\x00\x4a\x00\x0d\x02\x28\x02"
  "\x00\x00\x37\x00\x0d\x03\x28\x02\x00\x00\x11\x00\x0d\x04\x28\x02\x00\x00\x11\x00"
  "\x0d\x05\x28\x02\x00\x00\x11\x00\x0d\x06\x28\x02\x00\x00\x11\x00\x0d\x07\x28\x02"
  "\x00\x00\x11\x00\x0d\x08\x28\x02\x00\x00\x11\x00\x0d\x09\x28\x02\x00\x00\x11\x00"
  "\x0d\x0a\x28\x02\x00\x00\x04\x00\x0d\x0b\x28\x02\x00\x00\x00\x00\x0d\x00\x28\x02"
  "\x01\x00\x04\x00\x0d\x01\x28\x02\x01\x00\x2e\x00\x0d\x02\x28\x02\x01\x00\x37\x00"
  "\x0d\x03\x28\x02\x01\x00\x11\x00\x0d\x04\x28\x02\x01\x00\x11\x00\x0d\x05\x28\x02"
  "\x01\x00\x11\x00\x0d\x06\x28\x02\x01\x00\x11\x00\x0d\x07\x28\x02\x01\x00\x11\x00"
  "\x0d\x08\x28\x02\x01\x00\x11\x00\x0d\x09\x28\x02\x01\x00\x11\x00\x0d\x0a\x28\x02"
  "\x01\x00\x04\x00\x0d\x0b\x28\x02\x01\x00\x00\x00\x0d\x00\x29\x00\x00\x00\x03\x00"
  "\x0d\x01\x29\x00\x00\x00\x44\x00\x0d\x02\x29\x00\x00\x00\x37\x00\x0d\x03\x29\x00"
  "\x00\x00\x11\x00\x0d\x04\x29\x00\x00\x00\x11\x00\x0d\x05\x29\x00\x00\x00\x11\x00"
  "\x0d\x06\x29\x00\x00\x00\x11\x00\x0d\x07\x29\x00\x00\x00\x11\x00\x0d\x08\x29\x00"
  "\x00\x00\x11\x00\x0d\x09\x29\x00\x00\x00\x11\x00\x0d\x0a\x29\x00\x00\x00\x04\x00"
  "\x0d\x0b\x29\x00\x00\x00\x00\x00\x0d\x00\x29\x00\x01\x00\x04\x00\x0d\x01\x29\x00"
  "\x01\x00\x05\x00\x0d\x02\x29\x00\x01\x00\x37\x00\x0d\x03\x29\x00\x01\x00\x11\x00"
  "\x0d\x04\x29\x00\x01\x00\x11\x00\x0d\x05\x29\x00\x01\x00\x11\x00\x0d\x06\x29\x00"
  "\x01\x00\x11\x00\x0d\x07\x29\x00\x01\x00\x11\x00\x0d\x08\x29\x00\x01\x00\x11\x00"
  "\x0d\x09\x29\x00\x01\x00\x11\x00\x0d\x0a\x29\x00\x01\x00\x04\x00\x0d\x0b\x29\x00"
  "\x01\x00\x00\x00\x0d\x00\x29\x01\x00\x00\x03\x00\x0d\x01\x29\x01\x00\x00\x44\x00"
  "\x0d\x02\x29\x01\x00\x00\x37\x00\x0d\x03\x29\x01\x00\x00\x11\x00\x0d\x04\x29\x01"
  "\x00\x00\x11\x00\x0d\x05\x29\x01\x00\x00\x11\x00\x0d\x06\x29\x01\x00\x00\x11\x00"
  "\x0d\x07\x29\x01\x00\x00\x11\x00\x0d\x08\x29\x01\x00\x00\x11\x00\x0d\x09\x29\x01"
  "\x00\x00\x11\x00\x0d\x0a\x29\x01\x00\x00\x04\x00\x0d\x0b\x29\x01\x00\x00\x00\x00"
  "\x0d\x00\x29\x01\x01\x00\x04\x00\x0d\x01\x29\x01\x01\x00\x05\x00\x0d\x02\x29\x01"
  "\x01\x00\x37\x00\x0d\x03\x29\x01\x01\x00\x11\x00\x0d\x04\x29\x01\x01\x00\x11\x00"
  "\x0d\x05\x29\x01\x01\x00\x11\x00\x0d\x06\x29\x01\x01\x00\x11\x00\x0d\x07\x29\x01"
  "\x01\x00\x11\x00\x0d\x08\x29\x01\x01\x00\x11\x00\x0d\x09\x29\x01\x01\x00\x11\x00"
  "\x0d\x0a\x29\x01\x01\x00\x04\x00\x0d\x0b\x29\x01\x01\x00\x00\x00\x0d\x00\x29\x02"
  "\x00\x00\x03\x00\x0d\x01\x29\x02\x00\x00\x44\x00\x0d\x02\x29\x02\x00\x00\x37\x00"
  "\x0d\x03\x29\x02\x00\x00\x11\x00\x0d\x04\x29\x02\x00\x00\x11\x00\x0d\x05\x29\x02"
  "\x00\x00\x11\x00\x0d\x06\x29\x02\x00\x00\x11\x00\x0d\x07\x29\x02\x00\x00\x11\x00"
  "\x0d\x08\x29\x02\x00\x00\x11\x00\x0d\x09\x29\x02\x00\x00\x11\x00\x0d\x0a\x29\x02"
  "\x00\x00\x04\x00\x0d\x0b\x29\x02\x00\x00\x00\x00\x0d\x00\x29\x02\x01\x00\x04\x00"
  "\x0d\x01\x29\x02\x01\x00\x05\x00\x0d\x02\x29\x02\x01\x00\x37\x00\x0d\x03\x29\x02"
  "\x01\x00\x11\x00\x0d\x04\x29\x02\x01\x00\x11\x00\x0d\x05\x29\x02\x01\x00\x11\x00"
  "\x0d\x06\x29\x02\x01\x00\x11\x00\x0d\x07\x29\x02\x01\x00\x11\x00\x0d\x08\x29\x02"
  "\x01\x00\x11\x00\x0d\x09\x29\x02\x01\x00\x11\x00\x0d\x0a\x29\x02\x01\x00\x04\x00"
  "\x0d\x0b\x29\x02\x01\x00\x00\x00\x0d\x00\x2a\x00\x00\x00\x03\x00\x0d\x01\x2a\x00"
  "\x00\x00\x0a\x00\x0d\x02\x2a\x00\x00\x00\x37\x00\x0d\x03\x2a\x00\x00\x00\x11\x00"
  "\x0d\x04\x2a\x00\x00\x00\x11\x00\x0d\x05\x2a\x00\x00\x00\x11\x00\x0d\x06\x2a\x00"
  "\x00\x00\x11\x00\x0d\x07\x2a\x00\x00\x00\x11\x00\x0d\x08\x2a\x00\x00\x00\x11\x00"
  "\x0d\x09\x2a\x00\x00\x00\x11\x00\x0d\x0a\x2a\x00\x00\x00\x04\x00\x0d\x0b\x2a\x00"
  "\x00\x00\x00\x00\x0d\x00\x2a\x00\x01\x00\x04\x00\x0d\x01\x2a\x00\x01\x00\x09\x00"
  "\x0d\x02\x2a\x00\x01\x00\x37\x00\x0d\x03\x2a\x00\x01\x00\x11\x00\x0d\x04\x2a\x00"
  "\x01\x00\x11\x00\x0d\x05\x2a\x00\x01\x00\x11\x00\x0d\x06\x2a\x00\x01\x00\x11\x00"
  "\x0d\x07\x2a\x00\x01\x00\x11\x00\x0d\x08\x2a\x00\x01\x00\x11\x00\x0d\x09\x2a\x00"
  "\x01\x00\x11\x00\x0d\x0a\x2a\x00\x01\x00\x04\x00\x0d\x0b\x2a\x00\x01\x00\x00\x00"
  "\x0d\x00\x2a\x01\x00\x00\x03\x00\x0d\x01\x2a\x01\x00\x00\x0a\x00\x0d\x02\x2a\x01"
  "\x00\x00\x37\x00\x0d\x03\x2a\x01\x00\x00\x11\x00\x0d\x04\x2a\x01\x00\x00\x11\x00"
  "\x0d\x05\x2a\x01\x00\x00\x11\x00\x0d\x06\x2a\x01\x00\x00\x11\x00\x0d\x07\x2a\x01"
  "\x00\x00\x11\x00\x0d\x08\x2a\x01\x00\x00\x11\x00\x0d\x09\x2a\x01\x00\x00\x11\x00"
  "\x0d\x0a\x2a\x01\x00\x00\x04\x00\x0d\x0b\x2a\x01\x00\x00\x00\x00\x0d\x00\x2a\x01"
  "\x01\x00\x04\x00\x0d\x01\x2a\x01\x01\x00\x09\x00\x0d\x02\x2a\x01\x01\x00\x37\x00"
  "\x0d\x03\x2a\x01\x01\x00\x11\x00\x0d\x04\x2a\x01\x01\x00\x11\x00\x0d\x05\x2a\x01"
  "\x01\x00\x11\x00\x0d\x06\x2a\x01\x01\x00\x11\x00\x0d\x07\x2a\x01\x01\x00\x11\x00"
  "\x0d\x08\x2a\x01\x01\x00\x11\x00\x0d\x09\x2a\x01\x01\x00\x11\x00\x0d\x0a\x2a\x01"
  "\x01\x00\x04\x00\x0d\x0b\x2a\x01\x01\x00\x00\x00\x0d\x00\x2a\x02\x00\x00\x03\x00"
  "\x0d\x01\x2a\x02\x00\x00\x0a\x00\x0d\x02\x2a\x02\x00\x00\x37\x00\x0d\x03\x2a\x02"
  "\x00\x00\x11\x00\x0d\x04\x2a\x02\x00\x00\x11\x00\x0d\x05\x2a\x02\x00\x00\x11\x00"
  "\x0d\x06\x2a\x02\x00\x00\x11\x00\x0d\x07\x2a\x02\x00\x00\x11\x00\x0d\x08\x2a\x02"
  "\x00\x00\x11\x00\x0d\x09\x2a\x02\x00\x00\x11\x00\x0d\x0a\x2a\x02\x00\x00\x04\x00"
  "\x0d\x0b\x2a\x02\x00\x00\x00\x00\x0d\x00\x2a\x02\x01\x00\x04\x00\x0d\x01\x2a\x02"
  "\x01\x00\x09\x00\x0d\x02\x2a\x02\x01\x00\x37\x00\x0d\x03\x2a\x02\x01\x00\x11\x00"
  "\x0d\x04\x2a\x02\x01\x00\x11\x00\x0d\x05\x2a\x02\x01\x00\x11\x00\x0d\x06\x2a\x02"
  "\x01\x00\x11\x00\x0d\x07\x2a\x02\x01\x00\x11\x00\x0d\x08\x2a\x02\x01\x00\x11\x00"
  "\x0d\x09\x2a\x02\x01\x00\x11\x00\x0d\x0a\x2a\x02\x01\x00\x04\x00\x0d\x0b\x2a\x02"
  "\x01\x00\x00\x00\x0d\x00\x2b\x00\x00\x00\x03\x00\x0d\x01\x2b\x00\x00\x00\x46\x00"
  "\x0d\x02\x2b\x00\x00\x00\x37\x00\x0d\x03\x2b\x00\x00\x00\x11\x00\x0d\x04\x2b\x00"
  "\x00\x00\x11\x00\x0d\x05\x2b\x00\x00\x00\x11\x00\x0d\x06\x2b\x00\x00\x00\x11\x00"
  "\x0d\x07\x2b\x00\x00\x00\x11\x00\x0d\x08\x2b\x00\x00\x00\x11\x00\x0d\x09\x2b\x00"
  "\x00\x00\x11\x00\x0d\x0a\x2b\x00\x00\x00\x04\x00\x0d\x0b\x2b\x00\x00\x00\x00\x00"
  "\x0d\x00\x2b\x00\x01\x00\x04\x00\x0d\x01\x2b\x00\x01\x00\x12\x00\x0d\x02\x2b\x00"
  "\x01\x00\x37\x00\x0d\x03\x2b\x00\x01\x00\x11\x00\x0d\x04\x2b\x00\x01\x00\x11\x00"
  "\x0d\x05\x2b\x00\x01\x00\x11\x00\x0d\x06\x2b\x00\x01\x00\x11\x00\x0d\x07\x2b\x00"
  "\x01\x00\x11\x00\x0d\x08\x2b\x00\x01\x00\x11\x00\x0d\x09\x2b\x00\x01\x00\x11\x00"
  "\x0d\x0a\x2b\x00\x01\x00\x04\x00\x0d\x0b\x2b\x00\x01\x00\x00\x00\x0d\x00\x2b\x01"
  "\x00\x00\x03\x00\x0d\x01\x2b\x01\x00\x00\x46\x00\x0d\x02\x2b\x01\x00\x00\x37\x00"
  "\x0d\x03\x2b\x01\x00\x00\x11\x00\x0d\x04\x2b\x01\x00\x00\x11\x00\x0d\x05\x2b\x01"
  "\x00\x00\x11\x00\x0d\x06\x2b\x01\x00\x00\x11\x00\x0d\x07\x2b\x01\x00\x00\x11\x00"
  "\x0d\x08\x2b\x01\x00\x00\x11\x00\x0d\x09\x2b\x01\x00\x00\x11\x00\x0d\x0a\x2b\x01"
  "\x00\x00\x04\x00\x0d\x0b\x2b\x01\x00\x00\x00\x00\x0d\x00\x2b\x01\x01\x00\x04\x00"
  "\x0d\x01\x2b\x01\x01\x00\x12\x00\x0d\x02\x2b\x01\x01\x00\x37\x00\x0d\x03\x2b\x01"
  "\x01\x00\x11\x00\x0d\x04\x2b\x01\x01\x00\x11\x00\x0d\x05\x2b\x01\x01\x00\x11\x00"
  "\x0d\x06\x2b\x01\x01\x00\x11\x00\x0d\x07\x2b\x01\x01\x00\x11\x00\x0d\x08\x2b\x01"
  "\x01\x00\x11\x00\x0d\x09\x2b\x01\x01\x00\x11\x00\x0d\x0a\x2b\x01\x01\x00\x04\x00"
  "\x0d\x0b\x2b\x01\x01\x00\x00\x00\x0d\x00\x2b\x02\x00\x00\x03\x00\x0d\x01\x2b\x02"
  "\x00\x00\x46\x00\x0d\x02\x2b\x02\x00\x00\x37\x00\x0d\x03\x2b\x02\x00\x00\x11\x00"
  "\x0d\x04\x2b\x02\x00\x00\x11\x00\x0d\x05\x2b\x02\x00\x00\x11\x00\x0d\x06\x2b\x02"
  "\x00\x00\x11\x00\x0d\x07\x2b\x02\x00\x00\x11\x00\x0d\x08\x2b\x02\x00\x00\x11\x00"
  "\x0d\x09\x2b\x02\x00\x00\x11\x00\x0d\x0a\x2b\x02\x00\x00\x04\x00\x0d\x0b\x2b\x02"
  "\x00\x00\x00\x00\x0d\x00\x2b\x02\x01\x00\x04\x00\x0d\x01\x2b\x02\x01\x00\x12\x00"
  "\x0d\x02\x2b\x02\x01\x00\x37\x00\x0d\x03\x2b\x02\x01\x00\x11\x00\x0d\x04\x2b\x02"
  "\x01\x00\x11\x00\x0d\x05\x2b\x02\x01\x00\x11\x00\x0d\x06\x2b\x02\x01\x00\x11\x00"
  "\x0d\x07\x2b\x02\x01\x00\x11\x00\x0d\x08\x2b\x02\x01\x00\x11\x00\x0d\x09\x2b\x02"
  "\x01\x00\x11\x00\x0d\x0a\x2b\x02\x01\x00\x04\x00\x0d\x0b\x2b\x02\x01\x00\x00\x00"
  "\x0d\x00\x2c\x00\x00\x00\x03\x00\x0d\x01\x2c\x00\x00\x00\x47\x00\x0d\x02\x2c\x00"
  "\x00\x00\x37\x00\x0d\x03\x2c\x00\x00\x00\x11\x00\x0d\x04\x2c\x00\x00\x00\x11\x00"
  "\x0d\x05\x2c\x00\x00\x00\x11\x00\x0d\x06\x2c\x00\x00\x00\x11\x00\x0d\x07\x2c\x00"
  "\x00\x00\x11\x00\x0d\x08\x2c\x00\x00\x00\x11\x00\x0d\x09\x2c\x00\x00\x00\x11\x00"
  "\x0d\x0a\x2c\x00\x00\x00\x04\x00\x0d\x0b\x2c\x00\x00\x00\x00\x00\x0d\x00\x2c\x00"
  "\x01\x00\x04\x00\x0d\x01\x2c\x00\x01\x00\x12\x00\x0d\x02\x2c\x00\x01\x00\x37\x00"
  "\x0d\x03\x2c\x00\x01\x00\x11\x00\x0d\x04\x2c\x00\x01\x00\x11\x00\x0d\x05\x2c\x00"
  "\x01\x00\x11\x00\x0d\x06\x2c\x00\x01\x00\x11\x00\x0d\x07\x2c\x00\x01\x00\x11\x00"
  "\x0d\x08\x2c\x00\x01\x00\x11\x00\x0d\x09\x2c\x00\x01\x00\x11\x00\x0d\x0a\x2c\x00"
  "\x01\x00\x04\x00\x0d\x0b\x2c\x00\x01\x00\x00\x00\x0d\x00\x2c\x01\x00\x00\x03\x00"
  "\x0d\x01\x2c\x01\x00\x00\x47\x00\x0d\x02\x2c\x01\x00\x00\x37\x00\x0d\x03\x2c\x01"
  "\x00\x00\x11\x00\x0d\x04\x2c\x01\x00\x00\x11\x00\x0d\x05\x2c\x01\x00\x00\x11\x00"
  "\x0d\x06\x2c\x01\x00\x00\x11\x00\x0d\x07\x2c\x01\x00\x00\x11\x00\x0d\x08\x2c\x01"
  "\x00\x00\x11\x00\x0d\x09\x2c\x01\x00\x00\x11\x00\x0d\x0a\x2c\x01\x00\x00\x04\x00"
  "\x0d\x0b\x2c\x01\x00\x00\x00\x00\x0d\x00\x2c\x01\x01\x00\x04\x00\x0d\x01\x2c\x01"
  "\x01\x00\x12\x00\x0d\x02\x2c\x01\x01\x00\x37\x00\x0d\x03\x2c\x01\x01\x00\x11\x00"
  "\x0d\x04\x2c\x01\x01\x00\x11\x00\x0d\x05\x2c\x01\x01\x00\x11\x00\x0d\x06\x2c\x01"
  "\x01\x00\x11\x00\x0d\x07\x2c\x01\x01\x00\x11\x00\x0d\x08\x2c\x01\x01\x00\x11\x00"
  "\x0d\x09\x2c\x01\x01\x00\x11\x00\x0d\x0a\x2c\x01\x01\x00\x04\x00\x0d\x0b\x2c\x01"
  "\x01\x00\x00\x00\x0d\x00\x2c\x02\x00\x00\x03\x00\x0d\x01\x2c\x02\x00\x00\x47\x00"
  "\x0d\x02\x2c\x02\x00\x00\x37\x00\x0d\x03\x2c\x02\x00\x00\x11\x00\x0d\x04\x2c\x02"
  "\x00\x00\x11\x00\x0d\x05\x2c\x02\x00\x00\x11\x00\x0d\x06\x2c\x02\x00\x00\x11\x00"
  "\x0d\x07\x2c\x02\x00\x00\x11\x00\x0d\x08\x2c\x02\x00\x00\x11\x00\x0d\x09\x2c\x02"
  "\x00\x00\x11\x00\x0d\x0a\x2c\x02\x00\x00\x04\x00\x0d\x0b\x2c\x02\x00\x00\x00\x00"
  "\x0d\x00\x2c\x02\x01\x00\x04\x00\x0d\x01\x2c\x02\x01\x00\x12\x00\x0d\x02\x2c\x02"
  "\x01\x00\x37\x00\x0d\x03\x2c\x02\x01\x00\x11\x00\x0d\x04\x2c\x02\x01\x00\x11\x00"
  "\x0d\x05\x2c\x02\x01\x00\x11\x00\x0d\x06\x2c\x02\x01\x00\x11\x00\x0d\x07\x2c\x02"
  "\x01\x00\x11\x00\x0d\x08\x2c\x02\x01\x00\x11\x00\x0d\x09\x2c\x02\x01\x00\x11\x00"
  "\x0d\x0a\x2c\x02\x01\x00\x04\x00\x0d\x0b\x2c\x02\x01\x00\x00\x00\x0d\x00\x2d\x00"
  "\x00\x00\x03\x00\x0d\x01\x2d\x00\x00\x00\x4b\x00\x0d\x02\x2d\x00\x00\x00\x37\x00"
  "\x0d\x03\x2d\x00\x00\x00\x11\x00\x0d\x04\x2d\x00\x00\x00\x11\x00\x0d\x05\x2d\x00"
  "\x00\x00\x11\x00\x0d\x06\x2d\x00\x00\x00\x11\x00\x0d\x07\x2d\x00\x00\x00\x11\x00"
  "\x0d\x08\x2d\x00\x00\x00\x11\x00\x0d\x09\x2d\x00\x00\x00\x11\x00\x0d\x0a\x2d\x00"
  "\x00\x00\x04\x00\x0d\x0b\x2d\x00\x00\x00\x00\x00\x0d\x00\x2d\x00\x01\x00\x04\x00"
  "\x0d\x01\x2d\x00\x01\x00\x2f\x00\x0d\x02\x2d\x00\x01\x00\x37\x00\x0d\x03\x2d\x00"
  "\x01\x00\x11\x00\x0d\x04\x2d\x00\x01\x00\x11\x00\x0d\x05\x2d\x00\x01\x00\x11\x00"
  "\x0d\x06\x2d\x00\x01\x00\x11\x00\x0d\x07\x2d\x00\x01\x00\x11\x00\x0d\x08\x2d\x00"
  "\x01\x00\x11\x00\x0d\x09\x2d\x00\x01\x00\x11\x00\x0d\x0a\x2d\x00\x01\x00\x04\x00"
  "\x0d\x0b\x2d\x00\x01\x00\x00\x00\x0d\x00\x2d\x01\x00\x00\x03\x00\x0d\x01\x2d\x01"
  "\x00\x00\x4b\x00\x0d\x02\x2d\x01\x00\x00\x37\x00\x0d\x03\x2d\x01\x00\x00\x11\x00"
  "\x0d\x04\x2d\x01\x00\x00\x11\x00\x0d\x05\x2d\x01\x00\x00\x11\x00\x0d\x06\x2d\x01"
  "\x00\x00\x11\x00\x0d\x07\x2d\x01\x00\x00\x11\x00\x0d\x08\x2d\x01\x00\x00\x11\x00"
  "\x0d\x09\x2d\x01\x00\x00\x11\x00\x0d\x0a\x2d\x01\x00\x00\x04\x00\x0d\x0b\x2d\x01"
  "\x00\x00\x00\x00\x0d\x00\x2d\x01\x01\x00\x04\x00\x0d\x01\x2d\x01\x01\x00\x2f\x00"
  "\x0d\x02\x2d\x01\x01\x00\x37\x00\x0d\x03\x2d\x01\x01\x00\x11\x00\x0d\x04\x2d\x01"
  "\x01\x00\x11\x00\x0d\x05\x2d\x01\x01\x00\x11\x00\x0d\x06\x2d\x01\x01\x00\x11\x00"
  "\x0d\x07\x2d\x01\x01\x00\x11\x00\x0d\x08\x2d\x01\x01\x00\x11\x00\x0d\x09\x2d\x01"
  "\x01\x00\x11\x00\x0d\x0a\x2d\x01\x01\x00\x04\x00\x0d\x0b\x2d\x01\x01\x00\x00\x00"
  "\x0d\x00\x2d\x02\x00\x00\x03\x00\x0d\x01\x2d\x02\x00\x00\x4b\x00\x0d\x02\x2d\x02"
  "\x00\x00\x37\x00\x0d\x03\x2d\x02\x00\x00\x11\x00\x0d\x04\x2d\x02\x00\x00\x11\x00"
  "\x0d\x05\x2d\x02\x00\x00\x11\x00\x0d\x06\x2d\x02\x00\x00\x11\x00\x0d\x07\x2d\x02"
  "\x00\x00\x11\x00\x0d\x08\x2d\x02\x00\x00\x11\x00\x0d\x09\x2d\x02\x00\x00\x11\x00"
  "\x0d\x0a\x2d\x02\x00\x00\x04\x00\x0d\x0b\x2d\x02\x00\x00\x00\x00\x0d\x00\x2d\x02"
  "\x01\x00\x04\x00\x0d\x01\x2d\x02\x01\x00\x2f\x00\x0d\x02\x2d\x02\x01\x00\x37\x00"
  "\x0d\x03\x2d\x02\x01\x00\x11\x00\x0d\x04\x2d\x02\x01\x00\x11\x00\x0d\x05\x2d\x02"
  "\x01\x00\x11\x00\x0d\x06\x2d\x02\x01\x00\x11\x00\x0d\x07\x2d\x02\x01\x00\x11\x00"
  "\x0d\x08\x2d\x02\x01\x00\x11\x00\x0d\x09\x2d\x02\x01\x00\x11\x00\x0d\x0a\x2d\x02"
  "\x01\x00\x04\x00\x0d\x0b\x2d\x02\x01\x00\x00\x00\x0d\x00\x2e\x00\x00\x00\x03\x00"
  "\x0d\x01\x2e\x00\x00\x00\x02\x00\x0d\x02\x2e\x00\x00\x00\x37\x00\x0d\x03\x2e\x00"
  "\x00\x00\x11\x00\x0d\x04\x2e\x00\x00\x00\x11\x00\x0d\x05\x2e\x00\x00\x00\x11\x00"
  "\x0d\x06\x2e\x00\x00\x00\x11\x00\x0d\x07\x2e\x00\x00\x00\x11\x00\x0d\x08\x2e\x00"
  "\x00\x00\x11\x00\x0d\x09\x2e\x00\x00\x00\x11\x00\x0d\x0a\x2e\x00\x00\x00\x04\x00"
  "\x0d\x0b\x2e\x00\x00\x00\x00\x00\x0d\x00\x2e\x00\x01\x00\x04\x00\x0d\x01\x2e\x00"
  "\x01\x00\x1e\x00\x0d\x02\x2e\x00\x01\x00\x37\x00\x0d\x03\x2e\x00\x01\x00\x11\x00"
  "\x0d\x04\x2e\x00\x01\x00\x11\x00\x0d\x05\x2e\x00\x01\x00\x11\x00\x0d\x06\x2e\x00"
  "\x01\x00\x11\x00\x0d\x07\x2e\x00\x01\x00\x11\x00\x0d\x08\x2e\x00\x01\x00\x11\x00"
  "\x0d\x09\x2e\x00\x01\x00\x11\x00\x0d\x0a\x2e\x00\x01\x00\x04\x00\x0d\x0b\x2e\x00"
  "\x01\x00\x00\x00\x0d\x00\x2e\x01\x00\x00\x03\x00\x0d\x01\x2e\x01\x00\x00\x02\x00"
  "\x0d\x02\x2e\x01\x00\x00\x37\x00\x0d\x03\x2e\x01\x00\x00\x11\x00\x0d\x04\x2e\x01"
  "\x00\x00\x11\x00\x0d\x05\x2e\x01\x00\x00\x11\x00\x0d\x06\x2e\x01\x00\x00\x11\x00"
  "\x0d\x07\x2e\x01\x00\x00\x11\x00\x0d\x08\x2e\x01\x00\x00\x11\x00\x0d\x09\x2e\x01"
  "\x00\x00\x11\x00\x0d\x0a\x2e\x01\x00\x00\x04\x00\x0d\x0b\x2e\x01\x00\x00\x00\x00"
  "\x0d\x00\x2e\x01\x01\x00\x04\x00\x0d\x01\x2e\x01\x01\x00\x1e\x00\x0d\x02\x2e\x01"
  "\x01\x00\x37\x00\x0d\x03\x2e\x01\x01\x00\x11\x00\x0d\x04\x2e\x01\x01\x00\x11\x00"
  "\x0d\x05\x2e\x01\x01\x00\x11\x00\x0d\x06\x2e\x01\x01\x00\x11\x00\x0d\x07\x2e\x01"
  "\x01\x00\x11\x00\x0d\x08\x2e\x01\x01\x00\x11\x00\x0d\x09\x2e\x01\x01\x00\x11\x00"
  "\x0d\x0a\x2e\x01\x01\x00\x04\x00\x0d\x0b\x2e\x01\x01\x00\x00\x00\x0d\x00\x2e\x02"
  "\x00\x00\x03\x00\x0d\x01\x2e\x02\x00\x00\x02\x00\x0d\x02\x2e\x02\x00\x00\x37\x00"
  "\x0d\x03\x2e\x02\x00\x00\x11\x00\x0d\x04\x2e\x02\x00\x00\x11\x00\x0d\x05\x2e\x02"
  "\x00\x00\x11\x00\x0d\x06\x2e\x02\x00\x00\x11\x00\x0d\x07\x2e\x02\x00\x00\x11\x00"
  "\x0d\x08\x2e\x02\x00\x00\x11\x00\x0d\x09\x2e\x02\x00\x00\x11\x00\x0d\x0a\x2e\x02"
  "\x00\x00\x04\x00\x0d\x0b\x2e\x02\x00\x00\x00\x00\x0d\x00\x2e\x02\x01\x00\x04\x00"
  "\x0d\x01\x2e\x02\x01\x00\x1e\x00\x0d\x02\x2e\x02\x01\x00\x37\x00\x0d\x03\x2e\x02"
  "\x01\x00\x11\x00\x0d\x04\x2e\x02\x01\x00\x11\x00\x0d\x05\x2e\x02\x01\x00\x11\x00"
  "\x0d\x06\x2e\x02\x01\x00\x11\x00\x0d\x07\x2e\x02\x01\x00\x11\x00\x0d\x08\x2e\x02"
  "\x01\x00\x11\x00\x0d\x09\x2e\x02\x01\x00\x11\x00\x0d\x0a\x2e\x02\x01\x00\x04\x00"
  "\x0d\x0b\x2e\x02\x01\x00\x00\x00\x0d\x00\x2f\x00\x00\x00\x03\x00\x0d\x01\x2f\x00"
  "\x00\x00\x52\x00\x0d\x02\x2f\x00\x00\x00\x37\x00\x0d\x03\x2f\x00\x00\x00\x11\x00"
  "\x0d\x04\x2f\x00\x00\x00\x11\x00\x0d\x05\x2f\x00\x00\x00\x11\x00\x0d\x06\x2f\x00"
  "\x00\x00\x11\x00\x0d\x07\x2f\x00\x00\x00\x11\x00\x0d\x08\x2f\x00\x00\x00\x11\x00"
  "\x0d\x09\x2f\x00\x00\x00\x11\x00\x0d\x0a\x2f\x00\x00\x00\x04\x00\x0d\x0b\x2f\x00"
  "\x00\x00\x00\x00\x0d\x00\x2f\x00\x01\x00\x04\x00\x0d\x01\x2f\x00\x01\x00\x26\x00"
  "\x0d\x02\x2f\x00\x01\x00\x37\x00\x0d\x03\x2f\x00\x01\x00\x11\x00\x0d\x04\x2f\x00"
  "\x01\x00\x11\x00\x0d\x05\x2f\x00\x01\x00\x11\x00\x0d\x06\x2f\x00\x01\x00\x11\x00"
  "\x0d\x07\x2f\x00\x01\x00\x11\x00\x0d\x08\x2f\x00\x01\x00\x11\x00\x0d\x09\x2f\x00"
  "\x01\x00\x11\x00\x0d\x0a\x2f\x00\x01\x00\x04\x00\x0d\x0b\x2f\x00\x01\x00\x00\x00"
  "\x0d\x00\x2f\x01\x00\x00\x03\x00\x0d\x01\x2f\x01\x00\x00\x52\x00\x0d\x02\x2f\x01"
  "\x00\x00\x37\x00\x0d\x03\x2f\x01\x00\x00\x11\x00\x0d\x04\x2f\x01\x00\x00\x11\x00"
  "\x0d\x05\x2f\x01\x00\x00\x11\x00\x0d\x06\x2f\x01\x00\x00\x11\x00\x0d\x07\x2f\x01"
  "\x00\x00\x11\x00\x0d\x08\x2f\x01\x00\x00\x11\x00\x0d\x09\x2f\x01\x00\x00\x11\x00"
  "\x0d\x0a\x2f\x01\x00\x00\x04\x00\x0d\x0b\x2f\x01\x00\x00\x00\x00\x0d\x00\x2f\x01"
  "\x01\x00\x04\x00\x0d\x01\x2f\x01\x01\x00\x26\x00\x0d\x02\x2f\x01\x01\x00\x37\x00"
  "\x0d\x03\x2f\x01\x01\x00\x11\x00\x0d\x04\x2f\x01\x01\x00\x11\x00\x0d\x05\x2f\x01"
  "\x01\x00\x11\x00\x0d\x06\x2f\x01\x01\x00\x11\x00\x0d\x07\x2f\x01\x01\x00\x11\x00"
  "\x0d\x08\x2f\x01\x01\x00\x11\x00\x0d\x09\x2f\x01\x01\x00\x11\x00\x0d\x0a\x2f\x01"
  "\x01\x00\x04\x00\x0d\x0b\x2f\x01\x01\x00\x00\x00\x0d\x00\x2f\x02\x00\x00\x03\x00"
  "\x0d\x01\x2f\x02\x00\x00\x52\x00\x0d\x02\x2f\x02\x00\x00\x37\x00\x0d\x03\x2f\x02"
  "\x00\x00\x11\x00\x0d\x04\x2f\x02\x00\x00\x11\x00\x0d\x05\x2f\x02\x00\x00\x11\x00"
  "\x0d\x06\x2f\x02\x00\x00\x11\x00\x0d\x07\x2f\x02\x00\x00\x11\x00\x0d\x08\x2f\x02"
  "\x00\x00\x11\x00\x0d\x09\x2f\x02\x00\x00\x11\x00\x0d\x0a\x2f\x02\x00\x00\x04\x00"
  "\x0d\x0b\x2f\x02\x00\x00\x00\x00\x0d\x00\x2f\x02\x01\x00\x04\x00\x0d\x01\x2f\x02"
  "\x01\x00\x26\x00\x0d\x02\x2f\x02\x01\x00\x37\x00\x0d\x03\x2f\x02\x01\x00\x11\x00"
  "\x0d\x04\x2f\x02\x01\x00\x11\x00\x0d\x05\x2f\x02\x01\x00\x11\x00\x0d\x06\x2f\x02"
  "\x01\x00\x11\x00\x0d\x07\x2f\x02\x01\x00\x11\x00\x0d\x08\x2f\x02\x01\x00\x11\x00"
  "\x0d\x09\x2f\x02\x01\x00\x11\x00\x0d\x0a\x2f\x02\x01\x00\x04\x00\x0d\x0b\x2f\x02"
  "\x01\x00\x00\x00\x0d\x00\x30\x00\x00\x00\x03\x00\x0d\x01\x30\x00\x00\x00\x36\x00"
  "\x0d\x02\x30\x00\x00\x00\x37\x00\x0d\x03\x30\x00\x00\x00\x11\x00\x0d\x04\x30\x00"
  "\x00\x00\x11\x00\x0d\x05\x30\x00\x00\x00\x11\x00\x0d\x06\x30\x00\x00\x00\x11\x00"
  "\x0d\x07\x30\x00\x00\x00\x11\x00\x0d\x08\x30\x00\x00\x00\x11\x00\x0d\x09\x30\x00"
  "\x00\x00\x11\x00\x0d\x0a\x30\x00\x00\x00\x04\x00\x0d\x0b\x30\x00\x00\x00\x00\x00"
  "\x0d\x00\x30\x00\x01\x00\x04\x00\x0d\x01\x30\x00\x01\x00\x24\x00\x0d\x02\x30\x00"
  "\x01\x00\x37\x00\x0d\x03\x30\x00\x01\x00\x11\x00\x0d\x04\x30\x00\x01\x00\x11\x00"
  "\x0d\x05\x30\x00\x01\x00\x11\x00\x0d\x06\x30\x00\x01\x00\x11\x00\x0d\x07\x30\x00"
  "\x01\x00\x11\x00\x0d\x08\x30\x00\x01\x00\x11\x00\x0d\x09\x30\x00\x01\x00\x11\x00"
  "\x0d\x0a\x30\x00\x01\x00\x04\x00\x0d\x0b\x30\x00\x01\x00\x00\x00\x0d\x00\x30\x01"
  "\x00\x00\x03\x00\x0d\x01\x30\x01\x00\x00\x36\x00\x0d\x02\x30\x01\x00\x00\x37\x00"
  "\x0d\x03\x30\x01\x00\x00\x11\x00\x0d\x04\x30\x01\x00\x00\x11\x00\x0d\x05\x30\x01"
  "\x00\x00\x11\x00\x0d\x06\x30\x01\x00\x00\x11\x00\x0d\x07\x30\x01\x00\x00\x11\x00"
  "\x0d\x08\x30\x01\x00\x00\x11\x00\x0d\x09\x30\x01\x00\x00\x11\x00\x0d\x0a\x30\x01"
  "\x00\x00\x04\x00\x0d\x0b\x30\x01\x00\x00\x00\x00\x0d\x00\x30\x01\x01\x00\x04\x00"
  "\x0d\x01\x30\x01\x01\x00\x24\x00\x0d\x02\x30\x01\x01\x00\x37\x00\x0d\x03\x30\x01"
  "\x01\x00\x11\x00\x0d\x04\x30\x01\x01\x00\x11\x00\x0d\x05\x30\x01\x01\x00\x11\x00"
  "\x0d\x06\x30\x01\x01\x00\x11\x00\x0d\x07\x30\x01\x01\x00\x11\x00\x0d\x08\x30\x01"
  "\x01\x00\x11\x00\x0d\x09\x30\x01\x01\x00\x11\x00\x0d\x0a\x30\x01\x01\x00\x04\x00"
  "\x0d\x0b\x30\x01\x01\x00\x00\x00\x0d\x00\x30\x02\x00\x00\x03\x00\x0d\x01\x30\x02"
  "\x00\x00\x36\x00\x0d\x02\x30\x02\x00\x00\x37\x00\x0d\x03\x30\x02\x00\x00\x11\x00"
  "\x0d\x04\x30\x02\x00\x00\x11\x00\x0d\x05\x30\x02\x00\x00\x11\x00\x0d\x06\x30\x02"
  "\x00\x00\x11\x00\x0d\x07\x30\x02\x00\x00\x11\x00\x0d\x08\x30\x02\x00\x00\x11\x00"
  "\x0d\x09\x30\x02\x00\x00\x11\x00\x0d\x0a\x30\x02\x00\x00\x04\x00\x0d\x0b\x30\x02"
  "\x00\x00\x00\x00\x0d\x00\x30\x02\x01\x00\x04\x00\x0d\x01\x30\x02\x01\x00\x24\x00"
  "\x0d\x02\x30\x02\x01\x00\x37\x00\x0d\x03\x30\x02\x01\x00\x11\x00\x0d\x04\x30\x02"
  "\x01\x00\x11\x00\x0d\x05\x30\x02\x01\x00\x11\x00\x0d\x06\x30\x02\x01\x00\x11\x00"
  "\x0d\x07\x30\x02\x01\x00\x11\x00\x0d\x08\x30\x02\x01\x00\x11\x00\x0d\x09\x30\x02"
  "\x01\x00\x11\x00\x0d\x0a\x30\x02\x01\x00\x04\x00\x0d\x0b\x30\x02\x01\x00\x00\x00"
  "\x0d\x00\x31\x00\x00\x00\x03\x00\x0d\x01\x31\x00\x00\x00\x18\x00\x0d\x02\x31\x00"
  "\x00\x00\x37\x00\x0d\x03\x31\x00\x00\x00\x11\x00\x0d\x04\x31\x00\x00\x00\x11\x00"
  "\x0d\x05\x31\x00\x00\x00\x11\x00\x0d\x06\x31\x00\x00\x00\x11\x00\x0d\x07\x31\x00"
  "\x00\x00\x11\x00\x0d\x08\x31\x00\x00\x00\x11\x00\x0d\x09\x31\x00\x00\x00\x11\x00"
  "\x0d\x0a\x31\x00\x00\x00\x04\x00\x0d\x0b\x31\x00\x00\x00\x00\x00\x0d\x00\x31\x00"
  "\x01\x00\x04\x00\x0d\x01\x31\x00\x01\x00\x23\x00\x0d\x02\x31\x00\x01\x00\x37\x00"
  "\x0d\x03\x31\x00\x01\x00\x11\x00\x0d\x04\x31\x00\x01\x00\x11\x00\x0d\x05\x31\x00"
  "\x01\x00\x11\x00\x0d\x06\x31\x00\x01\x00\x11\x00\x0d\x07\x31\x00\x01\x00\x11\x00"
  "\x0d\x08\x31\x00\x01\x00\x11\x00\x0d\x09\x31\x00\x01\x00\x11\x00\x0d\x0a\x31\x00"
  "\x01\x00\x04\x00\x0d\x0b\x31\x00\x01\x00\x00\x00\x0d\x00\x31\x01\x00\x00\x03\x00"
  "\x0d\x01\x31\x01\x00\x00\x18\x00\x0d\x02\x31\x01\x00\x00\x37\x00\x0d\x03\x31\x01"
  "\x00\x00\x11\x00\x0d\x04\x31\x01\x00\x00\x11\x00\x0d\x05\x31\x01\x00\x00\x11\x00"
  "\x0d\x06\x31\x01\x00\x00\x11\x00\x0d\x07\x31\x01\x00\x00\x11\x00\x0d\x08\x31\x01"
  "\x00\x00\x11\x00\x0d\x09\x31\x01\x00\x00\x11\x00\x0d\x0a\x31\x01\x00\x00\x04\x00"
  "\x0d\x0b\x31\x01\x00\x00\x00\x00\x0d\x00\x31\x01\x01\x00\x04\x00\x0d\x01\x31\x01"
  "\x01\x00\x23\x00\x0d\x02\x31\x01\x01\x00\x37\x00\x0d\x03\x31\x01\x01\x00\x11\x00"
  "\x0d\x04\x31\x01\x01\x00\x11\x00\x0d\x05\x31\x01\x01\x00\x11\x00\x0d\x06\x31\x01"
  "\x01\x00\x11\x00\x0d\x07\x31\x01\x01\x00\x11\x00\x0d\x08\x31\x01\x01\x00\x11\x00"
  "\x0d\x09\x31\x01\x01\x00\x11\x00\x0d\x0a\x31\x01\x01\x00\x04\x00\x0d\x0b\x31\x01"
  "\x01\x00\x00\x00\x0d\x00\x31\x02\x00\x00\x03\x00\x0d\x01\x31\x02\x00\x00\x18\x00"
  "\x0d\x02\x31\x02\x00\x00\x37\x00\x0d\x03\x31\x02\x00\x00\x11\x00\x0d\x04\x31\x02"
  "\x00\x00\x11\x00\x0d\x05\x31\x02\x00\x00\x11\x00\x0d\x06\x31\x02\x00\x00\x11\x00"
  "\x0d\x07\x31\x02\x00\x00\x11\x00\x0d\x08\x31\x02\x00\x00\x11\x00\x0d\x09\x31\x02"
  "\x00\x00\x11\x00\x0d\x0a\x31\x02\x00\x00\x04\x00\x0d\x0b\x31\x02\x00\x00\x00\x00"
  "\x0d\x00\x31\x02\x01\x00\x04\x00\x0d\x01\x31\x02\x01\x00\x23\x00\x0d\x02\x31\x02"
  "\x01\x00\x37\x00\x0d\x03\x31\x02\x01\x00\x11\x00\x0d\x04\x31\x02\x01\x00\x11\x00"
  "\x0d\x05\x31\x02\x01\x00\x11\x00\x0d\x06\x31\x02\x01\x00\x11\x00\x0d\x07\x31\x02"
  "\x01\x00\x11\x00\x0d\x08\x31\x02\x01\x00\x11\x00\x0d\x09\x31\x02\x01\x00\x11\x00"
  "\x0d\x0a\x31\x02\x01\x00\x04\x00\x0d\x0b\x31\x02\x01\x00\x00\x00\x0d\x00\x32\x00"
  "\x00\x00\x03\x00\x0d\x01\x32\x00\x00\x00\x56\x00\x0d\x02\x32\x00\x00\x00\x37\x00"
  "\x0d\x03\x32\x00\x00\x00\x11\x00\x0d\x04\x32\x00\x00\x00\x11\x00\x0d\x05\x32\x00"
  "\x00\x00\x11\x00\x0d\x06\x32\x00\x00\x00\x11\x00\x0d\x07\x32\x00\x00\x00\x11\x00"
  "\x0d\x08\x32\x00\x00\x00\x11\x00\x0d\x09\x32\x00\x00\x00\x11\x00\x0d\x0a\x32\x00"
  "\x00\x00\x04\x00\x0d\x0b\x32\x00\x00\x00\x00\x00\x0d\x00\x32\x00\x01\x00\x04\x00"
  "\x0d\x01\x32\x00\x01\x00\x1f\x00\x0d\x02\x32\x00\x01\x00\x37\x00\x0d\x03\x32\x00"
  "\x01\x00\x11\x00\x0d\x04\x32\x00\x01\x00\x11\x00\x0d\x05\x32\x00\x01\x00\x11\x00"
  "\x0d\x06\x32\x00\x01\x00\x11\x00\x0d\x07\x32\x00\x01\x00\x11\x00\x0d\x08\x32\x00"
  "\x01\x00\x11\x00\x0d\x09\x32\x00\x01\x00\x11\x00\x0d\x0a\x32\x00\x01\x00\x04\x00"
  "\x0d\x0b\x32\x00\x01\x00\x00\x00\x0d\x00\x32\x01\x00\x00\x03\x00\x0d\x01\x32\x01"
  "\x00\x00\x56\x00\x0d\x02\x32\x01\x00\x00\x37\x00\x0d\x03\x32\x01\x00\x00\x11\x00"
  "\x0d\x04\x32\x01\x00\x00\x11\x00\x0d\x05\x32\x01\x00\x00\x11\x00\x0d\x06\x32\x01"
  "\x00\x00\x11\x00\x0d\x07\x32\x01\x00\x00\x11\x00\x0d\x08\x32\x01\x00\x00\x11\x00"
  "\x0d\x09\x32\x01\x00\x00\x11\x00\x0d\x0a\x32\x01\x00\x00\x04\x00\x0d\x0b\x32\x01"
  "\x00\x00\x00\x00\x0d\x00\x32\x01\x01\x00\x04\x00\x0d\x01\x32\x01\x01\x00\x1f\x00"
  "\x0d\x02\x32\x01\x01\x00\x37\x00\x0d\x03\x32\x01\x01\x00\x11\x00\x0d\x04\x32\x01"
  "\x01\x00\x11\x00\x0d\x05\x32\x01\x01\x00\x11\x00\x0d\x06\x32\x01\x01\x00\x11\x00"
  "\x0d\x07\x32\x01\x01\x00\x11\x00\x0d\x08\x32\x01\x01\x00\x11\x00\x0d\x09\x32\x01"
  "\x01\x00\x11\x00\x0d\x0a\x32\x01\x01\x00\x04\x00\x0d\x0b\x32\x01\x01\x00\x00\x00"
  "\x0d\x00\x32\x02\x00\x00\x03\x00\x0d\x01\x32\x02\x00\x00\x56\x00\x0d\x02\x32\x02"
  "\x00\x00\x37\x00\x0d\x03\x32\x02\x00\x00\x11\x00\x0d\x04\x32\x02\x00\x00\x11\x00"
  "\x0d\x05\x32\x02\x00\x00\x11\x00\x0d\x06\x32\x02\x00\x00\x11\x00\x0d\x07\x32\x02"
  "\x00\x00\x11\x00\x0d\x08\x32\x02\x00\x00\x11\x00\x0d\x09\x32\x02\x00\x00\x11\x00"
  "\x0d\x0a\x32\x02\x00\x00\x04\x00\x0d\x0b\x32\x02\x00\x00\x00\x00\x0d\x00\x32\x02"
  "\x01\x00\x04\x00\x0d\x01\x32\x02\x01\x00\x1f\x00\x0d\x02\x32\x02\x01\x00\x37\x00"
  "\x0d\x03\x32\x02\x01\x00\x11\x00\x0d\x04\x32\x02\x01\x00\x11\x00\x0d\x05\x32\x02"
  "\x01\x00\x11\x00\x0d\x06\x32\x02\x01\x00\x11\x00\x0d\x07\x32\x02\x01\x00\x11\x00"
  "\x0d\x08\x32\x02\x01\x00\x11\x00\x0d\x09\x32\x02\x01\x00\x11\x00\x0d\x0a\x32\x02"
  "\x01\x00\x04\x00\x0d\x0b\x32\x02\x01\x00\x00\x00\x0d\x00\x33\x00\x00\x00\x03\x00"
  "\x0d\x01\x33\x00\x00\x00\x56\x00\x0d\x02\x33\x00\x00\x00\x37\x00\x0d\x03\x33\x00"
  "\x00\x00\x11\x00\x0d\x04\x33\x00\x00\x00\x11\x00\x0d\x05\x33\x00\x00\x00\x11\x00"
  "\x0d\x06\x33\x00\x00\x00\x11\x00\x0d\x07\x33\x00\x00\x00\x11\x00\x0d\x08\x33\x00"
  "\x00\x00\x11\x00\x0d\x09\x33\x00\x00\x00\x11\x00\x0d\x0a\x33\x00\x00\x00\x04\x00"
  "\x0d\x0b\x33\x00\x00\x00\x00\x00\x0d\x00\x33\x00\x01\x00\x04\x00\x0d\x01\x33\x00"
  "\x01\x00\x1f\x00\x0d\x02\x33\x00\x01\x00\x37\x00\x0d\x03\x33\x00\x01\x00\x11\x00"
  "\x0d\x04\x33\x00\x01\x00\x11\x00\x0d\x05\x33\x00\x01\x00\x11\x00\x0d\x06\x33\x00"
  "\x01\x00\x11\x00\x0d\x07\x33\x00\x01\x00\x11\x00\x0d\x08\x33\x00\x01\x00\x11\x00"
  "\x0d\x09\x33\x00\x01\x00\x11\x00\x0d\x0a\x33\x00\x01\x00\x04\x00\x0d\x0b\x33\x00"
  "\x01\x00\x00\x00\x0d\x00\x33\x01\x00\x00\x03\x00\x0d\x01\x33\x01\x00\x00\x56\x00"
  "\x0d\x02\x33\x01\x00\x00\x37\x00\x0d\x03\x33\x01\x00\x00\x11\x00\x0d\x04\x33\x01"
  "\x00\x00\x11\x00\x0d\x05\x33\x01\x00\x00\x11\x00\x0d\x06\x33\x01\x00\x00\x11\x00"
  "\x0d\x07\x33\x01\x00\x00\x11\x00\x0d\x08\x33\x01\x00\x00\x11\x00\x0d\x09\x33\x01"
  "\x00\x00\x11\x00\x0d\x0a\x33\x01\x00\x00\x04\x00\x0d\x0b\x33\x01\x00\x00\x00\x00"
  "\x0d\x00\x33\x01\x01\x00\x04\x00\x0d\x01\x33\x01\x01\x00\x1f\x00\x0d\x02\x33\x01"
  "\x01\x00\x37\x00\x0d\x03\x33\x01\x01\x00\x11\x00\x0d\x04\x33\x01\x01\x00\x11\x00"
  "\x0d\x05\x33\x01\x01\x00\x11\x00\x0d\x06\x33\x01\x01\x00\x11\x00\x0d\x07\x33\x01"
  "\x01\x00\x11\x00\x0d\x08\x33\x01\x01\x00\x11\x00\x0d\x09\x33\x01\x01\x00\x11\x00"
  "\x0d\x0a\x33\x01\x01\x00\x04\x00\x0d\x0b\x33\x01\x01\x00\x00\x00\x0d\x00\x33\x02"
  "\x00\x00\x03\x00\x0d\x01\x33\x02\x00\x00\x56\x00\x0d\x02\x33\x02\x00\x00\x37\x00"
  "\x0d\x03\x33\x02\x00\x00\x11\x00\x0d\x04\x33\x02\x00\x00\x11\x00\x0d\x05\x33\x02"
  "\x00\x00\x11\x00\x0d\x06\x33\x02\x00\x00\x11\x00\x0d\x07\x33\x02\x00\x00\x11\x00"
  "\x0d\x08\x33\x02\x00\x00\x11\x00\x0d\x09\x33\x02\x00\x00\x11\x00\x0d\x0a\x33\x02"
  "\x00\x00\x04\x00\x0d\x0b\x33\x02\x00\x00\x00\x00\x0d\x00\x33\x02\x01\x00\x04\x00"
  "\x0d\x01\x33\x02\x01\x00\x1f\x00\x0d\x02\x33\x02\x01\x00\x37\x00\x0d\x03\x33\x02"
  "\x01\x00\x11\x00\x0d\x04\x33\x02\x01\x00\x11\x00\x0d\x05\x33\x02\x01\x00\x11\x00"
  "\x0d\x06\x33\x02\x01\x00\x11\x00\x0d\x07\x33\x02\x01\x00\x11\x00\x0d\x08\x33\x02"
  "\x01\x00\x11\x00\x0d\x09\x33\x02\x01\x00\x11\x00\x0d\x0a\x33\x02\x01\x00\x04\x00"
  "\x0d\x0b\x33\x02\x01\x00\x00\x00\x0d\x00\x34\x00\x00\x00\x03\x00\x0d\x01\x34\x00"
  "\x00\x00\x56\x00\x0d\x02\x34\x00\x00\x00\x37\x00\x0d\x03\x34\x00\x00\x00\x11\x00"
  "\x0d\x04\x34\x00\x00\x00\x11\x00\x0d\x05\x34\x00\x00\x00\x11\x00\x0d\x06\x34\x00"
  "\x00\x00\x11\x00\x0d\x07\x34\x00\x00\x00\x11\x00\x0d\x08\x34\x00\x00\x00\x11\x00"
  "\x0d\x09\x34\x00\x00\x00\x11\x00\x0d\x0a\x34\x00\x00\x00\x04\x00\x0d\x0b\x34\x00"
  "\x00\x00\x00\x00\x0d\x00\x34\x00\x01\x00\x04\x00\x0d\x01\x34\x00\x01\x00\x1f\x00"
  "\x0d\x02\x34\x00\x01\x00\x37\x00\x0d\x03\x34\x00\x01\x00\x11\x00\x0d\x04\x34\x00"
  "\x01\x00\x11\x00\x0d\x05\x34\x00\x01\x00\x11\x00\x0d\x06\x34\x00\x01\x00\x11\x00"
  "\x0d\x07\x34\x00\x01\x00\x11\x00\x0d\x08\x34\x00\x01\x00\x11\x00\x0d\x09\x34\x00"
  "\x01\x00\x11\x00\x0d\x0a\x34\x00\x01\x00\x04\x00\x0d\x0b\x34\x00\x01\x00\x00\x00"
  "\x0d\x00\x34\x01\x00\x00\x03\x00\x0d\x01\x34\x01\x00\x00\x56\x00\x0d\x02\x34\x01"
  "\x00\x00\x37\x00\x0d\x03\x34\x01\x00\x00\x11\x00\x0d\x04\x34\x01\x00\x00\x11\x00"
  "\x0d\x05\x34\x01\x00\x00\x11\x00\x0d\x06\x34\x01\x00\x00\x11\x00\x0d\x07\x34\x01"
  "\x00\x00\x11\x00\x0d\x08\x34\x01\x00\x00\x11\x00\x0d\x09\x34\x01\x00\x00\x11\x00"
  "\x0d\x0a\x34\x01\x00\x00\x04\x00\x0d\x0b\x34\x01\x00\x00\x00\x00\x0d\x00\x34\x01"
  "\x01\x00\x04\x00\x0d\x01\x34\x01\x01\x00\x1f\x00\x0d\x02\x34\x01\x01\x00\x37\x00"
  "\x0d\x03\x34\x01\x01\x00\x11\x00\x0d\x04\x34\x01\x01\x00\x11\x00\x0d\x05\x34\x01"
  "\x01\x00\x11\x00\x0d\x06\x34\x01\x01\x00\x11\x00\x0d\x07\x34\x01\x01\x00\x11\x00"
  "\x0d\x08\x34\x01\x01\x00\x11\x00\x0d\x09\x34\x01\x01\x00\x11\x00\x0d\x0a\x34\x01"
  "\x01\x00\x04\x00\x0d\x0b\x34\x01\x01\x00\x00\x00\x0d\x00\x34\x02\x00\x00\x03\x00"
  "\x0d\x01\x34\x02\x00\x00\x56\x00\x0d\x02\x34\x02\x00\x00\x37\x00\x0d\x03\x34\x02"
  "\x00\x00\x11\x00\x0d\x04\x34\x02\x00\x00\x11\x00\x0d\x05\x34\x02\x00\x00\x11\x00"
  "\x0d\x06\x34\x02\x00\x00\x11\x00\x0d\x07\x34\x02\x00\x00\x11\x00\x0d\x08\x34\x02"
  "\x00\x00\x11\x00\x0d\x09\x34\x02\x00\x00\x11\x00\x0d\x0a\x34\x02\x00\x00\x04\x00"
  "\x0d\x0b\x34\x02\x00\x00\x00\x00\x0d\x00\x34\x02\x01\x00\x04\x00\x0d\x01\x34\x02"
  "\x01\x00\x1f\x00\x0d\x02\x34\x02\x01\x00\x37\x00\x0d\x03\x34\x02\x01\x00\x11\x00"
  "\x0d\x04\x34\x02\x01\x00\x11\x00\x0d\x05\x34\x02\x01\x00\x11\x00\x0d\x06\x34\x02"
  "\x01\x00\x11\x00\x0d\x07\x34\x02\x01\x00\x11\x00\x0d\x08\x34\x02\x01\x00\x11\x00"
  "\x0d\x09\x34\x02\x01\x00\x11\x00\x0d\x0a\x34\x02\x01\x00\x04\x00\x0d\x0b\x34\x02"
  "\x01\x00\x00\x00\x0d\x00\x35\x00\x00\x00\x03\x00\x0d\x01\x35\x00\x00\x00\x03\x00"
  "\x0d\x02\x35\x00\x00\x00\x37\x00\x0d\x03\x35\x00\x00\x00\x11\x00\x0d\x04\x35\x00"
  "\x00\x00\x11\x00\x0d\x05\x35\x00\x00\x00\x11\x00\x0d\x06\x35\x00\x00\x00\x11\x00"
  "\x0d\x07\x35\x00\x00\x00\x11\x00\x0d\x08\x35\x00\x00\x00\x11\x00\x0d\x09\x35\x00"
  "\x00\x00\x11\x00\x0d\x0a\x35\x00\x00\x00\x04\x00\x0d\x0b\x35\x00\x00\x00\x00\x00"
  "\x0d\x00\x35\x00\x01\x00\x04\x00\x0d\x01\x35\x00\x01\x00\x1e\x00\x0d\x02\x35\x00"
  "\x01\x00\x37\x00\x0d\x03\x35\x00\x01\x00\x11\x00\x0d\x04\x35\x00\x01\x00\x11\x00"
  "\x0d\x05\x35\x00\x01\x00\x11\x00\x0d\x06\x35\x00\x01\x00\x11\x00\x0d\x07\x35\x00"
  "\x01\x00\x11\x00\x0d\x08\x35\x00\x01\x00\x11\x00\x0d\x09\x35\x00\x01\x00\x11\x00"
  "\x0d\x0a\x35\x00\x01\x00\x04\x00\x0d\x0b\x35\x00\x01\x00\x00\x00\x0d\x00\x35\x01"
  "\x00\x00\x03\x00\x0d\x01\x35\x01\x00\x00\x03\x00\x0d\x02\x35\x01\x00\x00\x37\x00"
  "\x0d\x03\x35\x01\x00\x00\x11\x00\x0d\x04\x35\x01\x00\x00\x11\x00\x0d\x05\x35\x01"
  "\x00\x00\x11\x00\x0d\x06\x35\x01\x00\x00\x11\x00\x0d\x07\x35\x01\x00\x00\x11\x00"
  "\x0d\x08\x35\x01\x00\x00\x11\x00\x0d\x09\x35\x01\x00\x00\x11\x00\x0d\x0a\x35\x01"
  "\x00\x00\x04\x00\x0d\x0b\x35\x01\x00\x00\x00\x00\x0d\x00\x35\x01\x01\x00\x04\x00"
  "\x0d\x01\x35\x01\x01\x00\x1e\x00\x0d\x02\x35\x01\x01\x00\x37\x00\x0d\x03\x35\x01"
  "\x01\x00\x11\x00\x0d\x04\x35\x01\x01\x00\x11\x00\x0d\x05\x35\x01\x01\x00\x11\x00"
  "\x0d\x06\x35\x01\x01\x00\x11\x00\x0d\x07\x35\x01\x01\x00\x11\x00\x0d\x08\x35\x01"
  "\x01\x00\x11\x00\x0d\x09\x35\x01\x01\x00\x11\x00\x0d\x0a\x35\x01\x01\x00\x04\x00"
  "\x0d\x0b\x35\x01\x01\x00\x00\x00\x0d\x00\x35\x02\x00\x00\x03\x00\x0d\x01\x35\x02"
  "\x00\x00\x03\x00\x0d\x02\x35\x02\x00\x00\x37\x00\x0d\x03\x35\x02\x00\x00\x11\x00"
  "\x0d\x04\x35\x02\x00\x00\x11\x00\x0d\x05\x35\x02\x00\x00\x11\x00\x0d\x06\x35\x02"
  "\x00\x00\x11\x00\x0d\x07\x35\x02\x00\x00\x11\x00\x0d\x08\x35\x02\x00\x00\x11\x00"
  "\x0d\x09\x35\x02\x00\x00\x11\x00\x0d\x0a\x35\x02\x00\x00\x04\x00\x0d\x0b\x35\x02"
  "\x00\x00\x00\x00\x0d\x00\x35\x02\x01\x00\x04\x00\x0d\x01\x35\x02\x01\x00\x1e\x00"
  "\x0d\x02\x35\x02\x01\x00\x37\x00\x0d\x03\x35\x02\x01\x00\x11\x00\x0d\x04\x35\x02"
  "\x01\x00\x11\x00\x0d\x05\x35\x02\x01\x00\x11\x00\x0d\x06\x35\x02\x01\x00\x11\x00"
  "\x0d\x07\x35\x02\x01\x00\x11\x00\x0d\x08\x35\x02\x01\x00\x11\x00\x0d\x09\x35\x02"
  "\x01\x00\x11\x00\x0d\x0a\x35\x02\x01\x00\x04\x00\x0d\x0b\x35\x02\x01\x00\x00\x00"
  "\x0d\x00\x36\x00\x00\x00\x03\x00\x0d\x01\x36\x00\x00\x00\x53\x00\x0d\x02\x36\x00"
  "\x00\x00\x37\x00\x0d\x03\x36\x00\x00\x00\x11\x00\x0d\x04\x36\x00\x00\x00\x11\x00"
  "\x0d\x05\x36\x00\x00\x00\x11\x00\x0d\x06\x36\x00\x00\x00\x11\x00\x0d\x07\x36\x00"
  "\x00\x00\x11\x00\x0d\x08\x36\x00\x00\x00\x11\x00\x0d\x09\x36\x00\x00\x00\x11\x00"
  "\x0d\x0a\x36\x00\x00\x00\x04\x00\x0d\x0b\x36\x00\x00\x00\x00\x00\x0d\x00\x36\x00"
  "\x01\x00\x04\x00\x0d\x01\x36\x00\x01\x00\x26\x00\x0d\x02\x36\x00\x01\x00\x37\x00"
  "\x0d\x03\x36\x00\x01\x00\x11\x00\x0d\x04\x36\x00\x01\x00\x11\x00\x0d\x05\x36\x00"
  "\x01\x00\x11\x00\x0d\x06\x36\x00\x01\x00\x11\x00\x0d\x07\x36\x00\x01\x00\x11\x00"
  "\x0d\x08\x36\x00\x01\x00\x11\x00\x0d\x09\x36\x00\x01\x00\x11\x00\x0d\x0a\x36\x00"
  "\x01\x00\x04\x00\x0d\x0b\x36\x00\x01\x00\x00\x00\x0d\x00\x36\x01\x00\x00\x03\x00"
  "\x0d\x01\x36\x01\x00\x00\x53\x00\x0d\x02\x36\x01\x00\x00\x37\x00\x0d\x03\x36\x01"
  "\x00\x00\x11\x00\x0d\x04\x36\x01\x00\x00\x11\x00\x0d\x05\x36\x01\x00\x00\x11\x00"
  "\x0d\x06\x36\x01\x00\x00\x11\x00\x0d\x07\x36\x01\x00\x00\x11\x00\x0d\x08\x36\x01"
  "\x00\x00\x11\x00\x0d\x09\x36\x01\x00\x00\x11\x00\x0d\x0a\x36\x01\x00\x00\x04\x00"
  "\x0d\x0b\x36\x01\x00\x00\x00\x00\x0d\x00\x36\x01\x01\x00\x04\x00\x0d\x01\x36\x01"
  "\x01\x00\x26\x00\x0d\x02\x36\x01\x01\x00\x37\x00\x0d\x03\x36\x01\x01\x00\x11\x00"
  "\x0d\x04\x36\x01\x01\x00\x11\x00\x0d\x05\x36\x01\x01\x00\x11\x00\x0d\x06\x36\x01"
  "\x01\x00\x11\x00\x0d\x07\x36\x01\x01\x00\x11\x00\x0d\x08\x36\x01\x01\x00\x11\x00"
  "\x0d\x09\x36\x01\x01\x00\x11\x00\x0d\x0a\x36\x01\x01\x00\x04\x00\x0d\x0b\x36\x01"
  "\x01\x00\x00\x00\x0d\x00\x36\x02\x00\x00\x03\x00\x0d\x01\x36\x02\x00\x00\x53\x00"
  "\x0d\x02\x36\x02\x00\x00\x37\x00\x0d\x03\x36\x02\x00\x00\x11\x00\x0d\x04\x36\x02"
  "\x00\x00\x11\x00\x0d\x05\x36\x02\x00\x00\x11\x00\x0d\x06\x36\x02\x00\x00\x11\x00"
  "\x0d\x07\x36\x02\x00\x00\x11\x00\x0d\x08\x36\x02\x00\x00\x11\x00\x0d\x09\x36\x02"
  "\x00\x00\x11\x00\x0d\x0a\x36\x02\x00\x00\x04\x00\x0d\x0b\x36\x02\x00\x00\x00\x00"
  "\x0d\x00\x36\x02\x01\x00\x04\x00\x0d\x01\x36\x02\x01\x00\x26\x00\x0d\x02\x36\x02"
  "\x01\x00\x37\x00\x0d\x03\x36\x02\x01\x00\x11\x00\x0d\x04\x36\x02\x01\x00\x11\x00"
  "\x0d\x05\x36\x02\x01\x00\x11\x00\x0d\x06\x36\x02\x01\x00\x11\x00\x0d\x07\x36\x02"
  "\x01\x00\x11\x00\x0d\x08\x36\x02\x01\x00\x11\x00\x0d\x09\x36\x02\x01\x00\x11\x00"
  "\x0d\x0a\x36\x02\x01\x00\x04\x00\x0d\x0b\x36\x02\x01\x00\x00\x00\x0d\x00\x37\x00"
  "\x00\x00\x03\x00\x0d\x01\x37\x00\x00\x00\x37\x00\x0d\x02\x37\x00\x00\x00\x37\x00"
  "\x0d\x03\x37\x00\x00\x00\x11\x00\x0d\x04\x37\x00\x00\x00\x11\x00\x0d\x05\x37\x00"
  "\x00\x00\x11\x00\x0d\x06\x37\x00\x00\x00\x11\x00\x0d\x07\x37\x00\x00\x00\x11\x00"
  "\x0d\x08\x37\x00\x00\x00\x11\x00\x0d\x09\x37\x00\x00\x00\x11\x00\x0d\x0a\x37\x00"
  "\x00\x00\x04\x00\x0d\x0b\x37\x00\x00\x00\x00\x00\x0d\x00\x37\x00\x01\x00\x04\x00"
  "\x0d\x01\x37\x00\x01\x00\x24\x00\x0d\x02\x37\x00\x01\x00\x37\x00\x0d\x03\x37\x00"
  "\x01\x00\x11\x00\x0d\x04\x37\x00\x01\x00\x11\x00\x0d\x05\x37\x00\x01\x00\x11\x00"
  "\x0d\x06\x37\x00\x01\x00\x11\x00\x0d\x07\x37\x00\x01\x00\x11\x00\x0d\x08\x37\x00"
  "\x01\x00\x11\x00\x0d\x09\x37\x00\x01\x00\x11\x00\x0d\x0a\x37\x00\x01\x00\x04\x00"
  "\x0d\x0b\x37\x00\x01\x00\x00\x00\x0d\x00\x37\x01\x00\x00\x03\x00\x0d\x01\x37\x01"
  "\x00\x00\x37\x00\x0d\x02\x37\x01\x00\x00\x37\x00\x0d\x03\x37\x01\x00\x00\x11\x00"
  "\x0d\x04\x37\x01\x00\x00\x11\x00\x0d\x05\x37\x01\x00\x00\x11\x00\x0d\x06\x37\x01"
  "\x00\x00\x11\x00\x0d\x07\x37\x01\x00\x00\x11\x00\x0d\x08\x37\x01\x00\x00\x11\x00"
  "\x0d\x09\x37\x01\x00\x00\x11\x00\x0d\x0a\x37\x01\x00\x00\x04\x00\x0d\x0b\x37\x01"
  "\x00\x00\x00\x00\x0d\x00\x37\x01\x01\x00\x04\x00\x0d\x01\x37\x01\x01\x00\x24\x00"
  "\x0d\x02\x37\x01\x01\x00\x37\x00\x0d\x03\x37\x01\x01\x00\x11\x00\x0d\x04\x37\x01"
  "\x01\x00\x11\x00\x0d\x05\x37\x01\x01\x00\x11\x00\x0d\x06\x37\x01\x01\x00\x11\x00"
  "\x0d\x07\x37\x01\x01\x00\x11\x00\x0d\x08\x37\x01\x01\x00\x11\x00\x0d\x09\x37\x01"
  "\x01\x00\x11\x00\x0d\x0a\x37\x01\x01\x00\x04\x00\x0d\x0b\x37\x01\x01\x00\x00\x00"
  "\x0d\x00\x37\x02\x00\x00\x03\x00\x0d\x01\x37\x02\x00\x00\x37\x00\x0d\x02\x37\x02"
  "\x00\x00\x37\x00\x0d\x03\x37\x02\x00\x00\x11\x00\x0d\x04\x37\x02\x00\x00\x11\x00"
  "\x0d\x05\x37\x02\x00\x00\x11\x00\x0d\x06\x37\x02\x00\x00\x11\x00\x0d\x07\x37\x02"
  "\x00\x00\x11\x00\x0d\x08\x37\x02\x00\x00\x11\x00\x0d\x09\x37\x02\x00\x00\x11\x00"
  "\x0d\x0a\x37\x02\x00\x00\x04\x00\x0d\x0b\x37\x02\x00\x00\x00\x00\x0d\x00\x37\x02"
  "\x01\x00\x04\x00\x0d\x01\x37\x02\x01\x00\x24\x00\x0d\x02\x37\x02\x01\x00\x37\x00"
  "\x0d\x03\x37\x02\x01\x00\x11\x00\x0d\x04\x37\x02\x01\x00\x11\x00\x0d\x05\x37\x02"
  "\x01\x00\x11\x00\x0d\x06\x37\x02\x01\x00\x11\x00\x0d\x07\x37\x02\x01\x00\x11\x00"
  "\x0d\x08\x37\x02\x01\x00\x11\x00\x0d\x09\x37\x02\x01\x00\x11\x00\x0d\x0a\x37\x02"
  "\x01\x00\x04\x00\x0d\x0b\x37\x02\x01\x00\x00\x00\x0d\x00\x38\x00\x00\x00\x03\x00"
  "\x0d\x01\x38\x00\x00\x00\x19\x00\x0d\x02\x38\x00\x00\x00\x37\x00\x0d\x03\x38\x00"
  "\x00\x00\x11\x00\x0d\x04\x38\x00\x00\x00\x11\x00\x0d\x05\x38\x00\x00\x00\x11\x00"
  "\x0d\x06\x38\x00\x00\x00\x11\x00\x0d\x07\x38\x00\x00\x00\x11\x00\x0d\x08\x38\x00"
  "\x00\x00\x11\x00\x0d\x09\x38\x00\x00\x00\x11\x00\x0d\x0a\x38\x00\x00\x00\x04\x00"
  "\x0d\x0b\x38\x00\x00\x00\x00\x00\x0d\x00\x38\x00\x01\x00\x04\x00\x0d\x01\x38\x00"
  "\x01\x00\x23\x00\x0d\x02\x38\x00\x01\x00\x37\x00\x0d\x03\x38\x00\x01\x00\x11\x00"
  "\x0d\x04\x38\x00\x01\x00\x11\x00\x0d\x05\x38\x00\x01\x00\x11\x00\x0d\x06\x38\x00"
  "\x01\x00\x11\x00\x0d\x07\x38\x00\x01\x00\x11\x00\x0d\x08\x38\x00\x01\x00\x11\x00"
  "\x0d\x09\x38\x00\x01\x00\x11\x00\x0d\x0a\x38\x00\x01\x00\x04\x00\x0d\x0b\x38\x00"
  "\x01\x00\x00\x00\x0d\x00\x38\x01\x00\x00\x03\x00\x0d\x01\x38\x01\x00\x00\x19\x00"
  "\x0d\x02\x38\x01\x00\x00\x37\x00\x0d\x03\x38\x01\x00\x00\x11\x00\x0d\x04\x38\x01"
  "\x00\x00\x11\x00\x0d\x05\x38\x01\x00\x00\x11\x00\x0d\x06\x38\x01\x00\x00\x11\x00"
  "\x0d\x07\x38\x01\x00\x00\x11\x00\x0d\x08\x38\x01\x00\x00\x11\x00\x0d\x09\x38\x01"
  "\x00\x00\x11\x00\x0d\x0a\x38\x01\x00\x00\x04\x00\x0d\x0b\x38\x01\x00\x00\x00\x00"
  "\x0d\x00\x38\x01\x01\x00\x04\x00\x0d\x01\x38\x01\x01\x00\x23\x00\x0d\x02\x38\x01"
  "\x01\x00\x37\x00\x0d\x03\x38\x01\x01\x00\x11\x00\x0d\x04\x38\x01\x01\x00\x11\x00"
  "\x0d\x05\x38\x01\x01\x00\x11\x00\x0d\x06\x38\x01\x01\x00\x11\x00\x0d\x07\x38\x01"
  "\x01\x00\x11\x00\x0d\x08\x38\x01\x01\x00\x11\x00\x0d\x09\x38\x01\x01\x00\x11\x00"
  "\x0d\x0a\x38\x01\x01\x00\x04\x00\x0d\x0b\x38\x01\x01\x00\x00\x00\x0d\x00\x38\x02"
  "\x00\x00\x03\x00\x0d\x01\x38\x02\x00\x00\x19\x00\x0d\x02\x38\x02\x00\x00\x37\x00"
  "\x0d\x03\x38\x02\x00\x00\x11\x00\x0d\x04\x38\x02\x00\x00\x11\x00\x0d\x05\x38\x02"
  "\x00\x00\x11\x00\x0d\x06\x38\x02\x00\x00\x11\x00\x0d\x07\x38\x02\x00\x00\x11\x00"
  "\x0d\x08\x38\x02\x00\x00\x11\x00\x0d\x09\x38\x02\x00\x00\x11\x00\x0d\x0a\x38\x02"
  "\x00\x00\x04\x00\x0d\x0b\x38\x02\x00\x00\x00\x00\x0d\x00\x38\x02\x01\x00\x04\x00"
  "\x0d\x01\x38\x02\x01\x00\x23\x00\x0d\x02\x38\x02\x01\x00\x37\x00\x0d\x03\x38\x02"
  "\x01\x00\x11\x00\x0d\x04\x38\x02\x01\x00\x11\x00\x0d\x05\x38\x02\x01\x00\x11\x00"
  "\x0d\x06\x38\x02\x01\x00\x11\x00\x0d\x07\x38\x02\x01\x00\x11\x00\x0d\x08\x38\x02"
  "\x01\x00\x11\x00\x0d\x09\x38\x02\x01\x00\x11\x00\x0d\x0a\x38\x02\x01\x00\x04\x00"
  "\x0d\x0b\x38\x02\x01\x00\x00\x00\x0d\x00\x39\x00\x00\x00\x03\x00\x0d\x01\x39\x00"
  "\x00\x00\x57\x00\x0d\x02\x39\x00\x00\x00\x37\x00\x0d\x03\x39\x00\x00\x00\x11\x00"
  "\x0d\x04\x39\x00\x00\x00\x11\x00\x0d\x05\x39\x00\x00\x00\x11\x00\x0d\x06\x39\x00"
  "\x00\x00\x11\x00\x0d\x07\x39\x00\x00\x00\x11\x00\x0d\x08\x39\x00\x00\x00\x11\x00"
  "\x0d\x09\x39\x00\x00\x00\x11\x00\x0d\x0a\x39\x00\x00\x00\x04\x00\x0d\x0b\x39\x00"
  "\x00\x00\x00\x00\x0d\x00\x39\x00\x01\x00\x04\x00\x0d\x01\x39\x00\x01\x00\x1f\x00"
  "\x0d\x02\x39\x00\x01\x00\x37\x00\x0d\x03\x39\x00\x01\x00\x11\x00\x0d\x04\x39\x00"
  "\x01\x00\x11\x00\x0d\x05\x39\x00\x01\x00\x11\x00\x0d\x06\x39\x00\x01\x00\x11\x00"
  "\x0d\x07\x39\x00\x01\x00\x11\x00\x0d\x08\x39\x00\x01\x00\x11\x00\x0d\x09\x39\x00"
  "\x01\x00\x11\x00\x0d\x0a\x39\x00\x01\x00\x04\x00\x0d\x0b\x39\x00\x01\x00\x00\x00"
  "\x0d\x00\x39\x01\x00\x00\x03\x00\x0d\x01\x39\x01\x00\x00\x57\x00\x0d\x02\x39\x01"
  "\x00\x00\x37\x00\x0d\x03\x39\x01\x00\x00\x11\x00\x0d\x04\x39\x01\x00\x00\x11\x00"
  "\x0d\x05\x39\x01\x00\x00\x11\x00\x0d\x06\x39\x01\x00\x00\x11\x00\x0d\x07\x39\x01"
  "\x00\x00\x11\x00\x0d\x08\x39\x01\x00\x00\x11\x00\x0d\x09\x39\x01\x00\x00\x11\x00"
  "\x0d\x0a\x39\x01\x00\x00\x04\x00\x0d\x0b\x39\x01\x00\x00\x00\x00\x0d\x00\x39\x01"
  "\x01\x00\x04\x00\x0d\x01\x39\x01\x01\x00\x1f\x00\x0d\x02\x39\x01\x01\x00\x37\x00"
  "\x0d\x03\x39\x01\x01\x00\x11\x00\x0d\x04\x39\x01\x01\x00\x11\x00\x0d\x05\x39\x01"
  "\x01\x00\x11\x00\x0d\x06\x39\x01\x01\x00\x11\x00\x0d\x07\x39\x01\x01\x00\x11\x00"
  "\x0d\x08\x39\x01\x01\x00\x11\x00\x0d\x09\x39\x01\x01\x00\x11\x00\x0d\x0a\x39\x01"
  "\x01\x00\x04\x00\x0d\x0b\x39\x01\x01\x00\x00\x00\x0d\x00\x39\x02\x00\x00\x03\x00"
  "\x0d\x01\x39\x02\x00\x00\x57\x00\x0d\x02\x39\x02\x00\x00\x37\x00\x0d\x03\x39\x02"
  "\x00\x00\x11\x00\x0d\x04\x39\x02\x00\x00\x11\x00\x0d\x05\x39\x02\x00\x00\x11\x00"
  "\x0d\x06\x39\x02\x00\x00\x11\x00\x0d\x07\x39\x02\x00\x00\x11\x00\x0d\x08\x39\x02"
  "\x00\x00\x11\x00\x0d\x09\x39\x02\x00\x00\x11\x00\x0d\x0a\x39\x02\x00\x00\x04\x00"
  "\x0d\x0b\x39\x02\x00\x00\x00\x00\x0d\x00\x39\x02\x01\x00\x04\x00\x0d\x01\x39\x02"
  "\x01\x00\x1f\x00\x0d\x02\x39\x02\x01\x00\x37\x00\x0d\x03\x39\x02\x01\x00\x11\x00"
  "\x0d\x04\x39\x02\x01\x00\x11\x00\x0d\x05\x39\x02\x01\x00\x11\x00\x0d\x06\x39\x02"
  "\x01\x00\x11\x00\x0d\x07\x39\x02\x01\x00\x11\x00\x0d\x08\x39\x02\x01\x00\x11\x00"
  "\x0d\x09\x39\x02\x01\x00\x11\x00\x0d\x0a\x39\x02\x01\x00\x04\x00\x0d\x0b\x39\x02"
  "\x01\x00\x00\x00\x0d\x00\x3a\x00\x00\x00\x03\x00\x0d\x01\x3a\x00\x00\x00\x57\x00"
  "\x0d\x02\x3a\x00\x00\x00\x37\x00\x0d\x03\x3a\x00\x00\x00\x11\x00\x0d\x04\x3a\x00"
  "\x00\x00\x11\x00\x0d\x05\x3a\x00\x00\x00\x11\x00\x0d\x06\x3a\x00\x00\x00\x11\x00"
  "\x0d\x07\x3a\x00\x00\x00\x11\x00\x0d\x08\x3a\x00\x00\x00\x11\x00\x0d\x09\x3a\x00"
  "\x00\x00\x11\x00\x0d\x0a\x3a\x00\x00\x00\x04\x00\x0d\x0b\x3a\x00\x00\x00\x00\x00"
  "\x0d\x00\x3a\x00\x01\x00\x04\x00\x0d\x01\x3a\x00\x01\x00\x1f\x00\x0d\x02\x3a\x00"
  "\x01\x00\x37\x00\x0d\x03\x3a\x00\x01\x00\x11\x00\x0d\x04\x3a\x00\x01\x00\x11\x00"
  "\x0d\x05\x3a\x00\x01\x00\x11\x00\x0d\x06\x3a\x00\x01\x00\x11\x00\x0d\x07\x3a\x00"
  "\x01\x00\x11\x00\x0d\x08\x3a\x00\x01\x00\x11\x00\x0d\x09\x3a\x00\x01\x00\x11\x00"
  "\x0d\x0a\x3a\x00\x01\x00\x04\x00\x0d\x0b\x3a\x00\x01\x00\x00\x00\x0d\x00\x3a\x01"
  "\x00\x00\x03\x00\x0d\x01\x3a\x01\x00\x00\x57\x00\x0d\x02\x3a\x01\x00\x00\x37\x00"
  "\x0d\x03\x3a\x01\x00\x00\x11\x00\x0d\x04\x3a\x01\x00\x00\x11\x00\x0d\x05\x3a\x01"
  "\x00\x00\x11\x00\x0d\x06\x3a\x01\x00\x00\x11\x00\x0d\x07\x3a\x01\x00\x00\x11\x00"
  "\x0d\x08\x3a\x01\x00\x00\x11\x00\x0d\x09\x3a\x01\x00\x00\x11\x00\x0d\x0a\x3a\x01"
  "\x00\x00\x04\x00\x0d\x0b\x3a\x01\x00\x00\x00\x00\x0d\x00\x3a\x01\x01\x00\x04\x00"
  "\x0d\x01\x3a\x01\x01\x00\x1f\x00\x0d\x02\x3a\x01\x01\x00\x37\x00\x0d\x03\x3a\x01"
  "\x01\x00\x11\x00\x0d\x04\x3a\x01\x01\x00\x11\x00\x0d\x05\x3a\x01\x01\x00\x11\x00"
  "\x0d\x06\x3a\x01\x01\x00\x11\x00\x0d\x07\x3a\x01\x01\x00\x11\x00\x0d\x08\x3a\x01"
  "\x01\x00\x11\x00\x0d\x09\x3a\x01\x01\x00\x11\x00\x0d\x0a\x3a\x01\x01\x00\x04\x00"
  "\x0d\x0b\x3a\x01\x01\x00\x00\x00\x0d\x00\x3a\x02\x00\x00\x03\x00\x0d\x01\x3a\x02"
  "\x00\x00\x57\x00\x0d\x02\x3a\x02\x00\x00\x37\x00\x0d\x03\x3a\x02\x00\x00\x11\x00"
  "\x0d\x04\x3a\x02\x00\x00\x11\x00\x0d\x05\x3a\x02\x00\x00\x11\x00\x0d\x06\x3a\x02"
  "\x00\x00\x11\x00\x0d\x07\x3a\x02\x00\x00\x11\x00\x0d\x08\x3a\x02\x00\x00\x11\x00"
  "\x0d\x09\x3a\x02\x00\x00\x11\x00\x0d\x0a\x3a\x02\x00\x00\x04\x00\x0d\x0b\x3a\x02"
  "\x00\x00\x00\x00\x0d\x00\x3a\x02\x01\x00\x04\x00\x0d\x01\x3a\x02\x01\x00\x1f\x00"
  "\x0d\x02\x3a\x02\x01\x00\x37\x00\x0d\x03\x3a\x02\x01\x00\x11\x00\x0d\x04\x3a\x02"
  "\x01\x00\x11\x00\x0d\x05\x3a\x02\x01\x00\x11\x00\x0d\x06\x3a\x02\x01\x00\x11\x00"
  "\x0d\x07\x3a\x02\x01\x00\x11\x00\x0d\x08\x3a\x02\x01\x00\x11\x00\x0d\x09\x3a\x02"
  "\x01\x00\x11\x00\x0d\x0a\x3a\x02\x01\x00\x04\x00\x0d\x0b\x3a\x02\x01\x00\x00\x00"
  "\x0d\x00\x3b\x00\x00\x00\x03\x00\x0d\x01\x3b\x00\x00\x00\x57\x00\x0d\x02\x3b\x00"
  "\x00\x00\x37\x00\x0d\x03\x3b\x00\x00\x00\x11\x00\x0d\x04\x3b\x00\x00\x00\x11\x00"
  "\x0d\x05\x3b\x00\x00\x00\x11\x00\x0d\x06\x3b\x00\x00\x00\x11\x00\x0d\x07\x3b\x00"
  "\x00\x00\x11\x00\x0d\x08\x3b\x00\x00\x00\x11\x00\x0d\x09\x3b\x00\x00\x00\x11\x00"
  "\x0d\x0a\x3b\x00\x00\x00\x04\x00\x0d\x0b\x3b\x00\x00\x00\x00\x00\x0d\x00\x3b\x00"
  "\x01\x00\x04\x00\x0d\x01\x3b\x00\x01\x00\x1f\x00\x0d\x02\x3b\x00\x01\x00\x37\x00"
  "\x0d\x03\x3b\x00\x01\x00\x11\x00\x0d\x04\x3b\x00\x01\x00\x11\x00\x0d\x05\x3b\x00"
  "\x01\x00\x11\x00\x0d\x06\x3b\x00\x01\x00\x11\x00\x0d\x07\x3b\x00\x01\x00\x11\x00"
  "\x0d\x08\x3b\x00\x01\x00\x11\x00\x0d\x09\x3b\x00\x01\x00\x11\x00\x0d\x0a\x3b\x00"
  "\x01\x00\x04\x00\x0d\x0b\x3b\x00\x01\x00\x00\x00\x0d\x00\x3b\x01\x00\x00\x03\x00"
  "\x0d\x01\x3b\x01\x00\x00\x57\x00\x0d\x02\x3b\x01\x00\x00\x37\x00\x0d\x03\x3b\x01"
  "\x00\x00\x11\x00\x0d\x04\x3b\x01\x00\x00\x11\x00\x0d\x05\x3b\x01\x00\x00\x11\x00"
  "\x0d\x06\x3b\x01\x00\x00\x11\x00\x0d\x07\x3b\x01\x00\x00\x11\x00\x0d\x08\x3b\x01"
  "\x00\x00\x11\x00\x0d\x09\x3b\x01\x00\x00\x11\x00\x0d\x0a\x3b\x01\x00\x00\x04\x00"
  "\x0d\x0b\x3b\x01\x00\x00\x00\x00\x0d\x00\x3b\x01\x01\x00\x04\x00\x0d\x01\x3b\x01"
  "\x01\x00\x1f\x00\x0d\x02\x3b\x01\x01\x00\x37\x00\x0d\x03\x3b\x01\x01\x00\x11\x00"
  "\x0d\x04\x3b\x01\x01\x00\x11\x00\x0d\x05\x3b\x01\x01\x00\x11\x00\x0d\x06\x3b\x01"
  "\x01\x00\x11\x00\x0d\x07\x3b\x01\x01\x00\x11\x00\x0d\x08\x3b\x01\x01\x00\x11\x00"
  "\x0d\x09\x3b\x01\x01\x00\x11\x00\x0d\x0a\x3b\x01\x01\x00\x04\x00\x0d\x0b\x3b\x01"
  "\x01\x00\x00\x00\x0d\x00\x3b\x02\x00\x00\x03\x00\x0d\x01\x3b\x02\x00\x00\x57\x00"
  "\x0d\x02\x3b\x02\x00\x00\x37\x00\x0d\x03\x3b\x02\x00\x00\x11\x00\x0d\x04\x3b\x02"
  "\x00\x00\x11\x00\x0d\x05\x3b\x02\x00\x00\x11\x00\x0d\x06\x3b\x02\x00\x00\x11\x00"
  "\x0d\x07\x3b\x02\x00\x00\x11\x00\x0d\x08\x3b\x02\x00\x00\x11\x00\x0d\x09\x3b\x02"
  "\x00\x00\x11\x00\x0d\x0a\x3b\x02\x00\x00\x04\x00\x0d\x0b\x3b\x02\x00\x00\x00\x00"
  "\x0d\x00\x3b\x02\x01\x00\x04\x00\x0d\x01\x3b\x02\x01\x00\x1f\x00\x0d\x02\x3b\x02"
  "\x01\x00\x37\x00\x0d\x03\x3b\x02\x01\x00\x11\x00\x0d\x04\x3b\x02\x01\x00\x11\x00"
  "\x0d\x05\x3b\x02\x01\x00\x11\x00\x0d\x06\x3b\x02\x01\x00\x11\x00\x0d\x07\x3b\x02"
  "\x01\x00\x11\x00\x0d\x08\x3b\x02\x01\x00\x11\x00\x0d\x09\x3b\x02\x01\x00\x11\x00"
  "\x0d\x0a\x3b\x02\x01\x00\x04\x00\x0d\x0b\x3b\x02\x01\x00\x00\x00\x0d\x00\x3c\x00"
  "\x00\x00\x03\x00\x0d\x01\x3c\x00\x00\x00\x14\x00\x0d\x02\x3c\x00\x00\x00\x37\x00"
  "\x0d\x03\x3c\x00\x00\x00\x11\x00\x0d\x04\x3c\x00\x00\x00\x11\x00\x0d\x05\x3c\x00"
  "\x00\x00\x11\x00\x0d\x06\x3c\x00\x00\x00\x11\x00\x0d\x07\x3c\x00\x00\x00\x11\x00"
  "\x0d\x08\x3c\x00\x00\x00\x11\x00\x0d\x09\x3c\x00\x00\x00\x11\x00\x0d\x0a\x3c\x00"
  "\x00\x00\x04\x00\x0d\x0b\x3c\x00\x00\x00\x00\x00\x0d\x00\x3c\x00\x01\x00\x04\x00"
  "\x0d\x01\x3c\x00\x01\x00\x45\x00\x0d\x02\x3c\x00\x01\x00\x37\x00\x0d\x03\x3c\x00"
  "\x01\x00\x11\x00\x0d\x04\x3c\x00\x01\x00\x11\x00\x0d\x05\x3c\x00\x01\x00\x11\x00"
  "\x0d\x06\x3c\x00\x01\x00\x11\x00\x0d\x07\x3c\x00\x01\x00\x11\x00\x0d\x08\x3c\x00"
  "\x01\x00\x11\x00\x0d\x09\x3c\x00\x01\x00\x11\x00\x0d\x0a\x3c\x00\x01\x00\x04\x00"
  "\x0d\x0b\x3c\x00\x01\x00\x00\x00\x0d\x00\x3c\x01\x00\x00\x03\x00\x0d\x01\x3c\x01"
  "\x00\x00\x14\x00\x0d\x02\x3c\x01\x00\x00\x37\x00\x0d\x03\x3c\x01\x00\x00\x11\x00"
  "\x0d\x04\x3c\x01\x00\x00\x11\x00\x0d\x05\x3c\x01\x00\x00\x11\x00\x0d\x06\x3c\x01"
  "\x00\x00\x11\x00\x0d\x07\x3c\x01\x00\x00\x11\x00\x0d\x08\x3c\x01\x00\x00\x11\x00"
  "\x0d\x09\x3c\x01\x00\x00\x11\x00\x0d\x0a\x3c\x01\x00\x00\x04\x00\x0d\x0b\x3c\x01"
  "\x00\x00\x00\x00\x0d\x00\x3c\x01\x01\x00\x04\x00\x0d\x01\x3c\x01\x01\x00\x45\x00"
  "\x0d\x02\x3c\x01\x01\x00\x37\x00\x0d\x03\x3c\x01\x01\x00\x11\x00\x0d\x04\x3c\x01"
  "\x01\x00\x11\x00\x0d\x05\x3c\x01\x01\x00\x11\x00\x0d\x06\x3c\x01\x01\x00\x11\x00"
  "\x0d\x07\x3c\x01\x01\x00\x11\x00\x0d\x08\x3c\x01\x01\x00\x11\x00\x0d\x09\x3c\x01"
  "\x01\x00\x11\x00\x0d\x0a\x3c\x01\x01\x00\x04\x00\x0d\x0b\x3c\x01\x01\x00\x00\x00"
  "\x0d\x00\x3c\x02\x00\x00\x03\x00\x0d\x01\x3c\x02\x00\x00\x14\x00\x0d\x02\x3c\x02"
  "\x00\x00\x37\x00\x0d\x03\x3c\x02\x00\x00\x11\x00\x0d\x04\x3c\x02\x00\x00\x11\x00"
  "\x0d\x05\x3c\x02\x00\x00\x11\x00\x0d\x06\x3c\x02\x00\x00\x11\x00\x0d\x07\x3c\x02"
  "\x00\x00\x11\x00\x0d\x08\x3c\x02\x00\x00\x11\x00\x0d\x09\x3c\x02\x00\x00\x11\x00"
  "\x0d\x0a\x3c\x02\x00\x00\x04\x00\x0d\x0b\x3c\x02\x00\x00\x00\x00\x0d\x00\x3c\x02"
  "\x01\x00\x04\x00\x0d\x01\x3c\x02\x01\x00\x45\x00\x0d\x02\x3c\x02\x01\x00\x37\x00"
  "\x0d\x03\x3c\x02\x01\x00\x11\x00\x0d\x04\x3c\x02\x01\x00\x11\x00\x0d\x05\x3c\x02"
  "\x01\x00\x11\x00\x0d\x06\x3c\x02\x01\x00\x11\x00\x0d\x07\x3c\x02\x01\x00\x11\x00"
  "\x0d\x08\x3c\x02\x01\x00\x11\x00\x0d\x09\x3c\x02\x01\x00\x11\x00\x0d\x0a\x3c\x02"
  "\x01\x00\x04\x00\x0d\x0b\x3c\x02\x01\x00\x00\x00\x0d\x00\x3d\x00\x00\x00\x03\x00"
  "\x0d\x01\x3d\x00\x00\x00\x14\x00\x0d\x02\x3d\x00\x00\x00\x37\x00\x0d\x03\x3d\x00"
  "\x00\x00\x11\x00\x0d\x04\x3d\x00\x00\x00\x11\x00\x0d\x05\x3d\x00\x00\x00\x11\x00"
  "\x0d\x06\x3d\x00\x00\x00\x11\x00\x0d\x07\x3d\x00\x00\x00\x11\x00\x0d\x08\x3d\x00"
  "\x00\x00\x11\x00\x0d\x09\x3d\x00\x00\x00\x11\x00\x0d\x0a\x3d\x00\x00\x00\x04\x00"
  "\x0d\x0b\x3d\x00\x00\x00\x00\x00\x0d\x00\x3d\x00\x01\x00\x04\x00\x0d\x01\x3d\x00"
  "\x01\x00\x58\x00\x0d\x02\x3d\x00\x01\x00\x37\x00\x0d\x03\x3d\x00\x01\x00\x11\x00"
  "\x0d\x04\x3d\x00\x01\x00\x11\x00\x0d\x05\x3d\x00\x01\x00\x11\x00\x0d\x06\x3d\x00"
  "\x01\x00\x11\x00\x0d\x07\x3d\x00\x01\x00\x11\x00\x0d\x08\x3d\x00\x01\x00\x11\x00"
  "\x0d\x09\x3d\x00\x01\x00\x11\x00\x0d\x0a\x3d\x00\x01\x00\x04\x00\x0d\x0b\x3d\x00"
  "\x01\x00\x00\x00\x0d\x00\x3d\x01\x00\x00\x03\x00\x0d\x01\x3d\x01\x00\x00\x14\x00"
  "\x0d\x02\x3d\x01\x00\x00\x37\x00\x0d\x03\x3d\x01\x00\x00\x11\x00\x0d\x04\x3d\x01"
  "\x00\x00\x11\x00\x0d\x05\x3d\x01\x00\x00\x11\x00\x0d\x06\x3d\x01\x00\x00\x11\x00"
  "\x0d\x07\x3d\x01\x00\x00\x11\x00\x0d\x08\x3d\x01\x00\x00\x11\x00\x0d\x09\x3d\x01"
  "\x00\x00\x11\x00\x0d\x0a\x3d\x01\x00\x00\x04\x00\x0d\x0b\x3d\x01\x00\x00\x00\x00"
  "\x0d\x00\x3d\x01\x01\x00\x04\x00\x0d\x01\x3d\x01\x01\x00\x58\x00\x0d\x02\x3d\x01"
  "\x01\x00\x37\x00\x0d\x03\x3d\x01\x01\x00\x11\x00\x0d\x04\x3d\x01\x01\x00\x11\x00"
  "\x0d\x05\x3d\x01\x01\x00\x11\x00\x0d\x06\x3d\x01\x01\x00\x11\x00\x0d\x07\x3d\x01"
  "\x01\x00\x11\x00\x0d\x08\x3d\x01\x01\x00\x11\x00\x0d\x09\x3d\x01\x01\x00\x11\x00"
  "\x0d\x0a\x3d\x01\x01\x00\x04\x00\x0d\x0b\x3d\x01\x01\x00\x00\x00\x0d\x00\x3d\x02"
  "\x00\x00\x03\x00\x0d\x01\x3d\x02\x00\x00\x14\x00\x0d\x02\x3d\x02\x00\x00\x37\x00"
  "\x0d\x03\x3d\x02\x00\x00\x11\x00\x0d\x04\x3d\x02\x00\x00\x11\x00\x0d\x05\x3d\x02"
  "\x00\x00\x11\x00\x0d\x06\x3d\x02\x00\x00\x11\x00\x0d\x07\x3d\x02\x00\x00\x11\x00"
  "\x0d\x08\x3d\x02\x00\x00\x11\x00\x0d\x09\x3d\x02\x00\x00\x11\x00\x0d\x0a\x3d\x02"
  "\x00\x00\x04\x00\x0d\x0b\x3d\x02\x00\x00\x00\x00\x0d\x00\x3d\x02\x01\x00\x04\x00"
  "\x0d\x01\x3d\x02\x01\x00\x58\x00\x0d\x02\x3d\x02\x01\x00\x37\x00\x0d\x03\x3d\x02"
  "\x01\x00\x11\x00\x0d\x04\x3d\x02\x01\x00\x11\x00\x0d\x05\x3d\x02\x01\x00\x11\x00"
  "\x0d\x06\x3d\x02\x01\x00\x11\x00\x0d\x07\x3d\x02\x01\x00\x11\x00\x0d\x08\x3d\x02"
  "\x01\x00\x11\x00\x0d\x09\x3d\x02\x01\x00\x11\x00\x0d\x0a\x3d\x02\x01\x00\x04\x00"
  "\x0d\x0b\x3d\x02\x01\x00\x00\x00\x0d\x00\x3e\x00\x00\x00\x03\x00\x0d\x01\x3e\x00"
  "\x00\x00\x15\x00\x0d\x02\x3e\x00\x00\x00\x37\x00\x0d\x03\x3e\x00\x00\x00\x11\x00"
  "\x0d\x04\x3e\x00\x00\x00\x11\x00\x0d\x05\x3e\x00\x00\x00\x11\x00\x0d\x06\x3e\x00"
  "\x00\x00\x11\x00\x0d\x07\x3e\x00\x00\x00\x11\x00\x0d\x08\x3e\x00\x00\x00\x11\x00"
  "\x0d\x09\x3e\x00\x00\x00\x11\x00\x0d\x0a\x3e\x00\x00\x00\x04\x00\x0d\x0b\x3e\x00"
  "\x00\x00\x00\x00\x0d\x00\x3e\x00\x01\x00\x04\x00\x0d\x01\x3e\x00\x01\x00\x45\x00"
  "\x0d\x02\x3e\x00\x01\x00\x37\x00\x0d\x03\x3e\x00\x01\x00\x11\x00\x0d\x04\x3e\x00"
  "\x01\x00\x11\x00\x0d\x05\x3e\x00\x01\x00\x11\x00\x0d\x06\x3e\x00\x01\x00\x11\x00"
  "\x0d\x07\x3e\x00\x01\x00\x11\x00\x0d\x08\x3e\x00\x01\x00\x11\x00\x0d\x09\x3e\x00"
  "\x01\x00\x11\x00\x0d\x0a\x3e\x00\x01\x00\x04\x00\x0d\x0b\x3e\x00\x01\x00\x00\x00"
  "\x0d\x00\x3e\x01\x00\x00\x03\x00\x0d\x01\x3e\x01\x00\x00\x15\x00\x0d\x02\x3e\x01"
  "\x00\x00\x37\x00\x0d\x03\x3e\x01\x00\x00\x11\x00\x0d\x04\x3e\x01\x00\x00\x11\x00"
  "\x0d\x05\x3e\x01\x00\x00\x11\x00\x0d\x06\x3e\x01\x00\x00\x11\x00\x0d\x07\x3e\x01"
  "\x00\x00\x11\x00\x0d\x08\x3e\x01\x00\x00\x11\x00\x0d\x09\x3e\x01\x00\x00\x11\x00"
  "\x0d\x0a\x3e\x01\x00\x00\x04\x00\x0d\x0b\x3e\x01\x00\x00\x00\x00\x0d\x00\x3e\x01"
  "\x01\x00\x04\x00\x0d\x01\x3e\x01\x01\x00\x45\x00\x0d\x02\x3e\x01\x01\x00\x37\x00"
  "\x0d\x03\x3e\x01\x01\x00\x11\x00\x0d\x04\x3e\x01\x01\x00\x11\x00\x0d\x05\x3e\x01"
  "\x01\x00\x11\x00\x0d\x06\x3e\x01\x01\x00\x11\x00\x0d\x07\x3e\x01\x01\x00\x11\x00"
  "\x0d\x08\x3e\x01\x01\x00\x11\x00\x0d\x09\x3e\x01\x01\x00\x11\x00\x0d\x0a\x3e\x01"
  "\x01\x00\x04\x00\x0d\x0b\x3e\x01\x01\x00\x00\x00\x0d\x00\x3e\x02\x00\x00\x03\x00"
  "\x0d\x01\x3e\x02\x00\x00\x15\x00\x0d\x02\x3e\x02\x00\x00\x37\x00\x0d\x03\x3e\x02"
  "\x00\x00\x11\x00\x0d\x04\x3e\x02\x00\x00\x11\x00\x0d\x05\x3e\x02\x00\x00\x11\x00"
  "\x0d\x06\x3e\x02\x00\x00\x11\x00\x0d\x07\x3e\x02\x00\x00\x11\x00\x0d\x08\x3e\x02"
  "\x00\x00\x11\x00\x0d\x09\x3e\x02\x00\x00\x11\x00\x0d\x0a\x3e\x02\x00\x00\x04\x00"
  "\x0d\x0b\x3e\x02\x00\x00\x00\x00\x0d\x00\x3e\x02\x01\x00\x04\x00\x0d\x01\x3e\x02"
  "\x01\x00\x45\x00\x0d\x02\x3e\x02\x01\x00\x37\x00\x0d\x03\x3e\x02\x01\x00\x11\x00"
  "\x0d\x04\x3e\x02\x01\x00\x11\x00\x0d\x05\x3e\x02\x01\x00\x11\x00\x0d\x06\x3e\x02"
  "\x01\x00\x11\x00\x0d\x07\x3e\x02\x01\x00\x11\x00\x0d\x08\x3e\x02\x01\x00\x11\x00"
  "\x0d\x09\x3e\x02\x01\x00\x11\x00\x0d\x0a\x3e\x02\x01\x00\x04\x00\x0d\x0b\x3e\x02"
  "\x01\x00\x00\x00\x0d\x00\x3f\x00\x00\x00\x03\x00\x0d\x01\x3f\x00\x00\x00\x15\x00"
  "\x0d\x02\x3f\x00\x00\x00\x37\x00\x0d\x03\x3f\x00\x00\x00\x11\x00\x0d\x04\x3f\x00"
  "\x00\x00\x11\x00\x0d\x05\x3f\x00\x00\x00\x11\x00\x0d\x06\x3f\x00\x00\x00\x11\x00"
  "\x0d\x07\x3f\x00\x00\x00\x11\x00\x0d\x08\x3f\x00\x00\x00\x11\x00\x0d\x09\x3f\x00"
  "\x00\x00\x11\x00\x0d\x0a\x3f\x00\x00\x00\x04\x00\x0d\x0b\x3f\x00\x00\x00\x00\x00"
  "\x0d\x00\x3f\x00\x01\x00\x04\x00\x0d\x01\x3f\x00\x01\x00\x58\x00\x0d\x02\x3f\x00"
  "\x01\x00\x37\x00\x0d\x03\x3f\x00\x01\x00\x11\x00\x0d\x04\x3f\x00\x01\x00\x11\x00"
  "\x0d\x05\x3f\x00\x01\x00\x11\x00\x0d\x06\x3f\x00\x01\x00\x11\x00\x0d\x07\x3f\x00"
  "\x01\x00\x11\x00\x0d\x08\x3f\x00\x01\x00\x11\x00\x0d\x09\x3f\x00\x01\x00\x11\x00"
  "\x0d\x0a\x3f\x00\x01\x00\x04\x00\x0d\x0b\x3f\x00\x01\x00\x00\x00\x0d\x00\x3f\x01"
  "\x00\x00\x03\x00\x0d\x01\x3f\x01\x00\x00\x15\x00\x0d\x02\x3f\x01\x00\x00\x37\x00"
  "\x0d\x03\x3f\x01\x00\x00\x11\x00\x0d\x04\x3f\x01\x00\x00\x11\x00\x0d\x05\x3f\x01"
  "\x00\x00\x11\x00\x0d\x06\x3f\x01\x00\x00\x11\x00\x0d\x07\x3f\x01\x00\x00\x11\x00"
  "\x0d\x08\x3f\x01\x00\x00\x11\x00\x0d\x09\x3f\x01\x00\x00\x11\x00\x0d\x0a\x3f\x01"
  "\x00\x00\x04\x00\x0d\x0b\x3f\x01\x00\x00\x00\x00\x0d\x00\x3f\x01\x01\x00\x04\x00"
  "\x0d\x01\x3f\x01\x01\x00\x58\x00\x0d\x02\x3f\x01\x01\x00\x37\x00\x0d\x03\x3f\x01"
  "\x01\x00\x11\x00\x0d\x04\x3f\x01\x01\x00\x11\x00\x0d\x05\x3f\x01\x01\x00\x11\x00"
  "\x0d\x06\x3f\x01\x01\x00\x11\x00\x0d\x07\x3f\x01\x01\x00\x11\x00\x0d\x08\x3f\x01"
  "\x01\x00\x11\x00\x0d\x09\x3f\x01\x01\x00\x11\x00\x0d\x0a\x3f\x01\x01\x00\x04\x00"
  "\x0d\x0b\x3f\x01\x01\x00\x00\x00\x0d\x00\x3f\x02\x00\x00\x03\x00\x0d\x01\x3f\x02"
  "\x00\x00\x15\x00\x0d\x02\x3f\x02\x00\x00\x37\x00\x0d\x03\x3f\x02\x00\x00\x11\x00"
  "\x0d\x04\x3f\x02\x00\x00\x11\x00\x0d\x05\x3f\x02\x00\x00\x11\x00\x0d\x06\x3f\x02"
  "\x00\x00\x11\x00\x0d\x07\x3f\x02\x00\x00\x11\x00\x0d\x08\x3f\x02\x00\x00\x11\x00"
  "\x0d\x09\x3f\x02\x00\x00\x11\x00\x0d\x0a\x3f\x02\x00\x00\x04\x00\x0d\x0b\x3f\x02"
  "\x00\x00\x00\x00\x0d\x00\x3f\x02\x01\x00\x04\x00\x0d\x01\x3f\x02\x01\x00\x58\x00"
  "\x0d\x02\x3f\x02\x01\x00\x37\x00\x0d\x03\x3f\x02\x01\x00\x11\x00\x0d\x04\x3f\x02"
  "\x01\x00\x11\x00\x0d\x05\x3f\x02\x01\x00\x11\x00\x0d\x06\x3f\x02\x01\x00\x11\x00"
  "\x0d\x07\x3f\x02\x01\x00\x11\x00\x0d\x08\x3f\x02\x01\x00\x11\x00\x0d\x09\x3f\x02"
  "\x01\x00\x11\x00\x0d\x0a\x3f\x02\x01\x00\x04\x00\x0d\x0b\x3f\x02\x01\x00\x00\x00"
  "\x0d\x00\x40\x00\x00\x00\x03\x00\x0d\x01\x40\x00\x00\x00\x17\x00\x0d\x02\x40\x00"
  "\x00\x00\x37\x00\x0d\x03\x40\x00\x00\x00\x11\x00\x0d\x04\x40\x00\x00\x00\x11\x00"
  "\x0d\x05\x40\x00\x00\x00\x11\x00\x0d\x06\x40\x00\x00\x00\x11\x00\x0d\x07\x40\x00"
  "\x00\x00\x11\x00\x0d\x08\x40\x00\x00\x00\x11\x00\x0d\x09\x40\x00\x00\x00\x11\x00"
  "\x0d\x0a\x40\x00\x00\x00\x04\x00\x0d\x0b\x40\x00\x00\x00\x00\x00\x0d\x00\x40\x00"
  "\x01\x00\x04\x00\x0d\x01\x40\x00\x01\x00\x21\x00\x0d\x02\x40\x00\x01\x00\x37\x00"
  "\x0d\x03\x40\x00\x01\x00\x11\x00\x0d\x04\x40\x00\x01\x00\x11\x00\x0d\x05\x40\x00"
  "\x01\x00\x11\x00\x0d\x06\x40\x00\x01\x00\x11\x00\x0d\x07\x40\x00\x01\x00\x11\x00"
  "\x0d\x08\x40\x00\x01\x00\x11\x00\x0d\x09\x40\x00\x01\x00\x11\x00\x0d\x0a\x40\x00"
  "\x01\x00\x04\x00\x0d\x0b\x40\x00\x01\x00\x00\x00\x0d\x00\x40\x01\x00\x00\x03\x00"
  "\x0d\x01\x40\x01\x00\x00\x17\x00\x0d\x02\x40\x01\x00\x00\x37\x00\x0d\x03\x40\x01"
  "\x00\x00\x11\x00\x0d\x04\x40\x01\x00\x00\x11\x00\x0d\x05\x40\x01\x00\x00\x11\x00"
  "\x0d\x06\x40\x01\x00\x00\x11\x00\x0d\x07\x40\x01\x00\x00\x11\x00\x0d\x08\x40\x01"
  "\x00\x00\x11\x00\x0d\x09\x40\x01\x00\x00\x11\x00\x0d\x0a\x40\x01\x00\x00\x04\x00"
  "\x0d\x0b\x40\x01\x00\x00\x00\x00\x0d\x00\x40\x01\x01\x00\x04\x00\x0d\x01\x40\x01"
  "\x01\x00\x21\x00\x0d\x02\x40\x01\x01\x00\x37\x00\x0d\x03\x40\x01\x01\x00\x11\x00"
  "\x0d\x04\x40\x01\x01\x00\x11\x00\x0d\x05\x40\x01\x01\x00\x11\x00\x0d\x06\x40\x01"
  "\x01\x00\x11\x00\x0d\x07\x40\x01\x01\x00\x11\x00\x0d\x08\x40\x01\x01\x00\x11\x00"
  "\x0d\x09\x40\x01\x01\x00\x11\x00\x0d\x0a\x40\x01\x01\x00\x04\x00\x0d\x0b\x40\x01"
  "\x01\x00\x00\x00\x0d\x00\x40\x02\x00\x00\x03\x00\x0d\x01\x40\x02\x00\x00\x17\x00"
  "\x0d\x02\x40\x02\x00\x00\x37\x00\x0d\x03\x40\x02\x00\x00\x11\x00\x0d\x04\x40\x02"
  "\x00\x00\x11\x00\x0d\x05\x40\x02\x00\x00\x11\x00\x0d\x06\x40\x02\x00\x00\x11\x00"
  "\x0d\x07\x40\x02\x00\x00\x11\x00\x0d\x08\x40\x02\x00\x00\x11\x00\x0d\x09\x40\x02"
  "\x00\x00\x11\x00\x0d\x0a\x40\x02\x00\x00\x04\x00\x0d\x0b\x40\x02\x00\x00\x00\x00"
  "\x0d\x00\x40\x02\x01\x00\x04\x00\x0d\x01\x40\x02\x01\x00\x21\x00\x0d\x02\x40\x02"
  "\x01\x00\x37\x00\x0d\x03\x40\x02\x01\x00\x11\x00\x0d\x04\x40\x02\x01\x00\x11\x00"
  "\x0d\x05\x40\x02\x01\x00\x11\x00\x0d\x06\x40\x02\x01\x00\x11\x00\x0d\x07\x40\x02"
  "\x01\x00\x11\x00\x0d\x08\x40\x02\x01\x00\x11\x00\x0d\x09\x40\x02\x01\x00\x11\x00"
  "\x0d\x0a\x40\x02\x01\x00\x04\x00\x0d\x0b\x40\x02\x01\x00\x00\x00\x0d\x00\x41\x00"
  "\x00\x00\x03\x00\x0d\x01\x41\x00\x00\x00\x17\x00\x0d\x02\x41\x00\x00\x00\x37\x00"
  "\x0d\x03\x41\x00\x00\x00\x11\x00\x0d\x04\x41\x00\x00\x00\x11\x00\x0d\x05\x41\x00"
  "\x00\x00\x11\x00\x0d\x06\x41\x00\x00\x00\x11\x00\x0d\x07\x41\x00\x00\x00\x11\x00"
  "\x0d\x08\x41\x00\x00\x00\x11\x00\x0d\x09\x41\x00\x00\x00\x11\x00\x0d\x0a\x41\x00"
  "\x00\x00\x04\x00\x0d\x0b\x41\x00\x00\x00\x00\x00\x0d\x00\x41\x00\x01\x00\x04\x00"
  "\x0d\x01\x41\x00\x01\x00\x22\x00\x0d\x02\x41\x00\x01\x00\x37\x00\x0d\x03\x41\x00"
  "\x01\x00\x11\x00\x0d\x04\x41\x00\x01\x00\x11\x00\x0d\x05\x41\x00\x01\x00\x11\x00"
  "\x0d\x06\x41\x00\x01\x00\x11\x00\x0d\x07\x41\x00\x01\x00\x11\x00\x0d\x08\x41\x00"
  "\x01\x00\x11\x00\x0d\x09\x41\x00\x01\x00\x11\x00\x0d\x0a\x41\x00\x01\x00\x04\x00"
  "\x0d\x0b\x41\x00\x01\x00\x00\x00\x0d\x00\x41\x01\x00\x00\x03\x00\x0d\x01\x41\x01"
  "\x00\x00\x17\x00\x0d\x02\x41\x01\x00\x00\x37\x00\x0d\x03\x41\x01\x00\x00\x11\x00"
  "\x0d\x04\x41\x01\x00\x00\x11\x00\x0d\x05\x41\x01\x00\x00\x11\x00\x0d\x06\x41\x01"
  "\x00\x00\x11\x00\x0d\x07\x41\x01\x00\x00\x11\x00\x0d\x08\x41\x01\x00\x00\x11\x00"
  "\x0d\x09\x41\x01\x00\x00\x11\x00\x0d\x0a\x41\x01\x00\x00\x04\x00\x0d\x0b\x41\x01"
  "\x00\x00\x00\x00\x0d\x00\x41\x01\x01\x00\x04\x00\x0d\x01\x41\x01\x01\x00\x22\x00"
  "\x0d\x02\x41\x01\x01\x00\x37\x00\x0d\x03\x41\x01\x01\x00\x11\x00\x0d\x04\x41\x01"
  "\x01\x00\x11\x00\x0d\x05\x41\x01\x01\x00\x11\x00\x0d\x06\x41\x01\x01\x00\x11\x00"
  "\x0d\x07\x41\x01\x01\x00\x11\x00\x0d\x08\x41\x01\x01\x00\x11\x00\x0d\x09\x41\x01"
  "\x01\x00\x11\x00\x0d\x0a\x41\x01\x01\x00\x04\x00\x0d\x0b\x41\x01\x01\x00\x00\x00"
  "\x0d\x00\x41\x02\x00\x00\x03\x00\x0d\x01\x41\x02\x00\x00\x17\x00\x0d\x02\x41\x02"
  "\x00\x00\x37\x00\x0d\x03\x41\x02\x00\x00\x11\x00\x0d\x04\x41\x02\x00\x00\x11\x00"
  "\x0d\x05\x41\x02\x00\x00\x11\x00\x0d\x06\x41\x02\x00\x00\x11\x00\x0d\x07\x41\x02"
  "\x00\x00\x11\x00\x0d\x08\x41\x02\x00\x00\x11\x00\x0d\x09\x41\x02\x00\x00\x11\x00"
  "\x0d\x0a\x41\x02\x00\x00\x04\x00\x0d\x0b\x41\x02\x00\x00\x00\x00\x0d\x00\x41\x02"
  "\x01\x00\x04\x00\x0d\x01\x41\x02\x01\x00\x22\x00\x0d\x02\x41\x02\x01\x00\x37\x00"
  "\x0d\x03\x41\x02\x01\x00\x11\x00\x0d\x04\x41\x02\x01\x00\x11\x00\x0d\x05\x41\x02"
  "\x01\x00\x11\x00\x0d\x06\x41\x02\x01\x00\x11\x00\x0d\x07\x41\x02\x01\x00\x11\x00"
  "\x0d\x08\x41\x02\x01\x00\x11\x00\x0d\x09\x41\x02\x01\x00\x11\x00\x0d\x0a\x41\x02"
  "\x01\x00\x04\x00\x0d\x0b\x41\x02\x01\x00\x00\x00\x0d\x00\x42\x00\x00\x00\x03\x00"
  "\x0d\x01\x42\x00\x00\x00\x16\x00\x0d\x02\x42\x00\x00\x00\x37\x00\x0d\x03\x42\x00"
  "\x00\x00\x11\x00\x0d\x04\x42\x00\x00\x00\x11\x00\x0d\x05\x42\x00\x00\x00\x11\x00"
  "\x0d\x06\x42\x00\x00\x00\x11\x00\x0d\x07\x42\x00\x00\x00\x11\x00\x0d\x08\x42\x00"
  "\x00\x00\x11\x00\x0d\x09\x42\x00\x00\x00\x11\x00\x0d\x0a\x42\x00\x00\x00\x04\x00"
  "\x0d\x0b\x42\x00\x00\x00\x00\x00\x0d\x00\x42\x00\x01\x00\x04\x00\x0d\x01\x42\x00"
  "\x01\x00\x20\x00\x0d\x02\x42\x00\x01\x00\x37\x00\x0d\x03\x42\x00\x01\x00\x11\x00"
  "\x0d\x04\x42\x00\x01\x00\x11\x00\x0d\x05\x42\x00\x01\x00\x11\x00\x0d\x06\x42\x00"
  "\x01\x00\x11\x00\x0d\x07\x42\x00\x01\x00\x11\x00\x0d\x08\x42\x00\x01\x00\x11\x00"
  "\x0d\x09\x42\x00\x01\x00\x11\x00\x0d\x0a\x42\x00\x01\x00\x04\x00\x0d\x0b\x42\x00"
  "\x01\x00\x00\x00\x0d\x00\x42\x01\x00\x00\x03\x00\x0d\x01\x42\x01\x00\x00\x16\x00"
  "\x0d\x02\x42\x01\x00\x00\x37\x00\x0d\x03\x42\x01\x00\x00\x11\x00\x0d\x04\x42\x01"
  "\x00\x00\x11\x00\x0d\x05\x42\x01\x00\x00\x11\x00\x0d\x06\x42\x01\x00\x00\x11\x00"
  "\x0d\x07\x42\x01\x00\x00\x11\x00\x0d\x08\x42\x01\x00\x00\x11\x00\x0d\x09\x42\x01"
  "\x00\x00\x11\x00\x0d\x0a\x42\x01\x00\x00\x04\x00\x0d\x0b\x42\x01\x00\x00\x00\x00"
  "\x0d\x00\x42\x01\x01\x00\x04\x00\x0d\x01\x42\x01\x01\x00\x20\x00\x0d\x02\x42\x01"
  "\x01\x00\x37\x00\x0d\x03\x42\x01\x01\x00\x11\x00\x0d\x04\x42\x01\x01\x00\x11\x00"
  "\x0d\x05\x42\x01\x01\x00\x11\x00\x0d\x06\x42\x01\x01\x00\x11\x00\x0d\x07\x42\x01"
  "\x01\x00\x11\x00\x0d\x08\x42\x01\x01\x00\x11\x00\x0d\x09\x42\x01\x01\x00\x11\x00"
  "\x0d\x0a\x42\x01\x01\x00\x04\x00\x0d\x0b\x42\x01\x01\x00\x00\x00\x0d\x00\x42\x02"
  "\x00\x00\x03\x00\x0d\x01\x42\x02\x00\x00\x16\x00\x0d\x02\x42\x02\x00\x00\x37\x00"
  "\x0d\x03\x42\x02\x00\x00\x11\x00\x0d\x04\x42\x02\x00\x00\x11\x00\x0d\x05\x42\x02"
  "\x00\x00\x11\x00\x0d\x06\x42\x02\x00\x00\x11\x00\x0d\x07\x42\x02\x00\x00\x11\x00"
  "\x0d\x08\x42\x02\x00\x00\x11\x00\x0d\x09\x42\x02\x00\x00\x11\x00\x0d\x0a\x42\x02"
  "\x00\x00\x04\x00\x0d\x0b\x42\x02\x00\x00\x00\x00\x0d\x00\x42\x02\x01\x00\x04\x00"
  "\x0d\x01\x42\x02\x01\x00\x20\x00\x0d\x02\x42\x02\x01\x00\x37\x00\x0d\x03\x42\x02"
  "\x01\x00\x11\x00\x0d\x04\x42\x02\x01\x00\x11\x00\x0d\x05\x42\x02\x01\x00\x11\x00"
  "\x0d\x06\x42\x02\x01\x00\x11\x00\x0d\x07\x42\x02\x01\x00\x11\x00\x0d\x08\x42\x02"
  "\x01\x00\x11\x00\x0d\x09\x42\x02\x01\x00\x11\x00\x0d\x0a\x42\x02\x01\x00\x04\x00"
  "\x0d\x0b\x42\x02\x01\x00\x00\x00\x0d\x00\x43\x00\x00\x00\x03\x00\x0d\x01\x43\x00"
  "\x00\x00\x13\x00\x0d\x02\x43\x00\x00\x00\x37\x00\x0d\x03\x43\x00\x00\x00\x11\x00"
  "\x0d\x04\x43\x00\x00\x00\x11\x00\x0d\x05\x43\x00\x00\x00\x11\x00\x0d\x06\x43\x00"
  "\x00\x00\x11\x00\x0d\x07\x43\x00\x00\x00\x11\x00\x0d\x08\x43\x00\x00\x00\x11\x00"
  "\x0d\x09\x43\x00\x00\x00\x11\x00\x0d\x0a\x43\x00\x00\x00\x04\x00\x0d\x0b\x43\x00"
  "\x00\x00\x00\x00\x0d\x00\x43\x00\x01\x00\x04\x00\x0d\x01\x43\x00\x01\x00\x20\x00"
  "\x0d\x02\x43\x00\x01\x00\x37\x00\x0d\x03\x43\x00\x01\x00\x11\x00\x0d\x04\x43\x00"
  "\x01\x00\x11\x00\x0d\x05\x43\x00\x01\x00\x11\x00\x0d\x06\x43\x00\x01\x00\x11\x00"
  "\x0d\x07\x43\x00\x01\x00\x11\x00\x0d\x08\x43\x00\x01\x00\x11\x00\x0d\x09\x43\x00"
  "\x01\x00\x11\x00\x0d\x0a\x43\x00\x01\x00\x04\x00\x0d\x0b\x43\x00\x01\x00\x00\x00"
  "\x0d\x00\x43\x01\x00\x00\x03\x00\x0d\x01\x43\x01\x00\x00\x13\x00\x0d\x02\x43\x01"
  "\x00\x00\x37\x00\x0d\x03\x43\x01\x00\x00\x11\x00\x0d\x04\x43\x01\x00\x00\x11\x00"
  "\x0d\x05\x43\x01\x00\x00\x11\x00\x0d\x06\x43\x01\x00\x00\x11\x00\x0d\x07\x43\x01"
  "\x00\x00\x11\x00\x0d\x08\x43\x01\x00\x00\x11\x00\x0d\x09\x43\x01\x00\x00\x11\x00"
  "\x0d\x0a\x43\x01\x00\x00\x04\x00\x0d\x0b\x43\x01\x00\x00\x00\x00\x0d\x00\x43\x01"
  "\x01\x00\x04\x00\x0d\x01\x43\x01\x01\x00\x20\x00\x0d\x02\x43\x01\x01\x00\x37\x00"
  "\x0d\x03\x43\x01\x01\x00\x11\x00\x0d\x04\x43\x01\x01\x00\x11\x00\x0d\x05\x43\x01"
  "\x01\x00\x11\x00\x0d\x06\x43\x01\x01\x00\x11\x00\x0d\x07\x43\x01\x01\x00\x11\x00"
  "\x0d\x08\x43\x01\x01\x00\x11\x00\x0d\x09\x43\x01\x01\x00\x11\x00\x0d\x0a\x43\x01"
  "\x01\x00\x04\x00\x0d\x0b\x43\x01\x01\x00\x00\x00\x0d\x00\x43\x02\x00\x00\x03\x00"
  "\x0d\x01\x43\x02\x00\x00\x13\x00\x0d\x02\x43\x02\x00\x00\x37\x00\x0d\x03\x43\x02"
  "\x00\x00\x11\x00\x0d\x04\x43\x02\x00\x00\x11\x00\x0d\x05\x43\x02\x00\x00\x11\x00"
  "\x0d\x06\x43\x02\x00\x00\x11\x00\x0d\x07\x43\x02\x00\x00\x11\x00\x0d\x08\x43\x02"
  "\x00\x00\x11\x00\x0d\x09\x43\x02\x00\x00\x11\x00\x0d\x0a\x43\x02\x00\x00\x04\x00"
  "\x0d\x0b\x43\x02\x00\x00\x00\x00\x0d\x00\x43\x02\x01\x00\x04\x00\x0d\x01\x43\x02"
  "\x01\x00\x20\x00\x0d\x02\x43\x02\x01\x00\x37\x00\x0d\x03\x43\x02\x01\x00\x11\x00"
  "\x0d\x04\x43\x02\x01\x00\x11\x00\x0d\x05\x43\x02\x01\x00\x11\x00\x0d\x06\x43\x02"
  "\x01\x00\x11\x00\x0d\x07\x43\x02\x01\x00\x11\x00\x0d\x08\x43\x02\x01\x00\x11\x00"
  "\x0d\x09\x43\x02\x01\x00\x11\x00\x0d\x0a\x43\x02\x01\x00\x04\x00\x0d\x0b\x43\x02"
  "\x01\x00\x00\x00\x0d\x00\x44\x00\x00\x00\x03\x00\x0d\x01\x44\x00\x00\x00\x4d\x00"
  "\x0d\x02\x44\x00\x00\x00\x37\x00\x0d\x03\x44\x00\x00\x00\x11\x00\x0d\x04\x44\x00"
  "\x00\x00\x11\x00\x0d\x05\x44\x00\x00\x00\x11\x00\x0d\x06\x44\x00\x00\x00\x11\x00"
  "\x0d\x07\x44\x00\x00\x00\x11\x00\x0d\x08\x44\x00\x00\x00\x11\x00\x0d\x09\x44\x00"
  "\x00\x00\x11\x00\x0d\x0a\x44\x00\x00\x00\x04\x00\x0d\x0b\x44\x00\x00\x00\x00\x00"
  "\x0d\x00\x44\x00\x01\x00\x04\x00\x0d\x01\x44\x00\x01\x00\x25\x00\x0d\x02\x44\x00"
  "\x01\x00\x37\x00\x0d\x03\x44\x00\x01\x00\x11\x00\x0d\x04\x44\x00\x01\x00\x11\x00"
  "\x0d\x05\x44\x00\x01\x00\x11\x00\x0d\x06\x44\x00\x01\x00\x11\x00\x0d\x07\x44\x00"
  "\x01\x00\x11\x00\x0d\x08\x44\x00\x01\x00\x11\x00\x0d\x09\x44\x00\x01\x00\x11\x00"
  "\x0d\x0a\x44\x00\x01\x00\x04\x00\x0d\x0b\x44\x00\x01\x00\x00\x00\x0d\x00\x44\x01"
  "\x00\x00\x03\x00\x0d\x01\x44\x01\x00\x00\x4d\x00\x0d\x02\x44\x01\x00\x00\x37\x00"
  "\x0d\x03\x44\x01\x00\x00\x11\x00\x0d\x04\x44\x01\x00\x00\x11\x00\x0d\x05\x44\x01"
  "\x00\x00\x11\x00\x0d\x06\x44\x01\x00\x00\x11\x00\x0d\x07\x44\x01\x00\x00\x11\x00"
  "\x0d\x08\x44\x01\x00\x00\x11\x00\x0d\x09\x44\x01\x00\x00\x11\x00\x0d\x0a\x44\x01"
  "\x00\x00\x04\x00\x0d\x0b\x44\x01\x00\x00\x00\x00\x0d\x00\x44\x01\x01\x00\x04\x00"
  "\x0d\x01\x44\x01\x01\x00\x25\x00\x0d\x02\x44\x01\x01\x00\x37\x00\x0d\x03\x44\x01"
  "\x01\x00\x11\x00\x0d\x04\x44\x01\x01\x00\x11\x00\x0d\x05\x44\x01\x01\x00\x11\x00"
  "\x0d\x06\x44\x01\x01\x00\x11\x00\x0d\x07\x44\x01\x01\x00\x11\x00\x0d\x08\x44\x01"
  "\x01\x00\x11\x00\x0d\x09\x44\x01\x01\x00\x11\x00\x0d\x0a\x44\x01\x01\x00\x04\x00"
  "\x0d\x0b\x44\x01\x01\x00\x00\x00\x0d\x00\x44\x02\x00\x00\x03\x00\x0d\x01\x44\x02"
  "\x00\x00\x4d\x00\x0d\x02\x44\x02\x00\x00\x37\x00\x0d\x03\x44\x02\x00\x00\x11\x00"
  "\x0d\x04\x44\x02\x00\x00\x11\x00\x0d\x05\x44\x02\x00\x00\x11\x00\x0d\x06\x44\x02"
  "\x00\x00\x11\x00\x0d\x07\x44\x02\x00\x00\x11\x00\x0d\x08\x44\x02\x00\x00\x11\x00"
  "\x0d\x09\x44\x02\x00\x00\x11\x00\x0d\x0a\x44\x02\x00\x00\x04\x00\x0d\x0b\x44\x02"
  "\x00\x00\x00\x00\x0d\x00\x44\x02\x01\x00\x04\x00\x0d\x01\x44\x02\x01\x00\x25\x00"
  "\x0d\x02\x44\x02\x01\x00\x37\x00\x0d\x03\x44\x02\x01\x00\x11\x00\x0d\x04\x44\x02"
  "\x01\x00\x11\x00\x0d\x05\x44\x02\x01\x00\x11\x00\x0d\x06\x44\x02\x01\x00\x11\x00"
  "\x0d\x07\x44\x02\x01\x00\x11\x00\x0d\x08\x44\x02\x01\x00\x11\x00\x0d\x09\x44\x02"
  "\x01\x00\x11\x00\x0d\x0a\x44\x02\x01\x00\x04\x00\x0d\x0b\x44\x02\x01\x00\x00\x00"
  "\x0d\x00\x45\x00\x00\x00\x03\x00\x0d\x01\x45\x00\x00\x00\x4e\x00\x0d\x02\x45\x00"
  "\x00\x00\x37\x00\x0d\x03\x45\x00\x00\x00\x11\x00\x0d\x04\x45\x00\x00\x00\x11\x00"
  "\x0d\x05\x45\x00\x00\x00\x11\x00\x0d\x06\x45\x00\x00\x00\x11\x00\x0d\x07\x45\x00"
  "\x00\x00\x11\x00\x0d\x08\x45\x00\x00\x00\x11\x00\x0d\x09\x45\x00\x00\x00\x11\x00"
  "\x0d\x0a\x45\x00\x00\x00\x04\x00\x0d\x0b\x45\x00\x00\x00\x00\x00\x0d\x00\x45\x00"
  "\x01\x00\x04\x00\x0d\x01\x45\x00\x01\x00\x25\x00\x0d\x02\x45\x00\x01\x00\x37\x00"
  "\x0d\x03\x45\x00\x01\x00\x11\x00\x0d\x04\x45\x00\x01\x00\x11\x00\x0d\x05\x45\x00"
  "\x01\x00\x11\x00\x0d\x06\x45\x00\x01\x00\x11\x00\x0d\x07\x45\x00\x01\x00\x11\x00"
  "\x0d\x08\x45\x00\x01\x00\x11\x00\x0d\x09\x45\x00\x01\x00\x11\x00\x0d\x0a\x45\x00"
  "\x01\x00\x04\x00\x0d\x0b\x45\x00\x01\x00\x00\x00\x0d\x00\x45\x01\x00\x00\x03\x00"
  "\x0d\x01\x45\x01\x00\x00\x4e\x00\x0d\x02\x45\x01\x00\x00\x37\x00\x0d\x03\x45\x01"
  "\x00\x00\x11\x00\x0d\x04\x45\x01\x00\x00\x11\x00\x0d\x05\x45\x01\x00\x00\x11\x00"
  "\x0d\x06\x45\x01\x00\x00\x11\x00\x0d\x07\x45\x01\x00\x00\x11\x00\x0d\x08\x45\x01"
  "\x00\x00\x11\x00\x0d\x09\x45\x01\x00\x00\x11\x00\x0d\x0a\x45\x01\x00\x00\x04\x00"
  "\x0d\x0b\x45\x01\x00\x00\x00\x00\x0d\x00\x45\x01\x01\x00\x04\x00\x0d\x01\x45\x01"
  "\x01\x00\x25\x00\x0d\x02\x45\x01\x01\x00\x37\x00\x0d\x03\x45\x01\x01\x00\x11\x00"
  "\x0d\x04\x45\x01\x01\x00\x11\x00\x0d\x05\x45\x01\x01\x00\x11\x00\x0d\x06\x45\x01"
  "\x01\x00\x11\x00\x0d\x07\x45\x01\x01\x00\x11\x00\x0d\x08\x45\x01\x01\x00\x11\x00"
  "\x0d\x09\x45\x01\x01\x00\x11\x00\x0d\x0a\x45\x01\x01\x00\x04\x00\x0d\x0b\x45\x01"
  "\x01\x00\x00\x00\x0d\x00\x45\x02\x00\x00\x03\x00\x0d\x01\x45\x02\x00\x00\x4e\x00"
  "\x0d\x02\x45\x02\x00\x00\x37\x00\x0d\x03\x45\x02\x00\x00\x11\x00\x0d\x04\x45\x02"
  "\x00\x00\x11\x00\x0d\x05\x45\x02\x00\x00\x11\x00\x0d\x06\x45\x02\x00\x00\x11\x00"
  "\x0d\x07\x45\x02\x00\x00\x11\x00\x0d\x08\x45\x02\x00\x00\x11\x00\x0d\x09\x45\x02"
  "\x00\x00\x11\x00\x0d\x0a\x45\x02\x00\x00\x04\x00\x0d\x0b\x45\x02\x00\x00\x00\x00"
  "\x0d\x00\x45\x02\x01\x00\x04\x00\x0d\x01\x45\x02\x01\x00\x25\x00\x0d\x02\x45\x02"
  "\x01\x00\x37\x00\x0d\x03\x45\x02\x01\x00\x11\x00\x0d\x04\x45\x02\x01\x00\x11\x00"
  "\x0d\x05\x45\x02\x01\x00\x11\x00\x0d\x06\x45\x02\x01\x00\x11\x00\x0d\x07\x45\x02"
  "\x01\x00\x11\x00\x0d\x08\x45\x02\x01\x00\x11\x00\x0d\x09\x45\x02\x01\x00\x11\x00"
  "\x0d\x0a\x45\x02\x01\x00\x04\x00\x0d\x0b\x45\x02\x01\x00\x00\x00";

#define NCASE 15222

