# exec/facts/lex-gen.tsv: written by exec/facts/export.py, do not edit
# input weights/gold/parse.tsv sha256:5baadefa0505a078
# input iterate/kernel/typekw.tsv sha256:ab1298936e98d1c7
# input weights/gold/lexcls.tsv sha256:17d9a11a96020e39
# input weights/gold/lexword.tsv sha256:7be8d0aba2fcc999
# input weights/gold/lex.tsv sha256:2896d54faa99bbca
# input exec/lex/spelling.tsv sha256:72e66f4a7321b776
# input exec/facts/lex-consts.tsv sha256:b03896de928c1404
# input exec/finite_rules.py sha256:b4582c2411a850a5
# input exec/facts/export.py sha256:3a9584429dfa9e10
=HANDLE	json	[{"state": "DISPATCH", "cls": "A", "act": "ident", "peek": [], "peekstate": [], "skip": [], "nl": [], "ident": [{}], "num": [], "str": [], "charlit": [], "cmt": [], "linecmt": [], "op": [], "bad": []}, {"state": "DISPATCH", "cls": "d", "act": "num", "peek": [], "peekstate": [], "skip": [], "nl": [], "ident": [], "num": [{}], "str": [], "charlit": [], "cmt": [], "linecmt": [], "op": [], "bad": []}, {"state": "DISPATCH", "cls": "eof", "act": "skip", "peek": [], "peekstate": [], "skip": [{}], "nl": [], "ident": [], "num": [], "str": [], "charlit": [], "cmt": [], "linecmt": [], "op": [], "bad": []}, {"state": "DISPATCH", "cls": "nl", "act": "nl", "peek": [], "peekstate": [], "skip": [], "nl": [{}], "ident": [], "num": [], "str": [], "charlit": [], "cmt": [], "linecmt": [], "op": [], "bad": []}, {"state": "DISPATCH", "cls": "other", "act": "bad", "peek": [], "peekstate": [], "skip": [], "nl": [], "ident": [], "num": [], "str": [], "charlit": [], "cmt": [], "linecmt": [], "op": [], "bad": [{}]}, {"state": "DISPATCH", "cls": "punct", "act": "op", "peek": [], "peekstate": [], "skip": [], "nl": [], "ident": [], "num": [], "str": [], "charlit": [], "cmt": [], "linecmt": [], "op": [{}], "bad": []}, {"state": "DISPATCH", "cls": "q", "act": "str", "peek": [], "peekstate": [], "skip": [], "nl": [], "ident": [], "num": [], "str": [{}], "charlit": [], "cmt": [], "linecmt": [], "op": [], "bad": []}, {"state": "DISPATCH", "cls": "sq", "act": "charlit", "peek": [], "peekstate": [], "skip": [], "nl": [], "ident": [], "num": [], "str": [], "charlit": [{}], "cmt": [], "linecmt": [], "op": [], "bad": []}, {"state": "DISPATCH", "cls": "star", "act": "op", "peek": [], "peekstate": [], "skip": [], "nl": [], "ident": [], "num": [], "str": [], "charlit": [], "cmt": [], "linecmt": [], "op": [{}], "bad": []}, {"state": "DISPATCH", "cls": "ws", "act": "skip", "peek": [], "peekstate": [], "skip": [{}], "nl": [], "ident": [], "num": [], "str": [], "charlit": [], "cmt": [], "linecmt": [], "op": [], "bad": []}, {"state": "H:op", "cls": "dot", "act": "op", "peek": [{"cls": "dot", "col": "other", "act": "op"}, {"cls": "dot", "col": "ws", "act": "op"}, {"cls": "dot", "col": "nl", "act": "op"}, {"cls": "dot", "col": "punct", "act": "op"}, {"cls": "dot", "col": "q", "act": "op"}, {"cls": "dot", "col": "sq", "act": "op"}, {"cls": "dot", "col": "star", "act": "op"}, {"cls": "dot", "col": "dot", "act": "op"}, {"cls": "dot", "col": "slash", "act": "op"}, {"cls": "dot", "col": "d", "act": "num"}, {"cls": "dot", "col": "A", "act": "op"}, {"cls": "dot", "col": "eof", "act": "op"}], "peekstate": [{"name": "dot"}], "skip": [], "nl": [], "ident": [], "num": [], "str": [], "charlit": [], "cmt": [], "linecmt": [], "op": [{}], "bad": []}, {"state": "H:num", "cls": "dot", "act": "num", "peek": [], "peekstate": [], "skip": [], "nl": [], "ident": [], "num": [{}], "str": [], "charlit": [], "cmt": [], "linecmt": [], "op": [], "bad": []}, {"state": "H:op", "cls": "slash", "act": "op", "peek": [{"cls": "slash", "col": "other", "act": "op"}, {"cls": "slash", "col": "ws", "act": "op"}, {"cls": "slash", "col": "nl", "act": "op"}, {"cls": "slash", "col": "punct", "act": "op"}, {"cls": "slash", "col": "q", "act": "op"}, {"cls": "slash", "col": "sq", "act": "op"}, {"cls": "slash", "col": "star", "act": "cmt"}, {"cls": "slash", "col": "dot", "act": "op"}, {"cls": "slash", "col": "slash", "act": "linecmt"}, {"cls": "slash", "col": "d", "act": "op"}, {"cls": "slash", "col": "A", "act": "op"}, {"cls": "slash", "col": "eof", "act": "op"}], "peekstate": [{"name": "slash"}], "skip": [], "nl": [], "ident": [], "num": [], "str": [], "charlit": [], "cmt": [], "linecmt": [], "op": [{}], "bad": []}, {"state": "H:cmt", "cls": "slash", "act": "cmt", "peek": [], "peekstate": [], "skip": [], "nl": [], "ident": [], "num": [], "str": [], "charlit": [], "cmt": [{}], "linecmt": [], "op": [], "bad": []}, {"state": "H:linecmt", "cls": "slash", "act": "linecmt", "peek": [], "peekstate": [], "skip": [], "nl": [], "ident": [], "num": [], "str": [], "charlit": [], "cmt": [], "linecmt": [{}], "op": [], "bad": []}]
=PEEKCLASS	json	[{"name": "dot"}, {"name": "slash"}]
=IDROOT	json	[{"name": "L", "last": 76, "word": "yes", "longest": 0, "children": []}, {"name": "U", "last": 85, "word": "yes", "longest": 1, "children": []}, {"name": "_", "last": 95, "word": "no", "longest": -1, "children": [{"name": "_B", "last": 66, "word": "no", "longest": -1, "children": [{"name": "_Bo", "last": 111, "word": "no", "longest": -1, "children": [{"name": "_Boo", "last": 111, "word": "no", "longest": -1, "children": [{"name": "_Bool", "last": 108, "word": "yes", "longest": 2, "children": []}]}]}]}, {"name": "__", "last": 95, "word": "no", "longest": -1, "children": [{"name": "__a", "last": 97, "word": "no", "longest": -1, "children": [{"name": "__as", "last": 115, "word": "no", "longest": -1, "children": [{"name": "__asm", "last": 109, "word": "no", "longest": -1, "children": [{"name": "__asm_", "last": 95, "word": "no", "longest": -1, "children": [{"name": "__asm__", "last": 95, "word": "yes", "longest": 3, "children": []}]}]}]}, {"name": "__at", "last": 116, "word": "no", "longest": -1, "children": [{"name": "__att", "last": 116, "word": "no", "longest": -1, "children": [{"name": "__attr", "last": 114, "word": "no", "longest": -1, "children": [{"name": "__attri", "last": 105, "word": "no", "longest": -1, "children": [{"name": "__attrib", "last": 98, "word": "no", "longest": -1, "children": [{"name": "__attribu", "last": 117, "word": "no", "longest": -1, "children": [{"name": "__attribut", "last": 116, "word": "no", "longest": -1, "children": [{"name": "__attribute", "last": 101, "word": "no", "longest": -1, "children": [{"name": "__attribute_", "last": 95, "word": "no", "longest": -1, "children": [{"name": "__attribute__", "last": 95, "word": "yes", "longest": 4, "children": []}]}]}]}]}]}]}]}]}]}]}, {"name": "__c", "last": 99, "word": "no", "longest": -1, "children": [{"name": "__co", "last": 111, "word": "no", "longest": -1, "children": [{"name": "__con", "last": 110, "word": "no", "longest": -1, "children": [{"name": "__cons", "last": 115, "word": "no", "longest": -1, "children": [{"name": "__const", "last": 116, "word": "yes", "longest": 5, "children": []}]}]}]}]}, {"name": "__e", "last": 101, "word": "no", "longest": -1, "children": [{"name": "__ex", "last": 120, "word": "no", "longest": -1, "children": [{"name": "__ext", "last": 116, "word": "no", "longest": -1, "children": [{"name": "__exte", "last": 101, "word": "no", "longest": -1, "children": [{"name": "__exten", "last": 110, "word": "no", "longest": -1, "children": [{"name": "__extens", "last": 115, "word": "no", "longest": -1, "children": [{"name": "__extensi", "last": 105, "word": "no", "longest": -1, "children": [{"name": "__extensio", "last": 111, "word": "no", "longest": -1, "children": [{"name": "__extension", "last": 110, "word": "no", "longest": -1, "children": [{"name": "__extension_", "last": 95, "word": "no", "longest": -1, "children": [{"name": "__extension__", "last": 95, "word": "yes", "longest": 6, "children": []}]}]}]}]}]}]}]}]}]}]}, {"name": "__i", "last": 105, "word": "no", "longest": -1, "children": [{"name": "__in", "last": 110, "word": "no", "longest": -1, "children": [{"name": "__inl", "last": 108, "word": "no", "longest": -1, "children": [{"name": "__inli", "last": 105, "word": "no", "longest": -1, "children": [{"name": "__inlin", "last": 110, "word": "no", "longest": -1, "children": [{"name": "__inline", "last": 101, "word": "yes", "longest": 7, "children": [{"name": "__inline_", "last": 95, "word": "no", "longest": 7, "children": [{"name": "__inline__", "last": 95, "word": "yes", "longest": 8, "children": []}]}]}]}]}]}]}]}, {"name": "__r", "last": 114, "word": "no", "longest": -1, "children": [{"name": "__re", "last": 101, "word": "no", "longest": -1, "children": [{"name": "__res", "last": 115, "word": "no", "longest": -1, "children": [{"name": "__rest", "last": 116, "word": "no", "longest": -1, "children": [{"name": "__restr", "last": 114, "word": "no", "longest": -1, "children": [{"name": "__restri", "last": 105, "word": "no", "longest": -1, "children": [{"name": "__restric", "last": 99, "word": "no", "longest": -1, "children": [{"name": "__restrict", "last": 116, "word": "yes", "longest": 9, "children": [{"name": "__restrict_", "last": 95, "word": "no", "longest": 9, "children": [{"name": "__restrict__", "last": 95, "word": "yes", "longest": 10, "children": []}]}]}]}]}]}]}]}]}]}, {"name": "__s", "last": 115, "word": "no", "longest": -1, "children": [{"name": "__si", "last": 105, "word": "no", "longest": -1, "children": [{"name": "__sig", "last": 103, "word": "no", "longest": -1, "children": [{"name": "__sign", "last": 110, "word": "no", "longest": -1, "children": [{"name": "__signe", "last": 101, "word": "no", "longest": -1, "children": [{"name": "__signed", "last": 100, "word": "no", "longest": -1, "children": [{"name": "__signed_", "last": 95, "word": "no", "longest": -1, "children": [{"name": "__signed__", "last": 95, "word": "yes", "longest": 11, "children": []}]}]}]}]}]}]}]}, {"name": "__v", "last": 118, "word": "no", "longest": -1, "children": [{"name": "__vo", "last": 111, "word": "no", "longest": -1, "children": [{"name": "__vol", "last": 108, "word": "no", "longest": -1, "children": [{"name": "__vola", "last": 97, "word": "no", "longest": -1, "children": [{"name": "__volat", "last": 116, "word": "no", "longest": -1, "children": [{"name": "__volati", "last": 105, "word": "no", "longest": -1, "children": [{"name": "__volatil", "last": 108, "word": "no", "longest": -1, "children": [{"name": "__volatile", "last": 101, "word": "no", "longest": -1, "children": [{"name": "__volatile_", "last": 95, "word": "no", "longest": -1, "children": [{"name": "__volatile__", "last": 95, "word": "yes", "longest": 12, "children": []}]}]}]}]}]}]}]}]}]}]}]}, {"name": "a", "last": 97, "word": "no", "longest": -1, "children": [{"name": "as", "last": 115, "word": "no", "longest": -1, "children": [{"name": "asm", "last": 109, "word": "yes", "longest": 13, "children": []}]}, {"name": "au", "last": 117, "word": "no", "longest": -1, "children": [{"name": "aut", "last": 116, "word": "no", "longest": -1, "children": [{"name": "auto", "last": 111, "word": "yes", "longest": 14, "children": []}]}]}]}, {"name": "b", "last": 98, "word": "no", "longest": -1, "children": [{"name": "br", "last": 114, "word": "no", "longest": -1, "children": [{"name": "bre", "last": 101, "word": "no", "longest": -1, "children": [{"name": "brea", "last": 97, "word": "no", "longest": -1, "children": [{"name": "break", "last": 107, "word": "yes", "longest": 15, "children": []}]}]}]}]}, {"name": "c", "last": 99, "word": "no", "longest": -1, "children": [{"name": "ca", "last": 97, "word": "no", "longest": -1, "children": [{"name": "cas", "last": 115, "word": "no", "longest": -1, "children": [{"name": "case", "last": 101, "word": "yes", "longest": 16, "children": []}]}]}, {"name": "ch", "last": 104, "word": "no", "longest": -1, "children": [{"name": "cha", "last": 97, "word": "no", "longest": -1, "children": [{"name": "char", "last": 114, "word": "yes", "longest": 17, "children": []}]}]}, {"name": "co", "last": 111, "word": "no", "longest": -1, "children": [{"name": "con", "last": 110, "word": "no", "longest": -1, "children": [{"name": "cons", "last": 115, "word": "no", "longest": -1, "children": [{"name": "const", "last": 116, "word": "yes", "longest": 18, "children": []}]}, {"name": "cont", "last": 116, "word": "no", "longest": -1, "children": [{"name": "conti", "last": 105, "word": "no", "longest": -1, "children": [{"name": "contin", "last": 110, "word": "no", "longest": -1, "children": [{"name": "continu", "last": 117, "word": "no", "longest": -1, "children": [{"name": "continue", "last": 101, "word": "yes", "longest": 19, "children": []}]}]}]}]}]}]}]}, {"name": "d", "last": 100, "word": "no", "longest": -1, "children": [{"name": "de", "last": 101, "word": "no", "longest": -1, "children": [{"name": "def", "last": 102, "word": "no", "longest": -1, "children": [{"name": "defa", "last": 97, "word": "no", "longest": -1, "children": [{"name": "defau", "last": 117, "word": "no", "longest": -1, "children": [{"name": "defaul", "last": 108, "word": "no", "longest": -1, "children": [{"name": "default", "last": 116, "word": "yes", "longest": 20, "children": []}]}]}]}]}]}, {"name": "do", "last": 111, "word": "yes", "longest": 21, "children": [{"name": "dou", "last": 117, "word": "no", "longest": 21, "children": [{"name": "doub", "last": 98, "word": "no", "longest": 21, "children": [{"name": "doubl", "last": 108, "word": "no", "longest": 21, "children": [{"name": "double", "last": 101, "word": "yes", "longest": 22, "children": []}]}]}]}]}]}, {"name": "e", "last": 101, "word": "no", "longest": -1, "children": [{"name": "el", "last": 108, "word": "no", "longest": -1, "children": [{"name": "els", "last": 115, "word": "no", "longest": -1, "children": [{"name": "else", "last": 101, "word": "yes", "longest": 23, "children": []}]}]}, {"name": "en", "last": 110, "word": "no", "longest": -1, "children": [{"name": "enu", "last": 117, "word": "no", "longest": -1, "children": [{"name": "enum", "last": 109, "word": "yes", "longest": 24, "children": []}]}]}, {"name": "eo", "last": 111, "word": "no", "longest": -1, "children": [{"name": "eof", "last": 102, "word": "yes", "longest": 25, "children": []}]}, {"name": "ex", "last": 120, "word": "no", "longest": -1, "children": [{"name": "ext", "last": 116, "word": "no", "longest": -1, "children": [{"name": "exte", "last": 101, "word": "no", "longest": -1, "children": [{"name": "exter", "last": 114, "word": "no", "longest": -1, "children": [{"name": "extern", "last": 110, "word": "yes", "longest": 26, "children": []}]}]}]}]}]}, {"name": "f", "last": 102, "word": "no", "longest": -1, "children": [{"name": "fl", "last": 108, "word": "no", "longest": -1, "children": [{"name": "flo", "last": 111, "word": "no", "longest": -1, "children": [{"name": "floa", "last": 97, "word": "no", "longest": -1, "children": [{"name": "float", "last": 116, "word": "yes", "longest": 27, "children": []}]}]}]}, {"name": "fo", "last": 111, "word": "no", "longest": -1, "children": [{"name": "for", "last": 114, "word": "yes", "longest": 28, "children": []}]}]}, {"name": "g", "last": 103, "word": "no", "longest": -1, "children": [{"name": "go", "last": 111, "word": "no", "longest": -1, "children": [{"name": "got", "last": 116, "word": "no", "longest": -1, "children": [{"name": "goto", "last": 111, "word": "yes", "longest": 29, "children": []}]}]}]}, {"name": "i", "last": 105, "word": "no", "longest": -1, "children": [{"name": "id", "last": 100, "word": "yes", "longest": 30, "children": []}, {"name": "if", "last": 102, "word": "yes", "longest": 31, "children": []}, {"name": "in", "last": 110, "word": "no", "longest": -1, "children": [{"name": "inl", "last": 108, "word": "no", "longest": -1, "children": [{"name": "inli", "last": 105, "word": "no", "longest": -1, "children": [{"name": "inlin", "last": 110, "word": "no", "longest": -1, "children": [{"name": "inline", "last": 101, "word": "yes", "longest": 32, "children": []}]}]}]}, {"name": "int", "last": 116, "word": "yes", "longest": 33, "children": []}]}]}, {"name": "l", "last": 108, "word": "no", "longest": -1, "children": [{"name": "lo", "last": 111, "word": "no", "longest": -1, "children": [{"name": "lon", "last": 110, "word": "no", "longest": -1, "children": [{"name": "long", "last": 103, "word": "yes", "longest": 34, "children": []}]}]}]}, {"name": "n", "last": 110, "word": "no", "longest": -1, "children": [{"name": "nu", "last": 117, "word": "no", "longest": -1, "children": [{"name": "num", "last": 109, "word": "yes", "longest": 35, "children": []}]}]}, {"name": "r", "last": 114, "word": "no", "longest": -1, "children": [{"name": "re", "last": 101, "word": "no", "longest": -1, "children": [{"name": "reg", "last": 103, "word": "no", "longest": -1, "children": [{"name": "regi", "last": 105, "word": "no", "longest": -1, "children": [{"name": "regis", "last": 115, "word": "no", "longest": -1, "children": [{"name": "regist", "last": 116, "word": "no", "longest": -1, "children": [{"name": "registe", "last": 101, "word": "no", "longest": -1, "children": [{"name": "register", "last": 114, "word": "yes", "longest": 36, "children": []}]}]}]}]}]}, {"name": "res", "last": 115, "word": "no", "longest": -1, "children": [{"name": "rest", "last": 116, "word": "no", "longest": -1, "children": [{"name": "restr", "last": 114, "word": "no", "longest": -1, "children": [{"name": "restri", "last": 105, "word": "no", "longest": -1, "children": [{"name": "restric", "last": 99, "word": "no", "longest": -1, "children": [{"name": "restrict", "last": 116, "word": "yes", "longest": 37, "children": []}]}]}]}]}]}, {"name": "ret", "last": 116, "word": "no", "longest": -1, "children": [{"name": "retu", "last": 117, "word": "no", "longest": -1, "children": [{"name": "retur", "last": 114, "word": "no", "longest": -1, "children": [{"name": "return", "last": 110, "word": "yes", "longest": 38, "children": []}]}]}]}]}]}, {"name": "s", "last": 115, "word": "no", "longest": -1, "children": [{"name": "sh", "last": 104, "word": "no", "longest": -1, "children": [{"name": "sho", "last": 111, "word": "no", "longest": -1, "children": [{"name": "shor", "last": 114, "word": "no", "longest": -1, "children": [{"name": "short", "last": 116, "word": "yes", "longest": 39, "children": []}]}]}]}, {"name": "si", "last": 105, "word": "no", "longest": -1, "children": [{"name": "sig", "last": 103, "word": "no", "longest": -1, "children": [{"name": "sign", "last": 110, "word": "no", "longest": -1, "children": [{"name": "signe", "last": 101, "word": "no", "longest": -1, "children": [{"name": "signed", "last": 100, "word": "yes", "longest": 40, "children": []}]}]}]}, {"name": "siz", "last": 122, "word": "no", "longest": -1, "children": [{"name": "size", "last": 101, "word": "no", "longest": -1, "children": [{"name": "sizeo", "last": 111, "word": "no", "longest": -1, "children": [{"name": "sizeof", "last": 102, "word": "yes", "longest": 41, "children": []}]}]}]}]}, {"name": "st", "last": 116, "word": "no", "longest": -1, "children": [{"name": "sta", "last": 97, "word": "no", "longest": -1, "children": [{"name": "stat", "last": 116, "word": "no", "longest": -1, "children": [{"name": "stati", "last": 105, "word": "no", "longest": -1, "children": [{"name": "static", "last": 99, "word": "yes", "longest": 42, "children": []}]}]}]}, {"name": "str", "last": 114, "word": "yes", "longest": 43, "children": [{"name": "stru", "last": 117, "word": "no", "longest": 43, "children": [{"name": "struc", "last": 99, "word": "no", "longest": 43, "children": [{"name": "struct", "last": 116, "word": "yes", "longest": 44, "children": []}]}]}]}]}, {"name": "sw", "last": 119, "word": "no", "longest": -1, "children": [{"name": "swi", "last": 105, "word": "no", "longest": -1, "children": [{"name": "swit", "last": 116, "word": "no", "longest": -1, "children": [{"name": "switc", "last": 99, "word": "no", "longest": -1, "children": [{"name": "switch", "last": 104, "word": "yes", "longest": 45, "children": []}]}]}]}]}]}, {"name": "t", "last": 116, "word": "no", "longest": -1, "children": [{"name": "ty", "last": 121, "word": "no", "longest": -1, "children": [{"name": "typ", "last": 112, "word": "no", "longest": -1, "children": [{"name": "type", "last": 101, "word": "yes", "longest": 46, "children": [{"name": "typed", "last": 100, "word": "no", "longest": 46, "children": [{"name": "typede", "last": 101, "word": "no", "longest": 46, "children": [{"name": "typedef", "last": 102, "word": "yes", "longest": 47, "children": []}]}]}]}]}]}]}, {"name": "u", "last": 117, "word": "yes", "longest": 48, "children": [{"name": "u8", "last": 56, "word": "yes", "longest": 49, "children": []}, {"name": "un", "last": 110, "word": "no", "longest": 48, "children": [{"name": "uni", "last": 105, "word": "no", "longest": 48, "children": [{"name": "unio", "last": 111, "word": "no", "longest": 48, "children": [{"name": "union", "last": 110, "word": "yes", "longest": 50, "children": []}]}]}, {"name": "uns", "last": 115, "word": "no", "longest": 48, "children": [{"name": "unsi", "last": 105, "word": "no", "longest": 48, "children": [{"name": "unsig", "last": 103, "word": "no", "longest": 48, "children": [{"name": "unsign", "last": 110, "word": "no", "longest": 48, "children": [{"name": "unsigne", "last": 101, "word": "no", "longest": 48, "children": [{"name": "unsigned", "last": 100, "word": "yes", "longest": 51, "children": []}]}]}]}]}]}]}]}, {"name": "v", "last": 118, "word": "no", "longest": -1, "children": [{"name": "vo", "last": 111, "word": "no", "longest": -1, "children": [{"name": "voi", "last": 105, "word": "no", "longest": -1, "children": [{"name": "void", "last": 100, "word": "yes", "longest": 52, "children": []}]}, {"name": "vol", "last": 108, "word": "no", "longest": -1, "children": [{"name": "vola", "last": 97, "word": "no", "longest": -1, "children": [{"name": "volat", "last": 116, "word": "no", "longest": -1, "children": [{"name": "volati", "last": 105, "word": "no", "longest": -1, "children": [{"name": "volatil", "last": 108, "word": "no", "longest": -1, "children": [{"name": "volatile", "last": 101, "word": "yes", "longest": 53, "children": []}]}]}]}]}]}]}]}, {"name": "w", "last": 119, "word": "no", "longest": -1, "children": [{"name": "wh", "last": 104, "word": "no", "longest": -1, "children": [{"name": "whi", "last": 105, "word": "no", "longest": -1, "children": [{"name": "whil", "last": 108, "word": "no", "longest": -1, "children": [{"name": "while", "last": 101, "word": "yes", "longest": 54, "children": []}]}]}]}]}]
=OPROOT	json	[{"name": "!", "last": 33, "word": "yes", "longest": 48, "children": [{"name": "!=", "last": 61, "word": "yes", "longest": 41, "children": []}]}, {"name": "%", "last": 37, "word": "yes", "longest": 39, "children": [{"name": "%=", "last": 61, "word": "yes", "longest": 61, "children": []}]}, {"name": "&", "last": 38, "word": "yes", "longest": 49, "children": [{"name": "&&", "last": 38, "word": "yes", "longest": 46, "children": []}, {"name": "&=", "last": 61, "word": "yes", "longest": 62, "children": []}]}, {"name": "(", "last": 40, "word": "yes", "longest": 22, "children": []}, {"name": ")", "last": 41, "word": "yes", "longest": 23, "children": []}, {"name": "*", "last": 42, "word": "yes", "longest": 37, "children": [{"name": "*=", "last": 61, "word": "yes", "longest": 31, "children": []}]}, {"name": "+", "last": 43, "word": "yes", "longest": 35, "children": [{"name": "++", "last": 43, "word": "yes", "longest": 50, "children": []}, {"name": "+=", "last": 61, "word": "yes", "longest": 29, "children": []}]}, {"name": ",", "last": 44, "word": "yes", "longest": 27, "children": []}, {"name": "-", "last": 45, "word": "yes", "longest": 36, "children": [{"name": "--", "last": 45, "word": "yes", "longest": 51, "children": []}, {"name": "-=", "last": 61, "word": "yes", "longest": 30, "children": []}, {"name": "->", "last": 62, "word": "yes", "longest": 53, "children": []}]}, {"name": ".", "last": 46, "word": "yes", "longest": 52, "children": [{"name": "..", "last": 46, "word": "no", "longest": 52, "children": [{"name": "...", "last": 46, "word": "yes", "longest": 67, "children": []}]}]}, {"name": "/", "last": 47, "word": "yes", "longest": 38, "children": [{"name": "/=", "last": 61, "word": "yes", "longest": 32, "children": []}]}, {"name": ":", "last": 58, "word": "yes", "longest": 34, "children": []}, {"name": ";", "last": 59, "word": "yes", "longest": 26, "children": []}, {"name": "<", "last": 60, "word": "yes", "longest": 42, "children": [{"name": "<<", "last": 60, "word": "yes", "longest": 57, "children": [{"name": "<<=", "last": 61, "word": "yes", "longest": 65, "children": []}]}, {"name": "<=", "last": 61, "word": "yes", "longest": 44, "children": []}]}, {"name": "=", "last": 61, "word": "yes", "longest": 28, "children": [{"name": "==", "last": 61, "word": "yes", "longest": 40, "children": []}]}, {"name": ">", "last": 62, "word": "yes", "longest": 43, "children": [{"name": ">=", "last": 61, "word": "yes", "longest": 45, "children": []}, {"name": ">>", "last": 62, "word": "yes", "longest": 58, "children": [{"name": ">>=", "last": 61, "word": "yes", "longest": 66, "children": []}]}]}, {"name": "?", "last": 63, "word": "yes", "longest": 33, "children": []}, {"name": "[", "last": 91, "word": "yes", "longest": 24, "children": []}, {"name": "]", "last": 93, "word": "yes", "longest": 25, "children": []}, {"name": "^", "last": 94, "word": "yes", "longest": 56, "children": [{"name": "^=", "last": 61, "word": "yes", "longest": 64, "children": []}]}, {"name": "{", "last": 123, "word": "yes", "longest": 20, "children": []}, {"name": "|", "last": 124, "word": "yes", "longest": 55, "children": [{"name": "|=", "last": 61, "word": "yes", "longest": 63, "children": []}, {"name": "||", "last": 124, "word": "yes", "longest": 47, "children": []}]}, {"name": "}", "last": 125, "word": "yes", "longest": 21, "children": []}, {"name": "~", "last": 126, "word": "yes", "longest": 60, "children": []}]
=IDPFX	json	[{"name": "L", "last": 76, "word": "yes", "longest": 0, "children": [], "kind": 2, "ifskip": [], "ifdrop": [], "iftoken": [{}], "ifpfxch": [{}], "ifpfxstr": [{}]}, {"name": "U", "last": 85, "word": "yes", "longest": 1, "children": [], "kind": 2, "ifskip": [], "ifdrop": [], "iftoken": [{}], "ifpfxch": [{}], "ifpfxstr": [{}]}, {"name": "_", "last": 95, "word": "no", "longest": -1, "children": [{"name": "_B", "last": 66, "word": "no", "longest": -1, "children": [{"name": "_Bo", "last": 111, "word": "no", "longest": -1, "children": [{"name": "_Boo", "last": 111, "word": "no", "longest": -1, "children": [{"name": "_Bool", "last": 108, "word": "yes", "longest": 2, "children": []}]}]}]}, {"name": "__", "last": 95, "word": "no", "longest": -1, "children": [{"name": "__a", "last": 97, "word": "no", "longest": -1, "children": [{"name": "__as", "last": 115, "word": "no", "longest": -1, "children": [{"name": "__asm", "last": 109, "word": "no", "longest": -1, "children": [{"name": "__asm_", "last": 95, "word": "no", "longest": -1, "children": [{"name": "__asm__", "last": 95, "word": "yes", "longest": 3, "children": []}]}]}]}, {"name": "__at", "last": 116, "word": "no", "longest": -1, "children": [{"name": "__att", "last": 116, "word": "no", "longest": -1, "children": [{"name": "__attr", "last": 114, "word": "no", "longest": -1, "children": [{"name": "__attri", "last": 105, "word": "no", "longest": -1, "children": [{"name": "__attrib", "last": 98, "word": "no", "longest": -1, "children": [{"name": "__attribu", "last": 117, "word": "no", "longest": -1, "children": [{"name": "__attribut", "last": 116, "word": "no", "longest": -1, "children": [{"name": "__attribute", "last": 101, "word": "no", "longest": -1, "children": [{"name": "__attribute_", "last": 95, "word": "no", "longest": -1, "children": [{"name": "__attribute__", "last": 95, "word": "yes", "longest": 4, "children": []}]}]}]}]}]}]}]}]}]}]}, {"name": "__c", "last": 99, "word": "no", "longest": -1, "children": [{"name": "__co", "last": 111, "word": "no", "longest": -1, "children": [{"name": "__con", "last": 110, "word": "no", "longest": -1, "children": [{"name": "__cons", "last": 115, "word": "no", "longest": -1, "children": [{"name": "__const", "last": 116, "word": "yes", "longest": 5, "children": []}]}]}]}]}, {"name": "__e", "last": 101, "word": "no", "longest": -1, "children": [{"name": "__ex", "last": 120, "word": "no", "longest": -1, "children": [{"name": "__ext", "last": 116, "word": "no", "longest": -1, "children": [{"name": "__exte", "last": 101, "word": "no", "longest": -1, "children": [{"name": "__exten", "last": 110, "word": "no", "longest": -1, "children": [{"name": "__extens", "last": 115, "word": "no", "longest": -1, "children": [{"name": "__extensi", "last": 105, "word": "no", "longest": -1, "children": [{"name": "__extensio", "last": 111, "word": "no", "longest": -1, "children": [{"name": "__extension", "last": 110, "word": "no", "longest": -1, "children": [{"name": "__extension_", "last": 95, "word": "no", "longest": -1, "children": [{"name": "__extension__", "last": 95, "word": "yes", "longest": 6, "children": []}]}]}]}]}]}]}]}]}]}]}, {"name": "__i", "last": 105, "word": "no", "longest": -1, "children": [{"name": "__in", "last": 110, "word": "no", "longest": -1, "children": [{"name": "__inl", "last": 108, "word": "no", "longest": -1, "children": [{"name": "__inli", "last": 105, "word": "no", "longest": -1, "children": [{"name": "__inlin", "last": 110, "word": "no", "longest": -1, "children": [{"name": "__inline", "last": 101, "word": "yes", "longest": 7, "children": [{"name": "__inline_", "last": 95, "word": "no", "longest": 7, "children": [{"name": "__inline__", "last": 95, "word": "yes", "longest": 8, "children": []}]}]}]}]}]}]}]}, {"name": "__r", "last": 114, "word": "no", "longest": -1, "children": [{"name": "__re", "last": 101, "word": "no", "longest": -1, "children": [{"name": "__res", "last": 115, "word": "no", "longest": -1, "children": [{"name": "__rest", "last": 116, "word": "no", "longest": -1, "children": [{"name": "__restr", "last": 114, "word": "no", "longest": -1, "children": [{"name": "__restri", "last": 105, "word": "no", "longest": -1, "children": [{"name": "__restric", "last": 99, "word": "no", "longest": -1, "children": [{"name": "__restrict", "last": 116, "word": "yes", "longest": 9, "children": [{"name": "__restrict_", "last": 95, "word": "no", "longest": 9, "children": [{"name": "__restrict__", "last": 95, "word": "yes", "longest": 10, "children": []}]}]}]}]}]}]}]}]}]}, {"name": "__s", "last": 115, "word": "no", "longest": -1, "children": [{"name": "__si", "last": 105, "word": "no", "longest": -1, "children": [{"name": "__sig", "last": 103, "word": "no", "longest": -1, "children": [{"name": "__sign", "last": 110, "word": "no", "longest": -1, "children": [{"name": "__signe", "last": 101, "word": "no", "longest": -1, "children": [{"name": "__signed", "last": 100, "word": "no", "longest": -1, "children": [{"name": "__signed_", "last": 95, "word": "no", "longest": -1, "children": [{"name": "__signed__", "last": 95, "word": "yes", "longest": 11, "children": []}]}]}]}]}]}]}]}, {"name": "__v", "last": 118, "word": "no", "longest": -1, "children": [{"name": "__vo", "last": 111, "word": "no", "longest": -1, "children": [{"name": "__vol", "last": 108, "word": "no", "longest": -1, "children": [{"name": "__vola", "last": 97, "word": "no", "longest": -1, "children": [{"name": "__volat", "last": 116, "word": "no", "longest": -1, "children": [{"name": "__volati", "last": 105, "word": "no", "longest": -1, "children": [{"name": "__volatil", "last": 108, "word": "no", "longest": -1, "children": [{"name": "__volatile", "last": 101, "word": "no", "longest": -1, "children": [{"name": "__volatile_", "last": 95, "word": "no", "longest": -1, "children": [{"name": "__volatile__", "last": 95, "word": "yes", "longest": 12, "children": []}]}]}]}]}]}]}]}]}]}]}], "kind": 2, "ifskip": [], "ifdrop": [], "iftoken": [{}], "ifpfxch": [], "ifpfxstr": []}, {"name": "_B", "last": 66, "word": "no", "longest": -1, "children": [{"name": "_Bo", "last": 111, "word": "no", "longest": -1, "children": [{"name": "_Boo", "last": 111, "word": "no", "longest": -1, "children": [{"name": "_Bool", "last": 108, "word": "yes", "longest": 2, "children": []}]}]}], "kind": 2, "ifskip": [], "ifdrop": [], "iftoken": [{}], "ifpfxch": [], "ifpfxstr": []}, {"name": "_Bo", "last": 111, "word": "no", "longest": -1, "children": [{"name": "_Boo", "last": 111, "word": "no", "longest": -1, "children": [{"name": "_Bool", "last": 108, "word": "yes", "longest": 2, "children": []}]}], "kind": 2, "ifskip": [], "ifdrop": [], "iftoken": [{}], "ifpfxch": [], "ifpfxstr": []}, {"name": "_Boo", "last": 111, "word": "no", "longest": -1, "children": [{"name": "_Bool", "last": 108, "word": "yes", "longest": 2, "children": []}], "kind": 2, "ifskip": [], "ifdrop": [], "iftoken": [{}], "ifpfxch": [], "ifpfxstr": []}, {"name": "_Bool", "last": 108, "word": "yes", "longest": 2, "children": [], "kind": 1, "ifskip": [], "ifdrop": [], "iftoken": [{}], "ifpfxch": [], "ifpfxstr": []}, {"name": "__", "last": 95, "word": "no", "longest": -1, "children": [{"name": "__a", "last": 97, "word": "no", "longest": -1, "children": [{"name": "__as", "last": 115, "word": "no", "longest": -1, "children": [{"name": "__asm", "last": 109, "word": "no", "longest": -1, "children": [{"name": "__asm_", "last": 95, "word": "no", "longest": -1, "children": [{"name": "__asm__", "last": 95, "word": "yes", "longest": 3, "children": []}]}]}]}, {"name": "__at", "last": 116, "word": "no", "longest": -1, "children": [{"name": "__att", "last": 116, "word": "no", "longest": -1, "children": [{"name": "__attr", "last": 114, "word": "no", "longest": -1, "children": [{"name": "__attri", "last": 105, "word": "no", "longest": -1, "children": [{"name": "__attrib", "last": 98, "word": "no", "longest": -1, "children": [{"name": "__attribu", "last": 117, "word": "no", "longest": -1, "children": [{"name": "__attribut", "last": 116, "word": "no", "longest": -1, "children": [{"name": "__attribute", "last": 101, "word": "no", "longest": -1, "children": [{"name": "__attribute_", "last": 95, "word": "no", "longest": -1, "children": [{"name": "__attribute__", "last": 95, "word": "yes", "longest": 4, "children": []}]}]}]}]}]}]}]}]}]}]}, {"name": "__c", "last": 99, "word": "no", "longest": -1, "children": [{"name": "__co", "last": 111, "word": "no", "longest": -1, "children": [{"name": "__con", "last": 110, "word": "no", "longest": -1, "children": [{"name": "__cons", "last": 115, "word": "no", "longest": -1, "children": [{"name": "__const", "last": 116, "word": "yes", "longest": 5, "children": []}]}]}]}]}, {"name": "__e", "last": 101, "word": "no", "longest": -1, "children": [{"name": "__ex", "last": 120, "word": "no", "longest": -1, "children": [{"name": "__ext", "last": 116, "word": "no", "longest": -1, "children": [{"name": "__exte", "last": 101, "word": "no", "longest": -1, "children": [{"name": "__exten", "last": 110, "word": "no", "longest": -1, "children": [{"name": "__extens", "last": 115, "word": "no", "longest": -1, "children": [{"name": "__extensi", "last": 105, "word": "no", "longest": -1, "children": [{"name": "__extensio", "last": 111, "word": "no", "longest": -1, "children": [{"name": "__extension", "last": 110, "word": "no", "longest": -1, "children": [{"name": "__extension_", "last": 95, "word": "no", "longest": -1, "children": [{"name": "__extension__", "last": 95, "word": "yes", "longest": 6, "children": []}]}]}]}]}]}]}]}]}]}]}, {"name": "__i", "last": 105, "word": "no", "longest": -1, "children": [{"name": "__in", "last": 110, "word": "no", "longest": -1, "children": [{"name": "__inl", "last": 108, "word": "no", "longest": -1, "children": [{"name": "__inli", "last": 105, "word": "no", "longest": -1, "children": [{"name": "__inlin", "last": 110, "word": "no", "longest": -1, "children": [{"name": "__inline", "last": 101, "word": "yes", "longest": 7, "children": [{"name": "__inline_", "last": 95, "word": "no", "longest": 7, "children": [{"name": "__inline__", "last": 95, "word": "yes", "longest": 8, "children": []}]}]}]}]}]}]}]}, {"name": "__r", "last": 114, "word": "no", "longest": -1, "children": [{"name": "__re", "last": 101, "word": "no", "longest": -1, "children": [{"name": "__res", "last": 115, "word": "no", "longest": -1, "children": [{"name": "__rest", "last": 116, "word": "no", "longest": -1, "children": [{"name": "__restr", "last": 114, "word": "no", "longest": -1, "children": [{"name": "__restri", "last": 105, "word": "no", "longest": -1, "children": [{"name": "__restric", "last": 99, "word": "no", "longest": -1, "children": [{"name": "__restrict", "last": 116, "word": "yes", "longest": 9, "children": [{"name": "__restrict_", "last": 95, "word": "no", "longest": 9, "children": [{"name": "__restrict__", "last": 95, "word": "yes", "longest": 10, "children": []}]}]}]}]}]}]}]}]}]}, {"name": "__s", "last": 115, "word": "no", "longest": -1, "children": [{"name": "__si", "last": 105, "word": "no", "longest": -1, "children": [{"name": "__sig", "last": 103, "word": "no", "longest": -1, "children": [{"name": "__sign", "last": 110, "word": "no", "longest": -1, "children": [{"name": "__signe", "last": 101, "word": "no", "longest": -1, "children": [{"name": "__signed", "last": 100, "word": "no", "longest": -1, "children": [{"name": "__signed_", "last": 95, "word": "no", "longest": -1, "children": [{"name": "__signed__", "last": 95, "word": "yes", "longest": 11, "children": []}]}]}]}]}]}]}]}, {"name": "__v", "last": 118, "word": "no", "longest": -1, "children": [{"name": "__vo", "last": 111, "word": "no", "longest": -1, "children": [{"name": "__vol", "last": 108, "word": "no", "longest": -1, "children": [{"name": "__vola", "last": 97, "word": "no", "longest": -1, "children": [{"name": "__volat", "last": 116, "word": "no", "longest": -1, "children": [{"name": "__volati", "last": 105, "word": "no", "longest": -1, "children": [{"name": "__volatil", "last": 108, "word": "no", "longest": -1, "children": [{"name": "__volatile", "last": 101, "word": "no", "longest": -1, "children": [{"name": "__volatile_", "last": 95, "word": "no", "longest": -1, "children": [{"name": "__volatile__", "last": 95, "word": "yes", "longest": 12, "children": []}]}]}]}]}]}]}]}]}]}], "kind": 2, "ifskip": [], "ifdrop": [], "iftoken": [{}], "ifpfxch": [], "ifpfxstr": []}, {"name": "__a", "last": 97, "word": "no", "longest": -1, "children": [{"name": "__as", "last": 115, "word": "no", "longest": -1, "children": [{"name": "__asm", "last": 109, "word": "no", "longest": -1, "children": [{"name": "__asm_", "last": 95, "word": "no", "longest": -1, "children": [{"name": "__asm__", "last": 95, "word": "yes", "longest": 3, "children": []}]}]}]}, {"name": "__at", "last": 116, "word": "no", "longest": -1, "children": [{"name": "__att", "last": 116, "word": "no", "longest": -1, "children": [{"name": "__attr", "last": 114, "word": "no", "longest": -1, "children": [{"name": "__attri", "last": 105, "word": "no", "longest": -1, "children": [{"name": "__attrib", "last": 98, "word": "no", "longest": -1, "children": [{"name": "__attribu", "last": 117, "word": "no", "longest": -1, "children": [{"name": "__attribut", "last": 116, "word": "no", "longest": -1, "children": [{"name": "__attribute", "last": 101, "word": "no", "longest": -1, "children": [{"name": "__attribute_", "last": 95, "word": "no", "longest": -1, "children": [{"name": "__attribute__", "last": 95, "word": "yes", "longest": 4, "children": []}]}]}]}]}]}]}]}]}]}], "kind": 2, "ifskip": [], "ifdrop": [], "iftoken": [{}], "ifpfxch": [], "ifpfxstr": []}, {"name": "__as", "last": 115, "word": "no", "longest": -1, "children": [{"name": "__asm", "last": 109, "word": "no", "longest": -1, "children": [{"name": "__asm_", "last": 95, "word": "no", "longest": -1, "children": [{"name": "__asm__", "last": 95, "word": "yes", "longest": 3, "children": []}]}]}], "kind": 2, "ifskip": [], "ifdrop": [], "iftoken": [{}], "ifpfxch": [], "ifpfxstr": []}, {"name": "__asm", "last": 109, "word": "no", "longest": -1, "children": [{"name": "__asm_", "last": 95, "word": "no", "longest": -1, "children": [{"name": "__asm__", "last": 95, "word": "yes", "longest": 3, "children": []}]}], "kind": 2, "ifskip": [], "ifdrop": [], "iftoken": [{}], "ifpfxch": [], "ifpfxstr": []}, {"name": "__asm_", "last": 95, "word": "no", "longest": -1, "children": [{"name": "__asm__", "last": 95, "word": "yes", "longest": 3, "children": []}], "kind": 2, "ifskip": [], "ifdrop": [], "iftoken": [{}], "ifpfxch": [], "ifpfxstr": []}, {"name": "__asm__", "last": 95, "word": "yes", "longest": 3, "children": [], "kind": 2, "ifskip": [{}], "ifdrop": [], "iftoken": [], "ifpfxch": [], "ifpfxstr": []}, {"name": "__at", "last": 116, "word": "no", "longest": -1, "children": [{"name": "__att", "last": 116, "word": "no", "longest": -1, "children": [{"name": "__attr", "last": 114, "word": "no", "longest": -1, "children": [{"name": "__attri", "last": 105, "word": "no", "longest": -1, "children": [{"name": "__attrib", "last": 98, "word": "no", "longest": -1, "children": [{"name": "__attribu", "last": 117, "word": "no", "longest": -1, "children": [{"name": "__attribut", "last": 116, "word": "no", "longest": -1, "children": [{"name": "__attribute", "last": 101, "word": "no", "longest": -1, "children": [{"name": "__attribute_", "last": 95, "word": "no", "longest": -1, "children": [{"name": "__attribute__", "last": 95, "word": "yes", "longest": 4, "children": []}]}]}]}]}]}]}]}]}], "kind": 2, "ifskip": [], "ifdrop": [], "iftoken": [{}], "ifpfxch": [], "ifpfxstr": []}, {"name": "__att", "last": 116, "word": "no", "longest": -1, "children": [{"name": "__attr", "last": 114, "word": "no", "longest": -1, "children": [{"name": "__attri", "last": 105, "word": "no", "longest": -1, "children": [{"name": "__attrib", "last": 98, "word": "no", "longest": -1, "children": [{"name": "__attribu", "last": 117, "word": "no", "longest": -1, "children": [{"name": "__attribut", "last": 116, "word": "no", "longest": -1, "children": [{"name": "__attribute", "last": 101, "word": "no", "longest": -1, "children": [{"name": "__attribute_", "last": 95, "word": "no", "longest": -1, "children": [{"name": "__attribute__", "last": 95, "word": "yes", "longest": 4, "children": []}]}]}]}]}]}]}]}], "kind": 2, "ifskip": [], "ifdrop": [], "iftoken": [{}], "ifpfxch": [], "ifpfxstr": []}, {"name": "__attr", "last": 114, "word": "no", "longest": -1, "children": [{"name": "__attri", "last": 105, "word": "no", "longest": -1, "children": [{"name": "__attrib", "last": 98, "word": "no", "longest": -1, "children": [{"name": "__attribu", "last": 117, "word": "no", "longest": -1, "children": [{"name": "__attribut", "last": 116, "word": "no", "longest": -1, "children": [{"name": "__attribute", "last": 101, "word": "no", "longest": -1, "children": [{"name": "__attribute_", "last": 95, "word": "no", "longest": -1, "children": [{"name": "__attribute__", "last": 95, "word": "yes", "longest": 4, "children": []}]}]}]}]}]}]}], "kind": 2, "ifskip": [], "ifdrop": [], "iftoken": [{}], "ifpfxch": [], "ifpfxstr": []}, {"name": "__attri", "last": 105, "word": "no", "longest": -1, "children": [{"name": "__attrib", "last": 98, "word": "no", "longest": -1, "children": [{"name": "__attribu", "last": 117, "word": "no", "longest": -1, "children": [{"name": "__attribut", "last": 116, "word": "no", "longest": -1, "children": [{"name": "__attribute", "last": 101, "word": "no", "longest": -1, "children": [{"name": "__attribute_", "last": 95, "word": "no", "longest": -1, "children": [{"name": "__attribute__", "last": 95, "word": "yes", "longest": 4, "children": []}]}]}]}]}]}], "kind": 2, "ifskip": [], "ifdrop": [], "iftoken": [{}], "ifpfxch": [], "ifpfxstr": []}, {"name": "__attrib", "last": 98, "word": "no", "longest": -1, "children": [{"name": "__attribu", "last": 117, "word": "no", "longest": -1, "children": [{"name": "__attribut", "last": 116, "word": "no", "longest": -1, "children": [{"name": "__attribute", "last": 101, "word": "no", "longest": -1, "children": [{"name": "__attribute_", "last": 95, "word": "no", "longest": -1, "children": [{"name": "__attribute__", "last": 95, "word": "yes", "longest": 4, "children": []}]}]}]}]}], "kind": 2, "ifskip": [], "ifdrop": [], "iftoken": [{}], "ifpfxch": [], "ifpfxstr": []}, {"name": "__attribu", "last": 117, "word": "no", "longest": -1, "children": [{"name": "__attribut", "last": 116, "word": "no", "longest": -1, "children": [{"name": "__attribute", "last": 101, "word": "no", "longest": -1, "children": [{"name": "__attribute_", "last": 95, "word": "no", "longest": -1, "children": [{"name": "__attribute__", "last": 95, "word": "yes", "longest": 4, "children": []}]}]}]}], "kind": 2, "ifskip": [], "ifdrop": [], "iftoken": [{}], "ifpfxch": [], "ifpfxstr": []}, {"name": "__attribut", "last": 116, "word": "no", "longest": -1, "children": [{"name": "__attribute", "last": 101, "word": "no", "longest": -1, "children": [{"name": "__attribute_", "last": 95, "word": "no", "longest": -1, "children": [{"name": "__attribute__", "last": 95, "word": "yes", "longest": 4, "children": []}]}]}], "kind": 2, "ifskip": [], "ifdrop": [], "iftoken": [{}], "ifpfxch": [], "ifpfxstr": []}, {"name": "__attribute", "last": 101, "word": "no", "longest": -1, "children": [{"name": "__attribute_", "last": 95, "word": "no", "longest": -1, "children": [{"name": "__attribute__", "last": 95, "word": "yes", "longest": 4, "children": []}]}], "kind": 2, "ifskip": [], "ifdrop": [], "iftoken": [{}], "ifpfxch": [], "ifpfxstr": []}, {"name": "__attribute_", "last": 95, "word": "no", "longest": -1, "children": [{"name": "__attribute__", "last": 95, "word": "yes", "longest": 4, "children": []}], "kind": 2, "ifskip": [], "ifdrop": [], "iftoken": [{}], "ifpfxch": [], "ifpfxstr": []}, {"name": "__attribute__", "last": 95, "word": "yes", "longest": 4, "children": [], "kind": 2, "ifskip": [{}], "ifdrop": [], "iftoken": [], "ifpfxch": [], "ifpfxstr": []}, {"name": "__c", "last": 99, "word": "no", "longest": -1, "children": [{"name": "__co", "last": 111, "word": "no", "longest": -1, "children": [{"name": "__con", "last": 110, "word": "no", "longest": -1, "children": [{"name": "__cons", "last": 115, "word": "no", "longest": -1, "children": [{"name": "__const", "last": 116, "word": "yes", "longest": 5, "children": []}]}]}]}], "kind": 2, "ifskip": [], "ifdrop": [], "iftoken": [{}], "ifpfxch": [], "ifpfxstr": []}, {"name": "__co", "last": 111, "word": "no", "longest": -1, "children": [{"name": "__con", "last": 110, "word": "no", "longest": -1, "children": [{"name": "__cons", "last": 115, "word": "no", "longest": -1, "children": [{"name": "__const", "last": 116, "word": "yes", "longest": 5, "children": []}]}]}], "kind": 2, "ifskip": [], "ifdrop": [], "iftoken": [{}], "ifpfxch": [], "ifpfxstr": []}, {"name": "__con", "last": 110, "word": "no", "longest": -1, "children": [{"name": "__cons", "last": 115, "word": "no", "longest": -1, "children": [{"name": "__const", "last": 116, "word": "yes", "longest": 5, "children": []}]}], "kind": 2, "ifskip": [], "ifdrop": [], "iftoken": [{}], "ifpfxch": [], "ifpfxstr": []}, {"name": "__cons", "last": 115, "word": "no", "longest": -1, "children": [{"name": "__const", "last": 116, "word": "yes", "longest": 5, "children": []}], "kind": 2, "ifskip": [], "ifdrop": [], "iftoken": [{}], "ifpfxch": [], "ifpfxstr": []}, {"name": "__const", "last": 116, "word": "yes", "longest": 5, "children": [], "kind": 2, "ifskip": [], "ifdrop": [{}], "iftoken": [], "ifpfxch": [], "ifpfxstr": []}, {"name": "__e", "last": 101, "word": "no", "longest": -1, "children": [{"name": "__ex", "last": 120, "word": "no", "longest": -1, "children": [{"name": "__ext", "last": 116, "word": "no", "longest": -1, "children": [{"name": "__exte", "last": 101, "word": "no", "longest": -1, "children": [{"name": "__exten", "last": 110, "word": "no", "longest": -1, "children": [{"name": "__extens", "last": 115, "word": "no", "longest": -1, "children": [{"name": "__extensi", "last": 105, "word": "no", "longest": -1, "children": [{"name": "__extensio", "last": 111, "word": "no", "longest": -1, "children": [{"name": "__extension", "last": 110, "word": "no", "longest": -1, "children": [{"name": "__extension_", "last": 95, "word": "no", "longest": -1, "children": [{"name": "__extension__", "last": 95, "word": "yes", "longest": 6, "children": []}]}]}]}]}]}]}]}]}]}], "kind": 2, "ifskip": [], "ifdrop": [], "iftoken": [{}], "ifpfxch": [], "ifpfxstr": []}, {"name": "__ex", "last": 120, "word": "no", "longest": -1, "children": [{"name": "__ext", "last": 116, "word": "no", "longest": -1, "children": [{"name": "__exte", "last": 101, "word": "no", "longest": -1, "children": [{"name": "__exten", "last": 110, "word": "no", "longest": -1, "children": [{"name": "__extens", "last": 115, "word": "no", "longest": -1, "children": [{"name": "__extensi", "last": 105, "word": "no", "longest": -1, "children": [{"name": "__extensio", "last": 111, "word": "no", "longest": -1, "children": [{"name": "__extension", "last": 110, "word": "no", "longest": -1, "children": [{"name": "__extension_", "last": 95, "word": "no", "longest": -1, "children": [{"name": "__extension__", "last": 95, "word": "yes", "longest": 6, "children": []}]}]}]}]}]}]}]}]}], "kind": 2, "ifskip": [], "ifdrop": [], "iftoken": [{}], "ifpfxch": [], "ifpfxstr": []}, {"name": "__ext", "last": 116, "word": "no", "longest": -1, "children": [{"name": "__exte", "last": 101, "word": "no", "longest": -1, "children": [{"name": "__exten", "last": 110, "word": "no", "longest": -1, "children": [{"name": "__extens", "last": 115, "word": "no", "longest": -1, "children": [{"name": "__extensi", "last": 105, "word": "no", "longest": -1, "children": [{"name": "__extensio", "last": 111, "word": "no", "longest": -1, "children": [{"name": "__extension", "last": 110, "word": "no", "longest": -1, "children": [{"name": "__extension_", "last": 95, "word": "no", "longest": -1, "children": [{"name": "__extension__", "last": 95, "word": "yes", "longest": 6, "children": []}]}]}]}]}]}]}]}], "kind": 2, "ifskip": [], "ifdrop": [], "iftoken": [{}], "ifpfxch": [], "ifpfxstr": []}, {"name": "__exte", "last": 101, "word": "no", "longest": -1, "children": [{"name": "__exten", "last": 110, "word": "no", "longest": -1, "children": [{"name": "__extens", "last": 115, "word": "no", "longest": -1, "children": [{"name": "__extensi", "last": 105, "word": "no", "longest": -1, "children": [{"name": "__extensio", "last": 111, "word": "no", "longest": -1, "children": [{"name": "__extension", "last": 110, "word": "no", "longest": -1, "children": [{"name": "__extension_", "last": 95, "word": "no", "longest": -1, "children": [{"name": "__extension__", "last": 95, "word": "yes", "longest": 6, "children": []}]}]}]}]}]}]}], "kind": 2, "ifskip": [], "ifdrop": [], "iftoken": [{}], "ifpfxch": [], "ifpfxstr": []}, {"name": "__exten", "last": 110, "word": "no", "longest": -1, "children": [{"name": "__extens", "last": 115, "word": "no", "longest": -1, "children": [{"name": "__extensi", "last": 105, "word": "no", "longest": -1, "children": [{"name": "__extensio", "last": 111, "word": "no", "longest": -1, "children": [{"name": "__extension", "last": 110, "word": "no", "longest": -1, "children": [{"name": "__extension_", "last": 95, "word": "no", "longest": -1, "children": [{"name": "__extension__", "last": 95, "word": "yes", "longest": 6, "children": []}]}]}]}]}]}], "kind": 2, "ifskip": [], "ifdrop": [], "iftoken": [{}], "ifpfxch": [], "ifpfxstr": []}, {"name": "__extens", "last": 115, "word": "no", "longest": -1, "children": [{"name": "__extensi", "last": 105, "word": "no", "longest": -1, "children": [{"name": "__extensio", "last": 111, "word": "no", "longest": -1, "children": [{"name": "__extension", "last": 110, "word": "no", "longest": -1, "children": [{"name": "__extension_", "last": 95, "word": "no", "longest": -1, "children": [{"name": "__extension__", "last": 95, "word": "yes", "longest": 6, "children": []}]}]}]}]}], "kind": 2, "ifskip": [], "ifdrop": [], "iftoken": [{}], "ifpfxch": [], "ifpfxstr": []}, {"name": "__extensi", "last": 105, "word": "no", "longest": -1, "children": [{"name": "__extensio", "last": 111, "word": "no", "longest": -1, "children": [{"name": "__extension", "last": 110, "word": "no", "longest": -1, "children": [{"name": "__extension_", "last": 95, "word": "no", "longest": -1, "children": [{"name": "__extension__", "last": 95, "word": "yes", "longest": 6, "children": []}]}]}]}], "kind": 2, "ifskip": [], "ifdrop": [], "iftoken": [{}], "ifpfxch": [], "ifpfxstr": []}, {"name": "__extensio", "last": 111, "word": "no", "longest": -1, "children": [{"name": "__extension", "last": 110, "word": "no", "longest": -1, "children": [{"name": "__extension_", "last": 95, "word": "no", "longest": -1, "children": [{"name": "__extension__", "last": 95, "word": "yes", "longest": 6, "children": []}]}]}], "kind": 2, "ifskip": [], "ifdrop": [], "iftoken": [{}], "ifpfxch": [], "ifpfxstr": []}, {"name": "__extension", "last": 110, "word": "no", "longest": -1, "children": [{"name": "__extension_", "last": 95, "word": "no", "longest": -1, "children": [{"name": "__extension__", "last": 95, "word": "yes", "longest": 6, "children": []}]}], "kind": 2, "ifskip": [], "ifdrop": [], "iftoken": [{}], "ifpfxch": [], "ifpfxstr": []}, {"name": "__extension_", "last": 95, "word": "no", "longest": -1, "children": [{"name": "__extension__", "last": 95, "word": "yes", "longest": 6, "children": []}], "kind": 2, "ifskip": [], "ifdrop": [], "iftoken": [{}], "ifpfxch": [], "ifpfxstr": []}, {"name": "__extension__", "last": 95, "word": "yes", "longest": 6, "children": [], "kind": 2, "ifskip": [], "ifdrop": [{}], "iftoken": [], "ifpfxch": [], "ifpfxstr": []}, {"name": "__i", "last": 105, "word": "no", "longest": -1, "children": [{"name": "__in", "last": 110, "word": "no", "longest": -1, "children": [{"name": "__inl", "last": 108, "word": "no", "longest": -1, "children": [{"name": "__inli", "last": 105, "word": "no", "longest": -1, "children": [{"name": "__inlin", "last": 110, "word": "no", "longest": -1, "children": [{"name": "__inline", "last": 101, "word": "yes", "longest": 7, "children": [{"name": "__inline_", "last": 95, "word": "no", "longest": 7, "children": [{"name": "__inline__", "last": 95, "word": "yes", "longest": 8, "children": []}]}]}]}]}]}]}], "kind": 2, "ifskip": [], "ifdrop": [], "iftoken": [{}], "ifpfxch": [], "ifpfxstr": []}, {"name": "__in", "last": 110, "word": "no", "longest": -1, "children": [{"name": "__inl", "last": 108, "word": "no", "longest": -1, "children": [{"name": "__inli", "last": 105, "word": "no", "longest": -1, "children": [{"name": "__inlin", "last": 110, "word": "no", "longest": -1, "children": [{"name": "__inline", "last": 101, "word": "yes", "longest": 7, "children": [{"name": "__inline_", "last": 95, "word": "no", "longest": 7, "children": [{"name": "__inline__", "last": 95, "word": "yes", "longest": 8, "children": []}]}]}]}]}]}], "kind": 2, "ifskip": [], "ifdrop": [], "iftoken": [{}], "ifpfxch": [], "ifpfxstr": []}, {"name": "__inl", "last": 108, "word": "no", "longest": -1, "children": [{"name": "__inli", "last": 105, "word": "no", "longest": -1, "children": [{"name": "__inlin", "last": 110, "word": "no", "longest": -1, "children": [{"name": "__inline", "last": 101, "word": "yes", "longest": 7, "children": [{"name": "__inline_", "last": 95, "word": "no", "longest": 7, "children": [{"name": "__inline__", "last": 95, "word": "yes", "longest": 8, "children": []}]}]}]}]}], "kind": 2, "ifskip": [], "ifdrop": [], "iftoken": [{}], "ifpfxch": [], "ifpfxstr": []}, {"name": "__inli", "last": 105, "word": "no", "longest": -1, "children": [{"name": "__inlin", "last": 110, "word": "no", "longest": -1, "children": [{"name": "__inline", "last": 101, "word": "yes", "longest": 7, "children": [{"name": "__inline_", "last": 95, "word": "no", "longest": 7, "children": [{"name": "__inline__", "last": 95, "word": "yes", "longest": 8, "children": []}]}]}]}], "kind": 2, "ifskip": [], "ifdrop": [], "iftoken": [{}], "ifpfxch": [], "ifpfxstr": []}, {"name": "__inlin", "last": 110, "word": "no", "longest": -1, "children": [{"name": "__inline", "last": 101, "word": "yes", "longest": 7, "children": [{"name": "__inline_", "last": 95, "word": "no", "longest": 7, "children": [{"name": "__inline__", "last": 95, "word": "yes", "longest": 8, "children": []}]}]}], "kind": 2, "ifskip": [], "ifdrop": [], "iftoken": [{}], "ifpfxch": [], "ifpfxstr": []}, {"name": "__inline", "last": 101, "word": "yes", "longest": 7, "children": [{"name": "__inline_", "last": 95, "word": "no", "longest": 7, "children": [{"name": "__inline__", "last": 95, "word": "yes", "longest": 8, "children": []}]}], "kind": 2, "ifskip": [], "ifdrop": [{}], "iftoken": [], "ifpfxch": [], "ifpfxstr": []}, {"name": "__inline_", "last": 95, "word": "no", "longest": 7, "children": [{"name": "__inline__", "last": 95, "word": "yes", "longest": 8, "children": []}], "kind": 2, "ifskip": [], "ifdrop": [], "iftoken": [{}], "ifpfxch": [], "ifpfxstr": []}, {"name": "__inline__", "last": 95, "word": "yes", "longest": 8, "children": [], "kind": 2, "ifskip": [], "ifdrop": [{}], "iftoken": [], "ifpfxch": [], "ifpfxstr": []}, {"name": "__r", "last": 114, "word": "no", "longest": -1, "children": [{"name": "__re", "last": 101, "word": "no", "longest": -1, "children": [{"name": "__res", "last": 115, "word": "no", "longest": -1, "children": [{"name": "__rest", "last": 116, "word": "no", "longest": -1, "children": [{"name": "__restr", "last": 114, "word": "no", "longest": -1, "children": [{"name": "__restri", "last": 105, "word": "no", "longest": -1, "children": [{"name": "__restric", "last": 99, "word": "no", "longest": -1, "children": [{"name": "__restrict", "last": 116, "word": "yes", "longest": 9, "children": [{"name": "__restrict_", "last": 95, "word": "no", "longest": 9, "children": [{"name": "__restrict__", "last": 95, "word": "yes", "longest": 10, "children": []}]}]}]}]}]}]}]}]}], "kind": 2, "ifskip": [], "ifdrop": [], "iftoken": [{}], "ifpfxch": [], "ifpfxstr": []}, {"name": "__re", "last": 101, "word": "no", "longest": -1, "children": [{"name": "__res", "last": 115, "word": "no", "longest": -1, "children": [{"name": "__rest", "last": 116, "word": "no", "longest": -1, "children": [{"name": "__restr", "last": 114, "word": "no", "longest": -1, "children": [{"name": "__restri", "last": 105, "word": "no", "longest": -1, "children": [{"name": "__restric", "last": 99, "word": "no", "longest": -1, "children": [{"name": "__restrict", "last": 116, "word": "yes", "longest": 9, "children": [{"name": "__restrict_", "last": 95, "word": "no", "longest": 9, "children": [{"name": "__restrict__", "last": 95, "word": "yes", "longest": 10, "children": []}]}]}]}]}]}]}]}], "kind": 2, "ifskip": [], "ifdrop": [], "iftoken": [{}], "ifpfxch": [], "ifpfxstr": []}, {"name": "__res", "last": 115, "word": "no", "longest": -1, "children": [{"name": "__rest", "last": 116, "word": "no", "longest": -1, "children": [{"name": "__restr", "last": 114, "word": "no", "longest": -1, "children": [{"name": "__restri", "last": 105, "word": "no", "longest": -1, "children": [{"name": "__restric", "last": 99, "word": "no", "longest": -1, "children": [{"name": "__restrict", "last": 116, "word": "yes", "longest": 9, "children": [{"name": "__restrict_", "last": 95, "word": "no", "longest": 9, "children": [{"name": "__restrict__", "last": 95, "word": "yes", "longest": 10, "children": []}]}]}]}]}]}]}], "kind": 2, "ifskip": [], "ifdrop": [], "iftoken": [{}], "ifpfxch": [], "ifpfxstr": []}, {"name": "__rest", "last": 116, "word": "no", "longest": -1, "children": [{"name": "__restr", "last": 114, "word": "no", "longest": -1, "children": [{"name": "__restri", "last": 105, "word": "no", "longest": -1, "children": [{"name": "__restric", "last": 99, "word": "no", "longest": -1, "children": [{"name": "__restrict", "last": 116, "word": "yes", "longest": 9, "children": [{"name": "__restrict_", "last": 95, "word": "no", "longest": 9, "children": [{"name": "__restrict__", "last": 95, "word": "yes", "longest": 10, "children": []}]}]}]}]}]}], "kind": 2, "ifskip": [], "ifdrop": [], "iftoken": [{}], "ifpfxch": [], "ifpfxstr": []}, {"name": "__restr", "last": 114, "word": "no", "longest": -1, "children": [{"name": "__restri", "last": 105, "word": "no", "longest": -1, "children": [{"name": "__restric", "last": 99, "word": "no", "longest": -1, "children": [{"name": "__restrict", "last": 116, "word": "yes", "longest": 9, "children": [{"name": "__restrict_", "last": 95, "word": "no", "longest": 9, "children": [{"name": "__restrict__", "last": 95, "word": "yes", "longest": 10, "children": []}]}]}]}]}], "kind": 2, "ifskip": [], "ifdrop": [], "iftoken": [{}], "ifpfxch": [], "ifpfxstr": []}, {"name": "__restri", "last": 105, "word": "no", "longest": -1, "children": [{"name": "__restric", "last": 99, "word": "no", "longest": -1, "children": [{"name": "__restrict", "last": 116, "word": "yes", "longest": 9, "children": [{"name": "__restrict_", "last": 95, "word": "no", "longest": 9, "children": [{"name": "__restrict__", "last": 95, "word": "yes", "longest": 10, "children": []}]}]}]}], "kind": 2, "ifskip": [], "ifdrop": [], "iftoken": [{}], "ifpfxch": [], "ifpfxstr": []}, {"name": "__restric", "last": 99, "word": "no", "longest": -1, "children": [{"name": "__restrict", "last": 116, "word": "yes", "longest": 9, "children": [{"name": "__restrict_", "last": 95, "word": "no", "longest": 9, "children": [{"name": "__restrict__", "last": 95, "word": "yes", "longest": 10, "children": []}]}]}], "kind": 2, "ifskip": [], "ifdrop": [], "iftoken": [{}], "ifpfxch": [], "ifpfxstr": []}, {"name": "__restrict", "last": 116, "word": "yes", "longest": 9, "children": [{"name": "__restrict_", "last": 95, "word": "no", "longest": 9, "children": [{"name": "__restrict__", "last": 95, "word": "yes", "longest": 10, "children": []}]}], "kind": 2, "ifskip": [], "ifdrop": [{}], "iftoken": [], "ifpfxch": [], "ifpfxstr": []}, {"name": "__restrict_", "last": 95, "word": "no", "longest": 9, "children": [{"name": "__restrict__", "last": 95, "word": "yes", "longest": 10, "children": []}], "kind": 2, "ifskip": [], "ifdrop": [], "iftoken": [{}], "ifpfxch": [], "ifpfxstr": []}, {"name": "__restrict__", "last": 95, "word": "yes", "longest": 10, "children": [], "kind": 2, "ifskip": [], "ifdrop": [{}], "iftoken": [], "ifpfxch": [], "ifpfxstr": []}, {"name": "__s", "last": 115, "word": "no", "longest": -1, "children": [{"name": "__si", "last": 105, "word": "no", "longest": -1, "children": [{"name": "__sig", "last": 103, "word": "no", "longest": -1, "children": [{"name": "__sign", "last": 110, "word": "no", "longest": -1, "children": [{"name": "__signe", "last": 101, "word": "no", "longest": -1, "children": [{"name": "__signed", "last": 100, "word": "no", "longest": -1, "children": [{"name": "__signed_", "last": 95, "word": "no", "longest": -1, "children": [{"name": "__signed__", "last": 95, "word": "yes", "longest": 11, "children": []}]}]}]}]}]}]}], "kind": 2, "ifskip": [], "ifdrop": [], "iftoken": [{}], "ifpfxch": [], "ifpfxstr": []}, {"name": "__si", "last": 105, "word": "no", "longest": -1, "children": [{"name": "__sig", "last": 103, "word": "no", "longest": -1, "children": [{"name": "__sign", "last": 110, "word": "no", "longest": -1, "children": [{"name": "__signe", "last": 101, "word": "no", "longest": -1, "children": [{"name": "__signed", "last": 100, "word": "no", "longest": -1, "children": [{"name": "__signed_", "last": 95, "word": "no", "longest": -1, "children": [{"name": "__signed__", "last": 95, "word": "yes", "longest": 11, "children": []}]}]}]}]}]}], "kind": 2, "ifskip": [], "ifdrop": [], "iftoken": [{}], "ifpfxch": [], "ifpfxstr": []}, {"name": "__sig", "last": 103, "word": "no", "longest": -1, "children": [{"name": "__sign", "last": 110, "word": "no", "longest": -1, "children": [{"name": "__signe", "last": 101, "word": "no", "longest": -1, "children": [{"name": "__signed", "last": 100, "word": "no", "longest": -1, "children": [{"name": "__signed_", "last": 95, "word": "no", "longest": -1, "children": [{"name": "__signed__", "last": 95, "word": "yes", "longest": 11, "children": []}]}]}]}]}], "kind": 2, "ifskip": [], "ifdrop": [], "iftoken": [{}], "ifpfxch": [], "ifpfxstr": []}, {"name": "__sign", "last": 110, "word": "no", "longest": -1, "children": [{"name": "__signe", "last": 101, "word": "no", "longest": -1, "children": [{"name": "__signed", "last": 100, "word": "no", "longest": -1, "children": [{"name": "__signed_", "last": 95, "word": "no", "longest": -1, "children": [{"name": "__signed__", "last": 95, "word": "yes", "longest": 11, "children": []}]}]}]}], "kind": 2, "ifskip": [], "ifdrop": [], "iftoken": [{}], "ifpfxch": [], "ifpfxstr": []}, {"name": "__signe", "last": 101, "word": "no", "longest": -1, "children": [{"name": "__signed", "last": 100, "word": "no", "longest": -1, "children": [{"name": "__signed_", "last": 95, "word": "no", "longest": -1, "children": [{"name": "__signed__", "last": 95, "word": "yes", "longest": 11, "children": []}]}]}], "kind": 2, "ifskip": [], "ifdrop": [], "iftoken": [{}], "ifpfxch": [], "ifpfxstr": []}, {"name": "__signed", "last": 100, "word": "no", "longest": -1, "children": [{"name": "__signed_", "last": 95, "word": "no", "longest": -1, "children": [{"name": "__signed__", "last": 95, "word": "yes", "longest": 11, "children": []}]}], "kind": 2, "ifskip": [], "ifdrop": [], "iftoken": [{}], "ifpfxch": [], "ifpfxstr": []}, {"name": "__signed_", "last": 95, "word": "no", "longest": -1, "children": [{"name": "__signed__", "last": 95, "word": "yes", "longest": 11, "children": []}], "kind": 2, "ifskip": [], "ifdrop": [], "iftoken": [{}], "ifpfxch": [], "ifpfxstr": []}, {"name": "__signed__", "last": 95, "word": "yes", "longest": 11, "children": [], "kind": 2, "ifskip": [], "ifdrop": [{}], "iftoken": [], "ifpfxch": [], "ifpfxstr": []}, {"name": "__v", "last": 118, "word": "no", "longest": -1, "children": [{"name": "__vo", "last": 111, "word": "no", "longest": -1, "children": [{"name": "__vol", "last": 108, "word": "no", "longest": -1, "children": [{"name": "__vola", "last": 97, "word": "no", "longest": -1, "children": [{"name": "__volat", "last": 116, "word": "no", "longest": -1, "children": [{"name": "__volati", "last": 105, "word": "no", "longest": -1, "children": [{"name": "__volatil", "last": 108, "word": "no", "longest": -1, "children": [{"name": "__volatile", "last": 101, "word": "no", "longest": -1, "children": [{"name": "__volatile_", "last": 95, "word": "no", "longest": -1, "children": [{"name": "__volatile__", "last": 95, "word": "yes", "longest": 12, "children": []}]}]}]}]}]}]}]}]}], "kind": 2, "ifskip": [], "ifdrop": [], "iftoken": [{}], "ifpfxch": [], "ifpfxstr": []}, {"name": "__vo", "last": 111, "word": "no", "longest": -1, "children": [{"name": "__vol", "last": 108, "word": "no", "longest": -1, "children": [{"name": "__vola", "last": 97, "word": "no", "longest": -1, "children": [{"name": "__volat", "last": 116, "word": "no", "longest": -1, "children": [{"name": "__volati", "last": 105, "word": "no", "longest": -1, "children": [{"name": "__volatil", "last": 108, "word": "no", "longest": -1, "children": [{"name": "__volatile", "last": 101, "word": "no", "longest": -1, "children": [{"name": "__volatile_", "last": 95, "word": "no", "longest": -1, "children": [{"name": "__volatile__", "last": 95, "word": "yes", "longest": 12, "children": []}]}]}]}]}]}]}]}], "kind": 2, "ifskip": [], "ifdrop": [], "iftoken": [{}], "ifpfxch": [], "ifpfxstr": []}, {"name": "__vol", "last": 108, "word": "no", "longest": -1, "children": [{"name": "__vola", "last": 97, "word": "no", "longest": -1, "children": [{"name": "__volat", "last": 116, "word": "no", "longest": -1, "children": [{"name": "__volati", "last": 105, "word": "no", "longest": -1, "children": [{"name": "__volatil", "last": 108, "word": "no", "longest": -1, "children": [{"name": "__volatile", "last": 101, "word": "no", "longest": -1, "children": [{"name": "__volatile_", "last": 95, "word": "no", "longest": -1, "children": [{"name": "__volatile__", "last": 95, "word": "yes", "longest": 12, "children": []}]}]}]}]}]}]}], "kind": 2, "ifskip": [], "ifdrop": [], "iftoken": [{}], "ifpfxch": [], "ifpfxstr": []}, {"name": "__vola", "last": 97, "word": "no", "longest": -1, "children": [{"name": "__volat", "last": 116, "word": "no", "longest": -1, "children": [{"name": "__volati", "last": 105, "word": "no", "longest": -1, "children": [{"name": "__volatil", "last": 108, "word": "no", "longest": -1, "children": [{"name": "__volatile", "last": 101, "word": "no", "longest": -1, "children": [{"name": "__volatile_", "last": 95, "word": "no", "longest": -1, "children": [{"name": "__volatile__", "last": 95, "word": "yes", "longest": 12, "children": []}]}]}]}]}]}], "kind": 2, "ifskip": [], "ifdrop": [], "iftoken": [{}], "ifpfxch": [], "ifpfxstr": []}, {"name": "__volat", "last": 116, "word": "no", "longest": -1, "children": [{"name": "__volati", "last": 105, "word": "no", "longest": -1, "children": [{"name": "__volatil", "last": 108, "word": "no", "longest": -1, "children": [{"name": "__volatile", "last": 101, "word": "no", "longest": -1, "children": [{"name": "__volatile_", "last": 95, "word": "no", "longest": -1, "children": [{"name": "__volatile__", "last": 95, "word": "yes", "longest": 12, "children": []}]}]}]}]}], "kind": 2, "ifskip": [], "ifdrop": [], "iftoken": [{}], "ifpfxch": [], "ifpfxstr": []}, {"name": "__volati", "last": 105, "word": "no", "longest": -1, "children": [{"name": "__volatil", "last": 108, "word": "no", "longest": -1, "children": [{"name": "__volatile", "last": 101, "word": "no", "longest": -1, "children": [{"name": "__volatile_", "last": 95, "word": "no", "longest": -1, "children": [{"name": "__volatile__", "last": 95, "word": "yes", "longest": 12, "children": []}]}]}]}], "kind": 2, "ifskip": [], "ifdrop": [], "iftoken": [{}], "ifpfxch": [], "ifpfxstr": []}, {"name": "__volatil", "last": 108, "word": "no", "longest": -1, "children": [{"name": "__volatile", "last": 101, "word": "no", "longest": -1, "children": [{"name": "__volatile_", "last": 95, "word": "no", "longest": -1, "children": [{"name": "__volatile__", "last": 95, "word": "yes", "longest": 12, "children": []}]}]}], "kind": 2, "ifskip": [], "ifdrop": [], "iftoken": [{}], "ifpfxch": [], "ifpfxstr": []}, {"name": "__volatile", "last": 101, "word": "no", "longest": -1, "children": [{"name": "__volatile_", "last": 95, "word": "no", "longest": -1, "children": [{"name": "__volatile__", "last": 95, "word": "yes", "longest": 12, "children": []}]}], "kind": 2, "ifskip": [], "ifdrop": [], "iftoken": [{}], "ifpfxch": [], "ifpfxstr": []}, {"name": "__volatile_", "last": 95, "word": "no", "longest": -1, "children": [{"name": "__volatile__", "last": 95, "word": "yes", "longest": 12, "children": []}], "kind": 2, "ifskip": [], "ifdrop": [], "iftoken": [{}], "ifpfxch": [], "ifpfxstr": []}, {"name": "__volatile__", "last": 95, "word": "yes", "longest": 12, "children": [], "kind": 2, "ifskip": [], "ifdrop": [{}], "iftoken": [], "ifpfxch": [], "ifpfxstr": []}, {"name": "a", "last": 97, "word": "no", "longest": -1, "children": [{"name": "as", "last": 115, "word": "no", "longest": -1, "children": [{"name": "asm", "last": 109, "word": "yes", "longest": 13, "children": []}]}, {"name": "au", "last": 117, "word": "no", "longest": -1, "children": [{"name": "aut", "last": 116, "word": "no", "longest": -1, "children": [{"name": "auto", "last": 111, "word": "yes", "longest": 14, "children": []}]}]}], "kind": 2, "ifskip": [], "ifdrop": [], "iftoken": [{}], "ifpfxch": [], "ifpfxstr": []}, {"name": "as", "last": 115, "word": "no", "longest": -1, "children": [{"name": "asm", "last": 109, "word": "yes", "longest": 13, "children": []}], "kind": 2, "ifskip": [], "ifdrop": [], "iftoken": [{}], "ifpfxch": [], "ifpfxstr": []}, {"name": "asm", "last": 109, "word": "yes", "longest": 13, "children": [], "kind": 2, "ifskip": [{}], "ifdrop": [], "iftoken": [], "ifpfxch": [], "ifpfxstr": []}, {"name": "au", "last": 117, "word": "no", "longest": -1, "children": [{"name": "aut", "last": 116, "word": "no", "longest": -1, "children": [{"name": "auto", "last": 111, "word": "yes", "longest": 14, "children": []}]}], "kind": 2, "ifskip": [], "ifdrop": [], "iftoken": [{}], "ifpfxch": [], "ifpfxstr": []}, {"name": "aut", "last": 116, "word": "no", "longest": -1, "children": [{"name": "auto", "last": 111, "word": "yes", "longest": 14, "children": []}], "kind": 2, "ifskip": [], "ifdrop": [], "iftoken": [{}], "ifpfxch": [], "ifpfxstr": []}, {"name": "auto", "last": 111, "word": "yes", "longest": 14, "children": [], "kind": 1, "ifskip": [], "ifdrop": [], "iftoken": [{}], "ifpfxch": [], "ifpfxstr": []}, {"name": "b", "last": 98, "word": "no", "longest": -1, "children": [{"name": "br", "last": 114, "word": "no", "longest": -1, "children": [{"name": "bre", "last": 101, "word": "no", "longest": -1, "children": [{"name": "brea", "last": 97, "word": "no", "longest": -1, "children": [{"name": "break", "last": 107, "word": "yes", "longest": 15, "children": []}]}]}]}], "kind": 2, "ifskip": [], "ifdrop": [], "iftoken": [{}], "ifpfxch": [], "ifpfxstr": []}, {"name": "br", "last": 114, "word": "no", "longest": -1, "children": [{"name": "bre", "last": 101, "word": "no", "longest": -1, "children": [{"name": "brea", "last": 97, "word": "no", "longest": -1, "children": [{"name": "break", "last": 107, "word": "yes", "longest": 15, "children": []}]}]}], "kind": 2, "ifskip": [], "ifdrop": [], "iftoken": [{}], "ifpfxch": [], "ifpfxstr": []}, {"name": "bre", "last": 101, "word": "no", "longest": -1, "children": [{"name": "brea", "last": 97, "word": "no", "longest": -1, "children": [{"name": "break", "last": 107, "word": "yes", "longest": 15, "children": []}]}], "kind": 2, "ifskip": [], "ifdrop": [], "iftoken": [{}], "ifpfxch": [], "ifpfxstr": []}, {"name": "brea", "last": 97, "word": "no", "longest": -1, "children": [{"name": "break", "last": 107, "word": "yes", "longest": 15, "children": []}], "kind": 2, "ifskip": [], "ifdrop": [], "iftoken": [{}], "ifpfxch": [], "ifpfxstr": []}, {"name": "break", "last": 107, "word": "yes", "longest": 15, "children": [], "kind": 14, "ifskip": [], "ifdrop": [], "iftoken": [{}], "ifpfxch": [], "ifpfxstr": []}, {"name": "c", "last": 99, "word": "no", "longest": -1, "children": [{"name": "ca", "last": 97, "word": "no", "longest": -1, "children": [{"name": "cas", "last": 115, "word": "no", "longest": -1, "children": [{"name": "case", "last": 101, "word": "yes", "longest": 16, "children": []}]}]}, {"name": "ch", "last": 104, "word": "no", "longest": -1, "children": [{"name": "cha", "last": 97, "word": "no", "longest": -1, "children": [{"name": "char", "last": 114, "word": "yes", "longest": 17, "children": []}]}]}, {"name": "co", "last": 111, "word": "no", "longest": -1, "children": [{"name": "con", "last": 110, "word": "no", "longest": -1, "children": [{"name": "cons", "last": 115, "word": "no", "longest": -1, "children": [{"name": "const", "last": 116, "word": "yes", "longest": 18, "children": []}]}, {"name": "cont", "last": 116, "word": "no", "longest": -1, "children": [{"name": "conti", "last": 105, "word": "no", "longest": -1, "children": [{"name": "contin", "last": 110, "word": "no", "longest": -1, "children": [{"name": "continu", "last": 117, "word": "no", "longest": -1, "children": [{"name": "continue", "last": 101, "word": "yes", "longest": 19, "children": []}]}]}]}]}]}]}], "kind": 2, "ifskip": [], "ifdrop": [], "iftoken": [{}], "ifpfxch": [], "ifpfxstr": []}, {"name": "ca", "last": 97, "word": "no", "longest": -1, "children": [{"name": "cas", "last": 115, "word": "no", "longest": -1, "children": [{"name": "case", "last": 101, "word": "yes", "longest": 16, "children": []}]}], "kind": 2, "ifskip": [], "ifdrop": [], "iftoken": [{}], "ifpfxch": [], "ifpfxstr": []}, {"name": "cas", "last": 115, "word": "no", "longest": -1, "children": [{"name": "case", "last": 101, "word": "yes", "longest": 16, "children": []}], "kind": 2, "ifskip": [], "ifdrop": [], "iftoken": [{}], "ifpfxch": [], "ifpfxstr": []}, {"name": "case", "last": 101, "word": "yes", "longest": 16, "children": [], "kind": 11, "ifskip": [], "ifdrop": [], "iftoken": [{}], "ifpfxch": [], "ifpfxstr": []}, {"name": "ch", "last": 104, "word": "no", "longest": -1, "children": [{"name": "cha", "last": 97, "word": "no", "longest": -1, "children": [{"name": "char", "last": 114, "word": "yes", "longest": 17, "children": []}]}], "kind": 2, "ifskip": [], "ifdrop": [], "iftoken": [{}], "ifpfxch": [], "ifpfxstr": []}, {"name": "cha", "last": 97, "word": "no", "longest": -1, "children": [{"name": "char", "last": 114, "word": "yes", "longest": 17, "children": []}], "kind": 2, "ifskip": [], "ifdrop": [], "iftoken": [{}], "ifpfxch": [], "ifpfxstr": []}, {"name": "char", "last": 114, "word": "yes", "longest": 17, "children": [], "kind": 1, "ifskip": [], "ifdrop": [], "iftoken": [{}], "ifpfxch": [], "ifpfxstr": []}, {"name": "co", "last": 111, "word": "no", "longest": -1, "children": [{"name": "con", "last": 110, "word": "no", "longest": -1, "children": [{"name": "cons", "last": 115, "word": "no", "longest": -1, "children": [{"name": "const", "last": 116, "word": "yes", "longest": 18, "children": []}]}, {"name": "cont", "last": 116, "word": "no", "longest": -1, "children": [{"name": "conti", "last": 105, "word": "no", "longest": -1, "children": [{"name": "contin", "last": 110, "word": "no", "longest": -1, "children": [{"name": "continu", "last": 117, "word": "no", "longest": -1, "children": [{"name": "continue", "last": 101, "word": "yes", "longest": 19, "children": []}]}]}]}]}]}], "kind": 2, "ifskip": [], "ifdrop": [], "iftoken": [{}], "ifpfxch": [], "ifpfxstr": []}, {"name": "con", "last": 110, "word": "no", "longest": -1, "children": [{"name": "cons", "last": 115, "word": "no", "longest": -1, "children": [{"name": "const", "last": 116, "word": "yes", "longest": 18, "children": []}]}, {"name": "cont", "last": 116, "word": "no", "longest": -1, "children": [{"name": "conti", "last": 105, "word": "no", "longest": -1, "children": [{"name": "contin", "last": 110, "word": "no", "longest": -1, "children": [{"name": "continu", "last": 117, "word": "no", "longest": -1, "children": [{"name": "continue", "last": 101, "word": "yes", "longest": 19, "children": []}]}]}]}]}], "kind": 2, "ifskip": [], "ifdrop": [], "iftoken": [{}], "ifpfxch": [], "ifpfxstr": []}, {"name": "cons", "last": 115, "word": "no", "longest": -1, "children": [{"name": "const", "last": 116, "word": "yes", "longest": 18, "children": []}], "kind": 2, "ifskip": [], "ifdrop": [], "iftoken": [{}], "ifpfxch": [], "ifpfxstr": []}, {"name": "const", "last": 116, "word": "yes", "longest": 18, "children": [], "kind": 1, "ifskip": [], "ifdrop": [], "iftoken": [{}], "ifpfxch": [], "ifpfxstr": []}, {"name": "cont", "last": 116, "word": "no", "longest": -1, "children": [{"name": "conti", "last": 105, "word": "no", "longest": -1, "children": [{"name": "contin", "last": 110, "word": "no", "longest": -1, "children": [{"name": "continu", "last": 117, "word": "no", "longest": -1, "children": [{"name": "continue", "last": 101, "word": "yes", "longest": 19, "children": []}]}]}]}], "kind": 2, "ifskip": [], "ifdrop": [], "iftoken": [{}], "ifpfxch": [], "ifpfxstr": []}, {"name": "conti", "last": 105, "word": "no", "longest": -1, "children": [{"name": "contin", "last": 110, "word": "no", "longest": -1, "children": [{"name": "continu", "last": 117, "word": "no", "longest": -1, "children": [{"name": "continue", "last": 101, "word": "yes", "longest": 19, "children": []}]}]}], "kind": 2, "ifskip": [], "ifdrop": [], "iftoken": [{}], "ifpfxch": [], "ifpfxstr": []}, {"name": "contin", "last": 110, "word": "no", "longest": -1, "children": [{"name": "continu", "last": 117, "word": "no", "longest": -1, "children": [{"name": "continue", "last": 101, "word": "yes", "longest": 19, "children": []}]}], "kind": 2, "ifskip": [], "ifdrop": [], "iftoken": [{}], "ifpfxch": [], "ifpfxstr": []}, {"name": "continu", "last": 117, "word": "no", "longest": -1, "children": [{"name": "continue", "last": 101, "word": "yes", "longest": 19, "children": []}], "kind": 2, "ifskip": [], "ifdrop": [], "iftoken": [{}], "ifpfxch": [], "ifpfxstr": []}, {"name": "continue", "last": 101, "word": "yes", "longest": 19, "children": [], "kind": 15, "ifskip": [], "ifdrop": [], "iftoken": [{}], "ifpfxch": [], "ifpfxstr": []}, {"name": "d", "last": 100, "word": "no", "longest": -1, "children": [{"name": "de", "last": 101, "word": "no", "longest": -1, "children": [{"name": "def", "last": 102, "word": "no", "longest": -1, "children": [{"name": "defa", "last": 97, "word": "no", "longest": -1, "children": [{"name": "defau", "last": 117, "word": "no", "longest": -1, "children": [{"name": "defaul", "last": 108, "word": "no", "longest": -1, "children": [{"name": "default", "last": 116, "word": "yes", "longest": 20, "children": []}]}]}]}]}]}, {"name": "do", "last": 111, "word": "yes", "longest": 21, "children": [{"name": "dou", "last": 117, "word": "no", "longest": 21, "children": [{"name": "doub", "last": 98, "word": "no", "longest": 21, "children": [{"name": "doubl", "last": 108, "word": "no", "longest": 21, "children": [{"name": "double", "last": 101, "word": "yes", "longest": 22, "children": []}]}]}]}]}], "kind": 2, "ifskip": [], "ifdrop": [], "iftoken": [{}], "ifpfxch": [], "ifpfxstr": []}, {"name": "de", "last": 101, "word": "no", "longest": -1, "children": [{"name": "def", "last": 102, "word": "no", "longest": -1, "children": [{"name": "defa", "last": 97, "word": "no", "longest": -1, "children": [{"name": "defau", "last": 117, "word": "no", "longest": -1, "children": [{"name": "defaul", "last": 108, "word": "no", "longest": -1, "children": [{"name": "default", "last": 116, "word": "yes", "longest": 20, "children": []}]}]}]}]}], "kind": 2, "ifskip": [], "ifdrop": [], "iftoken": [{}], "ifpfxch": [], "ifpfxstr": []}, {"name": "def", "last": 102, "word": "no", "longest": -1, "children": [{"name": "defa", "last": 97, "word": "no", "longest": -1, "children": [{"name": "defau", "last": 117, "word": "no", "longest": -1, "children": [{"name": "defaul", "last": 108, "word": "no", "longest": -1, "children": [{"name": "default", "last": 116, "word": "yes", "longest": 20, "children": []}]}]}]}], "kind": 2, "ifskip": [], "ifdrop": [], "iftoken": [{}], "ifpfxch": [], "ifpfxstr": []}, {"name": "defa", "last": 97, "word": "no", "longest": -1, "children": [{"name": "defau", "last": 117, "word": "no", "longest": -1, "children": [{"name": "defaul", "last": 108, "word": "no", "longest": -1, "children": [{"name": "default", "last": 116, "word": "yes", "longest": 20, "children": []}]}]}], "kind": 2, "ifskip": [], "ifdrop": [], "iftoken": [{}], "ifpfxch": [], "ifpfxstr": []}, {"name": "defau", "last": 117, "word": "no", "longest": -1, "children": [{"name": "defaul", "last": 108, "word": "no", "longest": -1, "children": [{"name": "default", "last": 116, "word": "yes", "longest": 20, "children": []}]}], "kind": 2, "ifskip": [], "ifdrop": [], "iftoken": [{}], "ifpfxch": [], "ifpfxstr": []}, {"name": "defaul", "last": 108, "word": "no", "longest": -1, "children": [{"name": "default", "last": 116, "word": "yes", "longest": 20, "children": []}], "kind": 2, "ifskip": [], "ifdrop": [], "iftoken": [{}], "ifpfxch": [], "ifpfxstr": []}, {"name": "default", "last": 116, "word": "yes", "longest": 20, "children": [], "kind": 12, "ifskip": [], "ifdrop": [], "iftoken": [{}], "ifpfxch": [], "ifpfxstr": []}, {"name": "do", "last": 111, "word": "yes", "longest": 21, "children": [{"name": "dou", "last": 117, "word": "no", "longest": 21, "children": [{"name": "doub", "last": 98, "word": "no", "longest": 21, "children": [{"name": "doubl", "last": 108, "word": "no", "longest": 21, "children": [{"name": "double", "last": 101, "word": "yes", "longest": 22, "children": []}]}]}]}], "kind": 9, "ifskip": [], "ifdrop": [], "iftoken": [{}], "ifpfxch": [], "ifpfxstr": []}, {"name": "dou", "last": 117, "word": "no", "longest": 21, "children": [{"name": "doub", "last": 98, "word": "no", "longest": 21, "children": [{"name": "doubl", "last": 108, "word": "no", "longest": 21, "children": [{"name": "double", "last": 101, "word": "yes", "longest": 22, "children": []}]}]}], "kind": 2, "ifskip": [], "ifdrop": [], "iftoken": [{}], "ifpfxch": [], "ifpfxstr": []}, {"name": "doub", "last": 98, "word": "no", "longest": 21, "children": [{"name": "doubl", "last": 108, "word": "no", "longest": 21, "children": [{"name": "double", "last": 101, "word": "yes", "longest": 22, "children": []}]}], "kind": 2, "ifskip": [], "ifdrop": [], "iftoken": [{}], "ifpfxch": [], "ifpfxstr": []}, {"name": "doubl", "last": 108, "word": "no", "longest": 21, "children": [{"name": "double", "last": 101, "word": "yes", "longest": 22, "children": []}], "kind": 2, "ifskip": [], "ifdrop": [], "iftoken": [{}], "ifpfxch": [], "ifpfxstr": []}, {"name": "double", "last": 101, "word": "yes", "longest": 22, "children": [], "kind": 1, "ifskip": [], "ifdrop": [], "iftoken": [{}], "ifpfxch": [], "ifpfxstr": []}, {"name": "e", "last": 101, "word": "no", "longest": -1, "children": [{"name": "el", "last": 108, "word": "no", "longest": -1, "children": [{"name": "els", "last": 115, "word": "no", "longest": -1, "children": [{"name": "else", "last": 101, "word": "yes", "longest": 23, "children": []}]}]}, {"name": "en", "last": 110, "word": "no", "longest": -1, "children": [{"name": "enu", "last": 117, "word": "no", "longest": -1, "children": [{"name": "enum", "last": 109, "word": "yes", "longest": 24, "children": []}]}]}, {"name": "eo", "last": 111, "word": "no", "longest": -1, "children": [{"name": "eof", "last": 102, "word": "yes", "longest": 25, "children": []}]}, {"name": "ex", "last": 120, "word": "no", "longest": -1, "children": [{"name": "ext", "last": 116, "word": "no", "longest": -1, "children": [{"name": "exte", "last": 101, "word": "no", "longest": -1, "children": [{"name": "exter", "last": 114, "word": "no", "longest": -1, "children": [{"name": "extern", "last": 110, "word": "yes", "longest": 26, "children": []}]}]}]}]}], "kind": 2, "ifskip": [], "ifdrop": [], "iftoken": [{}], "ifpfxch": [], "ifpfxstr": []}, {"name": "el", "last": 108, "word": "no", "longest": -1, "children": [{"name": "els", "last": 115, "word": "no", "longest": -1, "children": [{"name": "else", "last": 101, "word": "yes", "longest": 23, "children": []}]}], "kind": 2, "ifskip": [], "ifdrop": [], "iftoken": [{}], "ifpfxch": [], "ifpfxstr": []}, {"name": "els", "last": 115, "word": "no", "longest": -1, "children": [{"name": "else", "last": 101, "word": "yes", "longest": 23, "children": []}], "kind": 2, "ifskip": [], "ifdrop": [], "iftoken": [{}], "ifpfxch": [], "ifpfxstr": []}, {"name": "else", "last": 101, "word": "yes", "longest": 23, "children": [], "kind": 6, "ifskip": [], "ifdrop": [], "iftoken": [{}], "ifpfxch": [], "ifpfxstr": []}, {"name": "en", "last": 110, "word": "no", "longest": -1, "children": [{"name": "enu", "last": 117, "word": "no", "longest": -1, "children": [{"name": "enum", "last": 109, "word": "yes", "longest": 24, "children": []}]}], "kind": 2, "ifskip": [], "ifdrop": [], "iftoken": [{}], "ifpfxch": [], "ifpfxstr": []}, {"name": "enu", "last": 117, "word": "no", "longest": -1, "children": [{"name": "enum", "last": 109, "word": "yes", "longest": 24, "children": []}], "kind": 2, "ifskip": [], "ifdrop": [], "iftoken": [{}], "ifpfxch": [], "ifpfxstr": []}, {"name": "enum", "last": 109, "word": "yes", "longest": 24, "children": [], "kind": 19, "ifskip": [], "ifdrop": [], "iftoken": [{}], "ifpfxch": [], "ifpfxstr": []}, {"name": "eo", "last": 111, "word": "no", "longest": -1, "children": [{"name": "eof", "last": 102, "word": "yes", "longest": 25, "children": []}], "kind": 2, "ifskip": [], "ifdrop": [], "iftoken": [{}], "ifpfxch": [], "ifpfxstr": []}, {"name": "eof", "last": 102, "word": "yes", "longest": 25, "children": [], "kind": 2, "ifskip": [], "ifdrop": [], "iftoken": [{}], "ifpfxch": [], "ifpfxstr": []}, {"name": "ex", "last": 120, "word": "no", "longest": -1, "children": [{"name": "ext", "last": 116, "word": "no", "longest": -1, "children": [{"name": "exte", "last": 101, "word": "no", "longest": -1, "children": [{"name": "exter", "last": 114, "word": "no", "longest": -1, "children": [{"name": "extern", "last": 110, "word": "yes", "longest": 26, "children": []}]}]}]}], "kind": 2, "ifskip": [], "ifdrop": [], "iftoken": [{}], "ifpfxch": [], "ifpfxstr": []}, {"name": "ext", "last": 116, "word": "no", "longest": -1, "children": [{"name": "exte", "last": 101, "word": "no", "longest": -1, "children": [{"name": "exter", "last": 114, "word": "no", "longest": -1, "children": [{"name": "extern", "last": 110, "word": "yes", "longest": 26, "children": []}]}]}], "kind": 2, "ifskip": [], "ifdrop": [], "iftoken": [{}], "ifpfxch": [], "ifpfxstr": []}, {"name": "exte", "last": 101, "word": "no", "longest": -1, "children": [{"name": "exter", "last": 114, "word": "no", "longest": -1, "children": [{"name": "extern", "last": 110, "word": "yes", "longest": 26, "children": []}]}], "kind": 2, "ifskip": [], "ifdrop": [], "iftoken": [{}], "ifpfxch": [], "ifpfxstr": []}, {"name": "exter", "last": 114, "word": "no", "longest": -1, "children": [{"name": "extern", "last": 110, "word": "yes", "longest": 26, "children": []}], "kind": 2, "ifskip": [], "ifdrop": [], "iftoken": [{}], "ifpfxch": [], "ifpfxstr": []}, {"name": "extern", "last": 110, "word": "yes", "longest": 26, "children": [], "kind": 1, "ifskip": [], "ifdrop": [], "iftoken": [{}], "ifpfxch": [], "ifpfxstr": []}, {"name": "f", "last": 102, "word": "no", "longest": -1, "children": [{"name": "fl", "last": 108, "word": "no", "longest": -1, "children": [{"name": "flo", "last": 111, "word": "no", "longest": -1, "children": [{"name": "floa", "last": 97, "word": "no", "longest": -1, "children": [{"name": "float", "last": 116, "word": "yes", "longest": 27, "children": []}]}]}]}, {"name": "fo", "last": 111, "word": "no", "longest": -1, "children": [{"name": "for", "last": 114, "word": "yes", "longest": 28, "children": []}]}], "kind": 2, "ifskip": [], "ifdrop": [], "iftoken": [{}], "ifpfxch": [], "ifpfxstr": []}, {"name": "fl", "last": 108, "word": "no", "longest": -1, "children": [{"name": "flo", "last": 111, "word": "no", "longest": -1, "children": [{"name": "floa", "last": 97, "word": "no", "longest": -1, "children": [{"name": "float", "last": 116, "word": "yes", "longest": 27, "children": []}]}]}], "kind": 2, "ifskip": [], "ifdrop": [], "iftoken": [{}], "ifpfxch": [], "ifpfxstr": []}, {"name": "flo", "last": 111, "word": "no", "longest": -1, "children": [{"name": "floa", "last": 97, "word": "no", "longest": -1, "children": [{"name": "float", "last": 116, "word": "yes", "longest": 27, "children": []}]}], "kind": 2, "ifskip": [], "ifdrop": [], "iftoken": [{}], "ifpfxch": [], "ifpfxstr": []}, {"name": "floa", "last": 97, "word": "no", "longest": -1, "children": [{"name": "float", "last": 116, "word": "yes", "longest": 27, "children": []}], "kind": 2, "ifskip": [], "ifdrop": [], "iftoken": [{}], "ifpfxch": [], "ifpfxstr": []}, {"name": "float", "last": 116, "word": "yes", "longest": 27, "children": [], "kind": 1, "ifskip": [], "ifdrop": [], "iftoken": [{}], "ifpfxch": [], "ifpfxstr": []}, {"name": "fo", "last": 111, "word": "no", "longest": -1, "children": [{"name": "for", "last": 114, "word": "yes", "longest": 28, "children": []}], "kind": 2, "ifskip": [], "ifdrop": [], "iftoken": [{}], "ifpfxch": [], "ifpfxstr": []}, {"name": "for", "last": 114, "word": "yes", "longest": 28, "children": [], "kind": 8, "ifskip": [], "ifdrop": [], "iftoken": [{}], "ifpfxch": [], "ifpfxstr": []}, {"name": "g", "last": 103, "word": "no", "longest": -1, "children": [{"name": "go", "last": 111, "word": "no", "longest": -1, "children": [{"name": "got", "last": 116, "word": "no", "longest": -1, "children": [{"name": "goto", "last": 111, "word": "yes", "longest": 29, "children": []}]}]}], "kind": 2, "ifskip": [], "ifdrop": [], "iftoken": [{}], "ifpfxch": [], "ifpfxstr": []}, {"name": "go", "last": 111, "word": "no", "longest": -1, "children": [{"name": "got", "last": 116, "word": "no", "longest": -1, "children": [{"name": "goto", "last": 111, "word": "yes", "longest": 29, "children": []}]}], "kind": 2, "ifskip": [], "ifdrop": [], "iftoken": [{}], "ifpfxch": [], "ifpfxstr": []}, {"name": "got", "last": 116, "word": "no", "longest": -1, "children": [{"name": "goto", "last": 111, "word": "yes", "longest": 29, "children": []}], "kind": 2, "ifskip": [], "ifdrop": [], "iftoken": [{}], "ifpfxch": [], "ifpfxstr": []}, {"name": "goto", "last": 111, "word": "yes", "longest": 29, "children": [], "kind": 54, "ifskip": [], "ifdrop": [], "iftoken": [{}], "ifpfxch": [], "ifpfxstr": []}, {"name": "i", "last": 105, "word": "no", "longest": -1, "children": [{"name": "id", "last": 100, "word": "yes", "longest": 30, "children": []}, {"name": "if", "last": 102, "word": "yes", "longest": 31, "children": []}, {"name": "in", "last": 110, "word": "no", "longest": -1, "children": [{"name": "inl", "last": 108, "word": "no", "longest": -1, "children": [{"name": "inli", "last": 105, "word": "no", "longest": -1, "children": [{"name": "inlin", "last": 110, "word": "no", "longest": -1, "children": [{"name": "inline", "last": 101, "word": "yes", "longest": 32, "children": []}]}]}]}, {"name": "int", "last": 116, "word": "yes", "longest": 33, "children": []}]}], "kind": 2, "ifskip": [], "ifdrop": [], "iftoken": [{}], "ifpfxch": [], "ifpfxstr": []}, {"name": "id", "last": 100, "word": "yes", "longest": 30, "children": [], "kind": 2, "ifskip": [], "ifdrop": [], "iftoken": [{}], "ifpfxch": [], "ifpfxstr": []}, {"name": "if", "last": 102, "word": "yes", "longest": 31, "children": [], "kind": 5, "ifskip": [], "ifdrop": [], "iftoken": [{}], "ifpfxch": [], "ifpfxstr": []}, {"name": "in", "last": 110, "word": "no", "longest": -1, "children": [{"name": "inl", "last": 108, "word": "no", "longest": -1, "children": [{"name": "inli", "last": 105, "word": "no", "longest": -1, "children": [{"name": "inlin", "last": 110, "word": "no", "longest": -1, "children": [{"name": "inline", "last": 101, "word": "yes", "longest": 32, "children": []}]}]}]}, {"name": "int", "last": 116, "word": "yes", "longest": 33, "children": []}], "kind": 2, "ifskip": [], "ifdrop": [], "iftoken": [{}], "ifpfxch": [], "ifpfxstr": []}, {"name": "inl", "last": 108, "word": "no", "longest": -1, "children": [{"name": "inli", "last": 105, "word": "no", "longest": -1, "children": [{"name": "inlin", "last": 110, "word": "no", "longest": -1, "children": [{"name": "inline", "last": 101, "word": "yes", "longest": 32, "children": []}]}]}], "kind": 2, "ifskip": [], "ifdrop": [], "iftoken": [{}], "ifpfxch": [], "ifpfxstr": []}, {"name": "inli", "last": 105, "word": "no", "longest": -1, "children": [{"name": "inlin", "last": 110, "word": "no", "longest": -1, "children": [{"name": "inline", "last": 101, "word": "yes", "longest": 32, "children": []}]}], "kind": 2, "ifskip": [], "ifdrop": [], "iftoken": [{}], "ifpfxch": [], "ifpfxstr": []}, {"name": "inlin", "last": 110, "word": "no", "longest": -1, "children": [{"name": "inline", "last": 101, "word": "yes", "longest": 32, "children": []}], "kind": 2, "ifskip": [], "ifdrop": [], "iftoken": [{}], "ifpfxch": [], "ifpfxstr": []}, {"name": "inline", "last": 101, "word": "yes", "longest": 32, "children": [], "kind": 1, "ifskip": [], "ifdrop": [], "iftoken": [{}], "ifpfxch": [], "ifpfxstr": []}, {"name": "int", "last": 116, "word": "yes", "longest": 33, "children": [], "kind": 1, "ifskip": [], "ifdrop": [], "iftoken": [{}], "ifpfxch": [], "ifpfxstr": []}, {"name": "l", "last": 108, "word": "no", "longest": -1, "children": [{"name": "lo", "last": 111, "word": "no", "longest": -1, "children": [{"name": "lon", "last": 110, "word": "no", "longest": -1, "children": [{"name": "long", "last": 103, "word": "yes", "longest": 34, "children": []}]}]}], "kind": 2, "ifskip": [], "ifdrop": [], "iftoken": [{}], "ifpfxch": [], "ifpfxstr": []}, {"name": "lo", "last": 111, "word": "no", "longest": -1, "children": [{"name": "lon", "last": 110, "word": "no", "longest": -1, "children": [{"name": "long", "last": 103, "word": "yes", "longest": 34, "children": []}]}], "kind": 2, "ifskip": [], "ifdrop": [], "iftoken": [{}], "ifpfxch": [], "ifpfxstr": []}, {"name": "lon", "last": 110, "word": "no", "longest": -1, "children": [{"name": "long", "last": 103, "word": "yes", "longest": 34, "children": []}], "kind": 2, "ifskip": [], "ifdrop": [], "iftoken": [{}], "ifpfxch": [], "ifpfxstr": []}, {"name": "long", "last": 103, "word": "yes", "longest": 34, "children": [], "kind": 1, "ifskip": [], "ifdrop": [], "iftoken": [{}], "ifpfxch": [], "ifpfxstr": []}, {"name": "n", "last": 110, "word": "no", "longest": -1, "children": [{"name": "nu", "last": 117, "word": "no", "longest": -1, "children": [{"name": "num", "last": 109, "word": "yes", "longest": 35, "children": []}]}], "kind": 2, "ifskip": [], "ifdrop": [], "iftoken": [{}], "ifpfxch": [], "ifpfxstr": []}, {"name": "nu", "last": 117, "word": "no", "longest": -1, "children": [{"name": "num", "last": 109, "word": "yes", "longest": 35, "children": []}], "kind": 2, "ifskip": [], "ifdrop": [], "iftoken": [{}], "ifpfxch": [], "ifpfxstr": []}, {"name": "num", "last": 109, "word": "yes", "longest": 35, "children": [], "kind": 2, "ifskip": [], "ifdrop": [], "iftoken": [{}], "ifpfxch": [], "ifpfxstr": []}, {"name": "r", "last": 114, "word": "no", "longest": -1, "children": [{"name": "re", "last": 101, "word": "no", "longest": -1, "children": [{"name": "reg", "last": 103, "word": "no", "longest": -1, "children": [{"name": "regi", "last": 105, "word": "no", "longest": -1, "children": [{"name": "regis", "last": 115, "word": "no", "longest": -1, "children": [{"name": "regist", "last": 116, "word": "no", "longest": -1, "children": [{"name": "registe", "last": 101, "word": "no", "longest": -1, "children": [{"name": "register", "last": 114, "word": "yes", "longest": 36, "children": []}]}]}]}]}]}, {"name": "res", "last": 115, "word": "no", "longest": -1, "children": [{"name": "rest", "last": 116, "word": "no", "longest": -1, "children": [{"name": "restr", "last": 114, "word": "no", "longest": -1, "children": [{"name": "restri", "last": 105, "word": "no", "longest": -1, "children": [{"name": "restric", "last": 99, "word": "no", "longest": -1, "children": [{"name": "restrict", "last": 116, "word": "yes", "longest": 37, "children": []}]}]}]}]}]}, {"name": "ret", "last": 116, "word": "no", "longest": -1, "children": [{"name": "retu", "last": 117, "word": "no", "longest": -1, "children": [{"name": "retur", "last": 114, "word": "no", "longest": -1, "children": [{"name": "return", "last": 110, "word": "yes", "longest": 38, "children": []}]}]}]}]}], "kind": 2, "ifskip": [], "ifdrop": [], "iftoken": [{}], "ifpfxch": [], "ifpfxstr": []}, {"name": "re", "last": 101, "word": "no", "longest": -1, "children": [{"name": "reg", "last": 103, "word": "no", "longest": -1, "children": [{"name": "regi", "last": 105, "word": "no", "longest": -1, "children": [{"name": "regis", "last": 115, "word": "no", "longest": -1, "children": [{"name": "regist", "last": 116, "word": "no", "longest": -1, "children": [{"name": "registe", "last": 101, "word": "no", "longest": -1, "children": [{"name": "register", "last": 114, "word": "yes", "longest": 36, "children": []}]}]}]}]}]}, {"name": "res", "last": 115, "word": "no", "longest": -1, "children": [{"name": "rest", "last": 116, "word": "no", "longest": -1, "children": [{"name": "restr", "last": 114, "word": "no", "longest": -1, "children": [{"name": "restri", "last": 105, "word": "no", "longest": -1, "children": [{"name": "restric", "last": 99, "word": "no", "longest": -1, "children": [{"name": "restrict", "last": 116, "word": "yes", "longest": 37, "children": []}]}]}]}]}]}, {"name": "ret", "last": 116, "word": "no", "longest": -1, "children": [{"name": "retu", "last": 117, "word": "no", "longest": -1, "children": [{"name": "retur", "last": 114, "word": "no", "longest": -1, "children": [{"name": "return", "last": 110, "word": "yes", "longest": 38, "children": []}]}]}]}], "kind": 2, "ifskip": [], "ifdrop": [], "iftoken": [{}], "ifpfxch": [], "ifpfxstr": []}, {"name": "reg", "last": 103, "word": "no", "longest": -1, "children": [{"name": "regi", "last": 105, "word": "no", "longest": -1, "children": [{"name": "regis", "last": 115, "word": "no", "longest": -1, "children": [{"name": "regist", "last": 116, "word": "no", "longest": -1, "children": [{"name": "registe", "last": 101, "word": "no", "longest": -1, "children": [{"name": "register", "last": 114, "word": "yes", "longest": 36, "children": []}]}]}]}]}], "kind": 2, "ifskip": [], "ifdrop": [], "iftoken": [{}], "ifpfxch": [], "ifpfxstr": []}, {"name": "regi", "last": 105, "word": "no", "longest": -1, "children": [{"name": "regis", "last": 115, "word": "no", "longest": -1, "children": [{"name": "regist", "last": 116, "word": "no", "longest": -1, "children": [{"name": "registe", "last": 101, "word": "no", "longest": -1, "children": [{"name": "register", "last": 114, "word": "yes", "longest": 36, "children": []}]}]}]}], "kind": 2, "ifskip": [], "ifdrop": [], "iftoken": [{}], "ifpfxch": [], "ifpfxstr": []}, {"name": "regis", "last": 115, "word": "no", "longest": -1, "children": [{"name": "regist", "last": 116, "word": "no", "longest": -1, "children": [{"name": "registe", "last": 101, "word": "no", "longest": -1, "children": [{"name": "register", "last": 114, "word": "yes", "longest": 36, "children": []}]}]}], "kind": 2, "ifskip": [], "ifdrop": [], "iftoken": [{}], "ifpfxch": [], "ifpfxstr": []}, {"name": "regist", "last": 116, "word": "no", "longest": -1, "children": [{"name": "registe", "last": 101, "word": "no", "longest": -1, "children": [{"name": "register", "last": 114, "word": "yes", "longest": 36, "children": []}]}], "kind": 2, "ifskip": [], "ifdrop": [], "iftoken": [{}], "ifpfxch": [], "ifpfxstr": []}, {"name": "registe", "last": 101, "word": "no", "longest": -1, "children": [{"name": "register", "last": 114, "word": "yes", "longest": 36, "children": []}], "kind": 2, "ifskip": [], "ifdrop": [], "iftoken": [{}], "ifpfxch": [], "ifpfxstr": []}, {"name": "register", "last": 114, "word": "yes", "longest": 36, "children": [], "kind": 1, "ifskip": [], "ifdrop": [], "iftoken": [{}], "ifpfxch": [], "ifpfxstr": []}, {"name": "res", "last": 115, "word": "no", "longest": -1, "children": [{"name": "rest", "last": 116, "word": "no", "longest": -1, "children": [{"name": "restr", "last": 114, "word": "no", "longest": -1, "children": [{"name": "restri", "last": 105, "word": "no", "longest": -1, "children": [{"name": "restric", "last": 99, "word": "no", "longest": -1, "children": [{"name": "restrict", "last": 116, "word": "yes", "longest": 37, "children": []}]}]}]}]}], "kind": 2, "ifskip": [], "ifdrop": [], "iftoken": [{}], "ifpfxch": [], "ifpfxstr": []}, {"name": "rest", "last": 116, "word": "no", "longest": -1, "children": [{"name": "restr", "last": 114, "word": "no", "longest": -1, "children": [{"name": "restri", "last": 105, "word": "no", "longest": -1, "children": [{"name": "restric", "last": 99, "word": "no", "longest": -1, "children": [{"name": "restrict", "last": 116, "word": "yes", "longest": 37, "children": []}]}]}]}], "kind": 2, "ifskip": [], "ifdrop": [], "iftoken": [{}], "ifpfxch": [], "ifpfxstr": []}, {"name": "restr", "last": 114, "word": "no", "longest": -1, "children": [{"name": "restri", "last": 105, "word": "no", "longest": -1, "children": [{"name": "restric", "last": 99, "word": "no", "longest": -1, "children": [{"name": "restrict", "last": 116, "word": "yes", "longest": 37, "children": []}]}]}], "kind": 2, "ifskip": [], "ifdrop": [], "iftoken": [{}], "ifpfxch": [], "ifpfxstr": []}, {"name": "restri", "last": 105, "word": "no", "longest": -1, "children": [{"name": "restric", "last": 99, "word": "no", "longest": -1, "children": [{"name": "restrict", "last": 116, "word": "yes", "longest": 37, "children": []}]}], "kind": 2, "ifskip": [], "ifdrop": [], "iftoken": [{}], "ifpfxch": [], "ifpfxstr": []}, {"name": "restric", "last": 99, "word": "no", "longest": -1, "children": [{"name": "restrict", "last": 116, "word": "yes", "longest": 37, "children": []}], "kind": 2, "ifskip": [], "ifdrop": [], "iftoken": [{}], "ifpfxch": [], "ifpfxstr": []}, {"name": "restrict", "last": 116, "word": "yes", "longest": 37, "children": [], "kind": 1, "ifskip": [], "ifdrop": [], "iftoken": [{}], "ifpfxch": [], "ifpfxstr": []}, {"name": "ret", "last": 116, "word": "no", "longest": -1, "children": [{"name": "retu", "last": 117, "word": "no", "longest": -1, "children": [{"name": "retur", "last": 114, "word": "no", "longest": -1, "children": [{"name": "return", "last": 110, "word": "yes", "longest": 38, "children": []}]}]}], "kind": 2, "ifskip": [], "ifdrop": [], "iftoken": [{}], "ifpfxch": [], "ifpfxstr": []}, {"name": "retu", "last": 117, "word": "no", "longest": -1, "children": [{"name": "retur", "last": 114, "word": "no", "longest": -1, "children": [{"name": "return", "last": 110, "word": "yes", "longest": 38, "children": []}]}], "kind": 2, "ifskip": [], "ifdrop": [], "iftoken": [{}], "ifpfxch": [], "ifpfxstr": []}, {"name": "retur", "last": 114, "word": "no", "longest": -1, "children": [{"name": "return", "last": 110, "word": "yes", "longest": 38, "children": []}], "kind": 2, "ifskip": [], "ifdrop": [], "iftoken": [{}], "ifpfxch": [], "ifpfxstr": []}, {"name": "return", "last": 110, "word": "yes", "longest": 38, "children": [], "kind": 13, "ifskip": [], "ifdrop": [], "iftoken": [{}], "ifpfxch": [], "ifpfxstr": []}, {"name": "s", "last": 115, "word": "no", "longest": -1, "children": [{"name": "sh", "last": 104, "word": "no", "longest": -1, "children": [{"name": "sho", "last": 111, "word": "no", "longest": -1, "children": [{"name": "shor", "last": 114, "word": "no", "longest": -1, "children": [{"name": "short", "last": 116, "word": "yes", "longest": 39, "children": []}]}]}]}, {"name": "si", "last": 105, "word": "no", "longest": -1, "children": [{"name": "sig", "last": 103, "word": "no", "longest": -1, "children": [{"name": "sign", "last": 110, "word": "no", "longest": -1, "children": [{"name": "signe", "last": 101, "word": "no", "longest": -1, "children": [{"name": "signed", "last": 100, "word": "yes", "longest": 40, "children": []}]}]}]}, {"name": "siz", "last": 122, "word": "no", "longest": -1, "children": [{"name": "size", "last": 101, "word": "no", "longest": -1, "children": [{"name": "sizeo", "last": 111, "word": "no", "longest": -1, "children": [{"name": "sizeof", "last": 102, "word": "yes", "longest": 41, "children": []}]}]}]}]}, {"name": "st", "last": 116, "word": "no", "longest": -1, "children": [{"name": "sta", "last": 97, "word": "no", "longest": -1, "children": [{"name": "stat", "last": 116, "word": "no", "longest": -1, "children": [{"name": "stati", "last": 105, "word": "no", "longest": -1, "children": [{"name": "static", "last": 99, "word": "yes", "longest": 42, "children": []}]}]}]}, {"name": "str", "last": 114, "word": "yes", "longest": 43, "children": [{"name": "stru", "last": 117, "word": "no", "longest": 43, "children": [{"name": "struc", "last": 99, "word": "no", "longest": 43, "children": [{"name": "struct", "last": 116, "word": "yes", "longest": 44, "children": []}]}]}]}]}, {"name": "sw", "last": 119, "word": "no", "longest": -1, "children": [{"name": "swi", "last": 105, "word": "no", "longest": -1, "children": [{"name": "swit", "last": 116, "word": "no", "longest": -1, "children": [{"name": "switc", "last": 99, "word": "no", "longest": -1, "children": [{"name": "switch", "last": 104, "word": "yes", "longest": 45, "children": []}]}]}]}]}], "kind": 2, "ifskip": [], "ifdrop": [], "iftoken": [{}], "ifpfxch": [], "ifpfxstr": []}, {"name": "sh", "last": 104, "word": "no", "longest": -1, "children": [{"name": "sho", "last": 111, "word": "no", "longest": -1, "children": [{"name": "shor", "last": 114, "word": "no", "longest": -1, "children": [{"name": "short", "last": 116, "word": "yes", "longest": 39, "children": []}]}]}], "kind": 2, "ifskip": [], "ifdrop": [], "iftoken": [{}], "ifpfxch": [], "ifpfxstr": []}, {"name": "sho", "last": 111, "word": "no", "longest": -1, "children": [{"name": "shor", "last": 114, "word": "no", "longest": -1, "children": [{"name": "short", "last": 116, "word": "yes", "longest": 39, "children": []}]}], "kind": 2, "ifskip": [], "ifdrop": [], "iftoken": [{}], "ifpfxch": [], "ifpfxstr": []}, {"name": "shor", "last": 114, "word": "no", "longest": -1, "children": [{"name": "short", "last": 116, "word": "yes", "longest": 39, "children": []}], "kind": 2, "ifskip": [], "ifdrop": [], "iftoken": [{}], "ifpfxch": [], "ifpfxstr": []}, {"name": "short", "last": 116, "word": "yes", "longest": 39, "children": [], "kind": 1, "ifskip": [], "ifdrop": [], "iftoken": [{}], "ifpfxch": [], "ifpfxstr": []}, {"name": "si", "last": 105, "word": "no", "longest": -1, "children": [{"name": "sig", "last": 103, "word": "no", "longest": -1, "children": [{"name": "sign", "last": 110, "word": "no", "longest": -1, "children": [{"name": "signe", "last": 101, "word": "no", "longest": -1, "children": [{"name": "signed", "last": 100, "word": "yes", "longest": 40, "children": []}]}]}]}, {"name": "siz", "last": 122, "word": "no", "longest": -1, "children": [{"name": "size", "last": 101, "word": "no", "longest": -1, "children": [{"name": "sizeo", "last": 111, "word": "no", "longest": -1, "children": [{"name": "sizeof", "last": 102, "word": "yes", "longest": 41, "children": []}]}]}]}], "kind": 2, "ifskip": [], "ifdrop": [], "iftoken": [{}], "ifpfxch": [], "ifpfxstr": []}, {"name": "sig", "last": 103, "word": "no", "longest": -1, "children": [{"name": "sign", "last": 110, "word": "no", "longest": -1, "children": [{"name": "signe", "last": 101, "word": "no", "longest": -1, "children": [{"name": "signed", "last": 100, "word": "yes", "longest": 40, "children": []}]}]}], "kind": 2, "ifskip": [], "ifdrop": [], "iftoken": [{}], "ifpfxch": [], "ifpfxstr": []}, {"name": "sign", "last": 110, "word": "no", "longest": -1, "children": [{"name": "signe", "last": 101, "word": "no", "longest": -1, "children": [{"name": "signed", "last": 100, "word": "yes", "longest": 40, "children": []}]}], "kind": 2, "ifskip": [], "ifdrop": [], "iftoken": [{}], "ifpfxch": [], "ifpfxstr": []}, {"name": "signe", "last": 101, "word": "no", "longest": -1, "children": [{"name": "signed", "last": 100, "word": "yes", "longest": 40, "children": []}], "kind": 2, "ifskip": [], "ifdrop": [], "iftoken": [{}], "ifpfxch": [], "ifpfxstr": []}, {"name": "signed", "last": 100, "word": "yes", "longest": 40, "children": [], "kind": 1, "ifskip": [], "ifdrop": [], "iftoken": [{}], "ifpfxch": [], "ifpfxstr": []}, {"name": "siz", "last": 122, "word": "no", "longest": -1, "children": [{"name": "size", "last": 101, "word": "no", "longest": -1, "children": [{"name": "sizeo", "last": 111, "word": "no", "longest": -1, "children": [{"name": "sizeof", "last": 102, "word": "yes", "longest": 41, "children": []}]}]}], "kind": 2, "ifskip": [], "ifdrop": [], "iftoken": [{}], "ifpfxch": [], "ifpfxstr": []}, {"name": "size", "last": 101, "word": "no", "longest": -1, "children": [{"name": "sizeo", "last": 111, "word": "no", "longest": -1, "children": [{"name": "sizeof", "last": 102, "word": "yes", "longest": 41, "children": []}]}], "kind": 2, "ifskip": [], "ifdrop": [], "iftoken": [{}], "ifpfxch": [], "ifpfxstr": []}, {"name": "sizeo", "last": 111, "word": "no", "longest": -1, "children": [{"name": "sizeof", "last": 102, "word": "yes", "longest": 41, "children": []}], "kind": 2, "ifskip": [], "ifdrop": [], "iftoken": [{}], "ifpfxch": [], "ifpfxstr": []}, {"name": "sizeof", "last": 102, "word": "yes", "longest": 41, "children": [], "kind": 16, "ifskip": [], "ifdrop": [], "iftoken": [{}], "ifpfxch": [], "ifpfxstr": []}, {"name": "st", "last": 116, "word": "no", "longest": -1, "children": [{"name": "sta", "last": 97, "word": "no", "longest": -1, "children": [{"name": "stat", "last": 116, "word": "no", "longest": -1, "children": [{"name": "stati", "last": 105, "word": "no", "longest": -1, "children": [{"name": "static", "last": 99, "word": "yes", "longest": 42, "children": []}]}]}]}, {"name": "str", "last": 114, "word": "yes", "longest": 43, "children": [{"name": "stru", "last": 117, "word": "no", "longest": 43, "children": [{"name": "struc", "last": 99, "word": "no", "longest": 43, "children": [{"name": "struct", "last": 116, "word": "yes", "longest": 44, "children": []}]}]}]}], "kind": 2, "ifskip": [], "ifdrop": [], "iftoken": [{}], "ifpfxch": [], "ifpfxstr": []}, {"name": "sta", "last": 97, "word": "no", "longest": -1, "children": [{"name": "stat", "last": 116, "word": "no", "longest": -1, "children": [{"name": "stati", "last": 105, "word": "no", "longest": -1, "children": [{"name": "static", "last": 99, "word": "yes", "longest": 42, "children": []}]}]}], "kind": 2, "ifskip": [], "ifdrop": [], "iftoken": [{}], "ifpfxch": [], "ifpfxstr": []}, {"name": "stat", "last": 116, "word": "no", "longest": -1, "children": [{"name": "stati", "last": 105, "word": "no", "longest": -1, "children": [{"name": "static", "last": 99, "word": "yes", "longest": 42, "children": []}]}], "kind": 2, "ifskip": [], "ifdrop": [], "iftoken": [{}], "ifpfxch": [], "ifpfxstr": []}, {"name": "stati", "last": 105, "word": "no", "longest": -1, "children": [{"name": "static", "last": 99, "word": "yes", "longest": 42, "children": []}], "kind": 2, "ifskip": [], "ifdrop": [], "iftoken": [{}], "ifpfxch": [], "ifpfxstr": []}, {"name": "static", "last": 99, "word": "yes", "longest": 42, "children": [], "kind": 1, "ifskip": [], "ifdrop": [], "iftoken": [{}], "ifpfxch": [], "ifpfxstr": []}, {"name": "str", "last": 114, "word": "yes", "longest": 43, "children": [{"name": "stru", "last": 117, "word": "no", "longest": 43, "children": [{"name": "struc", "last": 99, "word": "no", "longest": 43, "children": [{"name": "struct", "last": 116, "word": "yes", "longest": 44, "children": []}]}]}], "kind": 2, "ifskip": [], "ifdrop": [], "iftoken": [{}], "ifpfxch": [], "ifpfxstr": []}, {"name": "stru", "last": 117, "word": "no", "longest": 43, "children": [{"name": "struc", "last": 99, "word": "no", "longest": 43, "children": [{"name": "struct", "last": 116, "word": "yes", "longest": 44, "children": []}]}], "kind": 2, "ifskip": [], "ifdrop": [], "iftoken": [{}], "ifpfxch": [], "ifpfxstr": []}, {"name": "struc", "last": 99, "word": "no", "longest": 43, "children": [{"name": "struct", "last": 116, "word": "yes", "longest": 44, "children": []}], "kind": 2, "ifskip": [], "ifdrop": [], "iftoken": [{}], "ifpfxch": [], "ifpfxstr": []}, {"name": "struct", "last": 116, "word": "yes", "longest": 44, "children": [], "kind": 17, "ifskip": [], "ifdrop": [], "iftoken": [{}], "ifpfxch": [], "ifpfxstr": []}, {"name": "sw", "last": 119, "word": "no", "longest": -1, "children": [{"name": "swi", "last": 105, "word": "no", "longest": -1, "children": [{"name": "swit", "last": 116, "word": "no", "longest": -1, "children": [{"name": "switc", "last": 99, "word": "no", "longest": -1, "children": [{"name": "switch", "last": 104, "word": "yes", "longest": 45, "children": []}]}]}]}], "kind": 2, "ifskip": [], "ifdrop": [], "iftoken": [{}], "ifpfxch": [], "ifpfxstr": []}, {"name": "swi", "last": 105, "word": "no", "longest": -1, "children": [{"name": "swit", "last": 116, "word": "no", "longest": -1, "children": [{"name": "switc", "last": 99, "word": "no", "longest": -1, "children": [{"name": "switch", "last": 104, "word": "yes", "longest": 45, "children": []}]}]}], "kind": 2, "ifskip": [], "ifdrop": [], "iftoken": [{}], "ifpfxch": [], "ifpfxstr": []}, {"name": "swit", "last": 116, "word": "no", "longest": -1, "children": [{"name": "switc", "last": 99, "word": "no", "longest": -1, "children": [{"name": "switch", "last": 104, "word": "yes", "longest": 45, "children": []}]}], "kind": 2, "ifskip": [], "ifdrop": [], "iftoken": [{}], "ifpfxch": [], "ifpfxstr": []}, {"name": "switc", "last": 99, "word": "no", "longest": -1, "children": [{"name": "switch", "last": 104, "word": "yes", "longest": 45, "children": []}], "kind": 2, "ifskip": [], "ifdrop": [], "iftoken": [{}], "ifpfxch": [], "ifpfxstr": []}, {"name": "switch", "last": 104, "word": "yes", "longest": 45, "children": [], "kind": 10, "ifskip": [], "ifdrop": [], "iftoken": [{}], "ifpfxch": [], "ifpfxstr": []}, {"name": "t", "last": 116, "word": "no", "longest": -1, "children": [{"name": "ty", "last": 121, "word": "no", "longest": -1, "children": [{"name": "typ", "last": 112, "word": "no", "longest": -1, "children": [{"name": "type", "last": 101, "word": "yes", "longest": 46, "children": [{"name": "typed", "last": 100, "word": "no", "longest": 46, "children": [{"name": "typede", "last": 101, "word": "no", "longest": 46, "children": [{"name": "typedef", "last": 102, "word": "yes", "longest": 47, "children": []}]}]}]}]}]}], "kind": 2, "ifskip": [], "ifdrop": [], "iftoken": [{}], "ifpfxch": [], "ifpfxstr": []}, {"name": "ty", "last": 121, "word": "no", "longest": -1, "children": [{"name": "typ", "last": 112, "word": "no", "longest": -1, "children": [{"name": "type", "last": 101, "word": "yes", "longest": 46, "children": [{"name": "typed", "last": 100, "word": "no", "longest": 46, "children": [{"name": "typede", "last": 101, "word": "no", "longest": 46, "children": [{"name": "typedef", "last": 102, "word": "yes", "longest": 47, "children": []}]}]}]}]}], "kind": 2, "ifskip": [], "ifdrop": [], "iftoken": [{}], "ifpfxch": [], "ifpfxstr": []}, {"name": "typ", "last": 112, "word": "no", "longest": -1, "children": [{"name": "type", "last": 101, "word": "yes", "longest": 46, "children": [{"name": "typed", "last": 100, "word": "no", "longest": 46, "children": [{"name": "typede", "last": 101, "word": "no", "longest": 46, "children": [{"name": "typedef", "last": 102, "word": "yes", "longest": 47, "children": []}]}]}]}], "kind": 2, "ifskip": [], "ifdrop": [], "iftoken": [{}], "ifpfxch": [], "ifpfxstr": []}, {"name": "type", "last": 101, "word": "yes", "longest": 46, "children": [{"name": "typed", "last": 100, "word": "no", "longest": 46, "children": [{"name": "typede", "last": 101, "word": "no", "longest": 46, "children": [{"name": "typedef", "last": 102, "word": "yes", "longest": 47, "children": []}]}]}], "kind": 2, "ifskip": [], "ifdrop": [], "iftoken": [{}], "ifpfxch": [], "ifpfxstr": []}, {"name": "typed", "last": 100, "word": "no", "longest": 46, "children": [{"name": "typede", "last": 101, "word": "no", "longest": 46, "children": [{"name": "typedef", "last": 102, "word": "yes", "longest": 47, "children": []}]}], "kind": 2, "ifskip": [], "ifdrop": [], "iftoken": [{}], "ifpfxch": [], "ifpfxstr": []}, {"name": "typede", "last": 101, "word": "no", "longest": 46, "children": [{"name": "typedef", "last": 102, "word": "yes", "longest": 47, "children": []}], "kind": 2, "ifskip": [], "ifdrop": [], "iftoken": [{}], "ifpfxch": [], "ifpfxstr": []}, {"name": "typedef", "last": 102, "word": "yes", "longest": 47, "children": [], "kind": 18, "ifskip": [], "ifdrop": [], "iftoken": [{}], "ifpfxch": [], "ifpfxstr": []}, {"name": "u", "last": 117, "word": "yes", "longest": 48, "children": [{"name": "u8", "last": 56, "word": "yes", "longest": 49, "children": []}, {"name": "un", "last": 110, "word": "no", "longest": 48, "children": [{"name": "uni", "last": 105, "word": "no", "longest": 48, "children": [{"name": "unio", "last": 111, "word": "no", "longest": 48, "children": [{"name": "union", "last": 110, "word": "yes", "longest": 50, "children": []}]}]}, {"name": "uns", "last": 115, "word": "no", "longest": 48, "children": [{"name": "unsi", "last": 105, "word": "no", "longest": 48, "children": [{"name": "unsig", "last": 103, "word": "no", "longest": 48, "children": [{"name": "unsign", "last": 110, "word": "no", "longest": 48, "children": [{"name": "unsigne", "last": 101, "word": "no", "longest": 48, "children": [{"name": "unsigned", "last": 100, "word": "yes", "longest": 51, "children": []}]}]}]}]}]}]}], "kind": 2, "ifskip": [], "ifdrop": [], "iftoken": [{}], "ifpfxch": [{}], "ifpfxstr": [{}]}, {"name": "u8", "last": 56, "word": "yes", "longest": 49, "children": [], "kind": 2, "ifskip": [], "ifdrop": [], "iftoken": [{}], "ifpfxch": [{}], "ifpfxstr": [{}]}, {"name": "un", "last": 110, "word": "no", "longest": 48, "children": [{"name": "uni", "last": 105, "word": "no", "longest": 48, "children": [{"name": "unio", "last": 111, "word": "no", "longest": 48, "children": [{"name": "union", "last": 110, "word": "yes", "longest": 50, "children": []}]}]}, {"name": "uns", "last": 115, "word": "no", "longest": 48, "children": [{"name": "unsi", "last": 105, "word": "no", "longest": 48, "children": [{"name": "unsig", "last": 103, "word": "no", "longest": 48, "children": [{"name": "unsign", "last": 110, "word": "no", "longest": 48, "children": [{"name": "unsigne", "last": 101, "word": "no", "longest": 48, "children": [{"name": "unsigned", "last": 100, "word": "yes", "longest": 51, "children": []}]}]}]}]}]}], "kind": 2, "ifskip": [], "ifdrop": [], "iftoken": [{}], "ifpfxch": [], "ifpfxstr": []}, {"name": "uni", "last": 105, "word": "no", "longest": 48, "children": [{"name": "unio", "last": 111, "word": "no", "longest": 48, "children": [{"name": "union", "last": 110, "word": "yes", "longest": 50, "children": []}]}], "kind": 2, "ifskip": [], "ifdrop": [], "iftoken": [{}], "ifpfxch": [], "ifpfxstr": []}, {"name": "unio", "last": 111, "word": "no", "longest": 48, "children": [{"name": "union", "last": 110, "word": "yes", "longest": 50, "children": []}], "kind": 2, "ifskip": [], "ifdrop": [], "iftoken": [{}], "ifpfxch": [], "ifpfxstr": []}, {"name": "union", "last": 110, "word": "yes", "longest": 50, "children": [], "kind": 59, "ifskip": [], "ifdrop": [], "iftoken": [{}], "ifpfxch": [], "ifpfxstr": []}, {"name": "uns", "last": 115, "word": "no", "longest": 48, "children": [{"name": "unsi", "last": 105, "word": "no", "longest": 48, "children": [{"name": "unsig", "last": 103, "word": "no", "longest": 48, "children": [{"name": "unsign", "last": 110, "word": "no", "longest": 48, "children": [{"name": "unsigne", "last": 101, "word": "no", "longest": 48, "children": [{"name": "unsigned", "last": 100, "word": "yes", "longest": 51, "children": []}]}]}]}]}], "kind": 2, "ifskip": [], "ifdrop": [], "iftoken": [{}], "ifpfxch": [], "ifpfxstr": []}, {"name": "unsi", "last": 105, "word": "no", "longest": 48, "children": [{"name": "unsig", "last": 103, "word": "no", "longest": 48, "children": [{"name": "unsign", "last": 110, "word": "no", "longest": 48, "children": [{"name": "unsigne", "last": 101, "word": "no", "longest": 48, "children": [{"name": "unsigned", "last": 100, "word": "yes", "longest": 51, "children": []}]}]}]}], "kind": 2, "ifskip": [], "ifdrop": [], "iftoken": [{}], "ifpfxch": [], "ifpfxstr": []}, {"name": "unsig", "last": 103, "word": "no", "longest": 48, "children": [{"name": "unsign", "last": 110, "word": "no", "longest": 48, "children": [{"name": "unsigne", "last": 101, "word": "no", "longest": 48, "children": [{"name": "unsigned", "last": 100, "word": "yes", "longest": 51, "children": []}]}]}], "kind": 2, "ifskip": [], "ifdrop": [], "iftoken": [{}], "ifpfxch": [], "ifpfxstr": []}, {"name": "unsign", "last": 110, "word": "no", "longest": 48, "children": [{"name": "unsigne", "last": 101, "word": "no", "longest": 48, "children": [{"name": "unsigned", "last": 100, "word": "yes", "longest": 51, "children": []}]}], "kind": 2, "ifskip": [], "ifdrop": [], "iftoken": [{}], "ifpfxch": [], "ifpfxstr": []}, {"name": "unsigne", "last": 101, "word": "no", "longest": 48, "children": [{"name": "unsigned", "last": 100, "word": "yes", "longest": 51, "children": []}], "kind": 2, "ifskip": [], "ifdrop": [], "iftoken": [{}], "ifpfxch": [], "ifpfxstr": []}, {"name": "unsigned", "last": 100, "word": "yes", "longest": 51, "children": [], "kind": 1, "ifskip": [], "ifdrop": [], "iftoken": [{}], "ifpfxch": [], "ifpfxstr": []}, {"name": "v", "last": 118, "word": "no", "longest": -1, "children": [{"name": "vo", "last": 111, "word": "no", "longest": -1, "children": [{"name": "voi", "last": 105, "word": "no", "longest": -1, "children": [{"name": "void", "last": 100, "word": "yes", "longest": 52, "children": []}]}, {"name": "vol", "last": 108, "word": "no", "longest": -1, "children": [{"name": "vola", "last": 97, "word": "no", "longest": -1, "children": [{"name": "volat", "last": 116, "word": "no", "longest": -1, "children": [{"name": "volati", "last": 105, "word": "no", "longest": -1, "children": [{"name": "volatil", "last": 108, "word": "no", "longest": -1, "children": [{"name": "volatile", "last": 101, "word": "yes", "longest": 53, "children": []}]}]}]}]}]}]}], "kind": 2, "ifskip": [], "ifdrop": [], "iftoken": [{}], "ifpfxch": [], "ifpfxstr": []}, {"name": "vo", "last": 111, "word": "no", "longest": -1, "children": [{"name": "voi", "last": 105, "word": "no", "longest": -1, "children": [{"name": "void", "last": 100, "word": "yes", "longest": 52, "children": []}]}, {"name": "vol", "last": 108, "word": "no", "longest": -1, "children": [{"name": "vola", "last": 97, "word": "no", "longest": -1, "children": [{"name": "volat", "last": 116, "word": "no", "longest": -1, "children": [{"name": "volati", "last": 105, "word": "no", "longest": -1, "children": [{"name": "volatil", "last": 108, "word": "no", "longest": -1, "children": [{"name": "volatile", "last": 101, "word": "yes", "longest": 53, "children": []}]}]}]}]}]}], "kind": 2, "ifskip": [], "ifdrop": [], "iftoken": [{}], "ifpfxch": [], "ifpfxstr": []}, {"name": "voi", "last": 105, "word": "no", "longest": -1, "children": [{"name": "void", "last": 100, "word": "yes", "longest": 52, "children": []}], "kind": 2, "ifskip": [], "ifdrop": [], "iftoken": [{}], "ifpfxch": [], "ifpfxstr": []}, {"name": "void", "last": 100, "word": "yes", "longest": 52, "children": [], "kind": 1, "ifskip": [], "ifdrop": [], "iftoken": [{}], "ifpfxch": [], "ifpfxstr": []}, {"name": "vol", "last": 108, "word": "no", "longest": -1, "children": [{"name": "vola", "last": 97, "word": "no", "longest": -1, "children": [{"name": "volat", "last": 116, "word": "no", "longest": -1, "children": [{"name": "volati", "last": 105, "word": "no", "longest": -1, "children": [{"name": "volatil", "last": 108, "word": "no", "longest": -1, "children": [{"name": "volatile", "last": 101, "word": "yes", "longest": 53, "children": []}]}]}]}]}], "kind": 2, "ifskip": [], "ifdrop": [], "iftoken": [{}], "ifpfxch": [], "ifpfxstr": []}, {"name": "vola", "last": 97, "word": "no", "longest": -1, "children": [{"name": "volat", "last": 116, "word": "no", "longest": -1, "children": [{"name": "volati", "last": 105, "word": "no", "longest": -1, "children": [{"name": "volatil", "last": 108, "word": "no", "longest": -1, "children": [{"name": "volatile", "last": 101, "word": "yes", "longest": 53, "children": []}]}]}]}], "kind": 2, "ifskip": [], "ifdrop": [], "iftoken": [{}], "ifpfxch": [], "ifpfxstr": []}, {"name": "volat", "last": 116, "word": "no", "longest": -1, "children": [{"name": "volati", "last": 105, "word": "no", "longest": -1, "children": [{"name": "volatil", "last": 108, "word": "no", "longest": -1, "children": [{"name": "volatile", "last": 101, "word": "yes", "longest": 53, "children": []}]}]}], "kind": 2, "ifskip": [], "ifdrop": [], "iftoken": [{}], "ifpfxch": [], "ifpfxstr": []}, {"name": "volati", "last": 105, "word": "no", "longest": -1, "children": [{"name": "volatil", "last": 108, "word": "no", "longest": -1, "children": [{"name": "volatile", "last": 101, "word": "yes", "longest": 53, "children": []}]}], "kind": 2, "ifskip": [], "ifdrop": [], "iftoken": [{}], "ifpfxch": [], "ifpfxstr": []}, {"name": "volatil", "last": 108, "word": "no", "longest": -1, "children": [{"name": "volatile", "last": 101, "word": "yes", "longest": 53, "children": []}], "kind": 2, "ifskip": [], "ifdrop": [], "iftoken": [{}], "ifpfxch": [], "ifpfxstr": []}, {"name": "volatile", "last": 101, "word": "yes", "longest": 53, "children": [], "kind": 1, "ifskip": [], "ifdrop": [], "iftoken": [{}], "ifpfxch": [], "ifpfxstr": []}, {"name": "w", "last": 119, "word": "no", "longest": -1, "children": [{"name": "wh", "last": 104, "word": "no", "longest": -1, "children": [{"name": "whi", "last": 105, "word": "no", "longest": -1, "children": [{"name": "whil", "last": 108, "word": "no", "longest": -1, "children": [{"name": "while", "last": 101, "word": "yes", "longest": 54, "children": []}]}]}]}], "kind": 2, "ifskip": [], "ifdrop": [], "iftoken": [{}], "ifpfxch": [], "ifpfxstr": []}, {"name": "wh", "last": 104, "word": "no", "longest": -1, "children": [{"name": "whi", "last": 105, "word": "no", "longest": -1, "children": [{"name": "whil", "last": 108, "word": "no", "longest": -1, "children": [{"name": "while", "last": 101, "word": "yes", "longest": 54, "children": []}]}]}], "kind": 2, "ifskip": [], "ifdrop": [], "iftoken": [{}], "ifpfxch": [], "ifpfxstr": []}, {"name": "whi", "last": 105, "word": "no", "longest": -1, "children": [{"name": "whil", "last": 108, "word": "no", "longest": -1, "children": [{"name": "while", "last": 101, "word": "yes", "longest": 54, "children": []}]}], "kind": 2, "ifskip": [], "ifdrop": [], "iftoken": [{}], "ifpfxch": [], "ifpfxstr": []}, {"name": "whil", "last": 108, "word": "no", "longest": -1, "children": [{"name": "while", "last": 101, "word": "yes", "longest": 54, "children": []}], "kind": 2, "ifskip": [], "ifdrop": [], "iftoken": [{}], "ifpfxch": [], "ifpfxstr": []}, {"name": "while", "last": 101, "word": "yes", "longest": 54, "children": [], "kind": 7, "ifskip": [], "ifdrop": [], "iftoken": [{}], "ifpfxch": [], "ifpfxstr": []}]
=OPPFX	json	[{"name": "!", "last": 33, "word": "yes", "longest": 48, "children": [{"name": "!=", "last": 61, "word": "yes", "longest": 41, "children": []}]}, {"name": "!=", "last": 61, "word": "yes", "longest": 41, "children": []}, {"name": "%", "last": 37, "word": "yes", "longest": 39, "children": [{"name": "%=", "last": 61, "word": "yes", "longest": 61, "children": []}]}, {"name": "%=", "last": 61, "word": "yes", "longest": 61, "children": []}, {"name": "&", "last": 38, "word": "yes", "longest": 49, "children": [{"name": "&&", "last": 38, "word": "yes", "longest": 46, "children": []}, {"name": "&=", "last": 61, "word": "yes", "longest": 62, "children": []}]}, {"name": "&&", "last": 38, "word": "yes", "longest": 46, "children": []}, {"name": "&=", "last": 61, "word": "yes", "longest": 62, "children": []}, {"name": "(", "last": 40, "word": "yes", "longest": 22, "children": []}, {"name": ")", "last": 41, "word": "yes", "longest": 23, "children": []}, {"name": "*", "last": 42, "word": "yes", "longest": 37, "children": [{"name": "*=", "last": 61, "word": "yes", "longest": 31, "children": []}]}, {"name": "*=", "last": 61, "word": "yes", "longest": 31, "children": []}, {"name": "+", "last": 43, "word": "yes", "longest": 35, "children": [{"name": "++", "last": 43, "word": "yes", "longest": 50, "children": []}, {"name": "+=", "last": 61, "word": "yes", "longest": 29, "children": []}]}, {"name": "++", "last": 43, "word": "yes", "longest": 50, "children": []}, {"name": "+=", "last": 61, "word": "yes", "longest": 29, "children": []}, {"name": ",", "last": 44, "word": "yes", "longest": 27, "children": []}, {"name": "-", "last": 45, "word": "yes", "longest": 36, "children": [{"name": "--", "last": 45, "word": "yes", "longest": 51, "children": []}, {"name": "-=", "last": 61, "word": "yes", "longest": 30, "children": []}, {"name": "->", "last": 62, "word": "yes", "longest": 53, "children": []}]}, {"name": "--", "last": 45, "word": "yes", "longest": 51, "children": []}, {"name": "-=", "last": 61, "word": "yes", "longest": 30, "children": []}, {"name": "->", "last": 62, "word": "yes", "longest": 53, "children": []}, {"name": ".", "last": 46, "word": "yes", "longest": 52, "children": [{"name": "..", "last": 46, "word": "no", "longest": 52, "children": [{"name": "...", "last": 46, "word": "yes", "longest": 67, "children": []}]}]}, {"name": "..", "last": 46, "word": "no", "longest": 52, "children": [{"name": "...", "last": 46, "word": "yes", "longest": 67, "children": []}]}, {"name": "...", "last": 46, "word": "yes", "longest": 67, "children": []}, {"name": "/", "last": 47, "word": "yes", "longest": 38, "children": [{"name": "/=", "last": 61, "word": "yes", "longest": 32, "children": []}]}, {"name": "/=", "last": 61, "word": "yes", "longest": 32, "children": []}, {"name": ":", "last": 58, "word": "yes", "longest": 34, "children": []}, {"name": ";", "last": 59, "word": "yes", "longest": 26, "children": []}, {"name": "<", "last": 60, "word": "yes", "longest": 42, "children": [{"name": "<<", "last": 60, "word": "yes", "longest": 57, "children": [{"name": "<<=", "last": 61, "word": "yes", "longest": 65, "children": []}]}, {"name": "<=", "last": 61, "word": "yes", "longest": 44, "children": []}]}, {"name": "<<", "last": 60, "word": "yes", "longest": 57, "children": [{"name": "<<=", "last": 61, "word": "yes", "longest": 65, "children": []}]}, {"name": "<<=", "last": 61, "word": "yes", "longest": 65, "children": []}, {"name": "<=", "last": 61, "word": "yes", "longest": 44, "children": []}, {"name": "=", "last": 61, "word": "yes", "longest": 28, "children": [{"name": "==", "last": 61, "word": "yes", "longest": 40, "children": []}]}, {"name": "==", "last": 61, "word": "yes", "longest": 40, "children": []}, {"name": ">", "last": 62, "word": "yes", "longest": 43, "children": [{"name": ">=", "last": 61, "word": "yes", "longest": 45, "children": []}, {"name": ">>", "last": 62, "word": "yes", "longest": 58, "children": [{"name": ">>=", "last": 61, "word": "yes", "longest": 66, "children": []}]}]}, {"name": ">=", "last": 61, "word": "yes", "longest": 45, "children": []}, {"name": ">>", "last": 62, "word": "yes", "longest": 58, "children": [{"name": ">>=", "last": 61, "word": "yes", "longest": 66, "children": []}]}, {"name": ">>=", "last": 61, "word": "yes", "longest": 66, "children": []}, {"name": "?", "last": 63, "word": "yes", "longest": 33, "children": []}, {"name": "[", "last": 91, "word": "yes", "longest": 24, "children": []}, {"name": "]", "last": 93, "word": "yes", "longest": 25, "children": []}, {"name": "^", "last": 94, "word": "yes", "longest": 56, "children": [{"name": "^=", "last": 61, "word": "yes", "longest": 64, "children": []}]}, {"name": "^=", "last": 61, "word": "yes", "longest": 64, "children": []}, {"name": "{", "last": 123, "word": "yes", "longest": 20, "children": []}, {"name": "|", "last": 124, "word": "yes", "longest": 55, "children": [{"name": "|=", "last": 61, "word": "yes", "longest": 63, "children": []}, {"name": "||", "last": 124, "word": "yes", "longest": 47, "children": []}]}, {"name": "|=", "last": 61, "word": "yes", "longest": 63, "children": []}, {"name": "||", "last": 124, "word": "yes", "longest": 47, "children": []}, {"name": "}", "last": 125, "word": "yes", "longest": 21, "children": []}, {"name": "~", "last": 126, "word": "yes", "longest": 60, "children": []}]
=KID	json	[2]
=classes	json	{"A": [65, 66, 67, 68, 69, 70, 71, 72, 73, 74, 75, 76, 77, 78, 79, 80, 81, 82, 83, 84, 85, 86, 87, 88, 89, 90, 95, 97, 98, 99, 100, 101, 102, 103, 104, 105, 106, 107, 108, 109, 110, 111, 112, 113, 114, 115, 116, 117, 118, 119, 120, 121, 122], "d": [48, 49, 50, 51, 52, 53, 54, 55, 56, 57], "dot": [46], "eof": [256], "nl": [10], "other": [0, 1, 2, 3, 4, 5, 6, 7, 8, 11, 12, 14, 15, 16, 17, 18, 19, 20, 21, 22, 23, 24, 25, 26, 27, 28, 29, 30, 31, 35, 36, 64, 92, 96, 127, 128, 129, 130, 131, 132, 133, 134, 135, 136, 137, 138, 139, 140, 141, 142, 143, 144, 145, 146, 147, 148, 149, 150, 151, 152, 153, 154, 155, 156, 157, 158, 159, 160, 161, 162, 163, 164, 165, 166, 167, 168, 169, 170, 171, 172, 173, 174, 175, 176, 177, 178, 179, 180, 181, 182, 183, 184, 185, 186, 187, 188, 189, 190, 191, 192, 193, 194, 195, 196, 197, 198, 199, 200, 201, 202, 203, 204, 205, 206, 207, 208, 209, 210, 211, 212, 213, 214, 215, 216, 217, 218, 219, 220, 221, 222, 223, 224, 225, 226, 227, 228, 229, 230, 231, 232, 233, 234, 235, 236, 237, 238, 239, 240, 241, 242, 243, 244, 245, 246, 247, 248, 249, 250, 251, 252, 253, 254, 255], "punct": [33, 37, 38, 40, 41, 43, 44, 45, 58, 59, 60, 61, 62, 63, 91, 93, 94, 123, 124, 125, 126], "q": [34], "slash": [47], "sq": [39], "star": [42], "ws": [9, 13, 32], "identifier": [48, 49, 50, 51, 52, 53, 54, 55, 56, 57, 65, 66, 67, 68, 69, 70, 71, 72, 73, 74, 75, 76, 77, 78, 79, 80, 81, 82, 83, 84, 85, 86, 87, 88, 89, 90, 95, 97, 98, 99, 100, 101, 102, 103, 104, 105, 106, 107, 108, 109, 110, 111, 112, 113, 114, 115, 116, 117, 118, 119, 120, 121, 122], "space": [9, 10, 13, 32]}
=literalclasses	json	{"space": [9, 10, 13, 32]}
=tok_names	json	["eof", "type", "id", "num", "str", "if", "else", "while", "for", "do", "switch", "case", "default", "return", "break", "continue", "sizeof", "struct", "typedef", "enum", "{", "}", "(", ")", "[", "]", ";", ",", "=", "+=", "-=", "*=", "/=", "?", ":", "+", "-", "*", "/", "%", "==", "!=", "<", ">", "<=", ">=", "&&", "||", "!", "&", "++", "--", ".", "->", "goto", "|", "^", "<<", ">>", "union", "~", "%=", "&=", "|=", "^=", "<<=", ">>=", "..."]
=tokens	json	[{"kind": 0, "name": "eof", "plain_spell": false, "typed_spell": false}, {"kind": 1, "name": "type", "plain_spell": false, "typed_spell": true}, {"kind": 2, "name": "id", "plain_spell": true, "typed_spell": true}, {"kind": 3, "name": "num", "plain_spell": true, "typed_spell": true}, {"kind": 4, "name": "str", "plain_spell": true, "typed_spell": true}, {"kind": 5, "name": "if", "plain_spell": false, "typed_spell": false}, {"kind": 6, "name": "else", "plain_spell": false, "typed_spell": false}, {"kind": 7, "name": "while", "plain_spell": false, "typed_spell": false}, {"kind": 8, "name": "for", "plain_spell": false, "typed_spell": false}, {"kind": 9, "name": "do", "plain_spell": false, "typed_spell": false}, {"kind": 10, "name": "switch", "plain_spell": false, "typed_spell": false}, {"kind": 11, "name": "case", "plain_spell": false, "typed_spell": false}, {"kind": 12, "name": "default", "plain_spell": false, "typed_spell": false}, {"kind": 13, "name": "return", "plain_spell": false, "typed_spell": false}, {"kind": 14, "name": "break", "plain_spell": false, "typed_spell": false}, {"kind": 15, "name": "continue", "plain_spell": false, "typed_spell": false}, {"kind": 16, "name": "sizeof", "plain_spell": false, "typed_spell": false}, {"kind": 17, "name": "struct", "plain_spell": false, "typed_spell": false}, {"kind": 18, "name": "typedef", "plain_spell": false, "typed_spell": false}, {"kind": 19, "name": "enum", "plain_spell": false, "typed_spell": false}, {"kind": 20, "name": "{", "plain_spell": false, "typed_spell": false}, {"kind": 21, "name": "}", "plain_spell": false, "typed_spell": false}, {"kind": 22, "name": "(", "plain_spell": false, "typed_spell": false}, {"kind": 23, "name": ")", "plain_spell": false, "typed_spell": false}, {"kind": 24, "name": "[", "plain_spell": false, "typed_spell": false}, {"kind": 25, "name": "]", "plain_spell": false, "typed_spell": false}, {"kind": 26, "name": ";", "plain_spell": false, "typed_spell": false}, {"kind": 27, "name": ",", "plain_spell": false, "typed_spell": false}, {"kind": 28, "name": "=", "plain_spell": false, "typed_spell": false}, {"kind": 29, "name": "+=", "plain_spell": false, "typed_spell": false}, {"kind": 30, "name": "-=", "plain_spell": false, "typed_spell": false}, {"kind": 31, "name": "*=", "plain_spell": false, "typed_spell": false}, {"kind": 32, "name": "/=", "plain_spell": false, "typed_spell": false}, {"kind": 33, "name": "?", "plain_spell": false, "typed_spell": false}, {"kind": 34, "name": ":", "plain_spell": false, "typed_spell": false}, {"kind": 35, "name": "+", "plain_spell": false, "typed_spell": false}, {"kind": 36, "name": "-", "plain_spell": false, "typed_spell": false}, {"kind": 37, "name": "*", "plain_spell": false, "typed_spell": false}, {"kind": 38, "name": "/", "plain_spell": false, "typed_spell": false}, {"kind": 39, "name": "%", "plain_spell": false, "typed_spell": false}, {"kind": 40, "name": "==", "plain_spell": false, "typed_spell": false}, {"kind": 41, "name": "!=", "plain_spell": false, "typed_spell": false}, {"kind": 42, "name": "<", "plain_spell": false, "typed_spell": false}, {"kind": 43, "name": ">", "plain_spell": false, "typed_spell": false}, {"kind": 44, "name": "<=", "plain_spell": false, "typed_spell": false}, {"kind": 45, "name": ">=", "plain_spell": false, "typed_spell": false}, {"kind": 46, "name": "&&", "plain_spell": false, "typed_spell": false}, {"kind": 47, "name": "||", "plain_spell": false, "typed_spell": false}, {"kind": 48, "name": "!", "plain_spell": false, "typed_spell": false}, {"kind": 49, "name": "&", "plain_spell": false, "typed_spell": false}, {"kind": 50, "name": "++", "plain_spell": false, "typed_spell": false}, {"kind": 51, "name": "--", "plain_spell": false, "typed_spell": false}, {"kind": 52, "name": ".", "plain_spell": false, "typed_spell": false}, {"kind": 53, "name": "->", "plain_spell": false, "typed_spell": false}, {"kind": 54, "name": "goto", "plain_spell": false, "typed_spell": false}, {"kind": 55, "name": "|", "plain_spell": false, "typed_spell": false}, {"kind": 56, "name": "^", "plain_spell": false, "typed_spell": false}, {"kind": 57, "name": "<<", "plain_spell": false, "typed_spell": false}, {"kind": 58, "name": ">>", "plain_spell": false, "typed_spell": false}, {"kind": 59, "name": "union", "plain_spell": false, "typed_spell": false}, {"kind": 60, "name": "~", "plain_spell": false, "typed_spell": false}, {"kind": 61, "name": "%=", "plain_spell": false, "typed_spell": false}, {"kind": 62, "name": "&=", "plain_spell": false, "typed_spell": false}, {"kind": 63, "name": "|=", "plain_spell": false, "typed_spell": false}, {"kind": 64, "name": "^=", "plain_spell": false, "typed_spell": false}, {"kind": 65, "name": "<<=", "plain_spell": false, "typed_spell": false}, {"kind": 66, "name": ">>=", "plain_spell": false, "typed_spell": false}, {"kind": 67, "name": "...", "plain_spell": false, "typed_spell": false}]
