# exec/facts/lower-code.tsv: written by exec/facts/export.py, do not edit
# input unisa/tape.py sha256:2292a69dbe7e9e76
# input unisa/lower.py sha256:e406000a645d45a9
# input weights/gold/regmap.tsv sha256:28df74380a28dc1c
# input weights/gold/enc.tsv sha256:25f279d934200a8c
# input weights/gold/reloc.tsv sha256:f31184f9e59eefd4
# input unisa/emit_x86.py sha256:a33ab445760111d2
# input unisa/emit_arm.py sha256:62f4d0ca45ce1376
# input exec/facts/top-modelbindings-banks.tsv sha256:57b0fda9919fcb63
# input exec/facts/top-modelbindings-const.tsv sha256:9c87cd7772a2bef7
# input exec/facts/export.py sha256:e9c1383e0294663e
=OP	int	115448720916480
=KIND	int	116548232544256
=AC	int	117647744172032
=ARG	int	118747255799808
=TXT	int	119846767427584
=REG	int	120946279055360
=FORM	int	122045790683136
=ARGREG	int	123145302310912
=CCW	int	124244813938688
=WIN_HSTD	int	168
=WIN_WRITTEN	int	192
=WIN_SAVE	int	200
=WIN_ARGVA	int	264
=SYSA	int	80
=SYSFP	int	128
=SYSSP	int	136
=WIN_STACK_END	int	66312
=SYSA0	int	80
=SYSA1	int	88
=SYSA2	int	96
=SYSA3	int	104
=SYSA4	int	112
=SYSA5	int	120
=key_argc	json	"\u0000process/argc"
=key_argv	json	"\u0000process/argv"
@words	target:str	i:int	word:str	rslots:json	reg:json	form:json	mark:json
	lnx/x86_64	0	imm	[0]	[]	[]	[]
	lnx/x86_64	1	mov	[0, 1]	[]	[]	[]
	lnx/x86_64	2	add64	[0, 1, 2]	[]	[" form=x86"]	[]
	lnx/x86_64	3	sub64	[0, 1, 2]	[]	[" form=x86"]	[]
	lnx/x86_64	4	mul64	[0, 1, 2]	[]	[" form=x86"]	[]
	lnx/x86_64	5	xor64	[0, 1, 2]	[]	[" form=x86"]	[]
	lnx/x86_64	6	and64	[0, 1, 2]	[]	[" form=x86"]	[]
	lnx/x86_64	7	or64	[0, 1, 2]	[]	[" form=x86"]	[]
	lnx/x86_64	8	shl64	[0, 1, 2]	[]	[" form=x86"]	[]
	lnx/x86_64	9	shr64	[0, 1, 2]	[]	[" form=x86"]	[]
	lnx/x86_64	10	lshr64	[0, 1, 2]	[]	[" form=x86"]	[]
	lnx/x86_64	11	.div	[0, 1, 2]	[]	[]	[]
	lnx/x86_64	12	.mod	[0, 1, 2]	[]	[]	[]
	lnx/x86_64	13	.udiv	[0, 1, 2]	[]	[]	[]
	lnx/x86_64	14	.umod	[0, 1, 2]	[]	[]	[]
	lnx/x86_64	15	slt64	[0, 1, 2]	[]	[" form=x86"]	[]
	lnx/x86_64	16	sle64	[0, 1, 2]	[]	[" form=x86"]	[]
	lnx/x86_64	17	ult64	[0, 1, 2]	[]	[" form=x86"]	[]
	lnx/x86_64	18	ule64	[0, 1, 2]	[]	[" form=x86"]	[]
	lnx/x86_64	19	eq	[0, 1, 2]	[]	[]	[]
	lnx/x86_64	20	ne	[0, 1, 2]	[]	[]	[]
	lnx/x86_64	21	load64	[0, 1]	[]	[" form=x86"]	[]
	lnx/x86_64	22	store64	[0, 2]	[]	[" form=x86"]	[]
	lnx/x86_64	23	.ld	[0, 1]	[]	[]	[]
	lnx/x86_64	24	.st	[0, 2]	[]	[]	[]
	lnx/x86_64	25	.lea	[0]	[]	[]	[]
	lnx/x86_64	26	.zero	[0]	[]	[]	[]
	lnx/x86_64	27	jump	[]	[]	[" form=x86"]	[]
	lnx/x86_64	28	jumpz	[0]	[]	[" form=x86"]	[]
	lnx/x86_64	29	call	[]	[]	[" form=x86"]	[]
	lnx/x86_64	30	callr	[0]	[]	[" form=x86"]	[]
	lnx/x86_64	31	callm	[0]	[]	[]	[]
	lnx/x86_64	32	.hostcall	[0, 1]	[]	[]	[]
	lnx/x86_64	33	.librarycall	[0, 1]	[]	[]	[]
	lnx/x86_64	34	.libraryaddr	[0]	[]	[]	[]
	lnx/x86_64	35	.hostaddr	[0]	[]	[]	[]
	lnx/x86_64	36	ret	[]	[]	[" form=x86"]	[]
	lnx/x86_64	37	.frame	[]	[]	[]	[]
	lnx/x86_64	38	.arg	[1]	[]	[]	[]
	lnx/x86_64	39	.print	[0]	[]	[]	[]
	lnx/x86_64	40	.write	[0, 1]	[]	[]	[]
	lnx/x86_64	41	.exit	[0]	[]	[]	[]
	lnx/x86_64	42	.sys	[1, 2, 3]	[]	[]	[]
	lnx/x86_64	43	.sys6	[1, 2, 3, 4, 5, 6]	[]	[]	[]
	lnx/x86_64	44	.argc	[0]	[]	[]	[]
	lnx/x86_64	45	.argv	[0, 1]	[]	[]	[]
	lnx/x86_64	46	nop	[]	[]	[" form=x86"]	[]
	lnx/x86_64	47	fadd64	[0, 1, 2]	[]	[" form=x86"]	[]
	lnx/x86_64	48	fsub64	[0, 1, 2]	[]	[" form=x86"]	[]
	lnx/x86_64	49	fmul64	[0, 1, 2]	[]	[" form=x86"]	[]
	lnx/x86_64	50	fdiv64	[0, 1, 2]	[]	[" form=x86"]	[]
	lnx/x86_64	51	flt64	[0, 1, 2]	[]	[" form=x86"]	[]
	lnx/x86_64	52	fle64	[0, 1, 2]	[]	[" form=x86"]	[]
	lnx/x86_64	53	feq64	[0, 1, 2]	[]	[" form=x86"]	[]
	lnx/x86_64	54	fadd32	[0, 1, 2]	[]	[" form=x86"]	[]
	lnx/x86_64	55	fsub32	[0, 1, 2]	[]	[" form=x86"]	[]
	lnx/x86_64	56	fmul32	[0, 1, 2]	[]	[" form=x86"]	[]
	lnx/x86_64	57	fdiv32	[0, 1, 2]	[]	[" form=x86"]	[]
	lnx/x86_64	58	flt32	[0, 1, 2]	[]	[" form=x86"]	[]
	lnx/x86_64	59	fle32	[0, 1, 2]	[]	[" form=x86"]	[]
	lnx/x86_64	60	feq32	[0, 1, 2]	[]	[" form=x86"]	[]
	lnx/x86_64	61	cvtid	[0, 1]	[]	[" form=x86"]	[]
	lnx/x86_64	62	cvtud	[0, 1]	[]	[" form=x86"]	[]
	lnx/x86_64	63	cvtis	[0, 1]	[]	[" form=x86"]	[]
	lnx/x86_64	64	cvtus	[0, 1]	[]	[" form=x86"]	[]
	lnx/x86_64	65	cvtdi	[0, 1]	[]	[" form=x86"]	[]
	lnx/x86_64	66	cvtdu	[0, 1]	[]	[" form=x86"]	[]
	lnx/x86_64	67	cvtsd	[0, 1]	[]	[" form=x86"]	[]
	lnx/x86_64	68	cvtds	[0, 1]	[]	[" form=x86"]	[]
	lnx/x86_64	69	fsqrt64	[0, 1]	[]	[" form=x86"]	[]
	lnx/x86_64	70	fsqrt32	[0, 1]	[]	[" form=x86"]	[]
	lnx/x86_64	71	r0	[]	["rax"]	[]	[]
	lnx/x86_64	72	r1	[]	["rdi"]	[]	[]
	lnx/x86_64	73	r2	[]	["rsi"]	[]	[]
	lnx/x86_64	74	r3	[]	["rdx"]	[]	[]
	lnx/x86_64	75	r4	[]	["rcx"]	[]	[]
	lnx/x86_64	76	r5	[]	["r8"]	[]	[]
	lnx/x86_64	77	r6	[]	["r9"]	[]	[]
	lnx/x86_64	78	r7	[]	["rsp"]	[]	[]
	lnx/x86_64	79	0	[]	[]	[]	[]
	lnx/x86_64	80	1	[]	[]	[]	[]
	lnx/x86_64	81	2	[]	[]	[]	[]
	lnx/x86_64	82	3	[]	[]	[]	[]
	lnx/x86_64	83	4	[]	[]	[]	[]
	lnx/x86_64	84	8	[]	[]	[]	[]
	lnx/x86_64	85	-8	[]	[]	[]	[]
	lnx/x86_64	86	_start:	[]	[]	[]	[]
	lnx/x86_64	87	write	[]	[]	[" form=syscall"]	[]
	lnx/x86_64	88	exit	[]	[]	[" form=syscall"]	[]
	lnx/x86_64	89	__ccw_0:	[]	[]	[]	[1]
	lnx/x86_64	90	__ccw_1:	[]	[]	[]	[1]
	lnx/x86_64	91	__ccw_2:	[]	[]	[]	[1]
	lnx/x86_64	92	__ccw_3:	[]	[]	[]	[1]
	lnx/x86_64	93	__ccw_4:	[]	[]	[]	[1]
	lnx/x86_64	94	__ccw_5:	[]	[]	[]	[1]
	lnx/x86_64	95	__ccw_6:	[]	[]	[]	[1]
	lnx/x86_64	96	__ccw_7:	[]	[]	[]	[1]
	lnx/x86_64	97	__ccw_8:	[]	[]	[]	[1]
	lnx/x86_64	98	__ccw_9:	[]	[]	[]	[1]
	lnx/x86_64	99	__ccw_10:	[]	[]	[]	[1]
	lnx/x86_64	100	__ccw_11:	[]	[]	[]	[1]
	lnx/x86_64	101	__ccw_12:	[]	[]	[]	[1]
	lnx/x86_64	102	__ccw_13:	[]	[]	[]	[1]
	lnx/x86_64	103	__ccw_14:	[]	[]	[]	[1]
	lnx/x86_64	104	__ccw_15:	[]	[]	[]	[1]
	lnx/x86_64	105	__ccw_16:	[]	[]	[]	[1]
	lnx/x86_64	106	__ccw_17:	[]	[]	[]	[1]
	lnx/x86_64	107	__ccw_18:	[]	[]	[]	[1]
	lnx/x86_64	108	__ccw_19:	[]	[]	[]	[1]
	lnx/x86_64	109	__ccw_20:	[]	[]	[]	[1]
	lnx/x86_64	110	__ccw_21:	[]	[]	[]	[1]
	lnx/x86_64	111	__ccw_22:	[]	[]	[]	[1]
	lnx/x86_64	112	__ccw_23:	[]	[]	[]	[1]
	lnx/x86_64	113	__ccw_24:	[]	[]	[]	[1]
	lnx/x86_64	114	__ccw_25:	[]	[]	[]	[1]
	lnx/x86_64	115	__ccw_26:	[]	[]	[]	[1]
	lnx/x86_64	116	__ccw_27:	[]	[]	[]	[1]
	lnx/x86_64	117	__ccw_28:	[]	[]	[]	[1]
	lnx/x86_64	118	__ccw_29:	[]	[]	[]	[1]
	lnx/x86_64	119	__ccw_30:	[]	[]	[]	[1]
	lnx/x86_64	120	__ccw_31:	[]	[]	[]	[1]
	lnx/x86_64	121	__ccw_32:	[]	[]	[]	[1]
	lnx/x86_64	122	__ccw_33:	[]	[]	[]	[1]
	lnx/x86_64	123	__ccw_34:	[]	[]	[]	[1]
	lnx/x86_64	124	__ccw_35:	[]	[]	[]	[1]
	lnx/x86_64	125	__ccw_36:	[]	[]	[]	[1]
	lnx/x86_64	126	__ccw_37:	[]	[]	[]	[1]
	lnx/x86_64	127	__ccw_38:	[]	[]	[]	[1]
	lnx/x86_64	128	__ccw_39:	[]	[]	[]	[1]
	lnx/x86_64	129	__ccw_40:	[]	[]	[]	[1]
	lnx/x86_64	130	__ccw_41:	[]	[]	[]	[1]
	lnx/x86_64	131	__ccw_42:	[]	[]	[]	[1]
	lnx/x86_64	132	__ccw_43:	[]	[]	[]	[1]
	lnx/x86_64	133	__ccw_44:	[]	[]	[]	[1]
	lnx/x86_64	134	__ccw_45:	[]	[]	[]	[1]
	lnx/x86_64	135	__ccw_46:	[]	[]	[]	[1]
	lnx/x86_64	136	__ccw_47:	[]	[]	[]	[1]
	lnx/x86_64	137	__ccw_48:	[]	[]	[]	[1]
	lnx/x86_64	138	__ccw_49:	[]	[]	[]	[1]
	lnx/x86_64	139	__ccw_50:	[]	[]	[]	[1]
	lnx/x86_64	140	__ccw_51:	[]	[]	[]	[1]
	lnx/x86_64	141	__ccw_52:	[]	[]	[]	[1]
	lnx/x86_64	142	__ccw_53:	[]	[]	[]	[1]
	lnx/x86_64	143	__ccw_54:	[]	[]	[]	[1]
	lnx/x86_64	144	__ccw_55:	[]	[]	[]	[1]
	lnx/x86_64	145	__ccw_56:	[]	[]	[]	[1]
	lnx/x86_64	146	__ccw_57:	[]	[]	[]	[1]
	lnx/x86_64	147	__ccw_58:	[]	[]	[]	[1]
	lnx/x86_64	148	__ccw_59:	[]	[]	[]	[1]
	lnx/x86_64	149	__ccw_60:	[]	[]	[]	[1]
	lnx/x86_64	150	__ccw_61:	[]	[]	[]	[1]
	lnx/x86_64	151	__ccw_62:	[]	[]	[]	[1]
	lnx/x86_64	152	__ccw_63:	[]	[]	[]	[1]
	lnx/x86_64	153	__ccw_64:	[]	[]	[]	[1]
	lnx/x86_64	154	__ccw_65:	[]	[]	[]	[1]
	lnx/x86_64	155	__ccw_66:	[]	[]	[]	[1]
	lnx/x86_64	156	__ccw_67:	[]	[]	[]	[1]
	lnx/x86_64	157	__ccw_68:	[]	[]	[]	[1]
	lnx/x86_64	158	__ccw_69:	[]	[]	[]	[1]
	lnx/x86_64	159	__ccw_70:	[]	[]	[]	[1]
	lnx/x86_64	160	__ccw_71:	[]	[]	[]	[1]
	lnx/x86_64	161	__ccw_72:	[]	[]	[]	[1]
	lnx/x86_64	162	__ccw_73:	[]	[]	[]	[1]
	lnx/x86_64	163	__ccw_74:	[]	[]	[]	[1]
	lnx/x86_64	164	__ccw_75:	[]	[]	[]	[1]
	lnx/x86_64	165	__ccw_76:	[]	[]	[]	[1]
	lnx/x86_64	166	__ccw_77:	[]	[]	[]	[1]
	lnx/x86_64	167	__ccw_78:	[]	[]	[]	[1]
	lnx/x86_64	168	__ccw_79:	[]	[]	[]	[1]
	lnx/x86_64	169	__ccw_80:	[]	[]	[]	[1]
	lnx/x86_64	170	__ccw_81:	[]	[]	[]	[1]
	lnx/x86_64	171	__ccw_82:	[]	[]	[]	[1]
	lnx/x86_64	172	__ccw_83:	[]	[]	[]	[1]
	lnx/x86_64	173	__ccw_84:	[]	[]	[]	[1]
	lnx/x86_64	174	__ccw_85:	[]	[]	[]	[1]
	lnx/x86_64	175	__ccw_86:	[]	[]	[]	[1]
	lnx/x86_64	176	__ccw_87:	[]	[]	[]	[1]
	lnx/x86_64	177	__ccw_88:	[]	[]	[]	[1]
	lnx/x86_64	178	__ccw_89:	[]	[]	[]	[1]
	lnx/x86_64	179	__ccw_90:	[]	[]	[]	[1]
	lnx/x86_64	180	__ccw_91:	[]	[]	[]	[1]
	lnx/x86_64	181	__ccw_92:	[]	[]	[]	[1]
	lnx/x86_64	182	__ccw_93:	[]	[]	[]	[1]
	lnx/x86_64	183	__ccw_94:	[]	[]	[]	[1]
	lnx/x86_64	184	__ccw_95:	[]	[]	[]	[1]
	lnx/x86_64	185	__ccw_96:	[]	[]	[]	[1]
	lnx/x86_64	186	__ccw_97:	[]	[]	[]	[1]
	lnx/x86_64	187	__ccw_98:	[]	[]	[]	[1]
	lnx/x86_64	188	__ccw_99:	[]	[]	[]	[1]
	lnx/x86_64	189	__ccw_100:	[]	[]	[]	[1]
	lnx/x86_64	190	__ccw_101:	[]	[]	[]	[1]
	lnx/x86_64	191	__ccw_102:	[]	[]	[]	[1]
	lnx/x86_64	192	__ccw_103:	[]	[]	[]	[1]
	lnx/x86_64	193	__ccw_104:	[]	[]	[]	[1]
	lnx/x86_64	194	__ccw_105:	[]	[]	[]	[1]
	lnx/x86_64	195	__ccw_106:	[]	[]	[]	[1]
	lnx/x86_64	196	__ccw_107:	[]	[]	[]	[1]
	lnx/x86_64	197	__ccw_108:	[]	[]	[]	[1]
	lnx/x86_64	198	__ccw_109:	[]	[]	[]	[1]
	lnx/x86_64	199	__ccw_110:	[]	[]	[]	[1]
	lnx/x86_64	200	__ccw_111:	[]	[]	[]	[1]
	lnx/x86_64	201	__ccw_112:	[]	[]	[]	[1]
	lnx/x86_64	202	__ccw_113:	[]	[]	[]	[1]
	lnx/x86_64	203	__ccw_114:	[]	[]	[]	[1]
	lnx/x86_64	204	__ccw_115:	[]	[]	[]	[1]
	lnx/x86_64	205	__ccw_116:	[]	[]	[]	[1]
	lnx/x86_64	206	__ccw_117:	[]	[]	[]	[1]
	lnx/x86_64	207	__ccw_118:	[]	[]	[]	[1]
	lnx/x86_64	208	__ccw_119:	[]	[]	[]	[1]
	lnx/x86_64	209	__ccw_120:	[]	[]	[]	[1]
	lnx/x86_64	210	__ccw_121:	[]	[]	[]	[1]
	lnx/x86_64	211	__ccw_122:	[]	[]	[]	[1]
	lnx/x86_64	212	__ccw_123:	[]	[]	[]	[1]
	lnx/x86_64	213	__ccw_124:	[]	[]	[]	[1]
	lnx/x86_64	214	__ccw_125:	[]	[]	[]	[1]
	lnx/x86_64	215	__ccw_126:	[]	[]	[]	[1]
	lnx/x86_64	216	__ccw_127:	[]	[]	[]	[1]
	lnx/x86_64	217	__ccw_128:	[]	[]	[]	[1]
	lnx/x86_64	218	__ccw_129:	[]	[]	[]	[1]
	lnx/x86_64	219	__ccw_130:	[]	[]	[]	[1]
	lnx/x86_64	220	__ccw_131:	[]	[]	[]	[1]
	lnx/x86_64	221	__ccw_132:	[]	[]	[]	[1]
	lnx/x86_64	222	__ccw_133:	[]	[]	[]	[1]
	lnx/x86_64	223	__ccw_134:	[]	[]	[]	[1]
	lnx/x86_64	224	__ccw_135:	[]	[]	[]	[1]
	lnx/x86_64	225	__ccw_136:	[]	[]	[]	[1]
	lnx/x86_64	226	__ccw_137:	[]	[]	[]	[1]
	lnx/x86_64	227	__ccw_138:	[]	[]	[]	[1]
	lnx/x86_64	228	__ccw_139:	[]	[]	[]	[1]
	lnx/x86_64	229	__ccw_140:	[]	[]	[]	[1]
	lnx/x86_64	230	__ccw_141:	[]	[]	[]	[1]
	lnx/x86_64	231	__ccw_142:	[]	[]	[]	[1]
	lnx/x86_64	232	__ccw_143:	[]	[]	[]	[1]
	lnx/x86_64	233	__ccw_144:	[]	[]	[]	[1]
	lnx/x86_64	234	__ccw_145:	[]	[]	[]	[1]
	lnx/x86_64	235	__ccw_146:	[]	[]	[]	[1]
	lnx/x86_64	236	__ccw_147:	[]	[]	[]	[1]
	lnx/x86_64	237	__ccw_148:	[]	[]	[]	[1]
	lnx/x86_64	238	__ccw_149:	[]	[]	[]	[1]
	lnx/x86_64	239	__ccw_150:	[]	[]	[]	[1]
	lnx/x86_64	240	__ccw_151:	[]	[]	[]	[1]
	lnx/x86_64	241	__ccw_152:	[]	[]	[]	[1]
	lnx/x86_64	242	__ccw_153:	[]	[]	[]	[1]
	lnx/x86_64	243	__ccw_154:	[]	[]	[]	[1]
	lnx/x86_64	244	__ccw_155:	[]	[]	[]	[1]
	lnx/x86_64	245	__ccw_156:	[]	[]	[]	[1]
	lnx/x86_64	246	__ccw_157:	[]	[]	[]	[1]
	lnx/x86_64	247	__ccw_158:	[]	[]	[]	[1]
	lnx/x86_64	248	__ccw_159:	[]	[]	[]	[1]
	lnx/x86_64	249	__ccw_160:	[]	[]	[]	[1]
	lnx/x86_64	250	__ccw_161:	[]	[]	[]	[1]
	lnx/x86_64	251	__ccw_162:	[]	[]	[]	[1]
	lnx/x86_64	252	__ccw_163:	[]	[]	[]	[1]
	lnx/x86_64	253	__ccw_164:	[]	[]	[]	[1]
	lnx/x86_64	254	__ccw_165:	[]	[]	[]	[1]
	lnx/x86_64	255	__ccw_166:	[]	[]	[]	[1]
	lnx/x86_64	256	__ccw_167:	[]	[]	[]	[1]
	lnx/x86_64	257	__ccw_168:	[]	[]	[]	[1]
	lnx/x86_64	258	__ccw_169:	[]	[]	[]	[1]
	lnx/x86_64	259	__ccw_170:	[]	[]	[]	[1]
	lnx/x86_64	260	__ccw_171:	[]	[]	[]	[1]
	lnx/x86_64	261	__ccw_172:	[]	[]	[]	[1]
	lnx/x86_64	262	__ccw_173:	[]	[]	[]	[1]
	lnx/x86_64	263	__ccw_174:	[]	[]	[]	[1]
	lnx/x86_64	264	__ccw_175:	[]	[]	[]	[1]
	lnx/x86_64	265	__ccw_176:	[]	[]	[]	[1]
	lnx/x86_64	266	__ccw_177:	[]	[]	[]	[1]
	lnx/x86_64	267	__ccw_178:	[]	[]	[]	[1]
	lnx/x86_64	268	__ccw_179:	[]	[]	[]	[1]
	lnx/x86_64	269	__ccw_180:	[]	[]	[]	[1]
	lnx/x86_64	270	__ccw_181:	[]	[]	[]	[1]
	lnx/x86_64	271	__ccw_182:	[]	[]	[]	[1]
	lnx/x86_64	272	__ccw_183:	[]	[]	[]	[1]
	lnx/x86_64	273	__ccw_184:	[]	[]	[]	[1]
	lnx/x86_64	274	__ccw_185:	[]	[]	[]	[1]
	lnx/x86_64	275	__ccw_186:	[]	[]	[]	[1]
	lnx/x86_64	276	__ccw_187:	[]	[]	[]	[1]
	lnx/x86_64	277	__ccw_188:	[]	[]	[]	[1]
	lnx/x86_64	278	__ccw_189:	[]	[]	[]	[1]
	lnx/x86_64	279	__ccw_190:	[]	[]	[]	[1]
	lnx/x86_64	280	__ccw_191:	[]	[]	[]	[1]
	lnx/x86_64	281	__ccw_192:	[]	[]	[]	[1]
	lnx/x86_64	282	__ccw_193:	[]	[]	[]	[1]
	lnx/x86_64	283	__ccw_194:	[]	[]	[]	[1]
	lnx/x86_64	284	__ccw_195:	[]	[]	[]	[1]
	lnx/x86_64	285	__ccw_196:	[]	[]	[]	[1]
	lnx/x86_64	286	__ccw_197:	[]	[]	[]	[1]
	lnx/x86_64	287	__ccw_198:	[]	[]	[]	[1]
	lnx/x86_64	288	__ccw_199:	[]	[]	[]	[1]
	lnx/x86_64	289	__ccw_200:	[]	[]	[]	[1]
	lnx/x86_64	290	__ccw_201:	[]	[]	[]	[1]
	lnx/x86_64	291	__ccw_202:	[]	[]	[]	[1]
	lnx/x86_64	292	__ccw_203:	[]	[]	[]	[1]
	lnx/x86_64	293	__ccw_204:	[]	[]	[]	[1]
	lnx/x86_64	294	__ccw_205:	[]	[]	[]	[1]
	lnx/x86_64	295	__ccw_206:	[]	[]	[]	[1]
	lnx/x86_64	296	__ccw_207:	[]	[]	[]	[1]
	lnx/x86_64	297	__ccw_208:	[]	[]	[]	[1]
	lnx/x86_64	298	__ccw_209:	[]	[]	[]	[1]
	lnx/x86_64	299	__ccw_210:	[]	[]	[]	[1]
	lnx/x86_64	300	__ccw_211:	[]	[]	[]	[1]
	lnx/x86_64	301	__ccw_212:	[]	[]	[]	[1]
	lnx/x86_64	302	__ccw_213:	[]	[]	[]	[1]
	lnx/x86_64	303	__ccw_214:	[]	[]	[]	[1]
	lnx/x86_64	304	__ccw_215:	[]	[]	[]	[1]
	lnx/x86_64	305	__ccw_216:	[]	[]	[]	[1]
	lnx/x86_64	306	__ccw_217:	[]	[]	[]	[1]
	lnx/x86_64	307	__ccw_218:	[]	[]	[]	[1]
	lnx/x86_64	308	__ccw_219:	[]	[]	[]	[1]
	lnx/x86_64	309	__ccw_220:	[]	[]	[]	[1]
	lnx/x86_64	310	__ccw_221:	[]	[]	[]	[1]
	lnx/x86_64	311	__ccw_222:	[]	[]	[]	[1]
	lnx/x86_64	312	__ccw_223:	[]	[]	[]	[1]
	lnx/x86_64	313	__ccw_224:	[]	[]	[]	[1]
	lnx/x86_64	314	__ccw_225:	[]	[]	[]	[1]
	lnx/x86_64	315	__ccw_226:	[]	[]	[]	[1]
	lnx/x86_64	316	__ccw_227:	[]	[]	[]	[1]
	lnx/x86_64	317	__ccw_228:	[]	[]	[]	[1]
	lnx/x86_64	318	__ccw_229:	[]	[]	[]	[1]
	lnx/x86_64	319	__ccw_230:	[]	[]	[]	[1]
	lnx/x86_64	320	__ccw_231:	[]	[]	[]	[1]
	lnx/x86_64	321	__ccw_232:	[]	[]	[]	[1]
	lnx/x86_64	322	__ccw_233:	[]	[]	[]	[1]
	lnx/x86_64	323	__ccw_234:	[]	[]	[]	[1]
	lnx/x86_64	324	__ccw_235:	[]	[]	[]	[1]
	lnx/x86_64	325	__ccw_236:	[]	[]	[]	[1]
	lnx/x86_64	326	__ccw_237:	[]	[]	[]	[1]
	lnx/x86_64	327	__ccw_238:	[]	[]	[]	[1]
	lnx/x86_64	328	__ccw_239:	[]	[]	[]	[1]
	lnx/x86_64	329	__ccw_240:	[]	[]	[]	[1]
	lnx/x86_64	330	__ccw_241:	[]	[]	[]	[1]
	lnx/x86_64	331	__ccw_242:	[]	[]	[]	[1]
	lnx/x86_64	332	__ccw_243:	[]	[]	[]	[1]
	lnx/x86_64	333	__ccw_244:	[]	[]	[]	[1]
	lnx/x86_64	334	__ccw_245:	[]	[]	[]	[1]
	lnx/x86_64	335	__ccw_246:	[]	[]	[]	[1]
	lnx/x86_64	336	__ccw_247:	[]	[]	[]	[1]
	lnx/x86_64	337	__ccw_248:	[]	[]	[]	[1]
	lnx/x86_64	338	__ccw_249:	[]	[]	[]	[1]
	lnx/x86_64	339	__ccw_250:	[]	[]	[]	[1]
	lnx/x86_64	340	__ccw_251:	[]	[]	[]	[1]
	lnx/x86_64	341	__ccw_252:	[]	[]	[]	[1]
	lnx/x86_64	342	__ccw_253:	[]	[]	[]	[1]
	lnx/x86_64	343	__ccw_254:	[]	[]	[]	[1]
	lnx/x86_64	344	__ccw_255:	[]	[]	[]	[1]
	lnx/arm64	0	imm	[0]	[]	[]	[]
	lnx/arm64	1	mov	[0, 1]	[]	[]	[]
	lnx/arm64	2	add64	[0, 1, 2]	[]	[" form=arm"]	[]
	lnx/arm64	3	sub64	[0, 1, 2]	[]	[" form=arm"]	[]
	lnx/arm64	4	mul64	[0, 1, 2]	[]	[" form=arm"]	[]
	lnx/arm64	5	xor64	[0, 1, 2]	[]	[" form=arm"]	[]
	lnx/arm64	6	and64	[0, 1, 2]	[]	[" form=arm"]	[]
	lnx/arm64	7	or64	[0, 1, 2]	[]	[" form=arm"]	[]
	lnx/arm64	8	shl64	[0, 1, 2]	[]	[" form=arm"]	[]
	lnx/arm64	9	shr64	[0, 1, 2]	[]	[" form=arm"]	[]
	lnx/arm64	10	lshr64	[0, 1, 2]	[]	[" form=arm"]	[]
	lnx/arm64	11	.div	[0, 1, 2]	[]	[]	[]
	lnx/arm64	12	.mod	[0, 1, 2]	[]	[]	[]
	lnx/arm64	13	.udiv	[0, 1, 2]	[]	[]	[]
	lnx/arm64	14	.umod	[0, 1, 2]	[]	[]	[]
	lnx/arm64	15	slt64	[0, 1, 2]	[]	[" form=arm"]	[]
	lnx/arm64	16	sle64	[0, 1, 2]	[]	[" form=arm"]	[]
	lnx/arm64	17	ult64	[0, 1, 2]	[]	[" form=arm"]	[]
	lnx/arm64	18	ule64	[0, 1, 2]	[]	[" form=arm"]	[]
	lnx/arm64	19	eq	[0, 1, 2]	[]	[]	[]
	lnx/arm64	20	ne	[0, 1, 2]	[]	[]	[]
	lnx/arm64	21	load64	[0, 1]	[]	[" form=arm"]	[]
	lnx/arm64	22	store64	[0, 2]	[]	[" form=arm"]	[]
	lnx/arm64	23	.ld	[0, 1]	[]	[]	[]
	lnx/arm64	24	.st	[0, 2]	[]	[]	[]
	lnx/arm64	25	.lea	[0]	[]	[]	[]
	lnx/arm64	26	.zero	[0]	[]	[]	[]
	lnx/arm64	27	jump	[]	[]	[" form=arm"]	[]
	lnx/arm64	28	jumpz	[0]	[]	[" form=arm"]	[]
	lnx/arm64	29	call	[]	[]	[" form=arm"]	[]
	lnx/arm64	30	callr	[0]	[]	[" form=arm"]	[]
	lnx/arm64	31	callm	[0]	[]	[]	[]
	lnx/arm64	32	.hostcall	[0, 1]	[]	[]	[]
	lnx/arm64	33	.librarycall	[0, 1]	[]	[]	[]
	lnx/arm64	34	.libraryaddr	[0]	[]	[]	[]
	lnx/arm64	35	.hostaddr	[0]	[]	[]	[]
	lnx/arm64	36	ret	[]	[]	[" form=arm"]	[]
	lnx/arm64	37	.frame	[]	[]	[]	[]
	lnx/arm64	38	.arg	[1]	[]	[]	[]
	lnx/arm64	39	.print	[0]	[]	[]	[]
	lnx/arm64	40	.write	[0, 1]	[]	[]	[]
	lnx/arm64	41	.exit	[0]	[]	[]	[]
	lnx/arm64	42	.sys	[1, 2, 3]	[]	[]	[]
	lnx/arm64	43	.sys6	[1, 2, 3, 4, 5, 6]	[]	[]	[]
	lnx/arm64	44	.argc	[0]	[]	[]	[]
	lnx/arm64	45	.argv	[0, 1]	[]	[]	[]
	lnx/arm64	46	nop	[]	[]	[" form=arm"]	[]
	lnx/arm64	47	fadd64	[0, 1, 2]	[]	[" form=arm"]	[]
	lnx/arm64	48	fsub64	[0, 1, 2]	[]	[" form=arm"]	[]
	lnx/arm64	49	fmul64	[0, 1, 2]	[]	[" form=arm"]	[]
	lnx/arm64	50	fdiv64	[0, 1, 2]	[]	[" form=arm"]	[]
	lnx/arm64	51	flt64	[0, 1, 2]	[]	[" form=arm"]	[]
	lnx/arm64	52	fle64	[0, 1, 2]	[]	[" form=arm"]	[]
	lnx/arm64	53	feq64	[0, 1, 2]	[]	[" form=arm"]	[]
	lnx/arm64	54	fadd32	[0, 1, 2]	[]	[" form=arm"]	[]
	lnx/arm64	55	fsub32	[0, 1, 2]	[]	[" form=arm"]	[]
	lnx/arm64	56	fmul32	[0, 1, 2]	[]	[" form=arm"]	[]
	lnx/arm64	57	fdiv32	[0, 1, 2]	[]	[" form=arm"]	[]
	lnx/arm64	58	flt32	[0, 1, 2]	[]	[" form=arm"]	[]
	lnx/arm64	59	fle32	[0, 1, 2]	[]	[" form=arm"]	[]
	lnx/arm64	60	feq32	[0, 1, 2]	[]	[" form=arm"]	[]
	lnx/arm64	61	cvtid	[0, 1]	[]	[" form=arm"]	[]
	lnx/arm64	62	cvtud	[0, 1]	[]	[" form=arm"]	[]
	lnx/arm64	63	cvtis	[0, 1]	[]	[" form=arm"]	[]
	lnx/arm64	64	cvtus	[0, 1]	[]	[" form=arm"]	[]
	lnx/arm64	65	cvtdi	[0, 1]	[]	[" form=arm"]	[]
	lnx/arm64	66	cvtdu	[0, 1]	[]	[" form=arm"]	[]
	lnx/arm64	67	cvtsd	[0, 1]	[]	[" form=arm"]	[]
	lnx/arm64	68	cvtds	[0, 1]	[]	[" form=arm"]	[]
	lnx/arm64	69	fsqrt64	[0, 1]	[]	[" form=arm"]	[]
	lnx/arm64	70	fsqrt32	[0, 1]	[]	[" form=arm"]	[]
	lnx/arm64	71	r0	[]	["x0"]	[]	[]
	lnx/arm64	72	r1	[]	["x1"]	[]	[]
	lnx/arm64	73	r2	[]	["x2"]	[]	[]
	lnx/arm64	74	r3	[]	["x3"]	[]	[]
	lnx/arm64	75	r4	[]	["x4"]	[]	[]
	lnx/arm64	76	r5	[]	["x5"]	[]	[]
	lnx/arm64	77	r6	[]	["x6"]	[]	[]
	lnx/arm64	78	r7	[]	["x7"]	[]	[]
	lnx/arm64	79	0	[]	[]	[]	[]
	lnx/arm64	80	1	[]	[]	[]	[]
	lnx/arm64	81	2	[]	[]	[]	[]
	lnx/arm64	82	3	[]	[]	[]	[]
	lnx/arm64	83	4	[]	[]	[]	[]
	lnx/arm64	84	8	[]	[]	[]	[]
	lnx/arm64	85	-8	[]	[]	[]	[]
	lnx/arm64	86	_start:	[]	[]	[]	[]
	lnx/arm64	87	write	[]	[]	[" form=svc"]	[]
	lnx/arm64	88	exit	[]	[]	[" form=svc"]	[]
	lnx/arm64	89	__ccw_0:	[]	[]	[]	[1]
	lnx/arm64	90	__ccw_1:	[]	[]	[]	[1]
	lnx/arm64	91	__ccw_2:	[]	[]	[]	[1]
	lnx/arm64	92	__ccw_3:	[]	[]	[]	[1]
	lnx/arm64	93	__ccw_4:	[]	[]	[]	[1]
	lnx/arm64	94	__ccw_5:	[]	[]	[]	[1]
	lnx/arm64	95	__ccw_6:	[]	[]	[]	[1]
	lnx/arm64	96	__ccw_7:	[]	[]	[]	[1]
	lnx/arm64	97	__ccw_8:	[]	[]	[]	[1]
	lnx/arm64	98	__ccw_9:	[]	[]	[]	[1]
	lnx/arm64	99	__ccw_10:	[]	[]	[]	[1]
	lnx/arm64	100	__ccw_11:	[]	[]	[]	[1]
	lnx/arm64	101	__ccw_12:	[]	[]	[]	[1]
	lnx/arm64	102	__ccw_13:	[]	[]	[]	[1]
	lnx/arm64	103	__ccw_14:	[]	[]	[]	[1]
	lnx/arm64	104	__ccw_15:	[]	[]	[]	[1]
	lnx/arm64	105	__ccw_16:	[]	[]	[]	[1]
	lnx/arm64	106	__ccw_17:	[]	[]	[]	[1]
	lnx/arm64	107	__ccw_18:	[]	[]	[]	[1]
	lnx/arm64	108	__ccw_19:	[]	[]	[]	[1]
	lnx/arm64	109	__ccw_20:	[]	[]	[]	[1]
	lnx/arm64	110	__ccw_21:	[]	[]	[]	[1]
	lnx/arm64	111	__ccw_22:	[]	[]	[]	[1]
	lnx/arm64	112	__ccw_23:	[]	[]	[]	[1]
	lnx/arm64	113	__ccw_24:	[]	[]	[]	[1]
	lnx/arm64	114	__ccw_25:	[]	[]	[]	[1]
	lnx/arm64	115	__ccw_26:	[]	[]	[]	[1]
	lnx/arm64	116	__ccw_27:	[]	[]	[]	[1]
	lnx/arm64	117	__ccw_28:	[]	[]	[]	[1]
	lnx/arm64	118	__ccw_29:	[]	[]	[]	[1]
	lnx/arm64	119	__ccw_30:	[]	[]	[]	[1]
	lnx/arm64	120	__ccw_31:	[]	[]	[]	[1]
	lnx/arm64	121	__ccw_32:	[]	[]	[]	[1]
	lnx/arm64	122	__ccw_33:	[]	[]	[]	[1]
	lnx/arm64	123	__ccw_34:	[]	[]	[]	[1]
	lnx/arm64	124	__ccw_35:	[]	[]	[]	[1]
	lnx/arm64	125	__ccw_36:	[]	[]	[]	[1]
	lnx/arm64	126	__ccw_37:	[]	[]	[]	[1]
	lnx/arm64	127	__ccw_38:	[]	[]	[]	[1]
	lnx/arm64	128	__ccw_39:	[]	[]	[]	[1]
	lnx/arm64	129	__ccw_40:	[]	[]	[]	[1]
	lnx/arm64	130	__ccw_41:	[]	[]	[]	[1]
	lnx/arm64	131	__ccw_42:	[]	[]	[]	[1]
	lnx/arm64	132	__ccw_43:	[]	[]	[]	[1]
	lnx/arm64	133	__ccw_44:	[]	[]	[]	[1]
	lnx/arm64	134	__ccw_45:	[]	[]	[]	[1]
	lnx/arm64	135	__ccw_46:	[]	[]	[]	[1]
	lnx/arm64	136	__ccw_47:	[]	[]	[]	[1]
	lnx/arm64	137	__ccw_48:	[]	[]	[]	[1]
	lnx/arm64	138	__ccw_49:	[]	[]	[]	[1]
	lnx/arm64	139	__ccw_50:	[]	[]	[]	[1]
	lnx/arm64	140	__ccw_51:	[]	[]	[]	[1]
	lnx/arm64	141	__ccw_52:	[]	[]	[]	[1]
	lnx/arm64	142	__ccw_53:	[]	[]	[]	[1]
	lnx/arm64	143	__ccw_54:	[]	[]	[]	[1]
	lnx/arm64	144	__ccw_55:	[]	[]	[]	[1]
	lnx/arm64	145	__ccw_56:	[]	[]	[]	[1]
	lnx/arm64	146	__ccw_57:	[]	[]	[]	[1]
	lnx/arm64	147	__ccw_58:	[]	[]	[]	[1]
	lnx/arm64	148	__ccw_59:	[]	[]	[]	[1]
	lnx/arm64	149	__ccw_60:	[]	[]	[]	[1]
	lnx/arm64	150	__ccw_61:	[]	[]	[]	[1]
	lnx/arm64	151	__ccw_62:	[]	[]	[]	[1]
	lnx/arm64	152	__ccw_63:	[]	[]	[]	[1]
	lnx/arm64	153	__ccw_64:	[]	[]	[]	[1]
	lnx/arm64	154	__ccw_65:	[]	[]	[]	[1]
	lnx/arm64	155	__ccw_66:	[]	[]	[]	[1]
	lnx/arm64	156	__ccw_67:	[]	[]	[]	[1]
	lnx/arm64	157	__ccw_68:	[]	[]	[]	[1]
	lnx/arm64	158	__ccw_69:	[]	[]	[]	[1]
	lnx/arm64	159	__ccw_70:	[]	[]	[]	[1]
	lnx/arm64	160	__ccw_71:	[]	[]	[]	[1]
	lnx/arm64	161	__ccw_72:	[]	[]	[]	[1]
	lnx/arm64	162	__ccw_73:	[]	[]	[]	[1]
	lnx/arm64	163	__ccw_74:	[]	[]	[]	[1]
	lnx/arm64	164	__ccw_75:	[]	[]	[]	[1]
	lnx/arm64	165	__ccw_76:	[]	[]	[]	[1]
	lnx/arm64	166	__ccw_77:	[]	[]	[]	[1]
	lnx/arm64	167	__ccw_78:	[]	[]	[]	[1]
	lnx/arm64	168	__ccw_79:	[]	[]	[]	[1]
	lnx/arm64	169	__ccw_80:	[]	[]	[]	[1]
	lnx/arm64	170	__ccw_81:	[]	[]	[]	[1]
	lnx/arm64	171	__ccw_82:	[]	[]	[]	[1]
	lnx/arm64	172	__ccw_83:	[]	[]	[]	[1]
	lnx/arm64	173	__ccw_84:	[]	[]	[]	[1]
	lnx/arm64	174	__ccw_85:	[]	[]	[]	[1]
	lnx/arm64	175	__ccw_86:	[]	[]	[]	[1]
	lnx/arm64	176	__ccw_87:	[]	[]	[]	[1]
	lnx/arm64	177	__ccw_88:	[]	[]	[]	[1]
	lnx/arm64	178	__ccw_89:	[]	[]	[]	[1]
	lnx/arm64	179	__ccw_90:	[]	[]	[]	[1]
	lnx/arm64	180	__ccw_91:	[]	[]	[]	[1]
	lnx/arm64	181	__ccw_92:	[]	[]	[]	[1]
	lnx/arm64	182	__ccw_93:	[]	[]	[]	[1]
	lnx/arm64	183	__ccw_94:	[]	[]	[]	[1]
	lnx/arm64	184	__ccw_95:	[]	[]	[]	[1]
	lnx/arm64	185	__ccw_96:	[]	[]	[]	[1]
	lnx/arm64	186	__ccw_97:	[]	[]	[]	[1]
	lnx/arm64	187	__ccw_98:	[]	[]	[]	[1]
	lnx/arm64	188	__ccw_99:	[]	[]	[]	[1]
	lnx/arm64	189	__ccw_100:	[]	[]	[]	[1]
	lnx/arm64	190	__ccw_101:	[]	[]	[]	[1]
	lnx/arm64	191	__ccw_102:	[]	[]	[]	[1]
	lnx/arm64	192	__ccw_103:	[]	[]	[]	[1]
	lnx/arm64	193	__ccw_104:	[]	[]	[]	[1]
	lnx/arm64	194	__ccw_105:	[]	[]	[]	[1]
	lnx/arm64	195	__ccw_106:	[]	[]	[]	[1]
	lnx/arm64	196	__ccw_107:	[]	[]	[]	[1]
	lnx/arm64	197	__ccw_108:	[]	[]	[]	[1]
	lnx/arm64	198	__ccw_109:	[]	[]	[]	[1]
	lnx/arm64	199	__ccw_110:	[]	[]	[]	[1]
	lnx/arm64	200	__ccw_111:	[]	[]	[]	[1]
	lnx/arm64	201	__ccw_112:	[]	[]	[]	[1]
	lnx/arm64	202	__ccw_113:	[]	[]	[]	[1]
	lnx/arm64	203	__ccw_114:	[]	[]	[]	[1]
	lnx/arm64	204	__ccw_115:	[]	[]	[]	[1]
	lnx/arm64	205	__ccw_116:	[]	[]	[]	[1]
	lnx/arm64	206	__ccw_117:	[]	[]	[]	[1]
	lnx/arm64	207	__ccw_118:	[]	[]	[]	[1]
	lnx/arm64	208	__ccw_119:	[]	[]	[]	[1]
	lnx/arm64	209	__ccw_120:	[]	[]	[]	[1]
	lnx/arm64	210	__ccw_121:	[]	[]	[]	[1]
	lnx/arm64	211	__ccw_122:	[]	[]	[]	[1]
	lnx/arm64	212	__ccw_123:	[]	[]	[]	[1]
	lnx/arm64	213	__ccw_124:	[]	[]	[]	[1]
	lnx/arm64	214	__ccw_125:	[]	[]	[]	[1]
	lnx/arm64	215	__ccw_126:	[]	[]	[]	[1]
	lnx/arm64	216	__ccw_127:	[]	[]	[]	[1]
	lnx/arm64	217	__ccw_128:	[]	[]	[]	[1]
	lnx/arm64	218	__ccw_129:	[]	[]	[]	[1]
	lnx/arm64	219	__ccw_130:	[]	[]	[]	[1]
	lnx/arm64	220	__ccw_131:	[]	[]	[]	[1]
	lnx/arm64	221	__ccw_132:	[]	[]	[]	[1]
	lnx/arm64	222	__ccw_133:	[]	[]	[]	[1]
	lnx/arm64	223	__ccw_134:	[]	[]	[]	[1]
	lnx/arm64	224	__ccw_135:	[]	[]	[]	[1]
	lnx/arm64	225	__ccw_136:	[]	[]	[]	[1]
	lnx/arm64	226	__ccw_137:	[]	[]	[]	[1]
	lnx/arm64	227	__ccw_138:	[]	[]	[]	[1]
	lnx/arm64	228	__ccw_139:	[]	[]	[]	[1]
	lnx/arm64	229	__ccw_140:	[]	[]	[]	[1]
	lnx/arm64	230	__ccw_141:	[]	[]	[]	[1]
	lnx/arm64	231	__ccw_142:	[]	[]	[]	[1]
	lnx/arm64	232	__ccw_143:	[]	[]	[]	[1]
	lnx/arm64	233	__ccw_144:	[]	[]	[]	[1]
	lnx/arm64	234	__ccw_145:	[]	[]	[]	[1]
	lnx/arm64	235	__ccw_146:	[]	[]	[]	[1]
	lnx/arm64	236	__ccw_147:	[]	[]	[]	[1]
	lnx/arm64	237	__ccw_148:	[]	[]	[]	[1]
	lnx/arm64	238	__ccw_149:	[]	[]	[]	[1]
	lnx/arm64	239	__ccw_150:	[]	[]	[]	[1]
	lnx/arm64	240	__ccw_151:	[]	[]	[]	[1]
	lnx/arm64	241	__ccw_152:	[]	[]	[]	[1]
	lnx/arm64	242	__ccw_153:	[]	[]	[]	[1]
	lnx/arm64	243	__ccw_154:	[]	[]	[]	[1]
	lnx/arm64	244	__ccw_155:	[]	[]	[]	[1]
	lnx/arm64	245	__ccw_156:	[]	[]	[]	[1]
	lnx/arm64	246	__ccw_157:	[]	[]	[]	[1]
	lnx/arm64	247	__ccw_158:	[]	[]	[]	[1]
	lnx/arm64	248	__ccw_159:	[]	[]	[]	[1]
	lnx/arm64	249	__ccw_160:	[]	[]	[]	[1]
	lnx/arm64	250	__ccw_161:	[]	[]	[]	[1]
	lnx/arm64	251	__ccw_162:	[]	[]	[]	[1]
	lnx/arm64	252	__ccw_163:	[]	[]	[]	[1]
	lnx/arm64	253	__ccw_164:	[]	[]	[]	[1]
	lnx/arm64	254	__ccw_165:	[]	[]	[]	[1]
	lnx/arm64	255	__ccw_166:	[]	[]	[]	[1]
	lnx/arm64	256	__ccw_167:	[]	[]	[]	[1]
	lnx/arm64	257	__ccw_168:	[]	[]	[]	[1]
	lnx/arm64	258	__ccw_169:	[]	[]	[]	[1]
	lnx/arm64	259	__ccw_170:	[]	[]	[]	[1]
	lnx/arm64	260	__ccw_171:	[]	[]	[]	[1]
	lnx/arm64	261	__ccw_172:	[]	[]	[]	[1]
	lnx/arm64	262	__ccw_173:	[]	[]	[]	[1]
	lnx/arm64	263	__ccw_174:	[]	[]	[]	[1]
	lnx/arm64	264	__ccw_175:	[]	[]	[]	[1]
	lnx/arm64	265	__ccw_176:	[]	[]	[]	[1]
	lnx/arm64	266	__ccw_177:	[]	[]	[]	[1]
	lnx/arm64	267	__ccw_178:	[]	[]	[]	[1]
	lnx/arm64	268	__ccw_179:	[]	[]	[]	[1]
	lnx/arm64	269	__ccw_180:	[]	[]	[]	[1]
	lnx/arm64	270	__ccw_181:	[]	[]	[]	[1]
	lnx/arm64	271	__ccw_182:	[]	[]	[]	[1]
	lnx/arm64	272	__ccw_183:	[]	[]	[]	[1]
	lnx/arm64	273	__ccw_184:	[]	[]	[]	[1]
	lnx/arm64	274	__ccw_185:	[]	[]	[]	[1]
	lnx/arm64	275	__ccw_186:	[]	[]	[]	[1]
	lnx/arm64	276	__ccw_187:	[]	[]	[]	[1]
	lnx/arm64	277	__ccw_188:	[]	[]	[]	[1]
	lnx/arm64	278	__ccw_189:	[]	[]	[]	[1]
	lnx/arm64	279	__ccw_190:	[]	[]	[]	[1]
	lnx/arm64	280	__ccw_191:	[]	[]	[]	[1]
	lnx/arm64	281	__ccw_192:	[]	[]	[]	[1]
	lnx/arm64	282	__ccw_193:	[]	[]	[]	[1]
	lnx/arm64	283	__ccw_194:	[]	[]	[]	[1]
	lnx/arm64	284	__ccw_195:	[]	[]	[]	[1]
	lnx/arm64	285	__ccw_196:	[]	[]	[]	[1]
	lnx/arm64	286	__ccw_197:	[]	[]	[]	[1]
	lnx/arm64	287	__ccw_198:	[]	[]	[]	[1]
	lnx/arm64	288	__ccw_199:	[]	[]	[]	[1]
	lnx/arm64	289	__ccw_200:	[]	[]	[]	[1]
	lnx/arm64	290	__ccw_201:	[]	[]	[]	[1]
	lnx/arm64	291	__ccw_202:	[]	[]	[]	[1]
	lnx/arm64	292	__ccw_203:	[]	[]	[]	[1]
	lnx/arm64	293	__ccw_204:	[]	[]	[]	[1]
	lnx/arm64	294	__ccw_205:	[]	[]	[]	[1]
	lnx/arm64	295	__ccw_206:	[]	[]	[]	[1]
	lnx/arm64	296	__ccw_207:	[]	[]	[]	[1]
	lnx/arm64	297	__ccw_208:	[]	[]	[]	[1]
	lnx/arm64	298	__ccw_209:	[]	[]	[]	[1]
	lnx/arm64	299	__ccw_210:	[]	[]	[]	[1]
	lnx/arm64	300	__ccw_211:	[]	[]	[]	[1]
	lnx/arm64	301	__ccw_212:	[]	[]	[]	[1]
	lnx/arm64	302	__ccw_213:	[]	[]	[]	[1]
	lnx/arm64	303	__ccw_214:	[]	[]	[]	[1]
	lnx/arm64	304	__ccw_215:	[]	[]	[]	[1]
	lnx/arm64	305	__ccw_216:	[]	[]	[]	[1]
	lnx/arm64	306	__ccw_217:	[]	[]	[]	[1]
	lnx/arm64	307	__ccw_218:	[]	[]	[]	[1]
	lnx/arm64	308	__ccw_219:	[]	[]	[]	[1]
	lnx/arm64	309	__ccw_220:	[]	[]	[]	[1]
	lnx/arm64	310	__ccw_221:	[]	[]	[]	[1]
	lnx/arm64	311	__ccw_222:	[]	[]	[]	[1]
	lnx/arm64	312	__ccw_223:	[]	[]	[]	[1]
	lnx/arm64	313	__ccw_224:	[]	[]	[]	[1]
	lnx/arm64	314	__ccw_225:	[]	[]	[]	[1]
	lnx/arm64	315	__ccw_226:	[]	[]	[]	[1]
	lnx/arm64	316	__ccw_227:	[]	[]	[]	[1]
	lnx/arm64	317	__ccw_228:	[]	[]	[]	[1]
	lnx/arm64	318	__ccw_229:	[]	[]	[]	[1]
	lnx/arm64	319	__ccw_230:	[]	[]	[]	[1]
	lnx/arm64	320	__ccw_231:	[]	[]	[]	[1]
	lnx/arm64	321	__ccw_232:	[]	[]	[]	[1]
	lnx/arm64	322	__ccw_233:	[]	[]	[]	[1]
	lnx/arm64	323	__ccw_234:	[]	[]	[]	[1]
	lnx/arm64	324	__ccw_235:	[]	[]	[]	[1]
	lnx/arm64	325	__ccw_236:	[]	[]	[]	[1]
	lnx/arm64	326	__ccw_237:	[]	[]	[]	[1]
	lnx/arm64	327	__ccw_238:	[]	[]	[]	[1]
	lnx/arm64	328	__ccw_239:	[]	[]	[]	[1]
	lnx/arm64	329	__ccw_240:	[]	[]	[]	[1]
	lnx/arm64	330	__ccw_241:	[]	[]	[]	[1]
	lnx/arm64	331	__ccw_242:	[]	[]	[]	[1]
	lnx/arm64	332	__ccw_243:	[]	[]	[]	[1]
	lnx/arm64	333	__ccw_244:	[]	[]	[]	[1]
	lnx/arm64	334	__ccw_245:	[]	[]	[]	[1]
	lnx/arm64	335	__ccw_246:	[]	[]	[]	[1]
	lnx/arm64	336	__ccw_247:	[]	[]	[]	[1]
	lnx/arm64	337	__ccw_248:	[]	[]	[]	[1]
	lnx/arm64	338	__ccw_249:	[]	[]	[]	[1]
	lnx/arm64	339	__ccw_250:	[]	[]	[]	[1]
	lnx/arm64	340	__ccw_251:	[]	[]	[]	[1]
	lnx/arm64	341	__ccw_252:	[]	[]	[]	[1]
	lnx/arm64	342	__ccw_253:	[]	[]	[]	[1]
	lnx/arm64	343	__ccw_254:	[]	[]	[]	[1]
	lnx/arm64	344	__ccw_255:	[]	[]	[]	[1]
	osx/x86_64	0	imm	[0]	[]	[]	[]
	osx/x86_64	1	mov	[0, 1]	[]	[]	[]
	osx/x86_64	2	add64	[0, 1, 2]	[]	[" form=x86"]	[]
	osx/x86_64	3	sub64	[0, 1, 2]	[]	[" form=x86"]	[]
	osx/x86_64	4	mul64	[0, 1, 2]	[]	[" form=x86"]	[]
	osx/x86_64	5	xor64	[0, 1, 2]	[]	[" form=x86"]	[]
	osx/x86_64	6	and64	[0, 1, 2]	[]	[" form=x86"]	[]
	osx/x86_64	7	or64	[0, 1, 2]	[]	[" form=x86"]	[]
	osx/x86_64	8	shl64	[0, 1, 2]	[]	[" form=x86"]	[]
	osx/x86_64	9	shr64	[0, 1, 2]	[]	[" form=x86"]	[]
	osx/x86_64	10	lshr64	[0, 1, 2]	[]	[" form=x86"]	[]
	osx/x86_64	11	.div	[0, 1, 2]	[]	[]	[]
	osx/x86_64	12	.mod	[0, 1, 2]	[]	[]	[]
	osx/x86_64	13	.udiv	[0, 1, 2]	[]	[]	[]
	osx/x86_64	14	.umod	[0, 1, 2]	[]	[]	[]
	osx/x86_64	15	slt64	[0, 1, 2]	[]	[" form=x86"]	[]
	osx/x86_64	16	sle64	[0, 1, 2]	[]	[" form=x86"]	[]
	osx/x86_64	17	ult64	[0, 1, 2]	[]	[" form=x86"]	[]
	osx/x86_64	18	ule64	[0, 1, 2]	[]	[" form=x86"]	[]
	osx/x86_64	19	eq	[0, 1, 2]	[]	[]	[]
	osx/x86_64	20	ne	[0, 1, 2]	[]	[]	[]
	osx/x86_64	21	load64	[0, 1]	[]	[" form=x86"]	[]
	osx/x86_64	22	store64	[0, 2]	[]	[" form=x86"]	[]
	osx/x86_64	23	.ld	[0, 1]	[]	[]	[]
	osx/x86_64	24	.st	[0, 2]	[]	[]	[]
	osx/x86_64	25	.lea	[0]	[]	[]	[]
	osx/x86_64	26	.zero	[0]	[]	[]	[]
	osx/x86_64	27	jump	[]	[]	[" form=x86"]	[]
	osx/x86_64	28	jumpz	[0]	[]	[" form=x86"]	[]
	osx/x86_64	29	call	[]	[]	[" form=x86"]	[]
	osx/x86_64	30	callr	[0]	[]	[" form=x86"]	[]
	osx/x86_64	31	callm	[0]	[]	[]	[]
	osx/x86_64	32	.hostcall	[0, 1]	[]	[]	[]
	osx/x86_64	33	.librarycall	[0, 1]	[]	[]	[]
	osx/x86_64	34	.libraryaddr	[0]	[]	[]	[]
	osx/x86_64	35	.hostaddr	[0]	[]	[]	[]
	osx/x86_64	36	ret	[]	[]	[" form=x86"]	[]
	osx/x86_64	37	.frame	[]	[]	[]	[]
	osx/x86_64	38	.arg	[1]	[]	[]	[]
	osx/x86_64	39	.print	[0]	[]	[]	[]
	osx/x86_64	40	.write	[0, 1]	[]	[]	[]
	osx/x86_64	41	.exit	[0]	[]	[]	[]
	osx/x86_64	42	.sys	[1, 2, 3]	[]	[]	[]
	osx/x86_64	43	.sys6	[1, 2, 3, 4, 5, 6]	[]	[]	[]
	osx/x86_64	44	.argc	[0]	[]	[]	[]
	osx/x86_64	45	.argv	[0, 1]	[]	[]	[]
	osx/x86_64	46	nop	[]	[]	[" form=x86"]	[]
	osx/x86_64	47	fadd64	[0, 1, 2]	[]	[" form=x86"]	[]
	osx/x86_64	48	fsub64	[0, 1, 2]	[]	[" form=x86"]	[]
	osx/x86_64	49	fmul64	[0, 1, 2]	[]	[" form=x86"]	[]
	osx/x86_64	50	fdiv64	[0, 1, 2]	[]	[" form=x86"]	[]
	osx/x86_64	51	flt64	[0, 1, 2]	[]	[" form=x86"]	[]
	osx/x86_64	52	fle64	[0, 1, 2]	[]	[" form=x86"]	[]
	osx/x86_64	53	feq64	[0, 1, 2]	[]	[" form=x86"]	[]
	osx/x86_64	54	fadd32	[0, 1, 2]	[]	[" form=x86"]	[]
	osx/x86_64	55	fsub32	[0, 1, 2]	[]	[" form=x86"]	[]
	osx/x86_64	56	fmul32	[0, 1, 2]	[]	[" form=x86"]	[]
	osx/x86_64	57	fdiv32	[0, 1, 2]	[]	[" form=x86"]	[]
	osx/x86_64	58	flt32	[0, 1, 2]	[]	[" form=x86"]	[]
	osx/x86_64	59	fle32	[0, 1, 2]	[]	[" form=x86"]	[]
	osx/x86_64	60	feq32	[0, 1, 2]	[]	[" form=x86"]	[]
	osx/x86_64	61	cvtid	[0, 1]	[]	[" form=x86"]	[]
	osx/x86_64	62	cvtud	[0, 1]	[]	[" form=x86"]	[]
	osx/x86_64	63	cvtis	[0, 1]	[]	[" form=x86"]	[]
	osx/x86_64	64	cvtus	[0, 1]	[]	[" form=x86"]	[]
	osx/x86_64	65	cvtdi	[0, 1]	[]	[" form=x86"]	[]
	osx/x86_64	66	cvtdu	[0, 1]	[]	[" form=x86"]	[]
	osx/x86_64	67	cvtsd	[0, 1]	[]	[" form=x86"]	[]
	osx/x86_64	68	cvtds	[0, 1]	[]	[" form=x86"]	[]
	osx/x86_64	69	fsqrt64	[0, 1]	[]	[" form=x86"]	[]
	osx/x86_64	70	fsqrt32	[0, 1]	[]	[" form=x86"]	[]
	osx/x86_64	71	r0	[]	["rax"]	[]	[]
	osx/x86_64	72	r1	[]	["rdi"]	[]	[]
	osx/x86_64	73	r2	[]	["rsi"]	[]	[]
	osx/x86_64	74	r3	[]	["rdx"]	[]	[]
	osx/x86_64	75	r4	[]	["rcx"]	[]	[]
	osx/x86_64	76	r5	[]	["r8"]	[]	[]
	osx/x86_64	77	r6	[]	["r9"]	[]	[]
	osx/x86_64	78	r7	[]	["rsp"]	[]	[]
	osx/x86_64	79	0	[]	[]	[]	[]
	osx/x86_64	80	1	[]	[]	[]	[]
	osx/x86_64	81	2	[]	[]	[]	[]
	osx/x86_64	82	3	[]	[]	[]	[]
	osx/x86_64	83	4	[]	[]	[]	[]
	osx/x86_64	84	8	[]	[]	[]	[]
	osx/x86_64	85	-8	[]	[]	[]	[]
	osx/x86_64	86	_start:	[]	[]	[]	[]
	osx/x86_64	87	write	[]	[]	[" form=syscall"]	[]
	osx/x86_64	88	exit	[]	[]	[" form=syscall"]	[]
	osx/x86_64	89	__ccw_0:	[]	[]	[]	[1]
	osx/x86_64	90	__ccw_1:	[]	[]	[]	[1]
	osx/x86_64	91	__ccw_2:	[]	[]	[]	[1]
	osx/x86_64	92	__ccw_3:	[]	[]	[]	[1]
	osx/x86_64	93	__ccw_4:	[]	[]	[]	[1]
	osx/x86_64	94	__ccw_5:	[]	[]	[]	[1]
	osx/x86_64	95	__ccw_6:	[]	[]	[]	[1]
	osx/x86_64	96	__ccw_7:	[]	[]	[]	[1]
	osx/x86_64	97	__ccw_8:	[]	[]	[]	[1]
	osx/x86_64	98	__ccw_9:	[]	[]	[]	[1]
	osx/x86_64	99	__ccw_10:	[]	[]	[]	[1]
	osx/x86_64	100	__ccw_11:	[]	[]	[]	[1]
	osx/x86_64	101	__ccw_12:	[]	[]	[]	[1]
	osx/x86_64	102	__ccw_13:	[]	[]	[]	[1]
	osx/x86_64	103	__ccw_14:	[]	[]	[]	[1]
	osx/x86_64	104	__ccw_15:	[]	[]	[]	[1]
	osx/x86_64	105	__ccw_16:	[]	[]	[]	[1]
	osx/x86_64	106	__ccw_17:	[]	[]	[]	[1]
	osx/x86_64	107	__ccw_18:	[]	[]	[]	[1]
	osx/x86_64	108	__ccw_19:	[]	[]	[]	[1]
	osx/x86_64	109	__ccw_20:	[]	[]	[]	[1]
	osx/x86_64	110	__ccw_21:	[]	[]	[]	[1]
	osx/x86_64	111	__ccw_22:	[]	[]	[]	[1]
	osx/x86_64	112	__ccw_23:	[]	[]	[]	[1]
	osx/x86_64	113	__ccw_24:	[]	[]	[]	[1]
	osx/x86_64	114	__ccw_25:	[]	[]	[]	[1]
	osx/x86_64	115	__ccw_26:	[]	[]	[]	[1]
	osx/x86_64	116	__ccw_27:	[]	[]	[]	[1]
	osx/x86_64	117	__ccw_28:	[]	[]	[]	[1]
	osx/x86_64	118	__ccw_29:	[]	[]	[]	[1]
	osx/x86_64	119	__ccw_30:	[]	[]	[]	[1]
	osx/x86_64	120	__ccw_31:	[]	[]	[]	[1]
	osx/x86_64	121	__ccw_32:	[]	[]	[]	[1]
	osx/x86_64	122	__ccw_33:	[]	[]	[]	[1]
	osx/x86_64	123	__ccw_34:	[]	[]	[]	[1]
	osx/x86_64	124	__ccw_35:	[]	[]	[]	[1]
	osx/x86_64	125	__ccw_36:	[]	[]	[]	[1]
	osx/x86_64	126	__ccw_37:	[]	[]	[]	[1]
	osx/x86_64	127	__ccw_38:	[]	[]	[]	[1]
	osx/x86_64	128	__ccw_39:	[]	[]	[]	[1]
	osx/x86_64	129	__ccw_40:	[]	[]	[]	[1]
	osx/x86_64	130	__ccw_41:	[]	[]	[]	[1]
	osx/x86_64	131	__ccw_42:	[]	[]	[]	[1]
	osx/x86_64	132	__ccw_43:	[]	[]	[]	[1]
	osx/x86_64	133	__ccw_44:	[]	[]	[]	[1]
	osx/x86_64	134	__ccw_45:	[]	[]	[]	[1]
	osx/x86_64	135	__ccw_46:	[]	[]	[]	[1]
	osx/x86_64	136	__ccw_47:	[]	[]	[]	[1]
	osx/x86_64	137	__ccw_48:	[]	[]	[]	[1]
	osx/x86_64	138	__ccw_49:	[]	[]	[]	[1]
	osx/x86_64	139	__ccw_50:	[]	[]	[]	[1]
	osx/x86_64	140	__ccw_51:	[]	[]	[]	[1]
	osx/x86_64	141	__ccw_52:	[]	[]	[]	[1]
	osx/x86_64	142	__ccw_53:	[]	[]	[]	[1]
	osx/x86_64	143	__ccw_54:	[]	[]	[]	[1]
	osx/x86_64	144	__ccw_55:	[]	[]	[]	[1]
	osx/x86_64	145	__ccw_56:	[]	[]	[]	[1]
	osx/x86_64	146	__ccw_57:	[]	[]	[]	[1]
	osx/x86_64	147	__ccw_58:	[]	[]	[]	[1]
	osx/x86_64	148	__ccw_59:	[]	[]	[]	[1]
	osx/x86_64	149	__ccw_60:	[]	[]	[]	[1]
	osx/x86_64	150	__ccw_61:	[]	[]	[]	[1]
	osx/x86_64	151	__ccw_62:	[]	[]	[]	[1]
	osx/x86_64	152	__ccw_63:	[]	[]	[]	[1]
	osx/x86_64	153	__ccw_64:	[]	[]	[]	[1]
	osx/x86_64	154	__ccw_65:	[]	[]	[]	[1]
	osx/x86_64	155	__ccw_66:	[]	[]	[]	[1]
	osx/x86_64	156	__ccw_67:	[]	[]	[]	[1]
	osx/x86_64	157	__ccw_68:	[]	[]	[]	[1]
	osx/x86_64	158	__ccw_69:	[]	[]	[]	[1]
	osx/x86_64	159	__ccw_70:	[]	[]	[]	[1]
	osx/x86_64	160	__ccw_71:	[]	[]	[]	[1]
	osx/x86_64	161	__ccw_72:	[]	[]	[]	[1]
	osx/x86_64	162	__ccw_73:	[]	[]	[]	[1]
	osx/x86_64	163	__ccw_74:	[]	[]	[]	[1]
	osx/x86_64	164	__ccw_75:	[]	[]	[]	[1]
	osx/x86_64	165	__ccw_76:	[]	[]	[]	[1]
	osx/x86_64	166	__ccw_77:	[]	[]	[]	[1]
	osx/x86_64	167	__ccw_78:	[]	[]	[]	[1]
	osx/x86_64	168	__ccw_79:	[]	[]	[]	[1]
	osx/x86_64	169	__ccw_80:	[]	[]	[]	[1]
	osx/x86_64	170	__ccw_81:	[]	[]	[]	[1]
	osx/x86_64	171	__ccw_82:	[]	[]	[]	[1]
	osx/x86_64	172	__ccw_83:	[]	[]	[]	[1]
	osx/x86_64	173	__ccw_84:	[]	[]	[]	[1]
	osx/x86_64	174	__ccw_85:	[]	[]	[]	[1]
	osx/x86_64	175	__ccw_86:	[]	[]	[]	[1]
	osx/x86_64	176	__ccw_87:	[]	[]	[]	[1]
	osx/x86_64	177	__ccw_88:	[]	[]	[]	[1]
	osx/x86_64	178	__ccw_89:	[]	[]	[]	[1]
	osx/x86_64	179	__ccw_90:	[]	[]	[]	[1]
	osx/x86_64	180	__ccw_91:	[]	[]	[]	[1]
	osx/x86_64	181	__ccw_92:	[]	[]	[]	[1]
	osx/x86_64	182	__ccw_93:	[]	[]	[]	[1]
	osx/x86_64	183	__ccw_94:	[]	[]	[]	[1]
	osx/x86_64	184	__ccw_95:	[]	[]	[]	[1]
	osx/x86_64	185	__ccw_96:	[]	[]	[]	[1]
	osx/x86_64	186	__ccw_97:	[]	[]	[]	[1]
	osx/x86_64	187	__ccw_98:	[]	[]	[]	[1]
	osx/x86_64	188	__ccw_99:	[]	[]	[]	[1]
	osx/x86_64	189	__ccw_100:	[]	[]	[]	[1]
	osx/x86_64	190	__ccw_101:	[]	[]	[]	[1]
	osx/x86_64	191	__ccw_102:	[]	[]	[]	[1]
	osx/x86_64	192	__ccw_103:	[]	[]	[]	[1]
	osx/x86_64	193	__ccw_104:	[]	[]	[]	[1]
	osx/x86_64	194	__ccw_105:	[]	[]	[]	[1]
	osx/x86_64	195	__ccw_106:	[]	[]	[]	[1]
	osx/x86_64	196	__ccw_107:	[]	[]	[]	[1]
	osx/x86_64	197	__ccw_108:	[]	[]	[]	[1]
	osx/x86_64	198	__ccw_109:	[]	[]	[]	[1]
	osx/x86_64	199	__ccw_110:	[]	[]	[]	[1]
	osx/x86_64	200	__ccw_111:	[]	[]	[]	[1]
	osx/x86_64	201	__ccw_112:	[]	[]	[]	[1]
	osx/x86_64	202	__ccw_113:	[]	[]	[]	[1]
	osx/x86_64	203	__ccw_114:	[]	[]	[]	[1]
	osx/x86_64	204	__ccw_115:	[]	[]	[]	[1]
	osx/x86_64	205	__ccw_116:	[]	[]	[]	[1]
	osx/x86_64	206	__ccw_117:	[]	[]	[]	[1]
	osx/x86_64	207	__ccw_118:	[]	[]	[]	[1]
	osx/x86_64	208	__ccw_119:	[]	[]	[]	[1]
	osx/x86_64	209	__ccw_120:	[]	[]	[]	[1]
	osx/x86_64	210	__ccw_121:	[]	[]	[]	[1]
	osx/x86_64	211	__ccw_122:	[]	[]	[]	[1]
	osx/x86_64	212	__ccw_123:	[]	[]	[]	[1]
	osx/x86_64	213	__ccw_124:	[]	[]	[]	[1]
	osx/x86_64	214	__ccw_125:	[]	[]	[]	[1]
	osx/x86_64	215	__ccw_126:	[]	[]	[]	[1]
	osx/x86_64	216	__ccw_127:	[]	[]	[]	[1]
	osx/x86_64	217	__ccw_128:	[]	[]	[]	[1]
	osx/x86_64	218	__ccw_129:	[]	[]	[]	[1]
	osx/x86_64	219	__ccw_130:	[]	[]	[]	[1]
	osx/x86_64	220	__ccw_131:	[]	[]	[]	[1]
	osx/x86_64	221	__ccw_132:	[]	[]	[]	[1]
	osx/x86_64	222	__ccw_133:	[]	[]	[]	[1]
	osx/x86_64	223	__ccw_134:	[]	[]	[]	[1]
	osx/x86_64	224	__ccw_135:	[]	[]	[]	[1]
	osx/x86_64	225	__ccw_136:	[]	[]	[]	[1]
	osx/x86_64	226	__ccw_137:	[]	[]	[]	[1]
	osx/x86_64	227	__ccw_138:	[]	[]	[]	[1]
	osx/x86_64	228	__ccw_139:	[]	[]	[]	[1]
	osx/x86_64	229	__ccw_140:	[]	[]	[]	[1]
	osx/x86_64	230	__ccw_141:	[]	[]	[]	[1]
	osx/x86_64	231	__ccw_142:	[]	[]	[]	[1]
	osx/x86_64	232	__ccw_143:	[]	[]	[]	[1]
	osx/x86_64	233	__ccw_144:	[]	[]	[]	[1]
	osx/x86_64	234	__ccw_145:	[]	[]	[]	[1]
	osx/x86_64	235	__ccw_146:	[]	[]	[]	[1]
	osx/x86_64	236	__ccw_147:	[]	[]	[]	[1]
	osx/x86_64	237	__ccw_148:	[]	[]	[]	[1]
	osx/x86_64	238	__ccw_149:	[]	[]	[]	[1]
	osx/x86_64	239	__ccw_150:	[]	[]	[]	[1]
	osx/x86_64	240	__ccw_151:	[]	[]	[]	[1]
	osx/x86_64	241	__ccw_152:	[]	[]	[]	[1]
	osx/x86_64	242	__ccw_153:	[]	[]	[]	[1]
	osx/x86_64	243	__ccw_154:	[]	[]	[]	[1]
	osx/x86_64	244	__ccw_155:	[]	[]	[]	[1]
	osx/x86_64	245	__ccw_156:	[]	[]	[]	[1]
	osx/x86_64	246	__ccw_157:	[]	[]	[]	[1]
	osx/x86_64	247	__ccw_158:	[]	[]	[]	[1]
	osx/x86_64	248	__ccw_159:	[]	[]	[]	[1]
	osx/x86_64	249	__ccw_160:	[]	[]	[]	[1]
	osx/x86_64	250	__ccw_161:	[]	[]	[]	[1]
	osx/x86_64	251	__ccw_162:	[]	[]	[]	[1]
	osx/x86_64	252	__ccw_163:	[]	[]	[]	[1]
	osx/x86_64	253	__ccw_164:	[]	[]	[]	[1]
	osx/x86_64	254	__ccw_165:	[]	[]	[]	[1]
	osx/x86_64	255	__ccw_166:	[]	[]	[]	[1]
	osx/x86_64	256	__ccw_167:	[]	[]	[]	[1]
	osx/x86_64	257	__ccw_168:	[]	[]	[]	[1]
	osx/x86_64	258	__ccw_169:	[]	[]	[]	[1]
	osx/x86_64	259	__ccw_170:	[]	[]	[]	[1]
	osx/x86_64	260	__ccw_171:	[]	[]	[]	[1]
	osx/x86_64	261	__ccw_172:	[]	[]	[]	[1]
	osx/x86_64	262	__ccw_173:	[]	[]	[]	[1]
	osx/x86_64	263	__ccw_174:	[]	[]	[]	[1]
	osx/x86_64	264	__ccw_175:	[]	[]	[]	[1]
	osx/x86_64	265	__ccw_176:	[]	[]	[]	[1]
	osx/x86_64	266	__ccw_177:	[]	[]	[]	[1]
	osx/x86_64	267	__ccw_178:	[]	[]	[]	[1]
	osx/x86_64	268	__ccw_179:	[]	[]	[]	[1]
	osx/x86_64	269	__ccw_180:	[]	[]	[]	[1]
	osx/x86_64	270	__ccw_181:	[]	[]	[]	[1]
	osx/x86_64	271	__ccw_182:	[]	[]	[]	[1]
	osx/x86_64	272	__ccw_183:	[]	[]	[]	[1]
	osx/x86_64	273	__ccw_184:	[]	[]	[]	[1]
	osx/x86_64	274	__ccw_185:	[]	[]	[]	[1]
	osx/x86_64	275	__ccw_186:	[]	[]	[]	[1]
	osx/x86_64	276	__ccw_187:	[]	[]	[]	[1]
	osx/x86_64	277	__ccw_188:	[]	[]	[]	[1]
	osx/x86_64	278	__ccw_189:	[]	[]	[]	[1]
	osx/x86_64	279	__ccw_190:	[]	[]	[]	[1]
	osx/x86_64	280	__ccw_191:	[]	[]	[]	[1]
	osx/x86_64	281	__ccw_192:	[]	[]	[]	[1]
	osx/x86_64	282	__ccw_193:	[]	[]	[]	[1]
	osx/x86_64	283	__ccw_194:	[]	[]	[]	[1]
	osx/x86_64	284	__ccw_195:	[]	[]	[]	[1]
	osx/x86_64	285	__ccw_196:	[]	[]	[]	[1]
	osx/x86_64	286	__ccw_197:	[]	[]	[]	[1]
	osx/x86_64	287	__ccw_198:	[]	[]	[]	[1]
	osx/x86_64	288	__ccw_199:	[]	[]	[]	[1]
	osx/x86_64	289	__ccw_200:	[]	[]	[]	[1]
	osx/x86_64	290	__ccw_201:	[]	[]	[]	[1]
	osx/x86_64	291	__ccw_202:	[]	[]	[]	[1]
	osx/x86_64	292	__ccw_203:	[]	[]	[]	[1]
	osx/x86_64	293	__ccw_204:	[]	[]	[]	[1]
	osx/x86_64	294	__ccw_205:	[]	[]	[]	[1]
	osx/x86_64	295	__ccw_206:	[]	[]	[]	[1]
	osx/x86_64	296	__ccw_207:	[]	[]	[]	[1]
	osx/x86_64	297	__ccw_208:	[]	[]	[]	[1]
	osx/x86_64	298	__ccw_209:	[]	[]	[]	[1]
	osx/x86_64	299	__ccw_210:	[]	[]	[]	[1]
	osx/x86_64	300	__ccw_211:	[]	[]	[]	[1]
	osx/x86_64	301	__ccw_212:	[]	[]	[]	[1]
	osx/x86_64	302	__ccw_213:	[]	[]	[]	[1]
	osx/x86_64	303	__ccw_214:	[]	[]	[]	[1]
	osx/x86_64	304	__ccw_215:	[]	[]	[]	[1]
	osx/x86_64	305	__ccw_216:	[]	[]	[]	[1]
	osx/x86_64	306	__ccw_217:	[]	[]	[]	[1]
	osx/x86_64	307	__ccw_218:	[]	[]	[]	[1]
	osx/x86_64	308	__ccw_219:	[]	[]	[]	[1]
	osx/x86_64	309	__ccw_220:	[]	[]	[]	[1]
	osx/x86_64	310	__ccw_221:	[]	[]	[]	[1]
	osx/x86_64	311	__ccw_222:	[]	[]	[]	[1]
	osx/x86_64	312	__ccw_223:	[]	[]	[]	[1]
	osx/x86_64	313	__ccw_224:	[]	[]	[]	[1]
	osx/x86_64	314	__ccw_225:	[]	[]	[]	[1]
	osx/x86_64	315	__ccw_226:	[]	[]	[]	[1]
	osx/x86_64	316	__ccw_227:	[]	[]	[]	[1]
	osx/x86_64	317	__ccw_228:	[]	[]	[]	[1]
	osx/x86_64	318	__ccw_229:	[]	[]	[]	[1]
	osx/x86_64	319	__ccw_230:	[]	[]	[]	[1]
	osx/x86_64	320	__ccw_231:	[]	[]	[]	[1]
	osx/x86_64	321	__ccw_232:	[]	[]	[]	[1]
	osx/x86_64	322	__ccw_233:	[]	[]	[]	[1]
	osx/x86_64	323	__ccw_234:	[]	[]	[]	[1]
	osx/x86_64	324	__ccw_235:	[]	[]	[]	[1]
	osx/x86_64	325	__ccw_236:	[]	[]	[]	[1]
	osx/x86_64	326	__ccw_237:	[]	[]	[]	[1]
	osx/x86_64	327	__ccw_238:	[]	[]	[]	[1]
	osx/x86_64	328	__ccw_239:	[]	[]	[]	[1]
	osx/x86_64	329	__ccw_240:	[]	[]	[]	[1]
	osx/x86_64	330	__ccw_241:	[]	[]	[]	[1]
	osx/x86_64	331	__ccw_242:	[]	[]	[]	[1]
	osx/x86_64	332	__ccw_243:	[]	[]	[]	[1]
	osx/x86_64	333	__ccw_244:	[]	[]	[]	[1]
	osx/x86_64	334	__ccw_245:	[]	[]	[]	[1]
	osx/x86_64	335	__ccw_246:	[]	[]	[]	[1]
	osx/x86_64	336	__ccw_247:	[]	[]	[]	[1]
	osx/x86_64	337	__ccw_248:	[]	[]	[]	[1]
	osx/x86_64	338	__ccw_249:	[]	[]	[]	[1]
	osx/x86_64	339	__ccw_250:	[]	[]	[]	[1]
	osx/x86_64	340	__ccw_251:	[]	[]	[]	[1]
	osx/x86_64	341	__ccw_252:	[]	[]	[]	[1]
	osx/x86_64	342	__ccw_253:	[]	[]	[]	[1]
	osx/x86_64	343	__ccw_254:	[]	[]	[]	[1]
	osx/x86_64	344	__ccw_255:	[]	[]	[]	[1]
	osx/arm64	0	imm	[0]	[]	[]	[]
	osx/arm64	1	mov	[0, 1]	[]	[]	[]
	osx/arm64	2	add64	[0, 1, 2]	[]	[" form=arm"]	[]
	osx/arm64	3	sub64	[0, 1, 2]	[]	[" form=arm"]	[]
	osx/arm64	4	mul64	[0, 1, 2]	[]	[" form=arm"]	[]
	osx/arm64	5	xor64	[0, 1, 2]	[]	[" form=arm"]	[]
	osx/arm64	6	and64	[0, 1, 2]	[]	[" form=arm"]	[]
	osx/arm64	7	or64	[0, 1, 2]	[]	[" form=arm"]	[]
	osx/arm64	8	shl64	[0, 1, 2]	[]	[" form=arm"]	[]
	osx/arm64	9	shr64	[0, 1, 2]	[]	[" form=arm"]	[]
	osx/arm64	10	lshr64	[0, 1, 2]	[]	[" form=arm"]	[]
	osx/arm64	11	.div	[0, 1, 2]	[]	[]	[]
	osx/arm64	12	.mod	[0, 1, 2]	[]	[]	[]
	osx/arm64	13	.udiv	[0, 1, 2]	[]	[]	[]
	osx/arm64	14	.umod	[0, 1, 2]	[]	[]	[]
	osx/arm64	15	slt64	[0, 1, 2]	[]	[" form=arm"]	[]
	osx/arm64	16	sle64	[0, 1, 2]	[]	[" form=arm"]	[]
	osx/arm64	17	ult64	[0, 1, 2]	[]	[" form=arm"]	[]
	osx/arm64	18	ule64	[0, 1, 2]	[]	[" form=arm"]	[]
	osx/arm64	19	eq	[0, 1, 2]	[]	[]	[]
	osx/arm64	20	ne	[0, 1, 2]	[]	[]	[]
	osx/arm64	21	load64	[0, 1]	[]	[" form=arm"]	[]
	osx/arm64	22	store64	[0, 2]	[]	[" form=arm"]	[]
	osx/arm64	23	.ld	[0, 1]	[]	[]	[]
	osx/arm64	24	.st	[0, 2]	[]	[]	[]
	osx/arm64	25	.lea	[0]	[]	[]	[]
	osx/arm64	26	.zero	[0]	[]	[]	[]
	osx/arm64	27	jump	[]	[]	[" form=arm"]	[]
	osx/arm64	28	jumpz	[0]	[]	[" form=arm"]	[]
	osx/arm64	29	call	[]	[]	[" form=arm"]	[]
	osx/arm64	30	callr	[0]	[]	[" form=arm"]	[]
	osx/arm64	31	callm	[0]	[]	[]	[]
	osx/arm64	32	.hostcall	[0, 1]	[]	[]	[]
	osx/arm64	33	.librarycall	[0, 1]	[]	[]	[]
	osx/arm64	34	.libraryaddr	[0]	[]	[]	[]
	osx/arm64	35	.hostaddr	[0]	[]	[]	[]
	osx/arm64	36	ret	[]	[]	[" form=arm"]	[]
	osx/arm64	37	.frame	[]	[]	[]	[]
	osx/arm64	38	.arg	[1]	[]	[]	[]
	osx/arm64	39	.print	[0]	[]	[]	[]
	osx/arm64	40	.write	[0, 1]	[]	[]	[]
	osx/arm64	41	.exit	[0]	[]	[]	[]
	osx/arm64	42	.sys	[1, 2, 3]	[]	[]	[]
	osx/arm64	43	.sys6	[1, 2, 3, 4, 5, 6]	[]	[]	[]
	osx/arm64	44	.argc	[0]	[]	[]	[]
	osx/arm64	45	.argv	[0, 1]	[]	[]	[]
	osx/arm64	46	nop	[]	[]	[" form=arm"]	[]
	osx/arm64	47	fadd64	[0, 1, 2]	[]	[" form=arm"]	[]
	osx/arm64	48	fsub64	[0, 1, 2]	[]	[" form=arm"]	[]
	osx/arm64	49	fmul64	[0, 1, 2]	[]	[" form=arm"]	[]
	osx/arm64	50	fdiv64	[0, 1, 2]	[]	[" form=arm"]	[]
	osx/arm64	51	flt64	[0, 1, 2]	[]	[" form=arm"]	[]
	osx/arm64	52	fle64	[0, 1, 2]	[]	[" form=arm"]	[]
	osx/arm64	53	feq64	[0, 1, 2]	[]	[" form=arm"]	[]
	osx/arm64	54	fadd32	[0, 1, 2]	[]	[" form=arm"]	[]
	osx/arm64	55	fsub32	[0, 1, 2]	[]	[" form=arm"]	[]
	osx/arm64	56	fmul32	[0, 1, 2]	[]	[" form=arm"]	[]
	osx/arm64	57	fdiv32	[0, 1, 2]	[]	[" form=arm"]	[]
	osx/arm64	58	flt32	[0, 1, 2]	[]	[" form=arm"]	[]
	osx/arm64	59	fle32	[0, 1, 2]	[]	[" form=arm"]	[]
	osx/arm64	60	feq32	[0, 1, 2]	[]	[" form=arm"]	[]
	osx/arm64	61	cvtid	[0, 1]	[]	[" form=arm"]	[]
	osx/arm64	62	cvtud	[0, 1]	[]	[" form=arm"]	[]
	osx/arm64	63	cvtis	[0, 1]	[]	[" form=arm"]	[]
	osx/arm64	64	cvtus	[0, 1]	[]	[" form=arm"]	[]
	osx/arm64	65	cvtdi	[0, 1]	[]	[" form=arm"]	[]
	osx/arm64	66	cvtdu	[0, 1]	[]	[" form=arm"]	[]
	osx/arm64	67	cvtsd	[0, 1]	[]	[" form=arm"]	[]
	osx/arm64	68	cvtds	[0, 1]	[]	[" form=arm"]	[]
	osx/arm64	69	fsqrt64	[0, 1]	[]	[" form=arm"]	[]
	osx/arm64	70	fsqrt32	[0, 1]	[]	[" form=arm"]	[]
	osx/arm64	71	r0	[]	["x0"]	[]	[]
	osx/arm64	72	r1	[]	["x1"]	[]	[]
	osx/arm64	73	r2	[]	["x2"]	[]	[]
	osx/arm64	74	r3	[]	["x3"]	[]	[]
	osx/arm64	75	r4	[]	["x4"]	[]	[]
	osx/arm64	76	r5	[]	["x5"]	[]	[]
	osx/arm64	77	r6	[]	["x6"]	[]	[]
	osx/arm64	78	r7	[]	["x7"]	[]	[]
	osx/arm64	79	0	[]	[]	[]	[]
	osx/arm64	80	1	[]	[]	[]	[]
	osx/arm64	81	2	[]	[]	[]	[]
	osx/arm64	82	3	[]	[]	[]	[]
	osx/arm64	83	4	[]	[]	[]	[]
	osx/arm64	84	8	[]	[]	[]	[]
	osx/arm64	85	-8	[]	[]	[]	[]
	osx/arm64	86	_start:	[]	[]	[]	[]
	osx/arm64	87	write	[]	[]	[" form=svc"]	[]
	osx/arm64	88	exit	[]	[]	[" form=svc"]	[]
	osx/arm64	89	__ccw_0:	[]	[]	[]	[1]
	osx/arm64	90	__ccw_1:	[]	[]	[]	[1]
	osx/arm64	91	__ccw_2:	[]	[]	[]	[1]
	osx/arm64	92	__ccw_3:	[]	[]	[]	[1]
	osx/arm64	93	__ccw_4:	[]	[]	[]	[1]
	osx/arm64	94	__ccw_5:	[]	[]	[]	[1]
	osx/arm64	95	__ccw_6:	[]	[]	[]	[1]
	osx/arm64	96	__ccw_7:	[]	[]	[]	[1]
	osx/arm64	97	__ccw_8:	[]	[]	[]	[1]
	osx/arm64	98	__ccw_9:	[]	[]	[]	[1]
	osx/arm64	99	__ccw_10:	[]	[]	[]	[1]
	osx/arm64	100	__ccw_11:	[]	[]	[]	[1]
	osx/arm64	101	__ccw_12:	[]	[]	[]	[1]
	osx/arm64	102	__ccw_13:	[]	[]	[]	[1]
	osx/arm64	103	__ccw_14:	[]	[]	[]	[1]
	osx/arm64	104	__ccw_15:	[]	[]	[]	[1]
	osx/arm64	105	__ccw_16:	[]	[]	[]	[1]
	osx/arm64	106	__ccw_17:	[]	[]	[]	[1]
	osx/arm64	107	__ccw_18:	[]	[]	[]	[1]
	osx/arm64	108	__ccw_19:	[]	[]	[]	[1]
	osx/arm64	109	__ccw_20:	[]	[]	[]	[1]
	osx/arm64	110	__ccw_21:	[]	[]	[]	[1]
	osx/arm64	111	__ccw_22:	[]	[]	[]	[1]
	osx/arm64	112	__ccw_23:	[]	[]	[]	[1]
	osx/arm64	113	__ccw_24:	[]	[]	[]	[1]
	osx/arm64	114	__ccw_25:	[]	[]	[]	[1]
	osx/arm64	115	__ccw_26:	[]	[]	[]	[1]
	osx/arm64	116	__ccw_27:	[]	[]	[]	[1]
	osx/arm64	117	__ccw_28:	[]	[]	[]	[1]
	osx/arm64	118	__ccw_29:	[]	[]	[]	[1]
	osx/arm64	119	__ccw_30:	[]	[]	[]	[1]
	osx/arm64	120	__ccw_31:	[]	[]	[]	[1]
	osx/arm64	121	__ccw_32:	[]	[]	[]	[1]
	osx/arm64	122	__ccw_33:	[]	[]	[]	[1]
	osx/arm64	123	__ccw_34:	[]	[]	[]	[1]
	osx/arm64	124	__ccw_35:	[]	[]	[]	[1]
	osx/arm64	125	__ccw_36:	[]	[]	[]	[1]
	osx/arm64	126	__ccw_37:	[]	[]	[]	[1]
	osx/arm64	127	__ccw_38:	[]	[]	[]	[1]
	osx/arm64	128	__ccw_39:	[]	[]	[]	[1]
	osx/arm64	129	__ccw_40:	[]	[]	[]	[1]
	osx/arm64	130	__ccw_41:	[]	[]	[]	[1]
	osx/arm64	131	__ccw_42:	[]	[]	[]	[1]
	osx/arm64	132	__ccw_43:	[]	[]	[]	[1]
	osx/arm64	133	__ccw_44:	[]	[]	[]	[1]
	osx/arm64	134	__ccw_45:	[]	[]	[]	[1]
	osx/arm64	135	__ccw_46:	[]	[]	[]	[1]
	osx/arm64	136	__ccw_47:	[]	[]	[]	[1]
	osx/arm64	137	__ccw_48:	[]	[]	[]	[1]
	osx/arm64	138	__ccw_49:	[]	[]	[]	[1]
	osx/arm64	139	__ccw_50:	[]	[]	[]	[1]
	osx/arm64	140	__ccw_51:	[]	[]	[]	[1]
	osx/arm64	141	__ccw_52:	[]	[]	[]	[1]
	osx/arm64	142	__ccw_53:	[]	[]	[]	[1]
	osx/arm64	143	__ccw_54:	[]	[]	[]	[1]
	osx/arm64	144	__ccw_55:	[]	[]	[]	[1]
	osx/arm64	145	__ccw_56:	[]	[]	[]	[1]
	osx/arm64	146	__ccw_57:	[]	[]	[]	[1]
	osx/arm64	147	__ccw_58:	[]	[]	[]	[1]
	osx/arm64	148	__ccw_59:	[]	[]	[]	[1]
	osx/arm64	149	__ccw_60:	[]	[]	[]	[1]
	osx/arm64	150	__ccw_61:	[]	[]	[]	[1]
	osx/arm64	151	__ccw_62:	[]	[]	[]	[1]
	osx/arm64	152	__ccw_63:	[]	[]	[]	[1]
	osx/arm64	153	__ccw_64:	[]	[]	[]	[1]
	osx/arm64	154	__ccw_65:	[]	[]	[]	[1]
	osx/arm64	155	__ccw_66:	[]	[]	[]	[1]
	osx/arm64	156	__ccw_67:	[]	[]	[]	[1]
	osx/arm64	157	__ccw_68:	[]	[]	[]	[1]
	osx/arm64	158	__ccw_69:	[]	[]	[]	[1]
	osx/arm64	159	__ccw_70:	[]	[]	[]	[1]
	osx/arm64	160	__ccw_71:	[]	[]	[]	[1]
	osx/arm64	161	__ccw_72:	[]	[]	[]	[1]
	osx/arm64	162	__ccw_73:	[]	[]	[]	[1]
	osx/arm64	163	__ccw_74:	[]	[]	[]	[1]
	osx/arm64	164	__ccw_75:	[]	[]	[]	[1]
	osx/arm64	165	__ccw_76:	[]	[]	[]	[1]
	osx/arm64	166	__ccw_77:	[]	[]	[]	[1]
	osx/arm64	167	__ccw_78:	[]	[]	[]	[1]
	osx/arm64	168	__ccw_79:	[]	[]	[]	[1]
	osx/arm64	169	__ccw_80:	[]	[]	[]	[1]
	osx/arm64	170	__ccw_81:	[]	[]	[]	[1]
	osx/arm64	171	__ccw_82:	[]	[]	[]	[1]
	osx/arm64	172	__ccw_83:	[]	[]	[]	[1]
	osx/arm64	173	__ccw_84:	[]	[]	[]	[1]
	osx/arm64	174	__ccw_85:	[]	[]	[]	[1]
	osx/arm64	175	__ccw_86:	[]	[]	[]	[1]
	osx/arm64	176	__ccw_87:	[]	[]	[]	[1]
	osx/arm64	177	__ccw_88:	[]	[]	[]	[1]
	osx/arm64	178	__ccw_89:	[]	[]	[]	[1]
	osx/arm64	179	__ccw_90:	[]	[]	[]	[1]
	osx/arm64	180	__ccw_91:	[]	[]	[]	[1]
	osx/arm64	181	__ccw_92:	[]	[]	[]	[1]
	osx/arm64	182	__ccw_93:	[]	[]	[]	[1]
	osx/arm64	183	__ccw_94:	[]	[]	[]	[1]
	osx/arm64	184	__ccw_95:	[]	[]	[]	[1]
	osx/arm64	185	__ccw_96:	[]	[]	[]	[1]
	osx/arm64	186	__ccw_97:	[]	[]	[]	[1]
	osx/arm64	187	__ccw_98:	[]	[]	[]	[1]
	osx/arm64	188	__ccw_99:	[]	[]	[]	[1]
	osx/arm64	189	__ccw_100:	[]	[]	[]	[1]
	osx/arm64	190	__ccw_101:	[]	[]	[]	[1]
	osx/arm64	191	__ccw_102:	[]	[]	[]	[1]
	osx/arm64	192	__ccw_103:	[]	[]	[]	[1]
	osx/arm64	193	__ccw_104:	[]	[]	[]	[1]
	osx/arm64	194	__ccw_105:	[]	[]	[]	[1]
	osx/arm64	195	__ccw_106:	[]	[]	[]	[1]
	osx/arm64	196	__ccw_107:	[]	[]	[]	[1]
	osx/arm64	197	__ccw_108:	[]	[]	[]	[1]
	osx/arm64	198	__ccw_109:	[]	[]	[]	[1]
	osx/arm64	199	__ccw_110:	[]	[]	[]	[1]
	osx/arm64	200	__ccw_111:	[]	[]	[]	[1]
	osx/arm64	201	__ccw_112:	[]	[]	[]	[1]
	osx/arm64	202	__ccw_113:	[]	[]	[]	[1]
	osx/arm64	203	__ccw_114:	[]	[]	[]	[1]
	osx/arm64	204	__ccw_115:	[]	[]	[]	[1]
	osx/arm64	205	__ccw_116:	[]	[]	[]	[1]
	osx/arm64	206	__ccw_117:	[]	[]	[]	[1]
	osx/arm64	207	__ccw_118:	[]	[]	[]	[1]
	osx/arm64	208	__ccw_119:	[]	[]	[]	[1]
	osx/arm64	209	__ccw_120:	[]	[]	[]	[1]
	osx/arm64	210	__ccw_121:	[]	[]	[]	[1]
	osx/arm64	211	__ccw_122:	[]	[]	[]	[1]
	osx/arm64	212	__ccw_123:	[]	[]	[]	[1]
	osx/arm64	213	__ccw_124:	[]	[]	[]	[1]
	osx/arm64	214	__ccw_125:	[]	[]	[]	[1]
	osx/arm64	215	__ccw_126:	[]	[]	[]	[1]
	osx/arm64	216	__ccw_127:	[]	[]	[]	[1]
	osx/arm64	217	__ccw_128:	[]	[]	[]	[1]
	osx/arm64	218	__ccw_129:	[]	[]	[]	[1]
	osx/arm64	219	__ccw_130:	[]	[]	[]	[1]
	osx/arm64	220	__ccw_131:	[]	[]	[]	[1]
	osx/arm64	221	__ccw_132:	[]	[]	[]	[1]
	osx/arm64	222	__ccw_133:	[]	[]	[]	[1]
	osx/arm64	223	__ccw_134:	[]	[]	[]	[1]
	osx/arm64	224	__ccw_135:	[]	[]	[]	[1]
	osx/arm64	225	__ccw_136:	[]	[]	[]	[1]
	osx/arm64	226	__ccw_137:	[]	[]	[]	[1]
	osx/arm64	227	__ccw_138:	[]	[]	[]	[1]
	osx/arm64	228	__ccw_139:	[]	[]	[]	[1]
	osx/arm64	229	__ccw_140:	[]	[]	[]	[1]
	osx/arm64	230	__ccw_141:	[]	[]	[]	[1]
	osx/arm64	231	__ccw_142:	[]	[]	[]	[1]
	osx/arm64	232	__ccw_143:	[]	[]	[]	[1]
	osx/arm64	233	__ccw_144:	[]	[]	[]	[1]
	osx/arm64	234	__ccw_145:	[]	[]	[]	[1]
	osx/arm64	235	__ccw_146:	[]	[]	[]	[1]
	osx/arm64	236	__ccw_147:	[]	[]	[]	[1]
	osx/arm64	237	__ccw_148:	[]	[]	[]	[1]
	osx/arm64	238	__ccw_149:	[]	[]	[]	[1]
	osx/arm64	239	__ccw_150:	[]	[]	[]	[1]
	osx/arm64	240	__ccw_151:	[]	[]	[]	[1]
	osx/arm64	241	__ccw_152:	[]	[]	[]	[1]
	osx/arm64	242	__ccw_153:	[]	[]	[]	[1]
	osx/arm64	243	__ccw_154:	[]	[]	[]	[1]
	osx/arm64	244	__ccw_155:	[]	[]	[]	[1]
	osx/arm64	245	__ccw_156:	[]	[]	[]	[1]
	osx/arm64	246	__ccw_157:	[]	[]	[]	[1]
	osx/arm64	247	__ccw_158:	[]	[]	[]	[1]
	osx/arm64	248	__ccw_159:	[]	[]	[]	[1]
	osx/arm64	249	__ccw_160:	[]	[]	[]	[1]
	osx/arm64	250	__ccw_161:	[]	[]	[]	[1]
	osx/arm64	251	__ccw_162:	[]	[]	[]	[1]
	osx/arm64	252	__ccw_163:	[]	[]	[]	[1]
	osx/arm64	253	__ccw_164:	[]	[]	[]	[1]
	osx/arm64	254	__ccw_165:	[]	[]	[]	[1]
	osx/arm64	255	__ccw_166:	[]	[]	[]	[1]
	osx/arm64	256	__ccw_167:	[]	[]	[]	[1]
	osx/arm64	257	__ccw_168:	[]	[]	[]	[1]
	osx/arm64	258	__ccw_169:	[]	[]	[]	[1]
	osx/arm64	259	__ccw_170:	[]	[]	[]	[1]
	osx/arm64	260	__ccw_171:	[]	[]	[]	[1]
	osx/arm64	261	__ccw_172:	[]	[]	[]	[1]
	osx/arm64	262	__ccw_173:	[]	[]	[]	[1]
	osx/arm64	263	__ccw_174:	[]	[]	[]	[1]
	osx/arm64	264	__ccw_175:	[]	[]	[]	[1]
	osx/arm64	265	__ccw_176:	[]	[]	[]	[1]
	osx/arm64	266	__ccw_177:	[]	[]	[]	[1]
	osx/arm64	267	__ccw_178:	[]	[]	[]	[1]
	osx/arm64	268	__ccw_179:	[]	[]	[]	[1]
	osx/arm64	269	__ccw_180:	[]	[]	[]	[1]
	osx/arm64	270	__ccw_181:	[]	[]	[]	[1]
	osx/arm64	271	__ccw_182:	[]	[]	[]	[1]
	osx/arm64	272	__ccw_183:	[]	[]	[]	[1]
	osx/arm64	273	__ccw_184:	[]	[]	[]	[1]
	osx/arm64	274	__ccw_185:	[]	[]	[]	[1]
	osx/arm64	275	__ccw_186:	[]	[]	[]	[1]
	osx/arm64	276	__ccw_187:	[]	[]	[]	[1]
	osx/arm64	277	__ccw_188:	[]	[]	[]	[1]
	osx/arm64	278	__ccw_189:	[]	[]	[]	[1]
	osx/arm64	279	__ccw_190:	[]	[]	[]	[1]
	osx/arm64	280	__ccw_191:	[]	[]	[]	[1]
	osx/arm64	281	__ccw_192:	[]	[]	[]	[1]
	osx/arm64	282	__ccw_193:	[]	[]	[]	[1]
	osx/arm64	283	__ccw_194:	[]	[]	[]	[1]
	osx/arm64	284	__ccw_195:	[]	[]	[]	[1]
	osx/arm64	285	__ccw_196:	[]	[]	[]	[1]
	osx/arm64	286	__ccw_197:	[]	[]	[]	[1]
	osx/arm64	287	__ccw_198:	[]	[]	[]	[1]
	osx/arm64	288	__ccw_199:	[]	[]	[]	[1]
	osx/arm64	289	__ccw_200:	[]	[]	[]	[1]
	osx/arm64	290	__ccw_201:	[]	[]	[]	[1]
	osx/arm64	291	__ccw_202:	[]	[]	[]	[1]
	osx/arm64	292	__ccw_203:	[]	[]	[]	[1]
	osx/arm64	293	__ccw_204:	[]	[]	[]	[1]
	osx/arm64	294	__ccw_205:	[]	[]	[]	[1]
	osx/arm64	295	__ccw_206:	[]	[]	[]	[1]
	osx/arm64	296	__ccw_207:	[]	[]	[]	[1]
	osx/arm64	297	__ccw_208:	[]	[]	[]	[1]
	osx/arm64	298	__ccw_209:	[]	[]	[]	[1]
	osx/arm64	299	__ccw_210:	[]	[]	[]	[1]
	osx/arm64	300	__ccw_211:	[]	[]	[]	[1]
	osx/arm64	301	__ccw_212:	[]	[]	[]	[1]
	osx/arm64	302	__ccw_213:	[]	[]	[]	[1]
	osx/arm64	303	__ccw_214:	[]	[]	[]	[1]
	osx/arm64	304	__ccw_215:	[]	[]	[]	[1]
	osx/arm64	305	__ccw_216:	[]	[]	[]	[1]
	osx/arm64	306	__ccw_217:	[]	[]	[]	[1]
	osx/arm64	307	__ccw_218:	[]	[]	[]	[1]
	osx/arm64	308	__ccw_219:	[]	[]	[]	[1]
	osx/arm64	309	__ccw_220:	[]	[]	[]	[1]
	osx/arm64	310	__ccw_221:	[]	[]	[]	[1]
	osx/arm64	311	__ccw_222:	[]	[]	[]	[1]
	osx/arm64	312	__ccw_223:	[]	[]	[]	[1]
	osx/arm64	313	__ccw_224:	[]	[]	[]	[1]
	osx/arm64	314	__ccw_225:	[]	[]	[]	[1]
	osx/arm64	315	__ccw_226:	[]	[]	[]	[1]
	osx/arm64	316	__ccw_227:	[]	[]	[]	[1]
	osx/arm64	317	__ccw_228:	[]	[]	[]	[1]
	osx/arm64	318	__ccw_229:	[]	[]	[]	[1]
	osx/arm64	319	__ccw_230:	[]	[]	[]	[1]
	osx/arm64	320	__ccw_231:	[]	[]	[]	[1]
	osx/arm64	321	__ccw_232:	[]	[]	[]	[1]
	osx/arm64	322	__ccw_233:	[]	[]	[]	[1]
	osx/arm64	323	__ccw_234:	[]	[]	[]	[1]
	osx/arm64	324	__ccw_235:	[]	[]	[]	[1]
	osx/arm64	325	__ccw_236:	[]	[]	[]	[1]
	osx/arm64	326	__ccw_237:	[]	[]	[]	[1]
	osx/arm64	327	__ccw_238:	[]	[]	[]	[1]
	osx/arm64	328	__ccw_239:	[]	[]	[]	[1]
	osx/arm64	329	__ccw_240:	[]	[]	[]	[1]
	osx/arm64	330	__ccw_241:	[]	[]	[]	[1]
	osx/arm64	331	__ccw_242:	[]	[]	[]	[1]
	osx/arm64	332	__ccw_243:	[]	[]	[]	[1]
	osx/arm64	333	__ccw_244:	[]	[]	[]	[1]
	osx/arm64	334	__ccw_245:	[]	[]	[]	[1]
	osx/arm64	335	__ccw_246:	[]	[]	[]	[1]
	osx/arm64	336	__ccw_247:	[]	[]	[]	[1]
	osx/arm64	337	__ccw_248:	[]	[]	[]	[1]
	osx/arm64	338	__ccw_249:	[]	[]	[]	[1]
	osx/arm64	339	__ccw_250:	[]	[]	[]	[1]
	osx/arm64	340	__ccw_251:	[]	[]	[]	[1]
	osx/arm64	341	__ccw_252:	[]	[]	[]	[1]
	osx/arm64	342	__ccw_253:	[]	[]	[]	[1]
	osx/arm64	343	__ccw_254:	[]	[]	[]	[1]
	osx/arm64	344	__ccw_255:	[]	[]	[]	[1]
	win/x86_64	0	imm	[0]	[]	[]	[]
	win/x86_64	1	mov	[0, 1]	[]	[]	[]
	win/x86_64	2	add64	[0, 1, 2]	[]	[" form=x86"]	[]
	win/x86_64	3	sub64	[0, 1, 2]	[]	[" form=x86"]	[]
	win/x86_64	4	mul64	[0, 1, 2]	[]	[" form=x86"]	[]
	win/x86_64	5	xor64	[0, 1, 2]	[]	[" form=x86"]	[]
	win/x86_64	6	and64	[0, 1, 2]	[]	[" form=x86"]	[]
	win/x86_64	7	or64	[0, 1, 2]	[]	[" form=x86"]	[]
	win/x86_64	8	shl64	[0, 1, 2]	[]	[" form=x86"]	[]
	win/x86_64	9	shr64	[0, 1, 2]	[]	[" form=x86"]	[]
	win/x86_64	10	lshr64	[0, 1, 2]	[]	[" form=x86"]	[]
	win/x86_64	11	.div	[0, 1, 2]	[]	[]	[]
	win/x86_64	12	.mod	[0, 1, 2]	[]	[]	[]
	win/x86_64	13	.udiv	[0, 1, 2]	[]	[]	[]
	win/x86_64	14	.umod	[0, 1, 2]	[]	[]	[]
	win/x86_64	15	slt64	[0, 1, 2]	[]	[" form=x86"]	[]
	win/x86_64	16	sle64	[0, 1, 2]	[]	[" form=x86"]	[]
	win/x86_64	17	ult64	[0, 1, 2]	[]	[" form=x86"]	[]
	win/x86_64	18	ule64	[0, 1, 2]	[]	[" form=x86"]	[]
	win/x86_64	19	eq	[0, 1, 2]	[]	[]	[]
	win/x86_64	20	ne	[0, 1, 2]	[]	[]	[]
	win/x86_64	21	load64	[0, 1]	[]	[" form=x86"]	[]
	win/x86_64	22	store64	[0, 2]	[]	[" form=x86"]	[]
	win/x86_64	23	.ld	[0, 1]	[]	[]	[]
	win/x86_64	24	.st	[0, 2]	[]	[]	[]
	win/x86_64	25	.lea	[0]	[]	[]	[]
	win/x86_64	26	.zero	[0]	[]	[]	[]
	win/x86_64	27	jump	[]	[]	[" form=x86"]	[]
	win/x86_64	28	jumpz	[0]	[]	[" form=x86"]	[]
	win/x86_64	29	call	[]	[]	[" form=x86"]	[]
	win/x86_64	30	callr	[0]	[]	[" form=x86"]	[]
	win/x86_64	31	callm	[0]	[]	[]	[]
	win/x86_64	32	.hostcall	[0, 1]	[]	[]	[]
	win/x86_64	33	.librarycall	[0, 1]	[]	[]	[]
	win/x86_64	34	.libraryaddr	[0]	[]	[]	[]
	win/x86_64	35	.hostaddr	[0]	[]	[]	[]
	win/x86_64	36	ret	[]	[]	[" form=x86"]	[]
	win/x86_64	37	.frame	[]	[]	[]	[]
	win/x86_64	38	.arg	[1]	[]	[]	[]
	win/x86_64	39	.print	[0]	[]	[]	[]
	win/x86_64	40	.write	[0, 1]	[]	[]	[]
	win/x86_64	41	.exit	[0]	[]	[]	[]
	win/x86_64	42	.sys	[1, 2, 3]	[]	[]	[]
	win/x86_64	43	.sys6	[1, 2, 3, 4, 5, 6]	[]	[]	[]
	win/x86_64	44	.argc	[0]	[]	[]	[]
	win/x86_64	45	.argv	[0, 1]	[]	[]	[]
	win/x86_64	46	nop	[]	[]	[" form=x86"]	[]
	win/x86_64	47	fadd64	[0, 1, 2]	[]	[" form=x86"]	[]
	win/x86_64	48	fsub64	[0, 1, 2]	[]	[" form=x86"]	[]
	win/x86_64	49	fmul64	[0, 1, 2]	[]	[" form=x86"]	[]
	win/x86_64	50	fdiv64	[0, 1, 2]	[]	[" form=x86"]	[]
	win/x86_64	51	flt64	[0, 1, 2]	[]	[" form=x86"]	[]
	win/x86_64	52	fle64	[0, 1, 2]	[]	[" form=x86"]	[]
	win/x86_64	53	feq64	[0, 1, 2]	[]	[" form=x86"]	[]
	win/x86_64	54	fadd32	[0, 1, 2]	[]	[" form=x86"]	[]
	win/x86_64	55	fsub32	[0, 1, 2]	[]	[" form=x86"]	[]
	win/x86_64	56	fmul32	[0, 1, 2]	[]	[" form=x86"]	[]
	win/x86_64	57	fdiv32	[0, 1, 2]	[]	[" form=x86"]	[]
	win/x86_64	58	flt32	[0, 1, 2]	[]	[" form=x86"]	[]
	win/x86_64	59	fle32	[0, 1, 2]	[]	[" form=x86"]	[]
	win/x86_64	60	feq32	[0, 1, 2]	[]	[" form=x86"]	[]
	win/x86_64	61	cvtid	[0, 1]	[]	[" form=x86"]	[]
	win/x86_64	62	cvtud	[0, 1]	[]	[" form=x86"]	[]
	win/x86_64	63	cvtis	[0, 1]	[]	[" form=x86"]	[]
	win/x86_64	64	cvtus	[0, 1]	[]	[" form=x86"]	[]
	win/x86_64	65	cvtdi	[0, 1]	[]	[" form=x86"]	[]
	win/x86_64	66	cvtdu	[0, 1]	[]	[" form=x86"]	[]
	win/x86_64	67	cvtsd	[0, 1]	[]	[" form=x86"]	[]
	win/x86_64	68	cvtds	[0, 1]	[]	[" form=x86"]	[]
	win/x86_64	69	fsqrt64	[0, 1]	[]	[" form=x86"]	[]
	win/x86_64	70	fsqrt32	[0, 1]	[]	[" form=x86"]	[]
	win/x86_64	71	r0	[]	["rax"]	[]	[]
	win/x86_64	72	r1	[]	["rdi"]	[]	[]
	win/x86_64	73	r2	[]	["rsi"]	[]	[]
	win/x86_64	74	r3	[]	["rdx"]	[]	[]
	win/x86_64	75	r4	[]	["rcx"]	[]	[]
	win/x86_64	76	r5	[]	["r8"]	[]	[]
	win/x86_64	77	r6	[]	["r9"]	[]	[]
	win/x86_64	78	r7	[]	["rsp"]	[]	[]
	win/x86_64	79	0	[]	[]	[]	[]
	win/x86_64	80	1	[]	[]	[]	[]
	win/x86_64	81	2	[]	[]	[]	[]
	win/x86_64	82	3	[]	[]	[]	[]
	win/x86_64	83	4	[]	[]	[]	[]
	win/x86_64	84	8	[]	[]	[]	[]
	win/x86_64	85	-8	[]	[]	[]	[]
	win/x86_64	86	_start:	[]	[]	[]	[]
	win/x86_64	87	write	[]	[]	[" form=winapi"]	[]
	win/x86_64	88	exit	[]	[]	[" form=winapi"]	[]
	win/x86_64	89	__ccw_0:	[]	[]	[]	[1]
	win/x86_64	90	__ccw_1:	[]	[]	[]	[1]
	win/x86_64	91	__ccw_2:	[]	[]	[]	[1]
	win/x86_64	92	__ccw_3:	[]	[]	[]	[1]
	win/x86_64	93	__ccw_4:	[]	[]	[]	[1]
	win/x86_64	94	__ccw_5:	[]	[]	[]	[1]
	win/x86_64	95	__ccw_6:	[]	[]	[]	[1]
	win/x86_64	96	__ccw_7:	[]	[]	[]	[1]
	win/x86_64	97	__ccw_8:	[]	[]	[]	[1]
	win/x86_64	98	__ccw_9:	[]	[]	[]	[1]
	win/x86_64	99	__ccw_10:	[]	[]	[]	[1]
	win/x86_64	100	__ccw_11:	[]	[]	[]	[1]
	win/x86_64	101	__ccw_12:	[]	[]	[]	[1]
	win/x86_64	102	__ccw_13:	[]	[]	[]	[1]
	win/x86_64	103	__ccw_14:	[]	[]	[]	[1]
	win/x86_64	104	__ccw_15:	[]	[]	[]	[1]
	win/x86_64	105	__ccw_16:	[]	[]	[]	[1]
	win/x86_64	106	__ccw_17:	[]	[]	[]	[1]
	win/x86_64	107	__ccw_18:	[]	[]	[]	[1]
	win/x86_64	108	__ccw_19:	[]	[]	[]	[1]
	win/x86_64	109	__ccw_20:	[]	[]	[]	[1]
	win/x86_64	110	__ccw_21:	[]	[]	[]	[1]
	win/x86_64	111	__ccw_22:	[]	[]	[]	[1]
	win/x86_64	112	__ccw_23:	[]	[]	[]	[1]
	win/x86_64	113	__ccw_24:	[]	[]	[]	[1]
	win/x86_64	114	__ccw_25:	[]	[]	[]	[1]
	win/x86_64	115	__ccw_26:	[]	[]	[]	[1]
	win/x86_64	116	__ccw_27:	[]	[]	[]	[1]
	win/x86_64	117	__ccw_28:	[]	[]	[]	[1]
	win/x86_64	118	__ccw_29:	[]	[]	[]	[1]
	win/x86_64	119	__ccw_30:	[]	[]	[]	[1]
	win/x86_64	120	__ccw_31:	[]	[]	[]	[1]
	win/x86_64	121	__ccw_32:	[]	[]	[]	[1]
	win/x86_64	122	__ccw_33:	[]	[]	[]	[1]
	win/x86_64	123	__ccw_34:	[]	[]	[]	[1]
	win/x86_64	124	__ccw_35:	[]	[]	[]	[1]
	win/x86_64	125	__ccw_36:	[]	[]	[]	[1]
	win/x86_64	126	__ccw_37:	[]	[]	[]	[1]
	win/x86_64	127	__ccw_38:	[]	[]	[]	[1]
	win/x86_64	128	__ccw_39:	[]	[]	[]	[1]
	win/x86_64	129	__ccw_40:	[]	[]	[]	[1]
	win/x86_64	130	__ccw_41:	[]	[]	[]	[1]
	win/x86_64	131	__ccw_42:	[]	[]	[]	[1]
	win/x86_64	132	__ccw_43:	[]	[]	[]	[1]
	win/x86_64	133	__ccw_44:	[]	[]	[]	[1]
	win/x86_64	134	__ccw_45:	[]	[]	[]	[1]
	win/x86_64	135	__ccw_46:	[]	[]	[]	[1]
	win/x86_64	136	__ccw_47:	[]	[]	[]	[1]
	win/x86_64	137	__ccw_48:	[]	[]	[]	[1]
	win/x86_64	138	__ccw_49:	[]	[]	[]	[1]
	win/x86_64	139	__ccw_50:	[]	[]	[]	[1]
	win/x86_64	140	__ccw_51:	[]	[]	[]	[1]
	win/x86_64	141	__ccw_52:	[]	[]	[]	[1]
	win/x86_64	142	__ccw_53:	[]	[]	[]	[1]
	win/x86_64	143	__ccw_54:	[]	[]	[]	[1]
	win/x86_64	144	__ccw_55:	[]	[]	[]	[1]
	win/x86_64	145	__ccw_56:	[]	[]	[]	[1]
	win/x86_64	146	__ccw_57:	[]	[]	[]	[1]
	win/x86_64	147	__ccw_58:	[]	[]	[]	[1]
	win/x86_64	148	__ccw_59:	[]	[]	[]	[1]
	win/x86_64	149	__ccw_60:	[]	[]	[]	[1]
	win/x86_64	150	__ccw_61:	[]	[]	[]	[1]
	win/x86_64	151	__ccw_62:	[]	[]	[]	[1]
	win/x86_64	152	__ccw_63:	[]	[]	[]	[1]
	win/x86_64	153	__ccw_64:	[]	[]	[]	[1]
	win/x86_64	154	__ccw_65:	[]	[]	[]	[1]
	win/x86_64	155	__ccw_66:	[]	[]	[]	[1]
	win/x86_64	156	__ccw_67:	[]	[]	[]	[1]
	win/x86_64	157	__ccw_68:	[]	[]	[]	[1]
	win/x86_64	158	__ccw_69:	[]	[]	[]	[1]
	win/x86_64	159	__ccw_70:	[]	[]	[]	[1]
	win/x86_64	160	__ccw_71:	[]	[]	[]	[1]
	win/x86_64	161	__ccw_72:	[]	[]	[]	[1]
	win/x86_64	162	__ccw_73:	[]	[]	[]	[1]
	win/x86_64	163	__ccw_74:	[]	[]	[]	[1]
	win/x86_64	164	__ccw_75:	[]	[]	[]	[1]
	win/x86_64	165	__ccw_76:	[]	[]	[]	[1]
	win/x86_64	166	__ccw_77:	[]	[]	[]	[1]
	win/x86_64	167	__ccw_78:	[]	[]	[]	[1]
	win/x86_64	168	__ccw_79:	[]	[]	[]	[1]
	win/x86_64	169	__ccw_80:	[]	[]	[]	[1]
	win/x86_64	170	__ccw_81:	[]	[]	[]	[1]
	win/x86_64	171	__ccw_82:	[]	[]	[]	[1]
	win/x86_64	172	__ccw_83:	[]	[]	[]	[1]
	win/x86_64	173	__ccw_84:	[]	[]	[]	[1]
	win/x86_64	174	__ccw_85:	[]	[]	[]	[1]
	win/x86_64	175	__ccw_86:	[]	[]	[]	[1]
	win/x86_64	176	__ccw_87:	[]	[]	[]	[1]
	win/x86_64	177	__ccw_88:	[]	[]	[]	[1]
	win/x86_64	178	__ccw_89:	[]	[]	[]	[1]
	win/x86_64	179	__ccw_90:	[]	[]	[]	[1]
	win/x86_64	180	__ccw_91:	[]	[]	[]	[1]
	win/x86_64	181	__ccw_92:	[]	[]	[]	[1]
	win/x86_64	182	__ccw_93:	[]	[]	[]	[1]
	win/x86_64	183	__ccw_94:	[]	[]	[]	[1]
	win/x86_64	184	__ccw_95:	[]	[]	[]	[1]
	win/x86_64	185	__ccw_96:	[]	[]	[]	[1]
	win/x86_64	186	__ccw_97:	[]	[]	[]	[1]
	win/x86_64	187	__ccw_98:	[]	[]	[]	[1]
	win/x86_64	188	__ccw_99:	[]	[]	[]	[1]
	win/x86_64	189	__ccw_100:	[]	[]	[]	[1]
	win/x86_64	190	__ccw_101:	[]	[]	[]	[1]
	win/x86_64	191	__ccw_102:	[]	[]	[]	[1]
	win/x86_64	192	__ccw_103:	[]	[]	[]	[1]
	win/x86_64	193	__ccw_104:	[]	[]	[]	[1]
	win/x86_64	194	__ccw_105:	[]	[]	[]	[1]
	win/x86_64	195	__ccw_106:	[]	[]	[]	[1]
	win/x86_64	196	__ccw_107:	[]	[]	[]	[1]
	win/x86_64	197	__ccw_108:	[]	[]	[]	[1]
	win/x86_64	198	__ccw_109:	[]	[]	[]	[1]
	win/x86_64	199	__ccw_110:	[]	[]	[]	[1]
	win/x86_64	200	__ccw_111:	[]	[]	[]	[1]
	win/x86_64	201	__ccw_112:	[]	[]	[]	[1]
	win/x86_64	202	__ccw_113:	[]	[]	[]	[1]
	win/x86_64	203	__ccw_114:	[]	[]	[]	[1]
	win/x86_64	204	__ccw_115:	[]	[]	[]	[1]
	win/x86_64	205	__ccw_116:	[]	[]	[]	[1]
	win/x86_64	206	__ccw_117:	[]	[]	[]	[1]
	win/x86_64	207	__ccw_118:	[]	[]	[]	[1]
	win/x86_64	208	__ccw_119:	[]	[]	[]	[1]
	win/x86_64	209	__ccw_120:	[]	[]	[]	[1]
	win/x86_64	210	__ccw_121:	[]	[]	[]	[1]
	win/x86_64	211	__ccw_122:	[]	[]	[]	[1]
	win/x86_64	212	__ccw_123:	[]	[]	[]	[1]
	win/x86_64	213	__ccw_124:	[]	[]	[]	[1]
	win/x86_64	214	__ccw_125:	[]	[]	[]	[1]
	win/x86_64	215	__ccw_126:	[]	[]	[]	[1]
	win/x86_64	216	__ccw_127:	[]	[]	[]	[1]
	win/x86_64	217	__ccw_128:	[]	[]	[]	[1]
	win/x86_64	218	__ccw_129:	[]	[]	[]	[1]
	win/x86_64	219	__ccw_130:	[]	[]	[]	[1]
	win/x86_64	220	__ccw_131:	[]	[]	[]	[1]
	win/x86_64	221	__ccw_132:	[]	[]	[]	[1]
	win/x86_64	222	__ccw_133:	[]	[]	[]	[1]
	win/x86_64	223	__ccw_134:	[]	[]	[]	[1]
	win/x86_64	224	__ccw_135:	[]	[]	[]	[1]
	win/x86_64	225	__ccw_136:	[]	[]	[]	[1]
	win/x86_64	226	__ccw_137:	[]	[]	[]	[1]
	win/x86_64	227	__ccw_138:	[]	[]	[]	[1]
	win/x86_64	228	__ccw_139:	[]	[]	[]	[1]
	win/x86_64	229	__ccw_140:	[]	[]	[]	[1]
	win/x86_64	230	__ccw_141:	[]	[]	[]	[1]
	win/x86_64	231	__ccw_142:	[]	[]	[]	[1]
	win/x86_64	232	__ccw_143:	[]	[]	[]	[1]
	win/x86_64	233	__ccw_144:	[]	[]	[]	[1]
	win/x86_64	234	__ccw_145:	[]	[]	[]	[1]
	win/x86_64	235	__ccw_146:	[]	[]	[]	[1]
	win/x86_64	236	__ccw_147:	[]	[]	[]	[1]
	win/x86_64	237	__ccw_148:	[]	[]	[]	[1]
	win/x86_64	238	__ccw_149:	[]	[]	[]	[1]
	win/x86_64	239	__ccw_150:	[]	[]	[]	[1]
	win/x86_64	240	__ccw_151:	[]	[]	[]	[1]
	win/x86_64	241	__ccw_152:	[]	[]	[]	[1]
	win/x86_64	242	__ccw_153:	[]	[]	[]	[1]
	win/x86_64	243	__ccw_154:	[]	[]	[]	[1]
	win/x86_64	244	__ccw_155:	[]	[]	[]	[1]
	win/x86_64	245	__ccw_156:	[]	[]	[]	[1]
	win/x86_64	246	__ccw_157:	[]	[]	[]	[1]
	win/x86_64	247	__ccw_158:	[]	[]	[]	[1]
	win/x86_64	248	__ccw_159:	[]	[]	[]	[1]
	win/x86_64	249	__ccw_160:	[]	[]	[]	[1]
	win/x86_64	250	__ccw_161:	[]	[]	[]	[1]
	win/x86_64	251	__ccw_162:	[]	[]	[]	[1]
	win/x86_64	252	__ccw_163:	[]	[]	[]	[1]
	win/x86_64	253	__ccw_164:	[]	[]	[]	[1]
	win/x86_64	254	__ccw_165:	[]	[]	[]	[1]
	win/x86_64	255	__ccw_166:	[]	[]	[]	[1]
	win/x86_64	256	__ccw_167:	[]	[]	[]	[1]
	win/x86_64	257	__ccw_168:	[]	[]	[]	[1]
	win/x86_64	258	__ccw_169:	[]	[]	[]	[1]
	win/x86_64	259	__ccw_170:	[]	[]	[]	[1]
	win/x86_64	260	__ccw_171:	[]	[]	[]	[1]
	win/x86_64	261	__ccw_172:	[]	[]	[]	[1]
	win/x86_64	262	__ccw_173:	[]	[]	[]	[1]
	win/x86_64	263	__ccw_174:	[]	[]	[]	[1]
	win/x86_64	264	__ccw_175:	[]	[]	[]	[1]
	win/x86_64	265	__ccw_176:	[]	[]	[]	[1]
	win/x86_64	266	__ccw_177:	[]	[]	[]	[1]
	win/x86_64	267	__ccw_178:	[]	[]	[]	[1]
	win/x86_64	268	__ccw_179:	[]	[]	[]	[1]
	win/x86_64	269	__ccw_180:	[]	[]	[]	[1]
	win/x86_64	270	__ccw_181:	[]	[]	[]	[1]
	win/x86_64	271	__ccw_182:	[]	[]	[]	[1]
	win/x86_64	272	__ccw_183:	[]	[]	[]	[1]
	win/x86_64	273	__ccw_184:	[]	[]	[]	[1]
	win/x86_64	274	__ccw_185:	[]	[]	[]	[1]
	win/x86_64	275	__ccw_186:	[]	[]	[]	[1]
	win/x86_64	276	__ccw_187:	[]	[]	[]	[1]
	win/x86_64	277	__ccw_188:	[]	[]	[]	[1]
	win/x86_64	278	__ccw_189:	[]	[]	[]	[1]
	win/x86_64	279	__ccw_190:	[]	[]	[]	[1]
	win/x86_64	280	__ccw_191:	[]	[]	[]	[1]
	win/x86_64	281	__ccw_192:	[]	[]	[]	[1]
	win/x86_64	282	__ccw_193:	[]	[]	[]	[1]
	win/x86_64	283	__ccw_194:	[]	[]	[]	[1]
	win/x86_64	284	__ccw_195:	[]	[]	[]	[1]
	win/x86_64	285	__ccw_196:	[]	[]	[]	[1]
	win/x86_64	286	__ccw_197:	[]	[]	[]	[1]
	win/x86_64	287	__ccw_198:	[]	[]	[]	[1]
	win/x86_64	288	__ccw_199:	[]	[]	[]	[1]
	win/x86_64	289	__ccw_200:	[]	[]	[]	[1]
	win/x86_64	290	__ccw_201:	[]	[]	[]	[1]
	win/x86_64	291	__ccw_202:	[]	[]	[]	[1]
	win/x86_64	292	__ccw_203:	[]	[]	[]	[1]
	win/x86_64	293	__ccw_204:	[]	[]	[]	[1]
	win/x86_64	294	__ccw_205:	[]	[]	[]	[1]
	win/x86_64	295	__ccw_206:	[]	[]	[]	[1]
	win/x86_64	296	__ccw_207:	[]	[]	[]	[1]
	win/x86_64	297	__ccw_208:	[]	[]	[]	[1]
	win/x86_64	298	__ccw_209:	[]	[]	[]	[1]
	win/x86_64	299	__ccw_210:	[]	[]	[]	[1]
	win/x86_64	300	__ccw_211:	[]	[]	[]	[1]
	win/x86_64	301	__ccw_212:	[]	[]	[]	[1]
	win/x86_64	302	__ccw_213:	[]	[]	[]	[1]
	win/x86_64	303	__ccw_214:	[]	[]	[]	[1]
	win/x86_64	304	__ccw_215:	[]	[]	[]	[1]
	win/x86_64	305	__ccw_216:	[]	[]	[]	[1]
	win/x86_64	306	__ccw_217:	[]	[]	[]	[1]
	win/x86_64	307	__ccw_218:	[]	[]	[]	[1]
	win/x86_64	308	__ccw_219:	[]	[]	[]	[1]
	win/x86_64	309	__ccw_220:	[]	[]	[]	[1]
	win/x86_64	310	__ccw_221:	[]	[]	[]	[1]
	win/x86_64	311	__ccw_222:	[]	[]	[]	[1]
	win/x86_64	312	__ccw_223:	[]	[]	[]	[1]
	win/x86_64	313	__ccw_224:	[]	[]	[]	[1]
	win/x86_64	314	__ccw_225:	[]	[]	[]	[1]
	win/x86_64	315	__ccw_226:	[]	[]	[]	[1]
	win/x86_64	316	__ccw_227:	[]	[]	[]	[1]
	win/x86_64	317	__ccw_228:	[]	[]	[]	[1]
	win/x86_64	318	__ccw_229:	[]	[]	[]	[1]
	win/x86_64	319	__ccw_230:	[]	[]	[]	[1]
	win/x86_64	320	__ccw_231:	[]	[]	[]	[1]
	win/x86_64	321	__ccw_232:	[]	[]	[]	[1]
	win/x86_64	322	__ccw_233:	[]	[]	[]	[1]
	win/x86_64	323	__ccw_234:	[]	[]	[]	[1]
	win/x86_64	324	__ccw_235:	[]	[]	[]	[1]
	win/x86_64	325	__ccw_236:	[]	[]	[]	[1]
	win/x86_64	326	__ccw_237:	[]	[]	[]	[1]
	win/x86_64	327	__ccw_238:	[]	[]	[]	[1]
	win/x86_64	328	__ccw_239:	[]	[]	[]	[1]
	win/x86_64	329	__ccw_240:	[]	[]	[]	[1]
	win/x86_64	330	__ccw_241:	[]	[]	[]	[1]
	win/x86_64	331	__ccw_242:	[]	[]	[]	[1]
	win/x86_64	332	__ccw_243:	[]	[]	[]	[1]
	win/x86_64	333	__ccw_244:	[]	[]	[]	[1]
	win/x86_64	334	__ccw_245:	[]	[]	[]	[1]
	win/x86_64	335	__ccw_246:	[]	[]	[]	[1]
	win/x86_64	336	__ccw_247:	[]	[]	[]	[1]
	win/x86_64	337	__ccw_248:	[]	[]	[]	[1]
	win/x86_64	338	__ccw_249:	[]	[]	[]	[1]
	win/x86_64	339	__ccw_250:	[]	[]	[]	[1]
	win/x86_64	340	__ccw_251:	[]	[]	[]	[1]
	win/x86_64	341	__ccw_252:	[]	[]	[]	[1]
	win/x86_64	342	__ccw_253:	[]	[]	[]	[1]
	win/x86_64	343	__ccw_254:	[]	[]	[]	[1]
	win/x86_64	344	__ccw_255:	[]	[]	[]	[1]
	win/arm64	0	imm	[0]	[]	[]	[]
	win/arm64	1	mov	[0, 1]	[]	[]	[]
	win/arm64	2	add64	[0, 1, 2]	[]	[" form=arm"]	[]
	win/arm64	3	sub64	[0, 1, 2]	[]	[" form=arm"]	[]
	win/arm64	4	mul64	[0, 1, 2]	[]	[" form=arm"]	[]
	win/arm64	5	xor64	[0, 1, 2]	[]	[" form=arm"]	[]
	win/arm64	6	and64	[0, 1, 2]	[]	[" form=arm"]	[]
	win/arm64	7	or64	[0, 1, 2]	[]	[" form=arm"]	[]
	win/arm64	8	shl64	[0, 1, 2]	[]	[" form=arm"]	[]
	win/arm64	9	shr64	[0, 1, 2]	[]	[" form=arm"]	[]
	win/arm64	10	lshr64	[0, 1, 2]	[]	[" form=arm"]	[]
	win/arm64	11	.div	[0, 1, 2]	[]	[]	[]
	win/arm64	12	.mod	[0, 1, 2]	[]	[]	[]
	win/arm64	13	.udiv	[0, 1, 2]	[]	[]	[]
	win/arm64	14	.umod	[0, 1, 2]	[]	[]	[]
	win/arm64	15	slt64	[0, 1, 2]	[]	[" form=arm"]	[]
	win/arm64	16	sle64	[0, 1, 2]	[]	[" form=arm"]	[]
	win/arm64	17	ult64	[0, 1, 2]	[]	[" form=arm"]	[]
	win/arm64	18	ule64	[0, 1, 2]	[]	[" form=arm"]	[]
	win/arm64	19	eq	[0, 1, 2]	[]	[]	[]
	win/arm64	20	ne	[0, 1, 2]	[]	[]	[]
	win/arm64	21	load64	[0, 1]	[]	[" form=arm"]	[]
	win/arm64	22	store64	[0, 2]	[]	[" form=arm"]	[]
	win/arm64	23	.ld	[0, 1]	[]	[]	[]
	win/arm64	24	.st	[0, 2]	[]	[]	[]
	win/arm64	25	.lea	[0]	[]	[]	[]
	win/arm64	26	.zero	[0]	[]	[]	[]
	win/arm64	27	jump	[]	[]	[" form=arm"]	[]
	win/arm64	28	jumpz	[0]	[]	[" form=arm"]	[]
	win/arm64	29	call	[]	[]	[" form=arm"]	[]
	win/arm64	30	callr	[0]	[]	[" form=arm"]	[]
	win/arm64	31	callm	[0]	[]	[]	[]
	win/arm64	32	.hostcall	[0, 1]	[]	[]	[]
	win/arm64	33	.librarycall	[0, 1]	[]	[]	[]
	win/arm64	34	.libraryaddr	[0]	[]	[]	[]
	win/arm64	35	.hostaddr	[0]	[]	[]	[]
	win/arm64	36	ret	[]	[]	[" form=arm"]	[]
	win/arm64	37	.frame	[]	[]	[]	[]
	win/arm64	38	.arg	[1]	[]	[]	[]
	win/arm64	39	.print	[0]	[]	[]	[]
	win/arm64	40	.write	[0, 1]	[]	[]	[]
	win/arm64	41	.exit	[0]	[]	[]	[]
	win/arm64	42	.sys	[1, 2, 3]	[]	[]	[]
	win/arm64	43	.sys6	[1, 2, 3, 4, 5, 6]	[]	[]	[]
	win/arm64	44	.argc	[0]	[]	[]	[]
	win/arm64	45	.argv	[0, 1]	[]	[]	[]
	win/arm64	46	nop	[]	[]	[" form=arm"]	[]
	win/arm64	47	fadd64	[0, 1, 2]	[]	[" form=arm"]	[]
	win/arm64	48	fsub64	[0, 1, 2]	[]	[" form=arm"]	[]
	win/arm64	49	fmul64	[0, 1, 2]	[]	[" form=arm"]	[]
	win/arm64	50	fdiv64	[0, 1, 2]	[]	[" form=arm"]	[]
	win/arm64	51	flt64	[0, 1, 2]	[]	[" form=arm"]	[]
	win/arm64	52	fle64	[0, 1, 2]	[]	[" form=arm"]	[]
	win/arm64	53	feq64	[0, 1, 2]	[]	[" form=arm"]	[]
	win/arm64	54	fadd32	[0, 1, 2]	[]	[" form=arm"]	[]
	win/arm64	55	fsub32	[0, 1, 2]	[]	[" form=arm"]	[]
	win/arm64	56	fmul32	[0, 1, 2]	[]	[" form=arm"]	[]
	win/arm64	57	fdiv32	[0, 1, 2]	[]	[" form=arm"]	[]
	win/arm64	58	flt32	[0, 1, 2]	[]	[" form=arm"]	[]
	win/arm64	59	fle32	[0, 1, 2]	[]	[" form=arm"]	[]
	win/arm64	60	feq32	[0, 1, 2]	[]	[" form=arm"]	[]
	win/arm64	61	cvtid	[0, 1]	[]	[" form=arm"]	[]
	win/arm64	62	cvtud	[0, 1]	[]	[" form=arm"]	[]
	win/arm64	63	cvtis	[0, 1]	[]	[" form=arm"]	[]
	win/arm64	64	cvtus	[0, 1]	[]	[" form=arm"]	[]
	win/arm64	65	cvtdi	[0, 1]	[]	[" form=arm"]	[]
	win/arm64	66	cvtdu	[0, 1]	[]	[" form=arm"]	[]
	win/arm64	67	cvtsd	[0, 1]	[]	[" form=arm"]	[]
	win/arm64	68	cvtds	[0, 1]	[]	[" form=arm"]	[]
	win/arm64	69	fsqrt64	[0, 1]	[]	[" form=arm"]	[]
	win/arm64	70	fsqrt32	[0, 1]	[]	[" form=arm"]	[]
	win/arm64	71	r0	[]	["x0"]	[]	[]
	win/arm64	72	r1	[]	["x1"]	[]	[]
	win/arm64	73	r2	[]	["x2"]	[]	[]
	win/arm64	74	r3	[]	["x3"]	[]	[]
	win/arm64	75	r4	[]	["x4"]	[]	[]
	win/arm64	76	r5	[]	["x5"]	[]	[]
	win/arm64	77	r6	[]	["x6"]	[]	[]
	win/arm64	78	r7	[]	["x7"]	[]	[]
	win/arm64	79	0	[]	[]	[]	[]
	win/arm64	80	1	[]	[]	[]	[]
	win/arm64	81	2	[]	[]	[]	[]
	win/arm64	82	3	[]	[]	[]	[]
	win/arm64	83	4	[]	[]	[]	[]
	win/arm64	84	8	[]	[]	[]	[]
	win/arm64	85	-8	[]	[]	[]	[]
	win/arm64	86	_start:	[]	[]	[]	[]
	win/arm64	87	write	[]	[]	[" form=winapi"]	[]
	win/arm64	88	exit	[]	[]	[" form=winapi"]	[]
	win/arm64	89	__ccw_0:	[]	[]	[]	[1]
	win/arm64	90	__ccw_1:	[]	[]	[]	[1]
	win/arm64	91	__ccw_2:	[]	[]	[]	[1]
	win/arm64	92	__ccw_3:	[]	[]	[]	[1]
	win/arm64	93	__ccw_4:	[]	[]	[]	[1]
	win/arm64	94	__ccw_5:	[]	[]	[]	[1]
	win/arm64	95	__ccw_6:	[]	[]	[]	[1]
	win/arm64	96	__ccw_7:	[]	[]	[]	[1]
	win/arm64	97	__ccw_8:	[]	[]	[]	[1]
	win/arm64	98	__ccw_9:	[]	[]	[]	[1]
	win/arm64	99	__ccw_10:	[]	[]	[]	[1]
	win/arm64	100	__ccw_11:	[]	[]	[]	[1]
	win/arm64	101	__ccw_12:	[]	[]	[]	[1]
	win/arm64	102	__ccw_13:	[]	[]	[]	[1]
	win/arm64	103	__ccw_14:	[]	[]	[]	[1]
	win/arm64	104	__ccw_15:	[]	[]	[]	[1]
	win/arm64	105	__ccw_16:	[]	[]	[]	[1]
	win/arm64	106	__ccw_17:	[]	[]	[]	[1]
	win/arm64	107	__ccw_18:	[]	[]	[]	[1]
	win/arm64	108	__ccw_19:	[]	[]	[]	[1]
	win/arm64	109	__ccw_20:	[]	[]	[]	[1]
	win/arm64	110	__ccw_21:	[]	[]	[]	[1]
	win/arm64	111	__ccw_22:	[]	[]	[]	[1]
	win/arm64	112	__ccw_23:	[]	[]	[]	[1]
	win/arm64	113	__ccw_24:	[]	[]	[]	[1]
	win/arm64	114	__ccw_25:	[]	[]	[]	[1]
	win/arm64	115	__ccw_26:	[]	[]	[]	[1]
	win/arm64	116	__ccw_27:	[]	[]	[]	[1]
	win/arm64	117	__ccw_28:	[]	[]	[]	[1]
	win/arm64	118	__ccw_29:	[]	[]	[]	[1]
	win/arm64	119	__ccw_30:	[]	[]	[]	[1]
	win/arm64	120	__ccw_31:	[]	[]	[]	[1]
	win/arm64	121	__ccw_32:	[]	[]	[]	[1]
	win/arm64	122	__ccw_33:	[]	[]	[]	[1]
	win/arm64	123	__ccw_34:	[]	[]	[]	[1]
	win/arm64	124	__ccw_35:	[]	[]	[]	[1]
	win/arm64	125	__ccw_36:	[]	[]	[]	[1]
	win/arm64	126	__ccw_37:	[]	[]	[]	[1]
	win/arm64	127	__ccw_38:	[]	[]	[]	[1]
	win/arm64	128	__ccw_39:	[]	[]	[]	[1]
	win/arm64	129	__ccw_40:	[]	[]	[]	[1]
	win/arm64	130	__ccw_41:	[]	[]	[]	[1]
	win/arm64	131	__ccw_42:	[]	[]	[]	[1]
	win/arm64	132	__ccw_43:	[]	[]	[]	[1]
	win/arm64	133	__ccw_44:	[]	[]	[]	[1]
	win/arm64	134	__ccw_45:	[]	[]	[]	[1]
	win/arm64	135	__ccw_46:	[]	[]	[]	[1]
	win/arm64	136	__ccw_47:	[]	[]	[]	[1]
	win/arm64	137	__ccw_48:	[]	[]	[]	[1]
	win/arm64	138	__ccw_49:	[]	[]	[]	[1]
	win/arm64	139	__ccw_50:	[]	[]	[]	[1]
	win/arm64	140	__ccw_51:	[]	[]	[]	[1]
	win/arm64	141	__ccw_52:	[]	[]	[]	[1]
	win/arm64	142	__ccw_53:	[]	[]	[]	[1]
	win/arm64	143	__ccw_54:	[]	[]	[]	[1]
	win/arm64	144	__ccw_55:	[]	[]	[]	[1]
	win/arm64	145	__ccw_56:	[]	[]	[]	[1]
	win/arm64	146	__ccw_57:	[]	[]	[]	[1]
	win/arm64	147	__ccw_58:	[]	[]	[]	[1]
	win/arm64	148	__ccw_59:	[]	[]	[]	[1]
	win/arm64	149	__ccw_60:	[]	[]	[]	[1]
	win/arm64	150	__ccw_61:	[]	[]	[]	[1]
	win/arm64	151	__ccw_62:	[]	[]	[]	[1]
	win/arm64	152	__ccw_63:	[]	[]	[]	[1]
	win/arm64	153	__ccw_64:	[]	[]	[]	[1]
	win/arm64	154	__ccw_65:	[]	[]	[]	[1]
	win/arm64	155	__ccw_66:	[]	[]	[]	[1]
	win/arm64	156	__ccw_67:	[]	[]	[]	[1]
	win/arm64	157	__ccw_68:	[]	[]	[]	[1]
	win/arm64	158	__ccw_69:	[]	[]	[]	[1]
	win/arm64	159	__ccw_70:	[]	[]	[]	[1]
	win/arm64	160	__ccw_71:	[]	[]	[]	[1]
	win/arm64	161	__ccw_72:	[]	[]	[]	[1]
	win/arm64	162	__ccw_73:	[]	[]	[]	[1]
	win/arm64	163	__ccw_74:	[]	[]	[]	[1]
	win/arm64	164	__ccw_75:	[]	[]	[]	[1]
	win/arm64	165	__ccw_76:	[]	[]	[]	[1]
	win/arm64	166	__ccw_77:	[]	[]	[]	[1]
	win/arm64	167	__ccw_78:	[]	[]	[]	[1]
	win/arm64	168	__ccw_79:	[]	[]	[]	[1]
	win/arm64	169	__ccw_80:	[]	[]	[]	[1]
	win/arm64	170	__ccw_81:	[]	[]	[]	[1]
	win/arm64	171	__ccw_82:	[]	[]	[]	[1]
	win/arm64	172	__ccw_83:	[]	[]	[]	[1]
	win/arm64	173	__ccw_84:	[]	[]	[]	[1]
	win/arm64	174	__ccw_85:	[]	[]	[]	[1]
	win/arm64	175	__ccw_86:	[]	[]	[]	[1]
	win/arm64	176	__ccw_87:	[]	[]	[]	[1]
	win/arm64	177	__ccw_88:	[]	[]	[]	[1]
	win/arm64	178	__ccw_89:	[]	[]	[]	[1]
	win/arm64	179	__ccw_90:	[]	[]	[]	[1]
	win/arm64	180	__ccw_91:	[]	[]	[]	[1]
	win/arm64	181	__ccw_92:	[]	[]	[]	[1]
	win/arm64	182	__ccw_93:	[]	[]	[]	[1]
	win/arm64	183	__ccw_94:	[]	[]	[]	[1]
	win/arm64	184	__ccw_95:	[]	[]	[]	[1]
	win/arm64	185	__ccw_96:	[]	[]	[]	[1]
	win/arm64	186	__ccw_97:	[]	[]	[]	[1]
	win/arm64	187	__ccw_98:	[]	[]	[]	[1]
	win/arm64	188	__ccw_99:	[]	[]	[]	[1]
	win/arm64	189	__ccw_100:	[]	[]	[]	[1]
	win/arm64	190	__ccw_101:	[]	[]	[]	[1]
	win/arm64	191	__ccw_102:	[]	[]	[]	[1]
	win/arm64	192	__ccw_103:	[]	[]	[]	[1]
	win/arm64	193	__ccw_104:	[]	[]	[]	[1]
	win/arm64	194	__ccw_105:	[]	[]	[]	[1]
	win/arm64	195	__ccw_106:	[]	[]	[]	[1]
	win/arm64	196	__ccw_107:	[]	[]	[]	[1]
	win/arm64	197	__ccw_108:	[]	[]	[]	[1]
	win/arm64	198	__ccw_109:	[]	[]	[]	[1]
	win/arm64	199	__ccw_110:	[]	[]	[]	[1]
	win/arm64	200	__ccw_111:	[]	[]	[]	[1]
	win/arm64	201	__ccw_112:	[]	[]	[]	[1]
	win/arm64	202	__ccw_113:	[]	[]	[]	[1]
	win/arm64	203	__ccw_114:	[]	[]	[]	[1]
	win/arm64	204	__ccw_115:	[]	[]	[]	[1]
	win/arm64	205	__ccw_116:	[]	[]	[]	[1]
	win/arm64	206	__ccw_117:	[]	[]	[]	[1]
	win/arm64	207	__ccw_118:	[]	[]	[]	[1]
	win/arm64	208	__ccw_119:	[]	[]	[]	[1]
	win/arm64	209	__ccw_120:	[]	[]	[]	[1]
	win/arm64	210	__ccw_121:	[]	[]	[]	[1]
	win/arm64	211	__ccw_122:	[]	[]	[]	[1]
	win/arm64	212	__ccw_123:	[]	[]	[]	[1]
	win/arm64	213	__ccw_124:	[]	[]	[]	[1]
	win/arm64	214	__ccw_125:	[]	[]	[]	[1]
	win/arm64	215	__ccw_126:	[]	[]	[]	[1]
	win/arm64	216	__ccw_127:	[]	[]	[]	[1]
	win/arm64	217	__ccw_128:	[]	[]	[]	[1]
	win/arm64	218	__ccw_129:	[]	[]	[]	[1]
	win/arm64	219	__ccw_130:	[]	[]	[]	[1]
	win/arm64	220	__ccw_131:	[]	[]	[]	[1]
	win/arm64	221	__ccw_132:	[]	[]	[]	[1]
	win/arm64	222	__ccw_133:	[]	[]	[]	[1]
	win/arm64	223	__ccw_134:	[]	[]	[]	[1]
	win/arm64	224	__ccw_135:	[]	[]	[]	[1]
	win/arm64	225	__ccw_136:	[]	[]	[]	[1]
	win/arm64	226	__ccw_137:	[]	[]	[]	[1]
	win/arm64	227	__ccw_138:	[]	[]	[]	[1]
	win/arm64	228	__ccw_139:	[]	[]	[]	[1]
	win/arm64	229	__ccw_140:	[]	[]	[]	[1]
	win/arm64	230	__ccw_141:	[]	[]	[]	[1]
	win/arm64	231	__ccw_142:	[]	[]	[]	[1]
	win/arm64	232	__ccw_143:	[]	[]	[]	[1]
	win/arm64	233	__ccw_144:	[]	[]	[]	[1]
	win/arm64	234	__ccw_145:	[]	[]	[]	[1]
	win/arm64	235	__ccw_146:	[]	[]	[]	[1]
	win/arm64	236	__ccw_147:	[]	[]	[]	[1]
	win/arm64	237	__ccw_148:	[]	[]	[]	[1]
	win/arm64	238	__ccw_149:	[]	[]	[]	[1]
	win/arm64	239	__ccw_150:	[]	[]	[]	[1]
	win/arm64	240	__ccw_151:	[]	[]	[]	[1]
	win/arm64	241	__ccw_152:	[]	[]	[]	[1]
	win/arm64	242	__ccw_153:	[]	[]	[]	[1]
	win/arm64	243	__ccw_154:	[]	[]	[]	[1]
	win/arm64	244	__ccw_155:	[]	[]	[]	[1]
	win/arm64	245	__ccw_156:	[]	[]	[]	[1]
	win/arm64	246	__ccw_157:	[]	[]	[]	[1]
	win/arm64	247	__ccw_158:	[]	[]	[]	[1]
	win/arm64	248	__ccw_159:	[]	[]	[]	[1]
	win/arm64	249	__ccw_160:	[]	[]	[]	[1]
	win/arm64	250	__ccw_161:	[]	[]	[]	[1]
	win/arm64	251	__ccw_162:	[]	[]	[]	[1]
	win/arm64	252	__ccw_163:	[]	[]	[]	[1]
	win/arm64	253	__ccw_164:	[]	[]	[]	[1]
	win/arm64	254	__ccw_165:	[]	[]	[]	[1]
	win/arm64	255	__ccw_166:	[]	[]	[]	[1]
	win/arm64	256	__ccw_167:	[]	[]	[]	[1]
	win/arm64	257	__ccw_168:	[]	[]	[]	[1]
	win/arm64	258	__ccw_169:	[]	[]	[]	[1]
	win/arm64	259	__ccw_170:	[]	[]	[]	[1]
	win/arm64	260	__ccw_171:	[]	[]	[]	[1]
	win/arm64	261	__ccw_172:	[]	[]	[]	[1]
	win/arm64	262	__ccw_173:	[]	[]	[]	[1]
	win/arm64	263	__ccw_174:	[]	[]	[]	[1]
	win/arm64	264	__ccw_175:	[]	[]	[]	[1]
	win/arm64	265	__ccw_176:	[]	[]	[]	[1]
	win/arm64	266	__ccw_177:	[]	[]	[]	[1]
	win/arm64	267	__ccw_178:	[]	[]	[]	[1]
	win/arm64	268	__ccw_179:	[]	[]	[]	[1]
	win/arm64	269	__ccw_180:	[]	[]	[]	[1]
	win/arm64	270	__ccw_181:	[]	[]	[]	[1]
	win/arm64	271	__ccw_182:	[]	[]	[]	[1]
	win/arm64	272	__ccw_183:	[]	[]	[]	[1]
	win/arm64	273	__ccw_184:	[]	[]	[]	[1]
	win/arm64	274	__ccw_185:	[]	[]	[]	[1]
	win/arm64	275	__ccw_186:	[]	[]	[]	[1]
	win/arm64	276	__ccw_187:	[]	[]	[]	[1]
	win/arm64	277	__ccw_188:	[]	[]	[]	[1]
	win/arm64	278	__ccw_189:	[]	[]	[]	[1]
	win/arm64	279	__ccw_190:	[]	[]	[]	[1]
	win/arm64	280	__ccw_191:	[]	[]	[]	[1]
	win/arm64	281	__ccw_192:	[]	[]	[]	[1]
	win/arm64	282	__ccw_193:	[]	[]	[]	[1]
	win/arm64	283	__ccw_194:	[]	[]	[]	[1]
	win/arm64	284	__ccw_195:	[]	[]	[]	[1]
	win/arm64	285	__ccw_196:	[]	[]	[]	[1]
	win/arm64	286	__ccw_197:	[]	[]	[]	[1]
	win/arm64	287	__ccw_198:	[]	[]	[]	[1]
	win/arm64	288	__ccw_199:	[]	[]	[]	[1]
	win/arm64	289	__ccw_200:	[]	[]	[]	[1]
	win/arm64	290	__ccw_201:	[]	[]	[]	[1]
	win/arm64	291	__ccw_202:	[]	[]	[]	[1]
	win/arm64	292	__ccw_203:	[]	[]	[]	[1]
	win/arm64	293	__ccw_204:	[]	[]	[]	[1]
	win/arm64	294	__ccw_205:	[]	[]	[]	[1]
	win/arm64	295	__ccw_206:	[]	[]	[]	[1]
	win/arm64	296	__ccw_207:	[]	[]	[]	[1]
	win/arm64	297	__ccw_208:	[]	[]	[]	[1]
	win/arm64	298	__ccw_209:	[]	[]	[]	[1]
	win/arm64	299	__ccw_210:	[]	[]	[]	[1]
	win/arm64	300	__ccw_211:	[]	[]	[]	[1]
	win/arm64	301	__ccw_212:	[]	[]	[]	[1]
	win/arm64	302	__ccw_213:	[]	[]	[]	[1]
	win/arm64	303	__ccw_214:	[]	[]	[]	[1]
	win/arm64	304	__ccw_215:	[]	[]	[]	[1]
	win/arm64	305	__ccw_216:	[]	[]	[]	[1]
	win/arm64	306	__ccw_217:	[]	[]	[]	[1]
	win/arm64	307	__ccw_218:	[]	[]	[]	[1]
	win/arm64	308	__ccw_219:	[]	[]	[]	[1]
	win/arm64	309	__ccw_220:	[]	[]	[]	[1]
	win/arm64	310	__ccw_221:	[]	[]	[]	[1]
	win/arm64	311	__ccw_222:	[]	[]	[]	[1]
	win/arm64	312	__ccw_223:	[]	[]	[]	[1]
	win/arm64	313	__ccw_224:	[]	[]	[]	[1]
	win/arm64	314	__ccw_225:	[]	[]	[]	[1]
	win/arm64	315	__ccw_226:	[]	[]	[]	[1]
	win/arm64	316	__ccw_227:	[]	[]	[]	[1]
	win/arm64	317	__ccw_228:	[]	[]	[]	[1]
	win/arm64	318	__ccw_229:	[]	[]	[]	[1]
	win/arm64	319	__ccw_230:	[]	[]	[]	[1]
	win/arm64	320	__ccw_231:	[]	[]	[]	[1]
	win/arm64	321	__ccw_232:	[]	[]	[]	[1]
	win/arm64	322	__ccw_233:	[]	[]	[]	[1]
	win/arm64	323	__ccw_234:	[]	[]	[]	[1]
	win/arm64	324	__ccw_235:	[]	[]	[]	[1]
	win/arm64	325	__ccw_236:	[]	[]	[]	[1]
	win/arm64	326	__ccw_237:	[]	[]	[]	[1]
	win/arm64	327	__ccw_238:	[]	[]	[]	[1]
	win/arm64	328	__ccw_239:	[]	[]	[]	[1]
	win/arm64	329	__ccw_240:	[]	[]	[]	[1]
	win/arm64	330	__ccw_241:	[]	[]	[]	[1]
	win/arm64	331	__ccw_242:	[]	[]	[]	[1]
	win/arm64	332	__ccw_243:	[]	[]	[]	[1]
	win/arm64	333	__ccw_244:	[]	[]	[]	[1]
	win/arm64	334	__ccw_245:	[]	[]	[]	[1]
	win/arm64	335	__ccw_246:	[]	[]	[]	[1]
	win/arm64	336	__ccw_247:	[]	[]	[]	[1]
	win/arm64	337	__ccw_248:	[]	[]	[]	[1]
	win/arm64	338	__ccw_249:	[]	[]	[]	[1]
	win/arm64	339	__ccw_250:	[]	[]	[]	[1]
	win/arm64	340	__ccw_251:	[]	[]	[]	[1]
	win/arm64	341	__ccw_252:	[]	[]	[]	[1]
	win/arm64	342	__ccw_253:	[]	[]	[]	[1]
	win/arm64	343	__ccw_254:	[]	[]	[]	[1]
	win/arm64	344	__ccw_255:	[]	[]	[]	[1]
=codeenv	json	{"lnx/arm64": {"ADDRESS": 211106232532992, "BKIND": 215504279044096, "DESC": 213305255788544, "EXTENT": 216603790671872, "IDS": 210006720905216, "STRIDE": 6150, "SUPPORTED": 345246651121664, "WRITABLE": 217703302299648, "arch": "arm64", "form_callr": "arm", "form_load64": "arm", "hosted": true, "idmap": {"id:-8": "idc85", "id:.arg": "idc38", "id:.argc": "idc44", "id:.argv": "idc45", "id:.div": "idc11", "id:.exit": "idc41", "id:.frame": "idc37", "id:.hostaddr": "idc35", "id:.hostcall": "idc32", "id:.ld": "idc23", "id:.lea": "idc25", "id:.libraryaddr": "idc34", "id:.librarycall": "idc33", "id:.mod": "idc12", "id:.print": "idc39", "id:.st": "idc24", "id:.sys": "idc42", "id:.sys6": "idc43", "id:.udiv": "idc13", "id:.umod": "idc14", "id:.write": "idc40", "id:.zero": "idc26", "id:0": "idc79", "id:1": "idc80", "id:2": "idc81", "id:3": "idc82", "id:4": "idc83", "id:8": "idc84", "id:__ccw_0:": "idc89", "id:__ccw_100:": "idc189", "id:__ccw_101:": "idc190", "id:__ccw_102:": "idc191", "id:__ccw_103:": "idc192", "id:__ccw_104:": "idc193", "id:__ccw_105:": "idc194", "id:__ccw_106:": "idc195", "id:__ccw_107:": "idc196", "id:__ccw_108:": "idc197", "id:__ccw_109:": "idc198", "id:__ccw_10:": "idc99", "id:__ccw_110:": "idc199", "id:__ccw_111:": "idc200", "id:__ccw_112:": "idc201", "id:__ccw_113:": "idc202", "id:__ccw_114:": "idc203", "id:__ccw_115:": "idc204", "id:__ccw_116:": "idc205", "id:__ccw_117:": "idc206", "id:__ccw_118:": "idc207", "id:__ccw_119:": "idc208", "id:__ccw_11:": "idc100", "id:__ccw_120:": "idc209", "id:__ccw_121:": "idc210", "id:__ccw_122:": "idc211", "id:__ccw_123:": "idc212", "id:__ccw_124:": "idc213", "id:__ccw_125:": "idc214", "id:__ccw_126:": "idc215", "id:__ccw_127:": "idc216", "id:__ccw_128:": "idc217", "id:__ccw_129:": "idc218", "id:__ccw_12:": "idc101", "id:__ccw_130:": "idc219", "id:__ccw_131:": "idc220", "id:__ccw_132:": "idc221", "id:__ccw_133:": "idc222", "id:__ccw_134:": "idc223", "id:__ccw_135:": "idc224", "id:__ccw_136:": "idc225", "id:__ccw_137:": "idc226", "id:__ccw_138:": "idc227", "id:__ccw_139:": "idc228", "id:__ccw_13:": "idc102", "id:__ccw_140:": "idc229", "id:__ccw_141:": "idc230", "id:__ccw_142:": "idc231", "id:__ccw_143:": "idc232", "id:__ccw_144:": "idc233", "id:__ccw_145:": "idc234", "id:__ccw_146:": "idc235", "id:__ccw_147:": "idc236", "id:__ccw_148:": "idc237", "id:__ccw_149:": "idc238", "id:__ccw_14:": "idc103", "id:__ccw_150:": "idc239", "id:__ccw_151:": "idc240", "id:__ccw_152:": "idc241", "id:__ccw_153:": "idc242", "id:__ccw_154:": "idc243", "id:__ccw_155:": "idc244", "id:__ccw_156:": "idc245", "id:__ccw_157:": "idc246", "id:__ccw_158:": "idc247", "id:__ccw_159:": "idc248", "id:__ccw_15:": "idc104", "id:__ccw_160:": "idc249", "id:__ccw_161:": "idc250", "id:__ccw_162:": "idc251", "id:__ccw_163:": "idc252", "id:__ccw_164:": "idc253", "id:__ccw_165:": "idc254", "id:__ccw_166:": "idc255", "id:__ccw_167:": "idc256", "id:__ccw_168:": "idc257", "id:__ccw_169:": "idc258", "id:__ccw_16:": "idc105", "id:__ccw_170:": "idc259", "id:__ccw_171:": "idc260", "id:__ccw_172:": "idc261", "id:__ccw_173:": "idc262", "id:__ccw_174:": "idc263", "id:__ccw_175:": "idc264", "id:__ccw_176:": "idc265", "id:__ccw_177:": "idc266", "id:__ccw_178:": "idc267", "id:__ccw_179:": "idc268", "id:__ccw_17:": "idc106", "id:__ccw_180:": "idc269", "id:__ccw_181:": "idc270", "id:__ccw_182:": "idc271", "id:__ccw_183:": "idc272", "id:__ccw_184:": "idc273", "id:__ccw_185:": "idc274", "id:__ccw_186:": "idc275", "id:__ccw_187:": "idc276", "id:__ccw_188:": "idc277", "id:__ccw_189:": "idc278", "id:__ccw_18:": "idc107", "id:__ccw_190:": "idc279", "id:__ccw_191:": "idc280", "id:__ccw_192:": "idc281", "id:__ccw_193:": "idc282", "id:__ccw_194:": "idc283", "id:__ccw_195:": "idc284", "id:__ccw_196:": "idc285", "id:__ccw_197:": "idc286", "id:__ccw_198:": "idc287", "id:__ccw_199:": "idc288", "id:__ccw_19:": "idc108", "id:__ccw_1:": "idc90", "id:__ccw_200:": "idc289", "id:__ccw_201:": "idc290", "id:__ccw_202:": "idc291", "id:__ccw_203:": "idc292", "id:__ccw_204:": "idc293", "id:__ccw_205:": "idc294", "id:__ccw_206:": "idc295", "id:__ccw_207:": "idc296", "id:__ccw_208:": "idc297", "id:__ccw_209:": "idc298", "id:__ccw_20:": "idc109", "id:__ccw_210:": "idc299", "id:__ccw_211:": "idc300", "id:__ccw_212:": "idc301", "id:__ccw_213:": "idc302", "id:__ccw_214:": "idc303", "id:__ccw_215:": "idc304", "id:__ccw_216:": "idc305", "id:__ccw_217:": "idc306", "id:__ccw_218:": "idc307", "id:__ccw_219:": "idc308", "id:__ccw_21:": "idc110", "id:__ccw_220:": "idc309", "id:__ccw_221:": "idc310", "id:__ccw_222:": "idc311", "id:__ccw_223:": "idc312", "id:__ccw_224:": "idc313", "id:__ccw_225:": "idc314", "id:__ccw_226:": "idc315", "id:__ccw_227:": "idc316", "id:__ccw_228:": "idc317", "id:__ccw_229:": "idc318", "id:__ccw_22:": "idc111", "id:__ccw_230:": "idc319", "id:__ccw_231:": "idc320", "id:__ccw_232:": "idc321", "id:__ccw_233:": "idc322", "id:__ccw_234:": "idc323", "id:__ccw_235:": "idc324", "id:__ccw_236:": "idc325", "id:__ccw_237:": "idc326", "id:__ccw_238:": "idc327", "id:__ccw_239:": "idc328", "id:__ccw_23:": "idc112", "id:__ccw_240:": "idc329", "id:__ccw_241:": "idc330", "id:__ccw_242:": "idc331", "id:__ccw_243:": "idc332", "id:__ccw_244:": "idc333", "id:__ccw_245:": "idc334", "id:__ccw_246:": "idc335", "id:__ccw_247:": "idc336", "id:__ccw_248:": "idc337", "id:__ccw_249:": "idc338", "id:__ccw_24:": "idc113", "id:__ccw_250:": "idc339", "id:__ccw_251:": "idc340", "id:__ccw_252:": "idc341", "id:__ccw_253:": "idc342", "id:__ccw_254:": "idc343", "id:__ccw_255:": "idc344", "id:__ccw_25:": "idc114", "id:__ccw_26:": "idc115", "id:__ccw_27:": "idc116", "id:__ccw_28:": "idc117", "id:__ccw_29:": "idc118", "id:__ccw_2:": "idc91", "id:__ccw_30:": "idc119", "id:__ccw_31:": "idc120", "id:__ccw_32:": "idc121", "id:__ccw_33:": "idc122", "id:__ccw_34:": "idc123", "id:__ccw_35:": "idc124", "id:__ccw_36:": "idc125", "id:__ccw_37:": "idc126", "id:__ccw_38:": "idc127", "id:__ccw_39:": "idc128", "id:__ccw_3:": "idc92", "id:__ccw_40:": "idc129", "id:__ccw_41:": "idc130", "id:__ccw_42:": "idc131", "id:__ccw_43:": "idc132", "id:__ccw_44:": "idc133", "id:__ccw_45:": "idc134", "id:__ccw_46:": "idc135", "id:__ccw_47:": "idc136", "id:__ccw_48:": "idc137", "id:__ccw_49:": "idc138", "id:__ccw_4:": "idc93", "id:__ccw_50:": "idc139", "id:__ccw_51:": "idc140", "id:__ccw_52:": "idc141", "id:__ccw_53:": "idc142", "id:__ccw_54:": "idc143", "id:__ccw_55:": "idc144", "id:__ccw_56:": "idc145", "id:__ccw_57:": "idc146", "id:__ccw_58:": "idc147", "id:__ccw_59:": "idc148", "id:__ccw_5:": "idc94", "id:__ccw_60:": "idc149", "id:__ccw_61:": "idc150", "id:__ccw_62:": "idc151", "id:__ccw_63:": "idc152", "id:__ccw_64:": "idc153", "id:__ccw_65:": "idc154", "id:__ccw_66:": "idc155", "id:__ccw_67:": "idc156", "id:__ccw_68:": "idc157", "id:__ccw_69:": "idc158", "id:__ccw_6:": "idc95", "id:__ccw_70:": "idc159", "id:__ccw_71:": "idc160", "id:__ccw_72:": "idc161", "id:__ccw_73:": "idc162", "id:__ccw_74:": "idc163", "id:__ccw_75:": "idc164", "id:__ccw_76:": "idc165", "id:__ccw_77:": "idc166", "id:__ccw_78:": "idc167", "id:__ccw_79:": "idc168", "id:__ccw_7:": "idc96", "id:__ccw_80:": "idc169", "id:__ccw_81:": "idc170", "id:__ccw_82:": "idc171", "id:__ccw_83:": "idc172", "id:__ccw_84:": "idc173", "id:__ccw_85:": "idc174", "id:__ccw_86:": "idc175", "id:__ccw_87:": "idc176", "id:__ccw_88:": "idc177", "id:__ccw_89:": "idc178", "id:__ccw_8:": "idc97", "id:__ccw_90:": "idc179", "id:__ccw_91:": "idc180", "id:__ccw_92:": "idc181", "id:__ccw_93:": "idc182", "id:__ccw_94:": "idc183", "id:__ccw_95:": "idc184", "id:__ccw_96:": "idc185", "id:__ccw_97:": "idc186", "id:__ccw_98:": "idc187", "id:__ccw_99:": "idc188", "id:__ccw_9:": "idc98", "id:_start:": "idc86", "id:add64": "idc2", "id:and64": "idc6", "id:call": "idc29", "id:callm": "idc31", "id:callr": "idc30", "id:cvtdi": "idc65", "id:cvtds": "idc68", "id:cvtdu": "idc66", "id:cvtid": "idc61", "id:cvtis": "idc63", "id:cvtsd": "idc67", "id:cvtud": "idc62", "id:cvtus": "idc64", "id:eq": "idc19", "id:exit": "idc88", "id:fadd32": "idc54", "id:fadd64": "idc47", "id:fdiv32": "idc57", "id:fdiv64": "idc50", "id:feq32": "idc60", "id:feq64": "idc53", "id:fle32": "idc59", "id:fle64": "idc52", "id:flt32": "idc58", "id:flt64": "idc51", "id:fmul32": "idc56", "id:fmul64": "idc49", "id:fsqrt32": "idc70", "id:fsqrt64": "idc69", "id:fsub32": "idc55", "id:fsub64": "idc48", "id:imm": "idc0", "id:jump": "idc27", "id:jumpz": "idc28", "id:load64": "idc21", "id:lshr64": "idc10", "id:mov": "idc1", "id:mul64": "idc4", "id:ne": "idc20", "id:nop": "idc46", "id:or64": "idc7", "id:r0": "idc71", "id:r1": "idc72", "id:r2": "idc73", "id:r3": "idc74", "id:r4": "idc75", "id:r5": "idc76", "id:r6": "idc77", "id:r7": "idc78", "id:ret": "idc36", "id:shl64": "idc8", "id:shr64": "idc9", "id:sle64": "idc16", "id:slt64": "idc15", "id:store64": "idc22", "id:sub64": "idc3", "id:ule64": "idc18", "id:ult64": "idc17", "id:write": "idc87", "id:xor64": "idc5"}, "idmapu": {"id_-8": "idc85", "id_.arg": "idc38", "id_.argc": "idc44", "id_.argv": "idc45", "id_.div": "idc11", "id_.exit": "idc41", "id_.frame": "idc37", "id_.hostaddr": "idc35", "id_.hostcall": "idc32", "id_.ld": "idc23", "id_.lea": "idc25", "id_.libraryaddr": "idc34", "id_.librarycall": "idc33", "id_.mod": "idc12", "id_.print": "idc39", "id_.st": "idc24", "id_.sys": "idc42", "id_.sys6": "idc43", "id_.udiv": "idc13", "id_.umod": "idc14", "id_.write": "idc40", "id_.zero": "idc26", "id_0": "idc79", "id_1": "idc80", "id_2": "idc81", "id_3": "idc82", "id_4": "idc83", "id_8": "idc84", "id___ccw_0:": "idc89", "id___ccw_100:": "idc189", "id___ccw_101:": "idc190", "id___ccw_102:": "idc191", "id___ccw_103:": "idc192", "id___ccw_104:": "idc193", "id___ccw_105:": "idc194", "id___ccw_106:": "idc195", "id___ccw_107:": "idc196", "id___ccw_108:": "idc197", "id___ccw_109:": "idc198", "id___ccw_10:": "idc99", "id___ccw_110:": "idc199", "id___ccw_111:": "idc200", "id___ccw_112:": "idc201", "id___ccw_113:": "idc202", "id___ccw_114:": "idc203", "id___ccw_115:": "idc204", "id___ccw_116:": "idc205", "id___ccw_117:": "idc206", "id___ccw_118:": "idc207", "id___ccw_119:": "idc208", "id___ccw_11:": "idc100", "id___ccw_120:": "idc209", "id___ccw_121:": "idc210", "id___ccw_122:": "idc211", "id___ccw_123:": "idc212", "id___ccw_124:": "idc213", "id___ccw_125:": "idc214", "id___ccw_126:": "idc215", "id___ccw_127:": "idc216", "id___ccw_128:": "idc217", "id___ccw_129:": "idc218", "id___ccw_12:": "idc101", "id___ccw_130:": "idc219", "id___ccw_131:": "idc220", "id___ccw_132:": "idc221", "id___ccw_133:": "idc222", "id___ccw_134:": "idc223", "id___ccw_135:": "idc224", "id___ccw_136:": "idc225", "id___ccw_137:": "idc226", "id___ccw_138:": "idc227", "id___ccw_139:": "idc228", "id___ccw_13:": "idc102", "id___ccw_140:": "idc229", "id___ccw_141:": "idc230", "id___ccw_142:": "idc231", "id___ccw_143:": "idc232", "id___ccw_144:": "idc233", "id___ccw_145:": "idc234", "id___ccw_146:": "idc235", "id___ccw_147:": "idc236", "id___ccw_148:": "idc237", "id___ccw_149:": "idc238", "id___ccw_14:": "idc103", "id___ccw_150:": "idc239", "id___ccw_151:": "idc240", "id___ccw_152:": "idc241", "id___ccw_153:": "idc242", "id___ccw_154:": "idc243", "id___ccw_155:": "idc244", "id___ccw_156:": "idc245", "id___ccw_157:": "idc246", "id___ccw_158:": "idc247", "id___ccw_159:": "idc248", "id___ccw_15:": "idc104", "id___ccw_160:": "idc249", "id___ccw_161:": "idc250", "id___ccw_162:": "idc251", "id___ccw_163:": "idc252", "id___ccw_164:": "idc253", "id___ccw_165:": "idc254", "id___ccw_166:": "idc255", "id___ccw_167:": "idc256", "id___ccw_168:": "idc257", "id___ccw_169:": "idc258", "id___ccw_16:": "idc105", "id___ccw_170:": "idc259", "id___ccw_171:": "idc260", "id___ccw_172:": "idc261", "id___ccw_173:": "idc262", "id___ccw_174:": "idc263", "id___ccw_175:": "idc264", "id___ccw_176:": "idc265", "id___ccw_177:": "idc266", "id___ccw_178:": "idc267", "id___ccw_179:": "idc268", "id___ccw_17:": "idc106", "id___ccw_180:": "idc269", "id___ccw_181:": "idc270", "id___ccw_182:": "idc271", "id___ccw_183:": "idc272", "id___ccw_184:": "idc273", "id___ccw_185:": "idc274", "id___ccw_186:": "idc275", "id___ccw_187:": "idc276", "id___ccw_188:": "idc277", "id___ccw_189:": "idc278", "id___ccw_18:": "idc107", "id___ccw_190:": "idc279", "id___ccw_191:": "idc280", "id___ccw_192:": "idc281", "id___ccw_193:": "idc282", "id___ccw_194:": "idc283", "id___ccw_195:": "idc284", "id___ccw_196:": "idc285", "id___ccw_197:": "idc286", "id___ccw_198:": "idc287", "id___ccw_199:": "idc288", "id___ccw_19:": "idc108", "id___ccw_1:": "idc90", "id___ccw_200:": "idc289", "id___ccw_201:": "idc290", "id___ccw_202:": "idc291", "id___ccw_203:": "idc292", "id___ccw_204:": "idc293", "id___ccw_205:": "idc294", "id___ccw_206:": "idc295", "id___ccw_207:": "idc296", "id___ccw_208:": "idc297", "id___ccw_209:": "idc298", "id___ccw_20:": "idc109", "id___ccw_210:": "idc299", "id___ccw_211:": "idc300", "id___ccw_212:": "idc301", "id___ccw_213:": "idc302", "id___ccw_214:": "idc303", "id___ccw_215:": "idc304", "id___ccw_216:": "idc305", "id___ccw_217:": "idc306", "id___ccw_218:": "idc307", "id___ccw_219:": "idc308", "id___ccw_21:": "idc110", "id___ccw_220:": "idc309", "id___ccw_221:": "idc310", "id___ccw_222:": "idc311", "id___ccw_223:": "idc312", "id___ccw_224:": "idc313", "id___ccw_225:": "idc314", "id___ccw_226:": "idc315", "id___ccw_227:": "idc316", "id___ccw_228:": "idc317", "id___ccw_229:": "idc318", "id___ccw_22:": "idc111", "id___ccw_230:": "idc319", "id___ccw_231:": "idc320", "id___ccw_232:": "idc321", "id___ccw_233:": "idc322", "id___ccw_234:": "idc323", "id___ccw_235:": "idc324", "id___ccw_236:": "idc325", "id___ccw_237:": "idc326", "id___ccw_238:": "idc327", "id___ccw_239:": "idc328", "id___ccw_23:": "idc112", "id___ccw_240:": "idc329", "id___ccw_241:": "idc330", "id___ccw_242:": "idc331", "id___ccw_243:": "idc332", "id___ccw_244:": "idc333", "id___ccw_245:": "idc334", "id___ccw_246:": "idc335", "id___ccw_247:": "idc336", "id___ccw_248:": "idc337", "id___ccw_249:": "idc338", "id___ccw_24:": "idc113", "id___ccw_250:": "idc339", "id___ccw_251:": "idc340", "id___ccw_252:": "idc341", "id___ccw_253:": "idc342", "id___ccw_254:": "idc343", "id___ccw_255:": "idc344", "id___ccw_25:": "idc114", "id___ccw_26:": "idc115", "id___ccw_27:": "idc116", "id___ccw_28:": "idc117", "id___ccw_29:": "idc118", "id___ccw_2:": "idc91", "id___ccw_30:": "idc119", "id___ccw_31:": "idc120", "id___ccw_32:": "idc121", "id___ccw_33:": "idc122", "id___ccw_34:": "idc123", "id___ccw_35:": "idc124", "id___ccw_36:": "idc125", "id___ccw_37:": "idc126", "id___ccw_38:": "idc127", "id___ccw_39:": "idc128", "id___ccw_3:": "idc92", "id___ccw_40:": "idc129", "id___ccw_41:": "idc130", "id___ccw_42:": "idc131", "id___ccw_43:": "idc132", "id___ccw_44:": "idc133", "id___ccw_45:": "idc134", "id___ccw_46:": "idc135", "id___ccw_47:": "idc136", "id___ccw_48:": "idc137", "id___ccw_49:": "idc138", "id___ccw_4:": "idc93", "id___ccw_50:": "idc139", "id___ccw_51:": "idc140", "id___ccw_52:": "idc141", "id___ccw_53:": "idc142", "id___ccw_54:": "idc143", "id___ccw_55:": "idc144", "id___ccw_56:": "idc145", "id___ccw_57:": "idc146", "id___ccw_58:": "idc147", "id___ccw_59:": "idc148", "id___ccw_5:": "idc94", "id___ccw_60:": "idc149", "id___ccw_61:": "idc150", "id___ccw_62:": "idc151", "id___ccw_63:": "idc152", "id___ccw_64:": "idc153", "id___ccw_65:": "idc154", "id___ccw_66:": "idc155", "id___ccw_67:": "idc156", "id___ccw_68:": "idc157", "id___ccw_69:": "idc158", "id___ccw_6:": "idc95", "id___ccw_70:": "idc159", "id___ccw_71:": "idc160", "id___ccw_72:": "idc161", "id___ccw_73:": "idc162", "id___ccw_74:": "idc163", "id___ccw_75:": "idc164", "id___ccw_76:": "idc165", "id___ccw_77:": "idc166", "id___ccw_78:": "idc167", "id___ccw_79:": "idc168", "id___ccw_7:": "idc96", "id___ccw_80:": "idc169", "id___ccw_81:": "idc170", "id___ccw_82:": "idc171", "id___ccw_83:": "idc172", "id___ccw_84:": "idc173", "id___ccw_85:": "idc174", "id___ccw_86:": "idc175", "id___ccw_87:": "idc176", "id___ccw_88:": "idc177", "id___ccw_89:": "idc178", "id___ccw_8:": "idc97", "id___ccw_90:": "idc179", "id___ccw_91:": "idc180", "id___ccw_92:": "idc181", "id___ccw_93:": "idc182", "id___ccw_94:": "idc183", "id___ccw_95:": "idc184", "id___ccw_96:": "idc185", "id___ccw_97:": "idc186", "id___ccw_98:": "idc187", "id___ccw_99:": "idc188", "id___ccw_9:": "idc98", "id__start:": "idc86", "id_add64": "idc2", "id_and64": "idc6", "id_call": "idc29", "id_callm": "idc31", "id_callr": "idc30", "id_cvtdi": "idc65", "id_cvtds": "idc68", "id_cvtdu": "idc66", "id_cvtid": "idc61", "id_cvtis": "idc63", "id_cvtsd": "idc67", "id_cvtud": "idc62", "id_cvtus": "idc64", "id_eq": "idc19", "id_exit": "idc88", "id_fadd32": "idc54", "id_fadd64": "idc47", "id_fdiv32": "idc57", "id_fdiv64": "idc50", "id_feq32": "idc60", "id_feq64": "idc53", "id_fle32": "idc59", "id_fle64": "idc52", "id_flt32": "idc58", "id_flt64": "idc51", "id_fmul32": "idc56", "id_fmul64": "idc49", "id_fsqrt32": "idc70", "id_fsqrt64": "idc69", "id_fsub32": "idc55", "id_fsub64": "idc48", "id_imm": "idc0", "id_jump": "idc27", "id_jumpz": "idc28", "id_load64": "idc21", "id_lshr64": "idc10", "id_mov": "idc1", "id_mul64": "idc4", "id_ne": "idc20", "id_nop": "idc46", "id_or64": "idc7", "id_r0": "idc71", "id_r1": "idc72", "id_r2": "idc73", "id_r3": "idc74", "id_r4": "idc75", "id_r5": "idc76", "id_r6": "idc77", "id_r7": "idc78", "id_ret": "idc36", "id_shl64": "idc8", "id_shr64": "idc9", "id_sle64": "idc16", "id_slt64": "idc15", "id_store64": "idc22", "id_sub64": "idc3", "id_ule64": "idc18", "id_ult64": "idc17", "id_write": "idc87", "id_xor64": "idc5"}, "ids": {"-8": "idc85", ".arg": "idc38", ".argc": "idc44", ".argv": "idc45", ".div": "idc11", ".exit": "idc41", ".frame": "idc37", ".hostaddr": "idc35", ".hostcall": "idc32", ".ld": "idc23", ".lea": "idc25", ".libraryaddr": "idc34", ".librarycall": "idc33", ".mod": "idc12", ".print": "idc39", ".st": "idc24", ".sys": "idc42", ".sys6": "idc43", ".udiv": "idc13", ".umod": "idc14", ".write": "idc40", ".zero": "idc26", "0": "idc79", "1": "idc80", "2": "idc81", "3": "idc82", "4": "idc83", "8": "idc84", "__ccw_0:": "idc89", "__ccw_100:": "idc189", "__ccw_101:": "idc190", "__ccw_102:": "idc191", "__ccw_103:": "idc192", "__ccw_104:": "idc193", "__ccw_105:": "idc194", "__ccw_106:": "idc195", "__ccw_107:": "idc196", "__ccw_108:": "idc197", "__ccw_109:": "idc198", "__ccw_10:": "idc99", "__ccw_110:": "idc199", "__ccw_111:": "idc200", "__ccw_112:": "idc201", "__ccw_113:": "idc202", "__ccw_114:": "idc203", "__ccw_115:": "idc204", "__ccw_116:": "idc205", "__ccw_117:": "idc206", "__ccw_118:": "idc207", "__ccw_119:": "idc208", "__ccw_11:": "idc100", "__ccw_120:": "idc209", "__ccw_121:": "idc210", "__ccw_122:": "idc211", "__ccw_123:": "idc212", "__ccw_124:": "idc213", "__ccw_125:": "idc214", "__ccw_126:": "idc215", "__ccw_127:": "idc216", "__ccw_128:": "idc217", "__ccw_129:": "idc218", "__ccw_12:": "idc101", "__ccw_130:": "idc219", "__ccw_131:": "idc220", "__ccw_132:": "idc221", "__ccw_133:": "idc222", "__ccw_134:": "idc223", "__ccw_135:": "idc224", "__ccw_136:": "idc225", "__ccw_137:": "idc226", "__ccw_138:": "idc227", "__ccw_139:": "idc228", "__ccw_13:": "idc102", "__ccw_140:": "idc229", "__ccw_141:": "idc230", "__ccw_142:": "idc231", "__ccw_143:": "idc232", "__ccw_144:": "idc233", "__ccw_145:": "idc234", "__ccw_146:": "idc235", "__ccw_147:": "idc236", "__ccw_148:": "idc237", "__ccw_149:": "idc238", "__ccw_14:": "idc103", "__ccw_150:": "idc239", "__ccw_151:": "idc240", "__ccw_152:": "idc241", "__ccw_153:": "idc242", "__ccw_154:": "idc243", "__ccw_155:": "idc244", "__ccw_156:": "idc245", "__ccw_157:": "idc246", "__ccw_158:": "idc247", "__ccw_159:": "idc248", "__ccw_15:": "idc104", "__ccw_160:": "idc249", "__ccw_161:": "idc250", "__ccw_162:": "idc251", "__ccw_163:": "idc252", "__ccw_164:": "idc253", "__ccw_165:": "idc254", "__ccw_166:": "idc255", "__ccw_167:": "idc256", "__ccw_168:": "idc257", "__ccw_169:": "idc258", "__ccw_16:": "idc105", "__ccw_170:": "idc259", "__ccw_171:": "idc260", "__ccw_172:": "idc261", "__ccw_173:": "idc262", "__ccw_174:": "idc263", "__ccw_175:": "idc264", "__ccw_176:": "idc265", "__ccw_177:": "idc266", "__ccw_178:": "idc267", "__ccw_179:": "idc268", "__ccw_17:": "idc106", "__ccw_180:": "idc269", "__ccw_181:": "idc270", "__ccw_182:": "idc271", "__ccw_183:": "idc272", "__ccw_184:": "idc273", "__ccw_185:": "idc274", "__ccw_186:": "idc275", "__ccw_187:": "idc276", "__ccw_188:": "idc277", "__ccw_189:": "idc278", "__ccw_18:": "idc107", "__ccw_190:": "idc279", "__ccw_191:": "idc280", "__ccw_192:": "idc281", "__ccw_193:": "idc282", "__ccw_194:": "idc283", "__ccw_195:": "idc284", "__ccw_196:": "idc285", "__ccw_197:": "idc286", "__ccw_198:": "idc287", "__ccw_199:": "idc288", "__ccw_19:": "idc108", "__ccw_1:": "idc90", "__ccw_200:": "idc289", "__ccw_201:": "idc290", "__ccw_202:": "idc291", "__ccw_203:": "idc292", "__ccw_204:": "idc293", "__ccw_205:": "idc294", "__ccw_206:": "idc295", "__ccw_207:": "idc296", "__ccw_208:": "idc297", "__ccw_209:": "idc298", "__ccw_20:": "idc109", "__ccw_210:": "idc299", "__ccw_211:": "idc300", "__ccw_212:": "idc301", "__ccw_213:": "idc302", "__ccw_214:": "idc303", "__ccw_215:": "idc304", "__ccw_216:": "idc305", "__ccw_217:": "idc306", "__ccw_218:": "idc307", "__ccw_219:": "idc308", "__ccw_21:": "idc110", "__ccw_220:": "idc309", "__ccw_221:": "idc310", "__ccw_222:": "idc311", "__ccw_223:": "idc312", "__ccw_224:": "idc313", "__ccw_225:": "idc314", "__ccw_226:": "idc315", "__ccw_227:": "idc316", "__ccw_228:": "idc317", "__ccw_229:": "idc318", "__ccw_22:": "idc111", "__ccw_230:": "idc319", "__ccw_231:": "idc320", "__ccw_232:": "idc321", "__ccw_233:": "idc322", "__ccw_234:": "idc323", "__ccw_235:": "idc324", "__ccw_236:": "idc325", "__ccw_237:": "idc326", "__ccw_238:": "idc327", "__ccw_239:": "idc328", "__ccw_23:": "idc112", "__ccw_240:": "idc329", "__ccw_241:": "idc330", "__ccw_242:": "idc331", "__ccw_243:": "idc332", "__ccw_244:": "idc333", "__ccw_245:": "idc334", "__ccw_246:": "idc335", "__ccw_247:": "idc336", "__ccw_248:": "idc337", "__ccw_249:": "idc338", "__ccw_24:": "idc113", "__ccw_250:": "idc339", "__ccw_251:": "idc340", "__ccw_252:": "idc341", "__ccw_253:": "idc342", "__ccw_254:": "idc343", "__ccw_255:": "idc344", "__ccw_25:": "idc114", "__ccw_26:": "idc115", "__ccw_27:": "idc116", "__ccw_28:": "idc117", "__ccw_29:": "idc118", "__ccw_2:": "idc91", "__ccw_30:": "idc119", "__ccw_31:": "idc120", "__ccw_32:": "idc121", "__ccw_33:": "idc122", "__ccw_34:": "idc123", "__ccw_35:": "idc124", "__ccw_36:": "idc125", "__ccw_37:": "idc126", "__ccw_38:": "idc127", "__ccw_39:": "idc128", "__ccw_3:": "idc92", "__ccw_40:": "idc129", "__ccw_41:": "idc130", "__ccw_42:": "idc131", "__ccw_43:": "idc132", "__ccw_44:": "idc133", "__ccw_45:": "idc134", "__ccw_46:": "idc135", "__ccw_47:": "idc136", "__ccw_48:": "idc137", "__ccw_49:": "idc138", "__ccw_4:": "idc93", "__ccw_50:": "idc139", "__ccw_51:": "idc140", "__ccw_52:": "idc141", "__ccw_53:": "idc142", "__ccw_54:": "idc143", "__ccw_55:": "idc144", "__ccw_56:": "idc145", "__ccw_57:": "idc146", "__ccw_58:": "idc147", "__ccw_59:": "idc148", "__ccw_5:": "idc94", "__ccw_60:": "idc149", "__ccw_61:": "idc150", "__ccw_62:": "idc151", "__ccw_63:": "idc152", "__ccw_64:": "idc153", "__ccw_65:": "idc154", "__ccw_66:": "idc155", "__ccw_67:": "idc156", "__ccw_68:": "idc157", "__ccw_69:": "idc158", "__ccw_6:": "idc95", "__ccw_70:": "idc159", "__ccw_71:": "idc160", "__ccw_72:": "idc161", "__ccw_73:": "idc162", "__ccw_74:": "idc163", "__ccw_75:": "idc164", "__ccw_76:": "idc165", "__ccw_77:": "idc166", "__ccw_78:": "idc167", "__ccw_79:": "idc168", "__ccw_7:": "idc96", "__ccw_80:": "idc169", "__ccw_81:": "idc170", "__ccw_82:": "idc171", "__ccw_83:": "idc172", "__ccw_84:": "idc173", "__ccw_85:": "idc174", "__ccw_86:": "idc175", "__ccw_87:": "idc176", "__ccw_88:": "idc177", "__ccw_89:": "idc178", "__ccw_8:": "idc97", "__ccw_90:": "idc179", "__ccw_91:": "idc180", "__ccw_92:": "idc181", "__ccw_93:": "idc182", "__ccw_94:": "idc183", "__ccw_95:": "idc184", "__ccw_96:": "idc185", "__ccw_97:": "idc186", "__ccw_98:": "idc187", "__ccw_99:": "idc188", "__ccw_9:": "idc98", "_start:": "idc86", "add64": "idc2", "and64": "idc6", "call": "idc29", "callm": "idc31", "callr": "idc30", "cvtdi": "idc65", "cvtds": "idc68", "cvtdu": "idc66", "cvtid": "idc61", "cvtis": "idc63", "cvtsd": "idc67", "cvtud": "idc62", "cvtus": "idc64", "eq": "idc19", "exit": "idc88", "fadd32": "idc54", "fadd64": "idc47", "fdiv32": "idc57", "fdiv64": "idc50", "feq32": "idc60", "feq64": "idc53", "fle32": "idc59", "fle64": "idc52", "flt32": "idc58", "flt64": "idc51", "fmul32": "idc56", "fmul64": "idc49", "fsqrt32": "idc70", "fsqrt64": "idc69", "fsub32": "idc55", "fsub64": "idc48", "imm": "idc0", "jump": "idc27", "jumpz": "idc28", "load64": "idc21", "lshr64": "idc10", "mov": "idc1", "mul64": "idc4", "ne": "idc20", "nop": "idc46", "or64": "idc7", "r0": "idc71", "r1": "idc72", "r2": "idc73", "r3": "idc74", "r4": "idc75", "r5": "idc76", "r6": "idc77", "r7": "idc78", "ret": "idc36", "shl64": "idc8", "shr64": "idc9", "sle64": "idc16", "slt64": "idc15", "store64": "idc22", "sub64": "idc3", "ule64": "idc18", "ult64": "idc17", "write": "idc87", "xor64": "idc5"}, "process_flag": "true", "reg_r0": "x0", "reg_r1": "x1", "reg_r2": "x2", "reg_r3": "x3", "reg_r4": "x4", "reg_r5": "x5", "reg_r6": "x6", "reg_r7": "x7", "reloc_call": "arm26", "reloc_jmp": "arm26", "reloc_jz": "arm19", "s0": "x16", "s1": "x17", "scratch": "x16", "target": "lnx/arm64"}, "lnx/x86_64": {"ADDRESS": 211106232532992, "BKIND": 215504279044096, "DESC": 213305255788544, "EXTENT": 216603790671872, "IDS": 210006720905216, "STRIDE": 6150, "SUPPORTED": 345246651121664, "WRITABLE": 217703302299648, "arch": "x86_64", "form_callr": "x86", "form_load64": "x86", "hosted": true, "idmap": {"id:-8": "idc85", "id:.arg": "idc38", "id:.argc": "idc44", "id:.argv": "idc45", "id:.div": "idc11", "id:.exit": "idc41", "id:.frame": "idc37", "id:.hostaddr": "idc35", "id:.hostcall": "idc32", "id:.ld": "idc23", "id:.lea": "idc25", "id:.libraryaddr": "idc34", "id:.librarycall": "idc33", "id:.mod": "idc12", "id:.print": "idc39", "id:.st": "idc24", "id:.sys": "idc42", "id:.sys6": "idc43", "id:.udiv": "idc13", "id:.umod": "idc14", "id:.write": "idc40", "id:.zero": "idc26", "id:0": "idc79", "id:1": "idc80", "id:2": "idc81", "id:3": "idc82", "id:4": "idc83", "id:8": "idc84", "id:__ccw_0:": "idc89", "id:__ccw_100:": "idc189", "id:__ccw_101:": "idc190", "id:__ccw_102:": "idc191", "id:__ccw_103:": "idc192", "id:__ccw_104:": "idc193", "id:__ccw_105:": "idc194", "id:__ccw_106:": "idc195", "id:__ccw_107:": "idc196", "id:__ccw_108:": "idc197", "id:__ccw_109:": "idc198", "id:__ccw_10:": "idc99", "id:__ccw_110:": "idc199", "id:__ccw_111:": "idc200", "id:__ccw_112:": "idc201", "id:__ccw_113:": "idc202", "id:__ccw_114:": "idc203", "id:__ccw_115:": "idc204", "id:__ccw_116:": "idc205", "id:__ccw_117:": "idc206", "id:__ccw_118:": "idc207", "id:__ccw_119:": "idc208", "id:__ccw_11:": "idc100", "id:__ccw_120:": "idc209", "id:__ccw_121:": "idc210", "id:__ccw_122:": "idc211", "id:__ccw_123:": "idc212", "id:__ccw_124:": "idc213", "id:__ccw_125:": "idc214", "id:__ccw_126:": "idc215", "id:__ccw_127:": "idc216", "id:__ccw_128:": "idc217", "id:__ccw_129:": "idc218", "id:__ccw_12:": "idc101", "id:__ccw_130:": "idc219", "id:__ccw_131:": "idc220", "id:__ccw_132:": "idc221", "id:__ccw_133:": "idc222", "id:__ccw_134:": "idc223", "id:__ccw_135:": "idc224", "id:__ccw_136:": "idc225", "id:__ccw_137:": "idc226", "id:__ccw_138:": "idc227", "id:__ccw_139:": "idc228", "id:__ccw_13:": "idc102", "id:__ccw_140:": "idc229", "id:__ccw_141:": "idc230", "id:__ccw_142:": "idc231", "id:__ccw_143:": "idc232", "id:__ccw_144:": "idc233", "id:__ccw_145:": "idc234", "id:__ccw_146:": "idc235", "id:__ccw_147:": "idc236", "id:__ccw_148:": "idc237", "id:__ccw_149:": "idc238", "id:__ccw_14:": "idc103", "id:__ccw_150:": "idc239", "id:__ccw_151:": "idc240", "id:__ccw_152:": "idc241", "id:__ccw_153:": "idc242", "id:__ccw_154:": "idc243", "id:__ccw_155:": "idc244", "id:__ccw_156:": "idc245", "id:__ccw_157:": "idc246", "id:__ccw_158:": "idc247", "id:__ccw_159:": "idc248", "id:__ccw_15:": "idc104", "id:__ccw_160:": "idc249", "id:__ccw_161:": "idc250", "id:__ccw_162:": "idc251", "id:__ccw_163:": "idc252", "id:__ccw_164:": "idc253", "id:__ccw_165:": "idc254", "id:__ccw_166:": "idc255", "id:__ccw_167:": "idc256", "id:__ccw_168:": "idc257", "id:__ccw_169:": "idc258", "id:__ccw_16:": "idc105", "id:__ccw_170:": "idc259", "id:__ccw_171:": "idc260", "id:__ccw_172:": "idc261", "id:__ccw_173:": "idc262", "id:__ccw_174:": "idc263", "id:__ccw_175:": "idc264", "id:__ccw_176:": "idc265", "id:__ccw_177:": "idc266", "id:__ccw_178:": "idc267", "id:__ccw_179:": "idc268", "id:__ccw_17:": "idc106", "id:__ccw_180:": "idc269", "id:__ccw_181:": "idc270", "id:__ccw_182:": "idc271", "id:__ccw_183:": "idc272", "id:__ccw_184:": "idc273", "id:__ccw_185:": "idc274", "id:__ccw_186:": "idc275", "id:__ccw_187:": "idc276", "id:__ccw_188:": "idc277", "id:__ccw_189:": "idc278", "id:__ccw_18:": "idc107", "id:__ccw_190:": "idc279", "id:__ccw_191:": "idc280", "id:__ccw_192:": "idc281", "id:__ccw_193:": "idc282", "id:__ccw_194:": "idc283", "id:__ccw_195:": "idc284", "id:__ccw_196:": "idc285", "id:__ccw_197:": "idc286", "id:__ccw_198:": "idc287", "id:__ccw_199:": "idc288", "id:__ccw_19:": "idc108", "id:__ccw_1:": "idc90", "id:__ccw_200:": "idc289", "id:__ccw_201:": "idc290", "id:__ccw_202:": "idc291", "id:__ccw_203:": "idc292", "id:__ccw_204:": "idc293", "id:__ccw_205:": "idc294", "id:__ccw_206:": "idc295", "id:__ccw_207:": "idc296", "id:__ccw_208:": "idc297", "id:__ccw_209:": "idc298", "id:__ccw_20:": "idc109", "id:__ccw_210:": "idc299", "id:__ccw_211:": "idc300", "id:__ccw_212:": "idc301", "id:__ccw_213:": "idc302", "id:__ccw_214:": "idc303", "id:__ccw_215:": "idc304", "id:__ccw_216:": "idc305", "id:__ccw_217:": "idc306", "id:__ccw_218:": "idc307", "id:__ccw_219:": "idc308", "id:__ccw_21:": "idc110", "id:__ccw_220:": "idc309", "id:__ccw_221:": "idc310", "id:__ccw_222:": "idc311", "id:__ccw_223:": "idc312", "id:__ccw_224:": "idc313", "id:__ccw_225:": "idc314", "id:__ccw_226:": "idc315", "id:__ccw_227:": "idc316", "id:__ccw_228:": "idc317", "id:__ccw_229:": "idc318", "id:__ccw_22:": "idc111", "id:__ccw_230:": "idc319", "id:__ccw_231:": "idc320", "id:__ccw_232:": "idc321", "id:__ccw_233:": "idc322", "id:__ccw_234:": "idc323", "id:__ccw_235:": "idc324", "id:__ccw_236:": "idc325", "id:__ccw_237:": "idc326", "id:__ccw_238:": "idc327", "id:__ccw_239:": "idc328", "id:__ccw_23:": "idc112", "id:__ccw_240:": "idc329", "id:__ccw_241:": "idc330", "id:__ccw_242:": "idc331", "id:__ccw_243:": "idc332", "id:__ccw_244:": "idc333", "id:__ccw_245:": "idc334", "id:__ccw_246:": "idc335", "id:__ccw_247:": "idc336", "id:__ccw_248:": "idc337", "id:__ccw_249:": "idc338", "id:__ccw_24:": "idc113", "id:__ccw_250:": "idc339", "id:__ccw_251:": "idc340", "id:__ccw_252:": "idc341", "id:__ccw_253:": "idc342", "id:__ccw_254:": "idc343", "id:__ccw_255:": "idc344", "id:__ccw_25:": "idc114", "id:__ccw_26:": "idc115", "id:__ccw_27:": "idc116", "id:__ccw_28:": "idc117", "id:__ccw_29:": "idc118", "id:__ccw_2:": "idc91", "id:__ccw_30:": "idc119", "id:__ccw_31:": "idc120", "id:__ccw_32:": "idc121", "id:__ccw_33:": "idc122", "id:__ccw_34:": "idc123", "id:__ccw_35:": "idc124", "id:__ccw_36:": "idc125", "id:__ccw_37:": "idc126", "id:__ccw_38:": "idc127", "id:__ccw_39:": "idc128", "id:__ccw_3:": "idc92", "id:__ccw_40:": "idc129", "id:__ccw_41:": "idc130", "id:__ccw_42:": "idc131", "id:__ccw_43:": "idc132", "id:__ccw_44:": "idc133", "id:__ccw_45:": "idc134", "id:__ccw_46:": "idc135", "id:__ccw_47:": "idc136", "id:__ccw_48:": "idc137", "id:__ccw_49:": "idc138", "id:__ccw_4:": "idc93", "id:__ccw_50:": "idc139", "id:__ccw_51:": "idc140", "id:__ccw_52:": "idc141", "id:__ccw_53:": "idc142", "id:__ccw_54:": "idc143", "id:__ccw_55:": "idc144", "id:__ccw_56:": "idc145", "id:__ccw_57:": "idc146", "id:__ccw_58:": "idc147", "id:__ccw_59:": "idc148", "id:__ccw_5:": "idc94", "id:__ccw_60:": "idc149", "id:__ccw_61:": "idc150", "id:__ccw_62:": "idc151", "id:__ccw_63:": "idc152", "id:__ccw_64:": "idc153", "id:__ccw_65:": "idc154", "id:__ccw_66:": "idc155", "id:__ccw_67:": "idc156", "id:__ccw_68:": "idc157", "id:__ccw_69:": "idc158", "id:__ccw_6:": "idc95", "id:__ccw_70:": "idc159", "id:__ccw_71:": "idc160", "id:__ccw_72:": "idc161", "id:__ccw_73:": "idc162", "id:__ccw_74:": "idc163", "id:__ccw_75:": "idc164", "id:__ccw_76:": "idc165", "id:__ccw_77:": "idc166", "id:__ccw_78:": "idc167", "id:__ccw_79:": "idc168", "id:__ccw_7:": "idc96", "id:__ccw_80:": "idc169", "id:__ccw_81:": "idc170", "id:__ccw_82:": "idc171", "id:__ccw_83:": "idc172", "id:__ccw_84:": "idc173", "id:__ccw_85:": "idc174", "id:__ccw_86:": "idc175", "id:__ccw_87:": "idc176", "id:__ccw_88:": "idc177", "id:__ccw_89:": "idc178", "id:__ccw_8:": "idc97", "id:__ccw_90:": "idc179", "id:__ccw_91:": "idc180", "id:__ccw_92:": "idc181", "id:__ccw_93:": "idc182", "id:__ccw_94:": "idc183", "id:__ccw_95:": "idc184", "id:__ccw_96:": "idc185", "id:__ccw_97:": "idc186", "id:__ccw_98:": "idc187", "id:__ccw_99:": "idc188", "id:__ccw_9:": "idc98", "id:_start:": "idc86", "id:add64": "idc2", "id:and64": "idc6", "id:call": "idc29", "id:callm": "idc31", "id:callr": "idc30", "id:cvtdi": "idc65", "id:cvtds": "idc68", "id:cvtdu": "idc66", "id:cvtid": "idc61", "id:cvtis": "idc63", "id:cvtsd": "idc67", "id:cvtud": "idc62", "id:cvtus": "idc64", "id:eq": "idc19", "id:exit": "idc88", "id:fadd32": "idc54", "id:fadd64": "idc47", "id:fdiv32": "idc57", "id:fdiv64": "idc50", "id:feq32": "idc60", "id:feq64": "idc53", "id:fle32": "idc59", "id:fle64": "idc52", "id:flt32": "idc58", "id:flt64": "idc51", "id:fmul32": "idc56", "id:fmul64": "idc49", "id:fsqrt32": "idc70", "id:fsqrt64": "idc69", "id:fsub32": "idc55", "id:fsub64": "idc48", "id:imm": "idc0", "id:jump": "idc27", "id:jumpz": "idc28", "id:load64": "idc21", "id:lshr64": "idc10", "id:mov": "idc1", "id:mul64": "idc4", "id:ne": "idc20", "id:nop": "idc46", "id:or64": "idc7", "id:r0": "idc71", "id:r1": "idc72", "id:r2": "idc73", "id:r3": "idc74", "id:r4": "idc75", "id:r5": "idc76", "id:r6": "idc77", "id:r7": "idc78", "id:ret": "idc36", "id:shl64": "idc8", "id:shr64": "idc9", "id:sle64": "idc16", "id:slt64": "idc15", "id:store64": "idc22", "id:sub64": "idc3", "id:ule64": "idc18", "id:ult64": "idc17", "id:write": "idc87", "id:xor64": "idc5"}, "idmapu": {"id_-8": "idc85", "id_.arg": "idc38", "id_.argc": "idc44", "id_.argv": "idc45", "id_.div": "idc11", "id_.exit": "idc41", "id_.frame": "idc37", "id_.hostaddr": "idc35", "id_.hostcall": "idc32", "id_.ld": "idc23", "id_.lea": "idc25", "id_.libraryaddr": "idc34", "id_.librarycall": "idc33", "id_.mod": "idc12", "id_.print": "idc39", "id_.st": "idc24", "id_.sys": "idc42", "id_.sys6": "idc43", "id_.udiv": "idc13", "id_.umod": "idc14", "id_.write": "idc40", "id_.zero": "idc26", "id_0": "idc79", "id_1": "idc80", "id_2": "idc81", "id_3": "idc82", "id_4": "idc83", "id_8": "idc84", "id___ccw_0:": "idc89", "id___ccw_100:": "idc189", "id___ccw_101:": "idc190", "id___ccw_102:": "idc191", "id___ccw_103:": "idc192", "id___ccw_104:": "idc193", "id___ccw_105:": "idc194", "id___ccw_106:": "idc195", "id___ccw_107:": "idc196", "id___ccw_108:": "idc197", "id___ccw_109:": "idc198", "id___ccw_10:": "idc99", "id___ccw_110:": "idc199", "id___ccw_111:": "idc200", "id___ccw_112:": "idc201", "id___ccw_113:": "idc202", "id___ccw_114:": "idc203", "id___ccw_115:": "idc204", "id___ccw_116:": "idc205", "id___ccw_117:": "idc206", "id___ccw_118:": "idc207", "id___ccw_119:": "idc208", "id___ccw_11:": "idc100", "id___ccw_120:": "idc209", "id___ccw_121:": "idc210", "id___ccw_122:": "idc211", "id___ccw_123:": "idc212", "id___ccw_124:": "idc213", "id___ccw_125:": "idc214", "id___ccw_126:": "idc215", "id___ccw_127:": "idc216", "id___ccw_128:": "idc217", "id___ccw_129:": "idc218", "id___ccw_12:": "idc101", "id___ccw_130:": "idc219", "id___ccw_131:": "idc220", "id___ccw_132:": "idc221", "id___ccw_133:": "idc222", "id___ccw_134:": "idc223", "id___ccw_135:": "idc224", "id___ccw_136:": "idc225", "id___ccw_137:": "idc226", "id___ccw_138:": "idc227", "id___ccw_139:": "idc228", "id___ccw_13:": "idc102", "id___ccw_140:": "idc229", "id___ccw_141:": "idc230", "id___ccw_142:": "idc231", "id___ccw_143:": "idc232", "id___ccw_144:": "idc233", "id___ccw_145:": "idc234", "id___ccw_146:": "idc235", "id___ccw_147:": "idc236", "id___ccw_148:": "idc237", "id___ccw_149:": "idc238", "id___ccw_14:": "idc103", "id___ccw_150:": "idc239", "id___ccw_151:": "idc240", "id___ccw_152:": "idc241", "id___ccw_153:": "idc242", "id___ccw_154:": "idc243", "id___ccw_155:": "idc244", "id___ccw_156:": "idc245", "id___ccw_157:": "idc246", "id___ccw_158:": "idc247", "id___ccw_159:": "idc248", "id___ccw_15:": "idc104", "id___ccw_160:": "idc249", "id___ccw_161:": "idc250", "id___ccw_162:": "idc251", "id___ccw_163:": "idc252", "id___ccw_164:": "idc253", "id___ccw_165:": "idc254", "id___ccw_166:": "idc255", "id___ccw_167:": "idc256", "id___ccw_168:": "idc257", "id___ccw_169:": "idc258", "id___ccw_16:": "idc105", "id___ccw_170:": "idc259", "id___ccw_171:": "idc260", "id___ccw_172:": "idc261", "id___ccw_173:": "idc262", "id___ccw_174:": "idc263", "id___ccw_175:": "idc264", "id___ccw_176:": "idc265", "id___ccw_177:": "idc266", "id___ccw_178:": "idc267", "id___ccw_179:": "idc268", "id___ccw_17:": "idc106", "id___ccw_180:": "idc269", "id___ccw_181:": "idc270", "id___ccw_182:": "idc271", "id___ccw_183:": "idc272", "id___ccw_184:": "idc273", "id___ccw_185:": "idc274", "id___ccw_186:": "idc275", "id___ccw_187:": "idc276", "id___ccw_188:": "idc277", "id___ccw_189:": "idc278", "id___ccw_18:": "idc107", "id___ccw_190:": "idc279", "id___ccw_191:": "idc280", "id___ccw_192:": "idc281", "id___ccw_193:": "idc282", "id___ccw_194:": "idc283", "id___ccw_195:": "idc284", "id___ccw_196:": "idc285", "id___ccw_197:": "idc286", "id___ccw_198:": "idc287", "id___ccw_199:": "idc288", "id___ccw_19:": "idc108", "id___ccw_1:": "idc90", "id___ccw_200:": "idc289", "id___ccw_201:": "idc290", "id___ccw_202:": "idc291", "id___ccw_203:": "idc292", "id___ccw_204:": "idc293", "id___ccw_205:": "idc294", "id___ccw_206:": "idc295", "id___ccw_207:": "idc296", "id___ccw_208:": "idc297", "id___ccw_209:": "idc298", "id___ccw_20:": "idc109", "id___ccw_210:": "idc299", "id___ccw_211:": "idc300", "id___ccw_212:": "idc301", "id___ccw_213:": "idc302", "id___ccw_214:": "idc303", "id___ccw_215:": "idc304", "id___ccw_216:": "idc305", "id___ccw_217:": "idc306", "id___ccw_218:": "idc307", "id___ccw_219:": "idc308", "id___ccw_21:": "idc110", "id___ccw_220:": "idc309", "id___ccw_221:": "idc310", "id___ccw_222:": "idc311", "id___ccw_223:": "idc312", "id___ccw_224:": "idc313", "id___ccw_225:": "idc314", "id___ccw_226:": "idc315", "id___ccw_227:": "idc316", "id___ccw_228:": "idc317", "id___ccw_229:": "idc318", "id___ccw_22:": "idc111", "id___ccw_230:": "idc319", "id___ccw_231:": "idc320", "id___ccw_232:": "idc321", "id___ccw_233:": "idc322", "id___ccw_234:": "idc323", "id___ccw_235:": "idc324", "id___ccw_236:": "idc325", "id___ccw_237:": "idc326", "id___ccw_238:": "idc327", "id___ccw_239:": "idc328", "id___ccw_23:": "idc112", "id___ccw_240:": "idc329", "id___ccw_241:": "idc330", "id___ccw_242:": "idc331", "id___ccw_243:": "idc332", "id___ccw_244:": "idc333", "id___ccw_245:": "idc334", "id___ccw_246:": "idc335", "id___ccw_247:": "idc336", "id___ccw_248:": "idc337", "id___ccw_249:": "idc338", "id___ccw_24:": "idc113", "id___ccw_250:": "idc339", "id___ccw_251:": "idc340", "id___ccw_252:": "idc341", "id___ccw_253:": "idc342", "id___ccw_254:": "idc343", "id___ccw_255:": "idc344", "id___ccw_25:": "idc114", "id___ccw_26:": "idc115", "id___ccw_27:": "idc116", "id___ccw_28:": "idc117", "id___ccw_29:": "idc118", "id___ccw_2:": "idc91", "id___ccw_30:": "idc119", "id___ccw_31:": "idc120", "id___ccw_32:": "idc121", "id___ccw_33:": "idc122", "id___ccw_34:": "idc123", "id___ccw_35:": "idc124", "id___ccw_36:": "idc125", "id___ccw_37:": "idc126", "id___ccw_38:": "idc127", "id___ccw_39:": "idc128", "id___ccw_3:": "idc92", "id___ccw_40:": "idc129", "id___ccw_41:": "idc130", "id___ccw_42:": "idc131", "id___ccw_43:": "idc132", "id___ccw_44:": "idc133", "id___ccw_45:": "idc134", "id___ccw_46:": "idc135", "id___ccw_47:": "idc136", "id___ccw_48:": "idc137", "id___ccw_49:": "idc138", "id___ccw_4:": "idc93", "id___ccw_50:": "idc139", "id___ccw_51:": "idc140", "id___ccw_52:": "idc141", "id___ccw_53:": "idc142", "id___ccw_54:": "idc143", "id___ccw_55:": "idc144", "id___ccw_56:": "idc145", "id___ccw_57:": "idc146", "id___ccw_58:": "idc147", "id___ccw_59:": "idc148", "id___ccw_5:": "idc94", "id___ccw_60:": "idc149", "id___ccw_61:": "idc150", "id___ccw_62:": "idc151", "id___ccw_63:": "idc152", "id___ccw_64:": "idc153", "id___ccw_65:": "idc154", "id___ccw_66:": "idc155", "id___ccw_67:": "idc156", "id___ccw_68:": "idc157", "id___ccw_69:": "idc158", "id___ccw_6:": "idc95", "id___ccw_70:": "idc159", "id___ccw_71:": "idc160", "id___ccw_72:": "idc161", "id___ccw_73:": "idc162", "id___ccw_74:": "idc163", "id___ccw_75:": "idc164", "id___ccw_76:": "idc165", "id___ccw_77:": "idc166", "id___ccw_78:": "idc167", "id___ccw_79:": "idc168", "id___ccw_7:": "idc96", "id___ccw_80:": "idc169", "id___ccw_81:": "idc170", "id___ccw_82:": "idc171", "id___ccw_83:": "idc172", "id___ccw_84:": "idc173", "id___ccw_85:": "idc174", "id___ccw_86:": "idc175", "id___ccw_87:": "idc176", "id___ccw_88:": "idc177", "id___ccw_89:": "idc178", "id___ccw_8:": "idc97", "id___ccw_90:": "idc179", "id___ccw_91:": "idc180", "id___ccw_92:": "idc181", "id___ccw_93:": "idc182", "id___ccw_94:": "idc183", "id___ccw_95:": "idc184", "id___ccw_96:": "idc185", "id___ccw_97:": "idc186", "id___ccw_98:": "idc187", "id___ccw_99:": "idc188", "id___ccw_9:": "idc98", "id__start:": "idc86", "id_add64": "idc2", "id_and64": "idc6", "id_call": "idc29", "id_callm": "idc31", "id_callr": "idc30", "id_cvtdi": "idc65", "id_cvtds": "idc68", "id_cvtdu": "idc66", "id_cvtid": "idc61", "id_cvtis": "idc63", "id_cvtsd": "idc67", "id_cvtud": "idc62", "id_cvtus": "idc64", "id_eq": "idc19", "id_exit": "idc88", "id_fadd32": "idc54", "id_fadd64": "idc47", "id_fdiv32": "idc57", "id_fdiv64": "idc50", "id_feq32": "idc60", "id_feq64": "idc53", "id_fle32": "idc59", "id_fle64": "idc52", "id_flt32": "idc58", "id_flt64": "idc51", "id_fmul32": "idc56", "id_fmul64": "idc49", "id_fsqrt32": "idc70", "id_fsqrt64": "idc69", "id_fsub32": "idc55", "id_fsub64": "idc48", "id_imm": "idc0", "id_jump": "idc27", "id_jumpz": "idc28", "id_load64": "idc21", "id_lshr64": "idc10", "id_mov": "idc1", "id_mul64": "idc4", "id_ne": "idc20", "id_nop": "idc46", "id_or64": "idc7", "id_r0": "idc71", "id_r1": "idc72", "id_r2": "idc73", "id_r3": "idc74", "id_r4": "idc75", "id_r5": "idc76", "id_r6": "idc77", "id_r7": "idc78", "id_ret": "idc36", "id_shl64": "idc8", "id_shr64": "idc9", "id_sle64": "idc16", "id_slt64": "idc15", "id_store64": "idc22", "id_sub64": "idc3", "id_ule64": "idc18", "id_ult64": "idc17", "id_write": "idc87", "id_xor64": "idc5"}, "ids": {"-8": "idc85", ".arg": "idc38", ".argc": "idc44", ".argv": "idc45", ".div": "idc11", ".exit": "idc41", ".frame": "idc37", ".hostaddr": "idc35", ".hostcall": "idc32", ".ld": "idc23", ".lea": "idc25", ".libraryaddr": "idc34", ".librarycall": "idc33", ".mod": "idc12", ".print": "idc39", ".st": "idc24", ".sys": "idc42", ".sys6": "idc43", ".udiv": "idc13", ".umod": "idc14", ".write": "idc40", ".zero": "idc26", "0": "idc79", "1": "idc80", "2": "idc81", "3": "idc82", "4": "idc83", "8": "idc84", "__ccw_0:": "idc89", "__ccw_100:": "idc189", "__ccw_101:": "idc190", "__ccw_102:": "idc191", "__ccw_103:": "idc192", "__ccw_104:": "idc193", "__ccw_105:": "idc194", "__ccw_106:": "idc195", "__ccw_107:": "idc196", "__ccw_108:": "idc197", "__ccw_109:": "idc198", "__ccw_10:": "idc99", "__ccw_110:": "idc199", "__ccw_111:": "idc200", "__ccw_112:": "idc201", "__ccw_113:": "idc202", "__ccw_114:": "idc203", "__ccw_115:": "idc204", "__ccw_116:": "idc205", "__ccw_117:": "idc206", "__ccw_118:": "idc207", "__ccw_119:": "idc208", "__ccw_11:": "idc100", "__ccw_120:": "idc209", "__ccw_121:": "idc210", "__ccw_122:": "idc211", "__ccw_123:": "idc212", "__ccw_124:": "idc213", "__ccw_125:": "idc214", "__ccw_126:": "idc215", "__ccw_127:": "idc216", "__ccw_128:": "idc217", "__ccw_129:": "idc218", "__ccw_12:": "idc101", "__ccw_130:": "idc219", "__ccw_131:": "idc220", "__ccw_132:": "idc221", "__ccw_133:": "idc222", "__ccw_134:": "idc223", "__ccw_135:": "idc224", "__ccw_136:": "idc225", "__ccw_137:": "idc226", "__ccw_138:": "idc227", "__ccw_139:": "idc228", "__ccw_13:": "idc102", "__ccw_140:": "idc229", "__ccw_141:": "idc230", "__ccw_142:": "idc231", "__ccw_143:": "idc232", "__ccw_144:": "idc233", "__ccw_145:": "idc234", "__ccw_146:": "idc235", "__ccw_147:": "idc236", "__ccw_148:": "idc237", "__ccw_149:": "idc238", "__ccw_14:": "idc103", "__ccw_150:": "idc239", "__ccw_151:": "idc240", "__ccw_152:": "idc241", "__ccw_153:": "idc242", "__ccw_154:": "idc243", "__ccw_155:": "idc244", "__ccw_156:": "idc245", "__ccw_157:": "idc246", "__ccw_158:": "idc247", "__ccw_159:": "idc248", "__ccw_15:": "idc104", "__ccw_160:": "idc249", "__ccw_161:": "idc250", "__ccw_162:": "idc251", "__ccw_163:": "idc252", "__ccw_164:": "idc253", "__ccw_165:": "idc254", "__ccw_166:": "idc255", "__ccw_167:": "idc256", "__ccw_168:": "idc257", "__ccw_169:": "idc258", "__ccw_16:": "idc105", "__ccw_170:": "idc259", "__ccw_171:": "idc260", "__ccw_172:": "idc261", "__ccw_173:": "idc262", "__ccw_174:": "idc263", "__ccw_175:": "idc264", "__ccw_176:": "idc265", "__ccw_177:": "idc266", "__ccw_178:": "idc267", "__ccw_179:": "idc268", "__ccw_17:": "idc106", "__ccw_180:": "idc269", "__ccw_181:": "idc270", "__ccw_182:": "idc271", "__ccw_183:": "idc272", "__ccw_184:": "idc273", "__ccw_185:": "idc274", "__ccw_186:": "idc275", "__ccw_187:": "idc276", "__ccw_188:": "idc277", "__ccw_189:": "idc278", "__ccw_18:": "idc107", "__ccw_190:": "idc279", "__ccw_191:": "idc280", "__ccw_192:": "idc281", "__ccw_193:": "idc282", "__ccw_194:": "idc283", "__ccw_195:": "idc284", "__ccw_196:": "idc285", "__ccw_197:": "idc286", "__ccw_198:": "idc287", "__ccw_199:": "idc288", "__ccw_19:": "idc108", "__ccw_1:": "idc90", "__ccw_200:": "idc289", "__ccw_201:": "idc290", "__ccw_202:": "idc291", "__ccw_203:": "idc292", "__ccw_204:": "idc293", "__ccw_205:": "idc294", "__ccw_206:": "idc295", "__ccw_207:": "idc296", "__ccw_208:": "idc297", "__ccw_209:": "idc298", "__ccw_20:": "idc109", "__ccw_210:": "idc299", "__ccw_211:": "idc300", "__ccw_212:": "idc301", "__ccw_213:": "idc302", "__ccw_214:": "idc303", "__ccw_215:": "idc304", "__ccw_216:": "idc305", "__ccw_217:": "idc306", "__ccw_218:": "idc307", "__ccw_219:": "idc308", "__ccw_21:": "idc110", "__ccw_220:": "idc309", "__ccw_221:": "idc310", "__ccw_222:": "idc311", "__ccw_223:": "idc312", "__ccw_224:": "idc313", "__ccw_225:": "idc314", "__ccw_226:": "idc315", "__ccw_227:": "idc316", "__ccw_228:": "idc317", "__ccw_229:": "idc318", "__ccw_22:": "idc111", "__ccw_230:": "idc319", "__ccw_231:": "idc320", "__ccw_232:": "idc321", "__ccw_233:": "idc322", "__ccw_234:": "idc323", "__ccw_235:": "idc324", "__ccw_236:": "idc325", "__ccw_237:": "idc326", "__ccw_238:": "idc327", "__ccw_239:": "idc328", "__ccw_23:": "idc112", "__ccw_240:": "idc329", "__ccw_241:": "idc330", "__ccw_242:": "idc331", "__ccw_243:": "idc332", "__ccw_244:": "idc333", "__ccw_245:": "idc334", "__ccw_246:": "idc335", "__ccw_247:": "idc336", "__ccw_248:": "idc337", "__ccw_249:": "idc338", "__ccw_24:": "idc113", "__ccw_250:": "idc339", "__ccw_251:": "idc340", "__ccw_252:": "idc341", "__ccw_253:": "idc342", "__ccw_254:": "idc343", "__ccw_255:": "idc344", "__ccw_25:": "idc114", "__ccw_26:": "idc115", "__ccw_27:": "idc116", "__ccw_28:": "idc117", "__ccw_29:": "idc118", "__ccw_2:": "idc91", "__ccw_30:": "idc119", "__ccw_31:": "idc120", "__ccw_32:": "idc121", "__ccw_33:": "idc122", "__ccw_34:": "idc123", "__ccw_35:": "idc124", "__ccw_36:": "idc125", "__ccw_37:": "idc126", "__ccw_38:": "idc127", "__ccw_39:": "idc128", "__ccw_3:": "idc92", "__ccw_40:": "idc129", "__ccw_41:": "idc130", "__ccw_42:": "idc131", "__ccw_43:": "idc132", "__ccw_44:": "idc133", "__ccw_45:": "idc134", "__ccw_46:": "idc135", "__ccw_47:": "idc136", "__ccw_48:": "idc137", "__ccw_49:": "idc138", "__ccw_4:": "idc93", "__ccw_50:": "idc139", "__ccw_51:": "idc140", "__ccw_52:": "idc141", "__ccw_53:": "idc142", "__ccw_54:": "idc143", "__ccw_55:": "idc144", "__ccw_56:": "idc145", "__ccw_57:": "idc146", "__ccw_58:": "idc147", "__ccw_59:": "idc148", "__ccw_5:": "idc94", "__ccw_60:": "idc149", "__ccw_61:": "idc150", "__ccw_62:": "idc151", "__ccw_63:": "idc152", "__ccw_64:": "idc153", "__ccw_65:": "idc154", "__ccw_66:": "idc155", "__ccw_67:": "idc156", "__ccw_68:": "idc157", "__ccw_69:": "idc158", "__ccw_6:": "idc95", "__ccw_70:": "idc159", "__ccw_71:": "idc160", "__ccw_72:": "idc161", "__ccw_73:": "idc162", "__ccw_74:": "idc163", "__ccw_75:": "idc164", "__ccw_76:": "idc165", "__ccw_77:": "idc166", "__ccw_78:": "idc167", "__ccw_79:": "idc168", "__ccw_7:": "idc96", "__ccw_80:": "idc169", "__ccw_81:": "idc170", "__ccw_82:": "idc171", "__ccw_83:": "idc172", "__ccw_84:": "idc173", "__ccw_85:": "idc174", "__ccw_86:": "idc175", "__ccw_87:": "idc176", "__ccw_88:": "idc177", "__ccw_89:": "idc178", "__ccw_8:": "idc97", "__ccw_90:": "idc179", "__ccw_91:": "idc180", "__ccw_92:": "idc181", "__ccw_93:": "idc182", "__ccw_94:": "idc183", "__ccw_95:": "idc184", "__ccw_96:": "idc185", "__ccw_97:": "idc186", "__ccw_98:": "idc187", "__ccw_99:": "idc188", "__ccw_9:": "idc98", "_start:": "idc86", "add64": "idc2", "and64": "idc6", "call": "idc29", "callm": "idc31", "callr": "idc30", "cvtdi": "idc65", "cvtds": "idc68", "cvtdu": "idc66", "cvtid": "idc61", "cvtis": "idc63", "cvtsd": "idc67", "cvtud": "idc62", "cvtus": "idc64", "eq": "idc19", "exit": "idc88", "fadd32": "idc54", "fadd64": "idc47", "fdiv32": "idc57", "fdiv64": "idc50", "feq32": "idc60", "feq64": "idc53", "fle32": "idc59", "fle64": "idc52", "flt32": "idc58", "flt64": "idc51", "fmul32": "idc56", "fmul64": "idc49", "fsqrt32": "idc70", "fsqrt64": "idc69", "fsub32": "idc55", "fsub64": "idc48", "imm": "idc0", "jump": "idc27", "jumpz": "idc28", "load64": "idc21", "lshr64": "idc10", "mov": "idc1", "mul64": "idc4", "ne": "idc20", "nop": "idc46", "or64": "idc7", "r0": "idc71", "r1": "idc72", "r2": "idc73", "r3": "idc74", "r4": "idc75", "r5": "idc76", "r6": "idc77", "r7": "idc78", "ret": "idc36", "shl64": "idc8", "shr64": "idc9", "sle64": "idc16", "slt64": "idc15", "store64": "idc22", "sub64": "idc3", "ule64": "idc18", "ult64": "idc17", "write": "idc87", "xor64": "idc5"}, "process_flag": "true", "reg_r0": "rax", "reg_r1": "rdi", "reg_r2": "rsi", "reg_r3": "rdx", "reg_r4": "rcx", "reg_r5": "r8", "reg_r6": "r9", "reg_r7": "rsp", "reloc_call": "rel32", "reloc_jmp": "rel32", "reloc_jz": "rel32", "s0": "r11", "s1": "rbx", "scratch": "r11", "target": "lnx/x86_64"}, "osx/arm64": {"ADDRESS": 211106232532992, "BKIND": 215504279044096, "DESC": 213305255788544, "EXTENT": 216603790671872, "IDS": 210006720905216, "STRIDE": 6150, "SUPPORTED": 345246651121664, "WRITABLE": 217703302299648, "arch": "arm64", "form_callr": "arm", "form_load64": "arm", "hosted": true, "idmap": {"id:-8": "idc85", "id:.arg": "idc38", "id:.argc": "idc44", "id:.argv": "idc45", "id:.div": "idc11", "id:.exit": "idc41", "id:.frame": "idc37", "id:.hostaddr": "idc35", "id:.hostcall": "idc32", "id:.ld": "idc23", "id:.lea": "idc25", "id:.libraryaddr": "idc34", "id:.librarycall": "idc33", "id:.mod": "idc12", "id:.print": "idc39", "id:.st": "idc24", "id:.sys": "idc42", "id:.sys6": "idc43", "id:.udiv": "idc13", "id:.umod": "idc14", "id:.write": "idc40", "id:.zero": "idc26", "id:0": "idc79", "id:1": "idc80", "id:2": "idc81", "id:3": "idc82", "id:4": "idc83", "id:8": "idc84", "id:__ccw_0:": "idc89", "id:__ccw_100:": "idc189", "id:__ccw_101:": "idc190", "id:__ccw_102:": "idc191", "id:__ccw_103:": "idc192", "id:__ccw_104:": "idc193", "id:__ccw_105:": "idc194", "id:__ccw_106:": "idc195", "id:__ccw_107:": "idc196", "id:__ccw_108:": "idc197", "id:__ccw_109:": "idc198", "id:__ccw_10:": "idc99", "id:__ccw_110:": "idc199", "id:__ccw_111:": "idc200", "id:__ccw_112:": "idc201", "id:__ccw_113:": "idc202", "id:__ccw_114:": "idc203", "id:__ccw_115:": "idc204", "id:__ccw_116:": "idc205", "id:__ccw_117:": "idc206", "id:__ccw_118:": "idc207", "id:__ccw_119:": "idc208", "id:__ccw_11:": "idc100", "id:__ccw_120:": "idc209", "id:__ccw_121:": "idc210", "id:__ccw_122:": "idc211", "id:__ccw_123:": "idc212", "id:__ccw_124:": "idc213", "id:__ccw_125:": "idc214", "id:__ccw_126:": "idc215", "id:__ccw_127:": "idc216", "id:__ccw_128:": "idc217", "id:__ccw_129:": "idc218", "id:__ccw_12:": "idc101", "id:__ccw_130:": "idc219", "id:__ccw_131:": "idc220", "id:__ccw_132:": "idc221", "id:__ccw_133:": "idc222", "id:__ccw_134:": "idc223", "id:__ccw_135:": "idc224", "id:__ccw_136:": "idc225", "id:__ccw_137:": "idc226", "id:__ccw_138:": "idc227", "id:__ccw_139:": "idc228", "id:__ccw_13:": "idc102", "id:__ccw_140:": "idc229", "id:__ccw_141:": "idc230", "id:__ccw_142:": "idc231", "id:__ccw_143:": "idc232", "id:__ccw_144:": "idc233", "id:__ccw_145:": "idc234", "id:__ccw_146:": "idc235", "id:__ccw_147:": "idc236", "id:__ccw_148:": "idc237", "id:__ccw_149:": "idc238", "id:__ccw_14:": "idc103", "id:__ccw_150:": "idc239", "id:__ccw_151:": "idc240", "id:__ccw_152:": "idc241", "id:__ccw_153:": "idc242", "id:__ccw_154:": "idc243", "id:__ccw_155:": "idc244", "id:__ccw_156:": "idc245", "id:__ccw_157:": "idc246", "id:__ccw_158:": "idc247", "id:__ccw_159:": "idc248", "id:__ccw_15:": "idc104", "id:__ccw_160:": "idc249", "id:__ccw_161:": "idc250", "id:__ccw_162:": "idc251", "id:__ccw_163:": "idc252", "id:__ccw_164:": "idc253", "id:__ccw_165:": "idc254", "id:__ccw_166:": "idc255", "id:__ccw_167:": "idc256", "id:__ccw_168:": "idc257", "id:__ccw_169:": "idc258", "id:__ccw_16:": "idc105", "id:__ccw_170:": "idc259", "id:__ccw_171:": "idc260", "id:__ccw_172:": "idc261", "id:__ccw_173:": "idc262", "id:__ccw_174:": "idc263", "id:__ccw_175:": "idc264", "id:__ccw_176:": "idc265", "id:__ccw_177:": "idc266", "id:__ccw_178:": "idc267", "id:__ccw_179:": "idc268", "id:__ccw_17:": "idc106", "id:__ccw_180:": "idc269", "id:__ccw_181:": "idc270", "id:__ccw_182:": "idc271", "id:__ccw_183:": "idc272", "id:__ccw_184:": "idc273", "id:__ccw_185:": "idc274", "id:__ccw_186:": "idc275", "id:__ccw_187:": "idc276", "id:__ccw_188:": "idc277", "id:__ccw_189:": "idc278", "id:__ccw_18:": "idc107", "id:__ccw_190:": "idc279", "id:__ccw_191:": "idc280", "id:__ccw_192:": "idc281", "id:__ccw_193:": "idc282", "id:__ccw_194:": "idc283", "id:__ccw_195:": "idc284", "id:__ccw_196:": "idc285", "id:__ccw_197:": "idc286", "id:__ccw_198:": "idc287", "id:__ccw_199:": "idc288", "id:__ccw_19:": "idc108", "id:__ccw_1:": "idc90", "id:__ccw_200:": "idc289", "id:__ccw_201:": "idc290", "id:__ccw_202:": "idc291", "id:__ccw_203:": "idc292", "id:__ccw_204:": "idc293", "id:__ccw_205:": "idc294", "id:__ccw_206:": "idc295", "id:__ccw_207:": "idc296", "id:__ccw_208:": "idc297", "id:__ccw_209:": "idc298", "id:__ccw_20:": "idc109", "id:__ccw_210:": "idc299", "id:__ccw_211:": "idc300", "id:__ccw_212:": "idc301", "id:__ccw_213:": "idc302", "id:__ccw_214:": "idc303", "id:__ccw_215:": "idc304", "id:__ccw_216:": "idc305", "id:__ccw_217:": "idc306", "id:__ccw_218:": "idc307", "id:__ccw_219:": "idc308", "id:__ccw_21:": "idc110", "id:__ccw_220:": "idc309", "id:__ccw_221:": "idc310", "id:__ccw_222:": "idc311", "id:__ccw_223:": "idc312", "id:__ccw_224:": "idc313", "id:__ccw_225:": "idc314", "id:__ccw_226:": "idc315", "id:__ccw_227:": "idc316", "id:__ccw_228:": "idc317", "id:__ccw_229:": "idc318", "id:__ccw_22:": "idc111", "id:__ccw_230:": "idc319", "id:__ccw_231:": "idc320", "id:__ccw_232:": "idc321", "id:__ccw_233:": "idc322", "id:__ccw_234:": "idc323", "id:__ccw_235:": "idc324", "id:__ccw_236:": "idc325", "id:__ccw_237:": "idc326", "id:__ccw_238:": "idc327", "id:__ccw_239:": "idc328", "id:__ccw_23:": "idc112", "id:__ccw_240:": "idc329", "id:__ccw_241:": "idc330", "id:__ccw_242:": "idc331", "id:__ccw_243:": "idc332", "id:__ccw_244:": "idc333", "id:__ccw_245:": "idc334", "id:__ccw_246:": "idc335", "id:__ccw_247:": "idc336", "id:__ccw_248:": "idc337", "id:__ccw_249:": "idc338", "id:__ccw_24:": "idc113", "id:__ccw_250:": "idc339", "id:__ccw_251:": "idc340", "id:__ccw_252:": "idc341", "id:__ccw_253:": "idc342", "id:__ccw_254:": "idc343", "id:__ccw_255:": "idc344", "id:__ccw_25:": "idc114", "id:__ccw_26:": "idc115", "id:__ccw_27:": "idc116", "id:__ccw_28:": "idc117", "id:__ccw_29:": "idc118", "id:__ccw_2:": "idc91", "id:__ccw_30:": "idc119", "id:__ccw_31:": "idc120", "id:__ccw_32:": "idc121", "id:__ccw_33:": "idc122", "id:__ccw_34:": "idc123", "id:__ccw_35:": "idc124", "id:__ccw_36:": "idc125", "id:__ccw_37:": "idc126", "id:__ccw_38:": "idc127", "id:__ccw_39:": "idc128", "id:__ccw_3:": "idc92", "id:__ccw_40:": "idc129", "id:__ccw_41:": "idc130", "id:__ccw_42:": "idc131", "id:__ccw_43:": "idc132", "id:__ccw_44:": "idc133", "id:__ccw_45:": "idc134", "id:__ccw_46:": "idc135", "id:__ccw_47:": "idc136", "id:__ccw_48:": "idc137", "id:__ccw_49:": "idc138", "id:__ccw_4:": "idc93", "id:__ccw_50:": "idc139", "id:__ccw_51:": "idc140", "id:__ccw_52:": "idc141", "id:__ccw_53:": "idc142", "id:__ccw_54:": "idc143", "id:__ccw_55:": "idc144", "id:__ccw_56:": "idc145", "id:__ccw_57:": "idc146", "id:__ccw_58:": "idc147", "id:__ccw_59:": "idc148", "id:__ccw_5:": "idc94", "id:__ccw_60:": "idc149", "id:__ccw_61:": "idc150", "id:__ccw_62:": "idc151", "id:__ccw_63:": "idc152", "id:__ccw_64:": "idc153", "id:__ccw_65:": "idc154", "id:__ccw_66:": "idc155", "id:__ccw_67:": "idc156", "id:__ccw_68:": "idc157", "id:__ccw_69:": "idc158", "id:__ccw_6:": "idc95", "id:__ccw_70:": "idc159", "id:__ccw_71:": "idc160", "id:__ccw_72:": "idc161", "id:__ccw_73:": "idc162", "id:__ccw_74:": "idc163", "id:__ccw_75:": "idc164", "id:__ccw_76:": "idc165", "id:__ccw_77:": "idc166", "id:__ccw_78:": "idc167", "id:__ccw_79:": "idc168", "id:__ccw_7:": "idc96", "id:__ccw_80:": "idc169", "id:__ccw_81:": "idc170", "id:__ccw_82:": "idc171", "id:__ccw_83:": "idc172", "id:__ccw_84:": "idc173", "id:__ccw_85:": "idc174", "id:__ccw_86:": "idc175", "id:__ccw_87:": "idc176", "id:__ccw_88:": "idc177", "id:__ccw_89:": "idc178", "id:__ccw_8:": "idc97", "id:__ccw_90:": "idc179", "id:__ccw_91:": "idc180", "id:__ccw_92:": "idc181", "id:__ccw_93:": "idc182", "id:__ccw_94:": "idc183", "id:__ccw_95:": "idc184", "id:__ccw_96:": "idc185", "id:__ccw_97:": "idc186", "id:__ccw_98:": "idc187", "id:__ccw_99:": "idc188", "id:__ccw_9:": "idc98", "id:_start:": "idc86", "id:add64": "idc2", "id:and64": "idc6", "id:call": "idc29", "id:callm": "idc31", "id:callr": "idc30", "id:cvtdi": "idc65", "id:cvtds": "idc68", "id:cvtdu": "idc66", "id:cvtid": "idc61", "id:cvtis": "idc63", "id:cvtsd": "idc67", "id:cvtud": "idc62", "id:cvtus": "idc64", "id:eq": "idc19", "id:exit": "idc88", "id:fadd32": "idc54", "id:fadd64": "idc47", "id:fdiv32": "idc57", "id:fdiv64": "idc50", "id:feq32": "idc60", "id:feq64": "idc53", "id:fle32": "idc59", "id:fle64": "idc52", "id:flt32": "idc58", "id:flt64": "idc51", "id:fmul32": "idc56", "id:fmul64": "idc49", "id:fsqrt32": "idc70", "id:fsqrt64": "idc69", "id:fsub32": "idc55", "id:fsub64": "idc48", "id:imm": "idc0", "id:jump": "idc27", "id:jumpz": "idc28", "id:load64": "idc21", "id:lshr64": "idc10", "id:mov": "idc1", "id:mul64": "idc4", "id:ne": "idc20", "id:nop": "idc46", "id:or64": "idc7", "id:r0": "idc71", "id:r1": "idc72", "id:r2": "idc73", "id:r3": "idc74", "id:r4": "idc75", "id:r5": "idc76", "id:r6": "idc77", "id:r7": "idc78", "id:ret": "idc36", "id:shl64": "idc8", "id:shr64": "idc9", "id:sle64": "idc16", "id:slt64": "idc15", "id:store64": "idc22", "id:sub64": "idc3", "id:ule64": "idc18", "id:ult64": "idc17", "id:write": "idc87", "id:xor64": "idc5"}, "idmapu": {"id_-8": "idc85", "id_.arg": "idc38", "id_.argc": "idc44", "id_.argv": "idc45", "id_.div": "idc11", "id_.exit": "idc41", "id_.frame": "idc37", "id_.hostaddr": "idc35", "id_.hostcall": "idc32", "id_.ld": "idc23", "id_.lea": "idc25", "id_.libraryaddr": "idc34", "id_.librarycall": "idc33", "id_.mod": "idc12", "id_.print": "idc39", "id_.st": "idc24", "id_.sys": "idc42", "id_.sys6": "idc43", "id_.udiv": "idc13", "id_.umod": "idc14", "id_.write": "idc40", "id_.zero": "idc26", "id_0": "idc79", "id_1": "idc80", "id_2": "idc81", "id_3": "idc82", "id_4": "idc83", "id_8": "idc84", "id___ccw_0:": "idc89", "id___ccw_100:": "idc189", "id___ccw_101:": "idc190", "id___ccw_102:": "idc191", "id___ccw_103:": "idc192", "id___ccw_104:": "idc193", "id___ccw_105:": "idc194", "id___ccw_106:": "idc195", "id___ccw_107:": "idc196", "id___ccw_108:": "idc197", "id___ccw_109:": "idc198", "id___ccw_10:": "idc99", "id___ccw_110:": "idc199", "id___ccw_111:": "idc200", "id___ccw_112:": "idc201", "id___ccw_113:": "idc202", "id___ccw_114:": "idc203", "id___ccw_115:": "idc204", "id___ccw_116:": "idc205", "id___ccw_117:": "idc206", "id___ccw_118:": "idc207", "id___ccw_119:": "idc208", "id___ccw_11:": "idc100", "id___ccw_120:": "idc209", "id___ccw_121:": "idc210", "id___ccw_122:": "idc211", "id___ccw_123:": "idc212", "id___ccw_124:": "idc213", "id___ccw_125:": "idc214", "id___ccw_126:": "idc215", "id___ccw_127:": "idc216", "id___ccw_128:": "idc217", "id___ccw_129:": "idc218", "id___ccw_12:": "idc101", "id___ccw_130:": "idc219", "id___ccw_131:": "idc220", "id___ccw_132:": "idc221", "id___ccw_133:": "idc222", "id___ccw_134:": "idc223", "id___ccw_135:": "idc224", "id___ccw_136:": "idc225", "id___ccw_137:": "idc226", "id___ccw_138:": "idc227", "id___ccw_139:": "idc228", "id___ccw_13:": "idc102", "id___ccw_140:": "idc229", "id___ccw_141:": "idc230", "id___ccw_142:": "idc231", "id___ccw_143:": "idc232", "id___ccw_144:": "idc233", "id___ccw_145:": "idc234", "id___ccw_146:": "idc235", "id___ccw_147:": "idc236", "id___ccw_148:": "idc237", "id___ccw_149:": "idc238", "id___ccw_14:": "idc103", "id___ccw_150:": "idc239", "id___ccw_151:": "idc240", "id___ccw_152:": "idc241", "id___ccw_153:": "idc242", "id___ccw_154:": "idc243", "id___ccw_155:": "idc244", "id___ccw_156:": "idc245", "id___ccw_157:": "idc246", "id___ccw_158:": "idc247", "id___ccw_159:": "idc248", "id___ccw_15:": "idc104", "id___ccw_160:": "idc249", "id___ccw_161:": "idc250", "id___ccw_162:": "idc251", "id___ccw_163:": "idc252", "id___ccw_164:": "idc253", "id___ccw_165:": "idc254", "id___ccw_166:": "idc255", "id___ccw_167:": "idc256", "id___ccw_168:": "idc257", "id___ccw_169:": "idc258", "id___ccw_16:": "idc105", "id___ccw_170:": "idc259", "id___ccw_171:": "idc260", "id___ccw_172:": "idc261", "id___ccw_173:": "idc262", "id___ccw_174:": "idc263", "id___ccw_175:": "idc264", "id___ccw_176:": "idc265", "id___ccw_177:": "idc266", "id___ccw_178:": "idc267", "id___ccw_179:": "idc268", "id___ccw_17:": "idc106", "id___ccw_180:": "idc269", "id___ccw_181:": "idc270", "id___ccw_182:": "idc271", "id___ccw_183:": "idc272", "id___ccw_184:": "idc273", "id___ccw_185:": "idc274", "id___ccw_186:": "idc275", "id___ccw_187:": "idc276", "id___ccw_188:": "idc277", "id___ccw_189:": "idc278", "id___ccw_18:": "idc107", "id___ccw_190:": "idc279", "id___ccw_191:": "idc280", "id___ccw_192:": "idc281", "id___ccw_193:": "idc282", "id___ccw_194:": "idc283", "id___ccw_195:": "idc284", "id___ccw_196:": "idc285", "id___ccw_197:": "idc286", "id___ccw_198:": "idc287", "id___ccw_199:": "idc288", "id___ccw_19:": "idc108", "id___ccw_1:": "idc90", "id___ccw_200:": "idc289", "id___ccw_201:": "idc290", "id___ccw_202:": "idc291", "id___ccw_203:": "idc292", "id___ccw_204:": "idc293", "id___ccw_205:": "idc294", "id___ccw_206:": "idc295", "id___ccw_207:": "idc296", "id___ccw_208:": "idc297", "id___ccw_209:": "idc298", "id___ccw_20:": "idc109", "id___ccw_210:": "idc299", "id___ccw_211:": "idc300", "id___ccw_212:": "idc301", "id___ccw_213:": "idc302", "id___ccw_214:": "idc303", "id___ccw_215:": "idc304", "id___ccw_216:": "idc305", "id___ccw_217:": "idc306", "id___ccw_218:": "idc307", "id___ccw_219:": "idc308", "id___ccw_21:": "idc110", "id___ccw_220:": "idc309", "id___ccw_221:": "idc310", "id___ccw_222:": "idc311", "id___ccw_223:": "idc312", "id___ccw_224:": "idc313", "id___ccw_225:": "idc314", "id___ccw_226:": "idc315", "id___ccw_227:": "idc316", "id___ccw_228:": "idc317", "id___ccw_229:": "idc318", "id___ccw_22:": "idc111", "id___ccw_230:": "idc319", "id___ccw_231:": "idc320", "id___ccw_232:": "idc321", "id___ccw_233:": "idc322", "id___ccw_234:": "idc323", "id___ccw_235:": "idc324", "id___ccw_236:": "idc325", "id___ccw_237:": "idc326", "id___ccw_238:": "idc327", "id___ccw_239:": "idc328", "id___ccw_23:": "idc112", "id___ccw_240:": "idc329", "id___ccw_241:": "idc330", "id___ccw_242:": "idc331", "id___ccw_243:": "idc332", "id___ccw_244:": "idc333", "id___ccw_245:": "idc334", "id___ccw_246:": "idc335", "id___ccw_247:": "idc336", "id___ccw_248:": "idc337", "id___ccw_249:": "idc338", "id___ccw_24:": "idc113", "id___ccw_250:": "idc339", "id___ccw_251:": "idc340", "id___ccw_252:": "idc341", "id___ccw_253:": "idc342", "id___ccw_254:": "idc343", "id___ccw_255:": "idc344", "id___ccw_25:": "idc114", "id___ccw_26:": "idc115", "id___ccw_27:": "idc116", "id___ccw_28:": "idc117", "id___ccw_29:": "idc118", "id___ccw_2:": "idc91", "id___ccw_30:": "idc119", "id___ccw_31:": "idc120", "id___ccw_32:": "idc121", "id___ccw_33:": "idc122", "id___ccw_34:": "idc123", "id___ccw_35:": "idc124", "id___ccw_36:": "idc125", "id___ccw_37:": "idc126", "id___ccw_38:": "idc127", "id___ccw_39:": "idc128", "id___ccw_3:": "idc92", "id___ccw_40:": "idc129", "id___ccw_41:": "idc130", "id___ccw_42:": "idc131", "id___ccw_43:": "idc132", "id___ccw_44:": "idc133", "id___ccw_45:": "idc134", "id___ccw_46:": "idc135", "id___ccw_47:": "idc136", "id___ccw_48:": "idc137", "id___ccw_49:": "idc138", "id___ccw_4:": "idc93", "id___ccw_50:": "idc139", "id___ccw_51:": "idc140", "id___ccw_52:": "idc141", "id___ccw_53:": "idc142", "id___ccw_54:": "idc143", "id___ccw_55:": "idc144", "id___ccw_56:": "idc145", "id___ccw_57:": "idc146", "id___ccw_58:": "idc147", "id___ccw_59:": "idc148", "id___ccw_5:": "idc94", "id___ccw_60:": "idc149", "id___ccw_61:": "idc150", "id___ccw_62:": "idc151", "id___ccw_63:": "idc152", "id___ccw_64:": "idc153", "id___ccw_65:": "idc154", "id___ccw_66:": "idc155", "id___ccw_67:": "idc156", "id___ccw_68:": "idc157", "id___ccw_69:": "idc158", "id___ccw_6:": "idc95", "id___ccw_70:": "idc159", "id___ccw_71:": "idc160", "id___ccw_72:": "idc161", "id___ccw_73:": "idc162", "id___ccw_74:": "idc163", "id___ccw_75:": "idc164", "id___ccw_76:": "idc165", "id___ccw_77:": "idc166", "id___ccw_78:": "idc167", "id___ccw_79:": "idc168", "id___ccw_7:": "idc96", "id___ccw_80:": "idc169", "id___ccw_81:": "idc170", "id___ccw_82:": "idc171", "id___ccw_83:": "idc172", "id___ccw_84:": "idc173", "id___ccw_85:": "idc174", "id___ccw_86:": "idc175", "id___ccw_87:": "idc176", "id___ccw_88:": "idc177", "id___ccw_89:": "idc178", "id___ccw_8:": "idc97", "id___ccw_90:": "idc179", "id___ccw_91:": "idc180", "id___ccw_92:": "idc181", "id___ccw_93:": "idc182", "id___ccw_94:": "idc183", "id___ccw_95:": "idc184", "id___ccw_96:": "idc185", "id___ccw_97:": "idc186", "id___ccw_98:": "idc187", "id___ccw_99:": "idc188", "id___ccw_9:": "idc98", "id__start:": "idc86", "id_add64": "idc2", "id_and64": "idc6", "id_call": "idc29", "id_callm": "idc31", "id_callr": "idc30", "id_cvtdi": "idc65", "id_cvtds": "idc68", "id_cvtdu": "idc66", "id_cvtid": "idc61", "id_cvtis": "idc63", "id_cvtsd": "idc67", "id_cvtud": "idc62", "id_cvtus": "idc64", "id_eq": "idc19", "id_exit": "idc88", "id_fadd32": "idc54", "id_fadd64": "idc47", "id_fdiv32": "idc57", "id_fdiv64": "idc50", "id_feq32": "idc60", "id_feq64": "idc53", "id_fle32": "idc59", "id_fle64": "idc52", "id_flt32": "idc58", "id_flt64": "idc51", "id_fmul32": "idc56", "id_fmul64": "idc49", "id_fsqrt32": "idc70", "id_fsqrt64": "idc69", "id_fsub32": "idc55", "id_fsub64": "idc48", "id_imm": "idc0", "id_jump": "idc27", "id_jumpz": "idc28", "id_load64": "idc21", "id_lshr64": "idc10", "id_mov": "idc1", "id_mul64": "idc4", "id_ne": "idc20", "id_nop": "idc46", "id_or64": "idc7", "id_r0": "idc71", "id_r1": "idc72", "id_r2": "idc73", "id_r3": "idc74", "id_r4": "idc75", "id_r5": "idc76", "id_r6": "idc77", "id_r7": "idc78", "id_ret": "idc36", "id_shl64": "idc8", "id_shr64": "idc9", "id_sle64": "idc16", "id_slt64": "idc15", "id_store64": "idc22", "id_sub64": "idc3", "id_ule64": "idc18", "id_ult64": "idc17", "id_write": "idc87", "id_xor64": "idc5"}, "ids": {"-8": "idc85", ".arg": "idc38", ".argc": "idc44", ".argv": "idc45", ".div": "idc11", ".exit": "idc41", ".frame": "idc37", ".hostaddr": "idc35", ".hostcall": "idc32", ".ld": "idc23", ".lea": "idc25", ".libraryaddr": "idc34", ".librarycall": "idc33", ".mod": "idc12", ".print": "idc39", ".st": "idc24", ".sys": "idc42", ".sys6": "idc43", ".udiv": "idc13", ".umod": "idc14", ".write": "idc40", ".zero": "idc26", "0": "idc79", "1": "idc80", "2": "idc81", "3": "idc82", "4": "idc83", "8": "idc84", "__ccw_0:": "idc89", "__ccw_100:": "idc189", "__ccw_101:": "idc190", "__ccw_102:": "idc191", "__ccw_103:": "idc192", "__ccw_104:": "idc193", "__ccw_105:": "idc194", "__ccw_106:": "idc195", "__ccw_107:": "idc196", "__ccw_108:": "idc197", "__ccw_109:": "idc198", "__ccw_10:": "idc99", "__ccw_110:": "idc199", "__ccw_111:": "idc200", "__ccw_112:": "idc201", "__ccw_113:": "idc202", "__ccw_114:": "idc203", "__ccw_115:": "idc204", "__ccw_116:": "idc205", "__ccw_117:": "idc206", "__ccw_118:": "idc207", "__ccw_119:": "idc208", "__ccw_11:": "idc100", "__ccw_120:": "idc209", "__ccw_121:": "idc210", "__ccw_122:": "idc211", "__ccw_123:": "idc212", "__ccw_124:": "idc213", "__ccw_125:": "idc214", "__ccw_126:": "idc215", "__ccw_127:": "idc216", "__ccw_128:": "idc217", "__ccw_129:": "idc218", "__ccw_12:": "idc101", "__ccw_130:": "idc219", "__ccw_131:": "idc220", "__ccw_132:": "idc221", "__ccw_133:": "idc222", "__ccw_134:": "idc223", "__ccw_135:": "idc224", "__ccw_136:": "idc225", "__ccw_137:": "idc226", "__ccw_138:": "idc227", "__ccw_139:": "idc228", "__ccw_13:": "idc102", "__ccw_140:": "idc229", "__ccw_141:": "idc230", "__ccw_142:": "idc231", "__ccw_143:": "idc232", "__ccw_144:": "idc233", "__ccw_145:": "idc234", "__ccw_146:": "idc235", "__ccw_147:": "idc236", "__ccw_148:": "idc237", "__ccw_149:": "idc238", "__ccw_14:": "idc103", "__ccw_150:": "idc239", "__ccw_151:": "idc240", "__ccw_152:": "idc241", "__ccw_153:": "idc242", "__ccw_154:": "idc243", "__ccw_155:": "idc244", "__ccw_156:": "idc245", "__ccw_157:": "idc246", "__ccw_158:": "idc247", "__ccw_159:": "idc248", "__ccw_15:": "idc104", "__ccw_160:": "idc249", "__ccw_161:": "idc250", "__ccw_162:": "idc251", "__ccw_163:": "idc252", "__ccw_164:": "idc253", "__ccw_165:": "idc254", "__ccw_166:": "idc255", "__ccw_167:": "idc256", "__ccw_168:": "idc257", "__ccw_169:": "idc258", "__ccw_16:": "idc105", "__ccw_170:": "idc259", "__ccw_171:": "idc260", "__ccw_172:": "idc261", "__ccw_173:": "idc262", "__ccw_174:": "idc263", "__ccw_175:": "idc264", "__ccw_176:": "idc265", "__ccw_177:": "idc266", "__ccw_178:": "idc267", "__ccw_179:": "idc268", "__ccw_17:": "idc106", "__ccw_180:": "idc269", "__ccw_181:": "idc270", "__ccw_182:": "idc271", "__ccw_183:": "idc272", "__ccw_184:": "idc273", "__ccw_185:": "idc274", "__ccw_186:": "idc275", "__ccw_187:": "idc276", "__ccw_188:": "idc277", "__ccw_189:": "idc278", "__ccw_18:": "idc107", "__ccw_190:": "idc279", "__ccw_191:": "idc280", "__ccw_192:": "idc281", "__ccw_193:": "idc282", "__ccw_194:": "idc283", "__ccw_195:": "idc284", "__ccw_196:": "idc285", "__ccw_197:": "idc286", "__ccw_198:": "idc287", "__ccw_199:": "idc288", "__ccw_19:": "idc108", "__ccw_1:": "idc90", "__ccw_200:": "idc289", "__ccw_201:": "idc290", "__ccw_202:": "idc291", "__ccw_203:": "idc292", "__ccw_204:": "idc293", "__ccw_205:": "idc294", "__ccw_206:": "idc295", "__ccw_207:": "idc296", "__ccw_208:": "idc297", "__ccw_209:": "idc298", "__ccw_20:": "idc109", "__ccw_210:": "idc299", "__ccw_211:": "idc300", "__ccw_212:": "idc301", "__ccw_213:": "idc302", "__ccw_214:": "idc303", "__ccw_215:": "idc304", "__ccw_216:": "idc305", "__ccw_217:": "idc306", "__ccw_218:": "idc307", "__ccw_219:": "idc308", "__ccw_21:": "idc110", "__ccw_220:": "idc309", "__ccw_221:": "idc310", "__ccw_222:": "idc311", "__ccw_223:": "idc312", "__ccw_224:": "idc313", "__ccw_225:": "idc314", "__ccw_226:": "idc315", "__ccw_227:": "idc316", "__ccw_228:": "idc317", "__ccw_229:": "idc318", "__ccw_22:": "idc111", "__ccw_230:": "idc319", "__ccw_231:": "idc320", "__ccw_232:": "idc321", "__ccw_233:": "idc322", "__ccw_234:": "idc323", "__ccw_235:": "idc324", "__ccw_236:": "idc325", "__ccw_237:": "idc326", "__ccw_238:": "idc327", "__ccw_239:": "idc328", "__ccw_23:": "idc112", "__ccw_240:": "idc329", "__ccw_241:": "idc330", "__ccw_242:": "idc331", "__ccw_243:": "idc332", "__ccw_244:": "idc333", "__ccw_245:": "idc334", "__ccw_246:": "idc335", "__ccw_247:": "idc336", "__ccw_248:": "idc337", "__ccw_249:": "idc338", "__ccw_24:": "idc113", "__ccw_250:": "idc339", "__ccw_251:": "idc340", "__ccw_252:": "idc341", "__ccw_253:": "idc342", "__ccw_254:": "idc343", "__ccw_255:": "idc344", "__ccw_25:": "idc114", "__ccw_26:": "idc115", "__ccw_27:": "idc116", "__ccw_28:": "idc117", "__ccw_29:": "idc118", "__ccw_2:": "idc91", "__ccw_30:": "idc119", "__ccw_31:": "idc120", "__ccw_32:": "idc121", "__ccw_33:": "idc122", "__ccw_34:": "idc123", "__ccw_35:": "idc124", "__ccw_36:": "idc125", "__ccw_37:": "idc126", "__ccw_38:": "idc127", "__ccw_39:": "idc128", "__ccw_3:": "idc92", "__ccw_40:": "idc129", "__ccw_41:": "idc130", "__ccw_42:": "idc131", "__ccw_43:": "idc132", "__ccw_44:": "idc133", "__ccw_45:": "idc134", "__ccw_46:": "idc135", "__ccw_47:": "idc136", "__ccw_48:": "idc137", "__ccw_49:": "idc138", "__ccw_4:": "idc93", "__ccw_50:": "idc139", "__ccw_51:": "idc140", "__ccw_52:": "idc141", "__ccw_53:": "idc142", "__ccw_54:": "idc143", "__ccw_55:": "idc144", "__ccw_56:": "idc145", "__ccw_57:": "idc146", "__ccw_58:": "idc147", "__ccw_59:": "idc148", "__ccw_5:": "idc94", "__ccw_60:": "idc149", "__ccw_61:": "idc150", "__ccw_62:": "idc151", "__ccw_63:": "idc152", "__ccw_64:": "idc153", "__ccw_65:": "idc154", "__ccw_66:": "idc155", "__ccw_67:": "idc156", "__ccw_68:": "idc157", "__ccw_69:": "idc158", "__ccw_6:": "idc95", "__ccw_70:": "idc159", "__ccw_71:": "idc160", "__ccw_72:": "idc161", "__ccw_73:": "idc162", "__ccw_74:": "idc163", "__ccw_75:": "idc164", "__ccw_76:": "idc165", "__ccw_77:": "idc166", "__ccw_78:": "idc167", "__ccw_79:": "idc168", "__ccw_7:": "idc96", "__ccw_80:": "idc169", "__ccw_81:": "idc170", "__ccw_82:": "idc171", "__ccw_83:": "idc172", "__ccw_84:": "idc173", "__ccw_85:": "idc174", "__ccw_86:": "idc175", "__ccw_87:": "idc176", "__ccw_88:": "idc177", "__ccw_89:": "idc178", "__ccw_8:": "idc97", "__ccw_90:": "idc179", "__ccw_91:": "idc180", "__ccw_92:": "idc181", "__ccw_93:": "idc182", "__ccw_94:": "idc183", "__ccw_95:": "idc184", "__ccw_96:": "idc185", "__ccw_97:": "idc186", "__ccw_98:": "idc187", "__ccw_99:": "idc188", "__ccw_9:": "idc98", "_start:": "idc86", "add64": "idc2", "and64": "idc6", "call": "idc29", "callm": "idc31", "callr": "idc30", "cvtdi": "idc65", "cvtds": "idc68", "cvtdu": "idc66", "cvtid": "idc61", "cvtis": "idc63", "cvtsd": "idc67", "cvtud": "idc62", "cvtus": "idc64", "eq": "idc19", "exit": "idc88", "fadd32": "idc54", "fadd64": "idc47", "fdiv32": "idc57", "fdiv64": "idc50", "feq32": "idc60", "feq64": "idc53", "fle32": "idc59", "fle64": "idc52", "flt32": "idc58", "flt64": "idc51", "fmul32": "idc56", "fmul64": "idc49", "fsqrt32": "idc70", "fsqrt64": "idc69", "fsub32": "idc55", "fsub64": "idc48", "imm": "idc0", "jump": "idc27", "jumpz": "idc28", "load64": "idc21", "lshr64": "idc10", "mov": "idc1", "mul64": "idc4", "ne": "idc20", "nop": "idc46", "or64": "idc7", "r0": "idc71", "r1": "idc72", "r2": "idc73", "r3": "idc74", "r4": "idc75", "r5": "idc76", "r6": "idc77", "r7": "idc78", "ret": "idc36", "shl64": "idc8", "shr64": "idc9", "sle64": "idc16", "slt64": "idc15", "store64": "idc22", "sub64": "idc3", "ule64": "idc18", "ult64": "idc17", "write": "idc87", "xor64": "idc5"}, "process_flag": "false", "reg_r0": "x0", "reg_r1": "x1", "reg_r2": "x2", "reg_r3": "x3", "reg_r4": "x4", "reg_r5": "x5", "reg_r6": "x6", "reg_r7": "x7", "reloc_call": "arm26", "reloc_jmp": "arm26", "reloc_jz": "arm19", "s0": "x16", "s1": "x17", "scratch": "x16", "target": "osx/arm64"}, "osx/x86_64": {"ADDRESS": 211106232532992, "BKIND": 215504279044096, "DESC": 213305255788544, "EXTENT": 216603790671872, "IDS": 210006720905216, "STRIDE": 6150, "SUPPORTED": 345246651121664, "WRITABLE": 217703302299648, "arch": "x86_64", "form_callr": "x86", "form_load64": "x86", "hosted": true, "idmap": {"id:-8": "idc85", "id:.arg": "idc38", "id:.argc": "idc44", "id:.argv": "idc45", "id:.div": "idc11", "id:.exit": "idc41", "id:.frame": "idc37", "id:.hostaddr": "idc35", "id:.hostcall": "idc32", "id:.ld": "idc23", "id:.lea": "idc25", "id:.libraryaddr": "idc34", "id:.librarycall": "idc33", "id:.mod": "idc12", "id:.print": "idc39", "id:.st": "idc24", "id:.sys": "idc42", "id:.sys6": "idc43", "id:.udiv": "idc13", "id:.umod": "idc14", "id:.write": "idc40", "id:.zero": "idc26", "id:0": "idc79", "id:1": "idc80", "id:2": "idc81", "id:3": "idc82", "id:4": "idc83", "id:8": "idc84", "id:__ccw_0:": "idc89", "id:__ccw_100:": "idc189", "id:__ccw_101:": "idc190", "id:__ccw_102:": "idc191", "id:__ccw_103:": "idc192", "id:__ccw_104:": "idc193", "id:__ccw_105:": "idc194", "id:__ccw_106:": "idc195", "id:__ccw_107:": "idc196", "id:__ccw_108:": "idc197", "id:__ccw_109:": "idc198", "id:__ccw_10:": "idc99", "id:__ccw_110:": "idc199", "id:__ccw_111:": "idc200", "id:__ccw_112:": "idc201", "id:__ccw_113:": "idc202", "id:__ccw_114:": "idc203", "id:__ccw_115:": "idc204", "id:__ccw_116:": "idc205", "id:__ccw_117:": "idc206", "id:__ccw_118:": "idc207", "id:__ccw_119:": "idc208", "id:__ccw_11:": "idc100", "id:__ccw_120:": "idc209", "id:__ccw_121:": "idc210", "id:__ccw_122:": "idc211", "id:__ccw_123:": "idc212", "id:__ccw_124:": "idc213", "id:__ccw_125:": "idc214", "id:__ccw_126:": "idc215", "id:__ccw_127:": "idc216", "id:__ccw_128:": "idc217", "id:__ccw_129:": "idc218", "id:__ccw_12:": "idc101", "id:__ccw_130:": "idc219", "id:__ccw_131:": "idc220", "id:__ccw_132:": "idc221", "id:__ccw_133:": "idc222", "id:__ccw_134:": "idc223", "id:__ccw_135:": "idc224", "id:__ccw_136:": "idc225", "id:__ccw_137:": "idc226", "id:__ccw_138:": "idc227", "id:__ccw_139:": "idc228", "id:__ccw_13:": "idc102", "id:__ccw_140:": "idc229", "id:__ccw_141:": "idc230", "id:__ccw_142:": "idc231", "id:__ccw_143:": "idc232", "id:__ccw_144:": "idc233", "id:__ccw_145:": "idc234", "id:__ccw_146:": "idc235", "id:__ccw_147:": "idc236", "id:__ccw_148:": "idc237", "id:__ccw_149:": "idc238", "id:__ccw_14:": "idc103", "id:__ccw_150:": "idc239", "id:__ccw_151:": "idc240", "id:__ccw_152:": "idc241", "id:__ccw_153:": "idc242", "id:__ccw_154:": "idc243", "id:__ccw_155:": "idc244", "id:__ccw_156:": "idc245", "id:__ccw_157:": "idc246", "id:__ccw_158:": "idc247", "id:__ccw_159:": "idc248", "id:__ccw_15:": "idc104", "id:__ccw_160:": "idc249", "id:__ccw_161:": "idc250", "id:__ccw_162:": "idc251", "id:__ccw_163:": "idc252", "id:__ccw_164:": "idc253", "id:__ccw_165:": "idc254", "id:__ccw_166:": "idc255", "id:__ccw_167:": "idc256", "id:__ccw_168:": "idc257", "id:__ccw_169:": "idc258", "id:__ccw_16:": "idc105", "id:__ccw_170:": "idc259", "id:__ccw_171:": "idc260", "id:__ccw_172:": "idc261", "id:__ccw_173:": "idc262", "id:__ccw_174:": "idc263", "id:__ccw_175:": "idc264", "id:__ccw_176:": "idc265", "id:__ccw_177:": "idc266", "id:__ccw_178:": "idc267", "id:__ccw_179:": "idc268", "id:__ccw_17:": "idc106", "id:__ccw_180:": "idc269", "id:__ccw_181:": "idc270", "id:__ccw_182:": "idc271", "id:__ccw_183:": "idc272", "id:__ccw_184:": "idc273", "id:__ccw_185:": "idc274", "id:__ccw_186:": "idc275", "id:__ccw_187:": "idc276", "id:__ccw_188:": "idc277", "id:__ccw_189:": "idc278", "id:__ccw_18:": "idc107", "id:__ccw_190:": "idc279", "id:__ccw_191:": "idc280", "id:__ccw_192:": "idc281", "id:__ccw_193:": "idc282", "id:__ccw_194:": "idc283", "id:__ccw_195:": "idc284", "id:__ccw_196:": "idc285", "id:__ccw_197:": "idc286", "id:__ccw_198:": "idc287", "id:__ccw_199:": "idc288", "id:__ccw_19:": "idc108", "id:__ccw_1:": "idc90", "id:__ccw_200:": "idc289", "id:__ccw_201:": "idc290", "id:__ccw_202:": "idc291", "id:__ccw_203:": "idc292", "id:__ccw_204:": "idc293", "id:__ccw_205:": "idc294", "id:__ccw_206:": "idc295", "id:__ccw_207:": "idc296", "id:__ccw_208:": "idc297", "id:__ccw_209:": "idc298", "id:__ccw_20:": "idc109", "id:__ccw_210:": "idc299", "id:__ccw_211:": "idc300", "id:__ccw_212:": "idc301", "id:__ccw_213:": "idc302", "id:__ccw_214:": "idc303", "id:__ccw_215:": "idc304", "id:__ccw_216:": "idc305", "id:__ccw_217:": "idc306", "id:__ccw_218:": "idc307", "id:__ccw_219:": "idc308", "id:__ccw_21:": "idc110", "id:__ccw_220:": "idc309", "id:__ccw_221:": "idc310", "id:__ccw_222:": "idc311", "id:__ccw_223:": "idc312", "id:__ccw_224:": "idc313", "id:__ccw_225:": "idc314", "id:__ccw_226:": "idc315", "id:__ccw_227:": "idc316", "id:__ccw_228:": "idc317", "id:__ccw_229:": "idc318", "id:__ccw_22:": "idc111", "id:__ccw_230:": "idc319", "id:__ccw_231:": "idc320", "id:__ccw_232:": "idc321", "id:__ccw_233:": "idc322", "id:__ccw_234:": "idc323", "id:__ccw_235:": "idc324", "id:__ccw_236:": "idc325", "id:__ccw_237:": "idc326", "id:__ccw_238:": "idc327", "id:__ccw_239:": "idc328", "id:__ccw_23:": "idc112", "id:__ccw_240:": "idc329", "id:__ccw_241:": "idc330", "id:__ccw_242:": "idc331", "id:__ccw_243:": "idc332", "id:__ccw_244:": "idc333", "id:__ccw_245:": "idc334", "id:__ccw_246:": "idc335", "id:__ccw_247:": "idc336", "id:__ccw_248:": "idc337", "id:__ccw_249:": "idc338", "id:__ccw_24:": "idc113", "id:__ccw_250:": "idc339", "id:__ccw_251:": "idc340", "id:__ccw_252:": "idc341", "id:__ccw_253:": "idc342", "id:__ccw_254:": "idc343", "id:__ccw_255:": "idc344", "id:__ccw_25:": "idc114", "id:__ccw_26:": "idc115", "id:__ccw_27:": "idc116", "id:__ccw_28:": "idc117", "id:__ccw_29:": "idc118", "id:__ccw_2:": "idc91", "id:__ccw_30:": "idc119", "id:__ccw_31:": "idc120", "id:__ccw_32:": "idc121", "id:__ccw_33:": "idc122", "id:__ccw_34:": "idc123", "id:__ccw_35:": "idc124", "id:__ccw_36:": "idc125", "id:__ccw_37:": "idc126", "id:__ccw_38:": "idc127", "id:__ccw_39:": "idc128", "id:__ccw_3:": "idc92", "id:__ccw_40:": "idc129", "id:__ccw_41:": "idc130", "id:__ccw_42:": "idc131", "id:__ccw_43:": "idc132", "id:__ccw_44:": "idc133", "id:__ccw_45:": "idc134", "id:__ccw_46:": "idc135", "id:__ccw_47:": "idc136", "id:__ccw_48:": "idc137", "id:__ccw_49:": "idc138", "id:__ccw_4:": "idc93", "id:__ccw_50:": "idc139", "id:__ccw_51:": "idc140", "id:__ccw_52:": "idc141", "id:__ccw_53:": "idc142", "id:__ccw_54:": "idc143", "id:__ccw_55:": "idc144", "id:__ccw_56:": "idc145", "id:__ccw_57:": "idc146", "id:__ccw_58:": "idc147", "id:__ccw_59:": "idc148", "id:__ccw_5:": "idc94", "id:__ccw_60:": "idc149", "id:__ccw_61:": "idc150", "id:__ccw_62:": "idc151", "id:__ccw_63:": "idc152", "id:__ccw_64:": "idc153", "id:__ccw_65:": "idc154", "id:__ccw_66:": "idc155", "id:__ccw_67:": "idc156", "id:__ccw_68:": "idc157", "id:__ccw_69:": "idc158", "id:__ccw_6:": "idc95", "id:__ccw_70:": "idc159", "id:__ccw_71:": "idc160", "id:__ccw_72:": "idc161", "id:__ccw_73:": "idc162", "id:__ccw_74:": "idc163", "id:__ccw_75:": "idc164", "id:__ccw_76:": "idc165", "id:__ccw_77:": "idc166", "id:__ccw_78:": "idc167", "id:__ccw_79:": "idc168", "id:__ccw_7:": "idc96", "id:__ccw_80:": "idc169", "id:__ccw_81:": "idc170", "id:__ccw_82:": "idc171", "id:__ccw_83:": "idc172", "id:__ccw_84:": "idc173", "id:__ccw_85:": "idc174", "id:__ccw_86:": "idc175", "id:__ccw_87:": "idc176", "id:__ccw_88:": "idc177", "id:__ccw_89:": "idc178", "id:__ccw_8:": "idc97", "id:__ccw_90:": "idc179", "id:__ccw_91:": "idc180", "id:__ccw_92:": "idc181", "id:__ccw_93:": "idc182", "id:__ccw_94:": "idc183", "id:__ccw_95:": "idc184", "id:__ccw_96:": "idc185", "id:__ccw_97:": "idc186", "id:__ccw_98:": "idc187", "id:__ccw_99:": "idc188", "id:__ccw_9:": "idc98", "id:_start:": "idc86", "id:add64": "idc2", "id:and64": "idc6", "id:call": "idc29", "id:callm": "idc31", "id:callr": "idc30", "id:cvtdi": "idc65", "id:cvtds": "idc68", "id:cvtdu": "idc66", "id:cvtid": "idc61", "id:cvtis": "idc63", "id:cvtsd": "idc67", "id:cvtud": "idc62", "id:cvtus": "idc64", "id:eq": "idc19", "id:exit": "idc88", "id:fadd32": "idc54", "id:fadd64": "idc47", "id:fdiv32": "idc57", "id:fdiv64": "idc50", "id:feq32": "idc60", "id:feq64": "idc53", "id:fle32": "idc59", "id:fle64": "idc52", "id:flt32": "idc58", "id:flt64": "idc51", "id:fmul32": "idc56", "id:fmul64": "idc49", "id:fsqrt32": "idc70", "id:fsqrt64": "idc69", "id:fsub32": "idc55", "id:fsub64": "idc48", "id:imm": "idc0", "id:jump": "idc27", "id:jumpz": "idc28", "id:load64": "idc21", "id:lshr64": "idc10", "id:mov": "idc1", "id:mul64": "idc4", "id:ne": "idc20", "id:nop": "idc46", "id:or64": "idc7", "id:r0": "idc71", "id:r1": "idc72", "id:r2": "idc73", "id:r3": "idc74", "id:r4": "idc75", "id:r5": "idc76", "id:r6": "idc77", "id:r7": "idc78", "id:ret": "idc36", "id:shl64": "idc8", "id:shr64": "idc9", "id:sle64": "idc16", "id:slt64": "idc15", "id:store64": "idc22", "id:sub64": "idc3", "id:ule64": "idc18", "id:ult64": "idc17", "id:write": "idc87", "id:xor64": "idc5"}, "idmapu": {"id_-8": "idc85", "id_.arg": "idc38", "id_.argc": "idc44", "id_.argv": "idc45", "id_.div": "idc11", "id_.exit": "idc41", "id_.frame": "idc37", "id_.hostaddr": "idc35", "id_.hostcall": "idc32", "id_.ld": "idc23", "id_.lea": "idc25", "id_.libraryaddr": "idc34", "id_.librarycall": "idc33", "id_.mod": "idc12", "id_.print": "idc39", "id_.st": "idc24", "id_.sys": "idc42", "id_.sys6": "idc43", "id_.udiv": "idc13", "id_.umod": "idc14", "id_.write": "idc40", "id_.zero": "idc26", "id_0": "idc79", "id_1": "idc80", "id_2": "idc81", "id_3": "idc82", "id_4": "idc83", "id_8": "idc84", "id___ccw_0:": "idc89", "id___ccw_100:": "idc189", "id___ccw_101:": "idc190", "id___ccw_102:": "idc191", "id___ccw_103:": "idc192", "id___ccw_104:": "idc193", "id___ccw_105:": "idc194", "id___ccw_106:": "idc195", "id___ccw_107:": "idc196", "id___ccw_108:": "idc197", "id___ccw_109:": "idc198", "id___ccw_10:": "idc99", "id___ccw_110:": "idc199", "id___ccw_111:": "idc200", "id___ccw_112:": "idc201", "id___ccw_113:": "idc202", "id___ccw_114:": "idc203", "id___ccw_115:": "idc204", "id___ccw_116:": "idc205", "id___ccw_117:": "idc206", "id___ccw_118:": "idc207", "id___ccw_119:": "idc208", "id___ccw_11:": "idc100", "id___ccw_120:": "idc209", "id___ccw_121:": "idc210", "id___ccw_122:": "idc211", "id___ccw_123:": "idc212", "id___ccw_124:": "idc213", "id___ccw_125:": "idc214", "id___ccw_126:": "idc215", "id___ccw_127:": "idc216", "id___ccw_128:": "idc217", "id___ccw_129:": "idc218", "id___ccw_12:": "idc101", "id___ccw_130:": "idc219", "id___ccw_131:": "idc220", "id___ccw_132:": "idc221", "id___ccw_133:": "idc222", "id___ccw_134:": "idc223", "id___ccw_135:": "idc224", "id___ccw_136:": "idc225", "id___ccw_137:": "idc226", "id___ccw_138:": "idc227", "id___ccw_139:": "idc228", "id___ccw_13:": "idc102", "id___ccw_140:": "idc229", "id___ccw_141:": "idc230", "id___ccw_142:": "idc231", "id___ccw_143:": "idc232", "id___ccw_144:": "idc233", "id___ccw_145:": "idc234", "id___ccw_146:": "idc235", "id___ccw_147:": "idc236", "id___ccw_148:": "idc237", "id___ccw_149:": "idc238", "id___ccw_14:": "idc103", "id___ccw_150:": "idc239", "id___ccw_151:": "idc240", "id___ccw_152:": "idc241", "id___ccw_153:": "idc242", "id___ccw_154:": "idc243", "id___ccw_155:": "idc244", "id___ccw_156:": "idc245", "id___ccw_157:": "idc246", "id___ccw_158:": "idc247", "id___ccw_159:": "idc248", "id___ccw_15:": "idc104", "id___ccw_160:": "idc249", "id___ccw_161:": "idc250", "id___ccw_162:": "idc251", "id___ccw_163:": "idc252", "id___ccw_164:": "idc253", "id___ccw_165:": "idc254", "id___ccw_166:": "idc255", "id___ccw_167:": "idc256", "id___ccw_168:": "idc257", "id___ccw_169:": "idc258", "id___ccw_16:": "idc105", "id___ccw_170:": "idc259", "id___ccw_171:": "idc260", "id___ccw_172:": "idc261", "id___ccw_173:": "idc262", "id___ccw_174:": "idc263", "id___ccw_175:": "idc264", "id___ccw_176:": "idc265", "id___ccw_177:": "idc266", "id___ccw_178:": "idc267", "id___ccw_179:": "idc268", "id___ccw_17:": "idc106", "id___ccw_180:": "idc269", "id___ccw_181:": "idc270", "id___ccw_182:": "idc271", "id___ccw_183:": "idc272", "id___ccw_184:": "idc273", "id___ccw_185:": "idc274", "id___ccw_186:": "idc275", "id___ccw_187:": "idc276", "id___ccw_188:": "idc277", "id___ccw_189:": "idc278", "id___ccw_18:": "idc107", "id___ccw_190:": "idc279", "id___ccw_191:": "idc280", "id___ccw_192:": "idc281", "id___ccw_193:": "idc282", "id___ccw_194:": "idc283", "id___ccw_195:": "idc284", "id___ccw_196:": "idc285", "id___ccw_197:": "idc286", "id___ccw_198:": "idc287", "id___ccw_199:": "idc288", "id___ccw_19:": "idc108", "id___ccw_1:": "idc90", "id___ccw_200:": "idc289", "id___ccw_201:": "idc290", "id___ccw_202:": "idc291", "id___ccw_203:": "idc292", "id___ccw_204:": "idc293", "id___ccw_205:": "idc294", "id___ccw_206:": "idc295", "id___ccw_207:": "idc296", "id___ccw_208:": "idc297", "id___ccw_209:": "idc298", "id___ccw_20:": "idc109", "id___ccw_210:": "idc299", "id___ccw_211:": "idc300", "id___ccw_212:": "idc301", "id___ccw_213:": "idc302", "id___ccw_214:": "idc303", "id___ccw_215:": "idc304", "id___ccw_216:": "idc305", "id___ccw_217:": "idc306", "id___ccw_218:": "idc307", "id___ccw_219:": "idc308", "id___ccw_21:": "idc110", "id___ccw_220:": "idc309", "id___ccw_221:": "idc310", "id___ccw_222:": "idc311", "id___ccw_223:": "idc312", "id___ccw_224:": "idc313", "id___ccw_225:": "idc314", "id___ccw_226:": "idc315", "id___ccw_227:": "idc316", "id___ccw_228:": "idc317", "id___ccw_229:": "idc318", "id___ccw_22:": "idc111", "id___ccw_230:": "idc319", "id___ccw_231:": "idc320", "id___ccw_232:": "idc321", "id___ccw_233:": "idc322", "id___ccw_234:": "idc323", "id___ccw_235:": "idc324", "id___ccw_236:": "idc325", "id___ccw_237:": "idc326", "id___ccw_238:": "idc327", "id___ccw_239:": "idc328", "id___ccw_23:": "idc112", "id___ccw_240:": "idc329", "id___ccw_241:": "idc330", "id___ccw_242:": "idc331", "id___ccw_243:": "idc332", "id___ccw_244:": "idc333", "id___ccw_245:": "idc334", "id___ccw_246:": "idc335", "id___ccw_247:": "idc336", "id___ccw_248:": "idc337", "id___ccw_249:": "idc338", "id___ccw_24:": "idc113", "id___ccw_250:": "idc339", "id___ccw_251:": "idc340", "id___ccw_252:": "idc341", "id___ccw_253:": "idc342", "id___ccw_254:": "idc343", "id___ccw_255:": "idc344", "id___ccw_25:": "idc114", "id___ccw_26:": "idc115", "id___ccw_27:": "idc116", "id___ccw_28:": "idc117", "id___ccw_29:": "idc118", "id___ccw_2:": "idc91", "id___ccw_30:": "idc119", "id___ccw_31:": "idc120", "id___ccw_32:": "idc121", "id___ccw_33:": "idc122", "id___ccw_34:": "idc123", "id___ccw_35:": "idc124", "id___ccw_36:": "idc125", "id___ccw_37:": "idc126", "id___ccw_38:": "idc127", "id___ccw_39:": "idc128", "id___ccw_3:": "idc92", "id___ccw_40:": "idc129", "id___ccw_41:": "idc130", "id___ccw_42:": "idc131", "id___ccw_43:": "idc132", "id___ccw_44:": "idc133", "id___ccw_45:": "idc134", "id___ccw_46:": "idc135", "id___ccw_47:": "idc136", "id___ccw_48:": "idc137", "id___ccw_49:": "idc138", "id___ccw_4:": "idc93", "id___ccw_50:": "idc139", "id___ccw_51:": "idc140", "id___ccw_52:": "idc141", "id___ccw_53:": "idc142", "id___ccw_54:": "idc143", "id___ccw_55:": "idc144", "id___ccw_56:": "idc145", "id___ccw_57:": "idc146", "id___ccw_58:": "idc147", "id___ccw_59:": "idc148", "id___ccw_5:": "idc94", "id___ccw_60:": "idc149", "id___ccw_61:": "idc150", "id___ccw_62:": "idc151", "id___ccw_63:": "idc152", "id___ccw_64:": "idc153", "id___ccw_65:": "idc154", "id___ccw_66:": "idc155", "id___ccw_67:": "idc156", "id___ccw_68:": "idc157", "id___ccw_69:": "idc158", "id___ccw_6:": "idc95", "id___ccw_70:": "idc159", "id___ccw_71:": "idc160", "id___ccw_72:": "idc161", "id___ccw_73:": "idc162", "id___ccw_74:": "idc163", "id___ccw_75:": "idc164", "id___ccw_76:": "idc165", "id___ccw_77:": "idc166", "id___ccw_78:": "idc167", "id___ccw_79:": "idc168", "id___ccw_7:": "idc96", "id___ccw_80:": "idc169", "id___ccw_81:": "idc170", "id___ccw_82:": "idc171", "id___ccw_83:": "idc172", "id___ccw_84:": "idc173", "id___ccw_85:": "idc174", "id___ccw_86:": "idc175", "id___ccw_87:": "idc176", "id___ccw_88:": "idc177", "id___ccw_89:": "idc178", "id___ccw_8:": "idc97", "id___ccw_90:": "idc179", "id___ccw_91:": "idc180", "id___ccw_92:": "idc181", "id___ccw_93:": "idc182", "id___ccw_94:": "idc183", "id___ccw_95:": "idc184", "id___ccw_96:": "idc185", "id___ccw_97:": "idc186", "id___ccw_98:": "idc187", "id___ccw_99:": "idc188", "id___ccw_9:": "idc98", "id__start:": "idc86", "id_add64": "idc2", "id_and64": "idc6", "id_call": "idc29", "id_callm": "idc31", "id_callr": "idc30", "id_cvtdi": "idc65", "id_cvtds": "idc68", "id_cvtdu": "idc66", "id_cvtid": "idc61", "id_cvtis": "idc63", "id_cvtsd": "idc67", "id_cvtud": "idc62", "id_cvtus": "idc64", "id_eq": "idc19", "id_exit": "idc88", "id_fadd32": "idc54", "id_fadd64": "idc47", "id_fdiv32": "idc57", "id_fdiv64": "idc50", "id_feq32": "idc60", "id_feq64": "idc53", "id_fle32": "idc59", "id_fle64": "idc52", "id_flt32": "idc58", "id_flt64": "idc51", "id_fmul32": "idc56", "id_fmul64": "idc49", "id_fsqrt32": "idc70", "id_fsqrt64": "idc69", "id_fsub32": "idc55", "id_fsub64": "idc48", "id_imm": "idc0", "id_jump": "idc27", "id_jumpz": "idc28", "id_load64": "idc21", "id_lshr64": "idc10", "id_mov": "idc1", "id_mul64": "idc4", "id_ne": "idc20", "id_nop": "idc46", "id_or64": "idc7", "id_r0": "idc71", "id_r1": "idc72", "id_r2": "idc73", "id_r3": "idc74", "id_r4": "idc75", "id_r5": "idc76", "id_r6": "idc77", "id_r7": "idc78", "id_ret": "idc36", "id_shl64": "idc8", "id_shr64": "idc9", "id_sle64": "idc16", "id_slt64": "idc15", "id_store64": "idc22", "id_sub64": "idc3", "id_ule64": "idc18", "id_ult64": "idc17", "id_write": "idc87", "id_xor64": "idc5"}, "ids": {"-8": "idc85", ".arg": "idc38", ".argc": "idc44", ".argv": "idc45", ".div": "idc11", ".exit": "idc41", ".frame": "idc37", ".hostaddr": "idc35", ".hostcall": "idc32", ".ld": "idc23", ".lea": "idc25", ".libraryaddr": "idc34", ".librarycall": "idc33", ".mod": "idc12", ".print": "idc39", ".st": "idc24", ".sys": "idc42", ".sys6": "idc43", ".udiv": "idc13", ".umod": "idc14", ".write": "idc40", ".zero": "idc26", "0": "idc79", "1": "idc80", "2": "idc81", "3": "idc82", "4": "idc83", "8": "idc84", "__ccw_0:": "idc89", "__ccw_100:": "idc189", "__ccw_101:": "idc190", "__ccw_102:": "idc191", "__ccw_103:": "idc192", "__ccw_104:": "idc193", "__ccw_105:": "idc194", "__ccw_106:": "idc195", "__ccw_107:": "idc196", "__ccw_108:": "idc197", "__ccw_109:": "idc198", "__ccw_10:": "idc99", "__ccw_110:": "idc199", "__ccw_111:": "idc200", "__ccw_112:": "idc201", "__ccw_113:": "idc202", "__ccw_114:": "idc203", "__ccw_115:": "idc204", "__ccw_116:": "idc205", "__ccw_117:": "idc206", "__ccw_118:": "idc207", "__ccw_119:": "idc208", "__ccw_11:": "idc100", "__ccw_120:": "idc209", "__ccw_121:": "idc210", "__ccw_122:": "idc211", "__ccw_123:": "idc212", "__ccw_124:": "idc213", "__ccw_125:": "idc214", "__ccw_126:": "idc215", "__ccw_127:": "idc216", "__ccw_128:": "idc217", "__ccw_129:": "idc218", "__ccw_12:": "idc101", "__ccw_130:": "idc219", "__ccw_131:": "idc220", "__ccw_132:": "idc221", "__ccw_133:": "idc222", "__ccw_134:": "idc223", "__ccw_135:": "idc224", "__ccw_136:": "idc225", "__ccw_137:": "idc226", "__ccw_138:": "idc227", "__ccw_139:": "idc228", "__ccw_13:": "idc102", "__ccw_140:": "idc229", "__ccw_141:": "idc230", "__ccw_142:": "idc231", "__ccw_143:": "idc232", "__ccw_144:": "idc233", "__ccw_145:": "idc234", "__ccw_146:": "idc235", "__ccw_147:": "idc236", "__ccw_148:": "idc237", "__ccw_149:": "idc238", "__ccw_14:": "idc103", "__ccw_150:": "idc239", "__ccw_151:": "idc240", "__ccw_152:": "idc241", "__ccw_153:": "idc242", "__ccw_154:": "idc243", "__ccw_155:": "idc244", "__ccw_156:": "idc245", "__ccw_157:": "idc246", "__ccw_158:": "idc247", "__ccw_159:": "idc248", "__ccw_15:": "idc104", "__ccw_160:": "idc249", "__ccw_161:": "idc250", "__ccw_162:": "idc251", "__ccw_163:": "idc252", "__ccw_164:": "idc253", "__ccw_165:": "idc254", "__ccw_166:": "idc255", "__ccw_167:": "idc256", "__ccw_168:": "idc257", "__ccw_169:": "idc258", "__ccw_16:": "idc105", "__ccw_170:": "idc259", "__ccw_171:": "idc260", "__ccw_172:": "idc261", "__ccw_173:": "idc262", "__ccw_174:": "idc263", "__ccw_175:": "idc264", "__ccw_176:": "idc265", "__ccw_177:": "idc266", "__ccw_178:": "idc267", "__ccw_179:": "idc268", "__ccw_17:": "idc106", "__ccw_180:": "idc269", "__ccw_181:": "idc270", "__ccw_182:": "idc271", "__ccw_183:": "idc272", "__ccw_184:": "idc273", "__ccw_185:": "idc274", "__ccw_186:": "idc275", "__ccw_187:": "idc276", "__ccw_188:": "idc277", "__ccw_189:": "idc278", "__ccw_18:": "idc107", "__ccw_190:": "idc279", "__ccw_191:": "idc280", "__ccw_192:": "idc281", "__ccw_193:": "idc282", "__ccw_194:": "idc283", "__ccw_195:": "idc284", "__ccw_196:": "idc285", "__ccw_197:": "idc286", "__ccw_198:": "idc287", "__ccw_199:": "idc288", "__ccw_19:": "idc108", "__ccw_1:": "idc90", "__ccw_200:": "idc289", "__ccw_201:": "idc290", "__ccw_202:": "idc291", "__ccw_203:": "idc292", "__ccw_204:": "idc293", "__ccw_205:": "idc294", "__ccw_206:": "idc295", "__ccw_207:": "idc296", "__ccw_208:": "idc297", "__ccw_209:": "idc298", "__ccw_20:": "idc109", "__ccw_210:": "idc299", "__ccw_211:": "idc300", "__ccw_212:": "idc301", "__ccw_213:": "idc302", "__ccw_214:": "idc303", "__ccw_215:": "idc304", "__ccw_216:": "idc305", "__ccw_217:": "idc306", "__ccw_218:": "idc307", "__ccw_219:": "idc308", "__ccw_21:": "idc110", "__ccw_220:": "idc309", "__ccw_221:": "idc310", "__ccw_222:": "idc311", "__ccw_223:": "idc312", "__ccw_224:": "idc313", "__ccw_225:": "idc314", "__ccw_226:": "idc315", "__ccw_227:": "idc316", "__ccw_228:": "idc317", "__ccw_229:": "idc318", "__ccw_22:": "idc111", "__ccw_230:": "idc319", "__ccw_231:": "idc320", "__ccw_232:": "idc321", "__ccw_233:": "idc322", "__ccw_234:": "idc323", "__ccw_235:": "idc324", "__ccw_236:": "idc325", "__ccw_237:": "idc326", "__ccw_238:": "idc327", "__ccw_239:": "idc328", "__ccw_23:": "idc112", "__ccw_240:": "idc329", "__ccw_241:": "idc330", "__ccw_242:": "idc331", "__ccw_243:": "idc332", "__ccw_244:": "idc333", "__ccw_245:": "idc334", "__ccw_246:": "idc335", "__ccw_247:": "idc336", "__ccw_248:": "idc337", "__ccw_249:": "idc338", "__ccw_24:": "idc113", "__ccw_250:": "idc339", "__ccw_251:": "idc340", "__ccw_252:": "idc341", "__ccw_253:": "idc342", "__ccw_254:": "idc343", "__ccw_255:": "idc344", "__ccw_25:": "idc114", "__ccw_26:": "idc115", "__ccw_27:": "idc116", "__ccw_28:": "idc117", "__ccw_29:": "idc118", "__ccw_2:": "idc91", "__ccw_30:": "idc119", "__ccw_31:": "idc120", "__ccw_32:": "idc121", "__ccw_33:": "idc122", "__ccw_34:": "idc123", "__ccw_35:": "idc124", "__ccw_36:": "idc125", "__ccw_37:": "idc126", "__ccw_38:": "idc127", "__ccw_39:": "idc128", "__ccw_3:": "idc92", "__ccw_40:": "idc129", "__ccw_41:": "idc130", "__ccw_42:": "idc131", "__ccw_43:": "idc132", "__ccw_44:": "idc133", "__ccw_45:": "idc134", "__ccw_46:": "idc135", "__ccw_47:": "idc136", "__ccw_48:": "idc137", "__ccw_49:": "idc138", "__ccw_4:": "idc93", "__ccw_50:": "idc139", "__ccw_51:": "idc140", "__ccw_52:": "idc141", "__ccw_53:": "idc142", "__ccw_54:": "idc143", "__ccw_55:": "idc144", "__ccw_56:": "idc145", "__ccw_57:": "idc146", "__ccw_58:": "idc147", "__ccw_59:": "idc148", "__ccw_5:": "idc94", "__ccw_60:": "idc149", "__ccw_61:": "idc150", "__ccw_62:": "idc151", "__ccw_63:": "idc152", "__ccw_64:": "idc153", "__ccw_65:": "idc154", "__ccw_66:": "idc155", "__ccw_67:": "idc156", "__ccw_68:": "idc157", "__ccw_69:": "idc158", "__ccw_6:": "idc95", "__ccw_70:": "idc159", "__ccw_71:": "idc160", "__ccw_72:": "idc161", "__ccw_73:": "idc162", "__ccw_74:": "idc163", "__ccw_75:": "idc164", "__ccw_76:": "idc165", "__ccw_77:": "idc166", "__ccw_78:": "idc167", "__ccw_79:": "idc168", "__ccw_7:": "idc96", "__ccw_80:": "idc169", "__ccw_81:": "idc170", "__ccw_82:": "idc171", "__ccw_83:": "idc172", "__ccw_84:": "idc173", "__ccw_85:": "idc174", "__ccw_86:": "idc175", "__ccw_87:": "idc176", "__ccw_88:": "idc177", "__ccw_89:": "idc178", "__ccw_8:": "idc97", "__ccw_90:": "idc179", "__ccw_91:": "idc180", "__ccw_92:": "idc181", "__ccw_93:": "idc182", "__ccw_94:": "idc183", "__ccw_95:": "idc184", "__ccw_96:": "idc185", "__ccw_97:": "idc186", "__ccw_98:": "idc187", "__ccw_99:": "idc188", "__ccw_9:": "idc98", "_start:": "idc86", "add64": "idc2", "and64": "idc6", "call": "idc29", "callm": "idc31", "callr": "idc30", "cvtdi": "idc65", "cvtds": "idc68", "cvtdu": "idc66", "cvtid": "idc61", "cvtis": "idc63", "cvtsd": "idc67", "cvtud": "idc62", "cvtus": "idc64", "eq": "idc19", "exit": "idc88", "fadd32": "idc54", "fadd64": "idc47", "fdiv32": "idc57", "fdiv64": "idc50", "feq32": "idc60", "feq64": "idc53", "fle32": "idc59", "fle64": "idc52", "flt32": "idc58", "flt64": "idc51", "fmul32": "idc56", "fmul64": "idc49", "fsqrt32": "idc70", "fsqrt64": "idc69", "fsub32": "idc55", "fsub64": "idc48", "imm": "idc0", "jump": "idc27", "jumpz": "idc28", "load64": "idc21", "lshr64": "idc10", "mov": "idc1", "mul64": "idc4", "ne": "idc20", "nop": "idc46", "or64": "idc7", "r0": "idc71", "r1": "idc72", "r2": "idc73", "r3": "idc74", "r4": "idc75", "r5": "idc76", "r6": "idc77", "r7": "idc78", "ret": "idc36", "shl64": "idc8", "shr64": "idc9", "sle64": "idc16", "slt64": "idc15", "store64": "idc22", "sub64": "idc3", "ule64": "idc18", "ult64": "idc17", "write": "idc87", "xor64": "idc5"}, "process_flag": "false", "reg_r0": "rax", "reg_r1": "rdi", "reg_r2": "rsi", "reg_r3": "rdx", "reg_r4": "rcx", "reg_r5": "r8", "reg_r6": "r9", "reg_r7": "rsp", "reloc_call": "rel32", "reloc_jmp": "rel32", "reloc_jz": "rel32", "s0": "r11", "s1": "rbx", "scratch": "r11", "target": "osx/x86_64"}, "win/arm64": {"ADDRESS": 211106232532992, "BKIND": 215504279044096, "DESC": 213305255788544, "EXTENT": 216603790671872, "IDS": 210006720905216, "STRIDE": 6150, "SUPPORTED": 345246651121664, "WRITABLE": 217703302299648, "arch": "arm64", "form_callr": "arm", "form_load64": "arm", "hosted": true, "idmap": {"id:-8": "idc85", "id:.arg": "idc38", "id:.argc": "idc44", "id:.argv": "idc45", "id:.div": "idc11", "id:.exit": "idc41", "id:.frame": "idc37", "id:.hostaddr": "idc35", "id:.hostcall": "idc32", "id:.ld": "idc23", "id:.lea": "idc25", "id:.libraryaddr": "idc34", "id:.librarycall": "idc33", "id:.mod": "idc12", "id:.print": "idc39", "id:.st": "idc24", "id:.sys": "idc42", "id:.sys6": "idc43", "id:.udiv": "idc13", "id:.umod": "idc14", "id:.write": "idc40", "id:.zero": "idc26", "id:0": "idc79", "id:1": "idc80", "id:2": "idc81", "id:3": "idc82", "id:4": "idc83", "id:8": "idc84", "id:__ccw_0:": "idc89", "id:__ccw_100:": "idc189", "id:__ccw_101:": "idc190", "id:__ccw_102:": "idc191", "id:__ccw_103:": "idc192", "id:__ccw_104:": "idc193", "id:__ccw_105:": "idc194", "id:__ccw_106:": "idc195", "id:__ccw_107:": "idc196", "id:__ccw_108:": "idc197", "id:__ccw_109:": "idc198", "id:__ccw_10:": "idc99", "id:__ccw_110:": "idc199", "id:__ccw_111:": "idc200", "id:__ccw_112:": "idc201", "id:__ccw_113:": "idc202", "id:__ccw_114:": "idc203", "id:__ccw_115:": "idc204", "id:__ccw_116:": "idc205", "id:__ccw_117:": "idc206", "id:__ccw_118:": "idc207", "id:__ccw_119:": "idc208", "id:__ccw_11:": "idc100", "id:__ccw_120:": "idc209", "id:__ccw_121:": "idc210", "id:__ccw_122:": "idc211", "id:__ccw_123:": "idc212", "id:__ccw_124:": "idc213", "id:__ccw_125:": "idc214", "id:__ccw_126:": "idc215", "id:__ccw_127:": "idc216", "id:__ccw_128:": "idc217", "id:__ccw_129:": "idc218", "id:__ccw_12:": "idc101", "id:__ccw_130:": "idc219", "id:__ccw_131:": "idc220", "id:__ccw_132:": "idc221", "id:__ccw_133:": "idc222", "id:__ccw_134:": "idc223", "id:__ccw_135:": "idc224", "id:__ccw_136:": "idc225", "id:__ccw_137:": "idc226", "id:__ccw_138:": "idc227", "id:__ccw_139:": "idc228", "id:__ccw_13:": "idc102", "id:__ccw_140:": "idc229", "id:__ccw_141:": "idc230", "id:__ccw_142:": "idc231", "id:__ccw_143:": "idc232", "id:__ccw_144:": "idc233", "id:__ccw_145:": "idc234", "id:__ccw_146:": "idc235", "id:__ccw_147:": "idc236", "id:__ccw_148:": "idc237", "id:__ccw_149:": "idc238", "id:__ccw_14:": "idc103", "id:__ccw_150:": "idc239", "id:__ccw_151:": "idc240", "id:__ccw_152:": "idc241", "id:__ccw_153:": "idc242", "id:__ccw_154:": "idc243", "id:__ccw_155:": "idc244", "id:__ccw_156:": "idc245", "id:__ccw_157:": "idc246", "id:__ccw_158:": "idc247", "id:__ccw_159:": "idc248", "id:__ccw_15:": "idc104", "id:__ccw_160:": "idc249", "id:__ccw_161:": "idc250", "id:__ccw_162:": "idc251", "id:__ccw_163:": "idc252", "id:__ccw_164:": "idc253", "id:__ccw_165:": "idc254", "id:__ccw_166:": "idc255", "id:__ccw_167:": "idc256", "id:__ccw_168:": "idc257", "id:__ccw_169:": "idc258", "id:__ccw_16:": "idc105", "id:__ccw_170:": "idc259", "id:__ccw_171:": "idc260", "id:__ccw_172:": "idc261", "id:__ccw_173:": "idc262", "id:__ccw_174:": "idc263", "id:__ccw_175:": "idc264", "id:__ccw_176:": "idc265", "id:__ccw_177:": "idc266", "id:__ccw_178:": "idc267", "id:__ccw_179:": "idc268", "id:__ccw_17:": "idc106", "id:__ccw_180:": "idc269", "id:__ccw_181:": "idc270", "id:__ccw_182:": "idc271", "id:__ccw_183:": "idc272", "id:__ccw_184:": "idc273", "id:__ccw_185:": "idc274", "id:__ccw_186:": "idc275", "id:__ccw_187:": "idc276", "id:__ccw_188:": "idc277", "id:__ccw_189:": "idc278", "id:__ccw_18:": "idc107", "id:__ccw_190:": "idc279", "id:__ccw_191:": "idc280", "id:__ccw_192:": "idc281", "id:__ccw_193:": "idc282", "id:__ccw_194:": "idc283", "id:__ccw_195:": "idc284", "id:__ccw_196:": "idc285", "id:__ccw_197:": "idc286", "id:__ccw_198:": "idc287", "id:__ccw_199:": "idc288", "id:__ccw_19:": "idc108", "id:__ccw_1:": "idc90", "id:__ccw_200:": "idc289", "id:__ccw_201:": "idc290", "id:__ccw_202:": "idc291", "id:__ccw_203:": "idc292", "id:__ccw_204:": "idc293", "id:__ccw_205:": "idc294", "id:__ccw_206:": "idc295", "id:__ccw_207:": "idc296", "id:__ccw_208:": "idc297", "id:__ccw_209:": "idc298", "id:__ccw_20:": "idc109", "id:__ccw_210:": "idc299", "id:__ccw_211:": "idc300", "id:__ccw_212:": "idc301", "id:__ccw_213:": "idc302", "id:__ccw_214:": "idc303", "id:__ccw_215:": "idc304", "id:__ccw_216:": "idc305", "id:__ccw_217:": "idc306", "id:__ccw_218:": "idc307", "id:__ccw_219:": "idc308", "id:__ccw_21:": "idc110", "id:__ccw_220:": "idc309", "id:__ccw_221:": "idc310", "id:__ccw_222:": "idc311", "id:__ccw_223:": "idc312", "id:__ccw_224:": "idc313", "id:__ccw_225:": "idc314", "id:__ccw_226:": "idc315", "id:__ccw_227:": "idc316", "id:__ccw_228:": "idc317", "id:__ccw_229:": "idc318", "id:__ccw_22:": "idc111", "id:__ccw_230:": "idc319", "id:__ccw_231:": "idc320", "id:__ccw_232:": "idc321", "id:__ccw_233:": "idc322", "id:__ccw_234:": "idc323", "id:__ccw_235:": "idc324", "id:__ccw_236:": "idc325", "id:__ccw_237:": "idc326", "id:__ccw_238:": "idc327", "id:__ccw_239:": "idc328", "id:__ccw_23:": "idc112", "id:__ccw_240:": "idc329", "id:__ccw_241:": "idc330", "id:__ccw_242:": "idc331", "id:__ccw_243:": "idc332", "id:__ccw_244:": "idc333", "id:__ccw_245:": "idc334", "id:__ccw_246:": "idc335", "id:__ccw_247:": "idc336", "id:__ccw_248:": "idc337", "id:__ccw_249:": "idc338", "id:__ccw_24:": "idc113", "id:__ccw_250:": "idc339", "id:__ccw_251:": "idc340", "id:__ccw_252:": "idc341", "id:__ccw_253:": "idc342", "id:__ccw_254:": "idc343", "id:__ccw_255:": "idc344", "id:__ccw_25:": "idc114", "id:__ccw_26:": "idc115", "id:__ccw_27:": "idc116", "id:__ccw_28:": "idc117", "id:__ccw_29:": "idc118", "id:__ccw_2:": "idc91", "id:__ccw_30:": "idc119", "id:__ccw_31:": "idc120", "id:__ccw_32:": "idc121", "id:__ccw_33:": "idc122", "id:__ccw_34:": "idc123", "id:__ccw_35:": "idc124", "id:__ccw_36:": "idc125", "id:__ccw_37:": "idc126", "id:__ccw_38:": "idc127", "id:__ccw_39:": "idc128", "id:__ccw_3:": "idc92", "id:__ccw_40:": "idc129", "id:__ccw_41:": "idc130", "id:__ccw_42:": "idc131", "id:__ccw_43:": "idc132", "id:__ccw_44:": "idc133", "id:__ccw_45:": "idc134", "id:__ccw_46:": "idc135", "id:__ccw_47:": "idc136", "id:__ccw_48:": "idc137", "id:__ccw_49:": "idc138", "id:__ccw_4:": "idc93", "id:__ccw_50:": "idc139", "id:__ccw_51:": "idc140", "id:__ccw_52:": "idc141", "id:__ccw_53:": "idc142", "id:__ccw_54:": "idc143", "id:__ccw_55:": "idc144", "id:__ccw_56:": "idc145", "id:__ccw_57:": "idc146", "id:__ccw_58:": "idc147", "id:__ccw_59:": "idc148", "id:__ccw_5:": "idc94", "id:__ccw_60:": "idc149", "id:__ccw_61:": "idc150", "id:__ccw_62:": "idc151", "id:__ccw_63:": "idc152", "id:__ccw_64:": "idc153", "id:__ccw_65:": "idc154", "id:__ccw_66:": "idc155", "id:__ccw_67:": "idc156", "id:__ccw_68:": "idc157", "id:__ccw_69:": "idc158", "id:__ccw_6:": "idc95", "id:__ccw_70:": "idc159", "id:__ccw_71:": "idc160", "id:__ccw_72:": "idc161", "id:__ccw_73:": "idc162", "id:__ccw_74:": "idc163", "id:__ccw_75:": "idc164", "id:__ccw_76:": "idc165", "id:__ccw_77:": "idc166", "id:__ccw_78:": "idc167", "id:__ccw_79:": "idc168", "id:__ccw_7:": "idc96", "id:__ccw_80:": "idc169", "id:__ccw_81:": "idc170", "id:__ccw_82:": "idc171", "id:__ccw_83:": "idc172", "id:__ccw_84:": "idc173", "id:__ccw_85:": "idc174", "id:__ccw_86:": "idc175", "id:__ccw_87:": "idc176", "id:__ccw_88:": "idc177", "id:__ccw_89:": "idc178", "id:__ccw_8:": "idc97", "id:__ccw_90:": "idc179", "id:__ccw_91:": "idc180", "id:__ccw_92:": "idc181", "id:__ccw_93:": "idc182", "id:__ccw_94:": "idc183", "id:__ccw_95:": "idc184", "id:__ccw_96:": "idc185", "id:__ccw_97:": "idc186", "id:__ccw_98:": "idc187", "id:__ccw_99:": "idc188", "id:__ccw_9:": "idc98", "id:_start:": "idc86", "id:add64": "idc2", "id:and64": "idc6", "id:call": "idc29", "id:callm": "idc31", "id:callr": "idc30", "id:cvtdi": "idc65", "id:cvtds": "idc68", "id:cvtdu": "idc66", "id:cvtid": "idc61", "id:cvtis": "idc63", "id:cvtsd": "idc67", "id:cvtud": "idc62", "id:cvtus": "idc64", "id:eq": "idc19", "id:exit": "idc88", "id:fadd32": "idc54", "id:fadd64": "idc47", "id:fdiv32": "idc57", "id:fdiv64": "idc50", "id:feq32": "idc60", "id:feq64": "idc53", "id:fle32": "idc59", "id:fle64": "idc52", "id:flt32": "idc58", "id:flt64": "idc51", "id:fmul32": "idc56", "id:fmul64": "idc49", "id:fsqrt32": "idc70", "id:fsqrt64": "idc69", "id:fsub32": "idc55", "id:fsub64": "idc48", "id:imm": "idc0", "id:jump": "idc27", "id:jumpz": "idc28", "id:load64": "idc21", "id:lshr64": "idc10", "id:mov": "idc1", "id:mul64": "idc4", "id:ne": "idc20", "id:nop": "idc46", "id:or64": "idc7", "id:r0": "idc71", "id:r1": "idc72", "id:r2": "idc73", "id:r3": "idc74", "id:r4": "idc75", "id:r5": "idc76", "id:r6": "idc77", "id:r7": "idc78", "id:ret": "idc36", "id:shl64": "idc8", "id:shr64": "idc9", "id:sle64": "idc16", "id:slt64": "idc15", "id:store64": "idc22", "id:sub64": "idc3", "id:ule64": "idc18", "id:ult64": "idc17", "id:write": "idc87", "id:xor64": "idc5"}, "idmapu": {"id_-8": "idc85", "id_.arg": "idc38", "id_.argc": "idc44", "id_.argv": "idc45", "id_.div": "idc11", "id_.exit": "idc41", "id_.frame": "idc37", "id_.hostaddr": "idc35", "id_.hostcall": "idc32", "id_.ld": "idc23", "id_.lea": "idc25", "id_.libraryaddr": "idc34", "id_.librarycall": "idc33", "id_.mod": "idc12", "id_.print": "idc39", "id_.st": "idc24", "id_.sys": "idc42", "id_.sys6": "idc43", "id_.udiv": "idc13", "id_.umod": "idc14", "id_.write": "idc40", "id_.zero": "idc26", "id_0": "idc79", "id_1": "idc80", "id_2": "idc81", "id_3": "idc82", "id_4": "idc83", "id_8": "idc84", "id___ccw_0:": "idc89", "id___ccw_100:": "idc189", "id___ccw_101:": "idc190", "id___ccw_102:": "idc191", "id___ccw_103:": "idc192", "id___ccw_104:": "idc193", "id___ccw_105:": "idc194", "id___ccw_106:": "idc195", "id___ccw_107:": "idc196", "id___ccw_108:": "idc197", "id___ccw_109:": "idc198", "id___ccw_10:": "idc99", "id___ccw_110:": "idc199", "id___ccw_111:": "idc200", "id___ccw_112:": "idc201", "id___ccw_113:": "idc202", "id___ccw_114:": "idc203", "id___ccw_115:": "idc204", "id___ccw_116:": "idc205", "id___ccw_117:": "idc206", "id___ccw_118:": "idc207", "id___ccw_119:": "idc208", "id___ccw_11:": "idc100", "id___ccw_120:": "idc209", "id___ccw_121:": "idc210", "id___ccw_122:": "idc211", "id___ccw_123:": "idc212", "id___ccw_124:": "idc213", "id___ccw_125:": "idc214", "id___ccw_126:": "idc215", "id___ccw_127:": "idc216", "id___ccw_128:": "idc217", "id___ccw_129:": "idc218", "id___ccw_12:": "idc101", "id___ccw_130:": "idc219", "id___ccw_131:": "idc220", "id___ccw_132:": "idc221", "id___ccw_133:": "idc222", "id___ccw_134:": "idc223", "id___ccw_135:": "idc224", "id___ccw_136:": "idc225", "id___ccw_137:": "idc226", "id___ccw_138:": "idc227", "id___ccw_139:": "idc228", "id___ccw_13:": "idc102", "id___ccw_140:": "idc229", "id___ccw_141:": "idc230", "id___ccw_142:": "idc231", "id___ccw_143:": "idc232", "id___ccw_144:": "idc233", "id___ccw_145:": "idc234", "id___ccw_146:": "idc235", "id___ccw_147:": "idc236", "id___ccw_148:": "idc237", "id___ccw_149:": "idc238", "id___ccw_14:": "idc103", "id___ccw_150:": "idc239", "id___ccw_151:": "idc240", "id___ccw_152:": "idc241", "id___ccw_153:": "idc242", "id___ccw_154:": "idc243", "id___ccw_155:": "idc244", "id___ccw_156:": "idc245", "id___ccw_157:": "idc246", "id___ccw_158:": "idc247", "id___ccw_159:": "idc248", "id___ccw_15:": "idc104", "id___ccw_160:": "idc249", "id___ccw_161:": "idc250", "id___ccw_162:": "idc251", "id___ccw_163:": "idc252", "id___ccw_164:": "idc253", "id___ccw_165:": "idc254", "id___ccw_166:": "idc255", "id___ccw_167:": "idc256", "id___ccw_168:": "idc257", "id___ccw_169:": "idc258", "id___ccw_16:": "idc105", "id___ccw_170:": "idc259", "id___ccw_171:": "idc260", "id___ccw_172:": "idc261", "id___ccw_173:": "idc262", "id___ccw_174:": "idc263", "id___ccw_175:": "idc264", "id___ccw_176:": "idc265", "id___ccw_177:": "idc266", "id___ccw_178:": "idc267", "id___ccw_179:": "idc268", "id___ccw_17:": "idc106", "id___ccw_180:": "idc269", "id___ccw_181:": "idc270", "id___ccw_182:": "idc271", "id___ccw_183:": "idc272", "id___ccw_184:": "idc273", "id___ccw_185:": "idc274", "id___ccw_186:": "idc275", "id___ccw_187:": "idc276", "id___ccw_188:": "idc277", "id___ccw_189:": "idc278", "id___ccw_18:": "idc107", "id___ccw_190:": "idc279", "id___ccw_191:": "idc280", "id___ccw_192:": "idc281", "id___ccw_193:": "idc282", "id___ccw_194:": "idc283", "id___ccw_195:": "idc284", "id___ccw_196:": "idc285", "id___ccw_197:": "idc286", "id___ccw_198:": "idc287", "id___ccw_199:": "idc288", "id___ccw_19:": "idc108", "id___ccw_1:": "idc90", "id___ccw_200:": "idc289", "id___ccw_201:": "idc290", "id___ccw_202:": "idc291", "id___ccw_203:": "idc292", "id___ccw_204:": "idc293", "id___ccw_205:": "idc294", "id___ccw_206:": "idc295", "id___ccw_207:": "idc296", "id___ccw_208:": "idc297", "id___ccw_209:": "idc298", "id___ccw_20:": "idc109", "id___ccw_210:": "idc299", "id___ccw_211:": "idc300", "id___ccw_212:": "idc301", "id___ccw_213:": "idc302", "id___ccw_214:": "idc303", "id___ccw_215:": "idc304", "id___ccw_216:": "idc305", "id___ccw_217:": "idc306", "id___ccw_218:": "idc307", "id___ccw_219:": "idc308", "id___ccw_21:": "idc110", "id___ccw_220:": "idc309", "id___ccw_221:": "idc310", "id___ccw_222:": "idc311", "id___ccw_223:": "idc312", "id___ccw_224:": "idc313", "id___ccw_225:": "idc314", "id___ccw_226:": "idc315", "id___ccw_227:": "idc316", "id___ccw_228:": "idc317", "id___ccw_229:": "idc318", "id___ccw_22:": "idc111", "id___ccw_230:": "idc319", "id___ccw_231:": "idc320", "id___ccw_232:": "idc321", "id___ccw_233:": "idc322", "id___ccw_234:": "idc323", "id___ccw_235:": "idc324", "id___ccw_236:": "idc325", "id___ccw_237:": "idc326", "id___ccw_238:": "idc327", "id___ccw_239:": "idc328", "id___ccw_23:": "idc112", "id___ccw_240:": "idc329", "id___ccw_241:": "idc330", "id___ccw_242:": "idc331", "id___ccw_243:": "idc332", "id___ccw_244:": "idc333", "id___ccw_245:": "idc334", "id___ccw_246:": "idc335", "id___ccw_247:": "idc336", "id___ccw_248:": "idc337", "id___ccw_249:": "idc338", "id___ccw_24:": "idc113", "id___ccw_250:": "idc339", "id___ccw_251:": "idc340", "id___ccw_252:": "idc341", "id___ccw_253:": "idc342", "id___ccw_254:": "idc343", "id___ccw_255:": "idc344", "id___ccw_25:": "idc114", "id___ccw_26:": "idc115", "id___ccw_27:": "idc116", "id___ccw_28:": "idc117", "id___ccw_29:": "idc118", "id___ccw_2:": "idc91", "id___ccw_30:": "idc119", "id___ccw_31:": "idc120", "id___ccw_32:": "idc121", "id___ccw_33:": "idc122", "id___ccw_34:": "idc123", "id___ccw_35:": "idc124", "id___ccw_36:": "idc125", "id___ccw_37:": "idc126", "id___ccw_38:": "idc127", "id___ccw_39:": "idc128", "id___ccw_3:": "idc92", "id___ccw_40:": "idc129", "id___ccw_41:": "idc130", "id___ccw_42:": "idc131", "id___ccw_43:": "idc132", "id___ccw_44:": "idc133", "id___ccw_45:": "idc134", "id___ccw_46:": "idc135", "id___ccw_47:": "idc136", "id___ccw_48:": "idc137", "id___ccw_49:": "idc138", "id___ccw_4:": "idc93", "id___ccw_50:": "idc139", "id___ccw_51:": "idc140", "id___ccw_52:": "idc141", "id___ccw_53:": "idc142", "id___ccw_54:": "idc143", "id___ccw_55:": "idc144", "id___ccw_56:": "idc145", "id___ccw_57:": "idc146", "id___ccw_58:": "idc147", "id___ccw_59:": "idc148", "id___ccw_5:": "idc94", "id___ccw_60:": "idc149", "id___ccw_61:": "idc150", "id___ccw_62:": "idc151", "id___ccw_63:": "idc152", "id___ccw_64:": "idc153", "id___ccw_65:": "idc154", "id___ccw_66:": "idc155", "id___ccw_67:": "idc156", "id___ccw_68:": "idc157", "id___ccw_69:": "idc158", "id___ccw_6:": "idc95", "id___ccw_70:": "idc159", "id___ccw_71:": "idc160", "id___ccw_72:": "idc161", "id___ccw_73:": "idc162", "id___ccw_74:": "idc163", "id___ccw_75:": "idc164", "id___ccw_76:": "idc165", "id___ccw_77:": "idc166", "id___ccw_78:": "idc167", "id___ccw_79:": "idc168", "id___ccw_7:": "idc96", "id___ccw_80:": "idc169", "id___ccw_81:": "idc170", "id___ccw_82:": "idc171", "id___ccw_83:": "idc172", "id___ccw_84:": "idc173", "id___ccw_85:": "idc174", "id___ccw_86:": "idc175", "id___ccw_87:": "idc176", "id___ccw_88:": "idc177", "id___ccw_89:": "idc178", "id___ccw_8:": "idc97", "id___ccw_90:": "idc179", "id___ccw_91:": "idc180", "id___ccw_92:": "idc181", "id___ccw_93:": "idc182", "id___ccw_94:": "idc183", "id___ccw_95:": "idc184", "id___ccw_96:": "idc185", "id___ccw_97:": "idc186", "id___ccw_98:": "idc187", "id___ccw_99:": "idc188", "id___ccw_9:": "idc98", "id__start:": "idc86", "id_add64": "idc2", "id_and64": "idc6", "id_call": "idc29", "id_callm": "idc31", "id_callr": "idc30", "id_cvtdi": "idc65", "id_cvtds": "idc68", "id_cvtdu": "idc66", "id_cvtid": "idc61", "id_cvtis": "idc63", "id_cvtsd": "idc67", "id_cvtud": "idc62", "id_cvtus": "idc64", "id_eq": "idc19", "id_exit": "idc88", "id_fadd32": "idc54", "id_fadd64": "idc47", "id_fdiv32": "idc57", "id_fdiv64": "idc50", "id_feq32": "idc60", "id_feq64": "idc53", "id_fle32": "idc59", "id_fle64": "idc52", "id_flt32": "idc58", "id_flt64": "idc51", "id_fmul32": "idc56", "id_fmul64": "idc49", "id_fsqrt32": "idc70", "id_fsqrt64": "idc69", "id_fsub32": "idc55", "id_fsub64": "idc48", "id_imm": "idc0", "id_jump": "idc27", "id_jumpz": "idc28", "id_load64": "idc21", "id_lshr64": "idc10", "id_mov": "idc1", "id_mul64": "idc4", "id_ne": "idc20", "id_nop": "idc46", "id_or64": "idc7", "id_r0": "idc71", "id_r1": "idc72", "id_r2": "idc73", "id_r3": "idc74", "id_r4": "idc75", "id_r5": "idc76", "id_r6": "idc77", "id_r7": "idc78", "id_ret": "idc36", "id_shl64": "idc8", "id_shr64": "idc9", "id_sle64": "idc16", "id_slt64": "idc15", "id_store64": "idc22", "id_sub64": "idc3", "id_ule64": "idc18", "id_ult64": "idc17", "id_write": "idc87", "id_xor64": "idc5"}, "ids": {"-8": "idc85", ".arg": "idc38", ".argc": "idc44", ".argv": "idc45", ".div": "idc11", ".exit": "idc41", ".frame": "idc37", ".hostaddr": "idc35", ".hostcall": "idc32", ".ld": "idc23", ".lea": "idc25", ".libraryaddr": "idc34", ".librarycall": "idc33", ".mod": "idc12", ".print": "idc39", ".st": "idc24", ".sys": "idc42", ".sys6": "idc43", ".udiv": "idc13", ".umod": "idc14", ".write": "idc40", ".zero": "idc26", "0": "idc79", "1": "idc80", "2": "idc81", "3": "idc82", "4": "idc83", "8": "idc84", "__ccw_0:": "idc89", "__ccw_100:": "idc189", "__ccw_101:": "idc190", "__ccw_102:": "idc191", "__ccw_103:": "idc192", "__ccw_104:": "idc193", "__ccw_105:": "idc194", "__ccw_106:": "idc195", "__ccw_107:": "idc196", "__ccw_108:": "idc197", "__ccw_109:": "idc198", "__ccw_10:": "idc99", "__ccw_110:": "idc199", "__ccw_111:": "idc200", "__ccw_112:": "idc201", "__ccw_113:": "idc202", "__ccw_114:": "idc203", "__ccw_115:": "idc204", "__ccw_116:": "idc205", "__ccw_117:": "idc206", "__ccw_118:": "idc207", "__ccw_119:": "idc208", "__ccw_11:": "idc100", "__ccw_120:": "idc209", "__ccw_121:": "idc210", "__ccw_122:": "idc211", "__ccw_123:": "idc212", "__ccw_124:": "idc213", "__ccw_125:": "idc214", "__ccw_126:": "idc215", "__ccw_127:": "idc216", "__ccw_128:": "idc217", "__ccw_129:": "idc218", "__ccw_12:": "idc101", "__ccw_130:": "idc219", "__ccw_131:": "idc220", "__ccw_132:": "idc221", "__ccw_133:": "idc222", "__ccw_134:": "idc223", "__ccw_135:": "idc224", "__ccw_136:": "idc225", "__ccw_137:": "idc226", "__ccw_138:": "idc227", "__ccw_139:": "idc228", "__ccw_13:": "idc102", "__ccw_140:": "idc229", "__ccw_141:": "idc230", "__ccw_142:": "idc231", "__ccw_143:": "idc232", "__ccw_144:": "idc233", "__ccw_145:": "idc234", "__ccw_146:": "idc235", "__ccw_147:": "idc236", "__ccw_148:": "idc237", "__ccw_149:": "idc238", "__ccw_14:": "idc103", "__ccw_150:": "idc239", "__ccw_151:": "idc240", "__ccw_152:": "idc241", "__ccw_153:": "idc242", "__ccw_154:": "idc243", "__ccw_155:": "idc244", "__ccw_156:": "idc245", "__ccw_157:": "idc246", "__ccw_158:": "idc247", "__ccw_159:": "idc248", "__ccw_15:": "idc104", "__ccw_160:": "idc249", "__ccw_161:": "idc250", "__ccw_162:": "idc251", "__ccw_163:": "idc252", "__ccw_164:": "idc253", "__ccw_165:": "idc254", "__ccw_166:": "idc255", "__ccw_167:": "idc256", "__ccw_168:": "idc257", "__ccw_169:": "idc258", "__ccw_16:": "idc105", "__ccw_170:": "idc259", "__ccw_171:": "idc260", "__ccw_172:": "idc261", "__ccw_173:": "idc262", "__ccw_174:": "idc263", "__ccw_175:": "idc264", "__ccw_176:": "idc265", "__ccw_177:": "idc266", "__ccw_178:": "idc267", "__ccw_179:": "idc268", "__ccw_17:": "idc106", "__ccw_180:": "idc269", "__ccw_181:": "idc270", "__ccw_182:": "idc271", "__ccw_183:": "idc272", "__ccw_184:": "idc273", "__ccw_185:": "idc274", "__ccw_186:": "idc275", "__ccw_187:": "idc276", "__ccw_188:": "idc277", "__ccw_189:": "idc278", "__ccw_18:": "idc107", "__ccw_190:": "idc279", "__ccw_191:": "idc280", "__ccw_192:": "idc281", "__ccw_193:": "idc282", "__ccw_194:": "idc283", "__ccw_195:": "idc284", "__ccw_196:": "idc285", "__ccw_197:": "idc286", "__ccw_198:": "idc287", "__ccw_199:": "idc288", "__ccw_19:": "idc108", "__ccw_1:": "idc90", "__ccw_200:": "idc289", "__ccw_201:": "idc290", "__ccw_202:": "idc291", "__ccw_203:": "idc292", "__ccw_204:": "idc293", "__ccw_205:": "idc294", "__ccw_206:": "idc295", "__ccw_207:": "idc296", "__ccw_208:": "idc297", "__ccw_209:": "idc298", "__ccw_20:": "idc109", "__ccw_210:": "idc299", "__ccw_211:": "idc300", "__ccw_212:": "idc301", "__ccw_213:": "idc302", "__ccw_214:": "idc303", "__ccw_215:": "idc304", "__ccw_216:": "idc305", "__ccw_217:": "idc306", "__ccw_218:": "idc307", "__ccw_219:": "idc308", "__ccw_21:": "idc110", "__ccw_220:": "idc309", "__ccw_221:": "idc310", "__ccw_222:": "idc311", "__ccw_223:": "idc312", "__ccw_224:": "idc313", "__ccw_225:": "idc314", "__ccw_226:": "idc315", "__ccw_227:": "idc316", "__ccw_228:": "idc317", "__ccw_229:": "idc318", "__ccw_22:": "idc111", "__ccw_230:": "idc319", "__ccw_231:": "idc320", "__ccw_232:": "idc321", "__ccw_233:": "idc322", "__ccw_234:": "idc323", "__ccw_235:": "idc324", "__ccw_236:": "idc325", "__ccw_237:": "idc326", "__ccw_238:": "idc327", "__ccw_239:": "idc328", "__ccw_23:": "idc112", "__ccw_240:": "idc329", "__ccw_241:": "idc330", "__ccw_242:": "idc331", "__ccw_243:": "idc332", "__ccw_244:": "idc333", "__ccw_245:": "idc334", "__ccw_246:": "idc335", "__ccw_247:": "idc336", "__ccw_248:": "idc337", "__ccw_249:": "idc338", "__ccw_24:": "idc113", "__ccw_250:": "idc339", "__ccw_251:": "idc340", "__ccw_252:": "idc341", "__ccw_253:": "idc342", "__ccw_254:": "idc343", "__ccw_255:": "idc344", "__ccw_25:": "idc114", "__ccw_26:": "idc115", "__ccw_27:": "idc116", "__ccw_28:": "idc117", "__ccw_29:": "idc118", "__ccw_2:": "idc91", "__ccw_30:": "idc119", "__ccw_31:": "idc120", "__ccw_32:": "idc121", "__ccw_33:": "idc122", "__ccw_34:": "idc123", "__ccw_35:": "idc124", "__ccw_36:": "idc125", "__ccw_37:": "idc126", "__ccw_38:": "idc127", "__ccw_39:": "idc128", "__ccw_3:": "idc92", "__ccw_40:": "idc129", "__ccw_41:": "idc130", "__ccw_42:": "idc131", "__ccw_43:": "idc132", "__ccw_44:": "idc133", "__ccw_45:": "idc134", "__ccw_46:": "idc135", "__ccw_47:": "idc136", "__ccw_48:": "idc137", "__ccw_49:": "idc138", "__ccw_4:": "idc93", "__ccw_50:": "idc139", "__ccw_51:": "idc140", "__ccw_52:": "idc141", "__ccw_53:": "idc142", "__ccw_54:": "idc143", "__ccw_55:": "idc144", "__ccw_56:": "idc145", "__ccw_57:": "idc146", "__ccw_58:": "idc147", "__ccw_59:": "idc148", "__ccw_5:": "idc94", "__ccw_60:": "idc149", "__ccw_61:": "idc150", "__ccw_62:": "idc151", "__ccw_63:": "idc152", "__ccw_64:": "idc153", "__ccw_65:": "idc154", "__ccw_66:": "idc155", "__ccw_67:": "idc156", "__ccw_68:": "idc157", "__ccw_69:": "idc158", "__ccw_6:": "idc95", "__ccw_70:": "idc159", "__ccw_71:": "idc160", "__ccw_72:": "idc161", "__ccw_73:": "idc162", "__ccw_74:": "idc163", "__ccw_75:": "idc164", "__ccw_76:": "idc165", "__ccw_77:": "idc166", "__ccw_78:": "idc167", "__ccw_79:": "idc168", "__ccw_7:": "idc96", "__ccw_80:": "idc169", "__ccw_81:": "idc170", "__ccw_82:": "idc171", "__ccw_83:": "idc172", "__ccw_84:": "idc173", "__ccw_85:": "idc174", "__ccw_86:": "idc175", "__ccw_87:": "idc176", "__ccw_88:": "idc177", "__ccw_89:": "idc178", "__ccw_8:": "idc97", "__ccw_90:": "idc179", "__ccw_91:": "idc180", "__ccw_92:": "idc181", "__ccw_93:": "idc182", "__ccw_94:": "idc183", "__ccw_95:": "idc184", "__ccw_96:": "idc185", "__ccw_97:": "idc186", "__ccw_98:": "idc187", "__ccw_99:": "idc188", "__ccw_9:": "idc98", "_start:": "idc86", "add64": "idc2", "and64": "idc6", "call": "idc29", "callm": "idc31", "callr": "idc30", "cvtdi": "idc65", "cvtds": "idc68", "cvtdu": "idc66", "cvtid": "idc61", "cvtis": "idc63", "cvtsd": "idc67", "cvtud": "idc62", "cvtus": "idc64", "eq": "idc19", "exit": "idc88", "fadd32": "idc54", "fadd64": "idc47", "fdiv32": "idc57", "fdiv64": "idc50", "feq32": "idc60", "feq64": "idc53", "fle32": "idc59", "fle64": "idc52", "flt32": "idc58", "flt64": "idc51", "fmul32": "idc56", "fmul64": "idc49", "fsqrt32": "idc70", "fsqrt64": "idc69", "fsub32": "idc55", "fsub64": "idc48", "imm": "idc0", "jump": "idc27", "jumpz": "idc28", "load64": "idc21", "lshr64": "idc10", "mov": "idc1", "mul64": "idc4", "ne": "idc20", "nop": "idc46", "or64": "idc7", "r0": "idc71", "r1": "idc72", "r2": "idc73", "r3": "idc74", "r4": "idc75", "r5": "idc76", "r6": "idc77", "r7": "idc78", "ret": "idc36", "shl64": "idc8", "shr64": "idc9", "sle64": "idc16", "slt64": "idc15", "store64": "idc22", "sub64": "idc3", "ule64": "idc18", "ult64": "idc17", "write": "idc87", "xor64": "idc5"}, "process_flag": "false", "reg_r0": "x0", "reg_r1": "x1", "reg_r2": "x2", "reg_r3": "x3", "reg_r4": "x4", "reg_r5": "x5", "reg_r6": "x6", "reg_r7": "x7", "reloc_call": "arm26", "reloc_jmp": "arm26", "reloc_jz": "arm19", "s0": "x16", "s1": "x17", "scratch": "x16", "target": "win/arm64"}, "win/x86_64": {"ADDRESS": 211106232532992, "BKIND": 215504279044096, "DESC": 213305255788544, "EXTENT": 216603790671872, "IDS": 210006720905216, "STRIDE": 6150, "SUPPORTED": 345246651121664, "WRITABLE": 217703302299648, "arch": "x86_64", "form_callr": "x86", "form_load64": "x86", "hosted": true, "idmap": {"id:-8": "idc85", "id:.arg": "idc38", "id:.argc": "idc44", "id:.argv": "idc45", "id:.div": "idc11", "id:.exit": "idc41", "id:.frame": "idc37", "id:.hostaddr": "idc35", "id:.hostcall": "idc32", "id:.ld": "idc23", "id:.lea": "idc25", "id:.libraryaddr": "idc34", "id:.librarycall": "idc33", "id:.mod": "idc12", "id:.print": "idc39", "id:.st": "idc24", "id:.sys": "idc42", "id:.sys6": "idc43", "id:.udiv": "idc13", "id:.umod": "idc14", "id:.write": "idc40", "id:.zero": "idc26", "id:0": "idc79", "id:1": "idc80", "id:2": "idc81", "id:3": "idc82", "id:4": "idc83", "id:8": "idc84", "id:__ccw_0:": "idc89", "id:__ccw_100:": "idc189", "id:__ccw_101:": "idc190", "id:__ccw_102:": "idc191", "id:__ccw_103:": "idc192", "id:__ccw_104:": "idc193", "id:__ccw_105:": "idc194", "id:__ccw_106:": "idc195", "id:__ccw_107:": "idc196", "id:__ccw_108:": "idc197", "id:__ccw_109:": "idc198", "id:__ccw_10:": "idc99", "id:__ccw_110:": "idc199", "id:__ccw_111:": "idc200", "id:__ccw_112:": "idc201", "id:__ccw_113:": "idc202", "id:__ccw_114:": "idc203", "id:__ccw_115:": "idc204", "id:__ccw_116:": "idc205", "id:__ccw_117:": "idc206", "id:__ccw_118:": "idc207", "id:__ccw_119:": "idc208", "id:__ccw_11:": "idc100", "id:__ccw_120:": "idc209", "id:__ccw_121:": "idc210", "id:__ccw_122:": "idc211", "id:__ccw_123:": "idc212", "id:__ccw_124:": "idc213", "id:__ccw_125:": "idc214", "id:__ccw_126:": "idc215", "id:__ccw_127:": "idc216", "id:__ccw_128:": "idc217", "id:__ccw_129:": "idc218", "id:__ccw_12:": "idc101", "id:__ccw_130:": "idc219", "id:__ccw_131:": "idc220", "id:__ccw_132:": "idc221", "id:__ccw_133:": "idc222", "id:__ccw_134:": "idc223", "id:__ccw_135:": "idc224", "id:__ccw_136:": "idc225", "id:__ccw_137:": "idc226", "id:__ccw_138:": "idc227", "id:__ccw_139:": "idc228", "id:__ccw_13:": "idc102", "id:__ccw_140:": "idc229", "id:__ccw_141:": "idc230", "id:__ccw_142:": "idc231", "id:__ccw_143:": "idc232", "id:__ccw_144:": "idc233", "id:__ccw_145:": "idc234", "id:__ccw_146:": "idc235", "id:__ccw_147:": "idc236", "id:__ccw_148:": "idc237", "id:__ccw_149:": "idc238", "id:__ccw_14:": "idc103", "id:__ccw_150:": "idc239", "id:__ccw_151:": "idc240", "id:__ccw_152:": "idc241", "id:__ccw_153:": "idc242", "id:__ccw_154:": "idc243", "id:__ccw_155:": "idc244", "id:__ccw_156:": "idc245", "id:__ccw_157:": "idc246", "id:__ccw_158:": "idc247", "id:__ccw_159:": "idc248", "id:__ccw_15:": "idc104", "id:__ccw_160:": "idc249", "id:__ccw_161:": "idc250", "id:__ccw_162:": "idc251", "id:__ccw_163:": "idc252", "id:__ccw_164:": "idc253", "id:__ccw_165:": "idc254", "id:__ccw_166:": "idc255", "id:__ccw_167:": "idc256", "id:__ccw_168:": "idc257", "id:__ccw_169:": "idc258", "id:__ccw_16:": "idc105", "id:__ccw_170:": "idc259", "id:__ccw_171:": "idc260", "id:__ccw_172:": "idc261", "id:__ccw_173:": "idc262", "id:__ccw_174:": "idc263", "id:__ccw_175:": "idc264", "id:__ccw_176:": "idc265", "id:__ccw_177:": "idc266", "id:__ccw_178:": "idc267", "id:__ccw_179:": "idc268", "id:__ccw_17:": "idc106", "id:__ccw_180:": "idc269", "id:__ccw_181:": "idc270", "id:__ccw_182:": "idc271", "id:__ccw_183:": "idc272", "id:__ccw_184:": "idc273", "id:__ccw_185:": "idc274", "id:__ccw_186:": "idc275", "id:__ccw_187:": "idc276", "id:__ccw_188:": "idc277", "id:__ccw_189:": "idc278", "id:__ccw_18:": "idc107", "id:__ccw_190:": "idc279", "id:__ccw_191:": "idc280", "id:__ccw_192:": "idc281", "id:__ccw_193:": "idc282", "id:__ccw_194:": "idc283", "id:__ccw_195:": "idc284", "id:__ccw_196:": "idc285", "id:__ccw_197:": "idc286", "id:__ccw_198:": "idc287", "id:__ccw_199:": "idc288", "id:__ccw_19:": "idc108", "id:__ccw_1:": "idc90", "id:__ccw_200:": "idc289", "id:__ccw_201:": "idc290", "id:__ccw_202:": "idc291", "id:__ccw_203:": "idc292", "id:__ccw_204:": "idc293", "id:__ccw_205:": "idc294", "id:__ccw_206:": "idc295", "id:__ccw_207:": "idc296", "id:__ccw_208:": "idc297", "id:__ccw_209:": "idc298", "id:__ccw_20:": "idc109", "id:__ccw_210:": "idc299", "id:__ccw_211:": "idc300", "id:__ccw_212:": "idc301", "id:__ccw_213:": "idc302", "id:__ccw_214:": "idc303", "id:__ccw_215:": "idc304", "id:__ccw_216:": "idc305", "id:__ccw_217:": "idc306", "id:__ccw_218:": "idc307", "id:__ccw_219:": "idc308", "id:__ccw_21:": "idc110", "id:__ccw_220:": "idc309", "id:__ccw_221:": "idc310", "id:__ccw_222:": "idc311", "id:__ccw_223:": "idc312", "id:__ccw_224:": "idc313", "id:__ccw_225:": "idc314", "id:__ccw_226:": "idc315", "id:__ccw_227:": "idc316", "id:__ccw_228:": "idc317", "id:__ccw_229:": "idc318", "id:__ccw_22:": "idc111", "id:__ccw_230:": "idc319", "id:__ccw_231:": "idc320", "id:__ccw_232:": "idc321", "id:__ccw_233:": "idc322", "id:__ccw_234:": "idc323", "id:__ccw_235:": "idc324", "id:__ccw_236:": "idc325", "id:__ccw_237:": "idc326", "id:__ccw_238:": "idc327", "id:__ccw_239:": "idc328", "id:__ccw_23:": "idc112", "id:__ccw_240:": "idc329", "id:__ccw_241:": "idc330", "id:__ccw_242:": "idc331", "id:__ccw_243:": "idc332", "id:__ccw_244:": "idc333", "id:__ccw_245:": "idc334", "id:__ccw_246:": "idc335", "id:__ccw_247:": "idc336", "id:__ccw_248:": "idc337", "id:__ccw_249:": "idc338", "id:__ccw_24:": "idc113", "id:__ccw_250:": "idc339", "id:__ccw_251:": "idc340", "id:__ccw_252:": "idc341", "id:__ccw_253:": "idc342", "id:__ccw_254:": "idc343", "id:__ccw_255:": "idc344", "id:__ccw_25:": "idc114", "id:__ccw_26:": "idc115", "id:__ccw_27:": "idc116", "id:__ccw_28:": "idc117", "id:__ccw_29:": "idc118", "id:__ccw_2:": "idc91", "id:__ccw_30:": "idc119", "id:__ccw_31:": "idc120", "id:__ccw_32:": "idc121", "id:__ccw_33:": "idc122", "id:__ccw_34:": "idc123", "id:__ccw_35:": "idc124", "id:__ccw_36:": "idc125", "id:__ccw_37:": "idc126", "id:__ccw_38:": "idc127", "id:__ccw_39:": "idc128", "id:__ccw_3:": "idc92", "id:__ccw_40:": "idc129", "id:__ccw_41:": "idc130", "id:__ccw_42:": "idc131", "id:__ccw_43:": "idc132", "id:__ccw_44:": "idc133", "id:__ccw_45:": "idc134", "id:__ccw_46:": "idc135", "id:__ccw_47:": "idc136", "id:__ccw_48:": "idc137", "id:__ccw_49:": "idc138", "id:__ccw_4:": "idc93", "id:__ccw_50:": "idc139", "id:__ccw_51:": "idc140", "id:__ccw_52:": "idc141", "id:__ccw_53:": "idc142", "id:__ccw_54:": "idc143", "id:__ccw_55:": "idc144", "id:__ccw_56:": "idc145", "id:__ccw_57:": "idc146", "id:__ccw_58:": "idc147", "id:__ccw_59:": "idc148", "id:__ccw_5:": "idc94", "id:__ccw_60:": "idc149", "id:__ccw_61:": "idc150", "id:__ccw_62:": "idc151", "id:__ccw_63:": "idc152", "id:__ccw_64:": "idc153", "id:__ccw_65:": "idc154", "id:__ccw_66:": "idc155", "id:__ccw_67:": "idc156", "id:__ccw_68:": "idc157", "id:__ccw_69:": "idc158", "id:__ccw_6:": "idc95", "id:__ccw_70:": "idc159", "id:__ccw_71:": "idc160", "id:__ccw_72:": "idc161", "id:__ccw_73:": "idc162", "id:__ccw_74:": "idc163", "id:__ccw_75:": "idc164", "id:__ccw_76:": "idc165", "id:__ccw_77:": "idc166", "id:__ccw_78:": "idc167", "id:__ccw_79:": "idc168", "id:__ccw_7:": "idc96", "id:__ccw_80:": "idc169", "id:__ccw_81:": "idc170", "id:__ccw_82:": "idc171", "id:__ccw_83:": "idc172", "id:__ccw_84:": "idc173", "id:__ccw_85:": "idc174", "id:__ccw_86:": "idc175", "id:__ccw_87:": "idc176", "id:__ccw_88:": "idc177", "id:__ccw_89:": "idc178", "id:__ccw_8:": "idc97", "id:__ccw_90:": "idc179", "id:__ccw_91:": "idc180", "id:__ccw_92:": "idc181", "id:__ccw_93:": "idc182", "id:__ccw_94:": "idc183", "id:__ccw_95:": "idc184", "id:__ccw_96:": "idc185", "id:__ccw_97:": "idc186", "id:__ccw_98:": "idc187", "id:__ccw_99:": "idc188", "id:__ccw_9:": "idc98", "id:_start:": "idc86", "id:add64": "idc2", "id:and64": "idc6", "id:call": "idc29", "id:callm": "idc31", "id:callr": "idc30", "id:cvtdi": "idc65", "id:cvtds": "idc68", "id:cvtdu": "idc66", "id:cvtid": "idc61", "id:cvtis": "idc63", "id:cvtsd": "idc67", "id:cvtud": "idc62", "id:cvtus": "idc64", "id:eq": "idc19", "id:exit": "idc88", "id:fadd32": "idc54", "id:fadd64": "idc47", "id:fdiv32": "idc57", "id:fdiv64": "idc50", "id:feq32": "idc60", "id:feq64": "idc53", "id:fle32": "idc59", "id:fle64": "idc52", "id:flt32": "idc58", "id:flt64": "idc51", "id:fmul32": "idc56", "id:fmul64": "idc49", "id:fsqrt32": "idc70", "id:fsqrt64": "idc69", "id:fsub32": "idc55", "id:fsub64": "idc48", "id:imm": "idc0", "id:jump": "idc27", "id:jumpz": "idc28", "id:load64": "idc21", "id:lshr64": "idc10", "id:mov": "idc1", "id:mul64": "idc4", "id:ne": "idc20", "id:nop": "idc46", "id:or64": "idc7", "id:r0": "idc71", "id:r1": "idc72", "id:r2": "idc73", "id:r3": "idc74", "id:r4": "idc75", "id:r5": "idc76", "id:r6": "idc77", "id:r7": "idc78", "id:ret": "idc36", "id:shl64": "idc8", "id:shr64": "idc9", "id:sle64": "idc16", "id:slt64": "idc15", "id:store64": "idc22", "id:sub64": "idc3", "id:ule64": "idc18", "id:ult64": "idc17", "id:write": "idc87", "id:xor64": "idc5"}, "idmapu": {"id_-8": "idc85", "id_.arg": "idc38", "id_.argc": "idc44", "id_.argv": "idc45", "id_.div": "idc11", "id_.exit": "idc41", "id_.frame": "idc37", "id_.hostaddr": "idc35", "id_.hostcall": "idc32", "id_.ld": "idc23", "id_.lea": "idc25", "id_.libraryaddr": "idc34", "id_.librarycall": "idc33", "id_.mod": "idc12", "id_.print": "idc39", "id_.st": "idc24", "id_.sys": "idc42", "id_.sys6": "idc43", "id_.udiv": "idc13", "id_.umod": "idc14", "id_.write": "idc40", "id_.zero": "idc26", "id_0": "idc79", "id_1": "idc80", "id_2": "idc81", "id_3": "idc82", "id_4": "idc83", "id_8": "idc84", "id___ccw_0:": "idc89", "id___ccw_100:": "idc189", "id___ccw_101:": "idc190", "id___ccw_102:": "idc191", "id___ccw_103:": "idc192", "id___ccw_104:": "idc193", "id___ccw_105:": "idc194", "id___ccw_106:": "idc195", "id___ccw_107:": "idc196", "id___ccw_108:": "idc197", "id___ccw_109:": "idc198", "id___ccw_10:": "idc99", "id___ccw_110:": "idc199", "id___ccw_111:": "idc200", "id___ccw_112:": "idc201", "id___ccw_113:": "idc202", "id___ccw_114:": "idc203", "id___ccw_115:": "idc204", "id___ccw_116:": "idc205", "id___ccw_117:": "idc206", "id___ccw_118:": "idc207", "id___ccw_119:": "idc208", "id___ccw_11:": "idc100", "id___ccw_120:": "idc209", "id___ccw_121:": "idc210", "id___ccw_122:": "idc211", "id___ccw_123:": "idc212", "id___ccw_124:": "idc213", "id___ccw_125:": "idc214", "id___ccw_126:": "idc215", "id___ccw_127:": "idc216", "id___ccw_128:": "idc217", "id___ccw_129:": "idc218", "id___ccw_12:": "idc101", "id___ccw_130:": "idc219", "id___ccw_131:": "idc220", "id___ccw_132:": "idc221", "id___ccw_133:": "idc222", "id___ccw_134:": "idc223", "id___ccw_135:": "idc224", "id___ccw_136:": "idc225", "id___ccw_137:": "idc226", "id___ccw_138:": "idc227", "id___ccw_139:": "idc228", "id___ccw_13:": "idc102", "id___ccw_140:": "idc229", "id___ccw_141:": "idc230", "id___ccw_142:": "idc231", "id___ccw_143:": "idc232", "id___ccw_144:": "idc233", "id___ccw_145:": "idc234", "id___ccw_146:": "idc235", "id___ccw_147:": "idc236", "id___ccw_148:": "idc237", "id___ccw_149:": "idc238", "id___ccw_14:": "idc103", "id___ccw_150:": "idc239", "id___ccw_151:": "idc240", "id___ccw_152:": "idc241", "id___ccw_153:": "idc242", "id___ccw_154:": "idc243", "id___ccw_155:": "idc244", "id___ccw_156:": "idc245", "id___ccw_157:": "idc246", "id___ccw_158:": "idc247", "id___ccw_159:": "idc248", "id___ccw_15:": "idc104", "id___ccw_160:": "idc249", "id___ccw_161:": "idc250", "id___ccw_162:": "idc251", "id___ccw_163:": "idc252", "id___ccw_164:": "idc253", "id___ccw_165:": "idc254", "id___ccw_166:": "idc255", "id___ccw_167:": "idc256", "id___ccw_168:": "idc257", "id___ccw_169:": "idc258", "id___ccw_16:": "idc105", "id___ccw_170:": "idc259", "id___ccw_171:": "idc260", "id___ccw_172:": "idc261", "id___ccw_173:": "idc262", "id___ccw_174:": "idc263", "id___ccw_175:": "idc264", "id___ccw_176:": "idc265", "id___ccw_177:": "idc266", "id___ccw_178:": "idc267", "id___ccw_179:": "idc268", "id___ccw_17:": "idc106", "id___ccw_180:": "idc269", "id___ccw_181:": "idc270", "id___ccw_182:": "idc271", "id___ccw_183:": "idc272", "id___ccw_184:": "idc273", "id___ccw_185:": "idc274", "id___ccw_186:": "idc275", "id___ccw_187:": "idc276", "id___ccw_188:": "idc277", "id___ccw_189:": "idc278", "id___ccw_18:": "idc107", "id___ccw_190:": "idc279", "id___ccw_191:": "idc280", "id___ccw_192:": "idc281", "id___ccw_193:": "idc282", "id___ccw_194:": "idc283", "id___ccw_195:": "idc284", "id___ccw_196:": "idc285", "id___ccw_197:": "idc286", "id___ccw_198:": "idc287", "id___ccw_199:": "idc288", "id___ccw_19:": "idc108", "id___ccw_1:": "idc90", "id___ccw_200:": "idc289", "id___ccw_201:": "idc290", "id___ccw_202:": "idc291", "id___ccw_203:": "idc292", "id___ccw_204:": "idc293", "id___ccw_205:": "idc294", "id___ccw_206:": "idc295", "id___ccw_207:": "idc296", "id___ccw_208:": "idc297", "id___ccw_209:": "idc298", "id___ccw_20:": "idc109", "id___ccw_210:": "idc299", "id___ccw_211:": "idc300", "id___ccw_212:": "idc301", "id___ccw_213:": "idc302", "id___ccw_214:": "idc303", "id___ccw_215:": "idc304", "id___ccw_216:": "idc305", "id___ccw_217:": "idc306", "id___ccw_218:": "idc307", "id___ccw_219:": "idc308", "id___ccw_21:": "idc110", "id___ccw_220:": "idc309", "id___ccw_221:": "idc310", "id___ccw_222:": "idc311", "id___ccw_223:": "idc312", "id___ccw_224:": "idc313", "id___ccw_225:": "idc314", "id___ccw_226:": "idc315", "id___ccw_227:": "idc316", "id___ccw_228:": "idc317", "id___ccw_229:": "idc318", "id___ccw_22:": "idc111", "id___ccw_230:": "idc319", "id___ccw_231:": "idc320", "id___ccw_232:": "idc321", "id___ccw_233:": "idc322", "id___ccw_234:": "idc323", "id___ccw_235:": "idc324", "id___ccw_236:": "idc325", "id___ccw_237:": "idc326", "id___ccw_238:": "idc327", "id___ccw_239:": "idc328", "id___ccw_23:": "idc112", "id___ccw_240:": "idc329", "id___ccw_241:": "idc330", "id___ccw_242:": "idc331", "id___ccw_243:": "idc332", "id___ccw_244:": "idc333", "id___ccw_245:": "idc334", "id___ccw_246:": "idc335", "id___ccw_247:": "idc336", "id___ccw_248:": "idc337", "id___ccw_249:": "idc338", "id___ccw_24:": "idc113", "id___ccw_250:": "idc339", "id___ccw_251:": "idc340", "id___ccw_252:": "idc341", "id___ccw_253:": "idc342", "id___ccw_254:": "idc343", "id___ccw_255:": "idc344", "id___ccw_25:": "idc114", "id___ccw_26:": "idc115", "id___ccw_27:": "idc116", "id___ccw_28:": "idc117", "id___ccw_29:": "idc118", "id___ccw_2:": "idc91", "id___ccw_30:": "idc119", "id___ccw_31:": "idc120", "id___ccw_32:": "idc121", "id___ccw_33:": "idc122", "id___ccw_34:": "idc123", "id___ccw_35:": "idc124", "id___ccw_36:": "idc125", "id___ccw_37:": "idc126", "id___ccw_38:": "idc127", "id___ccw_39:": "idc128", "id___ccw_3:": "idc92", "id___ccw_40:": "idc129", "id___ccw_41:": "idc130", "id___ccw_42:": "idc131", "id___ccw_43:": "idc132", "id___ccw_44:": "idc133", "id___ccw_45:": "idc134", "id___ccw_46:": "idc135", "id___ccw_47:": "idc136", "id___ccw_48:": "idc137", "id___ccw_49:": "idc138", "id___ccw_4:": "idc93", "id___ccw_50:": "idc139", "id___ccw_51:": "idc140", "id___ccw_52:": "idc141", "id___ccw_53:": "idc142", "id___ccw_54:": "idc143", "id___ccw_55:": "idc144", "id___ccw_56:": "idc145", "id___ccw_57:": "idc146", "id___ccw_58:": "idc147", "id___ccw_59:": "idc148", "id___ccw_5:": "idc94", "id___ccw_60:": "idc149", "id___ccw_61:": "idc150", "id___ccw_62:": "idc151", "id___ccw_63:": "idc152", "id___ccw_64:": "idc153", "id___ccw_65:": "idc154", "id___ccw_66:": "idc155", "id___ccw_67:": "idc156", "id___ccw_68:": "idc157", "id___ccw_69:": "idc158", "id___ccw_6:": "idc95", "id___ccw_70:": "idc159", "id___ccw_71:": "idc160", "id___ccw_72:": "idc161", "id___ccw_73:": "idc162", "id___ccw_74:": "idc163", "id___ccw_75:": "idc164", "id___ccw_76:": "idc165", "id___ccw_77:": "idc166", "id___ccw_78:": "idc167", "id___ccw_79:": "idc168", "id___ccw_7:": "idc96", "id___ccw_80:": "idc169", "id___ccw_81:": "idc170", "id___ccw_82:": "idc171", "id___ccw_83:": "idc172", "id___ccw_84:": "idc173", "id___ccw_85:": "idc174", "id___ccw_86:": "idc175", "id___ccw_87:": "idc176", "id___ccw_88:": "idc177", "id___ccw_89:": "idc178", "id___ccw_8:": "idc97", "id___ccw_90:": "idc179", "id___ccw_91:": "idc180", "id___ccw_92:": "idc181", "id___ccw_93:": "idc182", "id___ccw_94:": "idc183", "id___ccw_95:": "idc184", "id___ccw_96:": "idc185", "id___ccw_97:": "idc186", "id___ccw_98:": "idc187", "id___ccw_99:": "idc188", "id___ccw_9:": "idc98", "id__start:": "idc86", "id_add64": "idc2", "id_and64": "idc6", "id_call": "idc29", "id_callm": "idc31", "id_callr": "idc30", "id_cvtdi": "idc65", "id_cvtds": "idc68", "id_cvtdu": "idc66", "id_cvtid": "idc61", "id_cvtis": "idc63", "id_cvtsd": "idc67", "id_cvtud": "idc62", "id_cvtus": "idc64", "id_eq": "idc19", "id_exit": "idc88", "id_fadd32": "idc54", "id_fadd64": "idc47", "id_fdiv32": "idc57", "id_fdiv64": "idc50", "id_feq32": "idc60", "id_feq64": "idc53", "id_fle32": "idc59", "id_fle64": "idc52", "id_flt32": "idc58", "id_flt64": "idc51", "id_fmul32": "idc56", "id_fmul64": "idc49", "id_fsqrt32": "idc70", "id_fsqrt64": "idc69", "id_fsub32": "idc55", "id_fsub64": "idc48", "id_imm": "idc0", "id_jump": "idc27", "id_jumpz": "idc28", "id_load64": "idc21", "id_lshr64": "idc10", "id_mov": "idc1", "id_mul64": "idc4", "id_ne": "idc20", "id_nop": "idc46", "id_or64": "idc7", "id_r0": "idc71", "id_r1": "idc72", "id_r2": "idc73", "id_r3": "idc74", "id_r4": "idc75", "id_r5": "idc76", "id_r6": "idc77", "id_r7": "idc78", "id_ret": "idc36", "id_shl64": "idc8", "id_shr64": "idc9", "id_sle64": "idc16", "id_slt64": "idc15", "id_store64": "idc22", "id_sub64": "idc3", "id_ule64": "idc18", "id_ult64": "idc17", "id_write": "idc87", "id_xor64": "idc5"}, "ids": {"-8": "idc85", ".arg": "idc38", ".argc": "idc44", ".argv": "idc45", ".div": "idc11", ".exit": "idc41", ".frame": "idc37", ".hostaddr": "idc35", ".hostcall": "idc32", ".ld": "idc23", ".lea": "idc25", ".libraryaddr": "idc34", ".librarycall": "idc33", ".mod": "idc12", ".print": "idc39", ".st": "idc24", ".sys": "idc42", ".sys6": "idc43", ".udiv": "idc13", ".umod": "idc14", ".write": "idc40", ".zero": "idc26", "0": "idc79", "1": "idc80", "2": "idc81", "3": "idc82", "4": "idc83", "8": "idc84", "__ccw_0:": "idc89", "__ccw_100:": "idc189", "__ccw_101:": "idc190", "__ccw_102:": "idc191", "__ccw_103:": "idc192", "__ccw_104:": "idc193", "__ccw_105:": "idc194", "__ccw_106:": "idc195", "__ccw_107:": "idc196", "__ccw_108:": "idc197", "__ccw_109:": "idc198", "__ccw_10:": "idc99", "__ccw_110:": "idc199", "__ccw_111:": "idc200", "__ccw_112:": "idc201", "__ccw_113:": "idc202", "__ccw_114:": "idc203", "__ccw_115:": "idc204", "__ccw_116:": "idc205", "__ccw_117:": "idc206", "__ccw_118:": "idc207", "__ccw_119:": "idc208", "__ccw_11:": "idc100", "__ccw_120:": "idc209", "__ccw_121:": "idc210", "__ccw_122:": "idc211", "__ccw_123:": "idc212", "__ccw_124:": "idc213", "__ccw_125:": "idc214", "__ccw_126:": "idc215", "__ccw_127:": "idc216", "__ccw_128:": "idc217", "__ccw_129:": "idc218", "__ccw_12:": "idc101", "__ccw_130:": "idc219", "__ccw_131:": "idc220", "__ccw_132:": "idc221", "__ccw_133:": "idc222", "__ccw_134:": "idc223", "__ccw_135:": "idc224", "__ccw_136:": "idc225", "__ccw_137:": "idc226", "__ccw_138:": "idc227", "__ccw_139:": "idc228", "__ccw_13:": "idc102", "__ccw_140:": "idc229", "__ccw_141:": "idc230", "__ccw_142:": "idc231", "__ccw_143:": "idc232", "__ccw_144:": "idc233", "__ccw_145:": "idc234", "__ccw_146:": "idc235", "__ccw_147:": "idc236", "__ccw_148:": "idc237", "__ccw_149:": "idc238", "__ccw_14:": "idc103", "__ccw_150:": "idc239", "__ccw_151:": "idc240", "__ccw_152:": "idc241", "__ccw_153:": "idc242", "__ccw_154:": "idc243", "__ccw_155:": "idc244", "__ccw_156:": "idc245", "__ccw_157:": "idc246", "__ccw_158:": "idc247", "__ccw_159:": "idc248", "__ccw_15:": "idc104", "__ccw_160:": "idc249", "__ccw_161:": "idc250", "__ccw_162:": "idc251", "__ccw_163:": "idc252", "__ccw_164:": "idc253", "__ccw_165:": "idc254", "__ccw_166:": "idc255", "__ccw_167:": "idc256", "__ccw_168:": "idc257", "__ccw_169:": "idc258", "__ccw_16:": "idc105", "__ccw_170:": "idc259", "__ccw_171:": "idc260", "__ccw_172:": "idc261", "__ccw_173:": "idc262", "__ccw_174:": "idc263", "__ccw_175:": "idc264", "__ccw_176:": "idc265", "__ccw_177:": "idc266", "__ccw_178:": "idc267", "__ccw_179:": "idc268", "__ccw_17:": "idc106", "__ccw_180:": "idc269", "__ccw_181:": "idc270", "__ccw_182:": "idc271", "__ccw_183:": "idc272", "__ccw_184:": "idc273", "__ccw_185:": "idc274", "__ccw_186:": "idc275", "__ccw_187:": "idc276", "__ccw_188:": "idc277", "__ccw_189:": "idc278", "__ccw_18:": "idc107", "__ccw_190:": "idc279", "__ccw_191:": "idc280", "__ccw_192:": "idc281", "__ccw_193:": "idc282", "__ccw_194:": "idc283", "__ccw_195:": "idc284", "__ccw_196:": "idc285", "__ccw_197:": "idc286", "__ccw_198:": "idc287", "__ccw_199:": "idc288", "__ccw_19:": "idc108", "__ccw_1:": "idc90", "__ccw_200:": "idc289", "__ccw_201:": "idc290", "__ccw_202:": "idc291", "__ccw_203:": "idc292", "__ccw_204:": "idc293", "__ccw_205:": "idc294", "__ccw_206:": "idc295", "__ccw_207:": "idc296", "__ccw_208:": "idc297", "__ccw_209:": "idc298", "__ccw_20:": "idc109", "__ccw_210:": "idc299", "__ccw_211:": "idc300", "__ccw_212:": "idc301", "__ccw_213:": "idc302", "__ccw_214:": "idc303", "__ccw_215:": "idc304", "__ccw_216:": "idc305", "__ccw_217:": "idc306", "__ccw_218:": "idc307", "__ccw_219:": "idc308", "__ccw_21:": "idc110", "__ccw_220:": "idc309", "__ccw_221:": "idc310", "__ccw_222:": "idc311", "__ccw_223:": "idc312", "__ccw_224:": "idc313", "__ccw_225:": "idc314", "__ccw_226:": "idc315", "__ccw_227:": "idc316", "__ccw_228:": "idc317", "__ccw_229:": "idc318", "__ccw_22:": "idc111", "__ccw_230:": "idc319", "__ccw_231:": "idc320", "__ccw_232:": "idc321", "__ccw_233:": "idc322", "__ccw_234:": "idc323", "__ccw_235:": "idc324", "__ccw_236:": "idc325", "__ccw_237:": "idc326", "__ccw_238:": "idc327", "__ccw_239:": "idc328", "__ccw_23:": "idc112", "__ccw_240:": "idc329", "__ccw_241:": "idc330", "__ccw_242:": "idc331", "__ccw_243:": "idc332", "__ccw_244:": "idc333", "__ccw_245:": "idc334", "__ccw_246:": "idc335", "__ccw_247:": "idc336", "__ccw_248:": "idc337", "__ccw_249:": "idc338", "__ccw_24:": "idc113", "__ccw_250:": "idc339", "__ccw_251:": "idc340", "__ccw_252:": "idc341", "__ccw_253:": "idc342", "__ccw_254:": "idc343", "__ccw_255:": "idc344", "__ccw_25:": "idc114", "__ccw_26:": "idc115", "__ccw_27:": "idc116", "__ccw_28:": "idc117", "__ccw_29:": "idc118", "__ccw_2:": "idc91", "__ccw_30:": "idc119", "__ccw_31:": "idc120", "__ccw_32:": "idc121", "__ccw_33:": "idc122", "__ccw_34:": "idc123", "__ccw_35:": "idc124", "__ccw_36:": "idc125", "__ccw_37:": "idc126", "__ccw_38:": "idc127", "__ccw_39:": "idc128", "__ccw_3:": "idc92", "__ccw_40:": "idc129", "__ccw_41:": "idc130", "__ccw_42:": "idc131", "__ccw_43:": "idc132", "__ccw_44:": "idc133", "__ccw_45:": "idc134", "__ccw_46:": "idc135", "__ccw_47:": "idc136", "__ccw_48:": "idc137", "__ccw_49:": "idc138", "__ccw_4:": "idc93", "__ccw_50:": "idc139", "__ccw_51:": "idc140", "__ccw_52:": "idc141", "__ccw_53:": "idc142", "__ccw_54:": "idc143", "__ccw_55:": "idc144", "__ccw_56:": "idc145", "__ccw_57:": "idc146", "__ccw_58:": "idc147", "__ccw_59:": "idc148", "__ccw_5:": "idc94", "__ccw_60:": "idc149", "__ccw_61:": "idc150", "__ccw_62:": "idc151", "__ccw_63:": "idc152", "__ccw_64:": "idc153", "__ccw_65:": "idc154", "__ccw_66:": "idc155", "__ccw_67:": "idc156", "__ccw_68:": "idc157", "__ccw_69:": "idc158", "__ccw_6:": "idc95", "__ccw_70:": "idc159", "__ccw_71:": "idc160", "__ccw_72:": "idc161", "__ccw_73:": "idc162", "__ccw_74:": "idc163", "__ccw_75:": "idc164", "__ccw_76:": "idc165", "__ccw_77:": "idc166", "__ccw_78:": "idc167", "__ccw_79:": "idc168", "__ccw_7:": "idc96", "__ccw_80:": "idc169", "__ccw_81:": "idc170", "__ccw_82:": "idc171", "__ccw_83:": "idc172", "__ccw_84:": "idc173", "__ccw_85:": "idc174", "__ccw_86:": "idc175", "__ccw_87:": "idc176", "__ccw_88:": "idc177", "__ccw_89:": "idc178", "__ccw_8:": "idc97", "__ccw_90:": "idc179", "__ccw_91:": "idc180", "__ccw_92:": "idc181", "__ccw_93:": "idc182", "__ccw_94:": "idc183", "__ccw_95:": "idc184", "__ccw_96:": "idc185", "__ccw_97:": "idc186", "__ccw_98:": "idc187", "__ccw_99:": "idc188", "__ccw_9:": "idc98", "_start:": "idc86", "add64": "idc2", "and64": "idc6", "call": "idc29", "callm": "idc31", "callr": "idc30", "cvtdi": "idc65", "cvtds": "idc68", "cvtdu": "idc66", "cvtid": "idc61", "cvtis": "idc63", "cvtsd": "idc67", "cvtud": "idc62", "cvtus": "idc64", "eq": "idc19", "exit": "idc88", "fadd32": "idc54", "fadd64": "idc47", "fdiv32": "idc57", "fdiv64": "idc50", "feq32": "idc60", "feq64": "idc53", "fle32": "idc59", "fle64": "idc52", "flt32": "idc58", "flt64": "idc51", "fmul32": "idc56", "fmul64": "idc49", "fsqrt32": "idc70", "fsqrt64": "idc69", "fsub32": "idc55", "fsub64": "idc48", "imm": "idc0", "jump": "idc27", "jumpz": "idc28", "load64": "idc21", "lshr64": "idc10", "mov": "idc1", "mul64": "idc4", "ne": "idc20", "nop": "idc46", "or64": "idc7", "r0": "idc71", "r1": "idc72", "r2": "idc73", "r3": "idc74", "r4": "idc75", "r5": "idc76", "r6": "idc77", "r7": "idc78", "ret": "idc36", "shl64": "idc8", "shr64": "idc9", "sle64": "idc16", "slt64": "idc15", "store64": "idc22", "sub64": "idc3", "ule64": "idc18", "ult64": "idc17", "write": "idc87", "xor64": "idc5"}, "process_flag": "false", "reg_r0": "rax", "reg_r1": "rdi", "reg_r2": "rsi", "reg_r3": "rdx", "reg_r4": "rcx", "reg_r5": "r8", "reg_r6": "r9", "reg_r7": "rsp", "reloc_call": "rel32", "reloc_jmp": "rel32", "reloc_jz": "rel32", "s0": "r11", "s1": "rbx", "scratch": "r11", "target": "win/x86_64"}}
